scripts/run_six_behaviors.sh: 成功
scripts/env.sh: 成功
install/arena_humble_compat/lib/python3.11/site-packages/arena_humble_compat/hunav_six_behaviors_bridge.py: 成功
config/generated/jackal.urdf: 成功
install/arena_simulation_setup/share/arena_simulation_setup/configs/nav2/nav2.yaml: 成功
install/arena_simulation_setup/share/arena_simulation_setup/entities/robots/jackal/model_params.yaml: 成功
.conda/arena_ros/lib/libcontroller_server_core.so: 成功
Arena workspace: /home/lpc/workspace/arena5_ws
ROS 2: humble (domain 98)
Isaac Sim: /home/lpc/miniforge3/envs/isaaclab/lib/python3.11/site-packages/isaacsim
WebRTC endpoint: 10.16.205.165:49398 (UDP 48398)
Foxglove WebSocket: 127.0.0.1:8998
Starting Arena MPC on GPU 0 (22658 MiB free), ROS domain 98
MPC command chain: controller_server -> velocity_smoother -> watchdog -> /cmd_vel
MPC scenario: empty
Logs: /home/lpc/workspace/arena5_mpc_ws/logs/runs/20260908_211716_mpc_gpu0
[INFO] [launch]: All log files can be found below /home/lpc/workspace/arena5_mpc_ws/logs/runs/20260908_211716_mpc_gpu0/ros/2026-09-08-21-17-16-681851-root123-desktop-2490815
[INFO] [launch]: Default logging verbosity is set to INFO
[WARNING] [launch_ros.actions.node]: Failed to load entry point 'NodeLogLevelExtension': No module named 'arena_bringup.extensions'
[WARNING] [launch_ros.actions.node]: Failed to load entry point 'NodeLogLevelExtension': No module named 'arena_bringup.extensions'
[WARNING] [launch_ros.actions.node]: Failed to load entry point 'NodeLogLevelExtension': No module named 'arena_bringup.extensions'
[WARNING] [launch_ros.actions.node]: Failed to load entry point 'NodeLogLevelExtension': No module named 'arena_bringup.extensions'
[WARNING] [launch_ros.actions.node]: Failed to load entry point 'NodeLogLevelExtension': No module named 'arena_bringup.extensions'
[WARNING] [launch_ros.actions.node]: Failed to load entry point 'NodeLogLevelExtension': No module named 'arena_bringup.extensions'
[WARNING] [launch_ros.actions.node]: Failed to load entry point 'NodeLogLevelExtension': No module named 'arena_bringup.extensions'
[WARNING] [launch_ros.actions.node]: Failed to load entry point 'NodeLogLevelExtension': No module named 'arena_bringup.extensions'
[WARNING] [launch_ros.actions.node]: Failed to load entry point 'NodeLogLevelExtension': No module named 'arena_bringup.extensions'
[WARNING] [launch_ros.actions.node]: Failed to load entry point 'NodeLogLevelExtension': No module named 'arena_bringup.extensions'
[WARNING] [launch_ros.actions.node]: Failed to load entry point 'NodeLogLevelExtension': No module named 'arena_bringup.extensions'
[WARNING] [launch_ros.actions.node]: Failed to load entry point 'NodeLogLevelExtension': No module named 'arena_bringup.extensions'
[WARNING] [launch_ros.actions.node]: Failed to load entry point 'NodeLogLevelExtension': No module named 'arena_bringup.extensions'
[WARNING] [launch_ros.actions.node]: Failed to load entry point 'NodeLogLevelExtension': No module named 'arena_bringup.extensions'
[WARNING] [launch_ros.actions.node]: Failed to load entry point 'NodeLogLevelExtension': No module named 'arena_bringup.extensions'
[WARNING] [launch_ros.actions.node]: Failed to load entry point 'NodeLogLevelExtension': No module named 'arena_bringup.extensions'
[WARNING] [launch_ros.actions.node]: Failed to load entry point 'NodeLogLevelExtension': No module named 'arena_bringup.extensions'
[WARNING] [launch_ros.actions.node]: Failed to load entry point 'NodeLogLevelExtension': No module named 'arena_bringup.extensions'
[WARNING] [launch_ros.actions.node]: Failed to load entry point 'NodeLogLevelExtension': No module named 'arena_bringup.extensions'
[WARNING] [launch_ros.actions.node]: Failed to load entry point 'NodeLogLevelExtension': No module named 'arena_bringup.extensions'
[WARNING] [launch_ros.actions.node]: Failed to load entry point 'NodeLogLevelExtension': No module named 'arena_bringup.extensions'
[WARNING] [launch_ros.actions.node]: Failed to load entry point 'NodeLogLevelExtension': No module named 'arena_bringup.extensions'
[WARNING] [launch_ros.actions.node]: Failed to load entry point 'NodeLogLevelExtension': No module named 'arena_bringup.extensions'
[INFO] [python-1]: process started with pid [2491079]
[INFO] [scene_bridge-2]: process started with pid [2491081]
[INFO] [robot_state_publisher-3]: process started with pid [2491083]
[INFO] [empty_human_states.py-4]: process started with pid [2491085]
[INFO] [map_server-5]: process started with pid [2491087]
[INFO] [lifecycle_manager-6]: process started with pid [2491089]
[INFO] [controller_server-7]: process started with pid [2491091]
[INFO] [smoother_server-8]: process started with pid [2491093]
[INFO] [planner_server-9]: process started with pid [2491095]
[INFO] [behavior_server-10]: process started with pid [2491097]
[INFO] [bt_navigator-11]: process started with pid [2491099]
[INFO] [waypoint_follower-12]: process started with pid [2491101]
[INFO] [velocity_smoother-13]: process started with pid [2491103]
[INFO] [lifecycle_manager-14]: process started with pid [2491105]
[INFO] [mpc_command_watchdog-15]: process started with pid [2491107]
[robot_state_publisher-3] [WARN] [1788873437.276444284] [robot_state_publisher]: No robot_description parameter, but command-line argument available.  Assuming argument is name of URDF file.  This backwards compatibility fallback will be removed in the future.
[robot_state_publisher-3] [INFO] [1788873437.281298393] [robot_state_publisher]: got segment base_link
[robot_state_publisher-3] [INFO] [1788873437.281329282] [robot_state_publisher]: got segment chassis_link
[robot_state_publisher-3] [INFO] [1788873437.281335795] [robot_state_publisher]: got segment front_fender_link
[robot_state_publisher-3] [INFO] [1788873437.281341433] [robot_state_publisher]: got segment front_left_wheel_link
[robot_state_publisher-3] [INFO] [1788873437.281347802] [robot_state_publisher]: got segment front_mount
[robot_state_publisher-3] [INFO] [1788873437.281353056] [robot_state_publisher]: got segment front_right_wheel_link
[robot_state_publisher-3] [INFO] [1788873437.281359044] [robot_state_publisher]: got segment imu_link
[robot_state_publisher-3] [INFO] [1788873437.281364478] [robot_state_publisher]: got segment lidar_link
[robot_state_publisher-3] [INFO] [1788873437.281369528] [robot_state_publisher]: got segment mid_mount
[robot_state_publisher-3] [INFO] [1788873437.281374410] [robot_state_publisher]: got segment navsat_link
[robot_state_publisher-3] [INFO] [1788873437.281379347] [robot_state_publisher]: got segment rear_fender_link
[robot_state_publisher-3] [INFO] [1788873437.281384657] [robot_state_publisher]: got segment rear_left_wheel_link
[robot_state_publisher-3] [INFO] [1788873437.281390153] [robot_state_publisher]: got segment rear_mount
[robot_state_publisher-3] [INFO] [1788873437.281395006] [robot_state_publisher]: got segment rear_right_wheel_link
[bt_navigator-11] [INFO] [1788873437.289945501] [bt_navigator]: 
[bt_navigator-11] 	bt_navigator lifecycle node launched. 
[bt_navigator-11] 	Waiting on external lifecycle transitions to activate
[bt_navigator-11] 	See https://design.ros2.org/articles/node_lifecycle.html for more information.
[bt_navigator-11] [INFO] [1788873437.290082781] [bt_navigator]: Creating
[lifecycle_manager-14] [INFO] [1788873437.296390252] [lifecycle_manager_navigation]: Creating
[controller_server-7] [INFO] [1788873437.297395222] [controller_server]: 
[controller_server-7] 	controller_server lifecycle node launched. 
[controller_server-7] 	Waiting on external lifecycle transitions to activate
[controller_server-7] 	See https://design.ros2.org/articles/node_lifecycle.html for more information.
[lifecycle_manager-14] [INFO] [1788873437.300295819] [lifecycle_manager_navigation]: [34m[1mCreating and initializing lifecycle service clients[0m[0m
[map_server-5] [INFO] [1788873437.300486232] [map_server]: 
[map_server-5] 	map_server lifecycle node launched. 
[map_server-5] 	Waiting on external lifecycle transitions to activate
[map_server-5] 	See https://design.ros2.org/articles/node_lifecycle.html for more information.
[map_server-5] [INFO] [1788873437.300532552] [map_server]: Creating
[velocity_smoother-13] [INFO] [1788873437.301280440] [velocity_smoother]: 
[velocity_smoother-13] 	velocity_smoother lifecycle node launched. 
[velocity_smoother-13] 	Waiting on external lifecycle transitions to activate
[velocity_smoother-13] 	See https://design.ros2.org/articles/node_lifecycle.html for more information.
[lifecycle_manager-6] [INFO] [1788873437.301639671] [lifecycle_manager_map]: Creating
[behavior_server-10] [INFO] [1788873437.305485570] [behavior_server]: 
[behavior_server-10] 	behavior_server lifecycle node launched. 
[behavior_server-10] 	Waiting on external lifecycle transitions to activate
[behavior_server-10] 	See https://design.ros2.org/articles/node_lifecycle.html for more information.
[controller_server-7] [INFO] [1788873437.306095541] [controller_server]: Creating controller server
[lifecycle_manager-6] [INFO] [1788873437.307069753] [lifecycle_manager_map]: [34m[1mCreating and initializing lifecycle service clients[0m[0m
[waypoint_follower-12] [INFO] [1788873437.308533632] [waypoint_follower]: 
[waypoint_follower-12] 	waypoint_follower lifecycle node launched. 
[waypoint_follower-12] 	Waiting on external lifecycle transitions to activate
[waypoint_follower-12] 	See https://design.ros2.org/articles/node_lifecycle.html for more information.
[waypoint_follower-12] [INFO] [1788873437.310052251] [waypoint_follower]: Creating
[smoother_server-8] [INFO] [1788873437.311395332] [smoother_server]: 
[smoother_server-8] 	smoother_server lifecycle node launched. 
[smoother_server-8] 	Waiting on external lifecycle transitions to activate
[smoother_server-8] 	See https://design.ros2.org/articles/node_lifecycle.html for more information.
[planner_server-9] [INFO] [1788873437.311690213] [planner_server]: 
[planner_server-9] 	planner_server lifecycle node launched. 
[planner_server-9] 	Waiting on external lifecycle transitions to activate
[planner_server-9] 	See https://design.ros2.org/articles/node_lifecycle.html for more information.
[smoother_server-8] [INFO] [1788873437.314609485] [smoother_server]: Creating smoother server
[planner_server-9] [INFO] [1788873437.315919895] [planner_server]: Creating
[lifecycle_manager-6] [INFO] [1788873437.332397697] [lifecycle_manager_map]: [34m[1mStarting managed nodes bringup...[0m[0m
[lifecycle_manager-6] [INFO] [1788873437.332497584] [lifecycle_manager_map]: [34m[1mConfiguring map_server[0m[0m
[controller_server-7] [INFO] [1788873437.341562548] [local_costmap.local_costmap]: 
[controller_server-7] 	local_costmap lifecycle node launched. 
[controller_server-7] 	Waiting on external lifecycle transitions to activate
[controller_server-7] 	See https://design.ros2.org/articles/node_lifecycle.html for more information.
[controller_server-7] [INFO] [1788873437.342186841] [local_costmap.local_costmap]: Creating Costmap
[planner_server-9] [INFO] [1788873437.359551004] [global_costmap.global_costmap]: 
[planner_server-9] 	global_costmap lifecycle node launched. 
[planner_server-9] 	Waiting on external lifecycle transitions to activate
[planner_server-9] 	See https://design.ros2.org/articles/node_lifecycle.html for more information.
[planner_server-9] [INFO] [1788873437.361283795] [global_costmap.global_costmap]: Creating Costmap
[mpc_command_watchdog-15] [WARN] [1788873437.368875096] [mpc_command_watchdog]: publishing zero command: controller_status
[map_server-5] [INFO] [1788873437.469537292] [map_server]: Configuring
[map_server-5] [INFO] [1788873437.469612839] [map_io]: Loading yaml file: /home/lpc/workspace/arena5_ws/install/arena_simulation_setup/share/arena_simulation_setup/worlds/map_empty/map/map.yaml
[map_server-5] [INFO] [1788873437.470148521] [map_io]: resolution: 0.05
[map_server-5] [INFO] [1788873437.470162120] [map_io]: origin[0]: 0
[map_server-5] [INFO] [1788873437.470168863] [map_io]: origin[1]: 0
[map_server-5] [INFO] [1788873437.470175115] [map_io]: origin[2]: 0
[map_server-5] [INFO] [1788873437.470181978] [map_io]: free_thresh: 0.196
[map_server-5] [INFO] [1788873437.470188893] [map_io]: occupied_thresh: 0.65
[map_server-5] [INFO] [1788873437.470195184] [map_io]: mode: trinary
[map_server-5] [INFO] [1788873437.470201494] [map_io]: negate: 0
[map_server-5] [INFO] [1788873437.470876985] [map_io]: Loading image_file: /home/lpc/workspace/arena5_ws/install/arena_simulation_setup/share/arena_simulation_setup/worlds/map_empty/map/map.png
[lifecycle_manager-14] [INFO] [1788873437.520321866] [lifecycle_manager_navigation]: [34m[1mStarting managed nodes bringup...[0m[0m
[lifecycle_manager-14] [INFO] [1788873437.520383221] [lifecycle_manager_navigation]: [34m[1mConfiguring controller_server[0m[0m
[controller_server-7] [INFO] [1788873437.520578991] [controller_server]: Configuring controller interface
[controller_server-7] [INFO] [1788873437.520755633] [controller_server]: getting goal checker plugins..
[controller_server-7] [INFO] [1788873437.520955742] [controller_server]: Controller frequency set to 10.0000Hz
[controller_server-7] [INFO] [1788873437.520994363] [local_costmap.local_costmap]: Configuring
[controller_server-7] [INFO] [1788873437.526095912] [local_costmap.local_costmap]: Using plugin "voxel_layer"
[controller_server-7] [INFO] [1788873437.529305108] [local_costmap.local_costmap]: Subscribed to Topics: lidar
[controller_server-7] [INFO] [1788873437.535041758] [local_costmap.local_costmap]: Initialized plugin "voxel_layer"
[controller_server-7] [INFO] [1788873437.535064098] [local_costmap.local_costmap]: Using plugin "inflation_layer"
[controller_server-7] [INFO] [1788873437.535441990] [local_costmap.local_costmap]: Initialized plugin "inflation_layer"
[controller_server-7] [INFO] [1788873437.541341699] [controller_server]: Created progress_checker : progress_checker of type nav2_controller::SimpleProgressChecker
[controller_server-7] [INFO] [1788873437.541926485] [controller_server]: Created goal checker : goal_checker of type nav2_controller::SimpleGoalChecker
[controller_server-7] [INFO] [1788873437.542112907] [controller_server]: Controller Server has goal_checker  goal checkers available.
[map_server-5] [INFO] [1788873437.543936515] [map_io]: Read map /home/lpc/workspace/arena5_ws/install/arena_simulation_setup/share/arena_simulation_setup/worlds/map_empty/map/map.png: 626 X 481 map @ 0.05 m/cell
[lifecycle_manager-6] [INFO] [1788873437.553446170] [lifecycle_manager_map]: [34m[1mActivating map_server[0m[0m
[map_server-5] [INFO] [1788873437.553597479] [map_server]: Activating
[map_server-5] [INFO] [1788873437.554039686] [map_server]: Creating bond (map_server) to lifecycle manager.
[controller_server-7] [INFO] [1788873437.593017394] [controller_server]: Created controller : FollowPath of type arena_mpc_controller::MpcController
[lifecycle_manager-6] [INFO] [1788873437.661032080] [lifecycle_manager_map]: Server map_server connected with bond.
[lifecycle_manager-6] [INFO] [1788873437.661121532] [lifecycle_manager_map]: [34m[1mManaged nodes are active[0m[0m
[lifecycle_manager-6] [INFO] [1788873437.661154778] [lifecycle_manager_map]: [34m[1mCreating bond timer...[0m[0m
[controller_server-7] [INFO] [1788873438.230359273] [controller_server]: Configured FollowPath: CasADi graph N=25 dynamic_slots=8 build occurs outside control loop
[controller_server-7] [INFO] [1788873438.230404387] [controller_server]: Controller Server has FollowPath  controllers available.
[lifecycle_manager-14] [INFO] [1788873438.235177694] [lifecycle_manager_navigation]: [34m[1mConfiguring smoother_server[0m[0m
[smoother_server-8] [INFO] [1788873438.235486953] [smoother_server]: Configuring smoother server
[smoother_server-8] [INFO] [1788873438.253635228] [smoother_server]: Created smoother : simple_smoother of type nav2_smoother::SimpleSmoother
[smoother_server-8] [INFO] [1788873438.254120976] [smoother_server]: Smoother Server has simple_smoother  smoothers available.
[lifecycle_manager-14] [INFO] [1788873438.260839308] [lifecycle_manager_navigation]: [34m[1mConfiguring planner_server[0m[0m
[planner_server-9] [INFO] [1788873438.261096368] [planner_server]: Configuring
[planner_server-9] [INFO] [1788873438.261188962] [global_costmap.global_costmap]: Configuring
[planner_server-9] [INFO] [1788873438.272770217] [global_costmap.global_costmap]: Using plugin "static_layer"
[planner_server-9] [INFO] [1788873438.278214321] [global_costmap.global_costmap]: Subscribing to the map topic (/task_generator_node/map) with transient local durability
[planner_server-9] [INFO] [1788873438.280222687] [global_costmap.global_costmap]: Initialized plugin "static_layer"
[planner_server-9] [INFO] [1788873438.280274953] [global_costmap.global_costmap]: Using plugin "obstacle_layer"
[planner_server-9] [INFO] [1788873438.280906790] [global_costmap.global_costmap]: Subscribed to Topics: lidar
[planner_server-9] [INFO] [1788873438.285100892] [global_costmap.global_costmap]: Initialized plugin "obstacle_layer"
[planner_server-9] [INFO] [1788873438.285130017] [global_costmap.global_costmap]: Using plugin "inflation_layer"
[planner_server-9] [INFO] [1788873438.285821839] [global_costmap.global_costmap]: Initialized plugin "inflation_layer"
[planner_server-9] [INFO] [1788873438.295564873] [planner_server]: Created global planner plugin GridBased of type nav2_navfn_planner/NavfnPlanner
[planner_server-9] [INFO] [1788873438.295594106] [planner_server]: Configuring plugin GridBased of type NavfnPlanner
[planner_server-9] [INFO] [1788873438.295647644] [global_costmap.global_costmap]: StaticLayer: Resizing costmap to 626 X 481 at 0.050000 m/pix
[planner_server-9] [INFO] [1788873438.296104612] [planner_server]: Planner Server has GridBased  planners available.
[lifecycle_manager-14] [INFO] [1788873438.302659011] [lifecycle_manager_navigation]: [34m[1mConfiguring behavior_server[0m[0m
[behavior_server-10] [INFO] [1788873438.302942351] [behavior_server]: Configuring
[behavior_server-10] [INFO] [1788873438.321601650] [behavior_server]: Creating behavior plugin spin of type nav2_behaviors/Spin
[behavior_server-10] [INFO] [1788873438.323554647] [behavior_server]: Configuring spin
[behavior_server-10] [INFO] [1788873438.330029153] [behavior_server]: Creating behavior plugin backup of type nav2_behaviors/BackUp
[behavior_server-10] [INFO] [1788873438.331250682] [behavior_server]: Configuring backup
[behavior_server-10] [INFO] [1788873438.335037170] [behavior_server]: Creating behavior plugin drive_on_heading of type nav2_behaviors/DriveOnHeading
[behavior_server-10] [INFO] [1788873438.336258173] [behavior_server]: Configuring drive_on_heading
[behavior_server-10] [INFO] [1788873438.339973065] [behavior_server]: Creating behavior plugin wait of type nav2_behaviors/Wait
[behavior_server-10] [INFO] [1788873438.340905721] [behavior_server]: Configuring wait
[lifecycle_manager-14] [INFO] [1788873438.344562166] [lifecycle_manager_navigation]: [34m[1mConfiguring bt_navigator[0m[0m
[bt_navigator-11] [INFO] [1788873438.344884856] [bt_navigator]: Configuring
[lifecycle_manager-14] [INFO] [1788873438.414767752] [lifecycle_manager_navigation]: [34m[1mConfiguring waypoint_follower[0m[0m
[waypoint_follower-12] [INFO] [1788873438.415070125] [waypoint_follower]: Configuring
[waypoint_follower-12] [INFO] [1788873438.433930990] [waypoint_follower]: Created waypoint_task_executor : wait_at_waypoint of type nav2_waypoint_follower::WaitAtWaypoint
[waypoint_follower-12] [INFO] [1788873438.434177301] [waypoint_follower]: Waypoint pause duration is set to zero, disabling task executor plugin.
[lifecycle_manager-14] [INFO] [1788873438.434643753] [lifecycle_manager_navigation]: [34m[1mConfiguring velocity_smoother[0m[0m
[velocity_smoother-13] [INFO] [1788873438.434902421] [velocity_smoother]: Configuring velocity smoother
[lifecycle_manager-14] [INFO] [1788873438.441473868] [lifecycle_manager_navigation]: [34m[1mActivating controller_server[0m[0m
[controller_server-7] [INFO] [1788873438.441710578] [controller_server]: Activating
[controller_server-7] [INFO] [1788873438.441784440] [local_costmap.local_costmap]: Activating
[controller_server-7] [INFO] [1788873438.441807883] [local_costmap.local_costmap]: Checking transform
[controller_server-7] [INFO] [1788873438.441832915] [local_costmap.local_costmap]: Timed out waiting for transform from base_link to odom to become available, tf error: Invalid frame ID "odom" passed to canTransform argument target_frame - frame does not exist
[controller_server-7] [INFO] [1788873438.941911671] [local_costmap.local_costmap]: Timed out waiting for transform from base_link to odom to become available, tf error: Invalid frame ID "odom" passed to canTransform argument target_frame - frame does not exist
[python-1] [Info] [carb] Logging to file: /home/lpc/workspace/arena5_mpc_ws/logs/runs/20260908_211716_mpc_gpu0/isaac_kit.log
[python-1] 2026-09-08T13:17:17Z [3ms] [Warning] [carb.crashreporter-breakpad.plugin] [previous crash] preventing upload of minidump due to user opt-out: '/home/lpc/miniforge3/envs/isaaclab/lib/python3.11/site-packages/isaacsim/kit/data/Kit/Isaac-Sim Python/5.1/0ac5911a-264e-47a3-2a16f79d-c5b7759a.dmp'
[python-1] 2026-09-08T13:17:17Z [6ms] [Warning] [carb.crashreporter-breakpad.plugin] [previous crash] preventing upload of minidump due to user opt-out: '/home/lpc/miniforge3/envs/isaaclab/lib/python3.11/site-packages/isaacsim/kit/data/Kit/Isaac-Sim Python/5.1/873d0d6d-b3e2-40f3-6eb3df86-85c4cb14.dmp'
[python-1] 2026-09-08T13:17:17Z [7ms] [Warning] [carb.crashreporter-breakpad.plugin] [previous crash] preventing upload of minidump due to user opt-out: '/home/lpc/miniforge3/envs/isaaclab/lib/python3.11/site-packages/isaacsim/kit/data/Kit/Isaac-Sim Python/5.1/54846835-9b12-4c85-5eb92bac-99ba56c4.dmp'
[python-1] 2026-09-08T13:17:17Z [8ms] [Warning] [carb.crashreporter-breakpad.plugin] [previous crash] preventing upload of minidump due to user opt-out: '/home/lpc/miniforge3/envs/isaaclab/lib/python3.11/site-packages/isaacsim/kit/data/Kit/Isaac-Sim Python/5.1/4c7676b1-3af0-4296-87341b84-52502d37.dmp'
[python-1] 2026-09-08T13:17:17Z [13ms] [Warning] [carb.crashreporter-breakpad.plugin] [previous crash] preventing upload of minidump due to user opt-out: '/home/lpc/miniforge3/envs/isaaclab/lib/python3.11/site-packages/isaacsim/kit/data/Kit/Isaac-Sim Python/5.1/4fb36b02-970f-460e-d915d5bf-47095803.dmp'
[python-1] [0.131s] [ext: omni.kit.async_engine-0.0.3] startup
[python-1] [0.309s] [ext: omni.metrics.core-0.0.3] startup
[python-1] [0.310s] [ext: omni.client.lib-1.1.0] startup
[python-1] [0.332s] [ext: omni.blobkey-1.1.2] startup
[python-1] [0.333s] [ext: omni.stats-1.0.1] startup
[python-1] [0.334s] [ext: omni.datastore-0.0.0] startup
[python-1] [0.345s] [ext: omni.client-1.3.0] startup
[python-1] [0.352s] [ext: omni.ujitso.default-1.0.0] startup
[python-1] [0.355s] [ext: omni.hsscclient-1.1.2] startup
[python-1] [0.371s] [ext: omni.gpu_foundation.shadercache.vulkan-1.0.0] startup
[python-1] [0.378s] [ext: omni.assets.plugins-0.0.0] startup
[python-1] [0.380s] [ext: omni.gpu_foundation-0.0.0] startup
[python-1] [0.393s] [ext: carb.windowing.plugins-1.0.0] startup
[python-1] 2026-09-08T13:17:17Z [354ms] [Warning] [carb.windowing-glfw.plugin] GLFW initialization failed.
[python-1] 2026-09-08T13:17:17Z [354ms] [Warning] [carb] Failed to startup plugin carb.windowing-glfw.plugin (interfaces: [carb::windowing::IGLContext v1.0],[carb::windowing::IWindowing v1.5]) (impl: carb.windowing-glfw.plugin)
[python-1] [0.395s] [ext: omni.kit.renderer.init-0.0.0] startup
[python-1] 2026-09-08T13:17:17Z [431ms] [Warning] [omni.platforminfo.plugin] failed to open the default display.  Can't verify X Server version.
[python-1] 2026-09-08T13:17:17Z [443ms] [Warning] [carb.cudainterop.plugin] CUDA_VISIBLE_DEVICES environment variable is set.
[python-1] 2026-09-08T13:17:17Z [443ms] [Warning] [carb.cudainterop.plugin] Note CUDA device enumeration and Omniverse device enumeration are different.
[python-1] 2026-09-08T13:17:17Z [444ms] [Warning] [carb.cudainterop.plugin] Setting CUDA_VISIBLE_DEVICES can lead to undesired behavior or crashes.
[python-1] 2026-09-08T13:17:18Z [1,493ms] [Warning] [gpu.foundation.plugin] Skipping NVIDIA GPU due CUDA being in bad state: NVIDIA GeForce RTX 4090
[python-1] 2026-09-08T13:17:18Z [1,493ms] [Warning] [gpu.foundation.plugin] Please restart your system if CUDA is known to work in your system.
[python-1] 2026-09-08T13:17:18Z [1,494ms] [Warning] [gpu.foundation.plugin] Skipping NVIDIA GPU due CUDA being in bad state: NVIDIA GeForce RTX 4090
[python-1] 2026-09-08T13:17:18Z [1,494ms] [Warning] [gpu.foundation.plugin] Please restart your system if CUDA is known to work in your system.
[python-1] 2026-09-08T13:17:18Z [1,496ms] [Warning] [gpu.foundation.plugin] Skipping NVIDIA GPU due CUDA being in bad state: NVIDIA GeForce RTX 4090
[python-1] 2026-09-08T13:17:18Z [1,496ms] [Warning] [gpu.foundation.plugin] Please restart your system if CUDA is known to work in your system.
[python-1] 2026-09-08T13:17:18Z [1,496ms] [Warning] [gpu.foundation.plugin] Skipping NVIDIA GPU due CUDA being in bad state: NVIDIA GeForce RTX 4090
[python-1] 2026-09-08T13:17:18Z [1,496ms] [Warning] [gpu.foundation.plugin] Please restart your system if CUDA is known to work in your system.
[controller_server-7] [INFO] [1788873439.441918217] [local_costmap.local_costmap]: Timed out waiting for transform from base_link to odom to become available, tf error: Invalid frame ID "odom" passed to canTransform argument target_frame - frame does not exist
[python-1] 2026-09-08T13:17:18Z [1,496ms] [Warning] [gpu.foundation.plugin] Skipping NVIDIA GPU due CUDA being in bad state: NVIDIA GeForce RTX 4090
[python-1] 2026-09-08T13:17:18Z [1,496ms] [Warning] [gpu.foundation.plugin] Please restart your system if CUDA is known to work in your system.
[python-1] 2026-09-08T13:17:18Z [1,496ms] [Warning] [gpu.foundation.plugin] Skipping NVIDIA GPU due CUDA being in bad state: NVIDIA GeForce RTX 4090
[python-1] 2026-09-08T13:17:18Z [1,496ms] [Warning] [gpu.foundation.plugin] Please restart your system if CUDA is known to work in your system.
[python-1] 
[python-1] |---------------------------------------------------------------------------------------------|
[python-1] | Driver Version: 580.126.09    | Graphics API: Vulkan
[python-1] |=============================================================================================|
[python-1] | GPU | Name                             | Active | LDA | GPU Memory | Vendor-ID | LUID       |
[python-1] |     |                                  |        |     |            | Device-ID | UUID       |
[python-1] |     |                                  |        |     |            | Bus-ID    |            |
[python-1] |---------------------------------------------------------------------------------------------|
[python-1] | 0   | NVIDIA GeForce RTX 4090          | Yes: 0 |     | 24810   MB | 10de      | 0          |
[python-1] |     |                                  |        |     |            | 2684      | cff28fa1.. |
[python-1] |     |                                  |        |     |            | 31        |            |
[python-1] |---------------------------------------------------------------------------------------------|
[python-1] | 1   | NVIDIA GeForce RTX 4090          |        |     | 24810   MB | 10de      | 0          |
[python-1] |     |                                  |        |     |            | 2684      | 53d85912.. |
[python-1] |     |                                  |        |     |            | 4b        |            |
[python-1] |---------------------------------------------------------------------------------------------|
[python-1] | 2   | NVIDIA GeForce RTX 4090          |        |     | 24810   MB | 10de      | 0          |
[python-1] |     |                                  |        |     |            | 2684      | 2d2c45be.. |
[python-1] |     |                                  |        |     |            | b1        |            |
[python-1] |---------------------------------------------------------------------------------------------|
[python-1] | 3   | NVIDIA GeForce RTX 4090          |        |     | 24810   MB | 10de      | 0          |
[python-1] |     |                                  |        |     |            | 2684      | 6fc79961.. |
[python-1] |     |                                  |        |     |            | ca        |            |
[python-1] |=============================================================================================|
[python-1] | OS: 22.04.5 LTS (Jammy Jellyfish) ubuntu, Version: 22.04.5, Kernel: 6.8.0-136-generic
[python-1] | Processor: Intel(R) Xeon(R) Gold 6330 CPU @ 2.00GHz
[python-1] | Cores: 56 | Logical Cores: 112
[python-1] |---------------------------------------------------------------------------------------------|
[python-1] | Total Memory (MB): 257544 | Free Memory: 225969
[python-1] | Total Page/Swap (MB): 2047 | Free Page/Swap: 2020
[python-1] |---------------------------------------------------------------------------------------------|
[python-1] 2026-09-08T13:17:19Z [1,953ms] [Warning] [gpu.foundation.plugin] CPU performance profile is set to powersave. This profile sets the CPU to the lowest frequency reducing performance.
[python-1] 2026-09-08T13:17:19Z [1,964ms] [Warning] [gpu.foundation.plugin] IOMMU is enabled.
[python-1] 2026-09-08T13:17:19Z [1,964ms] [Warning] [gpu.foundation.plugin] Detected IOMMU is enabled. Running CUDA peer-to-peer bandwidth and latency validation.
[python-1] Unidirectional P2P=Enabled Bandwidth (P2P Writes) Matrix (GB/s)
[python-1]    D\D     0 
[python-1]      0 939.00 
[python-1] P2P=Enabled Latency (P2P Writes) Matrix (us)
[python-1]    GPU     0 
[python-1]      0   1.30 
[python-1] 
[python-1]    CPU     0 
[python-1]      0   3.82 
[python-1] [2.271s] [ext: omni.materialx.libs-1.0.7] startup
[python-1] [2.284s] [ext: omni.kit.telemetry-0.5.2] startup
[python-1] [2.343s] [ext: omni.usd.config-1.0.6] startup
[python-1] [2.351s] [ext: omni.gpucompute.plugins-0.0.0] startup
[python-1] [2.352s] [ext: omni.usd.libs-1.0.1] startup
[python-1] [2.511s] [ext: omni.kit.loop-isaac-1.3.7] startup
[controller_server-7] [INFO] [1788873439.941928006] [local_costmap.local_costmap]: Timed out waiting for transform from base_link to odom to become available, tf error: Invalid frame ID "odom" passed to canTransform argument target_frame - frame does not exist
[controller_server-7] [INFO] [1788873440.441927914] [local_costmap.local_costmap]: Timed out waiting for transform from base_link to odom to become available, tf error: Invalid frame ID "odom" passed to canTransform argument target_frame - frame does not exist
[python-1] [2.512s] [ext: omni.kit.test-2.0.1] startup
[python-1] [2.606s] [ext: omni.mdl-56.0.3] startup
[python-1] [2.724s] [ext: omni.iray.libs-0.0.0] startup
[python-1] [2.733s] [ext: omni.mdl.neuraylib-0.2.12] startup
[python-1] [2.737s] [ext: omni.kit.usd.mdl-1.1.5] startup
[python-1] [2.904s] [ext: omni.kit.pipapi-0.0.0] startup
[python-1] [2.905s] [ext: omni.appwindow-1.1.10] startup
[python-1] 2026-09-08T13:17:20Z [2,866ms] [Warning] [carb.windowing-glfw.plugin] GLFW initialization failed.
[python-1] 2026-09-08T13:17:20Z [2,866ms] [Warning] [carb] Failed to startup plugin carb.windowing-glfw.plugin (interfaces: [carb::windowing::IGLContext v1.0],[carb::windowing::IWindowing v1.5]) (impl: carb.windowing-glfw.plugin)
[python-1] [2.909s] [ext: omni.kit.renderer.core-1.1.0] startup
[python-1] 2026-09-08T13:17:20Z [2,888ms] [Warning] [carb.windowing-glfw.plugin] GLFW initialization failed.
[python-1] 2026-09-08T13:17:20Z [2,888ms] [Warning] [carb] Failed to startup plugin carb.windowing-glfw.plugin (interfaces: [carb::windowing::IGLContext v1.0],[carb::windowing::IWindowing v1.5]) (impl: carb.windowing-glfw.plugin)
[python-1] 2026-09-08T13:17:20Z [2,899ms] [Warning] [carb.windowing-glfw.plugin] GLFW initialization failed.
[python-1] 2026-09-08T13:17:20Z [2,899ms] [Warning] [carb] Failed to startup plugin carb.windowing-glfw.plugin (interfaces: [carb::windowing::IGLContext v1.0],[carb::windowing::IWindowing v1.5]) (impl: carb.windowing-glfw.plugin)
[python-1] [2.942s] [ext: omni.kit.renderer.capture-0.0.0] startup
[python-1] [2.946s] [ext: omni.kit.renderer.imgui-2.0.5] startup
[python-1] 2026-09-08T13:17:20Z [2,912ms] [Warning] [carb.windowing-glfw.plugin] GLFW initialization failed.
[python-1] 2026-09-08T13:17:20Z [2,912ms] [Warning] [carb] Failed to startup plugin carb.windowing-glfw.plugin (interfaces: [carb::windowing::IGLContext v1.0],[carb::windowing::IWindowing v1.5]) (impl: carb.windowing-glfw.plugin)
[python-1] 2026-09-08T13:17:20Z [2,914ms] [Warning] [carb.windowing-glfw.plugin] GLFW initialization failed.
[python-1] 2026-09-08T13:17:20Z [2,914ms] [Warning] [carb] Failed to startup plugin carb.windowing-glfw.plugin (interfaces: [carb::windowing::IGLContext v1.0],[carb::windowing::IWindowing v1.5]) (impl: carb.windowing-glfw.plugin)
[python-1] 2026-09-08T13:17:20Z [2,915ms] [Warning] [carb.windowing-glfw.plugin] GLFW initialization failed.
[python-1] 2026-09-08T13:17:20Z [2,915ms] [Warning] [carb] Failed to startup plugin carb.windowing-glfw.plugin (interfaces: [carb::windowing::IGLContext v1.0],[carb::windowing::IWindowing v1.5]) (impl: carb.windowing-glfw.plugin)
[python-1] [3.046s] [ext: omni.ui-2.27.1] startup
[python-1] [3.062s] [ext: omni.kit.mainwindow-1.0.3] startup
[python-1] [3.064s] [ext: carb.audio-0.1.0] startup
[python-1] [3.072s] [ext: omni.uiaudio-1.0.0] startup
[python-1] [3.073s] [ext: omni.kit.uiapp-0.0.0] startup
[python-1] [3.073s] [ext: omni.usd.schema.metrics.assembler-107.3.1] startup
[python-1] [3.078s] [ext: omni.usd.schema.physx-107.3.26] startup
[python-1] [3.132s] [ext: omni.usd.schema.geospatial-0.0.0] startup
[python-1] [3.136s] [ext: omni.usd.schema.audio-0.0.0] startup
[python-1] [3.141s] [ext: omni.usd.schema.anim-0.0.0] startup
[python-1] [3.174s] [ext: omni.usd.schema.flow-107.1.1] startup
[python-1] [3.175s] [ext: omni.usd_resolver-1.0.0] startup
[python-1] [3.181s] [ext: omni.usd.core-1.5.3] startup
[python-1] [3.185s] [ext: omni.usd.schema.omni_sensors-0.0.0] startup
[python-1] [3.218s] [ext: omni.usd.schema.semantics-0.0.0] startup
[python-1] [3.222s] [ext: omni.usd.schema.omniscripting-1.0.0] startup
[python-1] [3.229s] [ext: omni.usd.schema.omni_lens_distortion-0.0.0] startup
[python-1] [3.230s] [ext: omni.usd.schema.omnigraph-1.0.0] startup
[python-1] [3.239s] [ext: omni.kit.window.popup_dialog-2.0.24] startup
[python-1] [3.245s] [ext: omni.graph.exec-0.9.6] startup
[python-1] [3.245s] [ext: omni.kit.widget.nucleus_connector-2.0.1] startup
[python-1] [3.248s] [ext: omni.kit.usd_undo-0.1.8] startup
[python-1] [3.249s] [ext: omni.kit.exec.core-0.13.4] startup
[python-1] [3.252s] [ext: omni.kit.actions.core-1.0.0] startup
[python-1] [3.256s] [ext: omni.resourcemonitor-107.0.1] startup
[python-1] [3.260s] [ext: omni.activity.core-1.0.3] startup
[python-1] [3.262s] [ext: omni.timeline-1.0.14] startup
[python-1] [3.264s] [ext: omni.kit.commands-1.4.10] startup
[python-1] [3.270s] [ext: usdrt.scenegraph-7.6.1] startup
[python-1] [3.330s] [ext: omni.kit.audiodeviceenum-1.0.2] startup
[python-1] [3.332s] [ext: omni.hydra.usdrt_delegate-7.5.1] startup
[python-1] [3.343s] [ext: omni.hydra.scene_delegate-0.3.4] startup
[python-1] [3.350s] [ext: omni.usd-1.13.10] startup
[controller_server-7] [INFO] [1788873440.941927895] [local_costmap.local_costmap]: Timed out waiting for transform from base_link to odom to become available, tf error: Invalid frame ID "odom" passed to canTransform argument target_frame - frame does not exist
[python-1] [3.390s] [ext: omni.inspect-1.0.2] startup
[python-1] [3.392s] [ext: omni.kit.notification_manager-1.0.10] startup
[python-1] [3.394s] [ext: omni.graph.core-2.184.5] startup
[python-1] [3.398s] [ext: isaacsim.core.deprecation_manager-0.2.7] startup
[python-1] [3.399s] [ext: omni.anim.graph.schema-107.3.3] startup
[python-1] [3.409s] [ext: omni.usd.schema.isaac-3.0.5] startup
[python-1] [3.409s] [ext: omni.anim.navigation.schema-107.3.3] startup
[python-1] [3.414s] [ext: omni.kit.asset_converter-5.0.17] startup
[python-1] [3.433s] [ext: isaacsim.robot.schema-3.6.0] startup
[python-1] [3.446s] [ext: omni.usd.schema.render_settings.rtx-0.0.0] startup
[python-1] [3.448s] [ext: omni.kit.menu.core-1.1.2] startup
[python-1] [3.449s] [ext: omni.kit.widget.path_field-2.0.11] startup
[python-1] [3.450s] [ext: omni.kit.widget.context_menu-1.2.5] startup
[python-1] [3.451s] [ext: omni.kit.widget.browser_bar-2.0.10] startup
[python-1] [3.453s] [ext: omni.kit.clipboard-1.0.5] startup
[python-1] [3.454s] [ext: omni.kit.numpy.common-0.1.3] startup
[python-1] [3.456s] [ext: omni.kit.widget.options_menu-1.1.6] startup
[python-1] [3.461s] [ext: omni.kit.helper.file_utils-0.1.9] startup
[python-1] [3.463s] [ext: omni.ui.scene-1.11.5] startup
[python-1] [3.470s] [ext: omni.kit.widget.options_button-1.0.3] startup
[python-1] [3.471s] [ext: omni.kit.widget.filebrowser-2.12.3] startup
[python-1] [3.478s] [ext: omni.kit.usd.layers-2.2.11] startup
[python-1] [3.490s] [ext: omni.kit.window.filepicker-2.13.4] startup
[python-1] [3.513s] [ext: omni.kit.hotkeys.core-1.3.10] startup
[python-1] [3.518s] [ext: omni.kit.context_menu-1.8.6] startup
[python-1] [3.521s] [ext: omni.kit.property.adapter.core-1.0.2] startup
[python-1] [3.525s] [ext: omni.kit.window.file_exporter-1.0.33] startup
[python-1] [3.527s] [ext: omni.kit.widget.searchfield-1.1.8] startup
[python-1] [3.529s] [ext: omni.kit.widget.filter-1.1.4] startup
[python-1] [3.531s] [ext: omni.kit.widget.graph-2.0.0] startup
[python-1] [3.539s] [ext: omni.kit.widget.stage-3.1.4] startup
[python-1] [3.556s] [ext: omni.kit.property.adapter.usd-1.0.2] startup
[python-1] [3.558s] [ext: omni.kit.property.adapter.fabric-1.0.3] startup
[python-1] [3.559s] [ext: omni.kit.graph.delegate.default-1.2.3] startup
[python-1] [3.560s] [ext: omni.kit.window.file_importer-1.1.18] startup
[python-1] [3.562s] [ext: omni.kit.stage_template.core-1.1.22] startup
[python-1] [3.562s] [ext: omni.kit.menu.utils-2.0.5] startup
[python-1] [3.570s] [ext: omni.kit.window.file-2.0.5] startup
[python-1] [3.574s] [ext: omni.kit.widget.highlight_label-1.0.3] startup
[python-1] [3.575s] [ext: omni.kit.window.drop_support-1.0.5] startup
[python-1] [3.576s] [ext: omni.kit.window.content_browser_registry-0.0.6] startup
[python-1] [3.577s] [ext: omni.kit.window.property-1.12.1] startup
[python-1] [3.581s] [ext: omni.kit.window.content_browser-3.1.3] startup
[python-1] [3.601s] [ext: isaacsim.core.version-2.0.6] startup
[python-1] [3.602s] [ext: omni.kit.property.usd-4.5.12] startup
[python-1] [3.618s] [ext: omni.kit.graph.editor.core-1.5.3] startup
[python-1] [3.622s] [ext: omni.kit.material.library-2.0.7] startup
[python-1] [3.629s] [ext: omni.kit.graph.usd.commands-1.3.1] startup
[python-1] [3.630s] [ext: omni.kvdb-107.3.26] startup
[python-1] [3.633s] [ext: omni.usdphysics-107.3.26] startup
[python-1] [3.636s] [ext: omni.physx.foundation-107.3.26] startup
[python-1] [3.639s] [ext: omni.localcache-107.3.26] startup
[python-1] [3.641s] [ext: omni.convexdecomposition-107.3.26] startup
[python-1] [3.646s] [ext: omni.physics-107.3.26] startup
[python-1] [3.650s] [ext: omni.physx.cooking-107.3.26] startup
[python-1] [3.655s] [ext: omni.physics.stageupdate-107.3.26] startup
[python-1] [3.658s] [ext: omni.physx-107.3.26] startup
[python-1] [3.674s] [ext: omni.index.libs-380600.8087.0] startup
[python-1] [3.674s] [ext: omni.physics.physx-107.3.26] startup
[python-1] 2026-09-08T13:17:21Z [3,636ms] [Warning] [carb] Acquiring non optional plugin interface which is not listed as dependency: [omni::physx::IPhysxBenchmarks v1.0] (plugin: <default plugin>), by client: omni.physics.physx.plugin. Add it to CARB_PLUGIN_IMPL_DEPS() macro of a client.
[python-1] [3.677s] [ext: omni.index-1.0.1] startup
[python-1] [3.678s] [ext: omni.volume-0.5.2] startup
[python-1] [3.682s] [ext: omni.ujitso.client-0.0.0] startup
[python-1] [3.683s] [ext: omni.hydra.rtx.shadercache.vulkan-1.0.0] startup
[python-1] [3.685s] [ext: omni.kit.widget.searchable_combobox-1.0.6] startup
[python-1] [3.686s] [ext: omni.hydra.rtx-1.0.0] startup
[python-1] 2026-09-08T13:17:21Z [3,676ms] [Warning] [omni.log] Source: omni.hydra was already registered.
[python-1] [3.744s] [ext: omni.kit.widget.settings-1.2.6] startup
[python-1] [3.748s] [ext: omni.kit.hydra_texture-1.4.6] startup
[python-1] [3.753s] [ext: omni.graph.tools-1.79.2] startup
[controller_server-7] [INFO] [1788873441.441914180] [local_costmap.local_costmap]: Timed out waiting for transform from base_link to odom to become available, tf error: Invalid frame ID "odom" passed to canTransform argument target_frame - frame does not exist
[controller_server-7] [INFO] [1788873441.941929314] [local_costmap.local_costmap]: Timed out waiting for transform from base_link to odom to become available, tf error: Invalid frame ID "odom" passed to canTransform argument target_frame - frame does not exist
[controller_server-7] [INFO] [1788873442.441938090] [local_costmap.local_costmap]: Timed out waiting for transform from base_link to odom to become available, tf error: Invalid frame ID "odom" passed to canTransform argument target_frame - frame does not exist
[controller_server-7] [INFO] [1788873442.941914997] [local_costmap.local_costmap]: Timed out waiting for transform from base_link to odom to become available, tf error: Invalid frame ID "odom" passed to canTransform argument target_frame - frame does not exist
[controller_server-7] [INFO] [1788873443.441940033] [local_costmap.local_costmap]: Timed out waiting for transform from base_link to odom to become available, tf error: Invalid frame ID "odom" passed to canTransform argument target_frame - frame does not exist
[controller_server-7] [INFO] [1788873443.941918741] [local_costmap.local_costmap]: Timed out waiting for transform from base_link to odom to become available, tf error: Invalid frame ID "odom" passed to canTransform argument target_frame - frame does not exist
[controller_server-7] [INFO] [1788873444.441936410] [local_costmap.local_costmap]: Timed out waiting for transform from base_link to odom to become available, tf error: Invalid frame ID "odom" passed to canTransform argument target_frame - frame does not exist
[controller_server-7] [INFO] [1788873444.941937250] [local_costmap.local_costmap]: Timed out waiting for transform from base_link to odom to become available, tf error: Invalid frame ID "odom" passed to canTransform argument target_frame - frame does not exist
[controller_server-7] [INFO] [1788873445.441934784] [local_costmap.local_costmap]: Timed out waiting for transform from base_link to odom to become available, tf error: Invalid frame ID "odom" passed to canTransform argument target_frame - frame does not exist
[controller_server-7] [INFO] [1788873445.941932195] [local_costmap.local_costmap]: Timed out waiting for transform from base_link to odom to become available, tf error: Invalid frame ID "odom" passed to canTransform argument target_frame - frame does not exist
[controller_server-7] [INFO] [1788873446.441940222] [local_costmap.local_costmap]: Timed out waiting for transform from base_link to odom to become available, tf error: Invalid frame ID "odom" passed to canTransform argument target_frame - frame does not exist
[controller_server-7] [INFO] [1788873446.941917974] [local_costmap.local_costmap]: Timed out waiting for transform from base_link to odom to become available, tf error: Invalid frame ID "odom" passed to canTransform argument target_frame - frame does not exist
[python-1] [3.793s] [ext: omni.kit.window.preferences-1.8.0] startup
[python-1] [3.801s] [ext: omni.kit.widget.material_preview-1.0.16] startup
[python-1] [3.803s] [ext: omni.graph-1.141.2] startup
[python-1] [3.874s] [ext: omni.kit.window.material_graph-1.9.1] startup
[python-1] [3.892s] [ext: omni.isaac.dynamic_control-2.0.7] startup
[python-1] 2026-09-08T13:17:21Z [3,861ms] [Warning] [omni.isaac.dynamic_control] omni.isaac.dynamic_control is deprecated as of Isaac Sim 4.5. No action is needed from end-users.
[python-1] [3.902s] [ext: isaacsim.storage.native-1.5.1] startup
[python-1] [3.910s] [ext: omni.graph.scriptnode-1.50.0] startup
[python-1] [3.915s] [ext: omni.hydra.engine.stats-1.0.3] startup
[python-1] [3.924s] [ext: omni.kit.viewport.legacy_gizmos-1.0.19] startup
[python-1] [3.929s] [ext: omni.kit.raycast.query-1.1.0] startup
[python-1] [3.938s] [ext: omni.graph.action_core-1.1.7] startup
[python-1] [3.948s] [ext: omni.kit.viewport.scene_camera_model-1.0.6] startup
[python-1] [3.957s] [ext: omni.graph.image.core-0.6.1] startup
[python-1] [3.964s] [ext: omni.kit.widget.viewport-107.1.3] startup
[python-1] [3.981s] [ext: omni.kit.viewport.registry-104.0.6] startup
[python-1] [4.000s] [ext: omni.usd.metrics.assembler-107.3.1] startup
[python-1] [4.013s] [ext: omni.kit.viewport.window-107.2.0] startup
[python-1] [4.052s] [ext: omni.kit.viewport.menubar.core-107.2.1] startup
[python-1] [4.075s] [ext: omni.graph.image.nodes-1.3.1] startup
[python-1] [4.078s] [ext: omni.usd.metrics.assembler.physics-107.3.26] startup
[python-1] [4.081s] [ext: omni.warp.core-1.8.2] startup
[python-1] [4.453s] [ext: omni.kit.viewport.utility-1.1.2] startup
[python-1] [4.456s] [ext: omni.physics.tensors-107.3.26] startup
[python-1] [4.468s] [ext: omni.syntheticdata-0.6.13] startup
[python-1] [4.510s] [ext: isaacsim.test.docstring-1.1.0] startup
[python-1] [4.526s] [ext: isaacsim.core.utils-3.5.1] startup
[python-1] [4.535s] [ext: omni.physx.tensors-107.3.26] startup
[python-1] [4.545s] [ext: omni.graph.nodes-1.170.10] startup
[python-1] [4.564s] [ext: omni.graph.action_nodes-1.50.4] startup
[python-1] [4.570s] [ext: omni.kit.primitive.mesh-1.0.17] startup
[python-1] [4.606s] [ext: isaacsim.core.simulation_manager-1.4.4] startup
[python-1] [7.581s] [ext: omni.graph.ui_nodes-1.50.5] startup
[python-1] [7.590s] [ext: omni.graph.action-1.130.0] startup
[python-1] [7.594s] [ext: omni.kit.stage_templates-2.0.0] startup
[python-1] [7.606s] [ext: isaacsim.core.prims-0.6.1] startup
[python-1] [7.671s] [ext: omni.warp-1.8.2] startup
[python-1] [7.690s] [ext: omni.videoencoding-0.1.2] startup
[python-1] [7.697s] [ext: isaacsim.core.api-4.8.0] startup
[python-1] [7.727s] [ext: isaacsim.core.experimental.utils-0.3.0] startup
[python-1] [7.741s] [ext: omni.replicator.core-1.12.27] startup
[python-1] 2026-09-08T13:17:25Z [7,721ms] [Warning] [pxr.Semantics] pxr.Semantics is deprecated - please use Semantics instead
[python-1] 2026-09-08T13:17:25Z [7,954ms] [Warning] [omni.graph.core.plugin] Found duplicate of category 'Replicator' - was 'Annotators', adding 'Fabric Reader'
[python-1] 2026-09-08T13:17:25Z [7,954ms] [Warning] [omni.graph.core.plugin] Category 'Replicator' not accepted on node type 'omni.replicator.core.FabricReader' in extension 'omni.replicator.core'
[python-1] 2026-09-08T13:17:25Z [7,957ms] [Warning] [omni.replicator.core.scripts.extension] No material configuration file, adding configuration to material settings directly.
[python-1] [8.006s] [ext: isaacsim.core.experimental.prims-0.8.1] startup
[python-1] [8.348s] [ext: omni.kit.window.extensions-1.4.27] startup
[python-1] [8.482s] [ext: isaacsim.core.experimental.objects-0.4.0] startup
[python-1] [8.557s] [ext: omni.ui_query-1.1.8] startup
[python-1] [8.573s] [ext: omni.kit.manipulator.viewport-107.0.1] startup
[python-1] [8.599s] [ext: isaacsim.robot.surface_gripper-3.3.1] startup
[python-1] [8.623s] [ext: omni.kit.ui_test-1.3.7] startup
[python-1] [8.658s] [ext: omni.graph.visualization.nodes-2.1.3] startup
[python-1] [8.760s] [ext: isaacsim.robot_motion.lula-4.0.8] startup
[python-1] [8.791s] [ext: isaacsim.core.nodes-3.4.3] startup
[python-1] [8.809s] [ext: isaacsim.gui.components-1.2.1] startup
[python-1] [8.833s] [ext: isaacsim.robot_motion.motion_generation-8.0.26] startup
[python-1] [9.081s] [ext: isaacsim.robot.manipulators-3.3.6] startup
[python-1] [9.355s] [ext: isaacsim.core.experimental.materials-0.4.0] startup
[python-1] [9.838s] [ext: isaacsim.robot.manipulators.examples-1.1.2] startup
[python-1] [9.879s] [ext: isaacsim.cortex.framework-1.0.12] startup
[python-1] [9.904s] [ext: isaacsim.cortex.behaviors-2.0.14] startup
[python-1] [9.916s] [ext: omni.isaac.cortex.sample_behaviors-2.0.5] startup
[python-1] 2026-09-08T13:17:27Z [9,918ms] [Warning] [omni.isaac.cortex] omni.isaac.cortex has been deprecated in favor of isaacsim.cortex.framework. Please update your code accordingly.
[controller_server-7] [INFO] [1788873447.441938023] [local_costmap.local_costmap]: Timed out waiting for transform from base_link to odom to become available, tf error: Invalid frame ID "odom" passed to canTransform argument target_frame - frame does not exist
[python-1] 2026-09-08T13:17:27Z [9,920ms] [Warning] [omni.isaac.cortex.sample_behaviors] omni.isaac.cortex.sample_behaviors has been deprecated in favor of isaacsim.cortex.behaviors. Please update your code accordingly.
[python-1] [9.962s] [ext: omni.kit.widget.zoombar-1.0.6] startup
[python-1] [9.994s] [ext: isaacsim.gui.content_browser-0.1.11] startup
[python-1] [10.011s] [ext: omni.kit.browser.core-2.3.13] startup
[python-1] [10.074s] [ext: omni.kit.widget.stage_icons-1.0.8] startup
[python-1] [10.091s] [ext: omni.kit.widget.prompt-1.0.7] startup
[python-1] [10.098s] [ext: omni.kit.usd.collect-2.4.5] startup
[python-1] [10.116s] [ext: omni.kit.browser.folder.core-1.10.9] startup
[python-1] [10.149s] [ext: omni.kit.window.stage-2.6.1] startup
[python-1] [10.202s] [ext: omni.kit.usdz_export-1.0.9] startup
[python-1] [10.213s] [ext: omni.kit.tool.collect-2.2.18] startup
[python-1] [10.223s] [ext: omni.kit.menu.stage-1.2.7] startup
[python-1] [10.229s] [ext: omni.kit.tool.asset_importer-4.3.2] startup
[python-1] [10.247s] [ext: isaacsim.robot.wheeled_robots-4.0.24] startup
[python-1] [10.262s] [ext: isaacsim.examples.browser-0.2.1] startup
[python-1] [10.277s] [ext: isaacsim.asset.importer.urdf-2.4.30] startup
[python-1] [10.416s] [ext: omni.isaac.wheeled_robots-3.0.7] startup
[python-1] 2026-09-08T13:17:27Z [10,381ms] [Warning] [omni.isaac.wheeled_robots] omni.isaac.wheeled_robots has been deprecated in favor of isaacsim.robot.wheeled_robots. Please update your code accordingly.
[python-1] 2026-09-08T13:17:27Z [10,382ms] [Warning] [omni.isaac.wheeled_robots.controllers] omni.isaac.wheeled_robots has been deprecated in favor of isaacsim.robot.wheeled_robots. Please update your code accordingly.
[python-1] 2026-09-08T13:17:27Z [10,383ms] [Warning] [omni.isaac.wheeled_robots.controllers.ackermann_controller] omni.isaac.wheeled_robots has been deprecated in favor of isaacsim.robot.wheeled_robots. Please update your code accordingly.
[python-1] 2026-09-08T13:17:27Z [10,383ms] [Warning] [omni.isaac.wheeled_robots.controllers.differential_controller] omni.isaac.wheeled_robots has been deprecated in favor of isaacsim.robot.wheeled_robots. Please update your code accordingly.
[python-1] 2026-09-08T13:17:27Z [10,384ms] [Warning] [omni.isaac.wheeled_robots.controllers.holonomic_controller] omni.isaac.wheeled_robots has been deprecated in favor of isaacsim.robot.wheeled_robots. Please update your code accordingly.
[python-1] 2026-09-08T13:17:27Z [10,384ms] [Warning] [omni.isaac.wheeled_robots.controllers.quintic_path_planner] omni.isaac.wheeled_robots has been deprecated in favor of isaacsim.robot.wheeled_robots. Please update your code accordingly.
[python-1] 2026-09-08T13:17:27Z [10,385ms] [Warning] [omni.isaac.wheeled_robots.controllers.stanley_control] omni.isaac.wheeled_robots has been deprecated in favor of isaacsim.robot.wheeled_robots. Please update your code accordingly.
[python-1] 2026-09-08T13:17:27Z [10,385ms] [Warning] [omni.isaac.wheeled_robots.controllers.wheel_base_pose_controller] omni.isaac.wheeled_robots has been deprecated in favor of isaacsim.robot.wheeled_robots. Please update your code accordingly.
[python-1] 2026-09-08T13:17:27Z [10,386ms] [Warning] [omni.isaac.wheeled_robots.impl] omni.isaac.wheeled_robots has been deprecated in favor of isaacsim.robot.wheeled_robots. Please update your code accordingly.
[python-1] 2026-09-08T13:17:27Z [10,386ms] [Warning] [omni.isaac.wheeled_robots.robots] omni.isaac.wheeled_robots has been deprecated in favor of isaacsim.robot.wheeled_robots. Please update your code accordingly.
[python-1] 2026-09-08T13:17:27Z [10,387ms] [Warning] [omni.isaac.wheeled_robots.robots.holonomic_robot_usd_setup] omni.isaac.wheeled_robots has been deprecated in favor of isaacsim.robot.wheeled_robots. Please update your code accordingly.
[python-1] 2026-09-08T13:17:27Z [10,387ms] [Warning] [omni.isaac.wheeled_robots.robots.wheeled_robot] omni.isaac.wheeled_robots has been deprecated in favor of isaacsim.robot.wheeled_robots. Please update your code accordingly.
[python-1] [10.430s] [ext: isaacsim.simulation_app-2.12.2] startup
[python-1] [10.438s] [ext: omni.isaac.franka-1.0.7] startup
[python-1] 2026-09-08T13:17:27Z [10,404ms] [Warning] [omni.isaac.franka] omni.isaac.franka has been deprecated in favor of isaacsim.robot.manipulators.examples.franka. Please update your code accordingly.
[python-1] 2026-09-08T13:17:27Z [10,406ms] [Warning] [omni.isaac.franka.franka] omni.isaac.franka has been deprecated in favor of isaacsim.robot.manipulators.examples.franka. Please update your code accordingly.
[controller_server-7] [INFO] [1788873447.941924444] [local_costmap.local_costmap]: Timed out waiting for transform from base_link to odom to become available, tf error: Invalid frame ID "odom" passed to canTransform argument target_frame - frame does not exist
[python-1] 2026-09-08T13:17:27Z [10,514ms] [Warning] [omni.isaac.franka.kinematics_solver] omni.isaac.franka has been deprecated in favor of isaacsim.robot.manipulators.examples.franka. Please update your code accordingly.
[python-1] [10.555s] [ext: omni.isaac.kit-2.0.6] startup
[python-1] 2026-09-08T13:17:27Z [10,523ms] [Warning] [omni.isaac.kit] omni.isaac.kit has been deprecated in favor of isaacsim.simulation_app. Please update your code accordingly.
[python-1] [10.564s] [ext: omni.kit.selection-0.1.6] startup
[python-1] [10.569s] [ext: omni.isaac.lula-4.0.6] startup
[python-1] 2026-09-08T13:17:27Z [10,528ms] [Warning] [omni.isaac.lula] omni.isaac.lula has been deprecated in favor of isaacsim.robot_motion.lula. Please update your code accordingly.
[python-1] [10.572s] [ext: isaacsim.robot_motion.lula_test_widget-1.0.12] startup
[python-1] [10.580s] [ext: isaacsim.asset.browser-1.3.23] startup
[python-1] [10.738s] [ext: omni.kit.viewport.actions-107.0.2] startup
[python-1] [10.753s] [ext: isaacsim.gui.menu-2.4.4] startup
[python-1] [10.767s] [ext: omni.isaac.manipulators-3.0.7] startup
[python-1] 2026-09-08T13:17:28Z [10,735ms] [Warning] [omni.isaac.manipulators] omni.isaac.manipulators has been deprecated in favor of isaacsim.robot.manipulators. Please update your code accordingly.
[python-1] 2026-09-08T13:17:28Z [10,735ms] [Warning] [omni.isaac.manipulators.controllers] omni.isaac.manipulators has been deprecated in favor of isaacsim.robot.manipulators. Please update your code accordingly.
[python-1] 2026-09-08T13:17:28Z [10,735ms] [Warning] [omni.isaac.manipulators.controllers.pick_place_controller] omni.isaac.manipulators has been deprecated in favor of isaacsim.robot.manipulators. Please update your code accordingly.
[python-1] 2026-09-08T13:17:28Z [10,737ms] [Warning] [omni.isaac.manipulators.controllers.stacking_controller] omni.isaac.manipulators has been deprecated in favor of isaacsim.robot.manipulators. Please update your code accordingly.
[python-1] 2026-09-08T13:17:28Z [10,737ms] [Warning] [omni.isaac.manipulators.grippers] omni.isaac.manipulators has been deprecated in favor of isaacsim.robot.manipulators. Please update your code accordingly.
[python-1] 2026-09-08T13:17:28Z [10,738ms] [Warning] [omni.isaac.manipulators.grippers.gripper] omni.isaac.manipulators has been deprecated in favor of isaacsim.robot.manipulators. Please update your code accordingly.
[python-1] 2026-09-08T13:17:28Z [10,738ms] [Warning] [omni.isaac.manipulators.grippers.parallel_gripper] omni.isaac.manipulators has been deprecated in favor of isaacsim.robot.manipulators. Please update your code accordingly.
[python-1] 2026-09-08T13:17:28Z [10,738ms] [Warning] [omni.isaac.manipulators.grippers.surface_gripper] omni.isaac.manipulators has been deprecated in favor of isaacsim.robot.manipulators. Please update your code accordingly.
[python-1] 2026-09-08T13:17:28Z [10,739ms] [Warning] [omni.isaac.manipulators.manipulators] omni.isaac.manipulators has been deprecated in favor of isaacsim.robot.manipulators. Please update your code accordingly.
[python-1] 2026-09-08T13:17:28Z [10,739ms] [Warning] [omni.isaac.manipulators.manipulators.single_manipulator] omni.isaac.manipulators has been deprecated in favor of isaacsim.robot.manipulators. Please update your code accordingly.
[python-1] [10.780s] [ext: omni.isaac.lula_test_widget-1.0.6] startup
[python-1] 2026-09-08T13:17:28Z [10,745ms] [Warning] [omni.isaac.lula_test_widget] omni.isaac.lula_test_widget has been deprecated in favor of isaacsim.robot_motion.lula_test_widget. Please update your code accordingly.
[python-1] [10.795s] [ext: omni.isaac.asset_browser-1.0.6] startup
[python-1] 2026-09-08T13:17:28Z [10,761ms] [Warning] [omni.isaac.asset_browser] omni.isaac.asset_browser has been deprecated in favor of isaacsim.asset.browser. Please update your code accordingly.
[python-1] [10.803s] [ext: omni.kit.viewport.menubar.display-107.0.3] startup
[python-1] [10.821s] [ext: omni.isaac.menu-1.0.6] startup
[python-1] 2026-09-08T13:17:28Z [10,791ms] [Warning] [omni.isaac.menu] omni.isaac.menu has been deprecated in favor of isaacsim.gui.menu. Please update your code accordingly.
[python-1] [10.833s] [ext: omni.isaac.motion_generation-8.0.7] startup
[python-1] 2026-09-08T13:17:28Z [10,800ms] [Warning] [omni.isaac.motion_generation] omni.isaac.motion_generation has been deprecated in favor of isaacsim.robot_motion.motion_generation. Please update your code accordingly.
[python-1] 2026-09-08T13:17:28Z [10,806ms] [Warning] [omni.isaac.motion_generation.articulation_kinematics_solver] omni.isaac.motion_generation has been deprecated in favor of isaacsim.robot_motion.motion_generation. Please update your code accordingly.
[python-1] 2026-09-08T13:17:28Z [10,807ms] [Warning] [omni.isaac.motion_generation.articulation_motion_policy] omni.isaac.motion_generation has been deprecated in favor of isaacsim.robot_motion.motion_generation. Please update your code accordingly.
[python-1] 2026-09-08T13:17:28Z [10,807ms] [Warning] [omni.isaac.motion_generation.articulation_trajectory] omni.isaac.motion_generation has been deprecated in favor of isaacsim.robot_motion.motion_generation. Please update your code accordingly.
[python-1] 2026-09-08T13:17:28Z [10,808ms] [Warning] [omni.isaac.motion_generation.kinematics_interface] omni.isaac.motion_generation has been deprecated in favor of isaacsim.robot_motion.motion_generation. Please update your code accordingly.
[python-1] 2026-09-08T13:17:28Z [10,808ms] [Warning] [omni.isaac.motion_generation.lula] omni.isaac.motion_generation has been deprecated in favor of isaacsim.robot_motion.motion_generation. Please update your code accordingly.
[python-1] 2026-09-08T13:17:28Z [10,808ms] [Warning] [omni.isaac.motion_generation.lula.kinematics] omni.isaac.motion_generation has been deprecated in favor of isaacsim.robot_motion.motion_generation. Please update your code accordingly.
[python-1] 2026-09-08T13:17:28Z [10,809ms] [Warning] [omni.isaac.motion_generation.lula.motion_policies] omni.isaac.motion_generation has been deprecated in favor of isaacsim.robot_motion.motion_generation. Please update your code accordingly.
[python-1] 2026-09-08T13:17:28Z [10,809ms] [Warning] [omni.isaac.motion_generation.lula.path_planners] omni.isaac.motion_generation has been deprecated in favor of isaacsim.robot_motion.motion_generation. Please update your code accordingly.
[python-1] 2026-09-08T13:17:28Z [10,810ms] [Warning] [omni.isaac.motion_generation.lula.trajectory_generator] omni.isaac.motion_generation has been deprecated in favor of isaacsim.robot_motion.motion_generation. Please update your code accordingly.
[python-1] 2026-09-08T13:17:28Z [10,810ms] [Warning] [omni.isaac.motion_generation.motion_policy_controller] omni.isaac.motion_generation has been deprecated in favor of isaacsim.robot_motion.motion_generation. Please update your code accordingly.
[python-1] 2026-09-08T13:17:28Z [10,811ms] [Warning] [omni.isaac.motion_generation.motion_policy_interface] omni.isaac.motion_generation has been deprecated in favor of isaacsim.robot_motion.motion_generation. Please update your code accordingly.
[python-1] 2026-09-08T13:17:28Z [10,811ms] [Warning] [omni.isaac.motion_generation.path_planner_visualizer] omni.isaac.motion_generation has been deprecated in favor of isaacsim.robot_motion.motion_generation. Please update your code accordingly.
[python-1] 2026-09-08T13:17:28Z [10,811ms] [Warning] [omni.isaac.motion_generation.path_planning_interface] omni.isaac.motion_generation has been deprecated in favor of isaacsim.robot_motion.motion_generation. Please update your code accordingly.
[python-1] 2026-09-08T13:17:28Z [10,812ms] [Warning] [omni.isaac.motion_generation.trajectory] omni.isaac.motion_generation has been deprecated in favor of isaacsim.robot_motion.motion_generation. Please update your code accordingly.
[python-1] 2026-09-08T13:17:28Z [10,812ms] [Warning] [omni.isaac.motion_generation.world_interface] omni.isaac.motion_generation has been deprecated in favor of isaacsim.robot_motion.motion_generation. Please update your code accordingly.
[python-1] [10.854s] [ext: omni.isaac.assets_check-0.3.13] startup
[python-1] 2026-09-08T13:17:28Z [10,820ms] [Warning] [omni.isaac.assets_check] omni.isaac.assets_check has been deprecated in favor of isaacsim.asset.browser. Please update your code accordingly.
[python-1] [10.862s] [ext: isaacsim.gui.sensors.icon-2.0.3] startup
[python-1] [10.906s] [ext: isaacsim.asset.importer.mjcf-2.5.13] startup
[python-1] [10.921s] [ext: omni.sensors.nv.common-3.0.0] startup
[python-1] [10.937s] [ext: isaacsim.sensors.physics-0.4.3] startup
[python-1] [10.946s] [ext: omni.sensors.net-1.0.0] startup
[python-1] [10.956s] [ext: omni.isaac.nucleus-1.0.6] startup
[python-1] 2026-09-08T13:17:28Z [10,917ms] [Warning] [omni.isaac.nucleus] omni.isaac.nucleus has been deprecated in favor of isaacsim.storage.native. Please update your code accordingly.
[controller_server-7] [INFO] [1788873448.441937159] [local_costmap.local_costmap]: Timed out waiting for transform from base_link to odom to become available, tf error: Invalid frame ID "odom" passed to canTransform argument target_frame - frame does not exist
[python-1] 2026-09-08T13:17:28Z [10,918ms] [Warning] [omni.isaac.nucleus.nucleus] omni.isaac.nucleus.nucleus has been deprecated in favor of isaacsim.storage.native. Please update your code accordingly.
[python-1] [10.959s] [ext: omni.sensors.nv.materials-2.0.0] startup
[python-1] [10.972s] [ext: isaacsim.robot.policy.examples-4.1.11] startup
[python-1] [10.979s] [ext: omni.sensors.nv.wpm-3.0.0] startup
[python-1] [11.005s] [ext: omni.sensors.nv.lidar-3.0.0] startup
[python-1] [11.030s] [ext: isaacsim.util.debug_draw-3.1.0] startup
[python-1] [11.039s] [ext: omni.sensors.nv.radar-3.0.0] startup
[python-1] [11.049s] [ext: omni.sensors.nv.ids-2.0.0] startup
[python-1] [11.053s] [ext: isaacsim.core.cloner-1.4.10] startup
[python-1] [11.063s] [ext: isaacsim.sensors.physx-2.3.2] startup
[python-1] [11.071s] [ext: isaacsim.sensors.rtx-15.8.4] startup
[python-1] [11.087s] [ext: isaacsim.sensors.camera-1.3.6] startup
[python-1] [11.106s] [ext: omni.isaac.quadruped-3.0.7] startup
[python-1] 2026-09-08T13:17:28Z [11,074ms] [Warning] [omni.isaac.quadruped] omni.isaac.quadruped has been deprecated in favor of isaacsim.robot.policy.examples. Please update your code accordingly.
[python-1] [11.115s] [ext: omni.isaac.cloner-1.0.7] startup
[python-1] 2026-09-08T13:17:28Z [11,085ms] [Warning] [omni.isaac.cloner] omni.isaac.cloner has been deprecated in favor of isaacsim.core.cloner. Please update your code accordingly.
[python-1] [11.127s] [ext: omni.isaac.range_sensor-4.0.6] startup
[python-1] 2026-09-08T13:17:28Z [11,105ms] [Warning] [omni.isaac.range_sensor] omni.isaac.range_sensor has been deprecated in favor of isaacsim.sensors.physx. Please update your code accordingly.
[python-1] 2026-09-08T13:17:28Z [11,123ms] [Warning] [omni.isaac.range_sensor.commands] omni.isaac.range_sensor.commands has been deprecated in favor of isaacsim.sensors.physx.commands. Please update your code accordingly.
[python-1] [11.181s] [ext: omni.isaac.sensor-13.0.7] startup
[python-1] 2026-09-08T13:17:28Z [11,148ms] [Warning] [omni.isaac.sensor] omni.isaac.sensor has been deprecated in favor of isaacsim.sensors.camera, isaacsim.sensors.physics, isaacsim.sensors.physx, and isaacsim.sensors.rtx. Please update your code accordingly.
[python-1] 2026-09-08T13:17:28Z [11,149ms] [Warning] [omni.isaac.sensor.camera] omni.isaac.sensor.camera has been deprecated in favor of isaacsim.sensors.camera.camera. Please update your code accordingly.
[python-1] 2026-09-08T13:17:28Z [11,150ms] [Warning] [omni.isaac.sensor.camera_view] omni.isaac.sensor.camera_view has been deprecated in favor of isaacsim.sensors.camera.camera_view. Please update your code accordingly.
[python-1] 2026-09-08T13:17:28Z [11,152ms] [Warning] [omni.isaac.sensor.commands] omni.isaac.sensor.commands has been deprecated in favor of isaacsim.sensors.physics.commands, isaacsim.sensors.physx.commands, and isaacsim.sensors.rtx.commands. Please update your code accordingly.
[python-1] 2026-09-08T13:17:28Z [11,159ms] [Warning] [omni.isaac.sensor.contact_sensor] omni.isaac.sensor.contact_sensor has been deprecated in favor of isaacsim.sensors.physics.contact_sensor. Please update your code accordingly.
[python-1] 2026-09-08T13:17:28Z [11,159ms] [Warning] [omni.isaac.sensor.imu_sensor] omni.isaac.sensor.imu_sensor has been deprecated in favor of isaacsim.sensors.physics.imu_sensor. Please update your code accordingly.
[python-1] 2026-09-08T13:17:28Z [11,160ms] [Warning] [omni.isaac.sensor.lidar_rtx] omni.isaac.sensor.lidar_rtx has been deprecated in favor of isaacsim.sensors.rtx.lidar_rtx. Please update your code accordingly.
[python-1] 2026-09-08T13:17:28Z [11,161ms] [Warning] [omni.isaac.sensor.rotating_lidar_physX] omni.isaac.sensor.imu_sensor has been deprecated in favor of isaacsim.sensors.physix.rotating_lidar_physX. Please update your code accordingly.
[python-1] 2026-09-08T13:17:28Z [11,162ms] [Warning] [omni.isaac.sensor.scripts.samples.contact_sensor] omni.isaac.sensor.scripts.samples.contact_sensor has been deprecated in favor of isaacsim.sensors.physics.scripts.samples.contact_sensor. Please update your code accordingly.
[python-1] 2026-09-08T13:17:28Z [11,163ms] [Warning] [omni.isaac.sensor.scripts.samples.imu_sensor] omni.isaac.sensor.scripts.samples.imu_sensor has been deprecated in favor of isaacsim.sensors.physics.scripts.samples.imu_sensor. Please update your code accordingly.
[python-1] 2026-09-08T13:17:28Z [11,163ms] [Warning] [omni.isaac.sensor.scripts.samples.lightbeam_sensor] omni.isaac.sensor.scripts.samples.lightbeam_sensor has been deprecated in favor of isaacsim.sensors.physx.scripts.samples.lightbeam_sensor. Please update your code accordingly.
[controller_server-7] [INFO] [1788873448.941922948] [local_costmap.local_costmap]: Timed out waiting for transform from base_link to odom to become available, tf error: Invalid frame ID "odom" passed to canTransform argument target_frame - frame does not exist
[python-1] [11.205s] [ext: omni.kit.menu.create-2.0.1] startup
[python-1] [11.220s] [ext: omni.kit.widget.toolbar-2.0.1] startup
[python-1] [11.273s] [ext: omni.kit.manipulator.transform-107.0.0] startup
[python-1] [11.286s] [ext: omni.isaac.core-4.0.7] startup
[python-1] 2026-09-08T13:17:28Z [11,248ms] [Warning] [omni.isaac.core.physics_context.physics_context] omni.isaac.core.physics_context.physics_context has been deprecated in favor of isaacsim.core.api.physics_context.physics_context. Please update your code accordingly.
[python-1] 2026-09-08T13:17:28Z [11,248ms] [Warning] [omni.isaac.core.simulation_context.simulation_context] omni.isaac.core.simulation_context.simulation_context has been deprecated in favor of isaacsim.core.api.simulation_context.simulation_context. Please update your code accordingly.
[python-1] 2026-09-08T13:17:28Z [11,249ms] [Warning] [omni.isaac.core.world.world] omni.isaac.core.world.world has been deprecated in favor of isaacsim.core.api.world.world. Please update your code accordingly.
[python-1] 2026-09-08T13:17:28Z [11,249ms] [Warning] [omni.isaac.core] omni.isaac.core has been deprecated in favor of isaacsim.core.api. Please update your code accordingly.
[python-1] [11.290s] [ext: omni.kit.scripting-107.3.2] startup
[python-1] [11.309s] [ext: omni.kit.manipulator.tool.snap-1.5.13] startup
[python-1] [11.323s] [ext: omni.kit.manipulator.selector-1.1.3] startup
[python-1] [11.329s] [ext: isaacsim.app.about-2.0.11] startup
[python-1] [11.343s] [ext: isaacsim.replicator.behavior-1.1.16] startup
[python-1] [11.347s] [ext: omni.kit.viewport.manipulator.transform-107.0.4] startup
[python-1] [11.354s] [ext: omni.isaac.window.about-2.0.7] startup
[python-1] 2026-09-08T13:17:28Z [11,319ms] [Warning] [omni.isaac.window.about] omni.isaac.window.about has been deprecated in favor of isaacsim.app.about. Please update your code accordingly.
[python-1] 2026-09-08T13:17:28Z [11,319ms] [Warning] [omni.isaac.window.about.about] omni.isaac.window.about.about has been deprecated in favor of isaacsim.app.about.about. Please update your code accordingly.
[python-1] [11.361s] [ext: omni.fabric.commands-1.1.6] startup
[python-1] [11.370s] [ext: omni.kit.manipulator.prim.core-107.0.8] startup
[python-1] [11.386s] [ext: omni.kit.property.audio-1.0.16] startup
[python-1] [11.392s] [ext: omni.kit.property.camera-1.0.10] startup
[python-1] [11.399s] [ext: omni.kit.property.geometry-2.0.4] startup
[python-1] [11.410s] [ext: omni.hydra.scene_api-0.1.2] startup
[python-1] [11.420s] [ext: omni.kit.property.light-1.0.12] startup
[python-1] [11.453s] [ext: omni.kit.manipulator.prim.fabric-107.0.4] startup
[python-1] [11.459s] [ext: omni.kit.manipulator.prim.usd-107.0.3] startup
[python-1] [11.464s] [ext: omni.kit.property.material-1.11.9] startup
[python-1] [11.476s] [ext: omni.kit.property.render-1.2.1] startup
[python-1] [11.481s] [ext: omni.kit.property.transform-1.5.13] startup
[python-1] [11.490s] [ext: isaacsim.gui.property-1.1.3] startup
[python-1] [11.496s] [ext: omni.kit.manipulator.camera-106.0.4] startup
[python-1] [11.509s] [ext: omni.kit.manipulator.prim-107.0.0] startup
[python-1] [11.509s] [ext: omni.isaac.surface_gripper-2.0.6] startup
[python-1] 2026-09-08T13:17:28Z [11,469ms] [Warning] [omni.isaac.surface_gripper] omni.isaac.surface_gripper has been deprecated in favor of isaacsim.robot.surface_gripper. Please update your code accordingly.
[python-1] [11.511s] [ext: omni.kit.manipulator.selection-106.0.1] startup
[python-1] [11.522s] [ext: omni.kit.property.bundle-1.4.1] startup
[python-1] [11.531s] [ext: omni.kit.property.isaac-1.0.6] startup
[python-1] 2026-09-08T13:17:28Z [11,495ms] [Warning] [omni.kit.property.isaac] omni.kit.property.isaac has been deprecated in favor of isaacsim.gui.property. Please update your code accordingly.
[python-1] 2026-09-08T13:17:28Z [11,496ms] [Warning] [omni.kit.property.isaac.widgets] omni.kit.property.isaac.widgets has been deprecated in favor of isaacsim.gui.property.widgets. Please update your code accordingly.
[python-1] [11.537s] [ext: omni.isaac.universal_robots-1.0.6] startup
[python-1] 2026-09-08T13:17:28Z [11,500ms] [Warning] [omni.isaac.universal_robots] omni.isaac.universal_robots has been deprecated in favor of isaacsim.robot.manipulators.examples.universal_robots. Please update your code accordingly.
[python-1] 2026-09-08T13:17:28Z [11,501ms] [Warning] [omni.isaac.universal_robots.kinematics_solver] omni.isaac.franka has been deprecated in favor of isaacsim.robot.manipulators.examples.universal_robots. Please update your code accordingly.
[controller_server-7] [INFO] [1788873449.441937132] [local_costmap.local_costmap]: Timed out waiting for transform from base_link to odom to become available, tf error: Invalid frame ID "odom" passed to canTransform argument target_frame - frame does not exist
[python-1] 2026-09-08T13:17:28Z [11,504ms] [Warning] [omni.isaac.universal_robots.ur10] omni.isaac.franka has been deprecated in favor of isaacsim.robot.manipulators.examples.universal_robots. Please update your code accordingly.
[python-1] [11.545s] [ext: omni.isaac.core_nodes-2.0.6] startup
[python-1] 2026-09-08T13:17:28Z [11,516ms] [Warning] [omni.isaac.core_nodes] omni.isaac.core_nodes has been deprecated in favor of isaacsim.core.nodes. Please update your code accordingly.
[python-1] [11.558s] [ext: omni.kit.viewport.menubar.camera-107.0.6] startup
[python-1] [11.594s] [ext: omni.kit.viewport.menubar.lighting-107.3.1] startup
[python-1] [11.603s] [ext: isaacsim.replicator.writers-1.0.17] startup
[python-1] [11.636s] [ext: omni.kit.viewport.menubar.render-107.0.10] startup
[python-1] [11.648s] [ext: omni.kit.viewport.menubar.settings-107.0.3] startup
[python-1] [11.659s] [ext: omni.kit.window.console-1.1.4] startup
[python-1] [11.669s] [ext: isaacsim.replicator.domain_randomization-1.0.16] startup
[python-1] [11.682s] [ext: isaacsim.replicator.examples-1.3.6] startup
[python-1] [11.696s] [ext: omni.ocio-0.1.1] startup
[python-1] [11.713s] [ext: omni.rtx.window.settings-0.6.19] startup
[python-1] [11.786s] [ext: omni.kit.window.status_bar-0.1.9] startup
[python-1] [11.812s] [ext: omni.kit.window.toolbar-2.0.0] startup
[python-1] [11.826s] [ext: omni.replicator.isaac-2.0.8] startup
[python-1] 2026-09-08T13:17:29Z [11,789ms] [Warning] [omni.replicator.isaac] omni.replicator.isaac has been deprecated in favor of isaacsim.replicator.domain_randomization, isaacsim.replicator.examples, isaacsim.replicator.writers. Please update your code accordingly.
[python-1] [11.831s] [ext: omni.replicator.replicator_yaml-2.0.11] startup
[python-1] [11.890s] [ext: omni.rtx.settings.core-0.6.5] startup
[python-1] [11.902s] [ext: omni.usd.metrics.assembler.ui-107.3.1] startup
[python-1] [11.927s] [ext: omni.isaac.utils-2.0.6] startup
[python-1] [11.939s] [ext: semantics.schema.editor-2.0.2] startup
[python-1] [11.960s] [ext: omni.kit.ui.actions-1.0.5] startup
[python-1] [11.967s] [ext: semantics.schema.property-2.0.1] startup
[python-1] [11.973s] [ext: omni.isaac.version-2.0.7] startup
[python-1] 2026-09-08T13:17:29Z [11,936ms] [Warning] [omni.isaac.version] omni.isaac.version has been deprecated in favor of isaacsim.core.version. Please update your code accordingly.
[python-1] [11.978s] [ext: omni.isaac.cortex-1.0.5] startup
[python-1] [11.983s] [ext: omni.anim.curve.core-1.3.1] startup
[python-1] [12.014s] [ext: isaacsim.core.throttling-2.2.2] startup
[python-1] [12.020s] [ext: omni.kit.menu.common-2.0.1] startup
[python-1] [12.027s] [ext: isaacsim.exp.base-5.1.0] startup
[python-1] [12.030s] [ext: isaacsim.exp.base.python-5.1.0] startup
[python-1] [12.033s] Simulation App Starting
[python-1] 2026-09-08T13:17:29Z [12,156ms] [Warning] [omni.fabric.plugin] Warning: attribute viewportHandle not found for bucket id 9
[python-1] 
[python-1] 2026-09-08T13:17:29Z [12,182ms] [Warning] [usdrt.population.plugin] [UsdNoticeHandler] Unhandled attribute type VtArray<std::string> (prim attribute: omni:rtx:material:db:flattener:reflection_roughness_constant)
[python-1] 2026-09-08T13:17:29Z [12,182ms] [Warning] [usdrt.population.plugin] [UsdNoticeHandler] Unhandled attribute type VtArray<std::string> (prim attribute: omni:rtx:material:db:flattener:transmittance_color)
[python-1] 2026-09-08T13:17:29Z [12,182ms] [Warning] [usdrt.population.plugin] [UsdNoticeHandler] Unhandled attribute type VtArray<std::string> (prim attribute: omni:rtx:material:db:flattener:ior_constant)
[python-1] [12.240s] app ready
[controller_server-7] [INFO] [1788873449.941939332] [local_costmap.local_costmap]: Timed out waiting for transform from base_link to odom to become available, tf error: Invalid frame ID "odom" passed to canTransform argument target_frame - frame does not exist
[controller_server-7] [INFO] [1788873450.441934983] [local_costmap.local_costmap]: Timed out waiting for transform from base_link to odom to become available, tf error: Invalid frame ID "odom" passed to canTransform argument target_frame - frame does not exist
[controller_server-7] [INFO] [1788873450.941941790] [local_costmap.local_costmap]: Timed out waiting for transform from base_link to odom to become available, tf error: Invalid frame ID "odom" passed to canTransform argument target_frame - frame does not exist
[controller_server-7] [INFO] [1788873451.441942075] [local_costmap.local_costmap]: Timed out waiting for transform from base_link to odom to become available, tf error: Invalid frame ID "odom" passed to canTransform argument target_frame - frame does not exist
[controller_server-7] [INFO] [1788873451.941919154] [local_costmap.local_costmap]: Timed out waiting for transform from base_link to odom to become available, tf error: Invalid frame ID "odom" passed to canTransform argument target_frame - frame does not exist
[controller_server-7] [INFO] [1788873452.441943081] [local_costmap.local_costmap]: Timed out waiting for transform from base_link to odom to become available, tf error: Invalid frame ID "odom" passed to canTransform argument target_frame - frame does not exist
[controller_server-7] [INFO] [1788873452.941938400] [local_costmap.local_costmap]: Timed out waiting for transform from base_link to odom to become available, tf error: Invalid frame ID "odom" passed to canTransform argument target_frame - frame does not exist
[controller_server-7] [INFO] [1788873453.441938485] [local_costmap.local_costmap]: Timed out waiting for transform from base_link to odom to become available, tf error: Invalid frame ID "odom" passed to canTransform argument target_frame - frame does not exist
[controller_server-7] [INFO] [1788873453.941941941] [local_costmap.local_costmap]: Timed out waiting for transform from base_link to odom to become available, tf error: Invalid frame ID "odom" passed to canTransform argument target_frame - frame does not exist
[controller_server-7] [INFO] [1788873454.441939499] [local_costmap.local_costmap]: Timed out waiting for transform from base_link to odom to become available, tf error: Invalid frame ID "odom" passed to canTransform argument target_frame - frame does not exist
[controller_server-7] [INFO] [1788873454.941943361] [local_costmap.local_costmap]: Timed out waiting for transform from base_link to odom to become available, tf error: Invalid frame ID "odom" passed to canTransform argument target_frame - frame does not exist
[python-1] Warning: Possible version incompatibility. Attempting to load omni::fabric::IStageReaderWriter with version v0.14 against v0.13.
[controller_server-7] [INFO] [1788873455.441935254] [local_costmap.local_costmap]: Timed out waiting for transform from base_link to odom to become available, tf error: Invalid frame ID "odom" passed to canTransform argument target_frame - frame does not exist
[controller_server-7] [INFO] [1788873455.941937929] [local_costmap.local_costmap]: Timed out waiting for transform from base_link to odom to become available, tf error: Invalid frame ID "odom" passed to canTransform argument target_frame - frame does not exist
[controller_server-7] [INFO] [1788873456.441909270] [local_costmap.local_costmap]: Timed out waiting for transform from base_link to odom to become available, tf error: Invalid frame ID "odom" passed to canTransform argument target_frame - frame does not exist
[controller_server-7] [INFO] [1788873456.941944428] [local_costmap.local_costmap]: Timed out waiting for transform from base_link to odom to become available, tf error: Invalid frame ID "odom" passed to canTransform argument target_frame - frame does not exist
[controller_server-7] [INFO] [1788873457.441938790] [local_costmap.local_costmap]: Timed out waiting for transform from base_link to odom to become available, tf error: Invalid frame ID "odom" passed to canTransform argument target_frame - frame does not exist
[controller_server-7] [INFO] [1788873457.941920957] [local_costmap.local_costmap]: Timed out waiting for transform from base_link to odom to become available, tf error: Invalid frame ID "odom" passed to canTransform argument target_frame - frame does not exist
[controller_server-7] [INFO] [1788873458.441914838] [local_costmap.local_costmap]: Timed out waiting for transform from base_link to odom to become available, tf error: Invalid frame ID "odom" passed to canTransform argument target_frame - frame does not exist
[controller_server-7] [INFO] [1788873458.941935376] [local_costmap.local_costmap]: Timed out waiting for transform from base_link to odom to become available, tf error: Invalid frame ID "odom" passed to canTransform argument target_frame - frame does not exist
[controller_server-7] [INFO] [1788873459.441937006] [local_costmap.local_costmap]: Timed out waiting for transform from base_link to odom to become available, tf error: Invalid frame ID "odom" passed to canTransform argument target_frame - frame does not exist
[controller_server-7] [INFO] [1788873459.941916094] [local_costmap.local_costmap]: Timed out waiting for transform from base_link to odom to become available, tf error: Invalid frame ID "odom" passed to canTransform argument target_frame - frame does not exist
[controller_server-7] [INFO] [1788873460.442006036] [local_costmap.local_costmap]: Timed out waiting for transform from base_link to odom to become available, tf error: Invalid frame ID "odom" passed to canTransform argument target_frame - frame does not exist
[controller_server-7] [INFO] [1788873460.941913332] [local_costmap.local_costmap]: Timed out waiting for transform from base_link to odom to become available, tf error: Invalid frame ID "odom" passed to canTransform argument target_frame - frame does not exist
[controller_server-7] [INFO] [1788873461.441907682] [local_costmap.local_costmap]: Timed out waiting for transform from base_link to odom to become available, tf error: Invalid frame ID "odom" passed to canTransform argument target_frame - frame does not exist
[controller_server-7] [INFO] [1788873461.941901670] [local_costmap.local_costmap]: Timed out waiting for transform from base_link to odom to become available, tf error: Invalid frame ID "odom" passed to canTransform argument target_frame - frame does not exist
[controller_server-7] [INFO] [1788873462.441911704] [local_costmap.local_costmap]: Timed out waiting for transform from base_link to odom to become available, tf error: Invalid frame ID "odom" passed to canTransform argument target_frame - frame does not exist
[python-1] [INFO] [1788873462.454417174] [isaac]: Ideal planar chassis enabled: physics_dt=0.016667, limits=(1.500 m/s, 2.000 rad/s), accelerations=(2.000 m/s^2, 4.000 rad/s^2)
[controller_server-7] [INFO] [1788873462.941909714] [local_costmap.local_costmap]: Timed out waiting for transform from base_link to odom to become available, tf error: Invalid frame ID "odom" passed to canTransform argument target_frame - frame does not exist
[python-1] [17.363s] Simulation App Startup Complete
[python-1] [17.403s] [ext: omni.anim.behavior.schema-107.3.0] startup
[python-1] [17.418s] [ext: omni.anim.asset-107.3.0] startup
[python-1] [17.424s] [ext: omni.debugdraw-0.1.4] startup
[python-1] [17.431s] [ext: omni.anim.retarget.core-107.3.3] startup
[python-1] [17.443s] [ext: omni.anim.graph.core-107.3.4] startup
[python-1] 2026-09-08T13:17:34Z [17,430ms] [Warning] [omni.graph.core._impl._registration.register_python_ogn] Python import process in omni.anim.graph.core failed - 'NoneType' object is not subscriptable. Aborting Python node registration
[python-1] [17.471s] [ext: omni.kit.quicklayout-1.0.8] startup
[python-1] [17.555s] [ext: omni.anim.navigation.core-107.3.8] startup
[python-1] [17.567s] [ext: omni.metropolis.utils-0.1.20] startup
[python-1] [17.661s] [ext: omni.anim.people-0.7.9] startup
[python-1] [17.690s] [ext: omni.usd.schema.scene.visualization-2.0.2] startup
[python-1] [17.698s] [ext: omni.curve.creator-107.0.1] startup
[python-1] [17.703s] [ext: omni.kit.browser.sample-1.4.9] startup
[python-1] [17.782s] [ext: omni.scene.visualization.core-107.0.2] startup
[python-1] [17.794s] [ext: omni.curve.manipulator-107.0.4] startup
[python-1] [17.900s] [ext: omni.anim.navigation.ui-107.3.6] startup
[python-1] [18.064s] [ext: omni.anim.navigation.bundle-107.3.3] startup
[python-1] [18.079s] [ext: omni.anim.timeline-107.0.0] startup
[python-1] [18.100s] [ext: omni.kit.widget.text_editor-1.1.1] startup
[python-1] [18.111s] [ext: omni.graph.ui-1.101.6] startup
[python-1] [18.216s] [ext: omni.kit.widget.imageview-1.0.4] startup
[python-1] [18.218s] [ext: omni.ramp-107.0.1] startup
[python-1] [18.522s] [ext: omni.kit.window.quicksearch-2.4.4] startup
[python-1] [18.529s] [ext: omni.genproc.core-107.0.3] startup
[python-1] [18.560s] [ext: omni.kit.graph.widget.variables-2.1.0] startup
[python-1] [18.568s] [ext: omni.graph.io-1.30.1] startup
[python-1] 2026-09-08T13:17:35Z [18,529ms] [Warning] [omni.graph.io._impl.extension] omni.graph.io is deprecated. Nodes in this extension have been moved to omni.graph.nodes. Update any dependencies accordingly.
[python-1] [18.574s] [ext: omni.graph.bundle.action-2.30.0] startup
[python-1] [18.580s] [ext: omni.kit.graph.delegate.modern-1.10.9] startup
[python-1] [18.585s] [ext: omni.anim.graph.ui-107.3.3] startup
[python-1] [18.770s] [ext: omni.anim.graph.bundle-107.3.3] startup
[python-1] [18.797s] [ext: omni.kit.preferences.animation-1.2.0] startup
[python-1] [18.808s] [ext: omni.anim.skelJoint-107.3.3] startup
[python-1] [18.822s] [ext: omni.anim.widget.timeline-0.1.14] startup
[python-1] 2026-09-08T13:17:36Z [18,791ms] [Warning] [omni.anim.widget.timeline.views.timeline_view] Could not import omni.kit.window.cursor
[python-1] [18.834s] [ext: omni.kit.widget.layers-1.8.6] startup
[python-1] [18.938s] [ext: omni.anim.retarget.preview-107.3.3] startup
[python-1] [19.075s] [ext: omni.anim.retarget.ui-107.3.3] startup
[python-1] [19.175s] [ext: omni.anim.retarget.bundle-107.3.3] startup
[python-1] 2026-09-08T13:17:38Z [21,314ms] [Warning] [omni.anim.graph.core.plugin] CharacterManager::Shutdown() called without a prior successful call to CharacterManager::Initialize().
[python-1] [21.701s] [ext: isaacsim.ros2.bridge-4.12.4] startup
[python-1] [21.816s] Attempting to load system rclpy
[python-1] [21.838s] rclpy loaded
[python-1] 2026-09-08T13:17:41Z [24,514ms] [Warning] [carb.windowing-glfw.plugin] GLFW initialization failed.
[python-1] 2026-09-08T13:17:41Z [24,514ms] [Warning] [carb] Failed to startup plugin carb.windowing-glfw.plugin (interfaces: [carb::windowing::IGLContext v1.0],[carb::windowing::IWindowing v1.5]) (impl: carb.windowing-glfw.plugin)
[python-1] 2026-09-08T13:17:41Z [24,521ms] [Warning] [carb.windowing-glfw.plugin] GLFW initialization failed.
[python-1] 2026-09-08T13:17:41Z [24,521ms] [Warning] [carb] Failed to startup plugin carb.windowing-glfw.plugin (interfaces: [carb::windowing::IGLContext v1.0],[carb::windowing::IWindowing v1.5]) (impl: carb.windowing-glfw.plugin)
[python-1] 2026-09-08T13:17:41Z [24,523ms] [Warning] [carb.windowing-glfw.plugin] GLFW initialization failed.
[python-1] 2026-09-08T13:17:41Z [24,523ms] [Warning] [carb] Failed to startup plugin carb.windowing-glfw.plugin (interfaces: [carb::windowing::IGLContext v1.0],[carb::windowing::IWindowing v1.5]) (impl: carb.windowing-glfw.plugin)
[python-1] 2026-09-08T13:17:42Z [25,162ms] [Warning] [omni.timeline.plugin] Deprecated: direct use of ITimeline callbacks is deprecated. Use ITimeline::getTimeline (Python: omni.timeline.get_timeline_interface) instead.
[python-1] 2026-09-08T13:17:42Z [25,514ms] [Warning] [omni.kit.viewport.menubar.lighting.actions] Not able to set the lighting mode, no lighting rig found for Stage Lights
[controller_server-7] [INFO] [1788873463.441920942] [local_costmap.local_costmap]: Timed out waiting for transform from base_link to odom to become available, tf error: Invalid frame ID "odom" passed to canTransform argument target_frame - frame does not exist
[scene_bridge-2] [INFO] [1788873463.827847788] [arena_scene_bridge]: SCENE_WALLS_OK count=4 world=map_empty
[controller_server-7] [INFO] [1788873463.941913754] [local_costmap.local_costmap]: Timed out waiting for transform from base_link to odom to become available, tf error: Invalid frame ID "odom" passed to canTransform argument target_frame - frame does not exist
[python-1] 2026-09-08T13:17:43Z [26,393ms] [Warning] [isaacsim.asset.importer.urdf] Creating Asset in an in-memory stage, will not create layered structure
[python-1] 2026-09-08T13:17:43Z [26,443ms] [Warning] [isaacsim.asset.importer.urdf] No mass specified for link base_link
[python-1] 2026-09-08T13:17:43Z [26,443ms] [Warning] [omni.usd] Warning: in _ReportErrors at line 3172 of /builds/omniverse/usd-ci/USD/pxr/usd/usd/stage.cpp -- In </jackal/base_link/visuals>: Unresolved reference prim path @anon:0x650cfa5eb130:World1.usd@</visuals/base_link> introduced by @anon:0x650cfa5eb130:World1.usd@</jackal/base_link/visuals> (recomposing stage on stage @anon:0x650cfa5eb130:World1.usd@ <0x650cfcbff320>)
[python-1] 
[python-1] 2026-09-08T13:17:43Z [26,443ms] [Warning] [omni.usd] Warning: in _ReportErrors at line 3172 of /builds/omniverse/usd-ci/USD/pxr/usd/usd/stage.cpp -- In </jackal/base_link/visuals>: Unresolved reference prim path @anon:0x650cfa5eb130:World1.usd@</visuals/base_link> introduced by @anon:0x650cfa5eb130:World1.usd@</jackal/base_link/visuals> (recomposing stage on stage @anon:0x650cfa5eb130:World1.usd@ <0x650cfcbff320>)
[python-1] 
[python-1] 2026-09-08T13:17:43Z [26,443ms] [Warning] [omni.usd] Warning: in _ReportErrors at line 3172 of /builds/omniverse/usd-ci/USD/pxr/usd/usd/stage.cpp -- In </jackal/base_link/visuals>: Unresolved reference prim path @anon:0x650cfa5eb130:World1.usd@</visuals/base_link> introduced by @anon:0x650cfa5eb130:World1.usd@</jackal/base_link/visuals> (recomposing stage on stage @anon:0x650cfa5eb130:World1.usd@ <0x650cfcbff320>)
[python-1] 
[python-1] 2026-09-08T13:17:43Z [26,444ms] [Warning] [omni.usd] Warning: in _ReportErrors at line 3172 of /builds/omniverse/usd-ci/USD/pxr/usd/usd/stage.cpp -- In </jackal/base_link/visuals>: Unresolved reference prim path @anon:0x650cfa5eb130:World1.usd@</visuals/base_link> introduced by @anon:0x650cfa5eb130:World1.usd@</jackal/base_link/visuals> (recomposing stage on stage @anon:0x650cfa5eb130:World1.usd@ <0x650cfcbff320>)
[python-1] 
[python-1] 2026-09-08T13:17:43Z [26,444ms] [Warning] [omni.usd] Warning: in _ReportErrors at line 3172 of /builds/omniverse/usd-ci/USD/pxr/usd/usd/stage.cpp -- In </jackal/base_link/visuals>: Unresolved reference prim path @anon:0x650cfa5eb130:World1.usd@</visuals/base_link> introduced by @anon:0x650cfa5eb130:World1.usd@</jackal/base_link/visuals> (recomposing stage on stage @anon:0x650cfa5eb130:World1.usd@ <0x650cfcbff320>)
[python-1] 
[python-1] 2026-09-08T13:17:43Z [26,444ms] [Warning] [omni.usd] Warning: in _ReportErrors at line 3172 of /builds/omniverse/usd-ci/USD/pxr/usd/usd/stage.cpp -- In </jackal/base_link/visuals>: Unresolved reference prim path @anon:0x650cfa5eb130:World1.usd@</visuals/base_link> introduced by @anon:0x650cfa5eb130:World1.usd@</jackal/base_link/visuals> (recomposing stage on stage @anon:0x650cfa5eb130:World1.usd@ <0x650cfcbff320>)
[python-1] 
[python-1] 2026-09-08T13:17:43Z [26,446ms] [Warning] [isaacsim.asset.importer.urdf] Link base_link has no colliders, and no inertia was imported; assigning a small isotropic inertia matrix
[python-1] 2026-09-08T13:17:43Z [26,511ms] [Warning] [isaacsim.asset.importer.urdf] No mass specified for link front_fender_link
[python-1] 2026-09-08T13:17:43Z [26,538ms] [Warning] [isaacsim.asset.importer.urdf] Link front_fender_link has no colliders, and no inertia was imported; assigning a small isotropic inertia matrix
[python-1] 2026-09-08T13:17:44Z [26,668ms] [Warning] [isaacsim.asset.importer.urdf] No mass specified for link imu_link
[python-1] 2026-09-08T13:17:44Z [26,669ms] [Warning] [omni.usd] Warning: in _ReportErrors at line 3172 of /builds/omniverse/usd-ci/USD/pxr/usd/usd/stage.cpp -- In </jackal/imu_link/visuals>: Unresolved reference prim path @anon:0x650cfa5eb130:World1.usd@</visuals/imu_link> introduced by @anon:0x650cfa5eb130:World1.usd@</jackal/imu_link/visuals> (recomposing stage on stage @anon:0x650cfa5eb130:World1.usd@ <0x650cfcbff320>)
[python-1] 
[python-1] 2026-09-08T13:17:44Z [26,669ms] [Warning] [omni.usd] Warning: in _ReportErrors at line 3172 of /builds/omniverse/usd-ci/USD/pxr/usd/usd/stage.cpp -- In </jackal/imu_link/visuals>: Unresolved reference prim path @anon:0x650cfa5eb130:World1.usd@</visuals/imu_link> introduced by @anon:0x650cfa5eb130:World1.usd@</jackal/imu_link/visuals> (recomposing stage on stage @anon:0x650cfa5eb130:World1.usd@ <0x650cfcbff320>)
[python-1] 
[python-1] 2026-09-08T13:17:44Z [26,669ms] [Warning] [omni.usd] Warning: in _ReportErrors at line 3172 of /builds/omniverse/usd-ci/USD/pxr/usd/usd/stage.cpp -- In </jackal/imu_link/visuals>: Unresolved reference prim path @anon:0x650cfa5eb130:World1.usd@</visuals/imu_link> introduced by @anon:0x650cfa5eb130:World1.usd@</jackal/imu_link/visuals> (recomposing stage on stage @anon:0x650cfa5eb130:World1.usd@ <0x650cfcbff320>)
[python-1] 
[python-1] 2026-09-08T13:17:44Z [26,670ms] [Warning] [omni.usd] Warning: in _ReportErrors at line 3172 of /builds/omniverse/usd-ci/USD/pxr/usd/usd/stage.cpp -- In </jackal/imu_link/visuals>: Unresolved reference prim path @anon:0x650cfa5eb130:World1.usd@</visuals/imu_link> introduced by @anon:0x650cfa5eb130:World1.usd@</jackal/imu_link/visuals> (recomposing stage on stage @anon:0x650cfa5eb130:World1.usd@ <0x650cfcbff320>)
[python-1] 
[python-1] 2026-09-08T13:17:44Z [26,670ms] [Warning] [omni.usd] Warning: in _ReportErrors at line 3172 of /builds/omniverse/usd-ci/USD/pxr/usd/usd/stage.cpp -- In </jackal/imu_link/visuals>: Unresolved reference prim path @anon:0x650cfa5eb130:World1.usd@</visuals/imu_link> introduced by @anon:0x650cfa5eb130:World1.usd@</jackal/imu_link/visuals> (recomposing stage on stage @anon:0x650cfa5eb130:World1.usd@ <0x650cfcbff320>)
[python-1] 
[python-1] 2026-09-08T13:17:44Z [26,670ms] [Warning] [omni.usd] Warning: in _ReportErrors at line 3172 of /builds/omniverse/usd-ci/USD/pxr/usd/usd/stage.cpp -- In </jackal/imu_link/visuals>: Unresolved reference prim path @anon:0x650cfa5eb130:World1.usd@</visuals/imu_link> introduced by @anon:0x650cfa5eb130:World1.usd@</jackal/imu_link/visuals> (recomposing stage on stage @anon:0x650cfa5eb130:World1.usd@ <0x650cfcbff320>)
[python-1] 
[python-1] 2026-09-08T13:17:44Z [26,672ms] [Warning] [isaacsim.asset.importer.urdf] Link imu_link has no colliders, and no inertia was imported; assigning a small isotropic inertia matrix
[python-1] 2026-09-08T13:17:44Z [26,688ms] [Warning] [isaacsim.asset.importer.urdf] No mass specified for link lidar_link
[python-1] 2026-09-08T13:17:44Z [26,725ms] [Warning] [isaacsim.asset.importer.urdf] No mass specified for link mid_mount
[python-1] 2026-09-08T13:17:44Z [26,726ms] [Warning] [omni.usd] Warning: in _ReportErrors at line 3172 of /builds/omniverse/usd-ci/USD/pxr/usd/usd/stage.cpp -- In </jackal/mid_mount/visuals>: Unresolved reference prim path @anon:0x650cfa5eb130:World1.usd@</visuals/mid_mount> introduced by @anon:0x650cfa5eb130:World1.usd@</jackal/mid_mount/visuals> (recomposing stage on stage @anon:0x650cfa5eb130:World1.usd@ <0x650cfcbff320>)
[python-1] 
[python-1] 2026-09-08T13:17:44Z [26,726ms] [Warning] [omni.usd] Warning: in _ReportErrors at line 3172 of /builds/omniverse/usd-ci/USD/pxr/usd/usd/stage.cpp -- In </jackal/mid_mount/visuals>: Unresolved reference prim path @anon:0x650cfa5eb130:World1.usd@</visuals/mid_mount> introduced by @anon:0x650cfa5eb130:World1.usd@</jackal/mid_mount/visuals> (recomposing stage on stage @anon:0x650cfa5eb130:World1.usd@ <0x650cfcbff320>)
[python-1] 
[python-1] 2026-09-08T13:17:44Z [26,726ms] [Warning] [omni.usd] Warning: in _ReportErrors at line 3172 of /builds/omniverse/usd-ci/USD/pxr/usd/usd/stage.cpp -- In </jackal/mid_mount/visuals>: Unresolved reference prim path @anon:0x650cfa5eb130:World1.usd@</visuals/mid_mount> introduced by @anon:0x650cfa5eb130:World1.usd@</jackal/mid_mount/visuals> (recomposing stage on stage @anon:0x650cfa5eb130:World1.usd@ <0x650cfcbff320>)
[python-1] 
[python-1] 2026-09-08T13:17:44Z [26,726ms] [Warning] [omni.usd] Warning: in _ReportErrors at line 3172 of /builds/omniverse/usd-ci/USD/pxr/usd/usd/stage.cpp -- In </jackal/mid_mount/visuals>: Unresolved reference prim path @anon:0x650cfa5eb130:World1.usd@</visuals/mid_mount> introduced by @anon:0x650cfa5eb130:World1.usd@</jackal/mid_mount/visuals> (recomposing stage on stage @anon:0x650cfa5eb130:World1.usd@ <0x650cfcbff320>)
[python-1] 
[python-1] 2026-09-08T13:17:44Z [26,726ms] [Warning] [omni.usd] Warning: in _ReportErrors at line 3172 of /builds/omniverse/usd-ci/USD/pxr/usd/usd/stage.cpp -- In </jackal/mid_mount/visuals>: Unresolved reference prim path @anon:0x650cfa5eb130:World1.usd@</visuals/mid_mount> introduced by @anon:0x650cfa5eb130:World1.usd@</jackal/mid_mount/visuals> (recomposing stage on stage @anon:0x650cfa5eb130:World1.usd@ <0x650cfcbff320>)
[python-1] 
[python-1] 2026-09-08T13:17:44Z [26,726ms] [Warning] [omni.usd] Warning: in _ReportErrors at line 3172 of /builds/omniverse/usd-ci/USD/pxr/usd/usd/stage.cpp -- In </jackal/mid_mount/visuals>: Unresolved reference prim path @anon:0x650cfa5eb130:World1.usd@</visuals/mid_mount> introduced by @anon:0x650cfa5eb130:World1.usd@</jackal/mid_mount/visuals> (recomposing stage on stage @anon:0x650cfa5eb130:World1.usd@ <0x650cfcbff320>)
[python-1] 
[python-1] 2026-09-08T13:17:44Z [26,729ms] [Warning] [isaacsim.asset.importer.urdf] Link mid_mount has no colliders, and no inertia was imported; assigning a small isotropic inertia matrix
[python-1] 2026-09-08T13:17:44Z [26,745ms] [Warning] [isaacsim.asset.importer.urdf] No mass specified for link front_mount
[python-1] 2026-09-08T13:17:44Z [26,746ms] [Warning] [omni.usd] Warning: in _ReportErrors at line 3172 of /builds/omniverse/usd-ci/USD/pxr/usd/usd/stage.cpp -- In </jackal/front_mount/visuals>: Unresolved reference prim path @anon:0x650cfa5eb130:World1.usd@</visuals/front_mount> introduced by @anon:0x650cfa5eb130:World1.usd@</jackal/front_mount/visuals> (recomposing stage on stage @anon:0x650cfa5eb130:World1.usd@ <0x650cfcbff320>)
[python-1] 
[python-1] 2026-09-08T13:17:44Z [26,746ms] [Warning] [omni.usd] Warning: in _ReportErrors at line 3172 of /builds/omniverse/usd-ci/USD/pxr/usd/usd/stage.cpp -- In </jackal/front_mount/visuals>: Unresolved reference prim path @anon:0x650cfa5eb130:World1.usd@</visuals/front_mount> introduced by @anon:0x650cfa5eb130:World1.usd@</jackal/front_mount/visuals> (recomposing stage on stage @anon:0x650cfa5eb130:World1.usd@ <0x650cfcbff320>)
[python-1] 
[python-1] 2026-09-08T13:17:44Z [26,746ms] [Warning] [omni.usd] Warning: in _ReportErrors at line 3172 of /builds/omniverse/usd-ci/USD/pxr/usd/usd/stage.cpp -- In </jackal/front_mount/visuals>: Unresolved reference prim path @anon:0x650cfa5eb130:World1.usd@</visuals/front_mount> introduced by @anon:0x650cfa5eb130:World1.usd@</jackal/front_mount/visuals> (recomposing stage on stage @anon:0x650cfa5eb130:World1.usd@ <0x650cfcbff320>)
[python-1] 
[python-1] 2026-09-08T13:17:44Z [26,747ms] [Warning] [omni.usd] Warning: in _ReportErrors at line 3172 of /builds/omniverse/usd-ci/USD/pxr/usd/usd/stage.cpp -- In </jackal/front_mount/visuals>: Unresolved reference prim path @anon:0x650cfa5eb130:World1.usd@</visuals/front_mount> introduced by @anon:0x650cfa5eb130:World1.usd@</jackal/front_mount/visuals> (recomposing stage on stage @anon:0x650cfa5eb130:World1.usd@ <0x650cfcbff320>)
[python-1] 
[python-1] 2026-09-08T13:17:44Z [26,747ms] [Warning] [omni.usd] Warning: in _ReportErrors at line 3172 of /builds/omniverse/usd-ci/USD/pxr/usd/usd/stage.cpp -- In </jackal/front_mount/visuals>: Unresolved reference prim path @anon:0x650cfa5eb130:World1.usd@</visuals/front_mount> introduced by @anon:0x650cfa5eb130:World1.usd@</jackal/front_mount/visuals> (recomposing stage on stage @anon:0x650cfa5eb130:World1.usd@ <0x650cfcbff320>)
[python-1] 
[python-1] 2026-09-08T13:17:44Z [26,747ms] [Warning] [omni.usd] Warning: in _ReportErrors at line 3172 of /builds/omniverse/usd-ci/USD/pxr/usd/usd/stage.cpp -- In </jackal/front_mount/visuals>: Unresolved reference prim path @anon:0x650cfa5eb130:World1.usd@</visuals/front_mount> introduced by @anon:0x650cfa5eb130:World1.usd@</jackal/front_mount/visuals> (recomposing stage on stage @anon:0x650cfa5eb130:World1.usd@ <0x650cfcbff320>)
[python-1] 
[python-1] 2026-09-08T13:17:44Z [26,748ms] [Warning] [isaacsim.asset.importer.urdf] Link front_mount has no colliders, and no inertia was imported; assigning a small isotropic inertia matrix
[python-1] 2026-09-08T13:17:44Z [26,765ms] [Warning] [isaacsim.asset.importer.urdf] No mass specified for link rear_mount
[python-1] 2026-09-08T13:17:44Z [26,765ms] [Warning] [omni.usd] Warning: in _ReportErrors at line 3172 of /builds/omniverse/usd-ci/USD/pxr/usd/usd/stage.cpp -- In </jackal/rear_mount/visuals>: Unresolved reference prim path @anon:0x650cfa5eb130:World1.usd@</visuals/rear_mount> introduced by @anon:0x650cfa5eb130:World1.usd@</jackal/rear_mount/visuals> (recomposing stage on stage @anon:0x650cfa5eb130:World1.usd@ <0x650cfcbff320>)
[python-1] 
[python-1] 2026-09-08T13:17:44Z [26,765ms] [Warning] [omni.usd] Warning: in _ReportErrors at line 3172 of /builds/omniverse/usd-ci/USD/pxr/usd/usd/stage.cpp -- In </jackal/rear_mount/visuals>: Unresolved reference prim path @anon:0x650cfa5eb130:World1.usd@</visuals/rear_mount> introduced by @anon:0x650cfa5eb130:World1.usd@</jackal/rear_mount/visuals> (recomposing stage on stage @anon:0x650cfa5eb130:World1.usd@ <0x650cfcbff320>)
[python-1] 
[python-1] 2026-09-08T13:17:44Z [26,765ms] [Warning] [omni.usd] Warning: in _ReportErrors at line 3172 of /builds/omniverse/usd-ci/USD/pxr/usd/usd/stage.cpp -- In </jackal/rear_mount/visuals>: Unresolved reference prim path @anon:0x650cfa5eb130:World1.usd@</visuals/rear_mount> introduced by @anon:0x650cfa5eb130:World1.usd@</jackal/rear_mount/visuals> (recomposing stage on stage @anon:0x650cfa5eb130:World1.usd@ <0x650cfcbff320>)
[python-1] 
[python-1] 2026-09-08T13:17:44Z [26,766ms] [Warning] [omni.usd] Warning: in _ReportErrors at line 3172 of /builds/omniverse/usd-ci/USD/pxr/usd/usd/stage.cpp -- In </jackal/rear_mount/visuals>: Unresolved reference prim path @anon:0x650cfa5eb130:World1.usd@</visuals/rear_mount> introduced by @anon:0x650cfa5eb130:World1.usd@</jackal/rear_mount/visuals> (recomposing stage on stage @anon:0x650cfa5eb130:World1.usd@ <0x650cfcbff320>)
[python-1] 
[python-1] 2026-09-08T13:17:44Z [26,766ms] [Warning] [omni.usd] Warning: in _ReportErrors at line 3172 of /builds/omniverse/usd-ci/USD/pxr/usd/usd/stage.cpp -- In </jackal/rear_mount/visuals>: Unresolved reference prim path @anon:0x650cfa5eb130:World1.usd@</visuals/rear_mount> introduced by @anon:0x650cfa5eb130:World1.usd@</jackal/rear_mount/visuals> (recomposing stage on stage @anon:0x650cfa5eb130:World1.usd@ <0x650cfcbff320>)
[python-1] 
[python-1] 2026-09-08T13:17:44Z [26,766ms] [Warning] [omni.usd] Warning: in _ReportErrors at line 3172 of /builds/omniverse/usd-ci/USD/pxr/usd/usd/stage.cpp -- In </jackal/rear_mount/visuals>: Unresolved reference prim path @anon:0x650cfa5eb130:World1.usd@</visuals/rear_mount> introduced by @anon:0x650cfa5eb130:World1.usd@</jackal/rear_mount/visuals> (recomposing stage on stage @anon:0x650cfa5eb130:World1.usd@ <0x650cfcbff320>)
[python-1] 
[python-1] 2026-09-08T13:17:44Z [26,768ms] [Warning] [isaacsim.asset.importer.urdf] Link rear_mount has no colliders, and no inertia was imported; assigning a small isotropic inertia matrix
[python-1] 2026-09-08T13:17:44Z [26,785ms] [Warning] [isaacsim.asset.importer.urdf] No mass specified for link navsat_link
[python-1] 2026-09-08T13:17:44Z [26,796ms] [Warning] [isaacsim.asset.importer.urdf] Link navsat_link has no colliders, and no inertia was imported; assigning a small isotropic inertia matrix
[python-1] 2026-09-08T13:17:44Z [26,813ms] [Warning] [isaacsim.asset.importer.urdf] No mass specified for link rear_fender_link
[python-1] 2026-09-08T13:17:44Z [26,824ms] [Warning] [isaacsim.asset.importer.urdf] Link rear_fender_link has no colliders, and no inertia was imported; assigning a small isotropic inertia matrix
[python-1] 2026-09-08T13:17:44Z [26,940ms] [Warning] [omni.usd] Warning: in _ReportErrors at line 3172 of /builds/omniverse/usd-ci/USD/pxr/usd/usd/stage.cpp -- In </World/arena_robot/mid_mount/visuals>: Unresolved reference prim path @anon:0x650cfa5eb130:World1.usd@</visuals/mid_mount> introduced by @anon:0x650cfa5eb130:World1.usd@</World/arena_robot/mid_mount/visuals> (recomposing stage on stage @anon:0x650cfa5eb130:World1.usd@ <0x650cfcbff320>)
[python-1] 
[python-1] 2026-09-08T13:17:44Z [26,940ms] [Warning] [omni.usd] Warning: in _ReportErrors at line 3172 of /builds/omniverse/usd-ci/USD/pxr/usd/usd/stage.cpp -- In </World/arena_robot/mid_mount/visuals>: Unresolved reference prim path @anon:0x650cfa5eb130:World1.usd@</visuals/mid_mount> introduced by @anon:0x650cfa5eb130:World1.usd@</World/arena_robot/mid_mount/visuals> (recomposing stage on stage @anon:0x650cfa5eb130:World1.usd@ <0x650cfcbff320>)
[python-1] 
[python-1] 2026-09-08T13:17:44Z [26,940ms] [Warning] [omni.usd] Warning: in _ReportErrors at line 3172 of /builds/omniverse/usd-ci/USD/pxr/usd/usd/stage.cpp -- In </World/arena_robot/mid_mount/visuals>: Unresolved reference prim path @anon:0x650cfa5eb130:World1.usd@</visuals/mid_mount> introduced by @anon:0x650cfa5eb130:World1.usd@</World/arena_robot/mid_mount/visuals> (recomposing stage on stage @anon:0x650cfa5eb130:World1.usd@ <0x650cfcbff320>)
[python-1] 
[python-1] 2026-09-08T13:17:44Z [26,940ms] [Warning] [omni.usd] Warning: in _ReportErrors at line 3172 of /builds/omniverse/usd-ci/USD/pxr/usd/usd/stage.cpp -- In </World/arena_robot/base_link/visuals>: Unresolved reference prim path @anon:0x650cfa5eb130:World1.usd@</visuals/base_link> introduced by @anon:0x650cfa5eb130:World1.usd@</World/arena_robot/base_link/visuals> (recomposing stage on stage @anon:0x650cfa5eb130:World1.usd@ <0x650cfcbff320>)
[python-1] 
[python-1] 2026-09-08T13:17:44Z [26,940ms] [Warning] [omni.usd] Warning: in _ReportErrors at line 3172 of /builds/omniverse/usd-ci/USD/pxr/usd/usd/stage.cpp -- In </World/arena_robot/base_link/visuals>: Unresolved reference prim path @anon:0x650cfa5eb130:World1.usd@</visuals/base_link> introduced by @anon:0x650cfa5eb130:World1.usd@</World/arena_robot/base_link/visuals> (recomposing stage on stage @anon:0x650cfa5eb130:World1.usd@ <0x650cfcbff320>)
[python-1] 
[python-1] 2026-09-08T13:17:44Z [26,940ms] [Warning] [omni.usd] Warning: in _ReportErrors at line 3172 of /builds/omniverse/usd-ci/USD/pxr/usd/usd/stage.cpp -- In </World/arena_robot/base_link/visuals>: Unresolved reference prim path @anon:0x650cfa5eb130:World1.usd@</visuals/base_link> introduced by @anon:0x650cfa5eb130:World1.usd@</World/arena_robot/base_link/visuals> (recomposing stage on stage @anon:0x650cfa5eb130:World1.usd@ <0x650cfcbff320>)
[python-1] 
[python-1] 2026-09-08T13:17:44Z [26,941ms] [Warning] [omni.usd] Warning: in _ReportErrors at line 3172 of /builds/omniverse/usd-ci/USD/pxr/usd/usd/stage.cpp -- In </World/arena_robot/imu_link/visuals>: Unresolved reference prim path @anon:0x650cfa5eb130:World1.usd@</visuals/imu_link> introduced by @anon:0x650cfa5eb130:World1.usd@</World/arena_robot/imu_link/visuals> (recomposing stage on stage @anon:0x650cfa5eb130:World1.usd@ <0x650cfcbff320>)
[python-1] 
[python-1] 2026-09-08T13:17:44Z [26,941ms] [Warning] [omni.usd] Warning: in _ReportErrors at line 3172 of /builds/omniverse/usd-ci/USD/pxr/usd/usd/stage.cpp -- In </World/arena_robot/imu_link/visuals>: Unresolved reference prim path @anon:0x650cfa5eb130:World1.usd@</visuals/imu_link> introduced by @anon:0x650cfa5eb130:World1.usd@</World/arena_robot/imu_link/visuals> (recomposing stage on stage @anon:0x650cfa5eb130:World1.usd@ <0x650cfcbff320>)
[python-1] 
[python-1] 2026-09-08T13:17:44Z [26,941ms] [Warning] [omni.usd] Warning: in _ReportErrors at line 3172 of /builds/omniverse/usd-ci/USD/pxr/usd/usd/stage.cpp -- In </World/arena_robot/imu_link/visuals>: Unresolved reference prim path @anon:0x650cfa5eb130:World1.usd@</visuals/imu_link> introduced by @anon:0x650cfa5eb130:World1.usd@</World/arena_robot/imu_link/visuals> (recomposing stage on stage @anon:0x650cfa5eb130:World1.usd@ <0x650cfcbff320>)
[python-1] 
[python-1] 2026-09-08T13:17:44Z [26,941ms] [Warning] [omni.usd] Warning: in _ReportErrors at line 3172 of /builds/omniverse/usd-ci/USD/pxr/usd/usd/stage.cpp -- In </World/arena_robot/front_mount/visuals>: Unresolved reference prim path @anon:0x650cfa5eb130:World1.usd@</visuals/front_mount> introduced by @anon:0x650cfa5eb130:World1.usd@</World/arena_robot/front_mount/visuals> (recomposing stage on stage @anon:0x650cfa5eb130:World1.usd@ <0x650cfcbff320>)
[python-1] 
[python-1] 2026-09-08T13:17:44Z [26,941ms] [Warning] [omni.usd] Warning: in _ReportErrors at line 3172 of /builds/omniverse/usd-ci/USD/pxr/usd/usd/stage.cpp -- In </World/arena_robot/front_mount/visuals>: Unresolved reference prim path @anon:0x650cfa5eb130:World1.usd@</visuals/front_mount> introduced by @anon:0x650cfa5eb130:World1.usd@</World/arena_robot/front_mount/visuals> (recomposing stage on stage @anon:0x650cfa5eb130:World1.usd@ <0x650cfcbff320>)
[python-1] 
[python-1] 2026-09-08T13:17:44Z [26,941ms] [Warning] [omni.usd] Warning: in _ReportErrors at line 3172 of /builds/omniverse/usd-ci/USD/pxr/usd/usd/stage.cpp -- In </World/arena_robot/front_mount/visuals>: Unresolved reference prim path @anon:0x650cfa5eb130:World1.usd@</visuals/front_mount> introduced by @anon:0x650cfa5eb130:World1.usd@</World/arena_robot/front_mount/visuals> (recomposing stage on stage @anon:0x650cfa5eb130:World1.usd@ <0x650cfcbff320>)
[python-1] 
[python-1] 2026-09-08T13:17:44Z [26,941ms] [Warning] [omni.usd] Warning: in _ReportErrors at line 3172 of /builds/omniverse/usd-ci/USD/pxr/usd/usd/stage.cpp -- In </World/arena_robot/rear_mount/visuals>: Unresolved reference prim path @anon:0x650cfa5eb130:World1.usd@</visuals/rear_mount> introduced by @anon:0x650cfa5eb130:World1.usd@</World/arena_robot/rear_mount/visuals> (recomposing stage on stage @anon:0x650cfa5eb130:World1.usd@ <0x650cfcbff320>)
[python-1] 
[python-1] 2026-09-08T13:17:44Z [26,941ms] [Warning] [omni.usd] Warning: in _ReportErrors at line 3172 of /builds/omniverse/usd-ci/USD/pxr/usd/usd/stage.cpp -- In </World/arena_robot/rear_mount/visuals>: Unresolved reference prim path @anon:0x650cfa5eb130:World1.usd@</visuals/rear_mount> introduced by @anon:0x650cfa5eb130:World1.usd@</World/arena_robot/rear_mount/visuals> (recomposing stage on stage @anon:0x650cfa5eb130:World1.usd@ <0x650cfcbff320>)
[python-1] 
[controller_server-7] [INFO] [1788873464.441916772] [local_costmap.local_costmap]: Timed out waiting for transform from base_link to odom to become available, tf error: Invalid frame ID "odom" passed to canTransform argument target_frame - frame does not exist
[controller_server-7] [INFO] [1788873464.941914801] [local_costmap.local_costmap]: Timed out waiting for transform from base_link to odom to become available, tf error: Invalid frame ID "odom" passed to canTransform argument target_frame - frame does not exist
[controller_server-7] [INFO] [1788873465.441916506] [local_costmap.local_costmap]: Timed out waiting for transform from base_link to odom to become available, tf error: Invalid frame ID "odom" passed to canTransform argument target_frame - frame does not exist
[controller_server-7] [INFO] [1788873465.941924958] [local_costmap.local_costmap]: Timed out waiting for transform from base_link to odom to become available, tf error: Invalid frame ID "odom" passed to canTransform argument target_frame - frame does not exist
[controller_server-7] [INFO] [1788873466.441929714] [local_costmap.local_costmap]: Timed out waiting for transform from base_link to odom to become available, tf error: Invalid frame ID "odom" passed to canTransform argument target_frame - frame does not exist
[controller_server-7] [INFO] [1788873466.941913908] [local_costmap.local_costmap]: Timed out waiting for transform from base_link to odom to become available, tf error: Invalid frame ID "odom" passed to canTransform argument target_frame - frame does not exist
[controller_server-7] [INFO] [1788873467.441919148] [local_costmap.local_costmap]: Timed out waiting for transform from base_link to odom to become available, tf error: Invalid frame ID "odom" passed to canTransform argument target_frame - frame does not exist
[controller_server-7] [INFO] [1788873467.941936607] [local_costmap.local_costmap]: Timed out waiting for transform from base_link to odom to become available, tf error: Invalid frame ID "odom" passed to canTransform argument target_frame - frame does not exist
[controller_server-7] [INFO] [1788873468.441933062] [local_costmap.local_costmap]: Timed out waiting for transform from base_link to odom to become available, tf error: Invalid frame ID "odom" passed to canTransform argument target_frame - frame does not exist
[controller_server-7] [INFO] [1788873468.941938145] [local_costmap.local_costmap]: Timed out waiting for transform from base_link to odom to become available, tf error: Invalid frame ID "odom" passed to canTransform argument target_frame - frame does not exist
[controller_server-7] [INFO] [1788873469.441943477] [local_costmap.local_costmap]: Timed out waiting for transform from base_link to odom to become available, tf error: Invalid frame ID "odom" passed to canTransform argument target_frame - frame does not exist
[controller_server-7] [INFO] [1788873469.941934988] [local_costmap.local_costmap]: Timed out waiting for transform from base_link to odom to become available, tf error: Invalid frame ID "odom" passed to canTransform argument target_frame - frame does not exist
[scene_bridge-2] [INFO] [1788873470.049167980] [arena_scene_bridge]: SCENE_ROBOT_OK path=/World/arena_robot model=jackal
[controller_server-7] [INFO] [1788873470.442076055] [local_costmap.local_costmap]: start
[controller_server-7] [INFO] [1788873470.543427852] [controller_server]: Creating bond (controller_server) to lifecycle manager.
[lifecycle_manager-14] [INFO] [1788873470.649800187] [lifecycle_manager_navigation]: Server controller_server connected with bond.
[lifecycle_manager-14] [INFO] [1788873470.649921506] [lifecycle_manager_navigation]: [34m[1mActivating smoother_server[0m[0m
[smoother_server-8] [INFO] [1788873470.650380119] [smoother_server]: Activating
[smoother_server-8] [INFO] [1788873470.650461297] [smoother_server]: Creating bond (smoother_server) to lifecycle manager.
[lifecycle_manager-14] [INFO] [1788873470.757573461] [lifecycle_manager_navigation]: Server smoother_server connected with bond.
[lifecycle_manager-14] [INFO] [1788873470.757656944] [lifecycle_manager_navigation]: [34m[1mActivating planner_server[0m[0m
[planner_server-9] [INFO] [1788873470.758084466] [planner_server]: Activating
[planner_server-9] [INFO] [1788873470.758189252] [global_costmap.global_costmap]: Activating
[planner_server-9] [INFO] [1788873470.758245740] [global_costmap.global_costmap]: Checking transform
[planner_server-9] [INFO] [1788873470.758484214] [global_costmap.global_costmap]: start
[planner_server-9] [INFO] [1788873471.009894234] [planner_server]: Activating plugin GridBased of type NavfnPlanner
[planner_server-9] [INFO] [1788873471.011866099] [planner_server]: Creating bond (planner_server) to lifecycle manager.
[lifecycle_manager-14] [INFO] [1788873471.119200880] [lifecycle_manager_navigation]: Server planner_server connected with bond.
[lifecycle_manager-14] [INFO] [1788873471.119376892] [lifecycle_manager_navigation]: [34m[1mActivating behavior_server[0m[0m
[behavior_server-10] [INFO] [1788873471.119850778] [behavior_server]: Activating
[behavior_server-10] [INFO] [1788873471.119911390] [behavior_server]: Activating spin
[behavior_server-10] [INFO] [1788873471.119934598] [behavior_server]: Activating backup
[behavior_server-10] [INFO] [1788873471.119952883] [behavior_server]: Activating drive_on_heading
[behavior_server-10] [INFO] [1788873471.119969292] [behavior_server]: Activating wait
[behavior_server-10] [INFO] [1788873471.119986305] [behavior_server]: Creating bond (behavior_server) to lifecycle manager.
[lifecycle_manager-14] [INFO] [1788873471.227970484] [lifecycle_manager_navigation]: Server behavior_server connected with bond.
[lifecycle_manager-14] [INFO] [1788873471.228054834] [lifecycle_manager_navigation]: [34m[1mActivating bt_navigator[0m[0m
[bt_navigator-11] [INFO] [1788873471.228489547] [bt_navigator]: Activating
[bt_navigator-11] [INFO] [1788873471.244191632] [bt_navigator]: Creating bond (bt_navigator) to lifecycle manager.
[planner_server-9] [INFO] [1788873471.251364046] [global_costmap.global_costmap]: Received request to clear entirely the global_costmap
[controller_server-7] [INFO] [1788873471.254336570] [local_costmap.local_costmap]: Received request to clear entirely the local_costmap
[lifecycle_manager-14] [INFO] [1788873471.351388687] [lifecycle_manager_navigation]: Server bt_navigator connected with bond.
[lifecycle_manager-14] [INFO] [1788873471.351526053] [lifecycle_manager_navigation]: [34m[1mActivating waypoint_follower[0m[0m
[waypoint_follower-12] [INFO] [1788873471.352005901] [waypoint_follower]: Activating
[waypoint_follower-12] [INFO] [1788873471.352077873] [waypoint_follower]: Creating bond (waypoint_follower) to lifecycle manager.
[lifecycle_manager-14] [INFO] [1788873471.459785564] [lifecycle_manager_navigation]: Server waypoint_follower connected with bond.
[lifecycle_manager-14] [INFO] [1788873471.459860678] [lifecycle_manager_navigation]: [34m[1mActivating velocity_smoother[0m[0m
[velocity_smoother-13] [INFO] [1788873471.460345734] [velocity_smoother]: Activating
[velocity_smoother-13] [INFO] [1788873471.460428015] [velocity_smoother]: Creating bond (velocity_smoother) to lifecycle manager.
[lifecycle_manager-14] [INFO] [1788873471.567822913] [lifecycle_manager_navigation]: Server velocity_smoother connected with bond.
[lifecycle_manager-14] [INFO] [1788873471.567946031] [lifecycle_manager_navigation]: [34m[1mManaged nodes are active[0m[0m
[lifecycle_manager-14] [INFO] [1788873471.567966337] [lifecycle_manager_navigation]: [34m[1mCreating bond timer...[0m[0m
[controller_server-7] [WARN] [1788873472.342363498] [local_costmap.local_costmap]: The /lidar observation buffer has not been updated for 0.37 seconds, and it should be updated every 0.30 seconds.
[controller_server-7] [WARN] [1788873472.342474675] [local_costmap.local_costmap]: The /lidar observation buffer has not been updated for 0.37 seconds, and it should be updated every 0.30 seconds.
[controller_server-7] [WARN] [1788873472.442377079] [local_costmap.local_costmap]: The /lidar observation buffer has not been updated for 0.45 seconds, and it should be updated every 0.30 seconds.
[controller_server-7] [WARN] [1788873472.442455617] [local_costmap.local_costmap]: The /lidar observation buffer has not been updated for 0.45 seconds, and it should be updated every 0.30 seconds.
[controller_server-7] [WARN] [1788873472.542428976] [local_costmap.local_costmap]: The /lidar observation buffer has not been updated for 0.55 seconds, and it should be updated every 0.30 seconds.
[controller_server-7] [WARN] [1788873472.542513252] [local_costmap.local_costmap]: The /lidar observation buffer has not been updated for 0.55 seconds, and it should be updated every 0.30 seconds.
[controller_server-7] [WARN] [1788873472.642375742] [local_costmap.local_costmap]: The /lidar observation buffer has not been updated for 0.63 seconds, and it should be updated every 0.30 seconds.
[controller_server-7] [WARN] [1788873472.642454770] [local_costmap.local_costmap]: The /lidar observation buffer has not been updated for 0.63 seconds, and it should be updated every 0.30 seconds.
[bt_navigator-11] [INFO] [1788873472.963745199] [bt_navigator]: Begin navigating from current location (3.00, 3.00) to (3.00, 3.00)
[controller_server-7] [INFO] [1788873473.164686385] [controller_server]: Received a goal, begin computing control effort.
[controller_server-7] [WARN] [1788873473.164794801] [controller_server]: No goal checker was specified in parameter 'current_goal_checker'. Server will use only plugin loaded goal_checker . This warning will appear once.
[mpc_command_watchdog-15] [WARN] [1788873473.229104883] [mpc_command_watchdog]: publishing zero command: command_sequence
[mpc_command_watchdog-15] [INFO] [1788873473.269084953] [mpc_command_watchdog]: command forwarding enabled
[controller_server-7] [INFO] [1788873473.664935200] [controller_server]: Passing new path to controller.
[controller_server-7] [INFO] [1788873474.164954872] [controller_server]: Passing new path to controller.
[controller_server-7] [INFO] [1788873474.664933866] [controller_server]: Passing new path to controller.
[controller_server-7] [INFO] [1788873475.164925873] [controller_server]: Passing new path to controller.
[controller_server-7] [INFO] [1788873475.664921852] [controller_server]: Passing new path to controller.
[controller_server-7] [INFO] [1788873476.164941020] [controller_server]: Passing new path to controller.
[controller_server-7] [INFO] [1788873476.664923837] [controller_server]: Passing new path to controller.
[controller_server-7] [INFO] [1788873477.164921431] [controller_server]: Passing new path to controller.
[controller_server-7] [INFO] [1788873477.664929771] [controller_server]: Passing new path to controller.
[controller_server-7] [INFO] [1788873478.164921128] [controller_server]: Passing new path to controller.
[controller_server-7] [INFO] [1788873478.664912705] [controller_server]: Passing new path to controller.
[controller_server-7] [INFO] [1788873478.896413726] [controller_server]: Reached the goal!
[mpc_command_watchdog-15] [WARN] [1788873479.149248436] [mpc_command_watchdog]: publishing zero command: status_lease
[bt_navigator-11] [INFO] [1788873479.364119644] [bt_navigator]: Goal succeeded
[bt_navigator-11] [INFO] [1788873479.367065835] [bt_navigator]: Begin navigating from current location (3.01, 3.01) to (3.00, 3.00)
[controller_server-7] [INFO] [1788873479.567846263] [controller_server]: Received a goal, begin computing control effort.
[controller_server-7] [INFO] [1788873479.567958326] [controller_server]: Passing new path to controller.
[mpc_command_watchdog-15] [INFO] [1788873479.629188349] [mpc_command_watchdog]: command forwarding enabled
[controller_server-7] [INFO] [1788873480.068027235] [controller_server]: Passing new path to controller.
[controller_server-7] [INFO] [1788873480.568038735] [controller_server]: Passing new path to controller.
[controller_server-7] [INFO] [1788873481.068046879] [controller_server]: Passing new path to controller.
[controller_server-7] [INFO] [1788873481.568207481] [controller_server]: Passing new path to controller.
[controller_server-7] [INFO] [1788873482.168079343] [controller_server]: Passing new path to controller.
[controller_server-7] [INFO] [1788873482.568049158] [controller_server]: Passing new path to controller.
[controller_server-7] [INFO] [1788873483.068067542] [controller_server]: Passing new path to controller.
[controller_server-7] [INFO] [1788873483.568053473] [controller_server]: Passing new path to controller.
[mpc_command_watchdog-15] [WARN] [1788873483.769261372] [mpc_command_watchdog]: publishing zero command: controller_status
[mpc_command_watchdog-15] [WARN] [1788873483.809276072] [mpc_command_watchdog]: publishing zero command: command_sequence
[controller_server-7] [INFO] [1788873484.068054524] [controller_server]: Passing new path to controller.
[mpc_command_watchdog-15] [INFO] [1788873484.269286769] [mpc_command_watchdog]: command forwarding enabled
[controller_server-7] [INFO] [1788873484.568076905] [controller_server]: Passing new path to controller.
[controller_server-7] [INFO] [1788873485.068065310] [controller_server]: Passing new path to controller.
[controller_server-7] [INFO] [1788873485.568037871] [controller_server]: Passing new path to controller.
[controller_server-7] [INFO] [1788873486.068041620] [controller_server]: Passing new path to controller.
[controller_server-7] [INFO] [1788873486.568045991] [controller_server]: Passing new path to controller.
[controller_server-7] [INFO] [1788873487.068042032] [controller_server]: Passing new path to controller.
[controller_server-7] [INFO] [1788873487.414911573] [controller_server]: Reached the goal!
[controller_server-7] [INFO] [1788873487.567835695] [controller_server]: Received a goal, begin computing control effort.
[controller_server-7] [INFO] [1788873487.616033043] [controller_server]: Reached the goal!
[mpc_command_watchdog-15] [WARN] [1788873487.869263923] [mpc_command_watchdog]: publishing zero command: status_lease
[bt_navigator-11] [INFO] [1788873487.967435817] [bt_navigator]: Goal succeeded
[bt_navigator-11] [INFO] [1788873487.969751313] [bt_navigator]: Begin navigating from current location (3.00, 3.02) to (3.00, 3.00)
[controller_server-7] [INFO] [1788873488.170483535] [controller_server]: Received a goal, begin computing control effort.
[mpc_command_watchdog-15] [INFO] [1788873488.229364114] [mpc_command_watchdog]: command forwarding enabled
[controller_server-7] [INFO] [1788873488.670693733] [controller_server]: Passing new path to controller.
[controller_server-7] [INFO] [1788873489.170683504] [controller_server]: Passing new path to controller.
[controller_server-7] [INFO] [1788873489.670684471] [controller_server]: Passing new path to controller.
[controller_server-7] [INFO] [1788873490.170688677] [controller_server]: Passing new path to controller.
[controller_server-7] [INFO] [1788873490.670694212] [controller_server]: Passing new path to controller.
[controller_server-7] [INFO] [1788873491.170676355] [controller_server]: Passing new path to controller.
[controller_server-7] [INFO] [1788873491.670697131] [controller_server]: Passing new path to controller.
[controller_server-7] [INFO] [1788873492.170683591] [controller_server]: Passing new path to controller.
[controller_server-7] [INFO] [1788873492.670686976] [controller_server]: Passing new path to controller.
[controller_server-7] [INFO] [1788873493.170681085] [controller_server]: Passing new path to controller.
[controller_server-7] [INFO] [1788873493.670688817] [controller_server]: Passing new path to controller.
[controller_server-7] [INFO] [1788873494.170684564] [controller_server]: Passing new path to controller.
[controller_server-7] [INFO] [1788873494.416299289] [controller_server]: Reached the goal!
[mpc_command_watchdog-15] [WARN] [1788873494.669338978] [mpc_command_watchdog]: publishing zero command: status_lease
[bt_navigator-11] [INFO] [1788873494.870184770] [bt_navigator]: Goal succeeded
[bt_navigator-11] [INFO] [1788873494.872762013] [bt_navigator]: Begin navigating from current location (2.99, 3.00) to (3.00, 3.00)
[controller_server-7] [INFO] [1788873495.073454559] [controller_server]: Received a goal, begin computing control effort.
[controller_server-7] [INFO] [1788873495.073584143] [controller_server]: Passing new path to controller.
[mpc_command_watchdog-15] [WARN] [1788873495.129319556] [mpc_command_watchdog]: publishing zero command: smooth_lease
[mpc_command_watchdog-15] [INFO] [1788873495.169326276] [mpc_command_watchdog]: command forwarding enabled
[controller_server-7] [INFO] [1788873495.573652660] [controller_server]: Passing new path to controller.
[controller_server-7] [INFO] [1788873496.073659983] [controller_server]: Passing new path to controller.
[controller_server-7] [INFO] [1788873496.573671187] [controller_server]: Passing new path to controller.
[controller_server-7] [INFO] [1788873497.073673679] [controller_server]: Passing new path to controller.
[controller_server-7] [INFO] [1788873497.573661495] [controller_server]: Passing new path to controller.
[controller_server-7] [INFO] [1788873498.073658623] [controller_server]: Passing new path to controller.
[controller_server-7] [INFO] [1788873498.573681417] [controller_server]: Passing new path to controller.
[controller_server-7] [INFO] [1788873499.073658194] [controller_server]: Passing new path to controller.
[controller_server-7] [INFO] [1788873499.573661208] [controller_server]: Passing new path to controller.
[controller_server-7] [INFO] [1788873500.073657939] [controller_server]: Passing new path to controller.
[controller_server-7] [INFO] [1788873500.573660848] [controller_server]: Passing new path to controller.
[controller_server-7] [INFO] [1788873501.073657336] [controller_server]: Passing new path to controller.
[controller_server-7] [INFO] [1788873501.319395022] [controller_server]: Reached the goal!
[mpc_command_watchdog-15] [WARN] [1788873501.589422460] [mpc_command_watchdog]: publishing zero command: status_lease
[bt_navigator-11] [INFO] [1788873501.773122405] [bt_navigator]: Goal succeeded
[bt_navigator-11] [INFO] [1788873501.775371957] [bt_navigator]: Begin navigating from current location (3.00, 2.99) to (3.00, 3.00)
[controller_server-7] [INFO] [1788873501.976067062] [controller_server]: Received a goal, begin computing control effort.
[controller_server-7] [INFO] [1788873501.976192606] [controller_server]: Passing new path to controller.
[mpc_command_watchdog-15] [WARN] [1788873502.029339124] [mpc_command_watchdog]: publishing zero command: smooth_lease
[mpc_command_watchdog-15] [INFO] [1788873502.069411785] [mpc_command_watchdog]: command forwarding enabled
[controller_server-7] [INFO] [1788873502.476288072] [controller_server]: Passing new path to controller.
[controller_server-7] [INFO] [1788873502.976269439] [controller_server]: Passing new path to controller.
[controller_server-7] [INFO] [1788873503.476269719] [controller_server]: Passing new path to controller.
[controller_server-7] [INFO] [1788873503.976252268] [controller_server]: Passing new path to controller.
[controller_server-7] [INFO] [1788873504.476255308] [controller_server]: Passing new path to controller.
[controller_server-7] [INFO] [1788873504.976270782] [controller_server]: Passing new path to controller.
[controller_server-7] [INFO] [1788873505.476282099] [controller_server]: Passing new path to controller.
[controller_server-7] [INFO] [1788873505.976276806] [controller_server]: Passing new path to controller.
[controller_server-7] [INFO] [1788873506.476273622] [controller_server]: Passing new path to controller.
[controller_server-7] [INFO] [1788873506.976279949] [controller_server]: Passing new path to controller.
[controller_server-7] [INFO] [1788873507.476271306] [controller_server]: Passing new path to controller.
[controller_server-7] [INFO] [1788873507.976254372] [controller_server]: Passing new path to controller.
[controller_server-7] [INFO] [1788873508.022801380] [controller_server]: Reached the goal!
[mpc_command_watchdog-15] [WARN] [1788873508.289504666] [mpc_command_watchdog]: publishing zero command: status_lease
[bt_navigator-11] [INFO] [1788873508.475722688] [bt_navigator]: Goal succeeded
[bt_navigator-11] [INFO] [1788873508.677690714] [rclcpp]: signal_handler(signum=2)
[planner_server-9] [INFO] [1788873508.677688376] [rclcpp]: signal_handler(signum=2)
[planner_server-9] [INFO] [1788873508.677785011] [planner_server]: Running Nav2 LifecycleNode rcl preshutdown (planner_server)
[mpc_command_watchdog-15] [INFO] [1788873508.677685832] [rclcpp]: signal_handler(signum=2)
[waypoint_follower-12] [INFO] [1788873508.677687325] [rclcpp]: signal_handler(signum=2)
[velocity_smoother-13] [INFO] [1788873508.677687004] [rclcpp]: signal_handler(signum=2)
[bt_navigator-11] [INFO] [1788873508.677848414] [bt_navigator]: Running Nav2 LifecycleNode rcl preshutdown (bt_navigator)
[bt_navigator-11] [INFO] [1788873508.678064843] [bt_navigator]: Deactivating
[bt_navigator-11] [INFO] [1788873508.678104407] [bt_navigator]: Destroying bond (bt_navigator) to lifecycle manager.
[waypoint_follower-12] [INFO] [1788873508.677862115] [waypoint_follower]: Running Nav2 LifecycleNode rcl preshutdown (waypoint_follower)
[waypoint_follower-12] [INFO] [1788873508.677999540] [waypoint_follower]: Deactivating
[waypoint_follower-12] [INFO] [1788873508.678032215] [waypoint_follower]: Destroying bond (waypoint_follower) to lifecycle manager.
[smoother_server-8] [INFO] [1788873508.677700389] [rclcpp]: signal_handler(signum=2)
[smoother_server-8] [INFO] [1788873508.677891381] [smoother_server]: Running Nav2 LifecycleNode rcl preshutdown (smoother_server)
[smoother_server-8] [INFO] [1788873508.678025559] [smoother_server]: Deactivating
[smoother_server-8] [INFO] [1788873508.678059315] [smoother_server]: Destroying bond (smoother_server) to lifecycle manager.
[map_server-5] [INFO] [1788873508.677708041] [rclcpp]: signal_handler(signum=2)
[map_server-5] [INFO] [1788873508.677953045] [map_server]: Running Nav2 LifecycleNode rcl preshutdown (map_server)
[map_server-5] [INFO] [1788873508.678083058] [map_server]: Deactivating
[map_server-5] [INFO] [1788873508.678112742] [map_server]: Destroying bond (map_server) to lifecycle manager.
[lifecycle_manager-6] [INFO] [1788873508.677710627] [rclcpp]: signal_handler(signum=2)
[lifecycle_manager-6] [INFO] [1788873508.677857415] [lifecycle_manager_map]: Running Nav2 LifecycleManager rcl preshutdown (lifecycle_manager_map)
[lifecycle_manager-6] [INFO] [1788873508.677938343] [lifecycle_manager_map]: [34m[1mTerminating bond timer...[0m[0m
[lifecycle_manager-14] [INFO] [1788873508.677681922] [rclcpp]: signal_handler(signum=2)
[lifecycle_manager-14] [INFO] [1788873508.677960096] [lifecycle_manager_navigation]: Running Nav2 LifecycleManager rcl preshutdown (lifecycle_manager_navigation)
[lifecycle_manager-14] [INFO] [1788873508.678095512] [lifecycle_manager_navigation]: [34m[1mTerminating bond timer...[0m[0m
[controller_server-7] [INFO] [1788873508.677713794] [rclcpp]: signal_handler(signum=2)
[controller_server-7] [INFO] [1788873508.677903844] [controller_server]: Running Nav2 LifecycleNode rcl preshutdown (controller_server)
[controller_server-7] [INFO] [1788873508.678116314] [controller_server]: Deactivating
[controller_server-7] [INFO] [1788873508.678219633] [local_costmap.local_costmap]: Deactivating
[robot_state_publisher-3] [INFO] [1788873508.677726153] [rclcpp]: signal_handler(signum=2)
[behavior_server-10] [INFO] [1788873508.677731826] [rclcpp]: signal_handler(signum=2)
[behavior_server-10] [INFO] [1788873508.678061645] [behavior_server]: Running Nav2 LifecycleNode rcl preshutdown (behavior_server)
[planner_server-9] [INFO] [1788873508.677925513] [planner_server]: Deactivating
[planner_server-9] [INFO] [1788873508.677977345] [global_costmap.global_costmap]: Deactivating
[velocity_smoother-13] [INFO] [1788873508.677908936] [velocity_smoother]: Running Nav2 LifecycleNode rcl preshutdown (velocity_smoother)
[velocity_smoother-13] [INFO] [1788873508.678030846] [velocity_smoother]: Deactivating
[velocity_smoother-13] [INFO] [1788873508.678064112] [velocity_smoother]: Destroying bond (velocity_smoother) to lifecycle manager.
[behavior_server-10] [INFO] [1788873508.678409280] [behavior_server]: Deactivating
[behavior_server-10] [INFO] [1788873508.678534815] [behavior_server]: Destroying bond (behavior_server) to lifecycle manager.
[scene_bridge-2] [FATAL] [1788873508.680098583] [arena_scene_bridge]: 
[scene_bridge-2] Failed to publish log message to rosout: publisher's context is invalid, at /home/runner/conda-bld/bld/rattler-build_ros-humble-rcl_1753312600/work/ros-humble-rcl/src/work/src/rcl/publisher.c:389
[waypoint_follower-12] [INFO] [1788873508.688436334] [waypoint_follower]: Cleaning up
[velocity_smoother-13] [INFO] [1788873508.688453494] [velocity_smoother]: Cleaning up
[velocity_smoother-13] [INFO] [1788873508.688521441] [velocity_smoother]: Destroying bond (velocity_smoother) to lifecycle manager.
[smoother_server-8] [INFO] [1788873508.688463516] [smoother_server]: Cleaning up
[bt_navigator-11] [INFO] [1788873508.688492281] [bt_navigator]: Cleaning up
[map_server-5] [INFO] [1788873508.688532075] [map_server]: Cleaning up
[map_server-5] [INFO] [1788873508.688776594] [map_server]: Destroying bond (map_server) to lifecycle manager.
[behavior_server-10] [INFO] [1788873508.688899946] [behavior_server]: Cleaning up
[lifecycle_manager-6] [INFO] [1788873508.693496280] [lifecycle_manager_map]: Destroying lifecycle_manager_map
[velocity_smoother-13] [INFO] [1788873508.693948913] [velocity_smoother]: Destroying
[map_server-5] [INFO] [1788873508.695021878] [map_server]: Destroying
[behavior_server-10] [INFO] [1788873508.695395081] [behavior_server]: Destroying bond (behavior_server) to lifecycle manager.
[waypoint_follower-12] [INFO] [1788873508.697080224] [waypoint_follower]: Destroying bond (waypoint_follower) to lifecycle manager.
[smoother_server-8] [INFO] [1788873508.697508395] [smoother_server]: Destroying bond (smoother_server) to lifecycle manager.
[smoother_server-8] [INFO] [1788873508.702552866] [smoother_server]: Destroying
[empty_human_states.py-4] Traceback (most recent call last):
[empty_human_states.py-4]   File "/home/lpc/workspace/arena5_mpc_ws/install/arena_mpc_bringup/lib/arena_mpc_bringup/empty_human_states.py", line 87, in <module>
[empty_human_states.py-4]     main()
[empty_human_states.py-4]   File "/home/lpc/workspace/arena5_mpc_ws/install/arena_mpc_bringup/lib/arena_mpc_bringup/empty_human_states.py", line 77, in main
[empty_human_states.py-4]     rclpy.spin(node)
[empty_human_states.py-4]   File "/home/lpc/workspace/arena5_ws/.conda/arena_ros/lib/python3.11/site-packages/rclpy/__init__.py", line 226, in spin
[empty_human_states.py-4]     executor.spin_once()
[empty_human_states.py-4]   File "/home/lpc/workspace/arena5_ws/.conda/arena_ros/lib/python3.11/site-packages/rclpy/executors.py", line 751, in spin_once
[empty_human_states.py-4]     self._spin_once_impl(timeout_sec)
[empty_human_states.py-4]   File "/home/lpc/workspace/arena5_ws/.conda/arena_ros/lib/python3.11/site-packages/rclpy/executors.py", line 740, in _spin_once_impl
[empty_human_states.py-4]     handler, entity, node = self.wait_for_ready_callbacks(timeout_sec=timeout_sec)
[empty_human_states.py-4]                             ^^^^^^^^^^^^^^^^^^^^^^^^^^^^^^^^^^^^^^^^^^^^^^^^^^^^^^
[empty_human_states.py-4]   File "/home/lpc/workspace/arena5_ws/.conda/arena_ros/lib/python3.11/site-packages/rclpy/executors.py", line 723, in wait_for_ready_callbacks
[empty_human_states.py-4]     return next(self._cb_iter)
[empty_human_states.py-4]            ^^^^^^^^^^^^^^^^^^^
[empty_human_states.py-4]   File "/home/lpc/workspace/arena5_ws/.conda/arena_ros/lib/python3.11/site-packages/rclpy/executors.py", line 624, in _wait_for_ready_callbacks
[empty_human_states.py-4]     raise ExternalShutdownException()
[empty_human_states.py-4] rclpy.executors.ExternalShutdownException
[waypoint_follower-12] [INFO] [1788873508.705846522] [waypoint_follower]: Destroying
[scene_bridge-2] Traceback (most recent call last):
[scene_bridge-2]   File "/home/lpc/workspace/arena5_ws/install/arena_humble_compat/lib/python3.11/site-packages/arena_humble_compat/scene_bridge.py", line 207, in main
[scene_bridge-2]     rclpy.spin(node)
[scene_bridge-2]   File "/home/lpc/workspace/arena5_ws/.conda/arena_ros/lib/python3.11/site-packages/rclpy/__init__.py", line 226, in spin
[scene_bridge-2]     executor.spin_once()
[scene_bridge-2]   File "/home/lpc/workspace/arena5_ws/.conda/arena_ros/lib/python3.11/site-packages/rclpy/executors.py", line 751, in spin_once
[scene_bridge-2]     self._spin_once_impl(timeout_sec)
[scene_bridge-2]   File "/home/lpc/workspace/arena5_ws/.conda/arena_ros/lib/python3.11/site-packages/rclpy/executors.py", line 740, in _spin_once_impl
[scene_bridge-2]     handler, entity, node = self.wait_for_ready_callbacks(timeout_sec=timeout_sec)
[scene_bridge-2]                             ^^^^^^^^^^^^^^^^^^^^^^^^^^^^^^^^^^^^^^^^^^^^^^^^^^^^^^
[scene_bridge-2]   File "/home/lpc/workspace/arena5_ws/.conda/arena_ros/lib/python3.11/site-packages/rclpy/executors.py", line 723, in wait_for_ready_callbacks
[scene_bridge-2]     return next(self._cb_iter)
[scene_bridge-2]            ^^^^^^^^^^^^^^^^^^^
[scene_bridge-2]   File "/home/lpc/workspace/arena5_ws/.conda/arena_ros/lib/python3.11/site-packages/rclpy/executors.py", line 624, in _wait_for_ready_callbacks
[scene_bridge-2]     raise ExternalShutdownException()
[scene_bridge-2] rclpy.executors.ExternalShutdownException
[scene_bridge-2] 
[scene_bridge-2] During handling of the above exception, another exception occurred:
[scene_bridge-2] 
[scene_bridge-2] Traceback (most recent call last):
[scene_bridge-2]   File "/home/lpc/workspace/arena5_ws/install/arena_humble_compat/lib/arena_humble_compat/scene_bridge", line 33, in <module>
[scene_bridge-2]     sys.exit(load_entry_point('arena_humble_compat==0.0.0', 'console_scripts', 'scene_bridge')())
[scene_bridge-2]              ^^^^^^^^^^^^^^^^^^^^^^^^^^^^^^^^^^^^^^^^^^^^^^^^^^^^^^^^^^^^^^^^^^^^^^^^^^^^^^^^^^^
[scene_bridge-2]   File "/home/lpc/workspace/arena5_ws/install/arena_humble_compat/lib/python3.11/site-packages/arena_humble_compat/scene_bridge.py", line 215, in main
[scene_bridge-2]     rclpy.shutdown()
[scene_bridge-2]   File "/home/lpc/workspace/arena5_ws/.conda/arena_ros/lib/python3.11/site-packages/rclpy/__init__.py", line 130, in shutdown
[scene_bridge-2]     _shutdown(context=context)
[scene_bridge-2]   File "/home/lpc/workspace/arena5_ws/.conda/arena_ros/lib/python3.11/site-packages/rclpy/utilities.py", line 58, in shutdown
[scene_bridge-2]     return context.shutdown()
[scene_bridge-2]            ^^^^^^^^^^^^^^^^^^
[scene_bridge-2]   File "/home/lpc/workspace/arena5_ws/.conda/arena_ros/lib/python3.11/site-packages/rclpy/context.py", line 102, in shutdown
[scene_bridge-2]     self.__context.shutdown()
[scene_bridge-2] rclpy._rclpy_pybind11.RCLError: failed to shutdown: rcl_shutdown already called on the given context, at /home/runner/conda-bld/bld/rattler-build_ros-humble-rcl_1753312600/work/ros-humble-rcl/src/work/src/rcl/init.c:241
[behavior_server-10] [INFO] [1788873508.720164676] [behavior_server]: Destroying
[bt_navigator-11] [INFO] [1788873508.732664880] [bt_navigator]: Completed Cleaning up
[bt_navigator-11] [INFO] [1788873508.732747052] [bt_navigator]: Destroying bond (bt_navigator) to lifecycle manager.
[bt_navigator-11] [INFO] [1788873508.734202220] [bt_navigator]: Destroying
[controller_server-7] [INFO] [1788873508.742398542] [controller_server]: Destroying bond (controller_server) to lifecycle manager.
[controller_server-7] [INFO] [1788873508.752834790] [controller_server]: Cleaning up
[planner_server-9] [INFO] [1788873508.758832900] [planner_server]: Deactivating plugin GridBased of type NavfnPlanner
[planner_server-9] [INFO] [1788873508.758913177] [planner_server]: Destroying bond (planner_server) to lifecycle manager.
[planner_server-9] [INFO] [1788873508.769126144] [planner_server]: Cleaning up
[planner_server-9] [INFO] [1788873508.777362358] [global_costmap.global_costmap]: Cleaning up
[lifecycle_manager-14] [INFO] [1788873508.779150172] [lifecycle_manager_navigation]: Destroying lifecycle_manager_navigation
[planner_server-9] [INFO] [1788873508.782224708] [planner_server]: Cleaning up plugin GridBased of type NavfnPlanner
[planner_server-9] [INFO] [1788873508.782500983] [planner_server]: Destroying plugin GridBased of type NavfnPlanner
[planner_server-9] [INFO] [1788873508.789379785] [planner_server]: Destroying bond (planner_server) to lifecycle manager.
[planner_server-9] [INFO] [1788873508.792573762] [global_costmap.global_costmap]: Destroying
[planner_server-9] [INFO] [1788873508.796953050] [planner_server]: Destroying
[INFO] [robot_state_publisher-3]: process has finished cleanly [pid 2491083]
[INFO] [mpc_command_watchdog-15]: process has finished cleanly [pid 2491107]
[controller_server-7] [INFO] [1788873508.817463162] [local_costmap.local_costmap]: Cleaning up
[INFO] [lifecycle_manager-6]: process has finished cleanly [pid 2491089]
[INFO] [velocity_smoother-13]: process has finished cleanly [pid 2491103]
[INFO] [smoother_server-8]: process has finished cleanly [pid 2491093]
[INFO] [waypoint_follower-12]: process has finished cleanly [pid 2491101]
[INFO] [map_server-5]: process has finished cleanly [pid 2491087]
[controller_server-7] [INFO] [1788873508.831841932] [controller_server]: Destroying bond (controller_server) to lifecycle manager.
[controller_server-7] [INFO] [1788873508.837327431] [local_costmap.local_costmap]: Destroying
[controller_server-7] [INFO] [1788873508.845072690] [controller_server]: Destroying
[INFO] [behavior_server-10]: process has finished cleanly [pid 2491097]
[INFO] [bt_navigator-11]: process has finished cleanly [pid 2491099]
[ERROR] [empty_human_states.py-4]: process has died [pid 2491085, exit code 1, cmd '/home/lpc/workspace/arena5_mpc_ws/install/arena_mpc_bringup/lib/arena_mpc_bringup/empty_human_states.py --ros-args -r __node:=empty_human_states --params-file /tmp/launch_params_kf0my1ku'].
[ERROR] [scene_bridge-2]: process has died [pid 2491081, exit code 1, cmd '/home/lpc/workspace/arena5_ws/install/arena_humble_compat/lib/arena_humble_compat/scene_bridge --ros-args -r __node:=arena_scene_bridge --params-file /tmp/launch_params_x61m_ql9'].
[INFO] [lifecycle_manager-14]: process has finished cleanly [pid 2491105]
[INFO] [planner_server-9]: process has finished cleanly [pid 2491095]
[INFO] [controller_server-7]: process has finished cleanly [pid 2491091]
[python-1] 2026-09-08T13:17:44Z [26,941ms] [Warning] [omni.usd] Warning: in _ReportErrors at line 3172 of /builds/omniverse/usd-ci/USD/pxr/usd/usd/stage.cpp -- In </World/arena_robot/rear_mount/visuals>: Unresolved reference prim path @anon:0x650cfa5eb130:World1.usd@</visuals/rear_mount> introduced by @anon:0x650cfa5eb130:World1.usd@</World/arena_robot/rear_mount/visuals> (recomposing stage on stage @anon:0x650cfa5eb130:World1.usd@ <0x650cfcbff320>)
[python-1] 
[python-1] 2026-09-08T13:17:45Z [27,794ms] [Warning] [omni.replicator.core.scripts.functional.create_batch] World/arena_robot/lidar_link/gpu_lidar_points is an invalid prim path. Renaming to World_arena_robot_lidar_link_gpu_lidar_points.
[python-1] 2026-09-08T13:17:45Z [27,816ms] [Warning] [omni.replicator.core.scripts.functional.create_batch] World/arena_robot/lidar_link/gpu_lidar_scan is an invalid prim path. Renaming to World_arena_robot_lidar_link_gpu_lidar_scan.
[python-1] 2026-09-08T13:17:46Z [29,020ms] [Warning] [omni.fabric.plugin] getAttributeCount called on non-existent path /World/arena_robot/rear_right_wheel_link/visuals/jackal_wheel/node_STL_BINARY_
[python-1] 2026-09-08T13:17:46Z [29,020ms] [Warning] [omni.fabric.plugin] getTypes called on non-existent path /World/arena_robot/rear_right_wheel_link/visuals/jackal_wheel/node_STL_BINARY_
[python-1] 2026-09-08T13:17:48Z [31,054ms] [Warning] [omni.sensors.nv.lidar.lidar_core.plugin] MotionBVH for lidar model not enabled. This will result in an incorrect point cloud without motion effects!
[python-1] 2026-09-08T13:17:48Z [31,070ms] [Warning] [carb] Client omni.sensors.nv.materials.composite_material has acquired [omni::sensors::materials::IMaterialReaderFactory v0.1] 100 times. Consider accessing this interface with carb::getCachedInterface() (Performance warning)
[python-1] 2026-09-08T13:17:49Z [31,812ms] [Warning] [carb] Plugin interface for a client: omni.hydratexture.plugin was already released.
[python-1] 2026-09-08T13:17:49Z [31,815ms] [Warning] [carb] Plugin interface for a client: omni.hydratexture.plugin was already released.
[python-1] 2026-09-08T13:17:49Z [32,258ms] [Warning] [omni.graph.core.plugin] /World/arena_robot/imu_link/IMUPublisher/read_imu: [/World/arena_robot/imu_link/IMUPublisher] no valid sensor reading, is the sensor enabled?
[python-1] 2026-09-08T13:17:50Z [32,588ms] [Warning] [omni.timeline.plugin] Deprecated: direct use of ITimeline callbacks is deprecated. Use ITimeline::getTimeline (Python: omni.timeline.get_timeline_interface) instead.
[python-1] 2026-09-08T13:17:50Z [32,691ms] [Warning] [isaacsim.core.simulation_manager.plugin] No adjacent samples found for interpolation at time 179/30
[python-1] 2026-09-08T13:17:50Z [32,691ms] [Warning] [isaacsim.core.simulation_manager.plugin] getSimulationTimeMonotonicAtTime: no data found for time 179/30, returning current sim time
[python-1] 2026-09-08T13:17:50Z [32,692ms] [Warning] [isaacsim.core.simulation_manager.plugin] No adjacent samples found for interpolation at time 179/30
[python-1] 2026-09-08T13:17:50Z [32,692ms] [Warning] [isaacsim.core.simulation_manager.plugin] getSimulationTimeMonotonicAtTime: no data found for time 179/30, returning current sim time
[python-1] 2026-09-08T13:17:51Z [34,126ms] [Warning] [carb] Plugin interface for a client: omni.hydratexture.plugin was already released.
[python-1] 2026-09-08T13:17:51Z [34,129ms] [Warning] [carb] Plugin interface for a client: omni.hydratexture.plugin was already released.
[python-1] 2026-09-08T13:17:51Z [34,142ms] [Warning] [omni.graph.core.plugin] /World/arena_robot/imu_link/IMUPublisher/read_imu: [/World/arena_robot/imu_link/IMUPublisher] no valid sensor reading, is the sensor enabled?
[python-1] 2026-09-08T13:17:51Z [34,190ms] [Warning] [isaacsim.core.prims.impl.articulation] Physics Simulation View is not created yet in order to use get_linear_velocities
[python-1] 2026-09-08T13:17:51Z [34,190ms] [Warning] [isaacsim.core.prims.impl.articulation] Physics Simulation View is not created yet in order to use get_angular_velocities
[python-1] 2026-09-08T13:17:51Z [34,190ms] [Warning] [arena_isaac.run_isaacsim] Ideal chassis articulation view invalidated: too many indices for array: array is 0-dimensional, but 1 were indexed
[INFO] [python-1]: process has finished cleanly [pid 2491079]
