scripts/run_six_behaviors.sh: 成功
scripts/env.sh: 成功
install/arena_humble_compat/lib/python3.11/site-packages/arena_humble_compat/hunav_six_behaviors_bridge.py: 成功
config/generated/jackal.urdf: 成功
install/arena_simulation_setup/share/arena_simulation_setup/configs/nav2/nav2.yaml: 成功
install/arena_simulation_setup/share/arena_simulation_setup/entities/robots/jackal/model_params.yaml: 成功
.conda/arena_ros/lib/libcontroller_server_core.so: 成功
Arena workspace: /home/lpc/workspace/arena5_ws
ROS 2: humble (domain 92)
Isaac Sim: /home/lpc/miniforge3/envs/isaaclab/lib/python3.11/site-packages/isaacsim
WebRTC endpoint: 10.16.205.165:49392 (UDP 48392)
Foxglove WebSocket: 127.0.0.1:8992
Starting Arena MPC on GPU 0 (22658 MiB free), ROS domain 92
MPC command chain: controller_server -> velocity_smoother -> watchdog -> /cmd_vel
MPC scenario: empty
Logs: /home/lpc/workspace/arena5_mpc_ws/logs/runs/20260908_210156_mpc_gpu0
[INFO] [launch]: All log files can be found below /home/lpc/workspace/arena5_mpc_ws/logs/runs/20260908_210156_mpc_gpu0/ros/2026-09-08-21-01-56-739164-root123-desktop-2452922
[INFO] [launch]: Default logging verbosity is set to INFO
[WARNING] [launch_ros.actions.node]: Failed to load entry point 'NodeLogLevelExtension': No module named 'arena_bringup.extensions'
[WARNING] [launch_ros.actions.node]: Failed to load entry point 'NodeLogLevelExtension': No module named 'arena_bringup.extensions'
[WARNING] [launch_ros.actions.node]: Failed to load entry point 'NodeLogLevelExtension': No module named 'arena_bringup.extensions'
[WARNING] [launch_ros.actions.node]: Failed to load entry point 'NodeLogLevelExtension': No module named 'arena_bringup.extensions'
[WARNING] [launch_ros.actions.node]: Failed to load entry point 'NodeLogLevelExtension': No module named 'arena_bringup.extensions'
[WARNING] [launch_ros.actions.node]: Failed to load entry point 'NodeLogLevelExtension': No module named 'arena_bringup.extensions'
[WARNING] [launch_ros.actions.node]: Failed to load entry point 'NodeLogLevelExtension': No module named 'arena_bringup.extensions'
[WARNING] [launch_ros.actions.node]: Failed to load entry point 'NodeLogLevelExtension': No module named 'arena_bringup.extensions'
[WARNING] [launch_ros.actions.node]: Failed to load entry point 'NodeLogLevelExtension': No module named 'arena_bringup.extensions'
[WARNING] [launch_ros.actions.node]: Failed to load entry point 'NodeLogLevelExtension': No module named 'arena_bringup.extensions'
[WARNING] [launch_ros.actions.node]: Failed to load entry point 'NodeLogLevelExtension': No module named 'arena_bringup.extensions'
[WARNING] [launch_ros.actions.node]: Failed to load entry point 'NodeLogLevelExtension': No module named 'arena_bringup.extensions'
[WARNING] [launch_ros.actions.node]: Failed to load entry point 'NodeLogLevelExtension': No module named 'arena_bringup.extensions'
[WARNING] [launch_ros.actions.node]: Failed to load entry point 'NodeLogLevelExtension': No module named 'arena_bringup.extensions'
[WARNING] [launch_ros.actions.node]: Failed to load entry point 'NodeLogLevelExtension': No module named 'arena_bringup.extensions'
[WARNING] [launch_ros.actions.node]: Failed to load entry point 'NodeLogLevelExtension': No module named 'arena_bringup.extensions'
[WARNING] [launch_ros.actions.node]: Failed to load entry point 'NodeLogLevelExtension': No module named 'arena_bringup.extensions'
[WARNING] [launch_ros.actions.node]: Failed to load entry point 'NodeLogLevelExtension': No module named 'arena_bringup.extensions'
[WARNING] [launch_ros.actions.node]: Failed to load entry point 'NodeLogLevelExtension': No module named 'arena_bringup.extensions'
[WARNING] [launch_ros.actions.node]: Failed to load entry point 'NodeLogLevelExtension': No module named 'arena_bringup.extensions'
[WARNING] [launch_ros.actions.node]: Failed to load entry point 'NodeLogLevelExtension': No module named 'arena_bringup.extensions'
[WARNING] [launch_ros.actions.node]: Failed to load entry point 'NodeLogLevelExtension': No module named 'arena_bringup.extensions'
[WARNING] [launch_ros.actions.node]: Failed to load entry point 'NodeLogLevelExtension': No module named 'arena_bringup.extensions'
[INFO] [python-1]: process started with pid [2453190]
[INFO] [scene_bridge-2]: process started with pid [2453192]
[INFO] [robot_state_publisher-3]: process started with pid [2453194]
[INFO] [empty_human_states.py-4]: process started with pid [2453196]
[INFO] [map_server-5]: process started with pid [2453198]
[INFO] [lifecycle_manager-6]: process started with pid [2453200]
[INFO] [controller_server-7]: process started with pid [2453202]
[INFO] [smoother_server-8]: process started with pid [2453204]
[INFO] [planner_server-9]: process started with pid [2453206]
[INFO] [behavior_server-10]: process started with pid [2453208]
[INFO] [bt_navigator-11]: process started with pid [2453211]
[INFO] [waypoint_follower-12]: process started with pid [2453213]
[INFO] [velocity_smoother-13]: process started with pid [2453215]
[INFO] [lifecycle_manager-14]: process started with pid [2453217]
[INFO] [mpc_command_watchdog-15]: process started with pid [2453219]
[robot_state_publisher-3] [WARN] [1788872517.334244394] [robot_state_publisher]: No robot_description parameter, but command-line argument available.  Assuming argument is name of URDF file.  This backwards compatibility fallback will be removed in the future.
[lifecycle_manager-6] [INFO] [1788872517.336829777] [lifecycle_manager_map]: Creating
[robot_state_publisher-3] [INFO] [1788872517.340536440] [robot_state_publisher]: got segment base_link
[robot_state_publisher-3] [INFO] [1788872517.340570066] [robot_state_publisher]: got segment chassis_link
[robot_state_publisher-3] [INFO] [1788872517.340577215] [robot_state_publisher]: got segment front_fender_link
[robot_state_publisher-3] [INFO] [1788872517.340583720] [robot_state_publisher]: got segment front_left_wheel_link
[robot_state_publisher-3] [INFO] [1788872517.340590471] [robot_state_publisher]: got segment front_mount
[robot_state_publisher-3] [INFO] [1788872517.340596654] [robot_state_publisher]: got segment front_right_wheel_link
[robot_state_publisher-3] [INFO] [1788872517.340603867] [robot_state_publisher]: got segment imu_link
[robot_state_publisher-3] [INFO] [1788872517.340609870] [robot_state_publisher]: got segment lidar_link
[robot_state_publisher-3] [INFO] [1788872517.340615265] [robot_state_publisher]: got segment mid_mount
[robot_state_publisher-3] [INFO] [1788872517.340620888] [robot_state_publisher]: got segment navsat_link
[robot_state_publisher-3] [INFO] [1788872517.340626302] [robot_state_publisher]: got segment rear_fender_link
[robot_state_publisher-3] [INFO] [1788872517.340632619] [robot_state_publisher]: got segment rear_left_wheel_link
[robot_state_publisher-3] [INFO] [1788872517.340638440] [robot_state_publisher]: got segment rear_mount
[robot_state_publisher-3] [INFO] [1788872517.340643654] [robot_state_publisher]: got segment rear_right_wheel_link
[lifecycle_manager-6] [INFO] [1788872517.341288005] [lifecycle_manager_map]: [34m[1mCreating and initializing lifecycle service clients[0m[0m
[smoother_server-8] [INFO] [1788872517.351626290] [smoother_server]: 
[smoother_server-8] 	smoother_server lifecycle node launched. 
[smoother_server-8] 	Waiting on external lifecycle transitions to activate
[smoother_server-8] 	See https://design.ros2.org/articles/node_lifecycle.html for more information.
[map_server-5] [INFO] [1788872517.352325631] [map_server]: 
[map_server-5] 	map_server lifecycle node launched. 
[map_server-5] 	Waiting on external lifecycle transitions to activate
[map_server-5] 	See https://design.ros2.org/articles/node_lifecycle.html for more information.
[map_server-5] [INFO] [1788872517.352376629] [map_server]: Creating
[velocity_smoother-13] [INFO] [1788872517.353526888] [velocity_smoother]: 
[velocity_smoother-13] 	velocity_smoother lifecycle node launched. 
[velocity_smoother-13] 	Waiting on external lifecycle transitions to activate
[velocity_smoother-13] 	See https://design.ros2.org/articles/node_lifecycle.html for more information.
[smoother_server-8] [INFO] [1788872517.353840250] [smoother_server]: Creating smoother server
[waypoint_follower-12] [INFO] [1788872517.353895409] [waypoint_follower]: 
[waypoint_follower-12] 	waypoint_follower lifecycle node launched. 
[waypoint_follower-12] 	Waiting on external lifecycle transitions to activate
[waypoint_follower-12] 	See https://design.ros2.org/articles/node_lifecycle.html for more information.
[waypoint_follower-12] [INFO] [1788872517.354506684] [waypoint_follower]: Creating
[planner_server-9] [INFO] [1788872517.356490828] [planner_server]: 
[planner_server-9] 	planner_server lifecycle node launched. 
[planner_server-9] 	Waiting on external lifecycle transitions to activate
[planner_server-9] 	See https://design.ros2.org/articles/node_lifecycle.html for more information.
[planner_server-9] [INFO] [1788872517.358876681] [planner_server]: Creating
[controller_server-7] [INFO] [1788872517.362041137] [controller_server]: 
[controller_server-7] 	controller_server lifecycle node launched. 
[controller_server-7] 	Waiting on external lifecycle transitions to activate
[controller_server-7] 	See https://design.ros2.org/articles/node_lifecycle.html for more information.
[lifecycle_manager-14] [INFO] [1788872517.362150934] [lifecycle_manager_navigation]: Creating
[behavior_server-10] [INFO] [1788872517.364202625] [behavior_server]: 
[behavior_server-10] 	behavior_server lifecycle node launched. 
[behavior_server-10] 	Waiting on external lifecycle transitions to activate
[behavior_server-10] 	See https://design.ros2.org/articles/node_lifecycle.html for more information.
[lifecycle_manager-14] [INFO] [1788872517.366782458] [lifecycle_manager_navigation]: [34m[1mCreating and initializing lifecycle service clients[0m[0m
[controller_server-7] [INFO] [1788872517.366864592] [controller_server]: Creating controller server
[bt_navigator-11] [INFO] [1788872517.366888232] [bt_navigator]: 
[bt_navigator-11] 	bt_navigator lifecycle node launched. 
[bt_navigator-11] 	Waiting on external lifecycle transitions to activate
[bt_navigator-11] 	See https://design.ros2.org/articles/node_lifecycle.html for more information.
[bt_navigator-11] [INFO] [1788872517.366945781] [bt_navigator]: Creating
[planner_server-9] [INFO] [1788872517.373733722] [global_costmap.global_costmap]: 
[planner_server-9] 	global_costmap lifecycle node launched. 
[planner_server-9] 	Waiting on external lifecycle transitions to activate
[planner_server-9] 	See https://design.ros2.org/articles/node_lifecycle.html for more information.
[planner_server-9] [INFO] [1788872517.374614046] [global_costmap.global_costmap]: Creating Costmap
[controller_server-7] [INFO] [1788872517.377292499] [local_costmap.local_costmap]: 
[controller_server-7] 	local_costmap lifecycle node launched. 
[controller_server-7] 	Waiting on external lifecycle transitions to activate
[controller_server-7] 	See https://design.ros2.org/articles/node_lifecycle.html for more information.
[controller_server-7] [INFO] [1788872517.377837096] [local_costmap.local_costmap]: Creating Costmap
[lifecycle_manager-6] [INFO] [1788872517.387923197] [lifecycle_manager_map]: [34m[1mStarting managed nodes bringup...[0m[0m
[lifecycle_manager-6] [INFO] [1788872517.388012409] [lifecycle_manager_map]: [34m[1mConfiguring map_server[0m[0m
[map_server-5] [INFO] [1788872517.388385604] [map_server]: Configuring
[map_server-5] [INFO] [1788872517.388458235] [map_io]: Loading yaml file: /home/lpc/workspace/arena5_ws/install/arena_simulation_setup/share/arena_simulation_setup/worlds/map_empty/map/map.yaml
[map_server-5] [INFO] [1788872517.388814141] [map_io]: resolution: 0.05
[map_server-5] [INFO] [1788872517.388827617] [map_io]: origin[0]: 0
[map_server-5] [INFO] [1788872517.388834152] [map_io]: origin[1]: 0
[map_server-5] [INFO] [1788872517.388839979] [map_io]: origin[2]: 0
[map_server-5] [INFO] [1788872517.388846742] [map_io]: free_thresh: 0.196
[map_server-5] [INFO] [1788872517.388853601] [map_io]: occupied_thresh: 0.65
[map_server-5] [INFO] [1788872517.388860011] [map_io]: mode: trinary
[map_server-5] [INFO] [1788872517.388866196] [map_io]: negate: 0
[map_server-5] [INFO] [1788872517.389143622] [map_io]: Loading image_file: /home/lpc/workspace/arena5_ws/install/arena_simulation_setup/share/arena_simulation_setup/worlds/map_empty/map/map.png
[mpc_command_watchdog-15] [WARN] [1788872517.412374788] [mpc_command_watchdog]: publishing zero command: controller_status
[map_server-5] [INFO] [1788872517.468567489] [map_io]: Read map /home/lpc/workspace/arena5_ws/install/arena_simulation_setup/share/arena_simulation_setup/worlds/map_empty/map/map.png: 626 X 481 map @ 0.05 m/cell
[lifecycle_manager-6] [INFO] [1788872517.474079180] [lifecycle_manager_map]: [34m[1mActivating map_server[0m[0m
[map_server-5] [INFO] [1788872517.474207910] [map_server]: Activating
[map_server-5] [INFO] [1788872517.474543073] [map_server]: Creating bond (map_server) to lifecycle manager.
[lifecycle_manager-14] [INFO] [1788872517.501812400] [lifecycle_manager_navigation]: [34m[1mStarting managed nodes bringup...[0m[0m
[lifecycle_manager-14] [INFO] [1788872517.501897629] [lifecycle_manager_navigation]: [34m[1mConfiguring controller_server[0m[0m
[controller_server-7] [INFO] [1788872517.502138282] [controller_server]: Configuring controller interface
[controller_server-7] [INFO] [1788872517.502307661] [controller_server]: getting goal checker plugins..
[controller_server-7] [INFO] [1788872517.502459772] [controller_server]: Controller frequency set to 10.0000Hz
[controller_server-7] [INFO] [1788872517.502503383] [local_costmap.local_costmap]: Configuring
[controller_server-7] [INFO] [1788872517.510070120] [local_costmap.local_costmap]: Using plugin "voxel_layer"
[controller_server-7] [INFO] [1788872517.515183106] [local_costmap.local_costmap]: Subscribed to Topics: lidar
[controller_server-7] [INFO] [1788872517.535657604] [local_costmap.local_costmap]: Initialized plugin "voxel_layer"
[controller_server-7] [INFO] [1788872517.536261099] [local_costmap.local_costmap]: Using plugin "inflation_layer"
[controller_server-7] [INFO] [1788872517.539947475] [local_costmap.local_costmap]: Initialized plugin "inflation_layer"
[controller_server-7] [INFO] [1788872517.555961101] [controller_server]: Created progress_checker : progress_checker of type nav2_controller::SimpleProgressChecker
[controller_server-7] [INFO] [1788872517.557103834] [controller_server]: Created goal checker : goal_checker of type nav2_controller::SimpleGoalChecker
[controller_server-7] [INFO] [1788872517.558031565] [controller_server]: Controller Server has goal_checker  goal checkers available.
[lifecycle_manager-6] [INFO] [1788872517.577850428] [lifecycle_manager_map]: Server map_server connected with bond.
[lifecycle_manager-6] [INFO] [1788872517.577900346] [lifecycle_manager_map]: [34m[1mManaged nodes are active[0m[0m
[lifecycle_manager-6] [INFO] [1788872517.577914477] [lifecycle_manager_map]: [34m[1mCreating bond timer...[0m[0m
[controller_server-7] [INFO] [1788872517.607896005] [controller_server]: Created controller : FollowPath of type arena_mpc_controller::MpcController
[controller_server-7] [INFO] [1788872518.271630604] [controller_server]: Configured FollowPath: CasADi graph N=25 dynamic_slots=8 build occurs outside control loop
[controller_server-7] [INFO] [1788872518.271677484] [controller_server]: Controller Server has FollowPath  controllers available.
[lifecycle_manager-14] [INFO] [1788872518.276328434] [lifecycle_manager_navigation]: [34m[1mConfiguring smoother_server[0m[0m
[smoother_server-8] [INFO] [1788872518.276701333] [smoother_server]: Configuring smoother server
[smoother_server-8] [INFO] [1788872518.295304828] [smoother_server]: Created smoother : simple_smoother of type nav2_smoother::SimpleSmoother
[smoother_server-8] [INFO] [1788872518.295849596] [smoother_server]: Smoother Server has simple_smoother  smoothers available.
[lifecycle_manager-14] [INFO] [1788872518.301936065] [lifecycle_manager_navigation]: [34m[1mConfiguring planner_server[0m[0m
[planner_server-9] [INFO] [1788872518.302214455] [planner_server]: Configuring
[planner_server-9] [INFO] [1788872518.302324308] [global_costmap.global_costmap]: Configuring
[planner_server-9] [INFO] [1788872518.313614265] [global_costmap.global_costmap]: Using plugin "static_layer"
[planner_server-9] [INFO] [1788872518.319650962] [global_costmap.global_costmap]: Subscribing to the map topic (/task_generator_node/map) with transient local durability
[planner_server-9] [INFO] [1788872518.321702533] [global_costmap.global_costmap]: Initialized plugin "static_layer"
[planner_server-9] [INFO] [1788872518.321739165] [global_costmap.global_costmap]: Using plugin "obstacle_layer"
[planner_server-9] [INFO] [1788872518.322393320] [global_costmap.global_costmap]: Subscribed to Topics: lidar
[planner_server-9] [INFO] [1788872518.326759581] [global_costmap.global_costmap]: Initialized plugin "obstacle_layer"
[planner_server-9] [INFO] [1788872518.326787154] [global_costmap.global_costmap]: Using plugin "inflation_layer"
[planner_server-9] [INFO] [1788872518.327483064] [global_costmap.global_costmap]: Initialized plugin "inflation_layer"
[planner_server-9] [INFO] [1788872518.337129547] [planner_server]: Created global planner plugin GridBased of type nav2_navfn_planner/NavfnPlanner
[planner_server-9] [INFO] [1788872518.337159255] [planner_server]: Configuring plugin GridBased of type NavfnPlanner
[planner_server-9] [INFO] [1788872518.337244567] [global_costmap.global_costmap]: StaticLayer: Resizing costmap to 626 X 481 at 0.050000 m/pix
[planner_server-9] [INFO] [1788872518.337691792] [planner_server]: Planner Server has GridBased  planners available.
[lifecycle_manager-14] [INFO] [1788872518.345519111] [lifecycle_manager_navigation]: [34m[1mConfiguring behavior_server[0m[0m
[behavior_server-10] [INFO] [1788872518.345816043] [behavior_server]: Configuring
[behavior_server-10] [INFO] [1788872518.363100134] [behavior_server]: Creating behavior plugin spin of type nav2_behaviors/Spin
[behavior_server-10] [INFO] [1788872518.365123552] [behavior_server]: Configuring spin
[behavior_server-10] [INFO] [1788872518.370182180] [behavior_server]: Creating behavior plugin backup of type nav2_behaviors/BackUp
[behavior_server-10] [INFO] [1788872518.371695601] [behavior_server]: Configuring backup
[behavior_server-10] [INFO] [1788872518.375462464] [behavior_server]: Creating behavior plugin drive_on_heading of type nav2_behaviors/DriveOnHeading
[behavior_server-10] [INFO] [1788872518.376708806] [behavior_server]: Configuring drive_on_heading
[behavior_server-10] [INFO] [1788872518.379919623] [behavior_server]: Creating behavior plugin wait of type nav2_behaviors/Wait
[behavior_server-10] [INFO] [1788872518.380856591] [behavior_server]: Configuring wait
[lifecycle_manager-14] [INFO] [1788872518.384386014] [lifecycle_manager_navigation]: [34m[1mConfiguring bt_navigator[0m[0m
[bt_navigator-11] [INFO] [1788872518.384689377] [bt_navigator]: Configuring
[lifecycle_manager-14] [INFO] [1788872518.452267835] [lifecycle_manager_navigation]: [34m[1mConfiguring waypoint_follower[0m[0m
[waypoint_follower-12] [INFO] [1788872518.452558469] [waypoint_follower]: Configuring
[waypoint_follower-12] [INFO] [1788872518.471324938] [waypoint_follower]: Created waypoint_task_executor : wait_at_waypoint of type nav2_waypoint_follower::WaitAtWaypoint
[waypoint_follower-12] [INFO] [1788872518.471615867] [waypoint_follower]: Waypoint pause duration is set to zero, disabling task executor plugin.
[lifecycle_manager-14] [INFO] [1788872518.472085863] [lifecycle_manager_navigation]: [34m[1mConfiguring velocity_smoother[0m[0m
[velocity_smoother-13] [INFO] [1788872518.472336355] [velocity_smoother]: Configuring velocity smoother
[lifecycle_manager-14] [INFO] [1788872518.478065556] [lifecycle_manager_navigation]: [34m[1mActivating controller_server[0m[0m
[controller_server-7] [INFO] [1788872518.478311703] [controller_server]: Activating
[controller_server-7] [INFO] [1788872518.478388622] [local_costmap.local_costmap]: Activating
[controller_server-7] [INFO] [1788872518.478413838] [local_costmap.local_costmap]: Checking transform
[controller_server-7] [INFO] [1788872518.478438825] [local_costmap.local_costmap]: Timed out waiting for transform from base_link to odom to become available, tf error: Invalid frame ID "odom" passed to canTransform argument target_frame - frame does not exist
[python-1] [Info] [carb] Logging to file: /home/lpc/workspace/arena5_mpc_ws/logs/runs/20260908_210156_mpc_gpu0/isaac_kit.log
[python-1] 2026-09-08T13:01:57Z [3ms] [Warning] [carb.crashreporter-breakpad.plugin] [previous crash] preventing upload of minidump due to user opt-out: '/home/lpc/miniforge3/envs/isaaclab/lib/python3.11/site-packages/isaacsim/kit/data/Kit/Isaac-Sim Python/5.1/0ac5911a-264e-47a3-2a16f79d-c5b7759a.dmp'
[python-1] 2026-09-08T13:01:57Z [6ms] [Warning] [carb.crashreporter-breakpad.plugin] [previous crash] preventing upload of minidump due to user opt-out: '/home/lpc/miniforge3/envs/isaaclab/lib/python3.11/site-packages/isaacsim/kit/data/Kit/Isaac-Sim Python/5.1/873d0d6d-b3e2-40f3-6eb3df86-85c4cb14.dmp'
[python-1] 2026-09-08T13:01:57Z [9ms] [Warning] [carb.crashreporter-breakpad.plugin] [previous crash] preventing upload of minidump due to user opt-out: '/home/lpc/miniforge3/envs/isaaclab/lib/python3.11/site-packages/isaacsim/kit/data/Kit/Isaac-Sim Python/5.1/54846835-9b12-4c85-5eb92bac-99ba56c4.dmp'
[python-1] 2026-09-08T13:01:57Z [10ms] [Warning] [carb.crashreporter-breakpad.plugin] [previous crash] preventing upload of minidump due to user opt-out: '/home/lpc/miniforge3/envs/isaaclab/lib/python3.11/site-packages/isaacsim/kit/data/Kit/Isaac-Sim Python/5.1/4c7676b1-3af0-4296-87341b84-52502d37.dmp'
[python-1] 2026-09-08T13:01:57Z [11ms] [Warning] [carb.crashreporter-breakpad.plugin] [previous crash] preventing upload of minidump due to user opt-out: '/home/lpc/miniforge3/envs/isaaclab/lib/python3.11/site-packages/isaacsim/kit/data/Kit/Isaac-Sim Python/5.1/4fb36b02-970f-460e-d915d5bf-47095803.dmp'
[python-1] [0.110s] [ext: omni.kit.async_engine-0.0.3] startup
[python-1] [0.284s] [ext: omni.metrics.core-0.0.3] startup
[python-1] [0.285s] [ext: omni.client.lib-1.1.0] startup
[python-1] [0.308s] [ext: omni.blobkey-1.1.2] startup
[python-1] [0.308s] [ext: omni.stats-1.0.1] startup
[python-1] [0.309s] [ext: omni.datastore-0.0.0] startup
[python-1] [0.320s] [ext: omni.client-1.3.0] startup
[python-1] [0.327s] [ext: omni.ujitso.default-1.0.0] startup
[python-1] [0.330s] [ext: omni.hsscclient-1.1.2] startup
[python-1] [0.347s] [ext: omni.gpu_foundation.shadercache.vulkan-1.0.0] startup
[python-1] [0.353s] [ext: omni.assets.plugins-0.0.0] startup
[python-1] [0.356s] [ext: omni.gpu_foundation-0.0.0] startup
[python-1] [0.369s] [ext: carb.windowing.plugins-1.0.0] startup
[python-1] 2026-09-08T13:01:57Z [324ms] [Warning] [carb.windowing-glfw.plugin] GLFW initialization failed.
[python-1] 2026-09-08T13:01:57Z [324ms] [Warning] [carb] Failed to startup plugin carb.windowing-glfw.plugin (interfaces: [carb::windowing::IGLContext v1.0],[carb::windowing::IWindowing v1.5]) (impl: carb.windowing-glfw.plugin)
[python-1] [0.371s] [ext: omni.kit.renderer.init-0.0.0] startup
[python-1] 2026-09-08T13:01:57Z [399ms] [Warning] [omni.platforminfo.plugin] failed to open the default display.  Can't verify X Server version.
[python-1] 2026-09-08T13:01:57Z [412ms] [Warning] [carb.cudainterop.plugin] CUDA_VISIBLE_DEVICES environment variable is set.
[python-1] 2026-09-08T13:01:57Z [412ms] [Warning] [carb.cudainterop.plugin] Note CUDA device enumeration and Omniverse device enumeration are different.
[python-1] 2026-09-08T13:01:57Z [412ms] [Warning] [carb.cudainterop.plugin] Setting CUDA_VISIBLE_DEVICES can lead to undesired behavior or crashes.
[python-1] 2026-09-08T13:01:58Z [997ms] [Warning] [gpu.foundation.plugin] Skipping NVIDIA GPU due CUDA being in bad state: NVIDIA GeForce RTX 4090
[python-1] 2026-09-08T13:01:58Z [997ms] [Warning] [gpu.foundation.plugin] Please restart your system if CUDA is known to work in your system.
[python-1] 2026-09-08T13:01:58Z [998ms] [Warning] [gpu.foundation.plugin] Skipping NVIDIA GPU due CUDA being in bad state: NVIDIA GeForce RTX 4090
[python-1] 2026-09-08T13:01:58Z [999ms] [Warning] [gpu.foundation.plugin] Please restart your system if CUDA is known to work in your system.
[python-1] 2026-09-08T13:01:58Z [1,000ms] [Warning] [gpu.foundation.plugin] Skipping NVIDIA GPU due CUDA being in bad state: NVIDIA GeForce RTX 4090
[python-1] 2026-09-08T13:01:58Z [1,000ms] [Warning] [gpu.foundation.plugin] Please restart your system if CUDA is known to work in your system.
[python-1] 2026-09-08T13:01:58Z [1,000ms] [Warning] [gpu.foundation.plugin] Skipping NVIDIA GPU due CUDA being in bad state: NVIDIA GeForce RTX 4090
[python-1] 2026-09-08T13:01:58Z [1,000ms] [Warning] [gpu.foundation.plugin] Please restart your system if CUDA is known to work in your system.
[controller_server-7] [INFO] [1788872518.978550862] [local_costmap.local_costmap]: Timed out waiting for transform from base_link to odom to become available, tf error: Invalid frame ID "odom" passed to canTransform argument target_frame - frame does not exist
[controller_server-7] [INFO] [1788872519.478530511] [local_costmap.local_costmap]: Timed out waiting for transform from base_link to odom to become available, tf error: Invalid frame ID "odom" passed to canTransform argument target_frame - frame does not exist
[controller_server-7] [INFO] [1788872519.978550441] [local_costmap.local_costmap]: Timed out waiting for transform from base_link to odom to become available, tf error: Invalid frame ID "odom" passed to canTransform argument target_frame - frame does not exist
[python-1] 2026-09-08T13:01:58Z [1,000ms] [Warning] [gpu.foundation.plugin] Skipping NVIDIA GPU due CUDA being in bad state: NVIDIA GeForce RTX 4090
[python-1] 2026-09-08T13:01:58Z [1,000ms] [Warning] [gpu.foundation.plugin] Please restart your system if CUDA is known to work in your system.
[python-1] 2026-09-08T13:01:58Z [1,000ms] [Warning] [gpu.foundation.plugin] Skipping NVIDIA GPU due CUDA being in bad state: NVIDIA GeForce RTX 4090
[python-1] 2026-09-08T13:01:58Z [1,000ms] [Warning] [gpu.foundation.plugin] Please restart your system if CUDA is known to work in your system.
[python-1] 
[python-1] |---------------------------------------------------------------------------------------------|
[python-1] | Driver Version: 580.126.09    | Graphics API: Vulkan
[python-1] |=============================================================================================|
[python-1] | GPU | Name                             | Active | LDA | GPU Memory | Vendor-ID | LUID       |
[python-1] |     |                                  |        |     |            | Device-ID | UUID       |
[python-1] |     |                                  |        |     |            | Bus-ID    |            |
[python-1] |---------------------------------------------------------------------------------------------|
[python-1] | 0   | NVIDIA GeForce RTX 4090          | Yes: 0 |     | 24810   MB | 10de      | 0          |
[python-1] |     |                                  |        |     |            | 2684      | cff28fa1.. |
[python-1] |     |                                  |        |     |            | 31        |            |
[python-1] |---------------------------------------------------------------------------------------------|
[python-1] | 1   | NVIDIA GeForce RTX 4090          |        |     | 24810   MB | 10de      | 0          |
[python-1] |     |                                  |        |     |            | 2684      | 53d85912.. |
[python-1] |     |                                  |        |     |            | 4b        |            |
[python-1] |---------------------------------------------------------------------------------------------|
[python-1] | 2   | NVIDIA GeForce RTX 4090          |        |     | 24810   MB | 10de      | 0          |
[python-1] |     |                                  |        |     |            | 2684      | 2d2c45be.. |
[python-1] |     |                                  |        |     |            | b1        |            |
[python-1] |---------------------------------------------------------------------------------------------|
[python-1] | 3   | NVIDIA GeForce RTX 4090          |        |     | 24810   MB | 10de      | 0          |
[python-1] |     |                                  |        |     |            | 2684      | 6fc79961.. |
[python-1] |     |                                  |        |     |            | ca        |            |
[python-1] |=============================================================================================|
[python-1] | OS: 22.04.5 LTS (Jammy Jellyfish) ubuntu, Version: 22.04.5, Kernel: 6.8.0-136-generic
[python-1] | Processor: Intel(R) Xeon(R) Gold 6330 CPU @ 2.00GHz
[python-1] | Cores: 56 | Logical Cores: 112
[python-1] |---------------------------------------------------------------------------------------------|
[python-1] | Total Memory (MB): 257544 | Free Memory: 226065
[python-1] | Total Page/Swap (MB): 2047 | Free Page/Swap: 2020
[python-1] |---------------------------------------------------------------------------------------------|
[python-1] 2026-09-08T13:01:59Z [1,923ms] [Warning] [gpu.foundation.plugin] CPU performance profile is set to powersave. This profile sets the CPU to the lowest frequency reducing performance.
[python-1] 2026-09-08T13:01:59Z [1,934ms] [Warning] [gpu.foundation.plugin] IOMMU is enabled.
[python-1] 2026-09-08T13:01:59Z [1,934ms] [Warning] [gpu.foundation.plugin] Detected IOMMU is enabled. Running CUDA peer-to-peer bandwidth and latency validation.
[python-1] Unidirectional P2P=Enabled Bandwidth (P2P Writes) Matrix (GB/s)
[python-1]    D\D     0 
[python-1]      0 936.75 
[python-1] P2P=Enabled Latency (P2P Writes) Matrix (us)
[python-1]    GPU     0 
[python-1]      0   1.40 
[python-1] 
[python-1]    CPU     0 
[python-1]      0   3.79 
[python-1] [2.250s] [ext: omni.materialx.libs-1.0.7] startup
[python-1] [2.263s] [ext: omni.kit.telemetry-0.5.2] startup
[python-1] [2.330s] [ext: omni.usd.config-1.0.6] startup
[python-1] [2.338s] [ext: omni.gpucompute.plugins-0.0.0] startup
[python-1] [2.339s] [ext: omni.usd.libs-1.0.1] startup
[python-1] [2.498s] [ext: omni.kit.loop-isaac-1.3.7] startup
[controller_server-7] [INFO] [1788872520.478544168] [local_costmap.local_costmap]: Timed out waiting for transform from base_link to odom to become available, tf error: Invalid frame ID "odom" passed to canTransform argument target_frame - frame does not exist
[controller_server-7] [INFO] [1788872520.978522565] [local_costmap.local_costmap]: Timed out waiting for transform from base_link to odom to become available, tf error: Invalid frame ID "odom" passed to canTransform argument target_frame - frame does not exist
[python-1] [2.500s] [ext: omni.kit.test-2.0.1] startup
[python-1] [2.596s] [ext: omni.mdl-56.0.3] startup
[python-1] [2.716s] [ext: omni.iray.libs-0.0.0] startup
[python-1] [2.725s] [ext: omni.mdl.neuraylib-0.2.12] startup
[python-1] [2.728s] [ext: omni.kit.usd.mdl-1.1.5] startup
[python-1] [2.897s] [ext: omni.kit.pipapi-0.0.0] startup
[python-1] [2.899s] [ext: omni.appwindow-1.1.10] startup
[python-1] 2026-09-08T13:02:00Z [2,854ms] [Warning] [carb.windowing-glfw.plugin] GLFW initialization failed.
[python-1] 2026-09-08T13:02:00Z [2,854ms] [Warning] [carb] Failed to startup plugin carb.windowing-glfw.plugin (interfaces: [carb::windowing::IGLContext v1.0],[carb::windowing::IWindowing v1.5]) (impl: carb.windowing-glfw.plugin)
[python-1] [2.903s] [ext: omni.kit.renderer.core-1.1.0] startup
[python-1] 2026-09-08T13:02:00Z [3,173ms] [Warning] [carb.windowing-glfw.plugin] GLFW initialization failed.
[python-1] 2026-09-08T13:02:00Z [3,173ms] [Warning] [carb] Failed to startup plugin carb.windowing-glfw.plugin (interfaces: [carb::windowing::IGLContext v1.0],[carb::windowing::IWindowing v1.5]) (impl: carb.windowing-glfw.plugin)
[python-1] 2026-09-08T13:02:00Z [3,188ms] [Warning] [carb.windowing-glfw.plugin] GLFW initialization failed.
[python-1] 2026-09-08T13:02:00Z [3,188ms] [Warning] [carb] Failed to startup plugin carb.windowing-glfw.plugin (interfaces: [carb::windowing::IGLContext v1.0],[carb::windowing::IWindowing v1.5]) (impl: carb.windowing-glfw.plugin)
[python-1] [3.237s] [ext: omni.kit.renderer.capture-0.0.0] startup
[python-1] [3.241s] [ext: omni.kit.renderer.imgui-2.0.5] startup
[python-1] 2026-09-08T13:02:00Z [3,201ms] [Warning] [carb.windowing-glfw.plugin] GLFW initialization failed.
[python-1] 2026-09-08T13:02:00Z [3,201ms] [Warning] [carb] Failed to startup plugin carb.windowing-glfw.plugin (interfaces: [carb::windowing::IGLContext v1.0],[carb::windowing::IWindowing v1.5]) (impl: carb.windowing-glfw.plugin)
[python-1] 2026-09-08T13:02:00Z [3,203ms] [Warning] [carb.windowing-glfw.plugin] GLFW initialization failed.
[python-1] 2026-09-08T13:02:00Z [3,203ms] [Warning] [carb] Failed to startup plugin carb.windowing-glfw.plugin (interfaces: [carb::windowing::IGLContext v1.0],[carb::windowing::IWindowing v1.5]) (impl: carb.windowing-glfw.plugin)
[python-1] 2026-09-08T13:02:00Z [3,204ms] [Warning] [carb.windowing-glfw.plugin] GLFW initialization failed.
[python-1] 2026-09-08T13:02:00Z [3,204ms] [Warning] [carb] Failed to startup plugin carb.windowing-glfw.plugin (interfaces: [carb::windowing::IGLContext v1.0],[carb::windowing::IWindowing v1.5]) (impl: carb.windowing-glfw.plugin)
[python-1] [3.356s] [ext: omni.ui-2.27.1] startup
[python-1] [3.372s] [ext: omni.kit.mainwindow-1.0.3] startup
[python-1] [3.374s] [ext: carb.audio-0.1.0] startup
[python-1] [3.382s] [ext: omni.uiaudio-1.0.0] startup
[python-1] [3.383s] [ext: omni.kit.uiapp-0.0.0] startup
[python-1] [3.383s] [ext: omni.usd.schema.metrics.assembler-107.3.1] startup
[python-1] [3.388s] [ext: omni.usd.schema.physx-107.3.26] startup
[python-1] [3.444s] [ext: omni.usd.schema.geospatial-0.0.0] startup
[python-1] [3.448s] [ext: omni.usd.schema.audio-0.0.0] startup
[python-1] [3.453s] [ext: omni.usd.schema.anim-0.0.0] startup
[python-1] [3.486s] [ext: omni.usd.schema.flow-107.1.1] startup
[python-1] [3.487s] [ext: omni.usd_resolver-1.0.0] startup
[python-1] [3.493s] [ext: omni.usd.core-1.5.3] startup
[python-1] [3.497s] [ext: omni.usd.schema.omni_sensors-0.0.0] startup
[python-1] [3.530s] [ext: omni.usd.schema.semantics-0.0.0] startup
[python-1] [3.534s] [ext: omni.usd.schema.omniscripting-1.0.0] startup
[python-1] [3.541s] [ext: omni.usd.schema.omni_lens_distortion-0.0.0] startup
[python-1] [3.542s] [ext: omni.usd.schema.omnigraph-1.0.0] startup
[python-1] [3.551s] [ext: omni.kit.window.popup_dialog-2.0.24] startup
[python-1] [3.557s] [ext: omni.graph.exec-0.9.6] startup
[python-1] [3.558s] [ext: omni.kit.widget.nucleus_connector-2.0.1] startup
[python-1] [3.561s] [ext: omni.kit.usd_undo-0.1.8] startup
[python-1] [3.562s] [ext: omni.kit.exec.core-0.13.4] startup
[python-1] [3.564s] [ext: omni.kit.actions.core-1.0.0] startup
[python-1] [3.569s] [ext: omni.resourcemonitor-107.0.1] startup
[python-1] [3.572s] [ext: omni.activity.core-1.0.3] startup
[python-1] [3.574s] [ext: omni.timeline-1.0.14] startup
[python-1] [3.577s] [ext: omni.kit.commands-1.4.10] startup
[python-1] [3.583s] [ext: usdrt.scenegraph-7.6.1] startup
[python-1] [3.644s] [ext: omni.kit.audiodeviceenum-1.0.2] startup
[python-1] [3.646s] [ext: omni.hydra.usdrt_delegate-7.5.1] startup
[python-1] [3.657s] [ext: omni.hydra.scene_delegate-0.3.4] startup
[python-1] [3.665s] [ext: omni.usd-1.13.10] startup
[controller_server-7] [INFO] [1788872521.478522898] [local_costmap.local_costmap]: Timed out waiting for transform from base_link to odom to become available, tf error: Invalid frame ID "odom" passed to canTransform argument target_frame - frame does not exist
[python-1] [3.704s] [ext: omni.inspect-1.0.2] startup
[python-1] [3.706s] [ext: omni.kit.notification_manager-1.0.10] startup
[python-1] [3.709s] [ext: omni.graph.core-2.184.5] startup
[python-1] [3.713s] [ext: isaacsim.core.deprecation_manager-0.2.7] startup
[python-1] [3.714s] [ext: omni.anim.graph.schema-107.3.3] startup
[python-1] [3.724s] [ext: omni.usd.schema.isaac-3.0.5] startup
[python-1] [3.725s] [ext: omni.anim.navigation.schema-107.3.3] startup
[python-1] [3.730s] [ext: omni.kit.asset_converter-5.0.17] startup
[python-1] [3.748s] [ext: isaacsim.robot.schema-3.6.0] startup
[python-1] [3.761s] [ext: omni.usd.schema.render_settings.rtx-0.0.0] startup
[python-1] [3.763s] [ext: omni.kit.menu.core-1.1.2] startup
[python-1] [3.764s] [ext: omni.kit.widget.path_field-2.0.11] startup
[python-1] [3.765s] [ext: omni.kit.widget.context_menu-1.2.5] startup
[python-1] [3.767s] [ext: omni.kit.widget.browser_bar-2.0.10] startup
[python-1] [3.768s] [ext: omni.kit.clipboard-1.0.5] startup
[python-1] [3.769s] [ext: omni.kit.numpy.common-0.1.3] startup
[python-1] [3.772s] [ext: omni.kit.widget.options_menu-1.1.6] startup
[python-1] [3.777s] [ext: omni.kit.helper.file_utils-0.1.9] startup
[python-1] [3.779s] [ext: omni.ui.scene-1.11.5] startup
[python-1] [3.786s] [ext: omni.kit.widget.options_button-1.0.3] startup
[python-1] [3.787s] [ext: omni.kit.widget.filebrowser-2.12.3] startup
[python-1] [3.794s] [ext: omni.kit.usd.layers-2.2.11] startup
[python-1] [3.806s] [ext: omni.kit.window.filepicker-2.13.4] startup
[python-1] [3.829s] [ext: omni.kit.hotkeys.core-1.3.10] startup
[python-1] [3.835s] [ext: omni.kit.context_menu-1.8.6] startup
[python-1] [3.837s] [ext: omni.kit.property.adapter.core-1.0.2] startup
[python-1] [3.841s] [ext: omni.kit.window.file_exporter-1.0.33] startup
[python-1] [3.844s] [ext: omni.kit.widget.searchfield-1.1.8] startup
[python-1] [3.846s] [ext: omni.kit.widget.filter-1.1.4] startup
[python-1] [3.847s] [ext: omni.kit.widget.graph-2.0.0] startup
[python-1] [3.855s] [ext: omni.kit.widget.stage-3.1.4] startup
[python-1] [3.873s] [ext: omni.kit.property.adapter.usd-1.0.2] startup
[python-1] [3.874s] [ext: omni.kit.property.adapter.fabric-1.0.3] startup
[python-1] [3.876s] [ext: omni.kit.graph.delegate.default-1.2.3] startup
[python-1] [3.877s] [ext: omni.kit.window.file_importer-1.1.18] startup
[python-1] [3.878s] [ext: omni.kit.stage_template.core-1.1.22] startup
[python-1] [3.879s] [ext: omni.kit.menu.utils-2.0.5] startup
[python-1] [3.887s] [ext: omni.kit.window.file-2.0.5] startup
[python-1] [3.891s] [ext: omni.kit.widget.highlight_label-1.0.3] startup
[python-1] [3.892s] [ext: omni.kit.window.drop_support-1.0.5] startup
[python-1] [3.893s] [ext: omni.kit.window.content_browser_registry-0.0.6] startup
[python-1] [3.894s] [ext: omni.kit.window.property-1.12.1] startup
[python-1] [3.898s] [ext: omni.kit.window.content_browser-3.1.3] startup
[python-1] [3.917s] [ext: isaacsim.core.version-2.0.6] startup
[python-1] [3.918s] [ext: omni.kit.property.usd-4.5.12] startup
[python-1] [3.934s] [ext: omni.kit.graph.editor.core-1.5.3] startup
[python-1] [3.937s] [ext: omni.kit.material.library-2.0.7] startup
[python-1] [3.945s] [ext: omni.kit.graph.usd.commands-1.3.1] startup
[python-1] [3.946s] [ext: omni.kvdb-107.3.26] startup
[python-1] [3.948s] [ext: omni.usdphysics-107.3.26] startup
[python-1] [3.952s] [ext: omni.physx.foundation-107.3.26] startup
[python-1] [3.954s] [ext: omni.localcache-107.3.26] startup
[python-1] [3.957s] [ext: omni.convexdecomposition-107.3.26] startup
[python-1] [3.961s] [ext: omni.physics-107.3.26] startup
[python-1] [3.966s] [ext: omni.physx.cooking-107.3.26] startup
[python-1] [3.971s] [ext: omni.physics.stageupdate-107.3.26] startup
[python-1] [3.974s] [ext: omni.physx-107.3.26] startup
[python-1] [3.990s] [ext: omni.index.libs-380600.8087.0] startup
[python-1] [3.990s] [ext: omni.physics.physx-107.3.26] startup
[python-1] 2026-09-08T13:02:01Z [3,945ms] [Warning] [carb] Acquiring non optional plugin interface which is not listed as dependency: [omni::physx::IPhysxBenchmarks v1.0] (plugin: <default plugin>), by client: omni.physics.physx.plugin. Add it to CARB_PLUGIN_IMPL_DEPS() macro of a client.
[python-1] [3.993s] [ext: omni.index-1.0.1] startup
[python-1] [3.994s] [ext: omni.volume-0.5.2] startup
[python-1] [3.998s] [ext: omni.ujitso.client-0.0.0] startup
[python-1] [3.999s] [ext: omni.hydra.rtx.shadercache.vulkan-1.0.0] startup
[python-1] [4.001s] [ext: omni.kit.widget.searchable_combobox-1.0.6] startup
[python-1] [4.002s] [ext: omni.hydra.rtx-1.0.0] startup
[python-1] 2026-09-08T13:02:01Z [3,985ms] [Warning] [omni.log] Source: omni.hydra was already registered.
[python-1] [4.060s] [ext: omni.kit.widget.settings-1.2.6] startup
[python-1] [4.064s] [ext: omni.kit.hydra_texture-1.4.6] startup
[python-1] [4.070s] [ext: omni.graph.tools-1.79.2] startup
[controller_server-7] [INFO] [1788872521.978550627] [local_costmap.local_costmap]: Timed out waiting for transform from base_link to odom to become available, tf error: Invalid frame ID "odom" passed to canTransform argument target_frame - frame does not exist
[controller_server-7] [INFO] [1788872522.478524839] [local_costmap.local_costmap]: Timed out waiting for transform from base_link to odom to become available, tf error: Invalid frame ID "odom" passed to canTransform argument target_frame - frame does not exist
[controller_server-7] [INFO] [1788872522.978528274] [local_costmap.local_costmap]: Timed out waiting for transform from base_link to odom to become available, tf error: Invalid frame ID "odom" passed to canTransform argument target_frame - frame does not exist
[controller_server-7] [INFO] [1788872523.478530996] [local_costmap.local_costmap]: Timed out waiting for transform from base_link to odom to become available, tf error: Invalid frame ID "odom" passed to canTransform argument target_frame - frame does not exist
[controller_server-7] [INFO] [1788872523.978526876] [local_costmap.local_costmap]: Timed out waiting for transform from base_link to odom to become available, tf error: Invalid frame ID "odom" passed to canTransform argument target_frame - frame does not exist
[controller_server-7] [INFO] [1788872524.478525450] [local_costmap.local_costmap]: Timed out waiting for transform from base_link to odom to become available, tf error: Invalid frame ID "odom" passed to canTransform argument target_frame - frame does not exist
[controller_server-7] [INFO] [1788872524.978511135] [local_costmap.local_costmap]: Timed out waiting for transform from base_link to odom to become available, tf error: Invalid frame ID "odom" passed to canTransform argument target_frame - frame does not exist
[controller_server-7] [INFO] [1788872525.478527425] [local_costmap.local_costmap]: Timed out waiting for transform from base_link to odom to become available, tf error: Invalid frame ID "odom" passed to canTransform argument target_frame - frame does not exist
[controller_server-7] [INFO] [1788872525.978528244] [local_costmap.local_costmap]: Timed out waiting for transform from base_link to odom to become available, tf error: Invalid frame ID "odom" passed to canTransform argument target_frame - frame does not exist
[controller_server-7] [INFO] [1788872526.478523007] [local_costmap.local_costmap]: Timed out waiting for transform from base_link to odom to become available, tf error: Invalid frame ID "odom" passed to canTransform argument target_frame - frame does not exist
[controller_server-7] [INFO] [1788872526.978522686] [local_costmap.local_costmap]: Timed out waiting for transform from base_link to odom to become available, tf error: Invalid frame ID "odom" passed to canTransform argument target_frame - frame does not exist
[controller_server-7] [INFO] [1788872527.478521860] [local_costmap.local_costmap]: Timed out waiting for transform from base_link to odom to become available, tf error: Invalid frame ID "odom" passed to canTransform argument target_frame - frame does not exist
[python-1] [4.109s] [ext: omni.kit.window.preferences-1.8.0] startup
[python-1] [4.118s] [ext: omni.kit.widget.material_preview-1.0.16] startup
[python-1] [4.120s] [ext: omni.graph-1.141.2] startup
[python-1] [4.191s] [ext: omni.kit.window.material_graph-1.9.1] startup
[python-1] [4.208s] [ext: omni.isaac.dynamic_control-2.0.7] startup
[python-1] 2026-09-08T13:02:01Z [4,171ms] [Warning] [omni.isaac.dynamic_control] omni.isaac.dynamic_control is deprecated as of Isaac Sim 4.5. No action is needed from end-users.
[python-1] [4.219s] [ext: isaacsim.storage.native-1.5.1] startup
[python-1] [4.226s] [ext: omni.graph.scriptnode-1.50.0] startup
[python-1] [4.231s] [ext: omni.hydra.engine.stats-1.0.3] startup
[python-1] [4.240s] [ext: omni.kit.viewport.legacy_gizmos-1.0.19] startup
[python-1] [4.245s] [ext: omni.kit.raycast.query-1.1.0] startup
[python-1] [4.258s] [ext: omni.graph.action_core-1.1.7] startup
[python-1] [4.264s] [ext: omni.kit.viewport.scene_camera_model-1.0.6] startup
[python-1] [4.277s] [ext: omni.graph.image.core-0.6.1] startup
[python-1] [4.280s] [ext: omni.kit.widget.viewport-107.1.3] startup
[python-1] [4.296s] [ext: omni.kit.viewport.registry-104.0.6] startup
[python-1] [4.329s] [ext: omni.usd.metrics.assembler-107.3.1] startup
[python-1] [4.343s] [ext: omni.kit.viewport.window-107.2.0] startup
[python-1] [4.382s] [ext: omni.kit.viewport.menubar.core-107.2.1] startup
[python-1] [4.406s] [ext: omni.graph.image.nodes-1.3.1] startup
[python-1] [4.408s] [ext: omni.usd.metrics.assembler.physics-107.3.26] startup
[python-1] [4.412s] [ext: omni.warp.core-1.8.2] startup
[python-1] [4.788s] [ext: omni.kit.viewport.utility-1.1.2] startup
[python-1] [4.792s] [ext: omni.physics.tensors-107.3.26] startup
[python-1] [4.802s] [ext: omni.syntheticdata-0.6.13] startup
[python-1] [4.849s] [ext: isaacsim.test.docstring-1.1.0] startup
[python-1] [4.861s] [ext: isaacsim.core.utils-3.5.1] startup
[python-1] [4.869s] [ext: omni.physx.tensors-107.3.26] startup
[python-1] [4.879s] [ext: omni.graph.nodes-1.170.10] startup
[python-1] [4.898s] [ext: omni.graph.action_nodes-1.50.4] startup
[python-1] [4.906s] [ext: omni.kit.primitive.mesh-1.0.17] startup
[python-1] [4.948s] [ext: isaacsim.core.simulation_manager-1.4.4] startup
[python-1] [7.973s] [ext: omni.graph.ui_nodes-1.50.5] startup
[python-1] [7.989s] [ext: omni.graph.action-1.130.0] startup
[python-1] [7.993s] [ext: omni.kit.stage_templates-2.0.0] startup
[python-1] [8.006s] [ext: isaacsim.core.prims-0.6.1] startup
[python-1] [8.077s] [ext: omni.warp-1.8.2] startup
[python-1] [8.098s] [ext: omni.videoencoding-0.1.2] startup
[python-1] [8.109s] [ext: isaacsim.core.api-4.8.0] startup
[python-1] [8.136s] [ext: isaacsim.core.experimental.utils-0.3.0] startup
[python-1] [8.151s] [ext: omni.replicator.core-1.12.27] startup
[python-1] 2026-09-08T13:02:05Z [8,133ms] [Warning] [pxr.Semantics] pxr.Semantics is deprecated - please use Semantics instead
[python-1] 2026-09-08T13:02:05Z [8,382ms] [Warning] [omni.graph.core.plugin] Found duplicate of category 'Replicator' - was 'Annotators', adding 'Fabric Reader'
[python-1] 2026-09-08T13:02:05Z [8,382ms] [Warning] [omni.graph.core.plugin] Category 'Replicator' not accepted on node type 'omni.replicator.core.FabricReader' in extension 'omni.replicator.core'
[python-1] 2026-09-08T13:02:05Z [8,385ms] [Warning] [omni.replicator.core.scripts.extension] No material configuration file, adding configuration to material settings directly.
[python-1] [8.442s] [ext: isaacsim.core.experimental.prims-0.8.1] startup
[python-1] [8.728s] [ext: omni.kit.window.extensions-1.4.27] startup
[python-1] [8.886s] [ext: isaacsim.core.experimental.objects-0.4.0] startup
[python-1] [8.959s] [ext: omni.ui_query-1.1.8] startup
[python-1] [8.989s] [ext: omni.kit.manipulator.viewport-107.0.1] startup
[python-1] [8.999s] [ext: isaacsim.robot.surface_gripper-3.3.1] startup
[python-1] [9.022s] [ext: omni.kit.ui_test-1.3.7] startup
[python-1] [9.060s] [ext: omni.graph.visualization.nodes-2.1.3] startup
[python-1] [9.169s] [ext: isaacsim.robot_motion.lula-4.0.8] startup
[python-1] [9.203s] [ext: isaacsim.core.nodes-3.4.3] startup
[python-1] [9.221s] [ext: isaacsim.gui.components-1.2.1] startup
[python-1] [9.262s] [ext: isaacsim.robot_motion.motion_generation-8.0.26] startup
[python-1] [9.847s] [ext: isaacsim.robot.manipulators-3.3.6] startup
[python-1] [10.249s] [ext: isaacsim.core.experimental.materials-0.4.0] startup
[python-1] [10.337s] [ext: isaacsim.robot.manipulators.examples-1.1.2] startup
[python-1] [10.361s] [ext: isaacsim.cortex.framework-1.0.12] startup
[python-1] [10.406s] [ext: isaacsim.cortex.behaviors-2.0.14] startup
[python-1] [10.419s] [ext: omni.isaac.cortex.sample_behaviors-2.0.5] startup
[python-1] 2026-09-08T13:02:07Z [10,382ms] [Warning] [omni.isaac.cortex] omni.isaac.cortex has been deprecated in favor of isaacsim.cortex.framework. Please update your code accordingly.
[controller_server-7] [INFO] [1788872527.978525704] [local_costmap.local_costmap]: Timed out waiting for transform from base_link to odom to become available, tf error: Invalid frame ID "odom" passed to canTransform argument target_frame - frame does not exist
[python-1] 2026-09-08T13:02:07Z [10,384ms] [Warning] [omni.isaac.cortex.sample_behaviors] omni.isaac.cortex.sample_behaviors has been deprecated in favor of isaacsim.cortex.behaviors. Please update your code accordingly.
[python-1] [10.432s] [ext: omni.kit.widget.zoombar-1.0.6] startup
[python-1] [10.460s] [ext: isaacsim.gui.content_browser-0.1.11] startup
[python-1] [10.489s] [ext: omni.kit.browser.core-2.3.13] startup
[python-1] [10.522s] [ext: omni.kit.widget.stage_icons-1.0.8] startup
[python-1] [10.532s] [ext: omni.kit.widget.prompt-1.0.7] startup
[python-1] [10.540s] [ext: omni.kit.usd.collect-2.4.5] startup
[python-1] [10.563s] [ext: omni.kit.browser.folder.core-1.10.9] startup
[python-1] [10.609s] [ext: omni.kit.window.stage-2.6.1] startup
[python-1] [10.627s] [ext: omni.kit.usdz_export-1.0.9] startup
[python-1] [10.636s] [ext: omni.kit.tool.collect-2.2.18] startup
[python-1] [10.643s] [ext: omni.kit.menu.stage-1.2.7] startup
[python-1] [10.650s] [ext: omni.kit.tool.asset_importer-4.3.2] startup
[python-1] [10.667s] [ext: isaacsim.robot.wheeled_robots-4.0.24] startup
[python-1] [10.681s] [ext: isaacsim.examples.browser-0.2.1] startup
[python-1] [10.697s] [ext: isaacsim.asset.importer.urdf-2.4.30] startup
[python-1] [10.856s] [ext: omni.isaac.wheeled_robots-3.0.7] startup
[python-1] 2026-09-08T13:02:08Z [10,812ms] [Warning] [omni.isaac.wheeled_robots] omni.isaac.wheeled_robots has been deprecated in favor of isaacsim.robot.wheeled_robots. Please update your code accordingly.
[python-1] 2026-09-08T13:02:08Z [10,826ms] [Warning] [omni.isaac.wheeled_robots.controllers] omni.isaac.wheeled_robots has been deprecated in favor of isaacsim.robot.wheeled_robots. Please update your code accordingly.
[python-1] 2026-09-08T13:02:08Z [10,826ms] [Warning] [omni.isaac.wheeled_robots.controllers.ackermann_controller] omni.isaac.wheeled_robots has been deprecated in favor of isaacsim.robot.wheeled_robots. Please update your code accordingly.
[python-1] 2026-09-08T13:02:08Z [10,827ms] [Warning] [omni.isaac.wheeled_robots.controllers.differential_controller] omni.isaac.wheeled_robots has been deprecated in favor of isaacsim.robot.wheeled_robots. Please update your code accordingly.
[python-1] 2026-09-08T13:02:08Z [10,827ms] [Warning] [omni.isaac.wheeled_robots.controllers.holonomic_controller] omni.isaac.wheeled_robots has been deprecated in favor of isaacsim.robot.wheeled_robots. Please update your code accordingly.
[python-1] 2026-09-08T13:02:08Z [10,827ms] [Warning] [omni.isaac.wheeled_robots.controllers.quintic_path_planner] omni.isaac.wheeled_robots has been deprecated in favor of isaacsim.robot.wheeled_robots. Please update your code accordingly.
[python-1] 2026-09-08T13:02:08Z [10,828ms] [Warning] [omni.isaac.wheeled_robots.controllers.stanley_control] omni.isaac.wheeled_robots has been deprecated in favor of isaacsim.robot.wheeled_robots. Please update your code accordingly.
[python-1] 2026-09-08T13:02:08Z [10,828ms] [Warning] [omni.isaac.wheeled_robots.controllers.wheel_base_pose_controller] omni.isaac.wheeled_robots has been deprecated in favor of isaacsim.robot.wheeled_robots. Please update your code accordingly.
[python-1] 2026-09-08T13:02:08Z [10,828ms] [Warning] [omni.isaac.wheeled_robots.impl] omni.isaac.wheeled_robots has been deprecated in favor of isaacsim.robot.wheeled_robots. Please update your code accordingly.
[python-1] 2026-09-08T13:02:08Z [10,828ms] [Warning] [omni.isaac.wheeled_robots.robots] omni.isaac.wheeled_robots has been deprecated in favor of isaacsim.robot.wheeled_robots. Please update your code accordingly.
[python-1] 2026-09-08T13:02:08Z [10,829ms] [Warning] [omni.isaac.wheeled_robots.robots.holonomic_robot_usd_setup] omni.isaac.wheeled_robots has been deprecated in favor of isaacsim.robot.wheeled_robots. Please update your code accordingly.
[python-1] 2026-09-08T13:02:08Z [10,829ms] [Warning] [omni.isaac.wheeled_robots.robots.wheeled_robot] omni.isaac.wheeled_robots has been deprecated in favor of isaacsim.robot.wheeled_robots. Please update your code accordingly.
[python-1] [10.876s] [ext: isaacsim.simulation_app-2.12.2] startup
[python-1] [10.885s] [ext: omni.isaac.franka-1.0.7] startup
[python-1] 2026-09-08T13:02:08Z [10,841ms] [Warning] [omni.isaac.franka] omni.isaac.franka has been deprecated in favor of isaacsim.robot.manipulators.examples.franka. Please update your code accordingly.
[python-1] 2026-09-08T13:02:08Z [10,841ms] [Warning] [omni.isaac.franka.franka] omni.isaac.franka has been deprecated in favor of isaacsim.robot.manipulators.examples.franka. Please update your code accordingly.
[controller_server-7] [INFO] [1788872528.478520344] [local_costmap.local_costmap]: Timed out waiting for transform from base_link to odom to become available, tf error: Invalid frame ID "odom" passed to canTransform argument target_frame - frame does not exist
[python-1] 2026-09-08T13:02:08Z [10,886ms] [Warning] [omni.isaac.franka.kinematics_solver] omni.isaac.franka has been deprecated in favor of isaacsim.robot.manipulators.examples.franka. Please update your code accordingly.
[python-1] [10.933s] [ext: omni.isaac.kit-2.0.6] startup
[python-1] 2026-09-08T13:02:08Z [10,895ms] [Warning] [omni.isaac.kit] omni.isaac.kit has been deprecated in favor of isaacsim.simulation_app. Please update your code accordingly.
[python-1] [10.942s] [ext: omni.kit.selection-0.1.6] startup
[python-1] [10.952s] [ext: omni.isaac.lula-4.0.6] startup
[python-1] 2026-09-08T13:02:08Z [10,914ms] [Warning] [omni.isaac.lula] omni.isaac.lula has been deprecated in favor of isaacsim.robot_motion.lula. Please update your code accordingly.
[python-1] [10.969s] [ext: isaacsim.robot_motion.lula_test_widget-1.0.12] startup
[python-1] [11.000s] [ext: isaacsim.asset.browser-1.3.23] startup
[python-1] [11.191s] [ext: omni.kit.viewport.actions-107.0.2] startup
[python-1] [11.205s] [ext: isaacsim.gui.menu-2.4.4] startup
[python-1] [11.219s] [ext: omni.isaac.manipulators-3.0.7] startup
[python-1] 2026-09-08T13:02:08Z [11,179ms] [Warning] [omni.isaac.manipulators] omni.isaac.manipulators has been deprecated in favor of isaacsim.robot.manipulators. Please update your code accordingly.
[python-1] 2026-09-08T13:02:08Z [11,179ms] [Warning] [omni.isaac.manipulators.controllers] omni.isaac.manipulators has been deprecated in favor of isaacsim.robot.manipulators. Please update your code accordingly.
[python-1] 2026-09-08T13:02:08Z [11,180ms] [Warning] [omni.isaac.manipulators.controllers.pick_place_controller] omni.isaac.manipulators has been deprecated in favor of isaacsim.robot.manipulators. Please update your code accordingly.
[python-1] 2026-09-08T13:02:08Z [11,181ms] [Warning] [omni.isaac.manipulators.controllers.stacking_controller] omni.isaac.manipulators has been deprecated in favor of isaacsim.robot.manipulators. Please update your code accordingly.
[python-1] 2026-09-08T13:02:08Z [11,182ms] [Warning] [omni.isaac.manipulators.grippers] omni.isaac.manipulators has been deprecated in favor of isaacsim.robot.manipulators. Please update your code accordingly.
[python-1] 2026-09-08T13:02:08Z [11,182ms] [Warning] [omni.isaac.manipulators.grippers.gripper] omni.isaac.manipulators has been deprecated in favor of isaacsim.robot.manipulators. Please update your code accordingly.
[python-1] 2026-09-08T13:02:08Z [11,183ms] [Warning] [omni.isaac.manipulators.grippers.parallel_gripper] omni.isaac.manipulators has been deprecated in favor of isaacsim.robot.manipulators. Please update your code accordingly.
[python-1] 2026-09-08T13:02:08Z [11,183ms] [Warning] [omni.isaac.manipulators.grippers.surface_gripper] omni.isaac.manipulators has been deprecated in favor of isaacsim.robot.manipulators. Please update your code accordingly.
[python-1] 2026-09-08T13:02:08Z [11,183ms] [Warning] [omni.isaac.manipulators.manipulators] omni.isaac.manipulators has been deprecated in favor of isaacsim.robot.manipulators. Please update your code accordingly.
[python-1] 2026-09-08T13:02:08Z [11,189ms] [Warning] [omni.isaac.manipulators.manipulators.single_manipulator] omni.isaac.manipulators has been deprecated in favor of isaacsim.robot.manipulators. Please update your code accordingly.
[python-1] [11.237s] [ext: omni.isaac.lula_test_widget-1.0.6] startup
[python-1] 2026-09-08T13:02:08Z [11,198ms] [Warning] [omni.isaac.lula_test_widget] omni.isaac.lula_test_widget has been deprecated in favor of isaacsim.robot_motion.lula_test_widget. Please update your code accordingly.
[python-1] [11.245s] [ext: omni.isaac.asset_browser-1.0.6] startup
[python-1] 2026-09-08T13:02:08Z [11,205ms] [Warning] [omni.isaac.asset_browser] omni.isaac.asset_browser has been deprecated in favor of isaacsim.asset.browser. Please update your code accordingly.
[python-1] [11.253s] [ext: omni.kit.viewport.menubar.display-107.0.3] startup
[python-1] [11.278s] [ext: omni.isaac.menu-1.0.6] startup
[python-1] 2026-09-08T13:02:08Z [11,235ms] [Warning] [omni.isaac.menu] omni.isaac.menu has been deprecated in favor of isaacsim.gui.menu. Please update your code accordingly.
[python-1] [11.283s] [ext: omni.isaac.motion_generation-8.0.7] startup
[python-1] 2026-09-08T13:02:08Z [11,244ms] [Warning] [omni.isaac.motion_generation] omni.isaac.motion_generation has been deprecated in favor of isaacsim.robot_motion.motion_generation. Please update your code accordingly.
[python-1] 2026-09-08T13:02:08Z [11,245ms] [Warning] [omni.isaac.motion_generation.articulation_kinematics_solver] omni.isaac.motion_generation has been deprecated in favor of isaacsim.robot_motion.motion_generation. Please update your code accordingly.
[python-1] 2026-09-08T13:02:08Z [11,251ms] [Warning] [omni.isaac.motion_generation.articulation_motion_policy] omni.isaac.motion_generation has been deprecated in favor of isaacsim.robot_motion.motion_generation. Please update your code accordingly.
[python-1] 2026-09-08T13:02:08Z [11,251ms] [Warning] [omni.isaac.motion_generation.articulation_trajectory] omni.isaac.motion_generation has been deprecated in favor of isaacsim.robot_motion.motion_generation. Please update your code accordingly.
[python-1] 2026-09-08T13:02:08Z [11,252ms] [Warning] [omni.isaac.motion_generation.kinematics_interface] omni.isaac.motion_generation has been deprecated in favor of isaacsim.robot_motion.motion_generation. Please update your code accordingly.
[python-1] 2026-09-08T13:02:08Z [11,253ms] [Warning] [omni.isaac.motion_generation.lula] omni.isaac.motion_generation has been deprecated in favor of isaacsim.robot_motion.motion_generation. Please update your code accordingly.
[python-1] 2026-09-08T13:02:08Z [11,253ms] [Warning] [omni.isaac.motion_generation.lula.kinematics] omni.isaac.motion_generation has been deprecated in favor of isaacsim.robot_motion.motion_generation. Please update your code accordingly.
[python-1] 2026-09-08T13:02:08Z [11,253ms] [Warning] [omni.isaac.motion_generation.lula.motion_policies] omni.isaac.motion_generation has been deprecated in favor of isaacsim.robot_motion.motion_generation. Please update your code accordingly.
[python-1] 2026-09-08T13:02:08Z [11,254ms] [Warning] [omni.isaac.motion_generation.lula.path_planners] omni.isaac.motion_generation has been deprecated in favor of isaacsim.robot_motion.motion_generation. Please update your code accordingly.
[python-1] 2026-09-08T13:02:08Z [11,254ms] [Warning] [omni.isaac.motion_generation.lula.trajectory_generator] omni.isaac.motion_generation has been deprecated in favor of isaacsim.robot_motion.motion_generation. Please update your code accordingly.
[python-1] 2026-09-08T13:02:08Z [11,255ms] [Warning] [omni.isaac.motion_generation.motion_policy_controller] omni.isaac.motion_generation has been deprecated in favor of isaacsim.robot_motion.motion_generation. Please update your code accordingly.
[python-1] 2026-09-08T13:02:08Z [11,255ms] [Warning] [omni.isaac.motion_generation.motion_policy_interface] omni.isaac.motion_generation has been deprecated in favor of isaacsim.robot_motion.motion_generation. Please update your code accordingly.
[python-1] 2026-09-08T13:02:08Z [11,256ms] [Warning] [omni.isaac.motion_generation.path_planner_visualizer] omni.isaac.motion_generation has been deprecated in favor of isaacsim.robot_motion.motion_generation. Please update your code accordingly.
[python-1] 2026-09-08T13:02:08Z [11,256ms] [Warning] [omni.isaac.motion_generation.path_planning_interface] omni.isaac.motion_generation has been deprecated in favor of isaacsim.robot_motion.motion_generation. Please update your code accordingly.
[python-1] 2026-09-08T13:02:08Z [11,256ms] [Warning] [omni.isaac.motion_generation.trajectory] omni.isaac.motion_generation has been deprecated in favor of isaacsim.robot_motion.motion_generation. Please update your code accordingly.
[python-1] 2026-09-08T13:02:08Z [11,257ms] [Warning] [omni.isaac.motion_generation.world_interface] omni.isaac.motion_generation has been deprecated in favor of isaacsim.robot_motion.motion_generation. Please update your code accordingly.
[python-1] [11.305s] [ext: omni.isaac.assets_check-0.3.13] startup
[python-1] 2026-09-08T13:02:08Z [11,265ms] [Warning] [omni.isaac.assets_check] omni.isaac.assets_check has been deprecated in favor of isaacsim.asset.browser. Please update your code accordingly.
[python-1] [11.313s] [ext: isaacsim.gui.sensors.icon-2.0.3] startup
[python-1] [11.364s] [ext: isaacsim.asset.importer.mjcf-2.5.13] startup
[python-1] [11.375s] [ext: omni.sensors.nv.common-3.0.0] startup
[python-1] [11.392s] [ext: isaacsim.sensors.physics-0.4.3] startup
[python-1] [11.402s] [ext: omni.sensors.net-1.0.0] startup
[python-1] [11.412s] [ext: omni.isaac.nucleus-1.0.6] startup
[python-1] 2026-09-08T13:02:08Z [11,368ms] [Warning] [omni.isaac.nucleus] omni.isaac.nucleus has been deprecated in favor of isaacsim.storage.native. Please update your code accordingly.
[controller_server-7] [INFO] [1788872528.978520391] [local_costmap.local_costmap]: Timed out waiting for transform from base_link to odom to become available, tf error: Invalid frame ID "odom" passed to canTransform argument target_frame - frame does not exist
[python-1] 2026-09-08T13:02:08Z [11,369ms] [Warning] [omni.isaac.nucleus.nucleus] omni.isaac.nucleus.nucleus has been deprecated in favor of isaacsim.storage.native. Please update your code accordingly.
[python-1] [11.416s] [ext: omni.sensors.nv.materials-2.0.0] startup
[python-1] [11.425s] [ext: isaacsim.robot.policy.examples-4.1.11] startup
[python-1] [11.436s] [ext: omni.sensors.nv.wpm-3.0.0] startup
[python-1] [11.443s] [ext: omni.sensors.nv.lidar-3.0.0] startup
[python-1] [11.458s] [ext: isaacsim.util.debug_draw-3.1.0] startup
[python-1] [11.474s] [ext: omni.sensors.nv.radar-3.0.0] startup
[python-1] [11.490s] [ext: omni.sensors.nv.ids-2.0.0] startup
[python-1] [11.498s] [ext: isaacsim.core.cloner-1.4.10] startup
[python-1] [11.505s] [ext: isaacsim.sensors.physx-2.3.2] startup
[python-1] [11.518s] [ext: isaacsim.sensors.rtx-15.8.4] startup
[python-1] [11.535s] [ext: isaacsim.sensors.camera-1.3.6] startup
[python-1] [11.564s] [ext: omni.isaac.quadruped-3.0.7] startup
[python-1] 2026-09-08T13:02:09Z [11,527ms] [Warning] [omni.isaac.quadruped] omni.isaac.quadruped has been deprecated in favor of isaacsim.robot.policy.examples. Please update your code accordingly.
[python-1] [11.584s] [ext: omni.isaac.cloner-1.0.7] startup
[python-1] 2026-09-08T13:02:09Z [11,555ms] [Warning] [omni.isaac.cloner] omni.isaac.cloner has been deprecated in favor of isaacsim.core.cloner. Please update your code accordingly.
[python-1] [11.620s] [ext: omni.isaac.range_sensor-4.0.6] startup
[python-1] 2026-09-08T13:02:09Z [11,584ms] [Warning] [omni.isaac.range_sensor] omni.isaac.range_sensor has been deprecated in favor of isaacsim.sensors.physx. Please update your code accordingly.
[python-1] 2026-09-08T13:02:09Z [11,585ms] [Warning] [omni.isaac.range_sensor.commands] omni.isaac.range_sensor.commands has been deprecated in favor of isaacsim.sensors.physx.commands. Please update your code accordingly.
[python-1] [11.634s] [ext: omni.isaac.sensor-13.0.7] startup
[python-1] 2026-09-08T13:02:09Z [11,594ms] [Warning] [omni.isaac.sensor] omni.isaac.sensor has been deprecated in favor of isaacsim.sensors.camera, isaacsim.sensors.physics, isaacsim.sensors.physx, and isaacsim.sensors.rtx. Please update your code accordingly.
[python-1] 2026-09-08T13:02:09Z [11,596ms] [Warning] [omni.isaac.sensor.camera] omni.isaac.sensor.camera has been deprecated in favor of isaacsim.sensors.camera.camera. Please update your code accordingly.
[python-1] 2026-09-08T13:02:09Z [11,603ms] [Warning] [omni.isaac.sensor.camera_view] omni.isaac.sensor.camera_view has been deprecated in favor of isaacsim.sensors.camera.camera_view. Please update your code accordingly.
[python-1] 2026-09-08T13:02:09Z [11,604ms] [Warning] [omni.isaac.sensor.commands] omni.isaac.sensor.commands has been deprecated in favor of isaacsim.sensors.physics.commands, isaacsim.sensors.physx.commands, and isaacsim.sensors.rtx.commands. Please update your code accordingly.
[python-1] 2026-09-08T13:02:09Z [11,604ms] [Warning] [omni.isaac.sensor.contact_sensor] omni.isaac.sensor.contact_sensor has been deprecated in favor of isaacsim.sensors.physics.contact_sensor. Please update your code accordingly.
[python-1] 2026-09-08T13:02:09Z [11,605ms] [Warning] [omni.isaac.sensor.imu_sensor] omni.isaac.sensor.imu_sensor has been deprecated in favor of isaacsim.sensors.physics.imu_sensor. Please update your code accordingly.
[python-1] 2026-09-08T13:02:09Z [11,605ms] [Warning] [omni.isaac.sensor.lidar_rtx] omni.isaac.sensor.lidar_rtx has been deprecated in favor of isaacsim.sensors.rtx.lidar_rtx. Please update your code accordingly.
[python-1] 2026-09-08T13:02:09Z [11,606ms] [Warning] [omni.isaac.sensor.rotating_lidar_physX] omni.isaac.sensor.imu_sensor has been deprecated in favor of isaacsim.sensors.physix.rotating_lidar_physX. Please update your code accordingly.
[python-1] 2026-09-08T13:02:09Z [11,607ms] [Warning] [omni.isaac.sensor.scripts.samples.contact_sensor] omni.isaac.sensor.scripts.samples.contact_sensor has been deprecated in favor of isaacsim.sensors.physics.scripts.samples.contact_sensor. Please update your code accordingly.
[python-1] 2026-09-08T13:02:09Z [11,607ms] [Warning] [omni.isaac.sensor.scripts.samples.imu_sensor] omni.isaac.sensor.scripts.samples.imu_sensor has been deprecated in favor of isaacsim.sensors.physics.scripts.samples.imu_sensor. Please update your code accordingly.
[python-1] 2026-09-08T13:02:09Z [11,608ms] [Warning] [omni.isaac.sensor.scripts.samples.lightbeam_sensor] omni.isaac.sensor.scripts.samples.lightbeam_sensor has been deprecated in favor of isaacsim.sensors.physx.scripts.samples.lightbeam_sensor. Please update your code accordingly.
[controller_server-7] [INFO] [1788872529.478511164] [local_costmap.local_costmap]: Timed out waiting for transform from base_link to odom to become available, tf error: Invalid frame ID "odom" passed to canTransform argument target_frame - frame does not exist
[python-1] [11.655s] [ext: omni.kit.menu.create-2.0.1] startup
[python-1] [11.667s] [ext: omni.kit.widget.toolbar-2.0.1] startup
[python-1] [11.718s] [ext: omni.kit.manipulator.transform-107.0.0] startup
[python-1] [11.732s] [ext: omni.isaac.core-4.0.7] startup
[python-1] 2026-09-08T13:02:09Z [11,688ms] [Warning] [omni.isaac.core.physics_context.physics_context] omni.isaac.core.physics_context.physics_context has been deprecated in favor of isaacsim.core.api.physics_context.physics_context. Please update your code accordingly.
[python-1] 2026-09-08T13:02:09Z [11,689ms] [Warning] [omni.isaac.core.simulation_context.simulation_context] omni.isaac.core.simulation_context.simulation_context has been deprecated in favor of isaacsim.core.api.simulation_context.simulation_context. Please update your code accordingly.
[python-1] 2026-09-08T13:02:09Z [11,689ms] [Warning] [omni.isaac.core.world.world] omni.isaac.core.world.world has been deprecated in favor of isaacsim.core.api.world.world. Please update your code accordingly.
[python-1] 2026-09-08T13:02:09Z [11,689ms] [Warning] [omni.isaac.core] omni.isaac.core has been deprecated in favor of isaacsim.core.api. Please update your code accordingly.
[python-1] [11.737s] [ext: omni.kit.scripting-107.3.2] startup
[python-1] [11.758s] [ext: omni.kit.manipulator.tool.snap-1.5.13] startup
[python-1] [11.771s] [ext: omni.kit.manipulator.selector-1.1.3] startup
[python-1] [11.777s] [ext: isaacsim.app.about-2.0.11] startup
[python-1] [11.791s] [ext: isaacsim.replicator.behavior-1.1.16] startup
[python-1] [11.795s] [ext: omni.kit.viewport.manipulator.transform-107.0.4] startup
[python-1] [11.803s] [ext: omni.isaac.window.about-2.0.7] startup
[python-1] 2026-09-08T13:02:09Z [11,762ms] [Warning] [omni.isaac.window.about] omni.isaac.window.about has been deprecated in favor of isaacsim.app.about. Please update your code accordingly.
[python-1] 2026-09-08T13:02:09Z [11,762ms] [Warning] [omni.isaac.window.about.about] omni.isaac.window.about.about has been deprecated in favor of isaacsim.app.about.about. Please update your code accordingly.
[python-1] [11.810s] [ext: omni.fabric.commands-1.1.6] startup
[python-1] [11.820s] [ext: omni.kit.manipulator.prim.core-107.0.8] startup
[python-1] [11.837s] [ext: omni.kit.property.audio-1.0.16] startup
[python-1] [11.843s] [ext: omni.kit.property.camera-1.0.10] startup
[python-1] [11.848s] [ext: omni.kit.property.geometry-2.0.4] startup
[python-1] [11.859s] [ext: omni.hydra.scene_api-0.1.2] startup
[python-1] [11.870s] [ext: omni.kit.property.light-1.0.12] startup
[python-1] [11.903s] [ext: omni.kit.manipulator.prim.fabric-107.0.4] startup
[python-1] [11.909s] [ext: omni.kit.manipulator.prim.usd-107.0.3] startup
[python-1] [11.914s] [ext: omni.kit.property.material-1.11.9] startup
[python-1] [11.927s] [ext: omni.kit.property.render-1.2.1] startup
[python-1] [11.932s] [ext: omni.kit.property.transform-1.5.13] startup
[python-1] [11.942s] [ext: isaacsim.gui.property-1.1.3] startup
[python-1] [11.948s] [ext: omni.kit.manipulator.camera-106.0.4] startup
[python-1] [11.963s] [ext: omni.kit.manipulator.prim-107.0.0] startup
[python-1] [11.964s] [ext: omni.isaac.surface_gripper-2.0.6] startup
[python-1] 2026-09-08T13:02:09Z [11,918ms] [Warning] [omni.isaac.surface_gripper] omni.isaac.surface_gripper has been deprecated in favor of isaacsim.robot.surface_gripper. Please update your code accordingly.
[python-1] [11.965s] [ext: omni.kit.manipulator.selection-106.0.1] startup
[python-1] [11.977s] [ext: omni.kit.property.bundle-1.4.1] startup
[python-1] [11.986s] [ext: omni.kit.property.isaac-1.0.6] startup
[python-1] 2026-09-08T13:02:09Z [11,944ms] [Warning] [omni.kit.property.isaac] omni.kit.property.isaac has been deprecated in favor of isaacsim.gui.property. Please update your code accordingly.
[python-1] 2026-09-08T13:02:09Z [11,944ms] [Warning] [omni.kit.property.isaac.widgets] omni.kit.property.isaac.widgets has been deprecated in favor of isaacsim.gui.property.widgets. Please update your code accordingly.
[python-1] [11.991s] [ext: omni.isaac.universal_robots-1.0.6] startup
[python-1] 2026-09-08T13:02:09Z [11,949ms] [Warning] [omni.isaac.universal_robots] omni.isaac.universal_robots has been deprecated in favor of isaacsim.robot.manipulators.examples.universal_robots. Please update your code accordingly.
[python-1] 2026-09-08T13:02:09Z [11,949ms] [Warning] [omni.isaac.universal_robots.kinematics_solver] omni.isaac.franka has been deprecated in favor of isaacsim.robot.manipulators.examples.universal_robots. Please update your code accordingly.
[controller_server-7] [INFO] [1788872529.978524036] [local_costmap.local_costmap]: Timed out waiting for transform from base_link to odom to become available, tf error: Invalid frame ID "odom" passed to canTransform argument target_frame - frame does not exist
[python-1] 2026-09-08T13:02:09Z [11,952ms] [Warning] [omni.isaac.universal_robots.ur10] omni.isaac.franka has been deprecated in favor of isaacsim.robot.manipulators.examples.universal_robots. Please update your code accordingly.
[python-1] [12.000s] [ext: omni.isaac.core_nodes-2.0.6] startup
[python-1] 2026-09-08T13:02:09Z [11,964ms] [Warning] [omni.isaac.core_nodes] omni.isaac.core_nodes has been deprecated in favor of isaacsim.core.nodes. Please update your code accordingly.
[python-1] [12.012s] [ext: omni.kit.viewport.menubar.camera-107.0.6] startup
[python-1] [12.045s] [ext: omni.kit.viewport.menubar.lighting-107.3.1] startup
[python-1] [12.055s] [ext: isaacsim.replicator.writers-1.0.17] startup
[python-1] [12.089s] [ext: omni.kit.viewport.menubar.render-107.0.10] startup
[python-1] [12.104s] [ext: omni.kit.viewport.menubar.settings-107.0.3] startup
[python-1] [12.117s] [ext: omni.kit.window.console-1.1.4] startup
[python-1] [12.133s] [ext: isaacsim.replicator.domain_randomization-1.0.16] startup
[python-1] [12.150s] [ext: isaacsim.replicator.examples-1.3.6] startup
[python-1] [12.166s] [ext: omni.ocio-0.1.1] startup
[python-1] [12.183s] [ext: omni.rtx.window.settings-0.6.19] startup
[python-1] [12.254s] [ext: omni.kit.window.status_bar-0.1.9] startup
[python-1] [12.279s] [ext: omni.kit.window.toolbar-2.0.0] startup
[python-1] [12.291s] [ext: omni.replicator.isaac-2.0.8] startup
[python-1] 2026-09-08T13:02:09Z [12,247ms] [Warning] [omni.replicator.isaac] omni.replicator.isaac has been deprecated in favor of isaacsim.replicator.domain_randomization, isaacsim.replicator.examples, isaacsim.replicator.writers. Please update your code accordingly.
[python-1] [12.295s] [ext: omni.replicator.replicator_yaml-2.0.11] startup
[python-1] [12.357s] [ext: omni.rtx.settings.core-0.6.5] startup
[python-1] [12.375s] [ext: omni.usd.metrics.assembler.ui-107.3.1] startup
[python-1] [12.422s] [ext: omni.isaac.utils-2.0.6] startup
[python-1] [12.427s] [ext: semantics.schema.editor-2.0.2] startup
[python-1] [12.446s] [ext: omni.kit.ui.actions-1.0.5] startup
[python-1] [12.452s] [ext: semantics.schema.property-2.0.1] startup
[python-1] [12.458s] [ext: omni.isaac.version-2.0.7] startup
[python-1] 2026-09-08T13:02:09Z [12,416ms] [Warning] [omni.isaac.version] omni.isaac.version has been deprecated in favor of isaacsim.core.version. Please update your code accordingly.
[python-1] [12.464s] [ext: omni.isaac.cortex-1.0.5] startup
[python-1] [12.468s] [ext: omni.anim.curve.core-1.3.1] startup
[python-1] [12.498s] [ext: isaacsim.core.throttling-2.2.2] startup
[python-1] [12.504s] [ext: omni.kit.menu.common-2.0.1] startup
[python-1] [12.511s] [ext: isaacsim.exp.base-5.1.0] startup
[python-1] [12.511s] [ext: isaacsim.exp.base.python-5.1.0] startup
[python-1] [12.517s] Simulation App Starting
[python-1] 2026-09-08T13:02:10Z [12,644ms] [Warning] [omni.fabric.plugin] Warning: attribute viewportHandle not found for bucket id 9
[python-1] 
[python-1] 2026-09-08T13:02:10Z [12,690ms] [Warning] [usdrt.population.plugin] [UsdNoticeHandler] Unhandled attribute type VtArray<std::string> (prim attribute: omni:rtx:material:db:flattener:transmittance_color)
[python-1] 2026-09-08T13:02:10Z [12,690ms] [Warning] [usdrt.population.plugin] [UsdNoticeHandler] Unhandled attribute type VtArray<std::string> (prim attribute: omni:rtx:material:db:flattener:ior_constant)
[python-1] 2026-09-08T13:02:10Z [12,691ms] [Warning] [usdrt.population.plugin] [UsdNoticeHandler] Unhandled attribute type VtArray<std::string> (prim attribute: omni:rtx:material:db:flattener:reflection_roughness_constant)
[python-1] [12.760s] app ready
[controller_server-7] [INFO] [1788872530.478528085] [local_costmap.local_costmap]: Timed out waiting for transform from base_link to odom to become available, tf error: Invalid frame ID "odom" passed to canTransform argument target_frame - frame does not exist
[controller_server-7] [INFO] [1788872530.978528993] [local_costmap.local_costmap]: Timed out waiting for transform from base_link to odom to become available, tf error: Invalid frame ID "odom" passed to canTransform argument target_frame - frame does not exist
[controller_server-7] [INFO] [1788872531.478532307] [local_costmap.local_costmap]: Timed out waiting for transform from base_link to odom to become available, tf error: Invalid frame ID "odom" passed to canTransform argument target_frame - frame does not exist
[controller_server-7] [INFO] [1788872531.978526274] [local_costmap.local_costmap]: Timed out waiting for transform from base_link to odom to become available, tf error: Invalid frame ID "odom" passed to canTransform argument target_frame - frame does not exist
[controller_server-7] [INFO] [1788872532.478521547] [local_costmap.local_costmap]: Timed out waiting for transform from base_link to odom to become available, tf error: Invalid frame ID "odom" passed to canTransform argument target_frame - frame does not exist
[controller_server-7] [INFO] [1788872532.978529253] [local_costmap.local_costmap]: Timed out waiting for transform from base_link to odom to become available, tf error: Invalid frame ID "odom" passed to canTransform argument target_frame - frame does not exist
[controller_server-7] [INFO] [1788872533.478517245] [local_costmap.local_costmap]: Timed out waiting for transform from base_link to odom to become available, tf error: Invalid frame ID "odom" passed to canTransform argument target_frame - frame does not exist
[controller_server-7] [INFO] [1788872533.978550293] [local_costmap.local_costmap]: Timed out waiting for transform from base_link to odom to become available, tf error: Invalid frame ID "odom" passed to canTransform argument target_frame - frame does not exist
[controller_server-7] [INFO] [1788872534.478528035] [local_costmap.local_costmap]: Timed out waiting for transform from base_link to odom to become available, tf error: Invalid frame ID "odom" passed to canTransform argument target_frame - frame does not exist
[controller_server-7] [INFO] [1788872534.978532972] [local_costmap.local_costmap]: Timed out waiting for transform from base_link to odom to become available, tf error: Invalid frame ID "odom" passed to canTransform argument target_frame - frame does not exist
[controller_server-7] [INFO] [1788872535.478527952] [local_costmap.local_costmap]: Timed out waiting for transform from base_link to odom to become available, tf error: Invalid frame ID "odom" passed to canTransform argument target_frame - frame does not exist
[python-1] Warning: Possible version incompatibility. Attempting to load omni::fabric::IStageReaderWriter with version v0.14 against v0.13.
[controller_server-7] [INFO] [1788872535.978509322] [local_costmap.local_costmap]: Timed out waiting for transform from base_link to odom to become available, tf error: Invalid frame ID "odom" passed to canTransform argument target_frame - frame does not exist
[controller_server-7] [INFO] [1788872536.478510495] [local_costmap.local_costmap]: Timed out waiting for transform from base_link to odom to become available, tf error: Invalid frame ID "odom" passed to canTransform argument target_frame - frame does not exist
[controller_server-7] [INFO] [1788872536.978506414] [local_costmap.local_costmap]: Timed out waiting for transform from base_link to odom to become available, tf error: Invalid frame ID "odom" passed to canTransform argument target_frame - frame does not exist
[controller_server-7] [INFO] [1788872537.478522155] [local_costmap.local_costmap]: Timed out waiting for transform from base_link to odom to become available, tf error: Invalid frame ID "odom" passed to canTransform argument target_frame - frame does not exist
[controller_server-7] [INFO] [1788872537.978504905] [local_costmap.local_costmap]: Timed out waiting for transform from base_link to odom to become available, tf error: Invalid frame ID "odom" passed to canTransform argument target_frame - frame does not exist
[controller_server-7] [INFO] [1788872538.478545635] [local_costmap.local_costmap]: Timed out waiting for transform from base_link to odom to become available, tf error: Invalid frame ID "odom" passed to canTransform argument target_frame - frame does not exist
[controller_server-7] [INFO] [1788872538.978525086] [local_costmap.local_costmap]: Timed out waiting for transform from base_link to odom to become available, tf error: Invalid frame ID "odom" passed to canTransform argument target_frame - frame does not exist
[controller_server-7] [INFO] [1788872539.478511709] [local_costmap.local_costmap]: Timed out waiting for transform from base_link to odom to become available, tf error: Invalid frame ID "odom" passed to canTransform argument target_frame - frame does not exist
[controller_server-7] [INFO] [1788872539.978540713] [local_costmap.local_costmap]: Timed out waiting for transform from base_link to odom to become available, tf error: Invalid frame ID "odom" passed to canTransform argument target_frame - frame does not exist
[controller_server-7] [INFO] [1788872540.478522892] [local_costmap.local_costmap]: Timed out waiting for transform from base_link to odom to become available, tf error: Invalid frame ID "odom" passed to canTransform argument target_frame - frame does not exist
[controller_server-7] [INFO] [1788872540.978543213] [local_costmap.local_costmap]: Timed out waiting for transform from base_link to odom to become available, tf error: Invalid frame ID "odom" passed to canTransform argument target_frame - frame does not exist
[controller_server-7] [INFO] [1788872541.478525078] [local_costmap.local_costmap]: Timed out waiting for transform from base_link to odom to become available, tf error: Invalid frame ID "odom" passed to canTransform argument target_frame - frame does not exist
[controller_server-7] [INFO] [1788872541.978522632] [local_costmap.local_costmap]: Timed out waiting for transform from base_link to odom to become available, tf error: Invalid frame ID "odom" passed to canTransform argument target_frame - frame does not exist
[controller_server-7] [INFO] [1788872542.478514414] [local_costmap.local_costmap]: Timed out waiting for transform from base_link to odom to become available, tf error: Invalid frame ID "odom" passed to canTransform argument target_frame - frame does not exist
[controller_server-7] [INFO] [1788872542.978521060] [local_costmap.local_costmap]: Timed out waiting for transform from base_link to odom to become available, tf error: Invalid frame ID "odom" passed to canTransform argument target_frame - frame does not exist
[python-1] [INFO] [1788872543.117318351] [isaac]: Ideal planar chassis enabled: physics_dt=0.016667, limits=(1.500 m/s, 2.000 rad/s), accelerations=(2.000 m/s^2, 4.000 rad/s^2)
[controller_server-7] [INFO] [1788872543.478525661] [local_costmap.local_costmap]: Timed out waiting for transform from base_link to odom to become available, tf error: Invalid frame ID "odom" passed to canTransform argument target_frame - frame does not exist
[python-1] [17.818s] Simulation App Startup Complete
[python-1] [17.865s] [ext: omni.anim.behavior.schema-107.3.0] startup
[python-1] [17.883s] [ext: omni.anim.asset-107.3.0] startup
[python-1] [17.889s] [ext: omni.debugdraw-0.1.4] startup
[python-1] [17.897s] [ext: omni.anim.retarget.core-107.3.3] startup
[python-1] [17.910s] [ext: omni.anim.graph.core-107.3.4] startup
[python-1] 2026-09-08T13:02:15Z [17,894ms] [Warning] [omni.graph.core._impl._registration.register_python_ogn] Python import process in omni.anim.graph.core failed - 'NoneType' object is not subscriptable. Aborting Python node registration
[python-1] [17.941s] [ext: omni.kit.quicklayout-1.0.8] startup
[python-1] [18.027s] [ext: omni.anim.navigation.core-107.3.8] startup
[python-1] [18.040s] [ext: omni.metropolis.utils-0.1.20] startup
[python-1] [18.129s] [ext: omni.anim.people-0.7.9] startup
[python-1] [18.159s] [ext: omni.usd.schema.scene.visualization-2.0.2] startup
[python-1] [18.167s] [ext: omni.curve.creator-107.0.1] startup
[python-1] [18.172s] [ext: omni.kit.browser.sample-1.4.9] startup
[python-1] [18.246s] [ext: omni.scene.visualization.core-107.0.2] startup
[python-1] [18.258s] [ext: omni.curve.manipulator-107.0.4] startup
[python-1] [18.361s] [ext: omni.anim.navigation.ui-107.3.6] startup
[python-1] [18.513s] [ext: omni.anim.navigation.bundle-107.3.3] startup
[python-1] [18.528s] [ext: omni.anim.timeline-107.0.0] startup
[python-1] [18.550s] [ext: omni.kit.widget.text_editor-1.1.1] startup
[python-1] [18.561s] [ext: omni.graph.ui-1.101.6] startup
[python-1] [18.661s] [ext: omni.kit.widget.imageview-1.0.4] startup
[python-1] [18.663s] [ext: omni.ramp-107.0.1] startup
[python-1] [19.019s] [ext: omni.kit.window.quicksearch-2.4.4] startup
[python-1] [19.026s] [ext: omni.genproc.core-107.0.3] startup
[python-1] [19.051s] [ext: omni.kit.graph.widget.variables-2.1.0] startup
[python-1] [19.056s] [ext: omni.graph.io-1.30.1] startup
[python-1] 2026-09-08T13:02:16Z [19,010ms] [Warning] [omni.graph.io._impl.extension] omni.graph.io is deprecated. Nodes in this extension have been moved to omni.graph.nodes. Update any dependencies accordingly.
[python-1] [19.059s] [ext: omni.graph.bundle.action-2.30.0] startup
[python-1] [19.064s] [ext: omni.kit.graph.delegate.modern-1.10.9] startup
[python-1] [19.068s] [ext: omni.anim.graph.ui-107.3.3] startup
[python-1] [19.238s] [ext: omni.anim.graph.bundle-107.3.3] startup
[python-1] [19.266s] [ext: omni.kit.preferences.animation-1.2.0] startup
[python-1] [19.276s] [ext: omni.anim.skelJoint-107.3.3] startup
[python-1] [19.291s] [ext: omni.anim.widget.timeline-0.1.14] startup
[python-1] 2026-09-08T13:02:16Z [19,253ms] [Warning] [omni.anim.widget.timeline.views.timeline_view] Could not import omni.kit.window.cursor
[python-1] [19.303s] [ext: omni.kit.widget.layers-1.8.6] startup
[python-1] [19.400s] [ext: omni.anim.retarget.preview-107.3.3] startup
[python-1] [19.535s] [ext: omni.anim.retarget.ui-107.3.3] startup
[python-1] [19.633s] [ext: omni.anim.retarget.bundle-107.3.3] startup
[python-1] 2026-09-08T13:02:19Z [22,099ms] [Warning] [omni.anim.graph.core.plugin] CharacterManager::Shutdown() called without a prior successful call to CharacterManager::Initialize().
[python-1] [22.278s] [ext: isaacsim.ros2.bridge-4.12.4] startup
[python-1] [22.384s] Attempting to load system rclpy
[python-1] [22.406s] rclpy loaded
[python-1] 2026-09-08T13:02:22Z [25,065ms] [Warning] [carb.windowing-glfw.plugin] GLFW initialization failed.
[python-1] 2026-09-08T13:02:22Z [25,065ms] [Warning] [carb] Failed to startup plugin carb.windowing-glfw.plugin (interfaces: [carb::windowing::IGLContext v1.0],[carb::windowing::IWindowing v1.5]) (impl: carb.windowing-glfw.plugin)
[python-1] 2026-09-08T13:02:22Z [25,078ms] [Warning] [carb.windowing-glfw.plugin] GLFW initialization failed.
[python-1] 2026-09-08T13:02:22Z [25,078ms] [Warning] [carb] Failed to startup plugin carb.windowing-glfw.plugin (interfaces: [carb::windowing::IGLContext v1.0],[carb::windowing::IWindowing v1.5]) (impl: carb.windowing-glfw.plugin)
[python-1] 2026-09-08T13:02:22Z [25,081ms] [Warning] [carb.windowing-glfw.plugin] GLFW initialization failed.
[python-1] 2026-09-08T13:02:22Z [25,081ms] [Warning] [carb] Failed to startup plugin carb.windowing-glfw.plugin (interfaces: [carb::windowing::IGLContext v1.0],[carb::windowing::IWindowing v1.5]) (impl: carb.windowing-glfw.plugin)
[python-1] 2026-09-08T13:02:23Z [25,756ms] [Warning] [omni.timeline.plugin] Deprecated: direct use of ITimeline callbacks is deprecated. Use ITimeline::getTimeline (Python: omni.timeline.get_timeline_interface) instead.
[python-1] 2026-09-08T13:02:23Z [26,077ms] [Warning] [omni.kit.viewport.menubar.lighting.actions] Not able to set the lighting mode, no lighting rig found for Stage Lights
[controller_server-7] [INFO] [1788872543.978525149] [local_costmap.local_costmap]: Timed out waiting for transform from base_link to odom to become available, tf error: Invalid frame ID "odom" passed to canTransform argument target_frame - frame does not exist
[scene_bridge-2] [INFO] [1788872544.285647635] [arena_scene_bridge]: SCENE_WALLS_OK count=4 world=map_empty
[controller_server-7] [INFO] [1788872544.478524909] [local_costmap.local_costmap]: Timed out waiting for transform from base_link to odom to become available, tf error: Invalid frame ID "odom" passed to canTransform argument target_frame - frame does not exist
[python-1] 2026-09-08T13:02:24Z [26,785ms] [Warning] [isaacsim.asset.importer.urdf] Creating Asset in an in-memory stage, will not create layered structure
[python-1] 2026-09-08T13:02:24Z [26,837ms] [Warning] [isaacsim.asset.importer.urdf] No mass specified for link base_link
[python-1] 2026-09-08T13:02:24Z [26,838ms] [Warning] [omni.usd] Warning: in _ReportErrors at line 3172 of /builds/omniverse/usd-ci/USD/pxr/usd/usd/stage.cpp -- In </jackal/base_link/visuals>: Unresolved reference prim path @anon:0x618f528e4330:World1.usd@</visuals/base_link> introduced by @anon:0x618f528e4330:World1.usd@</jackal/base_link/visuals> (recomposing stage on stage @anon:0x618f528e4330:World1.usd@ <0x618f543474e0>)
[python-1] 
[python-1] 2026-09-08T13:02:24Z [26,838ms] [Warning] [omni.usd] Warning: in _ReportErrors at line 3172 of /builds/omniverse/usd-ci/USD/pxr/usd/usd/stage.cpp -- In </jackal/base_link/visuals>: Unresolved reference prim path @anon:0x618f528e4330:World1.usd@</visuals/base_link> introduced by @anon:0x618f528e4330:World1.usd@</jackal/base_link/visuals> (recomposing stage on stage @anon:0x618f528e4330:World1.usd@ <0x618f543474e0>)
[python-1] 
[python-1] 2026-09-08T13:02:24Z [26,838ms] [Warning] [omni.usd] Warning: in _ReportErrors at line 3172 of /builds/omniverse/usd-ci/USD/pxr/usd/usd/stage.cpp -- In </jackal/base_link/visuals>: Unresolved reference prim path @anon:0x618f528e4330:World1.usd@</visuals/base_link> introduced by @anon:0x618f528e4330:World1.usd@</jackal/base_link/visuals> (recomposing stage on stage @anon:0x618f528e4330:World1.usd@ <0x618f543474e0>)
[python-1] 
[python-1] 2026-09-08T13:02:24Z [26,839ms] [Warning] [omni.usd] Warning: in _ReportErrors at line 3172 of /builds/omniverse/usd-ci/USD/pxr/usd/usd/stage.cpp -- In </jackal/base_link/visuals>: Unresolved reference prim path @anon:0x618f528e4330:World1.usd@</visuals/base_link> introduced by @anon:0x618f528e4330:World1.usd@</jackal/base_link/visuals> (recomposing stage on stage @anon:0x618f528e4330:World1.usd@ <0x618f543474e0>)
[python-1] 
[python-1] 2026-09-08T13:02:24Z [26,839ms] [Warning] [omni.usd] Warning: in _ReportErrors at line 3172 of /builds/omniverse/usd-ci/USD/pxr/usd/usd/stage.cpp -- In </jackal/base_link/visuals>: Unresolved reference prim path @anon:0x618f528e4330:World1.usd@</visuals/base_link> introduced by @anon:0x618f528e4330:World1.usd@</jackal/base_link/visuals> (recomposing stage on stage @anon:0x618f528e4330:World1.usd@ <0x618f543474e0>)
[python-1] 
[python-1] 2026-09-08T13:02:24Z [26,839ms] [Warning] [omni.usd] Warning: in _ReportErrors at line 3172 of /builds/omniverse/usd-ci/USD/pxr/usd/usd/stage.cpp -- In </jackal/base_link/visuals>: Unresolved reference prim path @anon:0x618f528e4330:World1.usd@</visuals/base_link> introduced by @anon:0x618f528e4330:World1.usd@</jackal/base_link/visuals> (recomposing stage on stage @anon:0x618f528e4330:World1.usd@ <0x618f543474e0>)
[python-1] 
[python-1] 2026-09-08T13:02:24Z [26,840ms] [Warning] [isaacsim.asset.importer.urdf] Link base_link has no colliders, and no inertia was imported; assigning a small isotropic inertia matrix
[python-1] 2026-09-08T13:02:24Z [26,912ms] [Warning] [isaacsim.asset.importer.urdf] No mass specified for link front_fender_link
[python-1] 2026-09-08T13:02:24Z [26,938ms] [Warning] [isaacsim.asset.importer.urdf] Link front_fender_link has no colliders, and no inertia was imported; assigning a small isotropic inertia matrix
[python-1] 2026-09-08T13:02:24Z [27,072ms] [Warning] [isaacsim.asset.importer.urdf] No mass specified for link imu_link
[python-1] 2026-09-08T13:02:24Z [27,073ms] [Warning] [omni.usd] Warning: in _ReportErrors at line 3172 of /builds/omniverse/usd-ci/USD/pxr/usd/usd/stage.cpp -- In </jackal/imu_link/visuals>: Unresolved reference prim path @anon:0x618f528e4330:World1.usd@</visuals/imu_link> introduced by @anon:0x618f528e4330:World1.usd@</jackal/imu_link/visuals> (recomposing stage on stage @anon:0x618f528e4330:World1.usd@ <0x618f543474e0>)
[python-1] 
[python-1] 2026-09-08T13:02:24Z [27,073ms] [Warning] [omni.usd] Warning: in _ReportErrors at line 3172 of /builds/omniverse/usd-ci/USD/pxr/usd/usd/stage.cpp -- In </jackal/imu_link/visuals>: Unresolved reference prim path @anon:0x618f528e4330:World1.usd@</visuals/imu_link> introduced by @anon:0x618f528e4330:World1.usd@</jackal/imu_link/visuals> (recomposing stage on stage @anon:0x618f528e4330:World1.usd@ <0x618f543474e0>)
[python-1] 
[python-1] 2026-09-08T13:02:24Z [27,073ms] [Warning] [omni.usd] Warning: in _ReportErrors at line 3172 of /builds/omniverse/usd-ci/USD/pxr/usd/usd/stage.cpp -- In </jackal/imu_link/visuals>: Unresolved reference prim path @anon:0x618f528e4330:World1.usd@</visuals/imu_link> introduced by @anon:0x618f528e4330:World1.usd@</jackal/imu_link/visuals> (recomposing stage on stage @anon:0x618f528e4330:World1.usd@ <0x618f543474e0>)
[python-1] 
[python-1] 2026-09-08T13:02:24Z [27,074ms] [Warning] [omni.usd] Warning: in _ReportErrors at line 3172 of /builds/omniverse/usd-ci/USD/pxr/usd/usd/stage.cpp -- In </jackal/imu_link/visuals>: Unresolved reference prim path @anon:0x618f528e4330:World1.usd@</visuals/imu_link> introduced by @anon:0x618f528e4330:World1.usd@</jackal/imu_link/visuals> (recomposing stage on stage @anon:0x618f528e4330:World1.usd@ <0x618f543474e0>)
[python-1] 
[python-1] 2026-09-08T13:02:24Z [27,074ms] [Warning] [omni.usd] Warning: in _ReportErrors at line 3172 of /builds/omniverse/usd-ci/USD/pxr/usd/usd/stage.cpp -- In </jackal/imu_link/visuals>: Unresolved reference prim path @anon:0x618f528e4330:World1.usd@</visuals/imu_link> introduced by @anon:0x618f528e4330:World1.usd@</jackal/imu_link/visuals> (recomposing stage on stage @anon:0x618f528e4330:World1.usd@ <0x618f543474e0>)
[python-1] 
[python-1] 2026-09-08T13:02:24Z [27,074ms] [Warning] [omni.usd] Warning: in _ReportErrors at line 3172 of /builds/omniverse/usd-ci/USD/pxr/usd/usd/stage.cpp -- In </jackal/imu_link/visuals>: Unresolved reference prim path @anon:0x618f528e4330:World1.usd@</visuals/imu_link> introduced by @anon:0x618f528e4330:World1.usd@</jackal/imu_link/visuals> (recomposing stage on stage @anon:0x618f528e4330:World1.usd@ <0x618f543474e0>)
[python-1] 
[python-1] 2026-09-08T13:02:24Z [27,075ms] [Warning] [isaacsim.asset.importer.urdf] Link imu_link has no colliders, and no inertia was imported; assigning a small isotropic inertia matrix
[python-1] 2026-09-08T13:02:24Z [27,092ms] [Warning] [isaacsim.asset.importer.urdf] No mass specified for link lidar_link
[python-1] 2026-09-08T13:02:24Z [27,130ms] [Warning] [isaacsim.asset.importer.urdf] No mass specified for link mid_mount
[python-1] 2026-09-08T13:02:24Z [27,131ms] [Warning] [omni.usd] Warning: in _ReportErrors at line 3172 of /builds/omniverse/usd-ci/USD/pxr/usd/usd/stage.cpp -- In </jackal/mid_mount/visuals>: Unresolved reference prim path @anon:0x618f528e4330:World1.usd@</visuals/mid_mount> introduced by @anon:0x618f528e4330:World1.usd@</jackal/mid_mount/visuals> (recomposing stage on stage @anon:0x618f528e4330:World1.usd@ <0x618f543474e0>)
[python-1] 
[python-1] 2026-09-08T13:02:24Z [27,131ms] [Warning] [omni.usd] Warning: in _ReportErrors at line 3172 of /builds/omniverse/usd-ci/USD/pxr/usd/usd/stage.cpp -- In </jackal/mid_mount/visuals>: Unresolved reference prim path @anon:0x618f528e4330:World1.usd@</visuals/mid_mount> introduced by @anon:0x618f528e4330:World1.usd@</jackal/mid_mount/visuals> (recomposing stage on stage @anon:0x618f528e4330:World1.usd@ <0x618f543474e0>)
[python-1] 
[python-1] 2026-09-08T13:02:24Z [27,131ms] [Warning] [omni.usd] Warning: in _ReportErrors at line 3172 of /builds/omniverse/usd-ci/USD/pxr/usd/usd/stage.cpp -- In </jackal/mid_mount/visuals>: Unresolved reference prim path @anon:0x618f528e4330:World1.usd@</visuals/mid_mount> introduced by @anon:0x618f528e4330:World1.usd@</jackal/mid_mount/visuals> (recomposing stage on stage @anon:0x618f528e4330:World1.usd@ <0x618f543474e0>)
[python-1] 
[python-1] 2026-09-08T13:02:24Z [27,131ms] [Warning] [omni.usd] Warning: in _ReportErrors at line 3172 of /builds/omniverse/usd-ci/USD/pxr/usd/usd/stage.cpp -- In </jackal/mid_mount/visuals>: Unresolved reference prim path @anon:0x618f528e4330:World1.usd@</visuals/mid_mount> introduced by @anon:0x618f528e4330:World1.usd@</jackal/mid_mount/visuals> (recomposing stage on stage @anon:0x618f528e4330:World1.usd@ <0x618f543474e0>)
[python-1] 
[python-1] 2026-09-08T13:02:24Z [27,131ms] [Warning] [omni.usd] Warning: in _ReportErrors at line 3172 of /builds/omniverse/usd-ci/USD/pxr/usd/usd/stage.cpp -- In </jackal/mid_mount/visuals>: Unresolved reference prim path @anon:0x618f528e4330:World1.usd@</visuals/mid_mount> introduced by @anon:0x618f528e4330:World1.usd@</jackal/mid_mount/visuals> (recomposing stage on stage @anon:0x618f528e4330:World1.usd@ <0x618f543474e0>)
[python-1] 
[python-1] 2026-09-08T13:02:24Z [27,131ms] [Warning] [omni.usd] Warning: in _ReportErrors at line 3172 of /builds/omniverse/usd-ci/USD/pxr/usd/usd/stage.cpp -- In </jackal/mid_mount/visuals>: Unresolved reference prim path @anon:0x618f528e4330:World1.usd@</visuals/mid_mount> introduced by @anon:0x618f528e4330:World1.usd@</jackal/mid_mount/visuals> (recomposing stage on stage @anon:0x618f528e4330:World1.usd@ <0x618f543474e0>)
[python-1] 
[python-1] 2026-09-08T13:02:24Z [27,133ms] [Warning] [isaacsim.asset.importer.urdf] Link mid_mount has no colliders, and no inertia was imported; assigning a small isotropic inertia matrix
[python-1] 2026-09-08T13:02:24Z [27,149ms] [Warning] [isaacsim.asset.importer.urdf] No mass specified for link front_mount
[python-1] 2026-09-08T13:02:24Z [27,150ms] [Warning] [omni.usd] Warning: in _ReportErrors at line 3172 of /builds/omniverse/usd-ci/USD/pxr/usd/usd/stage.cpp -- In </jackal/front_mount/visuals>: Unresolved reference prim path @anon:0x618f528e4330:World1.usd@</visuals/front_mount> introduced by @anon:0x618f528e4330:World1.usd@</jackal/front_mount/visuals> (recomposing stage on stage @anon:0x618f528e4330:World1.usd@ <0x618f543474e0>)
[python-1] 
[python-1] 2026-09-08T13:02:24Z [27,150ms] [Warning] [omni.usd] Warning: in _ReportErrors at line 3172 of /builds/omniverse/usd-ci/USD/pxr/usd/usd/stage.cpp -- In </jackal/front_mount/visuals>: Unresolved reference prim path @anon:0x618f528e4330:World1.usd@</visuals/front_mount> introduced by @anon:0x618f528e4330:World1.usd@</jackal/front_mount/visuals> (recomposing stage on stage @anon:0x618f528e4330:World1.usd@ <0x618f543474e0>)
[python-1] 
[python-1] 2026-09-08T13:02:24Z [27,150ms] [Warning] [omni.usd] Warning: in _ReportErrors at line 3172 of /builds/omniverse/usd-ci/USD/pxr/usd/usd/stage.cpp -- In </jackal/front_mount/visuals>: Unresolved reference prim path @anon:0x618f528e4330:World1.usd@</visuals/front_mount> introduced by @anon:0x618f528e4330:World1.usd@</jackal/front_mount/visuals> (recomposing stage on stage @anon:0x618f528e4330:World1.usd@ <0x618f543474e0>)
[python-1] 
[python-1] 2026-09-08T13:02:24Z [27,151ms] [Warning] [omni.usd] Warning: in _ReportErrors at line 3172 of /builds/omniverse/usd-ci/USD/pxr/usd/usd/stage.cpp -- In </jackal/front_mount/visuals>: Unresolved reference prim path @anon:0x618f528e4330:World1.usd@</visuals/front_mount> introduced by @anon:0x618f528e4330:World1.usd@</jackal/front_mount/visuals> (recomposing stage on stage @anon:0x618f528e4330:World1.usd@ <0x618f543474e0>)
[python-1] 
[python-1] 2026-09-08T13:02:24Z [27,151ms] [Warning] [omni.usd] Warning: in _ReportErrors at line 3172 of /builds/omniverse/usd-ci/USD/pxr/usd/usd/stage.cpp -- In </jackal/front_mount/visuals>: Unresolved reference prim path @anon:0x618f528e4330:World1.usd@</visuals/front_mount> introduced by @anon:0x618f528e4330:World1.usd@</jackal/front_mount/visuals> (recomposing stage on stage @anon:0x618f528e4330:World1.usd@ <0x618f543474e0>)
[python-1] 
[python-1] 2026-09-08T13:02:24Z [27,151ms] [Warning] [omni.usd] Warning: in _ReportErrors at line 3172 of /builds/omniverse/usd-ci/USD/pxr/usd/usd/stage.cpp -- In </jackal/front_mount/visuals>: Unresolved reference prim path @anon:0x618f528e4330:World1.usd@</visuals/front_mount> introduced by @anon:0x618f528e4330:World1.usd@</jackal/front_mount/visuals> (recomposing stage on stage @anon:0x618f528e4330:World1.usd@ <0x618f543474e0>)
[python-1] 
[python-1] 2026-09-08T13:02:24Z [27,152ms] [Warning] [isaacsim.asset.importer.urdf] Link front_mount has no colliders, and no inertia was imported; assigning a small isotropic inertia matrix
[python-1] 2026-09-08T13:02:24Z [27,169ms] [Warning] [isaacsim.asset.importer.urdf] No mass specified for link rear_mount
[python-1] 2026-09-08T13:02:24Z [27,170ms] [Warning] [omni.usd] Warning: in _ReportErrors at line 3172 of /builds/omniverse/usd-ci/USD/pxr/usd/usd/stage.cpp -- In </jackal/rear_mount/visuals>: Unresolved reference prim path @anon:0x618f528e4330:World1.usd@</visuals/rear_mount> introduced by @anon:0x618f528e4330:World1.usd@</jackal/rear_mount/visuals> (recomposing stage on stage @anon:0x618f528e4330:World1.usd@ <0x618f543474e0>)
[python-1] 
[python-1] 2026-09-08T13:02:24Z [27,170ms] [Warning] [omni.usd] Warning: in _ReportErrors at line 3172 of /builds/omniverse/usd-ci/USD/pxr/usd/usd/stage.cpp -- In </jackal/rear_mount/visuals>: Unresolved reference prim path @anon:0x618f528e4330:World1.usd@</visuals/rear_mount> introduced by @anon:0x618f528e4330:World1.usd@</jackal/rear_mount/visuals> (recomposing stage on stage @anon:0x618f528e4330:World1.usd@ <0x618f543474e0>)
[python-1] 
[python-1] 2026-09-08T13:02:24Z [27,170ms] [Warning] [omni.usd] Warning: in _ReportErrors at line 3172 of /builds/omniverse/usd-ci/USD/pxr/usd/usd/stage.cpp -- In </jackal/rear_mount/visuals>: Unresolved reference prim path @anon:0x618f528e4330:World1.usd@</visuals/rear_mount> introduced by @anon:0x618f528e4330:World1.usd@</jackal/rear_mount/visuals> (recomposing stage on stage @anon:0x618f528e4330:World1.usd@ <0x618f543474e0>)
[python-1] 
[python-1] 2026-09-08T13:02:24Z [27,171ms] [Warning] [omni.usd] Warning: in _ReportErrors at line 3172 of /builds/omniverse/usd-ci/USD/pxr/usd/usd/stage.cpp -- In </jackal/rear_mount/visuals>: Unresolved reference prim path @anon:0x618f528e4330:World1.usd@</visuals/rear_mount> introduced by @anon:0x618f528e4330:World1.usd@</jackal/rear_mount/visuals> (recomposing stage on stage @anon:0x618f528e4330:World1.usd@ <0x618f543474e0>)
[python-1] 
[python-1] 2026-09-08T13:02:24Z [27,171ms] [Warning] [omni.usd] Warning: in _ReportErrors at line 3172 of /builds/omniverse/usd-ci/USD/pxr/usd/usd/stage.cpp -- In </jackal/rear_mount/visuals>: Unresolved reference prim path @anon:0x618f528e4330:World1.usd@</visuals/rear_mount> introduced by @anon:0x618f528e4330:World1.usd@</jackal/rear_mount/visuals> (recomposing stage on stage @anon:0x618f528e4330:World1.usd@ <0x618f543474e0>)
[python-1] 
[python-1] 2026-09-08T13:02:24Z [27,171ms] [Warning] [omni.usd] Warning: in _ReportErrors at line 3172 of /builds/omniverse/usd-ci/USD/pxr/usd/usd/stage.cpp -- In </jackal/rear_mount/visuals>: Unresolved reference prim path @anon:0x618f528e4330:World1.usd@</visuals/rear_mount> introduced by @anon:0x618f528e4330:World1.usd@</jackal/rear_mount/visuals> (recomposing stage on stage @anon:0x618f528e4330:World1.usd@ <0x618f543474e0>)
[python-1] 
[python-1] 2026-09-08T13:02:24Z [27,172ms] [Warning] [isaacsim.asset.importer.urdf] Link rear_mount has no colliders, and no inertia was imported; assigning a small isotropic inertia matrix
[python-1] 2026-09-08T13:02:24Z [27,189ms] [Warning] [isaacsim.asset.importer.urdf] No mass specified for link navsat_link
[python-1] 2026-09-08T13:02:24Z [27,200ms] [Warning] [isaacsim.asset.importer.urdf] Link navsat_link has no colliders, and no inertia was imported; assigning a small isotropic inertia matrix
[python-1] 2026-09-08T13:02:24Z [27,217ms] [Warning] [isaacsim.asset.importer.urdf] No mass specified for link rear_fender_link
[python-1] 2026-09-08T13:02:24Z [27,227ms] [Warning] [isaacsim.asset.importer.urdf] Link rear_fender_link has no colliders, and no inertia was imported; assigning a small isotropic inertia matrix
[python-1] 2026-09-08T13:02:24Z [27,348ms] [Warning] [omni.usd] Warning: in _ReportErrors at line 3172 of /builds/omniverse/usd-ci/USD/pxr/usd/usd/stage.cpp -- In </World/arena_robot/base_link/visuals>: Unresolved reference prim path @anon:0x618f528e4330:World1.usd@</visuals/base_link> introduced by @anon:0x618f528e4330:World1.usd@</World/arena_robot/base_link/visuals> (recomposing stage on stage @anon:0x618f528e4330:World1.usd@ <0x618f543474e0>)
[python-1] 
[python-1] 2026-09-08T13:02:24Z [27,348ms] [Warning] [omni.usd] Warning: in _ReportErrors at line 3172 of /builds/omniverse/usd-ci/USD/pxr/usd/usd/stage.cpp -- In </World/arena_robot/base_link/visuals>: Unresolved reference prim path @anon:0x618f528e4330:World1.usd@</visuals/base_link> introduced by @anon:0x618f528e4330:World1.usd@</World/arena_robot/base_link/visuals> (recomposing stage on stage @anon:0x618f528e4330:World1.usd@ <0x618f543474e0>)
[python-1] 
[python-1] 2026-09-08T13:02:24Z [27,348ms] [Warning] [omni.usd] Warning: in _ReportErrors at line 3172 of /builds/omniverse/usd-ci/USD/pxr/usd/usd/stage.cpp -- In </World/arena_robot/base_link/visuals>: Unresolved reference prim path @anon:0x618f528e4330:World1.usd@</visuals/base_link> introduced by @anon:0x618f528e4330:World1.usd@</World/arena_robot/base_link/visuals> (recomposing stage on stage @anon:0x618f528e4330:World1.usd@ <0x618f543474e0>)
[python-1] 
[python-1] 2026-09-08T13:02:24Z [27,348ms] [Warning] [omni.usd] Warning: in _ReportErrors at line 3172 of /builds/omniverse/usd-ci/USD/pxr/usd/usd/stage.cpp -- In </World/arena_robot/rear_mount/visuals>: Unresolved reference prim path @anon:0x618f528e4330:World1.usd@</visuals/rear_mount> introduced by @anon:0x618f528e4330:World1.usd@</World/arena_robot/rear_mount/visuals> (recomposing stage on stage @anon:0x618f528e4330:World1.usd@ <0x618f543474e0>)
[python-1] 
[python-1] 2026-09-08T13:02:24Z [27,348ms] [Warning] [omni.usd] Warning: in _ReportErrors at line 3172 of /builds/omniverse/usd-ci/USD/pxr/usd/usd/stage.cpp -- In </World/arena_robot/rear_mount/visuals>: Unresolved reference prim path @anon:0x618f528e4330:World1.usd@</visuals/rear_mount> introduced by @anon:0x618f528e4330:World1.usd@</World/arena_robot/rear_mount/visuals> (recomposing stage on stage @anon:0x618f528e4330:World1.usd@ <0x618f543474e0>)
[python-1] 
[python-1] 2026-09-08T13:02:24Z [27,348ms] [Warning] [omni.usd] Warning: in _ReportErrors at line 3172 of /builds/omniverse/usd-ci/USD/pxr/usd/usd/stage.cpp -- In </World/arena_robot/rear_mount/visuals>: Unresolved reference prim path @anon:0x618f528e4330:World1.usd@</visuals/rear_mount> introduced by @anon:0x618f528e4330:World1.usd@</World/arena_robot/rear_mount/visuals> (recomposing stage on stage @anon:0x618f528e4330:World1.usd@ <0x618f543474e0>)
[python-1] 
[python-1] 2026-09-08T13:02:24Z [27,348ms] [Warning] [omni.usd] Warning: in _ReportErrors at line 3172 of /builds/omniverse/usd-ci/USD/pxr/usd/usd/stage.cpp -- In </World/arena_robot/imu_link/visuals>: Unresolved reference prim path @anon:0x618f528e4330:World1.usd@</visuals/imu_link> introduced by @anon:0x618f528e4330:World1.usd@</World/arena_robot/imu_link/visuals> (recomposing stage on stage @anon:0x618f528e4330:World1.usd@ <0x618f543474e0>)
[python-1] 
[python-1] 2026-09-08T13:02:24Z [27,348ms] [Warning] [omni.usd] Warning: in _ReportErrors at line 3172 of /builds/omniverse/usd-ci/USD/pxr/usd/usd/stage.cpp -- In </World/arena_robot/imu_link/visuals>: Unresolved reference prim path @anon:0x618f528e4330:World1.usd@</visuals/imu_link> introduced by @anon:0x618f528e4330:World1.usd@</World/arena_robot/imu_link/visuals> (recomposing stage on stage @anon:0x618f528e4330:World1.usd@ <0x618f543474e0>)
[python-1] 
[python-1] 2026-09-08T13:02:24Z [27,348ms] [Warning] [omni.usd] Warning: in _ReportErrors at line 3172 of /builds/omniverse/usd-ci/USD/pxr/usd/usd/stage.cpp -- In </World/arena_robot/imu_link/visuals>: Unresolved reference prim path @anon:0x618f528e4330:World1.usd@</visuals/imu_link> introduced by @anon:0x618f528e4330:World1.usd@</World/arena_robot/imu_link/visuals> (recomposing stage on stage @anon:0x618f528e4330:World1.usd@ <0x618f543474e0>)
[python-1] 
[python-1] 2026-09-08T13:02:24Z [27,348ms] [Warning] [omni.usd] Warning: in _ReportErrors at line 3172 of /builds/omniverse/usd-ci/USD/pxr/usd/usd/stage.cpp -- In </World/arena_robot/mid_mount/visuals>: Unresolved reference prim path @anon:0x618f528e4330:World1.usd@</visuals/mid_mount> introduced by @anon:0x618f528e4330:World1.usd@</World/arena_robot/mid_mount/visuals> (recomposing stage on stage @anon:0x618f528e4330:World1.usd@ <0x618f543474e0>)
[python-1] 
[python-1] 2026-09-08T13:02:24Z [27,348ms] [Warning] [omni.usd] Warning: in _ReportErrors at line 3172 of /builds/omniverse/usd-ci/USD/pxr/usd/usd/stage.cpp -- In </World/arena_robot/mid_mount/visuals>: Unresolved reference prim path @anon:0x618f528e4330:World1.usd@</visuals/mid_mount> introduced by @anon:0x618f528e4330:World1.usd@</World/arena_robot/mid_mount/visuals> (recomposing stage on stage @anon:0x618f528e4330:World1.usd@ <0x618f543474e0>)
[python-1] 
[python-1] 2026-09-08T13:02:24Z [27,348ms] [Warning] [omni.usd] Warning: in _ReportErrors at line 3172 of /builds/omniverse/usd-ci/USD/pxr/usd/usd/stage.cpp -- In </World/arena_robot/mid_mount/visuals>: Unresolved reference prim path @anon:0x618f528e4330:World1.usd@</visuals/mid_mount> introduced by @anon:0x618f528e4330:World1.usd@</World/arena_robot/mid_mount/visuals> (recomposing stage on stage @anon:0x618f528e4330:World1.usd@ <0x618f543474e0>)
[python-1] 
[python-1] 2026-09-08T13:02:24Z [27,348ms] [Warning] [omni.usd] Warning: in _ReportErrors at line 3172 of /builds/omniverse/usd-ci/USD/pxr/usd/usd/stage.cpp -- In </World/arena_robot/front_mount/visuals>: Unresolved reference prim path @anon:0x618f528e4330:World1.usd@</visuals/front_mount> introduced by @anon:0x618f528e4330:World1.usd@</World/arena_robot/front_mount/visuals> (recomposing stage on stage @anon:0x618f528e4330:World1.usd@ <0x618f543474e0>)
[python-1] 
[python-1] 2026-09-08T13:02:24Z [27,348ms] [Warning] [omni.usd] Warning: in _ReportErrors at line 3172 of /builds/omniverse/usd-ci/USD/pxr/usd/usd/stage.cpp -- In </World/arena_robot/front_mount/visuals>: Unresolved reference prim path @anon:0x618f528e4330:World1.usd@</visuals/front_mount> introduced by @anon:0x618f528e4330:World1.usd@</World/arena_robot/front_mount/visuals> (recomposing stage on stage @anon:0x618f528e4330:World1.usd@ <0x618f543474e0>)
[python-1] 
[controller_server-7] [INFO] [1788872544.978522981] [local_costmap.local_costmap]: Timed out waiting for transform from base_link to odom to become available, tf error: Invalid frame ID "odom" passed to canTransform argument target_frame - frame does not exist
[controller_server-7] [INFO] [1788872545.478515946] [local_costmap.local_costmap]: Timed out waiting for transform from base_link to odom to become available, tf error: Invalid frame ID "odom" passed to canTransform argument target_frame - frame does not exist
[controller_server-7] [INFO] [1788872545.978514340] [local_costmap.local_costmap]: Timed out waiting for transform from base_link to odom to become available, tf error: Invalid frame ID "odom" passed to canTransform argument target_frame - frame does not exist
[controller_server-7] [INFO] [1788872546.478533207] [local_costmap.local_costmap]: Timed out waiting for transform from base_link to odom to become available, tf error: Invalid frame ID "odom" passed to canTransform argument target_frame - frame does not exist
[controller_server-7] [INFO] [1788872546.978525273] [local_costmap.local_costmap]: Timed out waiting for transform from base_link to odom to become available, tf error: Invalid frame ID "odom" passed to canTransform argument target_frame - frame does not exist
[controller_server-7] [INFO] [1788872547.478513848] [local_costmap.local_costmap]: Timed out waiting for transform from base_link to odom to become available, tf error: Invalid frame ID "odom" passed to canTransform argument target_frame - frame does not exist
[controller_server-7] [INFO] [1788872547.978525555] [local_costmap.local_costmap]: Timed out waiting for transform from base_link to odom to become available, tf error: Invalid frame ID "odom" passed to canTransform argument target_frame - frame does not exist
[controller_server-7] [INFO] [1788872548.478526019] [local_costmap.local_costmap]: Timed out waiting for transform from base_link to odom to become available, tf error: Invalid frame ID "odom" passed to canTransform argument target_frame - frame does not exist
[controller_server-7] [INFO] [1788872548.978540348] [local_costmap.local_costmap]: Timed out waiting for transform from base_link to odom to become available, tf error: Invalid frame ID "odom" passed to canTransform argument target_frame - frame does not exist
[controller_server-7] [INFO] [1788872549.478536998] [local_costmap.local_costmap]: Timed out waiting for transform from base_link to odom to become available, tf error: Invalid frame ID "odom" passed to canTransform argument target_frame - frame does not exist
[controller_server-7] [INFO] [1788872549.978546644] [local_costmap.local_costmap]: Timed out waiting for transform from base_link to odom to become available, tf error: Invalid frame ID "odom" passed to canTransform argument target_frame - frame does not exist
[controller_server-7] [INFO] [1788872550.478537710] [local_costmap.local_costmap]: Timed out waiting for transform from base_link to odom to become available, tf error: Invalid frame ID "odom" passed to canTransform argument target_frame - frame does not exist
[scene_bridge-2] [INFO] [1788872550.642972301] [arena_scene_bridge]: SCENE_ROBOT_OK path=/World/arena_robot model=jackal
[controller_server-7] [INFO] [1788872550.978661280] [local_costmap.local_costmap]: start
[controller_server-7] [INFO] [1788872551.080276737] [controller_server]: Creating bond (controller_server) to lifecycle manager.
[lifecycle_manager-14] [INFO] [1788872551.188076458] [lifecycle_manager_navigation]: Server controller_server connected with bond.
[lifecycle_manager-14] [INFO] [1788872551.188198133] [lifecycle_manager_navigation]: [34m[1mActivating smoother_server[0m[0m
[smoother_server-8] [INFO] [1788872551.188700845] [smoother_server]: Activating
[smoother_server-8] [INFO] [1788872551.188786655] [smoother_server]: Creating bond (smoother_server) to lifecycle manager.
[lifecycle_manager-14] [INFO] [1788872551.296542227] [lifecycle_manager_navigation]: Server smoother_server connected with bond.
[lifecycle_manager-14] [INFO] [1788872551.296633097] [lifecycle_manager_navigation]: [34m[1mActivating planner_server[0m[0m
[planner_server-9] [INFO] [1788872551.297064417] [planner_server]: Activating
[planner_server-9] [INFO] [1788872551.297147264] [global_costmap.global_costmap]: Activating
[planner_server-9] [INFO] [1788872551.297175730] [global_costmap.global_costmap]: Checking transform
[planner_server-9] [INFO] [1788872551.297410170] [global_costmap.global_costmap]: start
[planner_server-9] [INFO] [1788872551.549033760] [planner_server]: Activating plugin GridBased of type NavfnPlanner
[planner_server-9] [INFO] [1788872551.551296724] [planner_server]: Creating bond (planner_server) to lifecycle manager.
[lifecycle_manager-14] [INFO] [1788872551.657522502] [lifecycle_manager_navigation]: Server planner_server connected with bond.
[lifecycle_manager-14] [INFO] [1788872551.657644287] [lifecycle_manager_navigation]: [34m[1mActivating behavior_server[0m[0m
[behavior_server-10] [INFO] [1788872551.658147746] [behavior_server]: Activating
[behavior_server-10] [INFO] [1788872551.658219248] [behavior_server]: Activating spin
[behavior_server-10] [INFO] [1788872551.658268188] [behavior_server]: Activating backup
[behavior_server-10] [INFO] [1788872551.658290083] [behavior_server]: Activating drive_on_heading
[behavior_server-10] [INFO] [1788872551.658313426] [behavior_server]: Activating wait
[behavior_server-10] [INFO] [1788872551.658335655] [behavior_server]: Creating bond (behavior_server) to lifecycle manager.
[lifecycle_manager-14] [INFO] [1788872551.766055080] [lifecycle_manager_navigation]: Server behavior_server connected with bond.
[lifecycle_manager-14] [INFO] [1788872551.766147369] [lifecycle_manager_navigation]: [34m[1mActivating bt_navigator[0m[0m
[bt_navigator-11] [INFO] [1788872551.766592361] [bt_navigator]: Activating
[bt_navigator-11] [INFO] [1788872551.781745229] [bt_navigator]: Creating bond (bt_navigator) to lifecycle manager.
[lifecycle_manager-14] [INFO] [1788872551.889786393] [lifecycle_manager_navigation]: Server bt_navigator connected with bond.
[lifecycle_manager-14] [INFO] [1788872551.889903488] [lifecycle_manager_navigation]: [34m[1mActivating waypoint_follower[0m[0m
[waypoint_follower-12] [INFO] [1788872551.890405904] [waypoint_follower]: Activating
[waypoint_follower-12] [INFO] [1788872551.890480437] [waypoint_follower]: Creating bond (waypoint_follower) to lifecycle manager.
[planner_server-9] [INFO] [1788872551.975513045] [global_costmap.global_costmap]: Received request to clear entirely the global_costmap
[controller_server-7] [INFO] [1788872551.977008985] [local_costmap.local_costmap]: Received request to clear entirely the local_costmap
[lifecycle_manager-14] [INFO] [1788872551.998729124] [lifecycle_manager_navigation]: Server waypoint_follower connected with bond.
[lifecycle_manager-14] [INFO] [1788872551.998809581] [lifecycle_manager_navigation]: [34m[1mActivating velocity_smoother[0m[0m
[velocity_smoother-13] [INFO] [1788872551.999275687] [velocity_smoother]: Activating
[velocity_smoother-13] [INFO] [1788872551.999361229] [velocity_smoother]: Creating bond (velocity_smoother) to lifecycle manager.
[lifecycle_manager-14] [INFO] [1788872552.107644875] [lifecycle_manager_navigation]: Server velocity_smoother connected with bond.
[lifecycle_manager-14] [INFO] [1788872552.107734282] [lifecycle_manager_navigation]: [34m[1mManaged nodes are active[0m[0m
[lifecycle_manager-14] [INFO] [1788872552.107753857] [lifecycle_manager_navigation]: [34m[1mCreating bond timer...[0m[0m
[controller_server-7] [WARN] [1788872553.178983034] [local_costmap.local_costmap]: The /lidar observation buffer has not been updated for 0.32 seconds, and it should be updated every 0.30 seconds.
[controller_server-7] [WARN] [1788872553.179114516] [local_costmap.local_costmap]: The /lidar observation buffer has not been updated for 0.32 seconds, and it should be updated every 0.30 seconds.
[controller_server-7] [WARN] [1788872553.278922183] [local_costmap.local_costmap]: The /lidar observation buffer has not been updated for 0.40 seconds, and it should be updated every 0.30 seconds.
[controller_server-7] [WARN] [1788872553.278994993] [local_costmap.local_costmap]: The /lidar observation buffer has not been updated for 0.40 seconds, and it should be updated every 0.30 seconds.
[controller_server-7] [WARN] [1788872553.378974356] [local_costmap.local_costmap]: The /lidar observation buffer has not been updated for 0.48 seconds, and it should be updated every 0.30 seconds.
[controller_server-7] [WARN] [1788872553.379046536] [local_costmap.local_costmap]: The /lidar observation buffer has not been updated for 0.48 seconds, and it should be updated every 0.30 seconds.
[controller_server-7] [WARN] [1788872553.478935014] [local_costmap.local_costmap]: The /lidar observation buffer has not been updated for 0.57 seconds, and it should be updated every 0.30 seconds.
[controller_server-7] [WARN] [1788872553.479004456] [local_costmap.local_costmap]: The /lidar observation buffer has not been updated for 0.57 seconds, and it should be updated every 0.30 seconds.
[controller_server-7] [WARN] [1788872553.578938638] [local_costmap.local_costmap]: The /lidar observation buffer has not been updated for 0.60 seconds, and it should be updated every 0.30 seconds.
[controller_server-7] [WARN] [1788872553.579024632] [local_costmap.local_costmap]: The /lidar observation buffer has not been updated for 0.60 seconds, and it should be updated every 0.30 seconds.
[controller_server-7] [WARN] [1788872553.678927665] [local_costmap.local_costmap]: The /lidar observation buffer has not been updated for 0.62 seconds, and it should be updated every 0.30 seconds.
[controller_server-7] [WARN] [1788872553.679010311] [local_costmap.local_costmap]: The /lidar observation buffer has not been updated for 0.62 seconds, and it should be updated every 0.30 seconds.
[controller_server-7] [WARN] [1788872553.779013559] [local_costmap.local_costmap]: The /lidar observation buffer has not been updated for 0.67 seconds, and it should be updated every 0.30 seconds.
[controller_server-7] [WARN] [1788872553.779201194] [local_costmap.local_costmap]: The /lidar observation buffer has not been updated for 0.67 seconds, and it should be updated every 0.30 seconds.
[controller_server-7] [WARN] [1788872553.878930929] [local_costmap.local_costmap]: The /lidar observation buffer has not been updated for 0.75 seconds, and it should be updated every 0.30 seconds.
[controller_server-7] [WARN] [1788872553.879010834] [local_costmap.local_costmap]: The /lidar observation buffer has not been updated for 0.75 seconds, and it should be updated every 0.30 seconds.
[behavior_server-10] [INFO] [1788872572.979155425] [rclcpp]: signal_handler(signum=2)
[waypoint_follower-12] [INFO] [1788872572.979156026] [rclcpp]: signal_handler(signum=2)
[mpc_command_watchdog-15] [INFO] [1788872572.979150585] [rclcpp]: signal_handler(signum=2)
[velocity_smoother-13] [INFO] [1788872572.979155030] [rclcpp]: signal_handler(signum=2)
[lifecycle_manager-14] [INFO] [1788872572.979154368] [rclcpp]: signal_handler(signum=2)
[lifecycle_manager-14] [INFO] [1788872572.979415379] [lifecycle_manager_navigation]: Running Nav2 LifecycleManager rcl preshutdown (lifecycle_manager_navigation)
[planner_server-9] [INFO] [1788872572.979165639] [rclcpp]: signal_handler(signum=2)
[planner_server-9] [INFO] [1788872572.979331240] [planner_server]: Running Nav2 LifecycleNode rcl preshutdown (planner_server)
[planner_server-9] [INFO] [1788872572.979432848] [planner_server]: Deactivating
[smoother_server-8] [INFO] [1788872572.979171693] [rclcpp]: signal_handler(signum=2)
[smoother_server-8] [INFO] [1788872572.979376406] [smoother_server]: Running Nav2 LifecycleNode rcl preshutdown (smoother_server)
[lifecycle_manager-6] [INFO] [1788872572.979176744] [rclcpp]: signal_handler(signum=2)
[lifecycle_manager-6] [INFO] [1788872572.979356500] [lifecycle_manager_map]: Running Nav2 LifecycleManager rcl preshutdown (lifecycle_manager_map)
[map_server-5] [INFO] [1788872572.979178948] [rclcpp]: signal_handler(signum=2)
[bt_navigator-11] [INFO] [1788872572.979181515] [rclcpp]: signal_handler(signum=2)
[robot_state_publisher-3] [INFO] [1788872572.979186355] [rclcpp]: signal_handler(signum=2)
[controller_server-7] [INFO] [1788872572.979194368] [rclcpp]: signal_handler(signum=2)
[velocity_smoother-13] [INFO] [1788872572.979425597] [velocity_smoother]: Running Nav2 LifecycleNode rcl preshutdown (velocity_smoother)
[velocity_smoother-13] [INFO] [1788872572.979584260] [velocity_smoother]: Deactivating
[velocity_smoother-13] [INFO] [1788872572.979636339] [velocity_smoother]: Destroying bond (velocity_smoother) to lifecycle manager.
[planner_server-9] [INFO] [1788872572.979471165] [global_costmap.global_costmap]: Deactivating
[lifecycle_manager-6] [INFO] [1788872572.979471204] [lifecycle_manager_map]: [34m[1mTerminating bond timer...[0m[0m
[map_server-5] [INFO] [1788872572.979453525] [map_server]: Running Nav2 LifecycleNode rcl preshutdown (map_server)
[map_server-5] [INFO] [1788872572.979590409] [map_server]: Deactivating
[map_server-5] [INFO] [1788872572.979635076] [map_server]: Destroying bond (map_server) to lifecycle manager.
[waypoint_follower-12] [INFO] [1788872572.979356120] [waypoint_follower]: Running Nav2 LifecycleNode rcl preshutdown (waypoint_follower)
[waypoint_follower-12] [INFO] [1788872572.979498031] [waypoint_follower]: Deactivating
[waypoint_follower-12] [INFO] [1788872572.979531430] [waypoint_follower]: Destroying bond (waypoint_follower) to lifecycle manager.
[behavior_server-10] [INFO] [1788872572.979400661] [behavior_server]: Running Nav2 LifecycleNode rcl preshutdown (behavior_server)
[behavior_server-10] [INFO] [1788872572.979552869] [behavior_server]: Deactivating
[behavior_server-10] [INFO] [1788872572.979601554] [behavior_server]: Destroying bond (behavior_server) to lifecycle manager.
[smoother_server-8] [INFO] [1788872572.979518723] [smoother_server]: Deactivating
[smoother_server-8] [INFO] [1788872572.979554940] [smoother_server]: Destroying bond (smoother_server) to lifecycle manager.
[lifecycle_manager-14] [INFO] [1788872572.979535439] [lifecycle_manager_navigation]: [34m[1mTerminating bond timer...[0m[0m
[controller_server-7] [INFO] [1788872572.979522070] [controller_server]: Running Nav2 LifecycleNode rcl preshutdown (controller_server)
[controller_server-7] [INFO] [1788872572.979793098] [controller_server]: Deactivating
[controller_server-7] [INFO] [1788872572.979954693] [local_costmap.local_costmap]: Deactivating
[bt_navigator-11] [INFO] [1788872572.979524610] [bt_navigator]: Running Nav2 LifecycleNode rcl preshutdown (bt_navigator)
[bt_navigator-11] [INFO] [1788872572.979883052] [bt_navigator]: Deactivating
[bt_navigator-11] [INFO] [1788872572.979954973] [bt_navigator]: Destroying bond (bt_navigator) to lifecycle manager.
[scene_bridge-2] [FATAL] [1788872572.982313153] [arena_scene_bridge]: failed to initialize wait set: the given context is not valid, either rcl_init() was not called or rcl_shutdown() was called., at /home/runner/conda-bld/bld/rattler-build_ros-humble-rcl_1753312600/work/ros-humble-rcl/src/work/src/rcl/wait.c:130
[scene_bridge-2] Failed to publish log message to rosout: publisher's context is invalid, at /home/runner/conda-bld/bld/rattler-build_ros-humble-rcl_1753312600/work/ros-humble-rcl/src/work/src/rcl/publisher.c:389
[waypoint_follower-12] [INFO] [1788872572.989914302] [waypoint_follower]: Cleaning up
[smoother_server-8] [INFO] [1788872572.989917108] [smoother_server]: Cleaning up
[behavior_server-10] [INFO] [1788872572.989934919] [behavior_server]: Cleaning up
[velocity_smoother-13] [INFO] [1788872572.990084272] [velocity_smoother]: Cleaning up
[velocity_smoother-13] [INFO] [1788872572.990166964] [velocity_smoother]: Destroying bond (velocity_smoother) to lifecycle manager.
[map_server-5] [INFO] [1788872572.990106989] [map_server]: Cleaning up
[map_server-5] [INFO] [1788872572.990320105] [map_server]: Destroying bond (map_server) to lifecycle manager.
[bt_navigator-11] [INFO] [1788872572.990413803] [bt_navigator]: Cleaning up
[velocity_smoother-13] [INFO] [1788872572.994410318] [velocity_smoother]: Destroying
[lifecycle_manager-6] [INFO] [1788872572.995070591] [lifecycle_manager_map]: Destroying lifecycle_manager_map
[map_server-5] [INFO] [1788872572.996802870] [map_server]: Destroying
[behavior_server-10] [INFO] [1788872572.996868207] [behavior_server]: Destroying bond (behavior_server) to lifecycle manager.
[waypoint_follower-12] [INFO] [1788872572.998147993] [waypoint_follower]: Destroying bond (waypoint_follower) to lifecycle manager.
[smoother_server-8] [INFO] [1788872573.004114869] [smoother_server]: Destroying bond (smoother_server) to lifecycle manager.
[waypoint_follower-12] [INFO] [1788872573.004837048] [waypoint_follower]: Destroying
[smoother_server-8] [INFO] [1788872573.007297364] [smoother_server]: Destroying
[empty_human_states.py-4] Traceback (most recent call last):
[empty_human_states.py-4]   File "/home/lpc/workspace/arena5_mpc_ws/install/arena_mpc_bringup/lib/arena_mpc_bringup/empty_human_states.py", line 87, in <module>
[empty_human_states.py-4]     main()
[empty_human_states.py-4]   File "/home/lpc/workspace/arena5_mpc_ws/install/arena_mpc_bringup/lib/arena_mpc_bringup/empty_human_states.py", line 77, in main
[empty_human_states.py-4]     rclpy.spin(node)
[empty_human_states.py-4]   File "/home/lpc/workspace/arena5_ws/.conda/arena_ros/lib/python3.11/site-packages/rclpy/__init__.py", line 226, in spin
[empty_human_states.py-4]     executor.spin_once()
[empty_human_states.py-4]   File "/home/lpc/workspace/arena5_ws/.conda/arena_ros/lib/python3.11/site-packages/rclpy/executors.py", line 751, in spin_once
[empty_human_states.py-4]     self._spin_once_impl(timeout_sec)
[scene_bridge-2] Traceback (most recent call last):
[scene_bridge-2]   File "/home/lpc/workspace/arena5_ws/install/arena_humble_compat/lib/python3.11/site-packages/arena_humble_compat/scene_bridge.py", line 207, in main
[scene_bridge-2]     rclpy.spin(node)
[scene_bridge-2]   File "/home/lpc/workspace/arena5_ws/.conda/arena_ros/lib/python3.11/site-packages/rclpy/__init__.py", line 226, in spin
[empty_human_states.py-4]   File "/home/lpc/workspace/arena5_ws/.conda/arena_ros/lib/python3.11/site-packages/rclpy/executors.py", line 740, in _spin_once_impl
[scene_bridge-2]     executor.spin_once()
[scene_bridge-2]   File "/home/lpc/workspace/arena5_ws/.conda/arena_ros/lib/python3.11/site-packages/rclpy/executors.py", line 751, in spin_once
[scene_bridge-2]     self._spin_once_impl(timeout_sec)
[scene_bridge-2]   File "/home/lpc/workspace/arena5_ws/.conda/arena_ros/lib/python3.11/site-packages/rclpy/executors.py", line 740, in _spin_once_impl
[empty_human_states.py-4]     handler, entity, node = self.wait_for_ready_callbacks(timeout_sec=timeout_sec)
[empty_human_states.py-4]                             ^^^^^^^^^^^^^^^^^^^^^^^^^^^^^^^^^^^^^^^^^^^^^^^^^^^^^^
[empty_human_states.py-4]   File "/home/lpc/workspace/arena5_ws/.conda/arena_ros/lib/python3.11/site-packages/rclpy/executors.py", line 723, in wait_for_ready_callbacks
[empty_human_states.py-4]     return next(self._cb_iter)
[behavior_server-10] [INFO] [1788872573.011457615] [behavior_server]: Destroying
[scene_bridge-2]     handler, entity, node = self.wait_for_ready_callbacks(timeout_sec=timeout_sec)
[scene_bridge-2]                             ^^^^^^^^^^^^^^^^^^^^^^^^^^^^^^^^^^^^^^^^^^^^^^^^^^^^^^
[scene_bridge-2]   File "/home/lpc/workspace/arena5_ws/.conda/arena_ros/lib/python3.11/site-packages/rclpy/executors.py", line 723, in wait_for_ready_callbacks
[empty_human_states.py-4]            ^^^^^^^^^^^^^^^^^^^
[empty_human_states.py-4]   File "/home/lpc/workspace/arena5_ws/.conda/arena_ros/lib/python3.11/site-packages/rclpy/executors.py", line 624, in _wait_for_ready_callbacks
[empty_human_states.py-4]     raise ExternalShutdownException()
[empty_human_states.py-4] rclpy.executors.ExternalShutdownException
[scene_bridge-2]     return next(self._cb_iter)
[scene_bridge-2]            ^^^^^^^^^^^^^^^^^^^
[scene_bridge-2]   File "/home/lpc/workspace/arena5_ws/.conda/arena_ros/lib/python3.11/site-packages/rclpy/executors.py", line 596, in _wait_for_ready_callbacks
[scene_bridge-2]     wait_set = _rclpy.WaitSet(
[scene_bridge-2]                ^^^^^^^^^^^^^^^
[scene_bridge-2] rclpy._rclpy_pybind11.RCLError: failed to initialize wait set: the given context is not valid, either rcl_init() was not called or rcl_shutdown() was called., at /home/runner/conda-bld/bld/rattler-build_ros-humble-rcl_1753312600/work/ros-humble-rcl/src/work/src/rcl/wait.c:130
[scene_bridge-2] 
[scene_bridge-2] During handling of the above exception, another exception occurred:
[scene_bridge-2] 
[scene_bridge-2] Traceback (most recent call last):
[scene_bridge-2]   File "/home/lpc/workspace/arena5_ws/install/arena_humble_compat/lib/arena_humble_compat/scene_bridge", line 33, in <module>
[scene_bridge-2]     sys.exit(load_entry_point('arena_humble_compat==0.0.0', 'console_scripts', 'scene_bridge')())
[scene_bridge-2]              ^^^^^^^^^^^^^^^^^^^^^^^^^^^^^^^^^^^^^^^^^^^^^^^^^^^^^^^^^^^^^^^^^^^^^^^^^^^^^^^^^^^
[scene_bridge-2]   File "/home/lpc/workspace/arena5_ws/install/arena_humble_compat/lib/python3.11/site-packages/arena_humble_compat/scene_bridge.py", line 215, in main
[scene_bridge-2]     rclpy.shutdown()
[scene_bridge-2]   File "/home/lpc/workspace/arena5_ws/.conda/arena_ros/lib/python3.11/site-packages/rclpy/__init__.py", line 130, in shutdown
[scene_bridge-2]     _shutdown(context=context)
[scene_bridge-2]   File "/home/lpc/workspace/arena5_ws/.conda/arena_ros/lib/python3.11/site-packages/rclpy/utilities.py", line 58, in shutdown
[scene_bridge-2]     return context.shutdown()
[scene_bridge-2]            ^^^^^^^^^^^^^^^^^^
[scene_bridge-2]   File "/home/lpc/workspace/arena5_ws/.conda/arena_ros/lib/python3.11/site-packages/rclpy/context.py", line 102, in shutdown
[scene_bridge-2]     self.__context.shutdown()
[scene_bridge-2] rclpy._rclpy_pybind11.RCLError: failed to shutdown: rcl_shutdown already called on the given context, at /home/runner/conda-bld/bld/rattler-build_ros-humble-rcl_1753312600/work/ros-humble-rcl/src/work/src/rcl/init.c:241
[bt_navigator-11] [INFO] [1788872573.026893230] [bt_navigator]: Completed Cleaning up
[bt_navigator-11] [INFO] [1788872573.026952215] [bt_navigator]: Destroying bond (bt_navigator) to lifecycle manager.
[bt_navigator-11] [INFO] [1788872573.041143765] [bt_navigator]: Destroying
[controller_server-7] [INFO] [1788872573.078965979] [controller_server]: Destroying bond (controller_server) to lifecycle manager.
[lifecycle_manager-14] [INFO] [1788872573.079009643] [lifecycle_manager_navigation]: Destroying lifecycle_manager_navigation
[controller_server-7] [INFO] [1788872573.089202995] [controller_server]: Cleaning up
[planner_server-9] [INFO] [1788872573.097634573] [planner_server]: Deactivating plugin GridBased of type NavfnPlanner
[planner_server-9] [INFO] [1788872573.097684047] [planner_server]: Destroying bond (planner_server) to lifecycle manager.
[INFO] [robot_state_publisher-3]: process has finished cleanly [pid 2453194]
[planner_server-9] [INFO] [1788872573.107814095] [planner_server]: Cleaning up
[INFO] [mpc_command_watchdog-15]: process has finished cleanly [pid 2453219]
[planner_server-9] [INFO] [1788872573.115062861] [global_costmap.global_costmap]: Cleaning up
[INFO] [lifecycle_manager-6]: process has finished cleanly [pid 2453200]
[planner_server-9] [INFO] [1788872573.119400248] [planner_server]: Cleaning up plugin GridBased of type NavfnPlanner
[planner_server-9] [INFO] [1788872573.119795518] [planner_server]: Destroying plugin GridBased of type NavfnPlanner
[INFO] [velocity_smoother-13]: process has finished cleanly [pid 2453215]
[planner_server-9] [INFO] [1788872573.126894415] [planner_server]: Destroying bond (planner_server) to lifecycle manager.
[INFO] [waypoint_follower-12]: process has finished cleanly [pid 2453213]
[INFO] [map_server-5]: process has finished cleanly [pid 2453198]
[planner_server-9] [INFO] [1788872573.130176815] [global_costmap.global_costmap]: Destroying
[INFO] [behavior_server-10]: process has finished cleanly [pid 2453208]
[INFO] [smoother_server-8]: process has finished cleanly [pid 2453204]
[planner_server-9] [INFO] [1788872573.137983269] [planner_server]: Destroying
[controller_server-7] [INFO] [1788872573.165015787] [local_costmap.local_costmap]: Cleaning up
[INFO] [bt_navigator-11]: process has finished cleanly [pid 2453211]
[ERROR] [scene_bridge-2]: process has died [pid 2453192, exit code 1, cmd '/home/lpc/workspace/arena5_ws/install/arena_humble_compat/lib/arena_humble_compat/scene_bridge --ros-args -r __node:=arena_scene_bridge --params-file /tmp/launch_params_sddgox1e'].
[ERROR] [empty_human_states.py-4]: process has died [pid 2453196, exit code 1, cmd '/home/lpc/workspace/arena5_mpc_ws/install/arena_mpc_bringup/lib/arena_mpc_bringup/empty_human_states.py --ros-args -r __node:=empty_human_states --params-file /tmp/launch_params_0jnotre3'].
[controller_server-7] [INFO] [1788872573.186149985] [controller_server]: Destroying bond (controller_server) to lifecycle manager.
[controller_server-7] [INFO] [1788872573.191481993] [local_costmap.local_costmap]: Destroying
[controller_server-7] [INFO] [1788872573.198726475] [controller_server]: Destroying
[INFO] [lifecycle_manager-14]: process has finished cleanly [pid 2453217]
[INFO] [planner_server-9]: process has finished cleanly [pid 2453206]
[INFO] [controller_server-7]: process has finished cleanly [pid 2453202]
[python-1] 2026-09-08T13:02:24Z [27,348ms] [Warning] [omni.usd] Warning: in _ReportErrors at line 3172 of /builds/omniverse/usd-ci/USD/pxr/usd/usd/stage.cpp -- In </World/arena_robot/front_mount/visuals>: Unresolved reference prim path @anon:0x618f528e4330:World1.usd@</visuals/front_mount> introduced by @anon:0x618f528e4330:World1.usd@</World/arena_robot/front_mount/visuals> (recomposing stage on stage @anon:0x618f528e4330:World1.usd@ <0x618f543474e0>)
[python-1] 
[python-1] 2026-09-08T13:02:25Z [28,074ms] [Warning] [omni.replicator.core.scripts.functional.create_batch] World/arena_robot/lidar_link/gpu_lidar_points is an invalid prim path. Renaming to World_arena_robot_lidar_link_gpu_lidar_points.
[python-1] 2026-09-08T13:02:25Z [28,098ms] [Warning] [omni.replicator.core.scripts.functional.create_batch] World/arena_robot/lidar_link/gpu_lidar_scan is an invalid prim path. Renaming to World_arena_robot_lidar_link_gpu_lidar_scan.
[python-1] 2026-09-08T13:02:26Z [29,310ms] [Warning] [omni.fabric.plugin] getAttributeCount called on non-existent path /World/arena_robot/chassis_link/collisions/mesh_0
[python-1] 2026-09-08T13:02:26Z [29,310ms] [Warning] [omni.fabric.plugin] getTypes called on non-existent path /World/arena_robot/chassis_link/collisions/mesh_0
[python-1] 2026-09-08T13:02:28Z [31,303ms] [Warning] [omni.sensors.nv.lidar.lidar_core.plugin] MotionBVH for lidar model not enabled. This will result in an incorrect point cloud without motion effects!
[python-1] 2026-09-08T13:02:28Z [31,318ms] [Warning] [carb] Client omni.sensors.nv.materials.composite_material has acquired [omni::sensors::materials::IMaterialReaderFactory v0.1] 100 times. Consider accessing this interface with carb::getCachedInterface() (Performance warning)
[python-1] 2026-09-08T13:02:29Z [32,094ms] [Warning] [carb] Plugin interface for a client: omni.hydratexture.plugin was already released.
[python-1] 2026-09-08T13:02:29Z [32,098ms] [Warning] [carb] Plugin interface for a client: omni.hydratexture.plugin was already released.
[python-1] 2026-09-08T13:02:30Z [32,498ms] [Warning] [omni.graph.core.plugin] /World/arena_robot/imu_link/IMUPublisher/read_imu: [/World/arena_robot/imu_link/IMUPublisher] no valid sensor reading, is the sensor enabled?
[python-1] 2026-09-08T13:02:30Z [33,145ms] [Warning] [omni.timeline.plugin] Deprecated: direct use of ITimeline callbacks is deprecated. Use ITimeline::getTimeline (Python: omni.timeline.get_timeline_interface) instead.
[python-1] 2026-09-08T13:02:31Z [33,561ms] [Warning] [isaacsim.core.simulation_manager.plugin] No adjacent samples found for interpolation at time 174/30
[python-1] 2026-09-08T13:02:31Z [33,561ms] [Warning] [isaacsim.core.simulation_manager.plugin] getSimulationTimeMonotonicAtTime: no data found for time 174/30, returning current sim time
[python-1] 2026-09-08T13:02:31Z [33,561ms] [Warning] [isaacsim.core.simulation_manager.plugin] No adjacent samples found for interpolation at time 174/30
[python-1] 2026-09-08T13:02:31Z [33,561ms] [Warning] [isaacsim.core.simulation_manager.plugin] getSimulationTimeMonotonicAtTime: no data found for time 174/30, returning current sim time
[python-1] 2026-09-08T13:02:32Z [35,241ms] [Warning] [carb] Plugin interface for a client: omni.hydratexture.plugin was already released.
[python-1] 2026-09-08T13:02:32Z [35,244ms] [Warning] [carb] Plugin interface for a client: omni.hydratexture.plugin was already released.
[python-1] 2026-09-08T13:02:32Z [35,260ms] [Warning] [omni.graph.core.plugin] /World/arena_robot/imu_link/IMUPublisher/read_imu: [/World/arena_robot/imu_link/IMUPublisher] no valid sensor reading, is the sensor enabled?
[python-1] 2026-09-08T13:02:32Z [35,301ms] [Warning] [isaacsim.core.prims.impl.articulation] Physics Simulation View is not created yet in order to use get_linear_velocities
[python-1] 2026-09-08T13:02:32Z [35,301ms] [Warning] [isaacsim.core.prims.impl.articulation] Physics Simulation View is not created yet in order to use get_angular_velocities
[python-1] 2026-09-08T13:02:32Z [35,301ms] [Warning] [arena_isaac.run_isaacsim] Ideal chassis articulation view invalidated: too many indices for array: array is 0-dimensional, but 1 were indexed
[INFO] [python-1]: process has finished cleanly [pid 2453190]
