mode,t,x,y,vx,vy,gap_r1,gap_r2,force_r1,force_r2,arrived
legacy_r1,0,10,10,0,0,0.530624847487,1.038854382,0,0,0
legacy_r1,0.025,10.0024371398,10.0000502882,0.0974855917673,0.00201152658614,0.528754129477,1.03665235392,0,0,0
legacy_r1,0.05,10.0070913968,10.0002765956,0.186170281487,0.00905229568262,0.525268647636,1.03239034492,0,0,0
legacy_r1,0.075,10.0137095112,10.0007266436,0.264724573113,0.0180019201762,0.520406268123,1.02627571432,0,0,0
legacy_r1,0.1,10.0220668644,10.0014325818,0.334294128373,0.0282375291325,0.51437628929,1.01849735707,0,0,0
legacy_r1,0.125,10.0319690172,10.0024096992,0.396086112297,0.0390846964708,0.507356476533,1.00922467327,0,0,0
legacy_r1,0.15,10.0432499606,10.0036586383,0.45123773594,0.0499575629095,0.49949503593,0.998608089209,0,0,0
legacy_r1,0.175,10.0557685145,10.0051688524,0.500742157754,0.0604085661638,0.490914976578,0.986780767369,0,0,0
legacy_r1,0.2,10.0694041616,10.0069220382,0.545425883859,0.0701274326019,0.48171903867,0.973860862688,0,0,0
legacy_r1,0.225,10.0840531051,10.00889502,0.585957741077,0.0789192721052,0.471994217521,0.95995382316,0,0,0
legacy_r1,0.25,10.0996249093,10.0110619727,0.622872166441,0.0866781049414,0.461815508837,0.945154454247,0,0,0
legacy_r1,0.275,10.1160398087,10.0133960444,0.65659597392,0.0933628685288,0.451248827224,0.929548639517,0,0,0
legacy_r1,0.3,10.1332266358,10.0158704952,0.687473086532,0.0989780333655,0.440353195412,0.913214713186,0,0,0
legacy_r1,0.325,10.1511212629,10.0184594655,0.715785082038,0.103558810627,0.429182346797,0.896224529648,0,0,0
legacy_r1,0.35,10.1696654429,10.0211384707,0.741767201654,0.107160208682,0.417785881387,0.878644291133,0,0,0
legacy_r1,0.375,10.1888059503,10.0238846979,0.765620294619,0.109849088726,0.406210094134,0.860535193069,0,0,0
legacy_r1,0.4,10.2084939367,10.0266771599,0.787519455154,0.111698481196,0.394498569286,0.841953937551,0,0,0
legacy_r1,0.425,10.2286844398,10.0294967495,0.807620124492,0.112783582495,0.382692610955,0.822953154027,0,0,0
legacy_r1,0.45,10.2493359981,10.0323262244,0.826062332188,0.113178993764,0.370831560737,0.803581755792,0,0,0
legacy_r1,0.475,10.2704103385,10.0351501462,0.842973617433,0.112956875132,0.358953038192,0.783885252151,0,0,0
legacy_r1,0.5,10.2918721145,10.0379547905,0.858471040923,0.112185772085,0.347093128756,0.763906029456,0,0,0
legacy_r1,0.525,10.3136886792,10.0407280388,0.87266258651,0.110929931648,0.335286535593,0.743683609427,0,0,0
legacy_r1,0.55,10.3358298833,10.0434592631,0.885648163537,0.109248971084,0.323566706107,0.723254889895,0,0,0
legacy_r1,0.575,10.3582678921,10.046139208,0.897520354104,0.107197795437,0.311965939928,0.702654370952,0,0,0
legacy_r1,0.6,10.3809770172,10.0487598751,0.908365001122,0.104826685682,0.300515482474,0.681914368218,0,0,0
legacy_r1,0.625,10.4039335596,10.0513144126,0.918261698818,0.1021814987,0.289245606406,0.661065214143,0,0,0
legacy_r1,0.65,10.4271156652,10.053797011,0.927284224039,0.0993039353258,0.278185682154,0.640135447922,0,0,0
legacy_r1,0.675,10.4505031885,10.0562028071,0.935500931012,0.0962318442928,0.267364237974,0.619151994418,0,0,0
legacy_r1,0.7,10.4740775666,10.0585277956,0.942975122128,0.0929995388427,0.256809009567,0.59814033249,0,0,0
legacy_r1,0.725,10.4978217016,10.0607687483,0.949765400929,0.0896381096611,0.24654697905,0.577124653148,0,0,0
legacy_r1,0.75,10.5217198518,10.0629231414,0.955926009657,0.0861757230661,0.236604403024,0.556128008072,0,0,0
legacy_r1,0.775,10.5457575306,10.0649890888,0.961507151591,0.0826378973904,0.227006829434,0.535172449061,0,0,0
legacy_r1,0.8,10.569921413,10.0669652827,0.966555297326,0.0790477535337,0.217779103039,0.514279159102,0,0,0
legacy_r1,0.825,10.5941992499,10.0688509386,0.971113473775,0.0754262379303,0.208945359389,0.493468575762,0,0,0
legacy_r1,0.85,10.6185797883,10.0706457465,0.975221534699,0.0717923178604,0.200529007397,0.472760507642,0,0,0
legacy_r1,0.875,10.6430526986,10.0723498253,0.978916411853,0.0681631502561,0.192552700762,0.452174244643,0,0,0
legacy_r1,0.9,10.6676085072,10.073963681,0.982232346215,0.064554226012,0.185038298736,0.431728662767,0,0,0
legacy_r1,0.925,10.6922385347,10.0754881683,0.985201099191,0.0609794923909,0.178006816945,0.411442324109,0,0,0
legacy_r1,0.95,10.7169348383,10.0769244547,0.987852144142,0.0574514564646,0.17147836924,0.391333572655,0,0,0
legacy_r1,0.975,10.7416901593,10.0782739865,0.99021283897,0.0539812726941,0.165472101796,0.371420626382,0,0,0
legacy_r1,1,10.7664978738,10.0795384569,0.992308580831,0.0505788177689,0.160006120954,0.351721666046,0,0,0
legacy_r1,1.025,10.7913519474,10.0807197758,0.994162944356,0.0472527557131,0.155097416519,0.332254920924,0,0,0
legacy_r1,1.05,10.8162468925,10.0818200407,0.995797804932,0.0440105960528,0.15076178246,0.31303875159,0,0,0
legacy_r1,1.075,10.8411777287,10.0828415094,0.997233448756,0.0408587475449,0.14701373713,0.294091729675,0,0,0
legacy_r1,1.1,10.8661399455,10.0837865737,0.998488671412,0.0378025696133,0.143866445261,0.275432714334,0,0,0
legacy_r1,1.125,10.8911247682,10.0846575704,0.999392907421,0.0348398707884,0.141332055417,0.257084348896,0,0,0
legacy_r1,1.15,10.916111995,10.0854566318,0.999489070192,0.0319624555705,0.139421522237,0.239077867736,0,0,0
legacy_r1,1.175,10.9411013295,10.0861868104,0.99957338033,0.0292071452799,0.13814194609,0.221430248448,0,0,0
legacy_r1,1.2,10.9660925023,10.0868510986,0.99964691468,0.0265715255787,0.137499064487,0.204159353134,0,0,0
legacy_r1,1.225,10.9910852694,10.0874524276,0.999710680896,0.0240531599372,0.137497202054,0.187283944245,0,0,0
legacy_r1,1.25,11.0160794099,10.087993666,0.999765621339,0.0216495355511,0.138139233587,0.170823693895,0,0,0
legacy_r1,1.275,11.0410747253,10.0884776166,0.99981261587,0.0193580253982,0.139426561486,0.154799184776,0,0,0
legacy_r1,1.3,11.0660710374,10.0889070132,0.99985248396,0.0171758644059,0.141359108405,0.139231900551,0,0,0
legacy_r1,1.325,11.0910681871,10.0892845167,0.999885986421,0.0151001377075,0.143935325553,0.124144203484,0,0,0
legacy_r1,1.35,11.1160660327,10.0896127111,0.999913826996,0.0131277790086,0.147152216613,0.109559296882,0,0,0
legacy_r1,1.375,11.1410644491,10.0898941006,0.999936653985,0.0112555771696,0.151005376798,0.0955011699041,0,0,0
legacy_r1,1.4,11.1660633256,10.0901311053,0.999955061996,0.00948018922488,0.155489046173,0.0819945222359,0,0,0
legacy_r1,1.425,11.1910625655,10.0903260593,0.999969593902,0.00779815820909,0.160596175982,0.0690646662691,0,0,0
legacy_r1,1.45,11.216062084,10.0904812076,0.999980743004,0.0062059343281,0.166318506456,0.0567374046466,0,0,0
legacy_r1,1.475,11.2410618079,10.0905987051,0.999988955417,0.00469989819355,0.172646654311,0.0450388814238,0,0,0
legacy_r1,1.5,11.2660616738,10.0906806147,0.999994632636,0.00327638502843,0.179570208015,0.0339954056695,0,0,0
legacy_r1,1.525,11.2910616271,10.0907289074,0.999998134249,0.00193170893529,0.187077828828,0.0236332471016,0,0,0
legacy_r1,1.55,11.3160616216,10.0907454621,0.999999780754,0.000662186496167,0.195157355618,0.0139784043256,0,0,0
legacy_r1,1.575,11.341061618,10.0907320661,0.999999856437,-0.000535840863246,0.203795911503,0.00505634741622,0,0,0
legacy_r1,1.6,11.3660615833,10.0906904164,0.999998612244,-0.00166598616523,0.212980010525,-0.00310826208159,0,0,0
legacy_r1,1.625,11.3910614901,10.0906221215,0.999996268633,-0.00273179811834,0.222695662694,-0.0104918692045,0,0,0
legacy_r1,1.65,11.4160613155,10.0905287028,0.999993018346,-0.00373674448327,0.232928475957,-0.017072335666,0,0,0
legacy_r1,1.675,11.4410610412,10.0904115979,0.999989029086,-0.00468419765552,0.243663753879,-0.0228292545694,0,0,0
legacy_r1,1.7,11.4660606524,10.0902721623,0.999984446058,-0.00557742248002,0.254886587998,-0.0277442610862,0,0,0
legacy_r1,1.725,11.4910601373,10.0901116732,0.999979394372,-0.00641956625471,0.266581944129,-0.0318013295384,0,0,0
legacy_r1,1.75,11.5160594868,10.0899313319,0.999973981282,-0.00721365083549,0.278734742007,-0.0349870468548,0,0,0
legacy_r1,1.775,11.5410586942,10.0897322677,0.999968298263,-0.00796256672274,0.291329927964,-0.0372908524404,0,0,0
legacy_r1,1.8,11.5660577548,10.089515541,0.999962422915,-0.00866906898704,0.304352540422,-0.0387052351747,0,0,0
legacy_r1,1.825,11.5910566653,10.0892821466,0.999956420704,-0.00933577487749,0.317787768226,-0.0392258795399,0,0,0
legacy_r1,1.85,11.616055424,10.0890330176,0.999950346531,-0.00996516294803,0.331621001906,-0.0388517547326,0,0,0
legacy_r1,1.875,11.6410540302,10.0887690282,0.999944246149,-0.0105595735348,0.345837878116,-0.0375851429148,0,0,0
legacy_r1,1.9,11.6660524841,10.088490998,0.999938157427,-0.0111212104182,0.360424317562,-0.0354316053564,0,0,0
legacy_r1,1.925,11.6910507869,10.0881996944,0.999932111471,-0.0116521435091,0.375366556789,-0.0323998879128,0,0,0
legacy_r1,1.95,11.7160489402,10.0878958366,0.999926133617,-0.012154312402,0.390651174279,-0.0285017698596,0,0,0
legacy_r1,1.975,11.7410469463,10.0875800983,0.999920244297,-0.0126295306503,0.406265111279,-0.0237518623802,0,0,0
legacy_r1,2,11.7660448078,10.087253111,0.999914459804,-0.0130794906241,0.422195687858,-0.0181673648133,0,0,0
legacy_r1,2.025,11.7910425276,10.0869154668,0.999908792945,-0.0135057688236,0.438430614642,-0.0117677880045,0,0,0
legacy_r1,2.05,11.816040109,10.086567721,0.999903253613,-0.0139098315297,0.454958000695,-0.0045746547358,0,0,0
legacy_r1,2.075,11.8410375552,10.086210395,0.999897849277,-0.0142930406863,0.471766357987,0.00338881277075,0,0,0
legacy_r1,2.1,11.8660348698,10.0858439785,0.999892585391,-0.0146566599174,0.488844602872,0.012098008786,0,0,0
legacy_r1,2.125,11.8910320565,10.085468932,0.999887465757,-0.0150018605946,0.506182054972,0.0215272548914,0,0,0
legacy_r1,2.15,11.9160291188,10.0850856888,0.999882492818,-0.0153297278801,0.523768433836,0.0316500983744,0,0,0
legacy_r1,2.175,11.9410260605,10.0846946571,0.999877667906,-0.0156412666802,0.541593853704,0.0424395923184,0,0,0
legacy_r1,2.2,11.9660228853,10.084296222,0.999872991456,-0.0159374074563,0.559648816695,0.0538685529819,0,0,0
legacy_r1,2.225,11.9910195969,10.0838907467,0.999868463176,-0.0162190118462,0.577924204694,0.0659097915005,0,0,0
legacy_r1,2.25,12.0160161989,10.0834785747,0.999864082189,-0.0164868780599,0.596411270173,0.0785363182629,0,0,0
legacy_r1,2.275,12.0410126951,10.0830600311,0.999859847149,-0.016741746022,0.615101626188,0.091721519459,0,0,0
legacy_r1,2.3,12.066009089,10.0826354235,0.999855756336,-0.0169843022381,0.633987235735,0.105439306244,0,0,0
legacy_r1,2.325,12.0910053842,10.0822050439,0.999851807733,-0.0172151843711,0.653060400637,0.119664237705,0,0,0
legacy_r1,2.35,12.1160015842,10.0817691692,0.999847999088,-0.0174349855198,0.672313750109,0.134371619357,0,0,0
legacy_r1,2.375,12.1409976924,10.0813280628,0.999844327959,-0.0176442581952,0.691740229133,0.149537579256,0,0,0
legacy_r1,2.4,12.1659937122,10.0808819748,0.999840791759,-0.0178435179963,0.711333086757,0.16513912403,0,0,0
legacy_r1,2.425,12.1909896469,10.0804311437,0.99983738778,-0.0180332469903,0.731085864394,0.181154177198,0,0,0
legacy_r1,2.45,12.2159854997,10.0799757963,0.999834113222,-0.0182138968061,0.750992384218,0.197561602131,0,0,0
legacy_r1,2.475,12.2409812738,10.079516149,0.999830965211,-0.0183858914509,0.77104673771,0.214341211922,0,0,0
legacy_r1,2.5,12.2659769724,10.0790524082,0.999827940814,-0.0185496298636,0.791243274415,0.231473768272,0,0,0
legacy_r1,2.525,12.2909725983,10.078584771,0.999825037049,-0.0187054882192,0.811576590939,0.248940971326,0,0,0
legacy_r1,2.55,12.3159681546,10.0781134255,0.999822250901,-0.0188538220004,0.832041520245,0.266725442209,0,0,0
legacy_r1,2.575,12.340963644,10.0776385513,0.999819579322,-0.0189949678508,0.852633121241,0.284810699792,0,0,0
legacy_r1,2.6,12.3659590695,10.0771603201,0.999817019248,-0.0191292452285,0.873346668712,0.303181133028,0,0,0
legacy_r1,2.625,12.3909544337,10.0766788962,0.999814567594,-0.0192569578745,0.894177643588,0.321821970023,0,0,0
legacy_r1,2.65,12.4159497392,10.0761944363,0.999812221271,-0.0193783951139,0.915121723561,0.340719244808,0,0,0
legacy_r1,2.675,12.4409449887,10.0757070905,0.999809977183,-0.0194938330039,0.936174774067,0.359859762647,0,0,0
legacy_r1,2.7,12.4659401845,10.0752170021,0.999807832237,-0.0196035353455,0.957332839615,0.379231064545,0,0,0
legacy_r1,2.725,12.4909353291,10.0747243082,0.999805783345,-0.019707754572,0.978592135485,0.398821391526,0,0,0
legacy_r1,2.75,12.5159304247,10.0742291399,0.999803827431,-0.0198067325281,0.999949039761,0.41861964912,0,0,0
legacy_r1,2.775,12.5409254738,10.0737316224,0.999801961437,-0.0199007011534,1.02140008573,0.438615372406,0,0,0
legacy_r1,2.8,12.5659204783,10.0732318753,0.999800182324,-0.0199898830797,1.0429419546,0.458798691896,0,0,0
legacy_r1,2.825,12.5909154405,10.072730013,0.999798487079,-0.0200744921551,1.06457146855,0.479160300459,0,0,0
legacy_r1,2.85,12.6159103623,10.0722261447,0.99979687272,-0.0201547339039,1.08628558415,0.499691421434,0,0,0
legacy_r1,2.875,12.6409052457,10.0717203745,0.999795336302,-0.0202308059302,1.10808138596,0.520383778039,0,0,0
legacy_r1,2.9,12.6659000926,10.0712128021,0.999793874917,-0.0203028982751,1.12995608062,0.541229564143,0,0,0
legacy_r1,2.925,12.6908949048,10.0707035222,0.999792485702,-0.0203711937326,1.15190699103,0.562221416427,0,0,0
legacy_r1,2.95,12.7158896839,10.0701926255,0.999791165841,-0.0204358681321,1.17393155097,0.583352387966,0,0,0
legacy_r1,2.975,12.7408844317,10.0696801982,0.99978991257,-0.0204970905918,1.19602729987,0.604615923192,0,0,0
legacy_r1,3,12.7658791498,10.0691663227,0.99978872318,-0.0205550237491,1.21819187787,0.626005834243,0,0,0
legacy_r1,3.025,12.7908738397,10.0686510771,0.99978759502,-0.0206098239709,1.24042302119,0.647516278655,0,0,0
legacy_r1,3.05,12.8158685028,10.068134536,0.999786525499,-0.0206616415482,1.2627185576,0.669141738339,0,0,0
legacy_r1,3.075,12.8408631406,10.0676167705,0.999785512089,-0.0207106208779,1.28507640223,0.690876999813,0,0,0
legacy_r1,3.1,12.8658577544,10.067097848,0.999784552329,-0.0207569006343,1.30749455351,0.712717135629,0,0,0
legacy_r1,3.125,12.8908523455,10.0665778326,0.999783643825,-0.0208006139326,1.32997108936,0.734657486935,0,0,0
legacy_r1,3.15,12.9158469151,10.0660567854,0.999782784251,-0.0208418884856,1.35250416355,0.756693647118,0,0,0
legacy_r1,3.175,12.9408414644,10.0655347643,0.999781971351,-0.0208808467566,1.37509200226,0.778821446473,0,0,0
legacy_r1,3.2,12.9658359945,10.0650118241,0.999781202941,-0.0209176061071,1.39773290076,0.801036937836,0,0,0
legacy_r1,3.225,12.9908305064,10.0644880171,0.999780476908,-0.0209522789432,1.42042522031,0.823336383134,0,0,0
legacy_r1,3.25,13.0158250012,10.0639633928,0.999779791211,-0.0209849728584,1.4431673852,0.845716240786,0,0,0
legacy_r1,3.275,13.0408194798,10.063437998,0.99977914388,-0.021015790776,1.4659578799,0.868173153916,0,0,0
legacy_r1,3.3,13.0658139431,10.0629118773,0.999778533018,-0.0210448310893,1.48879524643,0.890703939317,0,0,0
legacy_r1,3.325,13.090808392,10.0623850726,0.999777956799,-0.0210721878013,1.51167808177,0.91330557713,0,0,0
legacy_r1,3.35,13.1158028274,10.0618576238,0.999777413467,-0.0210979506632,1.53460503544,0.935975201178,0,0,0
legacy_r1,3.375,13.1407972499,10.0613295687,0.999776901335,-0.0211222053118,1.55757480724,0.958710089927,0,0,0
legacy_r1,3.4,13.1657916604,10.0608009428,0.999776418787,-0.0211450334063,1.580586145,0.981507658023,0,0,0
legacy_r1,3.425,13.1907860595,10.06027178,0.999775964273,-0.0211665127638,1.60363784254,1.00436544838,0,0,0
legacy_r1,3.45,13.2157804479,10.0597421121,0.999775536309,-0.0211867174934,1.62672873767,1.02728112475,0,0,0
legacy_r1,3.475,13.2407748262,10.0592119691,0.999775133477,-0.0212057181295,1.6498577103,1.05025246481,0,0,0
legacy_r1,3.5,13.2657691951,10.0586813796,0.999774754421,-0.021223581763,1.67302368065,1.07327735363,0,0,0
legacy_r1,3.525,13.290763555,10.0581503703,0.999774397847,-0.021240372171,1.69622560755,1.09635377762,0,0,0
legacy_r1,3.55,13.3157579066,10.0576189665,0.999774062521,-0.0212561499449,1.71946248679,1.1194798188,0,0,0
legacy_r1,3.575,13.3407522503,10.0570871922,0.999773747267,-0.0212709726156,1.74273334959,1.14265364946,0,0,0
legacy_r1,3.6,13.3657465865,10.0565550698,0.999773450965,-0.0212848947777,1.76603726113,1.16587352716,0,0,0
legacy_r1,3.625,13.3907409159,10.0560226206,0.99977317255,-0.0212979682097,1.7893733191,1.18913779003,0,0,0
legacy_r1,3.65,13.4157352386,10.0554898646,0.999772911008,-0.0213102419932,1.81274065242,1.21244485236,0,0,0
legacy_r1,3.675,13.4407295553,10.0549568205,0.999772665379,-0.0213217626279,1.8361384199,1.23579320044,0,0,0
legacy_r1,3.7,13.4657238661,10.0544235062,0.999772434747,-0.0213325741452,1.85956580908,1.25918138873,0,0,0
legacy_r1,3.725,13.4907181716,10.0538899382,0.999772218247,-0.0213427182175,1.88302203501,1.28260803617,0,0,0
legacy_r1,3.75,13.515712472,10.0533561323,0.999772015057,-0.0213522342653,1.9065063392,1.30607182276,0,0,0
legacy_r1,3.775,13.5407067676,10.0528221034,0.999771824399,-0.0213611595608,1.93001798852,1.32957148638,0,0,0
legacy_r1,3.8,13.5657010587,10.0522878651,0.999771645535,-0.0213695293287,1.95355627419,1.3531058197,0,0,0
legacy_r1,3.825,13.5906953457,10.0517534307,0.999771477768,-0.021377376843,1.97712051086,1.37667366742,0,0,0
legacy_r1,3.85,13.6156896287,10.0512188124,0.999771320439,-0.0213847335216,2.00071003562,1.4002739235,0,0,0
legacy_r1,3.875,13.640683908,10.0506840216,0.999771172923,-0.0213916290166,2.02432420719,1.42390552871,0,0,0
legacy_r1,3.9,13.6656781839,10.0501490694,0.999771034632,-0.021398091302,2.04796240504,1.44756746824,0,0,0
legacy_r1,3.925,13.6906724565,10.0496139657,0.999770905009,-0.021404146758,2.0716240286,1.47125876943,0,0,0
legacy_r1,3.95,13.7156667261,10.0490787202,0.999770783528,-0.0214098202516,2.09530849648,1.49497849974,0,0,0
legacy_r1,3.975,13.7406609928,10.0485433418,0.999770669696,-0.0214151352149,2.11901524577,1.51872576468,0,0,0
legacy_r1,4,13.7656552569,10.048007839,0.999770563043,-0.0214201137193,2.14274373129,1.54249970599,0,0,0
legacy_r1,4.025,13.7906495185,10.0474722195,0.999770463131,-0.0214247765473,2.16649342496,1.56629949988,0,0,0
legacy_r1,4.05,13.8156437777,10.046936491,0.999770369544,-0.0214291432606,2.19026381515,1.59012435531,0,0,0
legacy_r1,4.075,13.8406380348,10.0464006602,0.999770281892,-0.0214332322658,2.21405440605,1.6139735125,0,0,0
legacy_r1,4.1,13.8656322898,10.0458647336,0.999770199806,-0.0214370608769,2.2378647171,1.63784624135,0,0,0
legacy_r1,4.125,13.8906265428,10.0453287175,0.999770122941,-0.0214406453751,2.26169428241,1.66174184011,0,0,0
legacy_r1,4.15,13.9156207941,10.0447926175,0.999770050971,-0.0214440010654,2.28554265026,1.685659634,0,0,0
legacy_r1,4.175,13.9406150437,10.0442564389,0.999769983589,-0.021447142331,2.30940938251,1.70959897399,0,0,0
legacy_r1,4.2,13.9656092917,10.0437201869,0.999769920508,-0.0214500826852,2.33329405421,1.7335592356,0,0,0
legacy_r1,4.225,13.9906035382,10.043183866,0.999769861457,-0.0214528348201,2.35719625302,1.75753981778,0,0,0
legacy_r1,4.25,14.0155977834,10.0426474807,0.999769806182,-0.0214554106535,2.38111557882,1.78154014181,0,0,0
legacy_r1,4.275,14.0405920273,10.0421110352,0.999769754444,-0.0214578213731,2.40505164328,1.80555965035,0,0,0
legacy_r1,4.3,14.0655862699,10.0415745332,0.99976970602,-0.0214600774789,2.42900406939,1.82959780643,0,0,0
legacy_r1,4.325,14.0905805114,10.0410379785,0.999769660697,-0.0214621888229,2.45297249112,1.8536540926,0,0,0
legacy_r1,4.35,14.1155747519,10.0405013744,0.99976961828,-0.0214641646468,2.47695655299,1.87772801,0,0,0
legacy_r1,4.375,14.1405689913,10.0399647241,0.999769578583,-0.0214660136182,2.50095590974,1.90181907762,0,0,0
legacy_r1,4.4,14.1655632299,10.0394280305,0.999769541431,-0.0214677438643,2.52497022592,1.92592683146,0,0,0
legacy_r1,4.425,14.1905574675,10.0388912964,0.999769506663,-0.021469363004,2.54899917564,1.95005082385,0,0,0
legacy_r1,4.45,14.2155517044,10.0383545244,0.999769474124,-0.0214708781784,2.57304244215,1.9741906227,0,0,0
legacy_r1,4.475,14.2405459405,10.037817717,0.999769443672,-0.0214722960795,2.59709971758,1.9983458109,0,0,0
legacy_r1,4.5,14.2655401759,10.0372808765,0.999769415173,-0.021473622977,2.62117070263,2.02251598563,0,0,0
legacy_r1,4.525,14.2905344106,10.0367440048,0.999769388501,-0.0214748647442,2.6452551063,2.0467007578,0,0,0
legacy_r1,4.55,14.3155286447,10.0362071042,0.999769363538,-0.0214760268822,2.66935264556,2.07089975145,0,0,0
legacy_r1,4.575,14.3405228782,10.0356701763,0.999769340173,-0.0214771145424,2.69346304513,2.09511260325,0,0,0
legacy_r1,4.6,14.3655171111,10.035133223,0.999769318304,-0.0214781325481,2.71758603721,2.11933896194,0,0,0
legacy_r1,4.625,14.3905113436,10.0345962459,0.999769297833,-0.0214790854149,2.74172136124,2.14357848787,0,0,0
legacy_r1,4.65,14.4155055755,10.0340592464,0.99976927867,-0.0214799773693,2.76586876364,2.16783085252,0,0,0
legacy_r1,4.675,14.4404998071,10.0335222261,0.99976926073,-0.0214808123674,2.79002799761,2.19209573804,0,0,0
legacy_r1,4.7,14.4654940382,10.0329851863,0.999769243933,-0.0214815941108,2.81419882289,2.21637283685,0,0,0
legacy_r1,4.725,14.4904882689,10.0324481281,0.999769228206,-0.0214823260636,2.83838100556,2.24066185124,0,0,0
legacy_r1,4.75,14.5154824992,10.0319110528,0.999769213478,-0.0214830114663,2.86257431785,2.26496249296,0,0,0
legacy_r1,4.775,14.5404767292,10.0313739615,0.999769199685,-0.0214836533507,2.88677853791,2.28927448283,0,0,0
legacy_r1,4.8,14.5654709589,10.0308368551,0.999769186766,-0.0214842545525,2.91099344964,2.31359755048,0,0,0
legacy_r1,4.825,14.5904651882,10.0302997347,0.999769174664,-0.0214848177241,2.93521884253,2.3379314339,0,0,0
legacy_r1,4.85,14.6154594173,10.0297626011,0.999769163325,-0.0214853453461,2.95945451143,2.36227587919,0,0,0
legacy_r1,4.875,14.6404536461,10.0292254551,0.9997691527,-0.0214858397383,2.98370025644,2.38663064026,0,0,0
legacy_r1,4.9,14.6654478747,10.0286882975,0.999769142743,-0.0214863030699,3.00795588273,2.41099547848,0,0,0
legacy_r1,4.925,14.690442103,10.028151129,0.999769133409,-0.0214867373691,3.03222120035,2.43537016245,0,0,0
legacy_r1,4.95,14.7154363312,10.0276139504,0.999769124658,-0.0214871445325,3.05649602414,2.45975446772,0,0,0
legacy_r1,4.975,14.7404305591,10.0270767623,0.999769116452,-0.0214875263331,3.08078017352,2.48414817652,0,0,0
legacy_r1,5,14.7654247868,10.0265395652,0.999769108756,-0.0214878844287,3.10507347241,2.50855107755,0,0,0
legacy_r1,5.025,14.7904190143,10.0260023597,0.999769101536,-0.0214882203691,3.12937574904,2.53296296571,0,0,0
legacy_r1,5.05,14.8154132417,10.0254651463,0.99976909476,-0.021488535603,3.15368683587,2.55738364187,0,0,0
legacy_r1,5.075,14.8404074689,10.0249279255,0.999769088401,-0.0214888314851,3.17800656942,2.5818129127,0,0,0
legacy_r1,5.1,14.865401696,10.0243906977,0.99976908243,-0.0214891092816,3.20233479018,2.60625059042,0,0,0
legacy_r1,5.125,14.8903959229,10.0238534635,0.999769076822,-0.0214893701764,3.22667134248,2.63069649265,0,0,0
legacy_r1,5.15,14.9153901497,10.0233162231,0.999769071554,-0.0214896152763,3.25101607437,2.65515044217,0,0,0
legacy_r1,5.175,14.9403843763,10.022778977,0.999769066603,-0.0214898456162,3.27536883754,2.67961226676,0,0,0
legacy_r1,5.2,14.9653786029,10.0222417254,0.999769061948,-0.0214900621637,3.29972948717,2.70408179904,0,0,0
legacy_r1,5.225,14.9903728293,10.0217044688,0.99976905757,-0.0214902658235,3.32409788186,2.72855887628,0,0,0
legacy_r1,5.25,15.0153670557,10.0211672073,0.999769053451,-0.0214904574421,3.34847388354,2.75304334027,0,0,0
legacy_r1,5.275,15.0403612819,10.0206299414,0.999769049574,-0.0214906378108,3.37285735734,2.77753503714,0,0,0
legacy_r1,5.3,15.065355508,10.0200926712,0.999769045923,-0.0214908076701,3.39724817152,2.80203381722,0,0,0
legacy_r1,5.325,15.0903497341,10.019555397,0.999769042483,-0.0214909677129,3.42164619738,2.8265395349,0,0,0
legacy_r1,5.35,15.1153439601,10.019018119,0.999769039239,-0.0214911185876,3.44605130917,2.85105204852,0,0,0
legacy_r1,5.375,15.140338186,10.0184808375,0.99976903618,-0.0214912609013,3.47046338401,2.87557122017,0,0,0
legacy_r1,5.4,15.1653324118,10.0179435526,0.999769033293,-0.0214913952225,3.49488230182,2.90009691566,0,0,0
legacy_r1,5.425,15.1903266376,10.0174062646,0.999769030566,-0.0214915220839,3.51930794522,2.92462900431,0,0,0
legacy_r1,5.45,15.2153208633,10.0168689735,0.999769027988,-0.021491641985,3.54374019945,2.9491673589,0,0,0
legacy_r1,5.475,15.2403150889,10.0163316796,0.99976902555,-0.021491755394,3.56817895236,2.97371185553,0,0,0
legacy_r1,5.5,15.2653093145,10.0157943831,0.999769023243,-0.0214918627507,3.59262409424,2.99826237351,0,0,0
legacy_r1,5.525,15.29030354,10.015257084,0.999769021056,-0.0214919644681,3.61707551785,3.02281879526,0,0,0
legacy_r1,5.55,15.3152977655,10.0147197824,0.999769018982,-0.021492060935,3.64153311828,3.04738100623,0,0,0
legacy_r1,5.575,15.3402919909,10.0141824786,0.999769017014,-0.0214921525171,3.66599679292,3.07194889478,0,0,0
legacy_r1,5.6,15.3652862163,10.0136451726,0.999769015142,-0.0214922395598,3.69046644141,3.09652235211,0,0,0
legacy_r1,5.625,15.3902804416,10.0131078646,0.999769013362,-0.0214923223895,3.71494196555,3.12110127213,0,0,0
legacy_r1,5.65,15.4152746669,10.0125705546,0.999769011665,-0.0214924013153,3.73942326927,3.14568555145,0,0,0
legacy_r1,5.675,15.4402688922,10.0120332426,0.999769010046,-0.0214924766312,3.76391025853,3.17027508921,0,0,0
legacy_r1,5.7,15.4652631174,10.0114959289,0.999769008498,-0.0214925486176,3.78840284134,3.19486978706,0,0,0
legacy_r1,5.725,15.4902573426,10.0109586135,0.999769007017,-0.0214926175432,3.81290092763,3.21946954909,0,0,0
legacy_r1,5.75,15.5152515677,10.0104212964,0.999769005595,-0.021492683667,3.83740442924,3.2440742817,0,0,0
legacy_r1,5.775,15.5402457928,10.0098839777,0.999769004229,-0.0214927472403,3.86191325988,3.26868389358,0,0,0
legacy_r1,5.8,15.5652400179,10.0093466575,0.999769002911,-0.0214928085092,3.88642733503,3.29329829564,0,0,0
legacy_r1,5.825,15.5902342429,10.0088093358,0.999769001639,-0.0214928677171,3.91094657197,3.31791740091,0,0,0
legacy_r1,5.85,15.6152284679,10.0082720127,0.999769000405,-0.0214929251079,3.93547088966,3.3425411245,0,0,0
legacy_r1,5.875,15.6402226929,10.0077346882,0.999768999205,-0.0214929809302,3.96000020875,3.36716938355,0,0,0
legacy_r1,5.9,15.6652169179,10.0071973623,0.999768998033,-0.0214930354418,3.98453445151,3.39180209713,0,0,0
legacy_r1,5.925,15.6902111428,10.006660035,0.999768996883,-0.0214930889164,4.00907354179,3.41643918625,0,0,0
legacy_r1,5.95,15.7152053677,10.0061227065,0,0,4.03361740501,3.44108057372,0,0,1
legacy_r1,5.975,15.7152053677,10.0061227065,0,0,4.03361740501,3.44108057372,0,0,1
legacy_r1,6,15.7152053677,10.0061227065,0,0,4.03361740501,3.44108057372,0,0,1
legacy_r1,6.025,15.7152053677,10.0061227065,0,0,4.03361740501,3.44108057372,0,0,1
legacy_r1,6.05,15.7152053677,10.0061227065,0,0,4.03361740501,3.44108057372,0,0,1
legacy_r1,6.075,15.7152053677,10.0061227065,0,0,4.03361740501,3.44108057372,0,0,1
legacy_r1,6.1,15.7152053677,10.0061227065,0,0,4.03361740501,3.44108057372,0,0,1
legacy_r1,6.125,15.7152053677,10.0061227065,0,0,4.03361740501,3.44108057372,0,0,1
legacy_r1,6.15,15.7152053677,10.0061227065,0,0,4.03361740501,3.44108057372,0,0,1
legacy_r1,6.175,15.7152053677,10.0061227065,0,0,4.03361740501,3.44108057372,0,0,1
legacy_r1,6.2,15.7152053677,10.0061227065,0,0,4.03361740501,3.44108057372,0,0,1
legacy_r1,6.225,15.7152053677,10.0061227065,0,0,4.03361740501,3.44108057372,0,0,1
legacy_r1,6.25,15.7152053677,10.0061227065,0,0,4.03361740501,3.44108057372,0,0,1
legacy_r1,6.275,15.7152053677,10.0061227065,0,0,4.03361740501,3.44108057372,0,0,1
legacy_r1,6.3,15.7152053677,10.0061227065,0,0,4.03361740501,3.44108057372,0,0,1
legacy_r1,6.325,15.7152053677,10.0061227065,0,0,4.03361740501,3.44108057372,0,0,1
legacy_r1,6.35,15.7152053677,10.0061227065,0,0,4.03361740501,3.44108057372,0,0,1
legacy_r1,6.375,15.7152053677,10.0061227065,0,0,4.03361740501,3.44108057372,0,0,1
legacy_r1,6.4,15.7152053677,10.0061227065,0,0,4.03361740501,3.44108057372,0,0,1
legacy_r1,6.425,15.7152053677,10.0061227065,0,0,4.03361740501,3.44108057372,0,0,1
legacy_r1,6.45,15.7152053677,10.0061227065,0,0,4.03361740501,3.44108057372,0,0,1
legacy_r1,6.475,15.7152053677,10.0061227065,0,0,4.03361740501,3.44108057372,0,0,1
legacy_r1,6.5,15.7152053677,10.0061227065,0,0,4.03361740501,3.44108057372,0,0,1
legacy_r1,6.525,15.7152053677,10.0061227065,0,0,4.03361740501,3.44108057372,0,0,1
legacy_r1,6.55,15.7152053677,10.0061227065,0,0,4.03361740501,3.44108057372,0,0,1
legacy_r1,6.575,15.7152053677,10.0061227065,0,0,4.03361740501,3.44108057372,0,0,1
legacy_r1,6.6,15.7152053677,10.0061227065,0,0,4.03361740501,3.44108057372,0,0,1
legacy_r1,6.625,15.7152053677,10.0061227065,0,0,4.03361740501,3.44108057372,0,0,1
legacy_r1,6.65,15.7152053677,10.0061227065,0,0,4.03361740501,3.44108057372,0,0,1
legacy_r1,6.675,15.7152053677,10.0061227065,0,0,4.03361740501,3.44108057372,0,0,1
legacy_r1,6.7,15.7152053677,10.0061227065,0,0,4.03361740501,3.44108057372,0,0,1
legacy_r1,6.725,15.7152053677,10.0061227065,0,0,4.03361740501,3.44108057372,0,0,1
legacy_r1,6.75,15.7152053677,10.0061227065,0,0,4.03361740501,3.44108057372,0,0,1
legacy_r1,6.775,15.7152053677,10.0061227065,0,0,4.03361740501,3.44108057372,0,0,1
legacy_r1,6.8,15.7152053677,10.0061227065,0,0,4.03361740501,3.44108057372,0,0,1
legacy_r1,6.825,15.7152053677,10.0061227065,0,0,4.03361740501,3.44108057372,0,0,1
legacy_r1,6.85,15.7152053677,10.0061227065,0,0,4.03361740501,3.44108057372,0,0,1
legacy_r1,6.875,15.7152053677,10.0061227065,0,0,4.03361740501,3.44108057372,0,0,1
legacy_r1,6.9,15.7152053677,10.0061227065,0,0,4.03361740501,3.44108057372,0,0,1
legacy_r1,6.925,15.7152053677,10.0061227065,0,0,4.03361740501,3.44108057372,0,0,1
legacy_r1,6.95,15.7152053677,10.0061227065,0,0,4.03361740501,3.44108057372,0,0,1
legacy_r1,6.975,15.7152053677,10.0061227065,0,0,4.03361740501,3.44108057372,0,0,1
legacy_r1,7,15.7152053677,10.0061227065,0,0,4.03361740501,3.44108057372,0,0,1
legacy_r1,7.025,15.7152053677,10.0061227065,0,0,4.03361740501,3.44108057372,0,0,1
legacy_r1,7.05,15.7152053677,10.0061227065,0,0,4.03361740501,3.44108057372,0,0,1
legacy_r1,7.075,15.7152053677,10.0061227065,0,0,4.03361740501,3.44108057372,0,0,1
legacy_r1,7.1,15.7152053677,10.0061227065,0,0,4.03361740501,3.44108057372,0,0,1
legacy_r1,7.125,15.7152053677,10.0061227065,0,0,4.03361740501,3.44108057372,0,0,1
legacy_r1,7.15,15.7152053677,10.0061227065,0,0,4.03361740501,3.44108057372,0,0,1
legacy_r1,7.175,15.7152053677,10.0061227065,0,0,4.03361740501,3.44108057372,0,0,1
legacy_r1,7.2,15.7152053677,10.0061227065,0,0,4.03361740501,3.44108057372,0,0,1
legacy_r1,7.225,15.7152053677,10.0061227065,0,0,4.03361740501,3.44108057372,0,0,1
legacy_r1,7.25,15.7152053677,10.0061227065,0,0,4.03361740501,3.44108057372,0,0,1
legacy_r1,7.275,15.7152053677,10.0061227065,0,0,4.03361740501,3.44108057372,0,0,1
legacy_r1,7.3,15.7152053677,10.0061227065,0,0,4.03361740501,3.44108057372,0,0,1
legacy_r1,7.325,15.7152053677,10.0061227065,0,0,4.03361740501,3.44108057372,0,0,1
legacy_r1,7.35,15.7152053677,10.0061227065,0,0,4.03361740501,3.44108057372,0,0,1
legacy_r1,7.375,15.7152053677,10.0061227065,0,0,4.03361740501,3.44108057372,0,0,1
legacy_r1,7.4,15.7152053677,10.0061227065,0,0,4.03361740501,3.44108057372,0,0,1
legacy_r1,7.425,15.7152053677,10.0061227065,0,0,4.03361740501,3.44108057372,0,0,1
legacy_r1,7.45,15.7152053677,10.0061227065,0,0,4.03361740501,3.44108057372,0,0,1
legacy_r1,7.475,15.7152053677,10.0061227065,0,0,4.03361740501,3.44108057372,0,0,1
legacy_r1,7.5,15.7152053677,10.0061227065,0,0,4.03361740501,3.44108057372,0,0,1
legacy_r1,7.525,15.7152053677,10.0061227065,0,0,4.03361740501,3.44108057372,0,0,1
legacy_r1,7.55,15.7152053677,10.0061227065,0,0,4.03361740501,3.44108057372,0,0,1
legacy_r1,7.575,15.7152053677,10.0061227065,0,0,4.03361740501,3.44108057372,0,0,1
legacy_r1,7.6,15.7152053677,10.0061227065,0,0,4.03361740501,3.44108057372,0,0,1
legacy_r1,7.625,15.7152053677,10.0061227065,0,0,4.03361740501,3.44108057372,0,0,1
legacy_r1,7.65,15.7152053677,10.0061227065,0,0,4.03361740501,3.44108057372,0,0,1
legacy_r1,7.675,15.7152053677,10.0061227065,0,0,4.03361740501,3.44108057372,0,0,1
legacy_r1,7.7,15.7152053677,10.0061227065,0,0,4.03361740501,3.44108057372,0,0,1
legacy_r1,7.725,15.7152053677,10.0061227065,0,0,4.03361740501,3.44108057372,0,0,1
legacy_r1,7.75,15.7152053677,10.0061227065,0,0,4.03361740501,3.44108057372,0,0,1
legacy_r1,7.775,15.7152053677,10.0061227065,0,0,4.03361740501,3.44108057372,0,0,1
legacy_r1,7.8,15.7152053677,10.0061227065,0,0,4.03361740501,3.44108057372,0,0,1
legacy_r1,7.825,15.7152053677,10.0061227065,0,0,4.03361740501,3.44108057372,0,0,1
legacy_r1,7.85,15.7152053677,10.0061227065,0,0,4.03361740501,3.44108057372,0,0,1
legacy_r1,7.875,15.7152053677,10.0061227065,0,0,4.03361740501,3.44108057372,0,0,1
legacy_r1,7.9,15.7152053677,10.0061227065,0,0,4.03361740501,3.44108057372,0,0,1
legacy_r1,7.925,15.7152053677,10.0061227065,0,0,4.03361740501,3.44108057372,0,0,1
legacy_r1,7.95,15.7152053677,10.0061227065,0,0,4.03361740501,3.44108057372,0,0,1
legacy_r1,7.975,15.7152053677,10.0061227065,0,0,4.03361740501,3.44108057372,0,0,1
legacy_r1,8,15.7152053677,10.0061227065,0,0,4.03361740501,3.44108057372,0,0,1
legacy_r1,8.025,15.7152053677,10.0061227065,0,0,4.03361740501,3.44108057372,0,0,1
legacy_r1,8.05,15.7152053677,10.0061227065,0,0,4.03361740501,3.44108057372,0,0,1
legacy_r1,8.075,15.7152053677,10.0061227065,0,0,4.03361740501,3.44108057372,0,0,1
legacy_r1,8.1,15.7152053677,10.0061227065,0,0,4.03361740501,3.44108057372,0,0,1
legacy_r1,8.125,15.7152053677,10.0061227065,0,0,4.03361740501,3.44108057372,0,0,1
legacy_r1,8.15,15.7152053677,10.0061227065,0,0,4.03361740501,3.44108057372,0,0,1
legacy_r1,8.175,15.7152053677,10.0061227065,0,0,4.03361740501,3.44108057372,0,0,1
legacy_r1,8.2,15.7152053677,10.0061227065,0,0,4.03361740501,3.44108057372,0,0,1
legacy_r1,8.225,15.7152053677,10.0061227065,0,0,4.03361740501,3.44108057372,0,0,1
legacy_r1,8.25,15.7152053677,10.0061227065,0,0,4.03361740501,3.44108057372,0,0,1
legacy_r1,8.275,15.7152053677,10.0061227065,0,0,4.03361740501,3.44108057372,0,0,1
legacy_r1,8.3,15.7152053677,10.0061227065,0,0,4.03361740501,3.44108057372,0,0,1
legacy_r1,8.325,15.7152053677,10.0061227065,0,0,4.03361740501,3.44108057372,0,0,1
legacy_r1,8.35,15.7152053677,10.0061227065,0,0,4.03361740501,3.44108057372,0,0,1
legacy_r1,8.375,15.7152053677,10.0061227065,0,0,4.03361740501,3.44108057372,0,0,1
legacy_r1,8.4,15.7152053677,10.0061227065,0,0,4.03361740501,3.44108057372,0,0,1
legacy_r1,8.425,15.7152053677,10.0061227065,0,0,4.03361740501,3.44108057372,0,0,1
legacy_r1,8.45,15.7152053677,10.0061227065,0,0,4.03361740501,3.44108057372,0,0,1
legacy_r1,8.475,15.7152053677,10.0061227065,0,0,4.03361740501,3.44108057372,0,0,1
legacy_r1,8.5,15.7152053677,10.0061227065,0,0,4.03361740501,3.44108057372,0,0,1
legacy_r1,8.525,15.7152053677,10.0061227065,0,0,4.03361740501,3.44108057372,0,0,1
legacy_r1,8.55,15.7152053677,10.0061227065,0,0,4.03361740501,3.44108057372,0,0,1
legacy_r1,8.575,15.7152053677,10.0061227065,0,0,4.03361740501,3.44108057372,0,0,1
legacy_r1,8.6,15.7152053677,10.0061227065,0,0,4.03361740501,3.44108057372,0,0,1
legacy_r1,8.625,15.7152053677,10.0061227065,0,0,4.03361740501,3.44108057372,0,0,1
legacy_r1,8.65,15.7152053677,10.0061227065,0,0,4.03361740501,3.44108057372,0,0,1
legacy_r1,8.675,15.7152053677,10.0061227065,0,0,4.03361740501,3.44108057372,0,0,1
legacy_r1,8.7,15.7152053677,10.0061227065,0,0,4.03361740501,3.44108057372,0,0,1
legacy_r1,8.725,15.7152053677,10.0061227065,0,0,4.03361740501,3.44108057372,0,0,1
legacy_r1,8.75,15.7152053677,10.0061227065,0,0,4.03361740501,3.44108057372,0,0,1
legacy_r1,8.775,15.7152053677,10.0061227065,0,0,4.03361740501,3.44108057372,0,0,1
legacy_r1,8.8,15.7152053677,10.0061227065,0,0,4.03361740501,3.44108057372,0,0,1
legacy_r1,8.825,15.7152053677,10.0061227065,0,0,4.03361740501,3.44108057372,0,0,1
legacy_r1,8.85,15.7152053677,10.0061227065,0,0,4.03361740501,3.44108057372,0,0,1
legacy_r1,8.875,15.7152053677,10.0061227065,0,0,4.03361740501,3.44108057372,0,0,1
legacy_r1,8.9,15.7152053677,10.0061227065,0,0,4.03361740501,3.44108057372,0,0,1
legacy_r1,8.925,15.7152053677,10.0061227065,0,0,4.03361740501,3.44108057372,0,0,1
legacy_r1,8.95,15.7152053677,10.0061227065,0,0,4.03361740501,3.44108057372,0,0,1
legacy_r1,8.975,15.7152053677,10.0061227065,0,0,4.03361740501,3.44108057372,0,0,1
legacy_r1,9,15.7152053677,10.0061227065,0,0,4.03361740501,3.44108057372,0,0,1
legacy_r1,9.025,15.7152053677,10.0061227065,0,0,4.03361740501,3.44108057372,0,0,1
legacy_r1,9.05,15.7152053677,10.0061227065,0,0,4.03361740501,3.44108057372,0,0,1
legacy_r1,9.075,15.7152053677,10.0061227065,0,0,4.03361740501,3.44108057372,0,0,1
legacy_r1,9.1,15.7152053677,10.0061227065,0,0,4.03361740501,3.44108057372,0,0,1
legacy_r1,9.125,15.7152053677,10.0061227065,0,0,4.03361740501,3.44108057372,0,0,1
legacy_r1,9.15,15.7152053677,10.0061227065,0,0,4.03361740501,3.44108057372,0,0,1
legacy_r1,9.175,15.7152053677,10.0061227065,0,0,4.03361740501,3.44108057372,0,0,1
legacy_r1,9.2,15.7152053677,10.0061227065,0,0,4.03361740501,3.44108057372,0,0,1
legacy_r1,9.225,15.7152053677,10.0061227065,0,0,4.03361740501,3.44108057372,0,0,1
legacy_r1,9.25,15.7152053677,10.0061227065,0,0,4.03361740501,3.44108057372,0,0,1
legacy_r1,9.275,15.7152053677,10.0061227065,0,0,4.03361740501,3.44108057372,0,0,1
legacy_r1,9.3,15.7152053677,10.0061227065,0,0,4.03361740501,3.44108057372,0,0,1
legacy_r1,9.325,15.7152053677,10.0061227065,0,0,4.03361740501,3.44108057372,0,0,1
legacy_r1,9.35,15.7152053677,10.0061227065,0,0,4.03361740501,3.44108057372,0,0,1
legacy_r1,9.375,15.7152053677,10.0061227065,0,0,4.03361740501,3.44108057372,0,0,1
legacy_r1,9.4,15.7152053677,10.0061227065,0,0,4.03361740501,3.44108057372,0,0,1
legacy_r1,9.425,15.7152053677,10.0061227065,0,0,4.03361740501,3.44108057372,0,0,1
legacy_r1,9.45,15.7152053677,10.0061227065,0,0,4.03361740501,3.44108057372,0,0,1
legacy_r1,9.475,15.7152053677,10.0061227065,0,0,4.03361740501,3.44108057372,0,0,1
legacy_r1,9.5,15.7152053677,10.0061227065,0,0,4.03361740501,3.44108057372,0,0,1
legacy_r1,9.525,15.7152053677,10.0061227065,0,0,4.03361740501,3.44108057372,0,0,1
legacy_r1,9.55,15.7152053677,10.0061227065,0,0,4.03361740501,3.44108057372,0,0,1
legacy_r1,9.575,15.7152053677,10.0061227065,0,0,4.03361740501,3.44108057372,0,0,1
legacy_r1,9.6,15.7152053677,10.0061227065,0,0,4.03361740501,3.44108057372,0,0,1
legacy_r1,9.625,15.7152053677,10.0061227065,0,0,4.03361740501,3.44108057372,0,0,1
legacy_r1,9.65,15.7152053677,10.0061227065,0,0,4.03361740501,3.44108057372,0,0,1
legacy_r1,9.675,15.7152053677,10.0061227065,0,0,4.03361740501,3.44108057372,0,0,1
legacy_r1,9.7,15.7152053677,10.0061227065,0,0,4.03361740501,3.44108057372,0,0,1
legacy_r1,9.725,15.7152053677,10.0061227065,0,0,4.03361740501,3.44108057372,0,0,1
legacy_r1,9.75,15.7152053677,10.0061227065,0,0,4.03361740501,3.44108057372,0,0,1
legacy_r1,9.775,15.7152053677,10.0061227065,0,0,4.03361740501,3.44108057372,0,0,1
legacy_r1,9.8,15.7152053677,10.0061227065,0,0,4.03361740501,3.44108057372,0,0,1
legacy_r1,9.825,15.7152053677,10.0061227065,0,0,4.03361740501,3.44108057372,0,0,1
legacy_r1,9.85,15.7152053677,10.0061227065,0,0,4.03361740501,3.44108057372,0,0,1
legacy_r1,9.875,15.7152053677,10.0061227065,0,0,4.03361740501,3.44108057372,0,0,1
legacy_r1,9.9,15.7152053677,10.0061227065,0,0,4.03361740501,3.44108057372,0,0,1
legacy_r1,9.925,15.7152053677,10.0061227065,0,0,4.03361740501,3.44108057372,0,0,1
legacy_r1,9.95,15.7152053677,10.0061227065,0,0,4.03361740501,3.44108057372,0,0,1
legacy_r1,9.975,15.7152053677,10.0061227065,0,0,4.03361740501,3.44108057372,0,0,1
legacy_r1,10,15.7152053677,10.0061227065,0,0,4.03361740501,3.44108057372,0,0,1
legacy_r1,10.025,15.7152053677,10.0061227065,0,0,4.03361740501,3.44108057372,0,0,1
legacy_r1,10.05,15.7152053677,10.0061227065,0,0,4.03361740501,3.44108057372,0,0,1
legacy_r1,10.075,15.7152053677,10.0061227065,0,0,4.03361740501,3.44108057372,0,0,1
legacy_r1,10.1,15.7152053677,10.0061227065,0,0,4.03361740501,3.44108057372,0,0,1
legacy_r1,10.125,15.7152053677,10.0061227065,0,0,4.03361740501,3.44108057372,0,0,1
legacy_r1,10.15,15.7152053677,10.0061227065,0,0,4.03361740501,3.44108057372,0,0,1
legacy_r1,10.175,15.7152053677,10.0061227065,0,0,4.03361740501,3.44108057372,0,0,1
legacy_r1,10.2,15.7152053677,10.0061227065,0,0,4.03361740501,3.44108057372,0,0,1
legacy_r1,10.225,15.7152053677,10.0061227065,0,0,4.03361740501,3.44108057372,0,0,1
legacy_r1,10.25,15.7152053677,10.0061227065,0,0,4.03361740501,3.44108057372,0,0,1
legacy_r1,10.275,15.7152053677,10.0061227065,0,0,4.03361740501,3.44108057372,0,0,1
legacy_r1,10.3,15.7152053677,10.0061227065,0,0,4.03361740501,3.44108057372,0,0,1
legacy_r1,10.325,15.7152053677,10.0061227065,0,0,4.03361740501,3.44108057372,0,0,1
legacy_r1,10.35,15.7152053677,10.0061227065,0,0,4.03361740501,3.44108057372,0,0,1
legacy_r1,10.375,15.7152053677,10.0061227065,0,0,4.03361740501,3.44108057372,0,0,1
legacy_r1,10.4,15.7152053677,10.0061227065,0,0,4.03361740501,3.44108057372,0,0,1
legacy_r1,10.425,15.7152053677,10.0061227065,0,0,4.03361740501,3.44108057372,0,0,1
legacy_r1,10.45,15.7152053677,10.0061227065,0,0,4.03361740501,3.44108057372,0,0,1
legacy_r1,10.475,15.7152053677,10.0061227065,0,0,4.03361740501,3.44108057372,0,0,1
legacy_r1,10.5,15.7152053677,10.0061227065,0,0,4.03361740501,3.44108057372,0,0,1
legacy_r1,10.525,15.7152053677,10.0061227065,0,0,4.03361740501,3.44108057372,0,0,1
legacy_r1,10.55,15.7152053677,10.0061227065,0,0,4.03361740501,3.44108057372,0,0,1
legacy_r1,10.575,15.7152053677,10.0061227065,0,0,4.03361740501,3.44108057372,0,0,1
legacy_r1,10.6,15.7152053677,10.0061227065,0,0,4.03361740501,3.44108057372,0,0,1
legacy_r1,10.625,15.7152053677,10.0061227065,0,0,4.03361740501,3.44108057372,0,0,1
legacy_r1,10.65,15.7152053677,10.0061227065,0,0,4.03361740501,3.44108057372,0,0,1
legacy_r1,10.675,15.7152053677,10.0061227065,0,0,4.03361740501,3.44108057372,0,0,1
legacy_r1,10.7,15.7152053677,10.0061227065,0,0,4.03361740501,3.44108057372,0,0,1
legacy_r1,10.725,15.7152053677,10.0061227065,0,0,4.03361740501,3.44108057372,0,0,1
legacy_r1,10.75,15.7152053677,10.0061227065,0,0,4.03361740501,3.44108057372,0,0,1
legacy_r1,10.775,15.7152053677,10.0061227065,0,0,4.03361740501,3.44108057372,0,0,1
legacy_r1,10.8,15.7152053677,10.0061227065,0,0,4.03361740501,3.44108057372,0,0,1
legacy_r1,10.825,15.7152053677,10.0061227065,0,0,4.03361740501,3.44108057372,0,0,1
legacy_r1,10.85,15.7152053677,10.0061227065,0,0,4.03361740501,3.44108057372,0,0,1
legacy_r1,10.875,15.7152053677,10.0061227065,0,0,4.03361740501,3.44108057372,0,0,1
legacy_r1,10.9,15.7152053677,10.0061227065,0,0,4.03361740501,3.44108057372,0,0,1
legacy_r1,10.925,15.7152053677,10.0061227065,0,0,4.03361740501,3.44108057372,0,0,1
legacy_r1,10.95,15.7152053677,10.0061227065,0,0,4.03361740501,3.44108057372,0,0,1
legacy_r1,10.975,15.7152053677,10.0061227065,0,0,4.03361740501,3.44108057372,0,0,1
legacy_r1,11,15.7152053677,10.0061227065,0,0,4.03361740501,3.44108057372,0,0,1
legacy_r1,11.025,15.7152053677,10.0061227065,0,0,4.03361740501,3.44108057372,0,0,1
legacy_r1,11.05,15.7152053677,10.0061227065,0,0,4.03361740501,3.44108057372,0,0,1
legacy_r1,11.075,15.7152053677,10.0061227065,0,0,4.03361740501,3.44108057372,0,0,1
legacy_r1,11.1,15.7152053677,10.0061227065,0,0,4.03361740501,3.44108057372,0,0,1
legacy_r1,11.125,15.7152053677,10.0061227065,0,0,4.03361740501,3.44108057372,0,0,1
legacy_r1,11.15,15.7152053677,10.0061227065,0,0,4.03361740501,3.44108057372,0,0,1
legacy_r1,11.175,15.7152053677,10.0061227065,0,0,4.03361740501,3.44108057372,0,0,1
legacy_r1,11.2,15.7152053677,10.0061227065,0,0,4.03361740501,3.44108057372,0,0,1
legacy_r1,11.225,15.7152053677,10.0061227065,0,0,4.03361740501,3.44108057372,0,0,1
legacy_r1,11.25,15.7152053677,10.0061227065,0,0,4.03361740501,3.44108057372,0,0,1
legacy_r1,11.275,15.7152053677,10.0061227065,0,0,4.03361740501,3.44108057372,0,0,1
legacy_r1,11.3,15.7152053677,10.0061227065,0,0,4.03361740501,3.44108057372,0,0,1
legacy_r1,11.325,15.7152053677,10.0061227065,0,0,4.03361740501,3.44108057372,0,0,1
legacy_r1,11.35,15.7152053677,10.0061227065,0,0,4.03361740501,3.44108057372,0,0,1
legacy_r1,11.375,15.7152053677,10.0061227065,0,0,4.03361740501,3.44108057372,0,0,1
legacy_r1,11.4,15.7152053677,10.0061227065,0,0,4.03361740501,3.44108057372,0,0,1
legacy_r1,11.425,15.7152053677,10.0061227065,0,0,4.03361740501,3.44108057372,0,0,1
legacy_r1,11.45,15.7152053677,10.0061227065,0,0,4.03361740501,3.44108057372,0,0,1
legacy_r1,11.475,15.7152053677,10.0061227065,0,0,4.03361740501,3.44108057372,0,0,1
legacy_r1,11.5,15.7152053677,10.0061227065,0,0,4.03361740501,3.44108057372,0,0,1
legacy_r1,11.525,15.7152053677,10.0061227065,0,0,4.03361740501,3.44108057372,0,0,1
legacy_r1,11.55,15.7152053677,10.0061227065,0,0,4.03361740501,3.44108057372,0,0,1
legacy_r1,11.575,15.7152053677,10.0061227065,0,0,4.03361740501,3.44108057372,0,0,1
legacy_r1,11.6,15.7152053677,10.0061227065,0,0,4.03361740501,3.44108057372,0,0,1
legacy_r1,11.625,15.7152053677,10.0061227065,0,0,4.03361740501,3.44108057372,0,0,1
legacy_r1,11.65,15.7152053677,10.0061227065,0,0,4.03361740501,3.44108057372,0,0,1
legacy_r1,11.675,15.7152053677,10.0061227065,0,0,4.03361740501,3.44108057372,0,0,1
legacy_r1,11.7,15.7152053677,10.0061227065,0,0,4.03361740501,3.44108057372,0,0,1
legacy_r1,11.725,15.7152053677,10.0061227065,0,0,4.03361740501,3.44108057372,0,0,1
legacy_r1,11.75,15.7152053677,10.0061227065,0,0,4.03361740501,3.44108057372,0,0,1
legacy_r1,11.775,15.7152053677,10.0061227065,0,0,4.03361740501,3.44108057372,0,0,1
legacy_r1,11.8,15.7152053677,10.0061227065,0,0,4.03361740501,3.44108057372,0,0,1
legacy_r1,11.825,15.7152053677,10.0061227065,0,0,4.03361740501,3.44108057372,0,0,1
legacy_r1,11.85,15.7152053677,10.0061227065,0,0,4.03361740501,3.44108057372,0,0,1
legacy_r1,11.875,15.7152053677,10.0061227065,0,0,4.03361740501,3.44108057372,0,0,1
legacy_r1,11.9,15.7152053677,10.0061227065,0,0,4.03361740501,3.44108057372,0,0,1
legacy_r1,11.925,15.7152053677,10.0061227065,0,0,4.03361740501,3.44108057372,0,0,1
legacy_r1,11.95,15.7152053677,10.0061227065,0,0,4.03361740501,3.44108057372,0,0,1
legacy_r1,11.975,15.7152053677,10.0061227065,0,0,4.03361740501,3.44108057372,0,0,1
legacy_r1,12,15.7152053677,10.0061227065,0,0,4.03361740501,3.44108057372,0,0,1
legacy_r1,12.025,15.7152053677,10.0061227065,0,0,4.03361740501,3.44108057372,0,0,1
legacy_r1,12.05,15.7152053677,10.0061227065,0,0,4.03361740501,3.44108057372,0,0,1
legacy_r1,12.075,15.7152053677,10.0061227065,0,0,4.03361740501,3.44108057372,0,0,1
legacy_r1,12.1,15.7152053677,10.0061227065,0,0,4.03361740501,3.44108057372,0,0,1
legacy_r1,12.125,15.7152053677,10.0061227065,0,0,4.03361740501,3.44108057372,0,0,1
legacy_r1,12.15,15.7152053677,10.0061227065,0,0,4.03361740501,3.44108057372,0,0,1
legacy_r1,12.175,15.7152053677,10.0061227065,0,0,4.03361740501,3.44108057372,0,0,1
legacy_r1,12.2,15.7152053677,10.0061227065,0,0,4.03361740501,3.44108057372,0,0,1
legacy_r1,12.225,15.7152053677,10.0061227065,0,0,4.03361740501,3.44108057372,0,0,1
legacy_r1,12.25,15.7152053677,10.0061227065,0,0,4.03361740501,3.44108057372,0,0,1
legacy_r1,12.275,15.7152053677,10.0061227065,0,0,4.03361740501,3.44108057372,0,0,1
legacy_r1,12.3,15.7152053677,10.0061227065,0,0,4.03361740501,3.44108057372,0,0,1
legacy_r1,12.325,15.7152053677,10.0061227065,0,0,4.03361740501,3.44108057372,0,0,1
legacy_r1,12.35,15.7152053677,10.0061227065,0,0,4.03361740501,3.44108057372,0,0,1
legacy_r1,12.375,15.7152053677,10.0061227065,0,0,4.03361740501,3.44108057372,0,0,1
legacy_r1,12.4,15.7152053677,10.0061227065,0,0,4.03361740501,3.44108057372,0,0,1
legacy_r1,12.425,15.7152053677,10.0061227065,0,0,4.03361740501,3.44108057372,0,0,1
legacy_r1,12.45,15.7152053677,10.0061227065,0,0,4.03361740501,3.44108057372,0,0,1
legacy_r1,12.475,15.7152053677,10.0061227065,0,0,4.03361740501,3.44108057372,0,0,1
legacy_r1,12.5,15.7152053677,10.0061227065,0,0,4.03361740501,3.44108057372,0,0,1
legacy_r1,12.525,15.7152053677,10.0061227065,0,0,4.03361740501,3.44108057372,0,0,1
legacy_r1,12.55,15.7152053677,10.0061227065,0,0,4.03361740501,3.44108057372,0,0,1
legacy_r1,12.575,15.7152053677,10.0061227065,0,0,4.03361740501,3.44108057372,0,0,1
legacy_r1,12.6,15.7152053677,10.0061227065,0,0,4.03361740501,3.44108057372,0,0,1
legacy_r1,12.625,15.7152053677,10.0061227065,0,0,4.03361740501,3.44108057372,0,0,1
legacy_r1,12.65,15.7152053677,10.0061227065,0,0,4.03361740501,3.44108057372,0,0,1
legacy_r1,12.675,15.7152053677,10.0061227065,0,0,4.03361740501,3.44108057372,0,0,1
legacy_r1,12.7,15.7152053677,10.0061227065,0,0,4.03361740501,3.44108057372,0,0,1
legacy_r1,12.725,15.7152053677,10.0061227065,0,0,4.03361740501,3.44108057372,0,0,1
legacy_r1,12.75,15.7152053677,10.0061227065,0,0,4.03361740501,3.44108057372,0,0,1
legacy_r1,12.775,15.7152053677,10.0061227065,0,0,4.03361740501,3.44108057372,0,0,1
legacy_r1,12.8,15.7152053677,10.0061227065,0,0,4.03361740501,3.44108057372,0,0,1
legacy_r1,12.825,15.7152053677,10.0061227065,0,0,4.03361740501,3.44108057372,0,0,1
legacy_r1,12.85,15.7152053677,10.0061227065,0,0,4.03361740501,3.44108057372,0,0,1
legacy_r1,12.875,15.7152053677,10.0061227065,0,0,4.03361740501,3.44108057372,0,0,1
legacy_r1,12.9,15.7152053677,10.0061227065,0,0,4.03361740501,3.44108057372,0,0,1
legacy_r1,12.925,15.7152053677,10.0061227065,0,0,4.03361740501,3.44108057372,0,0,1
legacy_r1,12.95,15.7152053677,10.0061227065,0,0,4.03361740501,3.44108057372,0,0,1
legacy_r1,12.975,15.7152053677,10.0061227065,0,0,4.03361740501,3.44108057372,0,0,1
legacy_r1,13,15.7152053677,10.0061227065,0,0,4.03361740501,3.44108057372,0,0,1
legacy_r1,13.025,15.7152053677,10.0061227065,0,0,4.03361740501,3.44108057372,0,0,1
legacy_r1,13.05,15.7152053677,10.0061227065,0,0,4.03361740501,3.44108057372,0,0,1
legacy_r1,13.075,15.7152053677,10.0061227065,0,0,4.03361740501,3.44108057372,0,0,1
legacy_r1,13.1,15.7152053677,10.0061227065,0,0,4.03361740501,3.44108057372,0,0,1
legacy_r1,13.125,15.7152053677,10.0061227065,0,0,4.03361740501,3.44108057372,0,0,1
legacy_r1,13.15,15.7152053677,10.0061227065,0,0,4.03361740501,3.44108057372,0,0,1
legacy_r1,13.175,15.7152053677,10.0061227065,0,0,4.03361740501,3.44108057372,0,0,1
legacy_r1,13.2,15.7152053677,10.0061227065,0,0,4.03361740501,3.44108057372,0,0,1
legacy_r1,13.225,15.7152053677,10.0061227065,0,0,4.03361740501,3.44108057372,0,0,1
legacy_r1,13.25,15.7152053677,10.0061227065,0,0,4.03361740501,3.44108057372,0,0,1
legacy_r1,13.275,15.7152053677,10.0061227065,0,0,4.03361740501,3.44108057372,0,0,1
legacy_r1,13.3,15.7152053677,10.0061227065,0,0,4.03361740501,3.44108057372,0,0,1
legacy_r1,13.325,15.7152053677,10.0061227065,0,0,4.03361740501,3.44108057372,0,0,1
legacy_r1,13.35,15.7152053677,10.0061227065,0,0,4.03361740501,3.44108057372,0,0,1
legacy_r1,13.375,15.7152053677,10.0061227065,0,0,4.03361740501,3.44108057372,0,0,1
legacy_r1,13.4,15.7152053677,10.0061227065,0,0,4.03361740501,3.44108057372,0,0,1
legacy_r1,13.425,15.7152053677,10.0061227065,0,0,4.03361740501,3.44108057372,0,0,1
legacy_r1,13.45,15.7152053677,10.0061227065,0,0,4.03361740501,3.44108057372,0,0,1
legacy_r1,13.475,15.7152053677,10.0061227065,0,0,4.03361740501,3.44108057372,0,0,1
legacy_r1,13.5,15.7152053677,10.0061227065,0,0,4.03361740501,3.44108057372,0,0,1
legacy_r1,13.525,15.7152053677,10.0061227065,0,0,4.03361740501,3.44108057372,0,0,1
legacy_r1,13.55,15.7152053677,10.0061227065,0,0,4.03361740501,3.44108057372,0,0,1
legacy_r1,13.575,15.7152053677,10.0061227065,0,0,4.03361740501,3.44108057372,0,0,1
legacy_r1,13.6,15.7152053677,10.0061227065,0,0,4.03361740501,3.44108057372,0,0,1
legacy_r1,13.625,15.7152053677,10.0061227065,0,0,4.03361740501,3.44108057372,0,0,1
legacy_r1,13.65,15.7152053677,10.0061227065,0,0,4.03361740501,3.44108057372,0,0,1
legacy_r1,13.675,15.7152053677,10.0061227065,0,0,4.03361740501,3.44108057372,0,0,1
legacy_r1,13.7,15.7152053677,10.0061227065,0,0,4.03361740501,3.44108057372,0,0,1
legacy_r1,13.725,15.7152053677,10.0061227065,0,0,4.03361740501,3.44108057372,0,0,1
legacy_r1,13.75,15.7152053677,10.0061227065,0,0,4.03361740501,3.44108057372,0,0,1
legacy_r1,13.775,15.7152053677,10.0061227065,0,0,4.03361740501,3.44108057372,0,0,1
legacy_r1,13.8,15.7152053677,10.0061227065,0,0,4.03361740501,3.44108057372,0,0,1
legacy_r1,13.825,15.7152053677,10.0061227065,0,0,4.03361740501,3.44108057372,0,0,1
legacy_r1,13.85,15.7152053677,10.0061227065,0,0,4.03361740501,3.44108057372,0,0,1
legacy_r1,13.875,15.7152053677,10.0061227065,0,0,4.03361740501,3.44108057372,0,0,1
legacy_r1,13.9,15.7152053677,10.0061227065,0,0,4.03361740501,3.44108057372,0,0,1
legacy_r1,13.925,15.7152053677,10.0061227065,0,0,4.03361740501,3.44108057372,0,0,1
legacy_r1,13.95,15.7152053677,10.0061227065,0,0,4.03361740501,3.44108057372,0,0,1
legacy_r1,13.975,15.7152053677,10.0061227065,0,0,4.03361740501,3.44108057372,0,0,1
legacy_r1,14,15.7152053677,10.0061227065,0,0,4.03361740501,3.44108057372,0,0,1
legacy_r1,14.025,15.7152053677,10.0061227065,0,0,4.03361740501,3.44108057372,0,0,1
legacy_r1,14.05,15.7152053677,10.0061227065,0,0,4.03361740501,3.44108057372,0,0,1
legacy_r1,14.075,15.7152053677,10.0061227065,0,0,4.03361740501,3.44108057372,0,0,1
legacy_r1,14.1,15.7152053677,10.0061227065,0,0,4.03361740501,3.44108057372,0,0,1
legacy_r1,14.125,15.7152053677,10.0061227065,0,0,4.03361740501,3.44108057372,0,0,1
legacy_r1,14.15,15.7152053677,10.0061227065,0,0,4.03361740501,3.44108057372,0,0,1
legacy_r1,14.175,15.7152053677,10.0061227065,0,0,4.03361740501,3.44108057372,0,0,1
legacy_r1,14.2,15.7152053677,10.0061227065,0,0,4.03361740501,3.44108057372,0,0,1
legacy_r1,14.225,15.7152053677,10.0061227065,0,0,4.03361740501,3.44108057372,0,0,1
legacy_r1,14.25,15.7152053677,10.0061227065,0,0,4.03361740501,3.44108057372,0,0,1
legacy_r1,14.275,15.7152053677,10.0061227065,0,0,4.03361740501,3.44108057372,0,0,1
legacy_r1,14.3,15.7152053677,10.0061227065,0,0,4.03361740501,3.44108057372,0,0,1
legacy_r1,14.325,15.7152053677,10.0061227065,0,0,4.03361740501,3.44108057372,0,0,1
legacy_r1,14.35,15.7152053677,10.0061227065,0,0,4.03361740501,3.44108057372,0,0,1
legacy_r1,14.375,15.7152053677,10.0061227065,0,0,4.03361740501,3.44108057372,0,0,1
legacy_r1,14.4,15.7152053677,10.0061227065,0,0,4.03361740501,3.44108057372,0,0,1
legacy_r1,14.425,15.7152053677,10.0061227065,0,0,4.03361740501,3.44108057372,0,0,1
legacy_r1,14.45,15.7152053677,10.0061227065,0,0,4.03361740501,3.44108057372,0,0,1
legacy_r1,14.475,15.7152053677,10.0061227065,0,0,4.03361740501,3.44108057372,0,0,1
legacy_r1,14.5,15.7152053677,10.0061227065,0,0,4.03361740501,3.44108057372,0,0,1
legacy_r1,14.525,15.7152053677,10.0061227065,0,0,4.03361740501,3.44108057372,0,0,1
legacy_r1,14.55,15.7152053677,10.0061227065,0,0,4.03361740501,3.44108057372,0,0,1
legacy_r1,14.575,15.7152053677,10.0061227065,0,0,4.03361740501,3.44108057372,0,0,1
legacy_r1,14.6,15.7152053677,10.0061227065,0,0,4.03361740501,3.44108057372,0,0,1
legacy_r1,14.625,15.7152053677,10.0061227065,0,0,4.03361740501,3.44108057372,0,0,1
legacy_r1,14.65,15.7152053677,10.0061227065,0,0,4.03361740501,3.44108057372,0,0,1
legacy_r1,14.675,15.7152053677,10.0061227065,0,0,4.03361740501,3.44108057372,0,0,1
legacy_r1,14.7,15.7152053677,10.0061227065,0,0,4.03361740501,3.44108057372,0,0,1
legacy_r1,14.725,15.7152053677,10.0061227065,0,0,4.03361740501,3.44108057372,0,0,1
legacy_r1,14.75,15.7152053677,10.0061227065,0,0,4.03361740501,3.44108057372,0,0,1
legacy_r1,14.775,15.7152053677,10.0061227065,0,0,4.03361740501,3.44108057372,0,0,1
legacy_r1,14.8,15.7152053677,10.0061227065,0,0,4.03361740501,3.44108057372,0,0,1
legacy_r1,14.825,15.7152053677,10.0061227065,0,0,4.03361740501,3.44108057372,0,0,1
legacy_r1,14.85,15.7152053677,10.0061227065,0,0,4.03361740501,3.44108057372,0,0,1
legacy_r1,14.875,15.7152053677,10.0061227065,0,0,4.03361740501,3.44108057372,0,0,1
legacy_r1,14.9,15.7152053677,10.0061227065,0,0,4.03361740501,3.44108057372,0,0,1
legacy_r1,14.925,15.7152053677,10.0061227065,0,0,4.03361740501,3.44108057372,0,0,1
legacy_r1,14.95,15.7152053677,10.0061227065,0,0,4.03361740501,3.44108057372,0,0,1
legacy_r1,14.975,15.7152053677,10.0061227065,0,0,4.03361740501,3.44108057372,0,0,1
legacy_r1,15,15.7152053677,10.0061227065,0,0,4.03361740501,3.44108057372,0,0,1
legacy_r1,15.025,15.7152053677,10.0061227065,0,0,4.03361740501,3.44108057372,0,0,1
legacy_r1,15.05,15.7152053677,10.0061227065,0,0,4.03361740501,3.44108057372,0,0,1
legacy_r1,15.075,15.7152053677,10.0061227065,0,0,4.03361740501,3.44108057372,0,0,1
legacy_r1,15.1,15.7152053677,10.0061227065,0,0,4.03361740501,3.44108057372,0,0,1
legacy_r1,15.125,15.7152053677,10.0061227065,0,0,4.03361740501,3.44108057372,0,0,1
legacy_r1,15.15,15.7152053677,10.0061227065,0,0,4.03361740501,3.44108057372,0,0,1
legacy_r1,15.175,15.7152053677,10.0061227065,0,0,4.03361740501,3.44108057372,0,0,1
legacy_r1,15.2,15.7152053677,10.0061227065,0,0,4.03361740501,3.44108057372,0,0,1
legacy_r1,15.225,15.7152053677,10.0061227065,0,0,4.03361740501,3.44108057372,0,0,1
legacy_r1,15.25,15.7152053677,10.0061227065,0,0,4.03361740501,3.44108057372,0,0,1
legacy_r1,15.275,15.7152053677,10.0061227065,0,0,4.03361740501,3.44108057372,0,0,1
legacy_r1,15.3,15.7152053677,10.0061227065,0,0,4.03361740501,3.44108057372,0,0,1
legacy_r1,15.325,15.7152053677,10.0061227065,0,0,4.03361740501,3.44108057372,0,0,1
legacy_r1,15.35,15.7152053677,10.0061227065,0,0,4.03361740501,3.44108057372,0,0,1
legacy_r1,15.375,15.7152053677,10.0061227065,0,0,4.03361740501,3.44108057372,0,0,1
legacy_r1,15.4,15.7152053677,10.0061227065,0,0,4.03361740501,3.44108057372,0,0,1
legacy_r1,15.425,15.7152053677,10.0061227065,0,0,4.03361740501,3.44108057372,0,0,1
legacy_r1,15.45,15.7152053677,10.0061227065,0,0,4.03361740501,3.44108057372,0,0,1
legacy_r1,15.475,15.7152053677,10.0061227065,0,0,4.03361740501,3.44108057372,0,0,1
legacy_r1,15.5,15.7152053677,10.0061227065,0,0,4.03361740501,3.44108057372,0,0,1
legacy_r1,15.525,15.7152053677,10.0061227065,0,0,4.03361740501,3.44108057372,0,0,1
legacy_r1,15.55,15.7152053677,10.0061227065,0,0,4.03361740501,3.44108057372,0,0,1
legacy_r1,15.575,15.7152053677,10.0061227065,0,0,4.03361740501,3.44108057372,0,0,1
legacy_r1,15.6,15.7152053677,10.0061227065,0,0,4.03361740501,3.44108057372,0,0,1
legacy_r1,15.625,15.7152053677,10.0061227065,0,0,4.03361740501,3.44108057372,0,0,1
legacy_r1,15.65,15.7152053677,10.0061227065,0,0,4.03361740501,3.44108057372,0,0,1
legacy_r1,15.675,15.7152053677,10.0061227065,0,0,4.03361740501,3.44108057372,0,0,1
legacy_r1,15.7,15.7152053677,10.0061227065,0,0,4.03361740501,3.44108057372,0,0,1
legacy_r1,15.725,15.7152053677,10.0061227065,0,0,4.03361740501,3.44108057372,0,0,1
legacy_r1,15.75,15.7152053677,10.0061227065,0,0,4.03361740501,3.44108057372,0,0,1
legacy_r1,15.775,15.7152053677,10.0061227065,0,0,4.03361740501,3.44108057372,0,0,1
legacy_r1,15.8,15.7152053677,10.0061227065,0,0,4.03361740501,3.44108057372,0,0,1
legacy_r1,15.825,15.7152053677,10.0061227065,0,0,4.03361740501,3.44108057372,0,0,1
legacy_r1,15.85,15.7152053677,10.0061227065,0,0,4.03361740501,3.44108057372,0,0,1
legacy_r1,15.875,15.7152053677,10.0061227065,0,0,4.03361740501,3.44108057372,0,0,1
legacy_r1,15.9,15.7152053677,10.0061227065,0,0,4.03361740501,3.44108057372,0,0,1
legacy_r1,15.925,15.7152053677,10.0061227065,0,0,4.03361740501,3.44108057372,0,0,1
legacy_r1,15.95,15.7152053677,10.0061227065,0,0,4.03361740501,3.44108057372,0,0,1
legacy_r1,15.975,15.7152053677,10.0061227065,0,0,4.03361740501,3.44108057372,0,0,1
legacy_r1,16,15.7152053677,10.0061227065,0,0,4.03361740501,3.44108057372,0,0,1
legacy_r1,16.025,15.7152053677,10.0061227065,0,0,4.03361740501,3.44108057372,0,0,1
legacy_r1,16.05,15.7152053677,10.0061227065,0,0,4.03361740501,3.44108057372,0,0,1
legacy_r1,16.075,15.7152053677,10.0061227065,0,0,4.03361740501,3.44108057372,0,0,1
legacy_r1,16.1,15.7152053677,10.0061227065,0,0,4.03361740501,3.44108057372,0,0,1
legacy_r1,16.125,15.7152053677,10.0061227065,0,0,4.03361740501,3.44108057372,0,0,1
legacy_r1,16.15,15.7152053677,10.0061227065,0,0,4.03361740501,3.44108057372,0,0,1
legacy_r1,16.175,15.7152053677,10.0061227065,0,0,4.03361740501,3.44108057372,0,0,1
legacy_r1,16.2,15.7152053677,10.0061227065,0,0,4.03361740501,3.44108057372,0,0,1
legacy_r1,16.225,15.7152053677,10.0061227065,0,0,4.03361740501,3.44108057372,0,0,1
legacy_r1,16.25,15.7152053677,10.0061227065,0,0,4.03361740501,3.44108057372,0,0,1
legacy_r1,16.275,15.7152053677,10.0061227065,0,0,4.03361740501,3.44108057372,0,0,1
legacy_r1,16.3,15.7152053677,10.0061227065,0,0,4.03361740501,3.44108057372,0,0,1
legacy_r1,16.325,15.7152053677,10.0061227065,0,0,4.03361740501,3.44108057372,0,0,1
legacy_r1,16.35,15.7152053677,10.0061227065,0,0,4.03361740501,3.44108057372,0,0,1
legacy_r1,16.375,15.7152053677,10.0061227065,0,0,4.03361740501,3.44108057372,0,0,1
legacy_r1,16.4,15.7152053677,10.0061227065,0,0,4.03361740501,3.44108057372,0,0,1
legacy_r1,16.425,15.7152053677,10.0061227065,0,0,4.03361740501,3.44108057372,0,0,1
legacy_r1,16.45,15.7152053677,10.0061227065,0,0,4.03361740501,3.44108057372,0,0,1
legacy_r1,16.475,15.7152053677,10.0061227065,0,0,4.03361740501,3.44108057372,0,0,1
legacy_r1,16.5,15.7152053677,10.0061227065,0,0,4.03361740501,3.44108057372,0,0,1
legacy_r1,16.525,15.7152053677,10.0061227065,0,0,4.03361740501,3.44108057372,0,0,1
legacy_r1,16.55,15.7152053677,10.0061227065,0,0,4.03361740501,3.44108057372,0,0,1
legacy_r1,16.575,15.7152053677,10.0061227065,0,0,4.03361740501,3.44108057372,0,0,1
legacy_r1,16.6,15.7152053677,10.0061227065,0,0,4.03361740501,3.44108057372,0,0,1
legacy_r1,16.625,15.7152053677,10.0061227065,0,0,4.03361740501,3.44108057372,0,0,1
legacy_r1,16.65,15.7152053677,10.0061227065,0,0,4.03361740501,3.44108057372,0,0,1
legacy_r1,16.675,15.7152053677,10.0061227065,0,0,4.03361740501,3.44108057372,0,0,1
legacy_r1,16.7,15.7152053677,10.0061227065,0,0,4.03361740501,3.44108057372,0,0,1
legacy_r1,16.725,15.7152053677,10.0061227065,0,0,4.03361740501,3.44108057372,0,0,1
legacy_r1,16.75,15.7152053677,10.0061227065,0,0,4.03361740501,3.44108057372,0,0,1
legacy_r1,16.775,15.7152053677,10.0061227065,0,0,4.03361740501,3.44108057372,0,0,1
legacy_r1,16.8,15.7152053677,10.0061227065,0,0,4.03361740501,3.44108057372,0,0,1
legacy_r1,16.825,15.7152053677,10.0061227065,0,0,4.03361740501,3.44108057372,0,0,1
legacy_r1,16.85,15.7152053677,10.0061227065,0,0,4.03361740501,3.44108057372,0,0,1
legacy_r1,16.875,15.7152053677,10.0061227065,0,0,4.03361740501,3.44108057372,0,0,1
legacy_r1,16.9,15.7152053677,10.0061227065,0,0,4.03361740501,3.44108057372,0,0,1
legacy_r1,16.925,15.7152053677,10.0061227065,0,0,4.03361740501,3.44108057372,0,0,1
legacy_r1,16.95,15.7152053677,10.0061227065,0,0,4.03361740501,3.44108057372,0,0,1
legacy_r1,16.975,15.7152053677,10.0061227065,0,0,4.03361740501,3.44108057372,0,0,1
legacy_r1,17,15.7152053677,10.0061227065,0,0,4.03361740501,3.44108057372,0,0,1
legacy_r1,17.025,15.7152053677,10.0061227065,0,0,4.03361740501,3.44108057372,0,0,1
legacy_r1,17.05,15.7152053677,10.0061227065,0,0,4.03361740501,3.44108057372,0,0,1
legacy_r1,17.075,15.7152053677,10.0061227065,0,0,4.03361740501,3.44108057372,0,0,1
legacy_r1,17.1,15.7152053677,10.0061227065,0,0,4.03361740501,3.44108057372,0,0,1
legacy_r1,17.125,15.7152053677,10.0061227065,0,0,4.03361740501,3.44108057372,0,0,1
legacy_r1,17.15,15.7152053677,10.0061227065,0,0,4.03361740501,3.44108057372,0,0,1
legacy_r1,17.175,15.7152053677,10.0061227065,0,0,4.03361740501,3.44108057372,0,0,1
legacy_r1,17.2,15.7152053677,10.0061227065,0,0,4.03361740501,3.44108057372,0,0,1
legacy_r1,17.225,15.7152053677,10.0061227065,0,0,4.03361740501,3.44108057372,0,0,1
legacy_r1,17.25,15.7152053677,10.0061227065,0,0,4.03361740501,3.44108057372,0,0,1
legacy_r1,17.275,15.7152053677,10.0061227065,0,0,4.03361740501,3.44108057372,0,0,1
legacy_r1,17.3,15.7152053677,10.0061227065,0,0,4.03361740501,3.44108057372,0,0,1
legacy_r1,17.325,15.7152053677,10.0061227065,0,0,4.03361740501,3.44108057372,0,0,1
legacy_r1,17.35,15.7152053677,10.0061227065,0,0,4.03361740501,3.44108057372,0,0,1
legacy_r1,17.375,15.7152053677,10.0061227065,0,0,4.03361740501,3.44108057372,0,0,1
legacy_r1,17.4,15.7152053677,10.0061227065,0,0,4.03361740501,3.44108057372,0,0,1
legacy_r1,17.425,15.7152053677,10.0061227065,0,0,4.03361740501,3.44108057372,0,0,1
legacy_r1,17.45,15.7152053677,10.0061227065,0,0,4.03361740501,3.44108057372,0,0,1
legacy_r1,17.475,15.7152053677,10.0061227065,0,0,4.03361740501,3.44108057372,0,0,1
legacy_r1,17.5,15.7152053677,10.0061227065,0,0,4.03361740501,3.44108057372,0,0,1
legacy_r1,17.525,15.7152053677,10.0061227065,0,0,4.03361740501,3.44108057372,0,0,1
legacy_r1,17.55,15.7152053677,10.0061227065,0,0,4.03361740501,3.44108057372,0,0,1
legacy_r1,17.575,15.7152053677,10.0061227065,0,0,4.03361740501,3.44108057372,0,0,1
legacy_r1,17.6,15.7152053677,10.0061227065,0,0,4.03361740501,3.44108057372,0,0,1
legacy_r1,17.625,15.7152053677,10.0061227065,0,0,4.03361740501,3.44108057372,0,0,1
legacy_r1,17.65,15.7152053677,10.0061227065,0,0,4.03361740501,3.44108057372,0,0,1
legacy_r1,17.675,15.7152053677,10.0061227065,0,0,4.03361740501,3.44108057372,0,0,1
legacy_r1,17.7,15.7152053677,10.0061227065,0,0,4.03361740501,3.44108057372,0,0,1
legacy_r1,17.725,15.7152053677,10.0061227065,0,0,4.03361740501,3.44108057372,0,0,1
legacy_r1,17.75,15.7152053677,10.0061227065,0,0,4.03361740501,3.44108057372,0,0,1
legacy_r1,17.775,15.7152053677,10.0061227065,0,0,4.03361740501,3.44108057372,0,0,1
legacy_r1,17.8,15.7152053677,10.0061227065,0,0,4.03361740501,3.44108057372,0,0,1
legacy_r1,17.825,15.7152053677,10.0061227065,0,0,4.03361740501,3.44108057372,0,0,1
legacy_r1,17.85,15.7152053677,10.0061227065,0,0,4.03361740501,3.44108057372,0,0,1
legacy_r1,17.875,15.7152053677,10.0061227065,0,0,4.03361740501,3.44108057372,0,0,1
legacy_r1,17.9,15.7152053677,10.0061227065,0,0,4.03361740501,3.44108057372,0,0,1
legacy_r1,17.925,15.7152053677,10.0061227065,0,0,4.03361740501,3.44108057372,0,0,1
legacy_r1,17.95,15.7152053677,10.0061227065,0,0,4.03361740501,3.44108057372,0,0,1
legacy_r1,17.975,15.7152053677,10.0061227065,0,0,4.03361740501,3.44108057372,0,0,1
legacy_r1,18,15.7152053677,10.0061227065,0,0,4.03361740501,3.44108057372,0,0,1
legacy_r1,18.025,15.7152053677,10.0061227065,0,0,4.03361740501,3.44108057372,0,0,1
legacy_r1,18.05,15.7152053677,10.0061227065,0,0,4.03361740501,3.44108057372,0,0,1
legacy_r1,18.075,15.7152053677,10.0061227065,0,0,4.03361740501,3.44108057372,0,0,1
legacy_r1,18.1,15.7152053677,10.0061227065,0,0,4.03361740501,3.44108057372,0,0,1
legacy_r1,18.125,15.7152053677,10.0061227065,0,0,4.03361740501,3.44108057372,0,0,1
legacy_r1,18.15,15.7152053677,10.0061227065,0,0,4.03361740501,3.44108057372,0,0,1
legacy_r1,18.175,15.7152053677,10.0061227065,0,0,4.03361740501,3.44108057372,0,0,1
legacy_r1,18.2,15.7152053677,10.0061227065,0,0,4.03361740501,3.44108057372,0,0,1
legacy_r1,18.225,15.7152053677,10.0061227065,0,0,4.03361740501,3.44108057372,0,0,1
legacy_r1,18.25,15.7152053677,10.0061227065,0,0,4.03361740501,3.44108057372,0,0,1
legacy_r1,18.275,15.7152053677,10.0061227065,0,0,4.03361740501,3.44108057372,0,0,1
legacy_r1,18.3,15.7152053677,10.0061227065,0,0,4.03361740501,3.44108057372,0,0,1
legacy_r1,18.325,15.7152053677,10.0061227065,0,0,4.03361740501,3.44108057372,0,0,1
legacy_r1,18.35,15.7152053677,10.0061227065,0,0,4.03361740501,3.44108057372,0,0,1
legacy_r1,18.375,15.7152053677,10.0061227065,0,0,4.03361740501,3.44108057372,0,0,1
legacy_r1,18.4,15.7152053677,10.0061227065,0,0,4.03361740501,3.44108057372,0,0,1
legacy_r1,18.425,15.7152053677,10.0061227065,0,0,4.03361740501,3.44108057372,0,0,1
legacy_r1,18.45,15.7152053677,10.0061227065,0,0,4.03361740501,3.44108057372,0,0,1
legacy_r1,18.475,15.7152053677,10.0061227065,0,0,4.03361740501,3.44108057372,0,0,1
legacy_r1,18.5,15.7152053677,10.0061227065,0,0,4.03361740501,3.44108057372,0,0,1
legacy_r1,18.525,15.7152053677,10.0061227065,0,0,4.03361740501,3.44108057372,0,0,1
legacy_r1,18.55,15.7152053677,10.0061227065,0,0,4.03361740501,3.44108057372,0,0,1
legacy_r1,18.575,15.7152053677,10.0061227065,0,0,4.03361740501,3.44108057372,0,0,1
legacy_r1,18.6,15.7152053677,10.0061227065,0,0,4.03361740501,3.44108057372,0,0,1
legacy_r1,18.625,15.7152053677,10.0061227065,0,0,4.03361740501,3.44108057372,0,0,1
legacy_r1,18.65,15.7152053677,10.0061227065,0,0,4.03361740501,3.44108057372,0,0,1
legacy_r1,18.675,15.7152053677,10.0061227065,0,0,4.03361740501,3.44108057372,0,0,1
legacy_r1,18.7,15.7152053677,10.0061227065,0,0,4.03361740501,3.44108057372,0,0,1
legacy_r1,18.725,15.7152053677,10.0061227065,0,0,4.03361740501,3.44108057372,0,0,1
legacy_r1,18.75,15.7152053677,10.0061227065,0,0,4.03361740501,3.44108057372,0,0,1
legacy_r1,18.775,15.7152053677,10.0061227065,0,0,4.03361740501,3.44108057372,0,0,1
legacy_r1,18.8,15.7152053677,10.0061227065,0,0,4.03361740501,3.44108057372,0,0,1
legacy_r1,18.825,15.7152053677,10.0061227065,0,0,4.03361740501,3.44108057372,0,0,1
legacy_r1,18.85,15.7152053677,10.0061227065,0,0,4.03361740501,3.44108057372,0,0,1
legacy_r1,18.875,15.7152053677,10.0061227065,0,0,4.03361740501,3.44108057372,0,0,1
legacy_r1,18.9,15.7152053677,10.0061227065,0,0,4.03361740501,3.44108057372,0,0,1
legacy_r1,18.925,15.7152053677,10.0061227065,0,0,4.03361740501,3.44108057372,0,0,1
legacy_r1,18.95,15.7152053677,10.0061227065,0,0,4.03361740501,3.44108057372,0,0,1
legacy_r1,18.975,15.7152053677,10.0061227065,0,0,4.03361740501,3.44108057372,0,0,1
legacy_r1,19,15.7152053677,10.0061227065,0,0,4.03361740501,3.44108057372,0,0,1
legacy_r1,19.025,15.7152053677,10.0061227065,0,0,4.03361740501,3.44108057372,0,0,1
legacy_r1,19.05,15.7152053677,10.0061227065,0,0,4.03361740501,3.44108057372,0,0,1
legacy_r1,19.075,15.7152053677,10.0061227065,0,0,4.03361740501,3.44108057372,0,0,1
legacy_r1,19.1,15.7152053677,10.0061227065,0,0,4.03361740501,3.44108057372,0,0,1
legacy_r1,19.125,15.7152053677,10.0061227065,0,0,4.03361740501,3.44108057372,0,0,1
legacy_r1,19.15,15.7152053677,10.0061227065,0,0,4.03361740501,3.44108057372,0,0,1
legacy_r1,19.175,15.7152053677,10.0061227065,0,0,4.03361740501,3.44108057372,0,0,1
legacy_r1,19.2,15.7152053677,10.0061227065,0,0,4.03361740501,3.44108057372,0,0,1
legacy_r1,19.225,15.7152053677,10.0061227065,0,0,4.03361740501,3.44108057372,0,0,1
legacy_r1,19.25,15.7152053677,10.0061227065,0,0,4.03361740501,3.44108057372,0,0,1
legacy_r1,19.275,15.7152053677,10.0061227065,0,0,4.03361740501,3.44108057372,0,0,1
legacy_r1,19.3,15.7152053677,10.0061227065,0,0,4.03361740501,3.44108057372,0,0,1
legacy_r1,19.325,15.7152053677,10.0061227065,0,0,4.03361740501,3.44108057372,0,0,1
legacy_r1,19.35,15.7152053677,10.0061227065,0,0,4.03361740501,3.44108057372,0,0,1
legacy_r1,19.375,15.7152053677,10.0061227065,0,0,4.03361740501,3.44108057372,0,0,1
legacy_r1,19.4,15.7152053677,10.0061227065,0,0,4.03361740501,3.44108057372,0,0,1
legacy_r1,19.425,15.7152053677,10.0061227065,0,0,4.03361740501,3.44108057372,0,0,1
legacy_r1,19.45,15.7152053677,10.0061227065,0,0,4.03361740501,3.44108057372,0,0,1
legacy_r1,19.475,15.7152053677,10.0061227065,0,0,4.03361740501,3.44108057372,0,0,1
legacy_r1,19.5,15.7152053677,10.0061227065,0,0,4.03361740501,3.44108057372,0,0,1
legacy_r1,19.525,15.7152053677,10.0061227065,0,0,4.03361740501,3.44108057372,0,0,1
legacy_r1,19.55,15.7152053677,10.0061227065,0,0,4.03361740501,3.44108057372,0,0,1
legacy_r1,19.575,15.7152053677,10.0061227065,0,0,4.03361740501,3.44108057372,0,0,1
legacy_r1,19.6,15.7152053677,10.0061227065,0,0,4.03361740501,3.44108057372,0,0,1
legacy_r1,19.625,15.7152053677,10.0061227065,0,0,4.03361740501,3.44108057372,0,0,1
legacy_r1,19.65,15.7152053677,10.0061227065,0,0,4.03361740501,3.44108057372,0,0,1
legacy_r1,19.675,15.7152053677,10.0061227065,0,0,4.03361740501,3.44108057372,0,0,1
legacy_r1,19.7,15.7152053677,10.0061227065,0,0,4.03361740501,3.44108057372,0,0,1
legacy_r1,19.725,15.7152053677,10.0061227065,0,0,4.03361740501,3.44108057372,0,0,1
legacy_r1,19.75,15.7152053677,10.0061227065,0,0,4.03361740501,3.44108057372,0,0,1
legacy_r1,19.775,15.7152053677,10.0061227065,0,0,4.03361740501,3.44108057372,0,0,1
legacy_r1,19.8,15.7152053677,10.0061227065,0,0,4.03361740501,3.44108057372,0,0,1
legacy_r1,19.825,15.7152053677,10.0061227065,0,0,4.03361740501,3.44108057372,0,0,1
legacy_r1,19.85,15.7152053677,10.0061227065,0,0,4.03361740501,3.44108057372,0,0,1
legacy_r1,19.875,15.7152053677,10.0061227065,0,0,4.03361740501,3.44108057372,0,0,1
legacy_r1,19.9,15.7152053677,10.0061227065,0,0,4.03361740501,3.44108057372,0,0,1
legacy_r1,19.925,15.7152053677,10.0061227065,0,0,4.03361740501,3.44108057372,0,0,1
legacy_r1,19.95,15.7152053677,10.0061227065,0,0,4.03361740501,3.44108057372,0,0,1
legacy_r1,19.975,15.7152053677,10.0061227065,0,0,4.03361740501,3.44108057372,0,0,1
legacy_r1,20,15.7152053677,10.0061227065,0,0,4.03361740501,3.44108057372,0,0,1
legacy_r1,20.025,15.7152053677,10.0061227065,0,0,4.03361740501,3.44108057372,0,0,1
legacy_r1,20.05,15.7152053677,10.0061227065,0,0,4.03361740501,3.44108057372,0,0,1
legacy_r1,20.075,15.7152053677,10.0061227065,0,0,4.03361740501,3.44108057372,0,0,1
legacy_r1,20.1,15.7152053677,10.0061227065,0,0,4.03361740501,3.44108057372,0,0,1
legacy_r1,20.125,15.7152053677,10.0061227065,0,0,4.03361740501,3.44108057372,0,0,1
legacy_r1,20.15,15.7152053677,10.0061227065,0,0,4.03361740501,3.44108057372,0,0,1
legacy_r1,20.175,15.7152053677,10.0061227065,0,0,4.03361740501,3.44108057372,0,0,1
legacy_r1,20.2,15.7152053677,10.0061227065,0,0,4.03361740501,3.44108057372,0,0,1
legacy_r1,20.225,15.7152053677,10.0061227065,0,0,4.03361740501,3.44108057372,0,0,1
legacy_r1,20.25,15.7152053677,10.0061227065,0,0,4.03361740501,3.44108057372,0,0,1
legacy_r1,20.275,15.7152053677,10.0061227065,0,0,4.03361740501,3.44108057372,0,0,1
legacy_r1,20.3,15.7152053677,10.0061227065,0,0,4.03361740501,3.44108057372,0,0,1
legacy_r1,20.325,15.7152053677,10.0061227065,0,0,4.03361740501,3.44108057372,0,0,1
legacy_r1,20.35,15.7152053677,10.0061227065,0,0,4.03361740501,3.44108057372,0,0,1
legacy_r1,20.375,15.7152053677,10.0061227065,0,0,4.03361740501,3.44108057372,0,0,1
legacy_r1,20.4,15.7152053677,10.0061227065,0,0,4.03361740501,3.44108057372,0,0,1
legacy_r1,20.425,15.7152053677,10.0061227065,0,0,4.03361740501,3.44108057372,0,0,1
legacy_r1,20.45,15.7152053677,10.0061227065,0,0,4.03361740501,3.44108057372,0,0,1
legacy_r1,20.475,15.7152053677,10.0061227065,0,0,4.03361740501,3.44108057372,0,0,1
legacy_r1,20.5,15.7152053677,10.0061227065,0,0,4.03361740501,3.44108057372,0,0,1
legacy_r1,20.525,15.7152053677,10.0061227065,0,0,4.03361740501,3.44108057372,0,0,1
legacy_r1,20.55,15.7152053677,10.0061227065,0,0,4.03361740501,3.44108057372,0,0,1
legacy_r1,20.575,15.7152053677,10.0061227065,0,0,4.03361740501,3.44108057372,0,0,1
legacy_r1,20.6,15.7152053677,10.0061227065,0,0,4.03361740501,3.44108057372,0,0,1
legacy_r1,20.625,15.7152053677,10.0061227065,0,0,4.03361740501,3.44108057372,0,0,1
legacy_r1,20.65,15.7152053677,10.0061227065,0,0,4.03361740501,3.44108057372,0,0,1
legacy_r1,20.675,15.7152053677,10.0061227065,0,0,4.03361740501,3.44108057372,0,0,1
legacy_r1,20.7,15.7152053677,10.0061227065,0,0,4.03361740501,3.44108057372,0,0,1
legacy_r1,20.725,15.7152053677,10.0061227065,0,0,4.03361740501,3.44108057372,0,0,1
legacy_r1,20.75,15.7152053677,10.0061227065,0,0,4.03361740501,3.44108057372,0,0,1
legacy_r1,20.775,15.7152053677,10.0061227065,0,0,4.03361740501,3.44108057372,0,0,1
legacy_r1,20.8,15.7152053677,10.0061227065,0,0,4.03361740501,3.44108057372,0,0,1
legacy_r1,20.825,15.7152053677,10.0061227065,0,0,4.03361740501,3.44108057372,0,0,1
legacy_r1,20.85,15.7152053677,10.0061227065,0,0,4.03361740501,3.44108057372,0,0,1
legacy_r1,20.875,15.7152053677,10.0061227065,0,0,4.03361740501,3.44108057372,0,0,1
legacy_r1,20.9,15.7152053677,10.0061227065,0,0,4.03361740501,3.44108057372,0,0,1
legacy_r1,20.925,15.7152053677,10.0061227065,0,0,4.03361740501,3.44108057372,0,0,1
legacy_r1,20.95,15.7152053677,10.0061227065,0,0,4.03361740501,3.44108057372,0,0,1
legacy_r1,20.975,15.7152053677,10.0061227065,0,0,4.03361740501,3.44108057372,0,0,1
legacy_r1,21,15.7152053677,10.0061227065,0,0,4.03361740501,3.44108057372,0,0,1
legacy_r1,21.025,15.7152053677,10.0061227065,0,0,4.03361740501,3.44108057372,0,0,1
legacy_r1,21.05,15.7152053677,10.0061227065,0,0,4.03361740501,3.44108057372,0,0,1
legacy_r1,21.075,15.7152053677,10.0061227065,0,0,4.03361740501,3.44108057372,0,0,1
legacy_r1,21.1,15.7152053677,10.0061227065,0,0,4.03361740501,3.44108057372,0,0,1
legacy_r1,21.125,15.7152053677,10.0061227065,0,0,4.03361740501,3.44108057372,0,0,1
legacy_r1,21.15,15.7152053677,10.0061227065,0,0,4.03361740501,3.44108057372,0,0,1
legacy_r1,21.175,15.7152053677,10.0061227065,0,0,4.03361740501,3.44108057372,0,0,1
legacy_r1,21.2,15.7152053677,10.0061227065,0,0,4.03361740501,3.44108057372,0,0,1
legacy_r1,21.225,15.7152053677,10.0061227065,0,0,4.03361740501,3.44108057372,0,0,1
legacy_r1,21.25,15.7152053677,10.0061227065,0,0,4.03361740501,3.44108057372,0,0,1
legacy_r1,21.275,15.7152053677,10.0061227065,0,0,4.03361740501,3.44108057372,0,0,1
legacy_r1,21.3,15.7152053677,10.0061227065,0,0,4.03361740501,3.44108057372,0,0,1
legacy_r1,21.325,15.7152053677,10.0061227065,0,0,4.03361740501,3.44108057372,0,0,1
legacy_r1,21.35,15.7152053677,10.0061227065,0,0,4.03361740501,3.44108057372,0,0,1
legacy_r1,21.375,15.7152053677,10.0061227065,0,0,4.03361740501,3.44108057372,0,0,1
legacy_r1,21.4,15.7152053677,10.0061227065,0,0,4.03361740501,3.44108057372,0,0,1
legacy_r1,21.425,15.7152053677,10.0061227065,0,0,4.03361740501,3.44108057372,0,0,1
legacy_r1,21.45,15.7152053677,10.0061227065,0,0,4.03361740501,3.44108057372,0,0,1
legacy_r1,21.475,15.7152053677,10.0061227065,0,0,4.03361740501,3.44108057372,0,0,1
legacy_r1,21.5,15.7152053677,10.0061227065,0,0,4.03361740501,3.44108057372,0,0,1
legacy_r1,21.525,15.7152053677,10.0061227065,0,0,4.03361740501,3.44108057372,0,0,1
legacy_r1,21.55,15.7152053677,10.0061227065,0,0,4.03361740501,3.44108057372,0,0,1
legacy_r1,21.575,15.7152053677,10.0061227065,0,0,4.03361740501,3.44108057372,0,0,1
legacy_r1,21.6,15.7152053677,10.0061227065,0,0,4.03361740501,3.44108057372,0,0,1
legacy_r1,21.625,15.7152053677,10.0061227065,0,0,4.03361740501,3.44108057372,0,0,1
legacy_r1,21.65,15.7152053677,10.0061227065,0,0,4.03361740501,3.44108057372,0,0,1
legacy_r1,21.675,15.7152053677,10.0061227065,0,0,4.03361740501,3.44108057372,0,0,1
legacy_r1,21.7,15.7152053677,10.0061227065,0,0,4.03361740501,3.44108057372,0,0,1
legacy_r1,21.725,15.7152053677,10.0061227065,0,0,4.03361740501,3.44108057372,0,0,1
legacy_r1,21.75,15.7152053677,10.0061227065,0,0,4.03361740501,3.44108057372,0,0,1
legacy_r1,21.775,15.7152053677,10.0061227065,0,0,4.03361740501,3.44108057372,0,0,1
legacy_r1,21.8,15.7152053677,10.0061227065,0,0,4.03361740501,3.44108057372,0,0,1
legacy_r1,21.825,15.7152053677,10.0061227065,0,0,4.03361740501,3.44108057372,0,0,1
legacy_r1,21.85,15.7152053677,10.0061227065,0,0,4.03361740501,3.44108057372,0,0,1
legacy_r1,21.875,15.7152053677,10.0061227065,0,0,4.03361740501,3.44108057372,0,0,1
legacy_r1,21.9,15.7152053677,10.0061227065,0,0,4.03361740501,3.44108057372,0,0,1
legacy_r1,21.925,15.7152053677,10.0061227065,0,0,4.03361740501,3.44108057372,0,0,1
legacy_r1,21.95,15.7152053677,10.0061227065,0,0,4.03361740501,3.44108057372,0,0,1
legacy_r1,21.975,15.7152053677,10.0061227065,0,0,4.03361740501,3.44108057372,0,0,1
legacy_r1,22,15.7152053677,10.0061227065,0,0,4.03361740501,3.44108057372,0,0,1
legacy_r1,22.025,15.7152053677,10.0061227065,0,0,4.03361740501,3.44108057372,0,0,1
legacy_r1,22.05,15.7152053677,10.0061227065,0,0,4.03361740501,3.44108057372,0,0,1
legacy_r1,22.075,15.7152053677,10.0061227065,0,0,4.03361740501,3.44108057372,0,0,1
legacy_r1,22.1,15.7152053677,10.0061227065,0,0,4.03361740501,3.44108057372,0,0,1
legacy_r1,22.125,15.7152053677,10.0061227065,0,0,4.03361740501,3.44108057372,0,0,1
legacy_r1,22.15,15.7152053677,10.0061227065,0,0,4.03361740501,3.44108057372,0,0,1
legacy_r1,22.175,15.7152053677,10.0061227065,0,0,4.03361740501,3.44108057372,0,0,1
legacy_r1,22.2,15.7152053677,10.0061227065,0,0,4.03361740501,3.44108057372,0,0,1
legacy_r1,22.225,15.7152053677,10.0061227065,0,0,4.03361740501,3.44108057372,0,0,1
legacy_r1,22.25,15.7152053677,10.0061227065,0,0,4.03361740501,3.44108057372,0,0,1
legacy_r1,22.275,15.7152053677,10.0061227065,0,0,4.03361740501,3.44108057372,0,0,1
legacy_r1,22.3,15.7152053677,10.0061227065,0,0,4.03361740501,3.44108057372,0,0,1
legacy_r1,22.325,15.7152053677,10.0061227065,0,0,4.03361740501,3.44108057372,0,0,1
legacy_r1,22.35,15.7152053677,10.0061227065,0,0,4.03361740501,3.44108057372,0,0,1
legacy_r1,22.375,15.7152053677,10.0061227065,0,0,4.03361740501,3.44108057372,0,0,1
legacy_r1,22.4,15.7152053677,10.0061227065,0,0,4.03361740501,3.44108057372,0,0,1
legacy_r1,22.425,15.7152053677,10.0061227065,0,0,4.03361740501,3.44108057372,0,0,1
legacy_r1,22.45,15.7152053677,10.0061227065,0,0,4.03361740501,3.44108057372,0,0,1
legacy_r1,22.475,15.7152053677,10.0061227065,0,0,4.03361740501,3.44108057372,0,0,1
legacy_r1,22.5,15.7152053677,10.0061227065,0,0,4.03361740501,3.44108057372,0,0,1
legacy_r1,22.525,15.7152053677,10.0061227065,0,0,4.03361740501,3.44108057372,0,0,1
legacy_r1,22.55,15.7152053677,10.0061227065,0,0,4.03361740501,3.44108057372,0,0,1
legacy_r1,22.575,15.7152053677,10.0061227065,0,0,4.03361740501,3.44108057372,0,0,1
legacy_r1,22.6,15.7152053677,10.0061227065,0,0,4.03361740501,3.44108057372,0,0,1
legacy_r1,22.625,15.7152053677,10.0061227065,0,0,4.03361740501,3.44108057372,0,0,1
legacy_r1,22.65,15.7152053677,10.0061227065,0,0,4.03361740501,3.44108057372,0,0,1
legacy_r1,22.675,15.7152053677,10.0061227065,0,0,4.03361740501,3.44108057372,0,0,1
legacy_r1,22.7,15.7152053677,10.0061227065,0,0,4.03361740501,3.44108057372,0,0,1
legacy_r1,22.725,15.7152053677,10.0061227065,0,0,4.03361740501,3.44108057372,0,0,1
legacy_r1,22.75,15.7152053677,10.0061227065,0,0,4.03361740501,3.44108057372,0,0,1
legacy_r1,22.775,15.7152053677,10.0061227065,0,0,4.03361740501,3.44108057372,0,0,1
legacy_r1,22.8,15.7152053677,10.0061227065,0,0,4.03361740501,3.44108057372,0,0,1
legacy_r1,22.825,15.7152053677,10.0061227065,0,0,4.03361740501,3.44108057372,0,0,1
legacy_r1,22.85,15.7152053677,10.0061227065,0,0,4.03361740501,3.44108057372,0,0,1
legacy_r1,22.875,15.7152053677,10.0061227065,0,0,4.03361740501,3.44108057372,0,0,1
legacy_r1,22.9,15.7152053677,10.0061227065,0,0,4.03361740501,3.44108057372,0,0,1
legacy_r1,22.925,15.7152053677,10.0061227065,0,0,4.03361740501,3.44108057372,0,0,1
legacy_r1,22.95,15.7152053677,10.0061227065,0,0,4.03361740501,3.44108057372,0,0,1
legacy_r1,22.975,15.7152053677,10.0061227065,0,0,4.03361740501,3.44108057372,0,0,1
legacy_r1,23,15.7152053677,10.0061227065,0,0,4.03361740501,3.44108057372,0,0,1
legacy_r1,23.025,15.7152053677,10.0061227065,0,0,4.03361740501,3.44108057372,0,0,1
legacy_r1,23.05,15.7152053677,10.0061227065,0,0,4.03361740501,3.44108057372,0,0,1
legacy_r1,23.075,15.7152053677,10.0061227065,0,0,4.03361740501,3.44108057372,0,0,1
legacy_r1,23.1,15.7152053677,10.0061227065,0,0,4.03361740501,3.44108057372,0,0,1
legacy_r1,23.125,15.7152053677,10.0061227065,0,0,4.03361740501,3.44108057372,0,0,1
legacy_r1,23.15,15.7152053677,10.0061227065,0,0,4.03361740501,3.44108057372,0,0,1
legacy_r1,23.175,15.7152053677,10.0061227065,0,0,4.03361740501,3.44108057372,0,0,1
legacy_r1,23.2,15.7152053677,10.0061227065,0,0,4.03361740501,3.44108057372,0,0,1
legacy_r1,23.225,15.7152053677,10.0061227065,0,0,4.03361740501,3.44108057372,0,0,1
legacy_r1,23.25,15.7152053677,10.0061227065,0,0,4.03361740501,3.44108057372,0,0,1
legacy_r1,23.275,15.7152053677,10.0061227065,0,0,4.03361740501,3.44108057372,0,0,1
legacy_r1,23.3,15.7152053677,10.0061227065,0,0,4.03361740501,3.44108057372,0,0,1
legacy_r1,23.325,15.7152053677,10.0061227065,0,0,4.03361740501,3.44108057372,0,0,1
legacy_r1,23.35,15.7152053677,10.0061227065,0,0,4.03361740501,3.44108057372,0,0,1
legacy_r1,23.375,15.7152053677,10.0061227065,0,0,4.03361740501,3.44108057372,0,0,1
legacy_r1,23.4,15.7152053677,10.0061227065,0,0,4.03361740501,3.44108057372,0,0,1
legacy_r1,23.425,15.7152053677,10.0061227065,0,0,4.03361740501,3.44108057372,0,0,1
legacy_r1,23.45,15.7152053677,10.0061227065,0,0,4.03361740501,3.44108057372,0,0,1
legacy_r1,23.475,15.7152053677,10.0061227065,0,0,4.03361740501,3.44108057372,0,0,1
legacy_r1,23.5,15.7152053677,10.0061227065,0,0,4.03361740501,3.44108057372,0,0,1
legacy_r1,23.525,15.7152053677,10.0061227065,0,0,4.03361740501,3.44108057372,0,0,1
legacy_r1,23.55,15.7152053677,10.0061227065,0,0,4.03361740501,3.44108057372,0,0,1
legacy_r1,23.575,15.7152053677,10.0061227065,0,0,4.03361740501,3.44108057372,0,0,1
legacy_r1,23.6,15.7152053677,10.0061227065,0,0,4.03361740501,3.44108057372,0,0,1
legacy_r1,23.625,15.7152053677,10.0061227065,0,0,4.03361740501,3.44108057372,0,0,1
legacy_r1,23.65,15.7152053677,10.0061227065,0,0,4.03361740501,3.44108057372,0,0,1
legacy_r1,23.675,15.7152053677,10.0061227065,0,0,4.03361740501,3.44108057372,0,0,1
legacy_r1,23.7,15.7152053677,10.0061227065,0,0,4.03361740501,3.44108057372,0,0,1
legacy_r1,23.725,15.7152053677,10.0061227065,0,0,4.03361740501,3.44108057372,0,0,1
legacy_r1,23.75,15.7152053677,10.0061227065,0,0,4.03361740501,3.44108057372,0,0,1
legacy_r1,23.775,15.7152053677,10.0061227065,0,0,4.03361740501,3.44108057372,0,0,1
legacy_r1,23.8,15.7152053677,10.0061227065,0,0,4.03361740501,3.44108057372,0,0,1
legacy_r1,23.825,15.7152053677,10.0061227065,0,0,4.03361740501,3.44108057372,0,0,1
legacy_r1,23.85,15.7152053677,10.0061227065,0,0,4.03361740501,3.44108057372,0,0,1
legacy_r1,23.875,15.7152053677,10.0061227065,0,0,4.03361740501,3.44108057372,0,0,1
legacy_r1,23.9,15.7152053677,10.0061227065,0,0,4.03361740501,3.44108057372,0,0,1
legacy_r1,23.925,15.7152053677,10.0061227065,0,0,4.03361740501,3.44108057372,0,0,1
legacy_r1,23.95,15.7152053677,10.0061227065,0,0,4.03361740501,3.44108057372,0,0,1
legacy_r1,23.975,15.7152053677,10.0061227065,0,0,4.03361740501,3.44108057372,0,0,1
legacy_r1,24,15.7152053677,10.0061227065,0,0,4.03361740501,3.44108057372,0,0,1
legacy_r1,24.025,15.7152053677,10.0061227065,0,0,4.03361740501,3.44108057372,0,0,1
legacy_r1,24.05,15.7152053677,10.0061227065,0,0,4.03361740501,3.44108057372,0,0,1
legacy_r1,24.075,15.7152053677,10.0061227065,0,0,4.03361740501,3.44108057372,0,0,1
legacy_r1,24.1,15.7152053677,10.0061227065,0,0,4.03361740501,3.44108057372,0,0,1
legacy_r1,24.125,15.7152053677,10.0061227065,0,0,4.03361740501,3.44108057372,0,0,1
legacy_r1,24.15,15.7152053677,10.0061227065,0,0,4.03361740501,3.44108057372,0,0,1
legacy_r1,24.175,15.7152053677,10.0061227065,0,0,4.03361740501,3.44108057372,0,0,1
legacy_r1,24.2,15.7152053677,10.0061227065,0,0,4.03361740501,3.44108057372,0,0,1
legacy_r1,24.225,15.7152053677,10.0061227065,0,0,4.03361740501,3.44108057372,0,0,1
legacy_r1,24.25,15.7152053677,10.0061227065,0,0,4.03361740501,3.44108057372,0,0,1
legacy_r1,24.275,15.7152053677,10.0061227065,0,0,4.03361740501,3.44108057372,0,0,1
legacy_r1,24.3,15.7152053677,10.0061227065,0,0,4.03361740501,3.44108057372,0,0,1
legacy_r1,24.325,15.7152053677,10.0061227065,0,0,4.03361740501,3.44108057372,0,0,1
legacy_r1,24.35,15.7152053677,10.0061227065,0,0,4.03361740501,3.44108057372,0,0,1
legacy_r1,24.375,15.7152053677,10.0061227065,0,0,4.03361740501,3.44108057372,0,0,1
legacy_r1,24.4,15.7152053677,10.0061227065,0,0,4.03361740501,3.44108057372,0,0,1
legacy_r1,24.425,15.7152053677,10.0061227065,0,0,4.03361740501,3.44108057372,0,0,1
legacy_r1,24.45,15.7152053677,10.0061227065,0,0,4.03361740501,3.44108057372,0,0,1
legacy_r1,24.475,15.7152053677,10.0061227065,0,0,4.03361740501,3.44108057372,0,0,1
legacy_r1,24.5,15.7152053677,10.0061227065,0,0,4.03361740501,3.44108057372,0,0,1
legacy_r1,24.525,15.7152053677,10.0061227065,0,0,4.03361740501,3.44108057372,0,0,1
legacy_r1,24.55,15.7152053677,10.0061227065,0,0,4.03361740501,3.44108057372,0,0,1
legacy_r1,24.575,15.7152053677,10.0061227065,0,0,4.03361740501,3.44108057372,0,0,1
legacy_r1,24.6,15.7152053677,10.0061227065,0,0,4.03361740501,3.44108057372,0,0,1
legacy_r1,24.625,15.7152053677,10.0061227065,0,0,4.03361740501,3.44108057372,0,0,1
legacy_r1,24.65,15.7152053677,10.0061227065,0,0,4.03361740501,3.44108057372,0,0,1
legacy_r1,24.675,15.7152053677,10.0061227065,0,0,4.03361740501,3.44108057372,0,0,1
legacy_r1,24.7,15.7152053677,10.0061227065,0,0,4.03361740501,3.44108057372,0,0,1
legacy_r1,24.725,15.7152053677,10.0061227065,0,0,4.03361740501,3.44108057372,0,0,1
legacy_r1,24.75,15.7152053677,10.0061227065,0,0,4.03361740501,3.44108057372,0,0,1
legacy_r1,24.775,15.7152053677,10.0061227065,0,0,4.03361740501,3.44108057372,0,0,1
legacy_r1,24.8,15.7152053677,10.0061227065,0,0,4.03361740501,3.44108057372,0,0,1
legacy_r1,24.825,15.7152053677,10.0061227065,0,0,4.03361740501,3.44108057372,0,0,1
legacy_r1,24.85,15.7152053677,10.0061227065,0,0,4.03361740501,3.44108057372,0,0,1
legacy_r1,24.875,15.7152053677,10.0061227065,0,0,4.03361740501,3.44108057372,0,0,1
legacy_r1,24.9,15.7152053677,10.0061227065,0,0,4.03361740501,3.44108057372,0,0,1
legacy_r1,24.925,15.7152053677,10.0061227065,0,0,4.03361740501,3.44108057372,0,0,1
legacy_r1,24.95,15.7152053677,10.0061227065,0,0,4.03361740501,3.44108057372,0,0,1
legacy_r1,24.975,15.7152053677,10.0061227065,0,0,4.03361740501,3.44108057372,0,0,1
legacy_r1,25,15.7152053677,10.0061227065,0,0,4.03361740501,3.44108057372,0,0,1
legacy_r1,25.025,15.7152053677,10.0061227065,0,0,4.03361740501,3.44108057372,0,0,1
legacy_r1,25.05,15.7152053677,10.0061227065,0,0,4.03361740501,3.44108057372,0,0,1
legacy_r1,25.075,15.7152053677,10.0061227065,0,0,4.03361740501,3.44108057372,0,0,1
legacy_r1,25.1,15.7152053677,10.0061227065,0,0,4.03361740501,3.44108057372,0,0,1
legacy_r1,25.125,15.7152053677,10.0061227065,0,0,4.03361740501,3.44108057372,0,0,1
legacy_r1,25.15,15.7152053677,10.0061227065,0,0,4.03361740501,3.44108057372,0,0,1
legacy_r1,25.175,15.7152053677,10.0061227065,0,0,4.03361740501,3.44108057372,0,0,1
legacy_r1,25.2,15.7152053677,10.0061227065,0,0,4.03361740501,3.44108057372,0,0,1
legacy_r1,25.225,15.7152053677,10.0061227065,0,0,4.03361740501,3.44108057372,0,0,1
legacy_r1,25.25,15.7152053677,10.0061227065,0,0,4.03361740501,3.44108057372,0,0,1
legacy_r1,25.275,15.7152053677,10.0061227065,0,0,4.03361740501,3.44108057372,0,0,1
legacy_r1,25.3,15.7152053677,10.0061227065,0,0,4.03361740501,3.44108057372,0,0,1
legacy_r1,25.325,15.7152053677,10.0061227065,0,0,4.03361740501,3.44108057372,0,0,1
legacy_r1,25.35,15.7152053677,10.0061227065,0,0,4.03361740501,3.44108057372,0,0,1
legacy_r1,25.375,15.7152053677,10.0061227065,0,0,4.03361740501,3.44108057372,0,0,1
legacy_r1,25.4,15.7152053677,10.0061227065,0,0,4.03361740501,3.44108057372,0,0,1
legacy_r1,25.425,15.7152053677,10.0061227065,0,0,4.03361740501,3.44108057372,0,0,1
legacy_r1,25.45,15.7152053677,10.0061227065,0,0,4.03361740501,3.44108057372,0,0,1
legacy_r1,25.475,15.7152053677,10.0061227065,0,0,4.03361740501,3.44108057372,0,0,1
legacy_r1,25.5,15.7152053677,10.0061227065,0,0,4.03361740501,3.44108057372,0,0,1
legacy_r1,25.525,15.7152053677,10.0061227065,0,0,4.03361740501,3.44108057372,0,0,1
legacy_r1,25.55,15.7152053677,10.0061227065,0,0,4.03361740501,3.44108057372,0,0,1
legacy_r1,25.575,15.7152053677,10.0061227065,0,0,4.03361740501,3.44108057372,0,0,1
legacy_r1,25.6,15.7152053677,10.0061227065,0,0,4.03361740501,3.44108057372,0,0,1
legacy_r1,25.625,15.7152053677,10.0061227065,0,0,4.03361740501,3.44108057372,0,0,1
legacy_r1,25.65,15.7152053677,10.0061227065,0,0,4.03361740501,3.44108057372,0,0,1
legacy_r1,25.675,15.7152053677,10.0061227065,0,0,4.03361740501,3.44108057372,0,0,1
legacy_r1,25.7,15.7152053677,10.0061227065,0,0,4.03361740501,3.44108057372,0,0,1
legacy_r1,25.725,15.7152053677,10.0061227065,0,0,4.03361740501,3.44108057372,0,0,1
legacy_r1,25.75,15.7152053677,10.0061227065,0,0,4.03361740501,3.44108057372,0,0,1
legacy_r1,25.775,15.7152053677,10.0061227065,0,0,4.03361740501,3.44108057372,0,0,1
legacy_r1,25.8,15.7152053677,10.0061227065,0,0,4.03361740501,3.44108057372,0,0,1
legacy_r1,25.825,15.7152053677,10.0061227065,0,0,4.03361740501,3.44108057372,0,0,1
legacy_r1,25.85,15.7152053677,10.0061227065,0,0,4.03361740501,3.44108057372,0,0,1
legacy_r1,25.875,15.7152053677,10.0061227065,0,0,4.03361740501,3.44108057372,0,0,1
legacy_r1,25.9,15.7152053677,10.0061227065,0,0,4.03361740501,3.44108057372,0,0,1
legacy_r1,25.925,15.7152053677,10.0061227065,0,0,4.03361740501,3.44108057372,0,0,1
legacy_r1,25.95,15.7152053677,10.0061227065,0,0,4.03361740501,3.44108057372,0,0,1
legacy_r1,25.975,15.7152053677,10.0061227065,0,0,4.03361740501,3.44108057372,0,0,1
legacy_r1,26,15.7152053677,10.0061227065,0,0,4.03361740501,3.44108057372,0,0,1
legacy_r1,26.025,15.7152053677,10.0061227065,0,0,4.03361740501,3.44108057372,0,0,1
legacy_r1,26.05,15.7152053677,10.0061227065,0,0,4.03361740501,3.44108057372,0,0,1
legacy_r1,26.075,15.7152053677,10.0061227065,0,0,4.03361740501,3.44108057372,0,0,1
legacy_r1,26.1,15.7152053677,10.0061227065,0,0,4.03361740501,3.44108057372,0,0,1
legacy_r1,26.125,15.7152053677,10.0061227065,0,0,4.03361740501,3.44108057372,0,0,1
legacy_r1,26.15,15.7152053677,10.0061227065,0,0,4.03361740501,3.44108057372,0,0,1
legacy_r1,26.175,15.7152053677,10.0061227065,0,0,4.03361740501,3.44108057372,0,0,1
legacy_r1,26.2,15.7152053677,10.0061227065,0,0,4.03361740501,3.44108057372,0,0,1
legacy_r1,26.225,15.7152053677,10.0061227065,0,0,4.03361740501,3.44108057372,0,0,1
legacy_r1,26.25,15.7152053677,10.0061227065,0,0,4.03361740501,3.44108057372,0,0,1
legacy_r1,26.275,15.7152053677,10.0061227065,0,0,4.03361740501,3.44108057372,0,0,1
legacy_r1,26.3,15.7152053677,10.0061227065,0,0,4.03361740501,3.44108057372,0,0,1
legacy_r1,26.325,15.7152053677,10.0061227065,0,0,4.03361740501,3.44108057372,0,0,1
legacy_r1,26.35,15.7152053677,10.0061227065,0,0,4.03361740501,3.44108057372,0,0,1
legacy_r1,26.375,15.7152053677,10.0061227065,0,0,4.03361740501,3.44108057372,0,0,1
legacy_r1,26.4,15.7152053677,10.0061227065,0,0,4.03361740501,3.44108057372,0,0,1
legacy_r1,26.425,15.7152053677,10.0061227065,0,0,4.03361740501,3.44108057372,0,0,1
legacy_r1,26.45,15.7152053677,10.0061227065,0,0,4.03361740501,3.44108057372,0,0,1
legacy_r1,26.475,15.7152053677,10.0061227065,0,0,4.03361740501,3.44108057372,0,0,1
legacy_r1,26.5,15.7152053677,10.0061227065,0,0,4.03361740501,3.44108057372,0,0,1
legacy_r1,26.525,15.7152053677,10.0061227065,0,0,4.03361740501,3.44108057372,0,0,1
legacy_r1,26.55,15.7152053677,10.0061227065,0,0,4.03361740501,3.44108057372,0,0,1
legacy_r1,26.575,15.7152053677,10.0061227065,0,0,4.03361740501,3.44108057372,0,0,1
legacy_r1,26.6,15.7152053677,10.0061227065,0,0,4.03361740501,3.44108057372,0,0,1
legacy_r1,26.625,15.7152053677,10.0061227065,0,0,4.03361740501,3.44108057372,0,0,1
legacy_r1,26.65,15.7152053677,10.0061227065,0,0,4.03361740501,3.44108057372,0,0,1
legacy_r1,26.675,15.7152053677,10.0061227065,0,0,4.03361740501,3.44108057372,0,0,1
legacy_r1,26.7,15.7152053677,10.0061227065,0,0,4.03361740501,3.44108057372,0,0,1
legacy_r1,26.725,15.7152053677,10.0061227065,0,0,4.03361740501,3.44108057372,0,0,1
legacy_r1,26.75,15.7152053677,10.0061227065,0,0,4.03361740501,3.44108057372,0,0,1
legacy_r1,26.775,15.7152053677,10.0061227065,0,0,4.03361740501,3.44108057372,0,0,1
legacy_r1,26.8,15.7152053677,10.0061227065,0,0,4.03361740501,3.44108057372,0,0,1
legacy_r1,26.825,15.7152053677,10.0061227065,0,0,4.03361740501,3.44108057372,0,0,1
legacy_r1,26.85,15.7152053677,10.0061227065,0,0,4.03361740501,3.44108057372,0,0,1
legacy_r1,26.875,15.7152053677,10.0061227065,0,0,4.03361740501,3.44108057372,0,0,1
legacy_r1,26.9,15.7152053677,10.0061227065,0,0,4.03361740501,3.44108057372,0,0,1
legacy_r1,26.925,15.7152053677,10.0061227065,0,0,4.03361740501,3.44108057372,0,0,1
legacy_r1,26.95,15.7152053677,10.0061227065,0,0,4.03361740501,3.44108057372,0,0,1
legacy_r1,26.975,15.7152053677,10.0061227065,0,0,4.03361740501,3.44108057372,0,0,1
legacy_r1,27,15.7152053677,10.0061227065,0,0,4.03361740501,3.44108057372,0,0,1
legacy_r1,27.025,15.7152053677,10.0061227065,0,0,4.03361740501,3.44108057372,0,0,1
legacy_r1,27.05,15.7152053677,10.0061227065,0,0,4.03361740501,3.44108057372,0,0,1
legacy_r1,27.075,15.7152053677,10.0061227065,0,0,4.03361740501,3.44108057372,0,0,1
legacy_r1,27.1,15.7152053677,10.0061227065,0,0,4.03361740501,3.44108057372,0,0,1
legacy_r1,27.125,15.7152053677,10.0061227065,0,0,4.03361740501,3.44108057372,0,0,1
legacy_r1,27.15,15.7152053677,10.0061227065,0,0,4.03361740501,3.44108057372,0,0,1
legacy_r1,27.175,15.7152053677,10.0061227065,0,0,4.03361740501,3.44108057372,0,0,1
legacy_r1,27.2,15.7152053677,10.0061227065,0,0,4.03361740501,3.44108057372,0,0,1
legacy_r1,27.225,15.7152053677,10.0061227065,0,0,4.03361740501,3.44108057372,0,0,1
legacy_r1,27.25,15.7152053677,10.0061227065,0,0,4.03361740501,3.44108057372,0,0,1
legacy_r1,27.275,15.7152053677,10.0061227065,0,0,4.03361740501,3.44108057372,0,0,1
legacy_r1,27.3,15.7152053677,10.0061227065,0,0,4.03361740501,3.44108057372,0,0,1
legacy_r1,27.325,15.7152053677,10.0061227065,0,0,4.03361740501,3.44108057372,0,0,1
legacy_r1,27.35,15.7152053677,10.0061227065,0,0,4.03361740501,3.44108057372,0,0,1
legacy_r1,27.375,15.7152053677,10.0061227065,0,0,4.03361740501,3.44108057372,0,0,1
legacy_r1,27.4,15.7152053677,10.0061227065,0,0,4.03361740501,3.44108057372,0,0,1
legacy_r1,27.425,15.7152053677,10.0061227065,0,0,4.03361740501,3.44108057372,0,0,1
legacy_r1,27.45,15.7152053677,10.0061227065,0,0,4.03361740501,3.44108057372,0,0,1
legacy_r1,27.475,15.7152053677,10.0061227065,0,0,4.03361740501,3.44108057372,0,0,1
legacy_r1,27.5,15.7152053677,10.0061227065,0,0,4.03361740501,3.44108057372,0,0,1
legacy_r1,27.525,15.7152053677,10.0061227065,0,0,4.03361740501,3.44108057372,0,0,1
legacy_r1,27.55,15.7152053677,10.0061227065,0,0,4.03361740501,3.44108057372,0,0,1
legacy_r1,27.575,15.7152053677,10.0061227065,0,0,4.03361740501,3.44108057372,0,0,1
legacy_r1,27.6,15.7152053677,10.0061227065,0,0,4.03361740501,3.44108057372,0,0,1
legacy_r1,27.625,15.7152053677,10.0061227065,0,0,4.03361740501,3.44108057372,0,0,1
legacy_r1,27.65,15.7152053677,10.0061227065,0,0,4.03361740501,3.44108057372,0,0,1
legacy_r1,27.675,15.7152053677,10.0061227065,0,0,4.03361740501,3.44108057372,0,0,1
legacy_r1,27.7,15.7152053677,10.0061227065,0,0,4.03361740501,3.44108057372,0,0,1
legacy_r1,27.725,15.7152053677,10.0061227065,0,0,4.03361740501,3.44108057372,0,0,1
legacy_r1,27.75,15.7152053677,10.0061227065,0,0,4.03361740501,3.44108057372,0,0,1
legacy_r1,27.775,15.7152053677,10.0061227065,0,0,4.03361740501,3.44108057372,0,0,1
legacy_r1,27.8,15.7152053677,10.0061227065,0,0,4.03361740501,3.44108057372,0,0,1
legacy_r1,27.825,15.7152053677,10.0061227065,0,0,4.03361740501,3.44108057372,0,0,1
legacy_r1,27.85,15.7152053677,10.0061227065,0,0,4.03361740501,3.44108057372,0,0,1
legacy_r1,27.875,15.7152053677,10.0061227065,0,0,4.03361740501,3.44108057372,0,0,1
legacy_r1,27.9,15.7152053677,10.0061227065,0,0,4.03361740501,3.44108057372,0,0,1
legacy_r1,27.925,15.7152053677,10.0061227065,0,0,4.03361740501,3.44108057372,0,0,1
legacy_r1,27.95,15.7152053677,10.0061227065,0,0,4.03361740501,3.44108057372,0,0,1
legacy_r1,27.975,15.7152053677,10.0061227065,0,0,4.03361740501,3.44108057372,0,0,1
legacy_r1,28,15.7152053677,10.0061227065,0,0,4.03361740501,3.44108057372,0,0,1
legacy_r1,28.025,15.7152053677,10.0061227065,0,0,4.03361740501,3.44108057372,0,0,1
legacy_r1,28.05,15.7152053677,10.0061227065,0,0,4.03361740501,3.44108057372,0,0,1
legacy_r1,28.075,15.7152053677,10.0061227065,0,0,4.03361740501,3.44108057372,0,0,1
legacy_r1,28.1,15.7152053677,10.0061227065,0,0,4.03361740501,3.44108057372,0,0,1
legacy_r1,28.125,15.7152053677,10.0061227065,0,0,4.03361740501,3.44108057372,0,0,1
legacy_r1,28.15,15.7152053677,10.0061227065,0,0,4.03361740501,3.44108057372,0,0,1
legacy_r1,28.175,15.7152053677,10.0061227065,0,0,4.03361740501,3.44108057372,0,0,1
legacy_r1,28.2,15.7152053677,10.0061227065,0,0,4.03361740501,3.44108057372,0,0,1
legacy_r1,28.225,15.7152053677,10.0061227065,0,0,4.03361740501,3.44108057372,0,0,1
legacy_r1,28.25,15.7152053677,10.0061227065,0,0,4.03361740501,3.44108057372,0,0,1
legacy_r1,28.275,15.7152053677,10.0061227065,0,0,4.03361740501,3.44108057372,0,0,1
legacy_r1,28.3,15.7152053677,10.0061227065,0,0,4.03361740501,3.44108057372,0,0,1
legacy_r1,28.325,15.7152053677,10.0061227065,0,0,4.03361740501,3.44108057372,0,0,1
legacy_r1,28.35,15.7152053677,10.0061227065,0,0,4.03361740501,3.44108057372,0,0,1
legacy_r1,28.375,15.7152053677,10.0061227065,0,0,4.03361740501,3.44108057372,0,0,1
legacy_r1,28.4,15.7152053677,10.0061227065,0,0,4.03361740501,3.44108057372,0,0,1
legacy_r1,28.425,15.7152053677,10.0061227065,0,0,4.03361740501,3.44108057372,0,0,1
legacy_r1,28.45,15.7152053677,10.0061227065,0,0,4.03361740501,3.44108057372,0,0,1
legacy_r1,28.475,15.7152053677,10.0061227065,0,0,4.03361740501,3.44108057372,0,0,1
legacy_r1,28.5,15.7152053677,10.0061227065,0,0,4.03361740501,3.44108057372,0,0,1
legacy_r1,28.525,15.7152053677,10.0061227065,0,0,4.03361740501,3.44108057372,0,0,1
legacy_r1,28.55,15.7152053677,10.0061227065,0,0,4.03361740501,3.44108057372,0,0,1
legacy_r1,28.575,15.7152053677,10.0061227065,0,0,4.03361740501,3.44108057372,0,0,1
legacy_r1,28.6,15.7152053677,10.0061227065,0,0,4.03361740501,3.44108057372,0,0,1
legacy_r1,28.625,15.7152053677,10.0061227065,0,0,4.03361740501,3.44108057372,0,0,1
legacy_r1,28.65,15.7152053677,10.0061227065,0,0,4.03361740501,3.44108057372,0,0,1
legacy_r1,28.675,15.7152053677,10.0061227065,0,0,4.03361740501,3.44108057372,0,0,1
legacy_r1,28.7,15.7152053677,10.0061227065,0,0,4.03361740501,3.44108057372,0,0,1
legacy_r1,28.725,15.7152053677,10.0061227065,0,0,4.03361740501,3.44108057372,0,0,1
legacy_r1,28.75,15.7152053677,10.0061227065,0,0,4.03361740501,3.44108057372,0,0,1
legacy_r1,28.775,15.7152053677,10.0061227065,0,0,4.03361740501,3.44108057372,0,0,1
legacy_r1,28.8,15.7152053677,10.0061227065,0,0,4.03361740501,3.44108057372,0,0,1
legacy_r1,28.825,15.7152053677,10.0061227065,0,0,4.03361740501,3.44108057372,0,0,1
legacy_r1,28.85,15.7152053677,10.0061227065,0,0,4.03361740501,3.44108057372,0,0,1
legacy_r1,28.875,15.7152053677,10.0061227065,0,0,4.03361740501,3.44108057372,0,0,1
legacy_r1,28.9,15.7152053677,10.0061227065,0,0,4.03361740501,3.44108057372,0,0,1
legacy_r1,28.925,15.7152053677,10.0061227065,0,0,4.03361740501,3.44108057372,0,0,1
legacy_r1,28.95,15.7152053677,10.0061227065,0,0,4.03361740501,3.44108057372,0,0,1
legacy_r1,28.975,15.7152053677,10.0061227065,0,0,4.03361740501,3.44108057372,0,0,1
legacy_r1,29,15.7152053677,10.0061227065,0,0,4.03361740501,3.44108057372,0,0,1
legacy_r1,29.025,15.7152053677,10.0061227065,0,0,4.03361740501,3.44108057372,0,0,1
legacy_r1,29.05,15.7152053677,10.0061227065,0,0,4.03361740501,3.44108057372,0,0,1
legacy_r1,29.075,15.7152053677,10.0061227065,0,0,4.03361740501,3.44108057372,0,0,1
legacy_r1,29.1,15.7152053677,10.0061227065,0,0,4.03361740501,3.44108057372,0,0,1
legacy_r1,29.125,15.7152053677,10.0061227065,0,0,4.03361740501,3.44108057372,0,0,1
legacy_r1,29.15,15.7152053677,10.0061227065,0,0,4.03361740501,3.44108057372,0,0,1
legacy_r1,29.175,15.7152053677,10.0061227065,0,0,4.03361740501,3.44108057372,0,0,1
legacy_r1,29.2,15.7152053677,10.0061227065,0,0,4.03361740501,3.44108057372,0,0,1
legacy_r1,29.225,15.7152053677,10.0061227065,0,0,4.03361740501,3.44108057372,0,0,1
legacy_r1,29.25,15.7152053677,10.0061227065,0,0,4.03361740501,3.44108057372,0,0,1
legacy_r1,29.275,15.7152053677,10.0061227065,0,0,4.03361740501,3.44108057372,0,0,1
legacy_r1,29.3,15.7152053677,10.0061227065,0,0,4.03361740501,3.44108057372,0,0,1
legacy_r1,29.325,15.7152053677,10.0061227065,0,0,4.03361740501,3.44108057372,0,0,1
legacy_r1,29.35,15.7152053677,10.0061227065,0,0,4.03361740501,3.44108057372,0,0,1
legacy_r1,29.375,15.7152053677,10.0061227065,0,0,4.03361740501,3.44108057372,0,0,1
legacy_r1,29.4,15.7152053677,10.0061227065,0,0,4.03361740501,3.44108057372,0,0,1
legacy_r1,29.425,15.7152053677,10.0061227065,0,0,4.03361740501,3.44108057372,0,0,1
legacy_r1,29.45,15.7152053677,10.0061227065,0,0,4.03361740501,3.44108057372,0,0,1
legacy_r1,29.475,15.7152053677,10.0061227065,0,0,4.03361740501,3.44108057372,0,0,1
legacy_r1,29.5,15.7152053677,10.0061227065,0,0,4.03361740501,3.44108057372,0,0,1
legacy_r1,29.525,15.7152053677,10.0061227065,0,0,4.03361740501,3.44108057372,0,0,1
legacy_r1,29.55,15.7152053677,10.0061227065,0,0,4.03361740501,3.44108057372,0,0,1
legacy_r1,29.575,15.7152053677,10.0061227065,0,0,4.03361740501,3.44108057372,0,0,1
legacy_r1,29.6,15.7152053677,10.0061227065,0,0,4.03361740501,3.44108057372,0,0,1
legacy_r1,29.625,15.7152053677,10.0061227065,0,0,4.03361740501,3.44108057372,0,0,1
legacy_r1,29.65,15.7152053677,10.0061227065,0,0,4.03361740501,3.44108057372,0,0,1
legacy_r1,29.675,15.7152053677,10.0061227065,0,0,4.03361740501,3.44108057372,0,0,1
legacy_r1,29.7,15.7152053677,10.0061227065,0,0,4.03361740501,3.44108057372,0,0,1
legacy_r1,29.725,15.7152053677,10.0061227065,0,0,4.03361740501,3.44108057372,0,0,1
legacy_r1,29.75,15.7152053677,10.0061227065,0,0,4.03361740501,3.44108057372,0,0,1
legacy_r1,29.775,15.7152053677,10.0061227065,0,0,4.03361740501,3.44108057372,0,0,1
legacy_r1,29.8,15.7152053677,10.0061227065,0,0,4.03361740501,3.44108057372,0,0,1
legacy_r1,29.825,15.7152053677,10.0061227065,0,0,4.03361740501,3.44108057372,0,0,1
legacy_r1,29.85,15.7152053677,10.0061227065,0,0,4.03361740501,3.44108057372,0,0,1
legacy_r1,29.875,15.7152053677,10.0061227065,0,0,4.03361740501,3.44108057372,0,0,1
legacy_r1,29.9,15.7152053677,10.0061227065,0,0,4.03361740501,3.44108057372,0,0,1
legacy_r1,29.925,15.7152053677,10.0061227065,0,0,4.03361740501,3.44108057372,0,0,1
legacy_r1,29.95,15.7152053677,10.0061227065,0,0,4.03361740501,3.44108057372,0,0,1
legacy_r1,29.975,15.7152053677,10.0061227065,0,0,4.03361740501,3.44108057372,0,0,1
legacy_r1,30,15.7152053677,10.0061227065,0,0,4.03361740501,3.44108057372,0,0,1
legacy_r2,0,10,10,0,0,0.530624847487,1.038854382,0,0,0
legacy_r2,0.025,10.0024831457,9.99999157285,0.0993258283712,-0.000337085814398,0.528681505001,1.03663750751,0,0,0
legacy_r2,0.05,10.0071956004,9.99993025691,0.18849818569,-0.00245263790139,0.524970192544,1.03245264996,0,0,0
legacy_r2,0.075,10.0138950304,9.999786351,0.267977202032,-0.00575623612748,0.519669728046,1.02653338236,0,0,0
legacy_r2,0.1,10.0223610368,9.99953125913,0.338640254671,-0.0102036749985,0.512944249265,1.0190943738,0,0,0
legacy_r2,0.125,10.0323957563,9.99914078144,0.401388780116,-0.015619107654,0.50494380792,1.01032910358,0,0,0
legacy_r2,0.15,10.0438234755,9.99859661539,0.45710876836,-0.0217666419305,0.495805000854,1.00040931223,0,0,0
legacy_r2,0.175,10.0564893787,9.99788659845,0.506636130203,-0.0284006775949,0.485651777979,0.989485828313,0,0,0
legacy_r2,0.2,10.070257751,9.99700422371,0.550734889088,-0.0352949895156,0.474596416073,0.977690239952,0,0,0
legacy_r2,0.225,10.0850099371,9.99594781512,0.590087444055,-0.0422563435551,0.462740590427,0.965136964443,0,0,0
legacy_r2,0.25,10.1006422769,9.99471960418,0.62529359316,-0.0491284377486,0.450176471765,0.95192540898,0,0,0
legacy_r2,0.275,10.1170641513,9.99332484252,0.656874977926,-0.0557904662496,0.436987792106,0.938142038137,0,0,0
legacy_r2,0.3,10.1341962104,9.99177101502,0.685282363618,-0.0621531001482,0.423250843705,0.923862252897,0,0,0
legacy_r2,0.325,10.1519688105,9.99006717631,0.710904003122,-0.0681535484075,0.409035392655,0.909152043855,0,0,0
legacy_r2,0.35,10.1703206608,9.98822341106,0.734074011376,-0.0737506098313,0.394405501408,0.894069415595,0,0,0
legacy_r2,0.375,10.1891976648,9.98625040699,0.755080161937,-0.0789201628855,0.379420262431,0.878665597662,0,0,0
legacy_r2,0.4,10.2085519357,9.98415912522,0.774170834323,-0.0836512709452,0.364134449761,0.862986065844,0,0,0
legacy_r2,0.425,10.2283409615,9.98196055186,0.791561033539,-0.0879429341037,0.348599097173,0.847071399937,0,0,0
legacy_r2,0.45,10.2485268993,9.97966551572,0.807437511074,-0.0918014457532,0.332862012195,0.830958003227,0,0,0
legacy_r2,0.475,10.2690759761,9.97728455869,0.821963070345,-0.095238281194,0.316968234733,0.814678706581,0,0,0
legacy_r2,0.5,10.2899579801,9.97482784776,0.835280160428,-0.0982684373134,0.300960448212,0.798263276958,0,0,0
legacy_r2,0.525,10.3111458267,9.97230511912,0.84751386428,-0.100909145604,0.28487935002,0.781738847157,0,0,0
legacy_r2,0.55,10.3326151862,9.96972564689,0.858774380409,-0.103178889097,0.26876398698,0.765130280759,0,0,0
legacy_r2,0.575,10.3543441633,9.9670982303,0.869159085438,-0.105096663698,0.252652060458,0.748460483757,0,0,0
legacy_r2,0.6,10.3763130196,9.96443119444,0.878754252396,-0.106681434256,0.236580204796,0.731750672246,0,0,0
legacy_r2,0.625,10.3985039318,9.96173240083,0.887636487395,-0.107951744536,0.220584241831,0.715020603828,0,0,0
legacy_r2,0.65,10.4209007802,9.95900926463,0.8958739364,-0.108925448001,0.204699413488,0.698288778873,0,0,0
legacy_r2,0.675,10.4434889629,9.95626877631,0.90352730437,-0.109619532721,0.188960593682,0.681572616695,0,0,0
legacy_r2,0.7,10.4662552309,9.95351752583,0.910650721137,-0.11005001908,0.173402480124,0.66488861066,0,0,0
legacy_r2,0.725,10.4891875429,9.950761728,0.917292481848,-0.110231913264,0.158059765947,0.648252465549,0,0,0
legacy_r2,0.75,10.512274935,9.94800724793,0.923495684445,-0.110179203014,0.142967290522,0.631679219837,0,0,0
legacy_r2,0.775,10.5355074046,9.9452596258,0.929298782398,-0.109904884952,0.128160168212,0.615183355065,0,0,0
legacy_r2,0.8,10.5588758063,9.94252410043,0.934736067374,-0.109421014986,0.113673893318,0.59877889407,0,0,0
legacy_r2,0.825,10.5823717586,9.93980563105,0.939838093801,-0.108738775128,0.0995444189237,0.582479489527,0,0,0
legacy_r2,0.85,10.60598756,9.93710891726,0.94463205499,-0.107868551432,0.0858082069366,0.566298503963,0,0,0
legacy_r2,0.875,10.629716113,9.93443841679,0.949142118735,-0.106820018871,0.07250224623,0.550249082196,0,0,0
legacy_r2,0.9,10.6535508562,9.93179836105,0.953389728812,-0.105602229883,0.0596640355567,0.534344216984,0,0,0
legacy_r2,0.925,10.6774857031,9.92919276845,0.957393877657,-0.104223703951,0.0473315278089,0.518596808466,0,0,0
legacy_r2,0.95,10.701514987,9.92662545554,0.961171354529,-0.102692516154,0.0355430323224,0.503019717921,0,0,0
legacy_r2,0.975,10.7256334113,9.92410004597,0.964736972675,-0.101016383029,0.024337072312,0.487625816185,0,0,0
legacy_r2,1,10.7498360058,9.92161997736,0.96810377838,-0.0992027444196,0.0137521952358,0.472428027027,0,0,0
legacy_r2,1.025,10.7741180869,9.91918850635,0.971283244224,-0.097258840216,0.00382673496155,0.457439365669,0,0,0
legacy_r2,1.05,10.7984752231,9.91680871182,0.974285448411,-0.09519178113,-0.0054014739109,0.442672972577,0,0,0
legacy_r2,1.075,10.8229032041,9.9144834965,0.977119241686,-0.0930086127693,-0.0138954273455,0.428142142577,0,0,0
legacy_r2,1.1,10.8473980142,9.91221558719,0.979792402955,-0.0907163724294,-0.0216193243167,0.413860349289,0,0,0
legacy_r2,1.125,10.8719558088,9.91000753374,0.982311784524,-0.0883221381209,-0.0285389734278,0.399841264834,0,0,0
legacy_r2,1.15,10.896572895,9.907861707,0.984683447569,-0.085833069449,-0.0346222240738,0.386098774698,0,0,0
legacy_r2,1.175,10.9212457147,9.905780296,0.986912788279,-0.0832564400524,-0.039839409939,0.37264698762,0,0,0
legacy_r2,1.2,10.9459708311,9.90376530447,0.989004654931,-0.0805996613997,-0.0441637903415,0.359500240318,0,0,0
legacy_r2,1.225,10.9707449175,9.90181854702,0.990963456028,-0.0778702978321,-0.0475719732272,0.346673096844,0,0,0
legacy_r2,1.25,10.995564749,9.8999416452,0.992793259508,-0.0750760728379,-0.0500443027324,0.334180342344,0,0,0
legacy_r2,1.275,11.020427196,9.89813602353,0.994497882956,-0.0722248666526,-0.0515651943851,0.32203697097,0,0,0
legacy_r2,1.3,11.0453292204,9.8964029059,0.996080974718,-0.0693247053881,-0.0521234023349,0.310258167707,0,0,0
legacy_r2,1.325,11.0702678726,9.89474331235,0.997546085753,-0.0663837420187,-0.0517122054856,0.298859283878,0,0,0
legacy_r2,1.35,11.0952176525,9.8931594937,0.997991197138,-0.0633527460784,-0.0503311604425,0.287865560769,0,0,0
legacy_r2,1.375,11.1201721461,9.89165176355,0.998179743187,-0.0603092056883,-0.0479861064628,0.277293185055,0,0,0
legacy_r2,1.4,11.1451311041,9.89021983666,0.998358320747,-0.0572770756593,-0.0446869770824,0.267155670519,0,0,0
legacy_r2,1.425,11.1700942753,9.88886334052,0.99852684948,-0.0542598458178,-0.040447490028,0.257466597144,0,0,0
legacy_r2,1.45,11.195061407,9.88758180426,0.998685267589,-0.0512614504343,-0.0352848888881,0.248239564439,0,0,0
legacy_r2,1.475,11.2200322456,9.88637464991,0.998833542396,-0.0482861738413,-0.0292196248975,0.23948813774,0,0,0
legacy_r2,1.5,11.2450065375,9.88524118593,0.9989716788,-0.0453385592617,-0.0222749926425,0.231225787628,0,0,0
legacy_r2,1.525,11.2699840307,9.88418060291,0.999099725675,-0.0424233208884,-0.0144767344128,0.223465822766,0,0,0
legacy_r2,1.55,11.2949644752,9.88319197142,0.999217780293,-0.0395452594665,-0.00585262787556,0.216221316605,0,0,0
legacy_r2,1.575,11.319947625,9.88227424188,0.999325990842,-0.0367091818026,0.00356792915255,0.209505028589,0,0,0
legacy_r2,1.6,11.3449332389,9.88142624626,0.999424557177,-0.0339198247635,0.0137543246234,0.20332932069,0,0,0
legacy_r2,1.625,11.3699210821,9.88064670165,0.999513729931,-0.0311817844207,0.0246751186625,0.197706070276,0,0,0
legacy_r2,1.65,11.3949109273,9.87993421537,0.999593808149,-0.028499451042,0.0362984024961,0.192646580522,0,0,0
legacy_r2,1.675,11.4199025557,9.8792872916,0.999665135646,-0.0258769506302,0.0485921242095,0.18816148974,0,0,0
legacy_r2,1.7,11.4448957581,9.87870433926,0.999728096288,-0.023318093659,0.0615243777908,0.184260681146,0,0,0
legacy_r2,1.725,11.4698903359,9.87818368097,0.999783108436,-0.0208263315555,0.0750636538288,0.180953194703,0,0,0
legacy_r2,1.75,11.4948861013,9.87772356294,0.999830618771,-0.0184047213495,0.0891790518408,0.178247142765,0,0,0
legacy_r2,1.775,11.5198828787,9.87732216547,0.99987109575,-0.0160558987376,0.103840455485,0.176149631244,0,0,0
legacy_r2,1.8,11.5448805043,9.87697761398,0.999905022906,-0.0137820596262,0.119018672865,0.174666688002,0,0,0
legacy_r2,1.825,11.5698788266,9.87668799023,0.999932892215,-0.0115849500208,0.13468554477,0.173803200077,0,0,0
legacy_r2,1.85,11.5948777065,9.87645134363,0.999955197706,-0.00946586393344,0.150814024113,0.17356286119,0,0,0
legacy_r2,1.875,11.6198770173,9.87626570241,0.99997242949,-0.00742564879998,0.167378229961,0.173948130772,0,0,0
legacy_r2,1.9,11.644876644,9.87612908447,0.999985068319,-0.00546471773993,0.184353479589,0.17496020549,0,0,0
legacy_r2,1.925,11.6698764835,9.87603950777,0.999993580792,-0.00358306786389,0.201716301857,0.176599003963,0,0,0
legacy_r2,1.95,11.6948764439,9.87599500018,0.999998415258,-0.00178030374028,0.21944443499,0.178863165003,0,0,0
legacy_r2,1.975,11.7198764438,9.87599360855,0.999999998451,-5.56650775214e-05,0.237516811608,0.181750059419,0,0,0
legacy_r2,2,11.7448764122,9.87603340711,0.999998732859,0.00159194234036,0.255913533527,0.185255815047,0,0,0
legacy_r2,2.025,11.769876287,9.87611250495,0.999994994813,0.00316391341083,0.274615838589,0.18937535438,0,0,0
legacy_r2,2.05,11.7948760154,9.87622905267,0.999989133243,0.00466190906238,0.293606061446,0.194102443856,0,0,0
legacy_r2,2.075,11.8198755521,9.8763812482,0.999981469046,0.0060878210256,0.312867589984,0.199429753637,0,0,0
legacy_r2,2.1,11.8448748595,9.87656734162,0.999972295008,0.0074437367662,0.332384818772,0.205348926503,0,0,0
legacy_r2,2.125,11.8698739064,9.87678563925,0.999961876189,0.00873190521985,0.352143100729,0.211850654334,0,0,0
legacy_r2,2.15,11.8948726676,9.87703450684,0.999950450708,0.0099547038626,0.372128697945,0.218924760588,0,0,0
legacy_r2,2.175,11.9198711234,9.87731237203,0.999938230842,0.0111146075443,0.392328732458,0.22656028713,0,0,0
legacy_r2,2.2,11.9448692585,9.87761772602,0.999925404373,0.0122141594099,0.412731137588,0.234745583809,0,0,0
legacy_r2,2.225,11.9698670619,9.87794912462,0.999912136112,0.0132559441388,0.433324610318,0.243468399239,0,0,0
legacy_r2,2.25,11.9948645262,9.87830518871,0.999898569546,0.014242563646,0.454098565092,0.252715971339,0,0,0
legacy_r2,2.275,12.0198616469,9.87868460409,0.999884828542,0.0151766153172,0.475043089287,0.262475116362,0,0,0
legacy_r2,2.3,12.0448584224,9.87908612091,0.999871019077,0.0160606727822,0.496148900568,0.272732315239,0,0,0
legacy_r2,2.325,12.0698548531,9.87950855264,0.999857230956,0.0168972691849,0.517407306229,0.283473796313,0,0,0
legacy_r2,2.35,12.0948509416,9.87995077472,0.999843539472,0.0176888828636,0.538810164607,0.294685613649,0,0,0
legacy_r2,2.375,12.1198466918,9.88041172285,0.999830007006,0.0184379253248,0.560349848593,0.306353720323,0,0,0
legacy_r2,2.4,12.1448421089,9.88089039113,0.999816684537,0.0191467313718,0.58201921122,0.318464036244,0,0,0
legacy_r2,2.425,12.1698371992,9.88138582991,0.999803613048,0.0198175512343,0.603811553324,0.331002510224,0,0,0
legacy_r2,2.45,12.1948319699,9.88189714353,0.999790824834,0.0204525445334,0.625720593192,0.343955176148,0,0,0
legacy_r2,2.475,12.2198264285,9.88242348793,0.999778344694,0.0210537759156,0.647740438159,0.35730820323,0,0,0
legacy_r2,2.5,12.2448205832,9.88296406823,0.999766191014,0.0216232121871,0.669865558059,0.371047940426,0,0,0
legacy_r2,2.525,12.2698144427,9.88351813625,0.999754376738,0.0221627207813,0.692090760451,0.385160955188,0,0,0
legacy_r2,2.55,12.2948080154,9.88408498798,0.999742910241,0.0226740694012,0.714411167528,0.399634066791,0,0,0
legacy_r2,2.575,12.3198013103,9.88466396115,0.999731796091,0.0231589266803,0.736822194624,0.414454374527,0,0,0
legacy_r2,2.6,12.3447943362,9.88525443274,0.999721035728,0.0236188637187,0.759319530223,0.429609281106,0,0,0
legacy_r2,2.625,12.3697871019,9.88585581665,0.999710628047,0.0240553563555,0.781899117374,0.445086511606,0,0,0
legacy_r2,2.65,12.3947796162,9.88646756135,0.999700569907,0.0244697880512,0.80455713644,0.460874128358,0,0,0
legacy_r2,2.675,12.4197718876,9.88708914769,0.999690856561,0.0248634532632,0.827289989071,0.476960542126,0,0,0
legacy_r2,2.7,12.4447639246,9.88772008672,0.999681482025,0.0252375612044,0.850094283341,0.493334519964,0,0,0
legacy_r2,2.725,12.4697557356,9.88835991771,0.999672439388,0.0255932398909,0.872966819957,0.509985190097,0,0,0
legacy_r2,2.75,12.4947473286,9.88900820622,0.999663721065,0.025931540388,0.895904579469,0.526902044182,0,0,0
legacy_r2,2.775,12.5197387116,9.88966454225,0.999655319011,0.0262534411785,0.918904710408,0.544074937272,0,0,0
legacy_r2,2.8,12.5447298922,9.89032853857,0.99964722489,0.026559852583,0.941964518284,0.561494085778,0,0,0
legacy_r2,2.825,12.569720878,9.8909998291,0.999639430215,0.0268516211741,0.965081455388,0.579150063731,0,0,0
legacy_r2,2.85,12.5947116762,9.89167806745,0.99963192645,0.0271295341329,0.988253111331,0.597033797582,0,0,0
legacy_r2,2.875,12.6197022938,9.89236292554,0.999624705097,0.0273943235036,1.01147720426,0.615136559792,0,0,0
legacy_r2,2.9,12.6446927377,9.8930540923,0.999617757756,0.0276466703123,1.03475157273,0.633449961422,0,0,0
legacy_r2,2.925,12.6696830146,9.89375127251,0.99961107617,0.0278872085211,1.05807416813,0.651965943904,0,0,0
legacy_r2,2.95,12.6946731309,9.89445418573,0.999604652254,0.0281165287941,1.08144304765,0.670676770183,0,0,0
legacy_r2,2.975,12.7196630929,9.89516256528,0.999598478119,0.0283351820617,1.10485636781,0.68957501536,0,0,0
legacy_r2,3,12.7446529065,9.89587615735,0.999592546075,0.0285436828689,1.12831237835,0.708653556982,0,0,0
legacy_r2,3.025,12.7696425778,9.89659472016,0.99958684864,0.0287425125039,1.15180941663,0.727905565094,0,0,0
legacy_r2,3.05,12.7946321122,9.89731802321,0.999581378539,0.028932121903,1.17534590235,0.747324492141,0,0,0
legacy_r2,3.075,12.8196215154,9.89804584657,0.999576128694,0.0291129343332,1.19892033274,0.766904062822,0,0,0
legacy_r2,3.1,12.8446107927,9.89877798027,0.99957109222,0.0292853478568,1.22253127793,0.786638263959,0,0,0
legacy_r2,3.125,12.8695999493,9.89951422371,0.999566262414,0.0294497375837,1.24617737679,0.806521334444,0,0,0
legacy_r2,3.15,12.8945889901,9.90025438515,0.999561632748,0.0296064577201,1.26985733294,0.826547755315,0,0,0
legacy_r2,3.175,12.91957792,9.90099828123,0.999557196854,0.0297558434235,1.29356991107,0.846712240013,0,0,0
legacy_r2,3.2,12.9445667438,9.90174573655,0.999552948518,0.0298982124746,1.31731393351,0.86700972484,0,0,0
legacy_r2,3.225,12.9695554658,9.90249658322,0.999548881669,0.0300338667774,1.34108827702,0.887435359651,0,0,0
legacy_r2,3.25,12.9945440906,9.90325066056,0.999544990372,0.0301630937013,1.36489186975,0.907984498811,0,0,0
legacy_r2,3.275,13.0195326223,9.90400781474,0.999541268819,0.0302861672747,1.38872368848,0.928652692416,0,0,0
legacy_r2,3.3,13.0445210651,9.90476789847,0.999537711322,0.0304033492456,1.41258275592,0.949435677809,0,0,0
legacy_r2,3.325,13.0695094229,9.90553077072,0.999534312311,0.030514890019,1.43646813829,0.970329371378,0,0,0
legacy_r2,3.35,13.0944976995,9.90629629646,0.999531066327,0.0306210294835,1.46037894301,0.991329860656,0,0,0
legacy_r2,3.375,13.1194858987,9.9070643464,0.99952796802,0.0307219977387,1.48431431649,1.01243339673,0,0,0
legacy_r2,3.4,13.144474024,9.9078347968,0.999525012146,0.0308180157344,1.5082734421,1.03363638691,0,0,0
legacy_r2,3.425,13.1694620789,9.90860752919,0.999522193566,0.03090929583,1.5322555383,1.05493538777,0,0,0
legacy_r2,3.45,13.1944500666,9.90938243025,0.999519507245,0.0309960422851,1.55625985677,1.07632709838,0,0,0
legacy_r2,3.475,13.2194379903,9.91015939154,0.999516948251,0.0310784516902,1.58028568077,1.0978083539,0,0,0
legacy_r2,3.5,13.2444258531,9.91093830937,0.999514511757,0.031156713343,1.60433232352,1.11937611944,0,0,0
legacy_r2,3.525,13.2694136579,9.91171908461,0.999512193042,0.0312310095808,1.62839912672,1.14102748413,0,0,0
legacy_r2,3.55,13.2944014076,9.91250162252,0.99950998749,0.0313015160729,1.65248545909,1.16275965557,0,0,0
legacy_r2,3.575,13.3193891048,9.91328583257,0.99950789059,0.0313684020801,1.67659071509,1.18456995442,0,0,0
legacy_r2,3.6,13.3443767523,9.91407162834,0.999505897941,0.0314318306863,1.70071431363,1.20645580927,0,0,0
legacy_r2,3.625,13.3693643524,9.91485892731,0.999504005254,0.0314919590066,1.72485569689,1.2284147518,0,0,0
legacy_r2,3.65,13.3943519076,9.91564765077,0.999502208345,0.0315489383764,1.7490143292,1.25044441211,0,0,0
legacy_r2,3.675,13.4193394202,9.91643772363,0.999500503148,0.0316029145241,1.77318969599,1.27254251429,0,0,0
legacy_r2,3.7,13.4443268923,9.91722907433,0.999498885706,0.0316540277315,1.79738130276,1.29470687215,0,0,0
legacy_r2,3.725,13.4693143261,9.91802163465,0.999497352178,0.0317024129835,1.82158867417,1.31693538527,0,0,0
legacy_r2,3.75,13.4943017236,9.91881533965,0.999495898836,0.0317482001101,1.84581135311,1.3392260351,0,0,0
legacy_r2,3.775,13.5192890867,9.9196101275,0.999494522067,0.0317915139218,1.87004889989,1.36157688134,0,0,0
legacy_r2,3.8,13.5442764171,9.92040593936,0.999493218375,0.0318324743408,1.89430089139,1.38398605846,0,0,0
legacy_r2,3.825,13.5692637167,9.92120271927,0.999491984376,0.031871196528,1.91856692036,1.40645177239,0,0,0
legacy_r2,3.85,13.5942509872,9.92200041405,0.999490816803,0.0319077910077,1.94284659464,1.42897229737,0,0,0
legacy_r2,3.875,13.61923823,9.92279897314,0.999489712501,0.0319423637908,1.96713953652,1.45154597292,0,0,0
legacy_r2,3.9,13.6442254467,9.92359834856,0.99948866843,0.0319750164966,1.99144538207,1.47417120103,0,0,0
legacy_r2,3.925,13.6692126387,9.92439849472,0.999487681661,0.0320058464733,2.01576378056,1.49684644342,0,0,0
legacy_r2,3.95,13.6941998075,9.92519936839,0.999486749375,0.0320349469186,2.04009439382,1.51957021892,0,0,0
legacy_r2,3.975,13.7191869542,9.92600092857,0.999485868863,0.0320624070001,2.06443689573,1.54234110106,0,0,0
legacy_r2,4,13.7441740801,9.92680313636,0.999485037524,0.0320883119743,2.0887909717,1.56515771568,0,0,0
legacy_r2,4.025,13.7691611864,9.92760595495,0.999484252861,0.0321127433066,2.11315631815,1.58801873871,0,0,0
legacy_r2,4.05,13.7941482742,9.92840934942,0.999483512481,0.0321357787904,2.13753264203,1.61092289403,0,0,0
legacy_r2,4.075,13.8191353446,9.92921328673,0.999482814092,0.0321574926652,2.16191966042,1.63386895144,0,0,0
legacy_r2,4.1,13.8441223985,9.93001773563,0.999482155501,0.0321779557354,2.18631710003,1.65685572474,0,0,0
legacy_r2,4.125,13.8691094369,9.93082266651,0.99948153461,0.032197235487,2.21072469685,1.67988206987,0,0,0
legacy_r2,4.15,13.8940964606,9.93162805142,0.999480949417,0.0322153962044,2.23514219574,1.70294688315,0,0,0
legacy_r2,4.175,13.9190834705,9.9324338639,0.999480398008,0.0322324990853,2.25956935008,1.72604909964,0,0,0
legacy_r2,4.2,13.9440704675,9.93324007896,0.99947987856,0.0322486023549,2.28400592139,1.7491876915,0,0,0
legacy_r2,4.225,13.9690574522,9.93404667299,0.999479389333,0.0322637613781,2.308451679,1.77236166648,0,0,0
legacy_r2,4.25,13.9940444255,9.93485362371,0.999478928672,0.0322780287706,2.33290639979,1.7955700665,0,0,0
legacy_r2,4.275,14.0190313878,9.93566091007,0.999478494999,0.0322914545072,2.3573698678,1.8188119662,0,0,0
legacy_r2,4.3,14.04401834,9.93646851222,0.999478086816,0.0323040860294,2.381841874,1.84208647167,0,0,0
legacy_r2,4.325,14.0690052826,9.93727641143,0.999477702698,0.0323159683493,2.40632221601,1.86539271919,0,0,0
legacy_r2,4.35,14.0939922161,9.93808459004,0.999477341289,0.0323271441528,2.43081069781,1.88872987399,0,0,0
legacy_r2,4.375,14.1189791411,9.93889303138,0.999477001306,0.0323376538987,2.45530712953,1.91209712912,0,0,0
legacy_r2,4.4,14.1439660582,9.93970171978,0.999476681529,0.0323475359169,2.47981132718,1.93549370434,0,0,0
legacy_r2,4.425,14.1689529677,9.94051064044,0.999476380801,0.0323568265027,2.50432311242,1.95891884511,0,0,0
legacy_r2,4.45,14.1939398701,9.94131977944,0.999476098026,0.032365560009,2.52884231238,1.98237182153,0,0,0
legacy_r2,4.475,14.2189267659,9.94212912367,0.999475832166,0.0323737689358,2.55336875942,2.00585192741,0,0,0
legacy_r2,4.5,14.2439136555,9.94293866077,0.999475582239,0.0323814840165,2.57790229093,2.02935847939,0,0,0
legacy_r2,4.525,14.2689005392,9.94374837912,0.999475347315,0.0323887343019,2.60244274918,2.05289081598,0,0,0
legacy_r2,4.55,14.2938874173,9.94455826781,0.999475126513,0.0323955472409,2.62698998108,2.0764482968,0,0,0
legacy_r2,4.575,14.3188742903,9.94536831652,0.999474919003,0.0324019487586,2.65154383806,2.10003030176,0,0,0
legacy_r2,4.6,14.3438611584,9.94617851561,0.999474723999,0.0324079633314,2.67610417587,2.12363623027,0,0,0
legacy_r2,4.625,14.3688480219,9.94698885596,0.999474540758,0.0324136140596,2.70067085446,2.14726550051,0,0,0
legacy_r2,4.65,14.3938348812,9.94779932903,0.99947436858,0.0324189227365,2.72524373779,2.17091754878,0,0,0
legacy_r2,4.675,14.4188217363,9.94860992678,0.999474206804,0.0324239099157,2.74982269368,2.19459182875,0,0,0
legacy_r2,4.7,14.4438085877,9.94942064165,0.999474054805,0.0324285949747,2.77440759374,2.21828781089,0,0,0
legacy_r2,4.725,14.4687954355,9.95023146655,0.999473911995,0.0324329961767,2.79899831315,2.2420049818,0,0,0
legacy_r2,4.75,14.4937822799,9.95104239482,0.99947377782,0.0324371307291,2.82359473058,2.26574284366,0,0,0
legacy_r2,4.775,14.5187691212,9.95185342019,0.999473651757,0.0324410148396,2.84819672808,2.28950091362,0,0,0
legacy_r2,4.8,14.5437559596,9.95266453679,0.999473533313,0.0324446637702,2.87280419094,2.31327872331,0,0,0
legacy_r2,4.825,14.5687427951,9.95347573909,0.999473422024,0.0324480918882,2.89741700757,2.33707581829,0,0,0
legacy_r2,4.85,14.5937296281,9.9542870219,0.999473317454,0.0324513127151,2.92203506941,2.36089175755,0,0,0
legacy_r2,4.875,14.6187164585,9.95509838038,0.999473219192,0.0324543389734,2.94665827083,2.38472611305,0,0,0
legacy_r2,4.9,14.6437032867,9.95590980994,0.99947312685,0.0324571826305,2.97128650903,2.40857846925,0,0,0
legacy_r2,4.925,14.6686901127,9.95672130632,0.999473040065,0.0324598549416,2.99591968394,2.43244842268,0,0,0
legacy_r2,4.95,14.6936769367,9.95753286548,0.999472958495,0.0324623664892,3.02055769811,2.4563355815,0,0,0
legacy_r2,4.975,14.7186637587,9.95834448366,0.999472881816,0.0324647272217,3.04520045666,2.48023956512,0,0,0
legacy_r2,5,14.743650579,9.95915615732,0.999472809728,0.0324669464893,3.0698478672,2.5041600038,0,0,0
legacy_r2,5.025,14.7686373975,9.95996788315,0.999472741945,0.0324690330786,3.09449983968,2.52809653827,0,0,0
legacy_r2,5.05,14.7936242145,9.96077965803,0.9994726782,0.0324709952452,3.1191562864,2.55204881938,0,0,0
legacy_r2,5.075,14.8186110299,9.96159147905,0.999472618241,0.0324728407447,3.14381712189,2.57601650776,0,0,0
legacy_r2,5.1,14.843597844,9.96240334347,0.999472561833,0.0324745768616,3.16848226285,2.59999927349,0,0,0
legacy_r2,5.125,14.8685846567,9.96321524873,0.999472508754,0.0324762104377,3.19315162805,2.62399679577,0,0,0
legacy_r2,5.15,14.8935714682,9.96402719243,0.999472458796,0.0324777478979,3.21782513833,2.64800876262,0,0,0
legacy_r2,5.175,14.9185582784,9.96483917231,0.999472411762,0.0324791952752,3.24250271648,2.67203487059,0,0,0
legacy_r2,5.2,14.9435450876,9.96565118627,0.99947236747,0.0324805582344,3.26718428719,2.69607482449,0,0,0
legacy_r2,5.225,14.9685318958,9.96646323232,0.999472325747,0.0324818420941,3.29186977701,2.7201283371,0,0,0
legacy_r2,5.25,14.9935187029,9.96727530861,0.999472286431,0.0324830518478,3.31655911428,2.7441951289,0,0,0
legacy_r2,5.275,15.0185055092,9.96808741342,0.999472249369,0.0324841921842,3.34125222907,2.76827492785,0,0,0
legacy_r2,5.3,15.0434923145,9.96889954511,0.999472214419,0.0324852675053,3.36594905315,2.79236746913,0,0,0
legacy_r2,5.325,15.0684791191,9.96971170216,0.999472181446,0.0324862819449,3.39064951991,2.81647249491,0,0,0
legacy_r2,5.35,15.0934659228,9.97052388314,0.999472150326,0.0324872393851,3.41535356432,2.84058975412,0,0,0
legacy_r2,5.375,15.1184527258,9.97133608673,0.999472120939,0.0324881434721,3.44006112291,2.86471900224,0,0,0
legacy_r2,5.4,15.1434395282,9.97214831167,0.999472093174,0.0324889976315,3.46477213368,2.88886000112,0,0,0
legacy_r2,5.425,15.1684263299,9.97296055679,0.999472066926,0.0324898050827,3.4894865361,2.9130125187,0,0,0
legacy_r2,5.45,15.1934131309,9.97377282102,0.999472042098,0.0324905688519,3.51420427102,2.93717632893,0,0,0
legacy_r2,5.475,15.2183999314,9.97458510331,0.999472018597,0.0324912917857,3.53892528068,2.96135121149,0,0,0
legacy_r2,5.5,15.2433867313,9.97539740272,0.999471996336,0.0324919765627,3.56364950863,2.98553695164,0,0,0
legacy_r2,5.525,15.2683735307,9.97620971837,0.999471975232,0.0324926257057,3.58837689973,3.00973334008,0,0,0
legacy_r2,5.55,15.2933603295,9.97702204941,0.99947195521,0.0324932415924,3.61310740007,3.03394017275,0,0,0
legacy_r2,5.575,15.3183471279,9.97783439507,0.999471936195,0.0324938264666,3.63784095696,3.05815725067,0,0,0
legacy_r2,5.6,15.3433339259,9.97864675463,0.999471918119,0.0324943824482,3.6625775189,3.08238437979,0,0,0
legacy_r2,5.625,15.3683207234,9.97945912742,0.999471900918,0.0324949115439,3.68731703555,3.10662137085,0,0,0
legacy_r2,5.65,15.3933075205,9.98027151281,0.999471884528,0.0324954156563,3.71205945766,3.13086803924,0,0,0
legacy_r2,5.675,15.4182943173,9.98108391023,0.999471868891,0.0324958965948,3.73680473708,3.15512420484,0,0,0
legacy_r2,5.7,15.4432811136,9.98189631913,0.999471853951,0.0324963560847,3.76155282673,3.1793896919,0,0,0
legacy_r2,5.725,15.4682679096,9.98270873902,0.999471839655,0.0324967957777,3.78630368054,3.20366432891,0,0,0
legacy_r2,5.75,15.4932547052,9.98352116945,0.999471825951,0.0324972172629,3.81105725344,3.22794794846,0,0,0
legacy_r2,5.775,15.5182415006,9.98433361001,0.999471812789,0.0324976220776,3.83581350135,3.25224038715,0,0,0
legacy_r2,5.8,15.5432282956,9.9851460603,0.99947180012,0.0324980117201,3.86057238113,3.27654148544,0,0,0
legacy_r2,5.825,15.5682150903,9.98595851999,0.999471787896,0.0324983876639,3.88533385055,3.30085108758,0,0,0
legacy_r2,5.85,15.5932018847,9.98677098877,0.999471776069,0.0324987513737,3.91009786829,3.32516904145,0,0,0
legacy_r2,5.875,15.6181886788,9.98758346638,0.999471764593,0.0324991043252,3.93486439391,3.34949519848,0,0,0
legacy_r2,5.9,15.6431754726,9.98839595258,0.999471753417,0.0324994480296,3.95963338781,3.37382941356,0,0,0
legacy_r2,5.925,15.6681622662,9.98920844718,0.99947174249,0.0324997840645,3.98440481122,3.39817154492,0,0,0
legacy_r2,5.95,15.6931490595,9.99002095004,0.999471731758,0.0325001141151,4.00917862618,3.42252145404,0,0,0
legacy_r2,5.975,15.7181358525,9.99083346104,0,0,4.03395479554,3.44687900557,0,0,1
legacy_r2,6,15.7181358525,9.99083346104,0,0,4.03395479554,3.44687900557,0,0,1
legacy_r2,6.025,15.7181358525,9.99083346104,0,0,4.03395479554,3.44687900557,0,0,1
legacy_r2,6.05,15.7181358525,9.99083346104,0,0,4.03395479554,3.44687900557,0,0,1
legacy_r2,6.075,15.7181358525,9.99083346104,0,0,4.03395479554,3.44687900557,0,0,1
legacy_r2,6.1,15.7181358525,9.99083346104,0,0,4.03395479554,3.44687900557,0,0,1
legacy_r2,6.125,15.7181358525,9.99083346104,0,0,4.03395479554,3.44687900557,0,0,1
legacy_r2,6.15,15.7181358525,9.99083346104,0,0,4.03395479554,3.44687900557,0,0,1
legacy_r2,6.175,15.7181358525,9.99083346104,0,0,4.03395479554,3.44687900557,0,0,1
legacy_r2,6.2,15.7181358525,9.99083346104,0,0,4.03395479554,3.44687900557,0,0,1
legacy_r2,6.225,15.7181358525,9.99083346104,0,0,4.03395479554,3.44687900557,0,0,1
legacy_r2,6.25,15.7181358525,9.99083346104,0,0,4.03395479554,3.44687900557,0,0,1
legacy_r2,6.275,15.7181358525,9.99083346104,0,0,4.03395479554,3.44687900557,0,0,1
legacy_r2,6.3,15.7181358525,9.99083346104,0,0,4.03395479554,3.44687900557,0,0,1
legacy_r2,6.325,15.7181358525,9.99083346104,0,0,4.03395479554,3.44687900557,0,0,1
legacy_r2,6.35,15.7181358525,9.99083346104,0,0,4.03395479554,3.44687900557,0,0,1
legacy_r2,6.375,15.7181358525,9.99083346104,0,0,4.03395479554,3.44687900557,0,0,1
legacy_r2,6.4,15.7181358525,9.99083346104,0,0,4.03395479554,3.44687900557,0,0,1
legacy_r2,6.425,15.7181358525,9.99083346104,0,0,4.03395479554,3.44687900557,0,0,1
legacy_r2,6.45,15.7181358525,9.99083346104,0,0,4.03395479554,3.44687900557,0,0,1
legacy_r2,6.475,15.7181358525,9.99083346104,0,0,4.03395479554,3.44687900557,0,0,1
legacy_r2,6.5,15.7181358525,9.99083346104,0,0,4.03395479554,3.44687900557,0,0,1
legacy_r2,6.525,15.7181358525,9.99083346104,0,0,4.03395479554,3.44687900557,0,0,1
legacy_r2,6.55,15.7181358525,9.99083346104,0,0,4.03395479554,3.44687900557,0,0,1
legacy_r2,6.575,15.7181358525,9.99083346104,0,0,4.03395479554,3.44687900557,0,0,1
legacy_r2,6.6,15.7181358525,9.99083346104,0,0,4.03395479554,3.44687900557,0,0,1
legacy_r2,6.625,15.7181358525,9.99083346104,0,0,4.03395479554,3.44687900557,0,0,1
legacy_r2,6.65,15.7181358525,9.99083346104,0,0,4.03395479554,3.44687900557,0,0,1
legacy_r2,6.675,15.7181358525,9.99083346104,0,0,4.03395479554,3.44687900557,0,0,1
legacy_r2,6.7,15.7181358525,9.99083346104,0,0,4.03395479554,3.44687900557,0,0,1
legacy_r2,6.725,15.7181358525,9.99083346104,0,0,4.03395479554,3.44687900557,0,0,1
legacy_r2,6.75,15.7181358525,9.99083346104,0,0,4.03395479554,3.44687900557,0,0,1
legacy_r2,6.775,15.7181358525,9.99083346104,0,0,4.03395479554,3.44687900557,0,0,1
legacy_r2,6.8,15.7181358525,9.99083346104,0,0,4.03395479554,3.44687900557,0,0,1
legacy_r2,6.825,15.7181358525,9.99083346104,0,0,4.03395479554,3.44687900557,0,0,1
legacy_r2,6.85,15.7181358525,9.99083346104,0,0,4.03395479554,3.44687900557,0,0,1
legacy_r2,6.875,15.7181358525,9.99083346104,0,0,4.03395479554,3.44687900557,0,0,1
legacy_r2,6.9,15.7181358525,9.99083346104,0,0,4.03395479554,3.44687900557,0,0,1
legacy_r2,6.925,15.7181358525,9.99083346104,0,0,4.03395479554,3.44687900557,0,0,1
legacy_r2,6.95,15.7181358525,9.99083346104,0,0,4.03395479554,3.44687900557,0,0,1
legacy_r2,6.975,15.7181358525,9.99083346104,0,0,4.03395479554,3.44687900557,0,0,1
legacy_r2,7,15.7181358525,9.99083346104,0,0,4.03395479554,3.44687900557,0,0,1
legacy_r2,7.025,15.7181358525,9.99083346104,0,0,4.03395479554,3.44687900557,0,0,1
legacy_r2,7.05,15.7181358525,9.99083346104,0,0,4.03395479554,3.44687900557,0,0,1
legacy_r2,7.075,15.7181358525,9.99083346104,0,0,4.03395479554,3.44687900557,0,0,1
legacy_r2,7.1,15.7181358525,9.99083346104,0,0,4.03395479554,3.44687900557,0,0,1
legacy_r2,7.125,15.7181358525,9.99083346104,0,0,4.03395479554,3.44687900557,0,0,1
legacy_r2,7.15,15.7181358525,9.99083346104,0,0,4.03395479554,3.44687900557,0,0,1
legacy_r2,7.175,15.7181358525,9.99083346104,0,0,4.03395479554,3.44687900557,0,0,1
legacy_r2,7.2,15.7181358525,9.99083346104,0,0,4.03395479554,3.44687900557,0,0,1
legacy_r2,7.225,15.7181358525,9.99083346104,0,0,4.03395479554,3.44687900557,0,0,1
legacy_r2,7.25,15.7181358525,9.99083346104,0,0,4.03395479554,3.44687900557,0,0,1
legacy_r2,7.275,15.7181358525,9.99083346104,0,0,4.03395479554,3.44687900557,0,0,1
legacy_r2,7.3,15.7181358525,9.99083346104,0,0,4.03395479554,3.44687900557,0,0,1
legacy_r2,7.325,15.7181358525,9.99083346104,0,0,4.03395479554,3.44687900557,0,0,1
legacy_r2,7.35,15.7181358525,9.99083346104,0,0,4.03395479554,3.44687900557,0,0,1
legacy_r2,7.375,15.7181358525,9.99083346104,0,0,4.03395479554,3.44687900557,0,0,1
legacy_r2,7.4,15.7181358525,9.99083346104,0,0,4.03395479554,3.44687900557,0,0,1
legacy_r2,7.425,15.7181358525,9.99083346104,0,0,4.03395479554,3.44687900557,0,0,1
legacy_r2,7.45,15.7181358525,9.99083346104,0,0,4.03395479554,3.44687900557,0,0,1
legacy_r2,7.475,15.7181358525,9.99083346104,0,0,4.03395479554,3.44687900557,0,0,1
legacy_r2,7.5,15.7181358525,9.99083346104,0,0,4.03395479554,3.44687900557,0,0,1
legacy_r2,7.525,15.7181358525,9.99083346104,0,0,4.03395479554,3.44687900557,0,0,1
legacy_r2,7.55,15.7181358525,9.99083346104,0,0,4.03395479554,3.44687900557,0,0,1
legacy_r2,7.575,15.7181358525,9.99083346104,0,0,4.03395479554,3.44687900557,0,0,1
legacy_r2,7.6,15.7181358525,9.99083346104,0,0,4.03395479554,3.44687900557,0,0,1
legacy_r2,7.625,15.7181358525,9.99083346104,0,0,4.03395479554,3.44687900557,0,0,1
legacy_r2,7.65,15.7181358525,9.99083346104,0,0,4.03395479554,3.44687900557,0,0,1
legacy_r2,7.675,15.7181358525,9.99083346104,0,0,4.03395479554,3.44687900557,0,0,1
legacy_r2,7.7,15.7181358525,9.99083346104,0,0,4.03395479554,3.44687900557,0,0,1
legacy_r2,7.725,15.7181358525,9.99083346104,0,0,4.03395479554,3.44687900557,0,0,1
legacy_r2,7.75,15.7181358525,9.99083346104,0,0,4.03395479554,3.44687900557,0,0,1
legacy_r2,7.775,15.7181358525,9.99083346104,0,0,4.03395479554,3.44687900557,0,0,1
legacy_r2,7.8,15.7181358525,9.99083346104,0,0,4.03395479554,3.44687900557,0,0,1
legacy_r2,7.825,15.7181358525,9.99083346104,0,0,4.03395479554,3.44687900557,0,0,1
legacy_r2,7.85,15.7181358525,9.99083346104,0,0,4.03395479554,3.44687900557,0,0,1
legacy_r2,7.875,15.7181358525,9.99083346104,0,0,4.03395479554,3.44687900557,0,0,1
legacy_r2,7.9,15.7181358525,9.99083346104,0,0,4.03395479554,3.44687900557,0,0,1
legacy_r2,7.925,15.7181358525,9.99083346104,0,0,4.03395479554,3.44687900557,0,0,1
legacy_r2,7.95,15.7181358525,9.99083346104,0,0,4.03395479554,3.44687900557,0,0,1
legacy_r2,7.975,15.7181358525,9.99083346104,0,0,4.03395479554,3.44687900557,0,0,1
legacy_r2,8,15.7181358525,9.99083346104,0,0,4.03395479554,3.44687900557,0,0,1
legacy_r2,8.025,15.7181358525,9.99083346104,0,0,4.03395479554,3.44687900557,0,0,1
legacy_r2,8.05,15.7181358525,9.99083346104,0,0,4.03395479554,3.44687900557,0,0,1
legacy_r2,8.075,15.7181358525,9.99083346104,0,0,4.03395479554,3.44687900557,0,0,1
legacy_r2,8.1,15.7181358525,9.99083346104,0,0,4.03395479554,3.44687900557,0,0,1
legacy_r2,8.125,15.7181358525,9.99083346104,0,0,4.03395479554,3.44687900557,0,0,1
legacy_r2,8.15,15.7181358525,9.99083346104,0,0,4.03395479554,3.44687900557,0,0,1
legacy_r2,8.175,15.7181358525,9.99083346104,0,0,4.03395479554,3.44687900557,0,0,1
legacy_r2,8.2,15.7181358525,9.99083346104,0,0,4.03395479554,3.44687900557,0,0,1
legacy_r2,8.225,15.7181358525,9.99083346104,0,0,4.03395479554,3.44687900557,0,0,1
legacy_r2,8.25,15.7181358525,9.99083346104,0,0,4.03395479554,3.44687900557,0,0,1
legacy_r2,8.275,15.7181358525,9.99083346104,0,0,4.03395479554,3.44687900557,0,0,1
legacy_r2,8.3,15.7181358525,9.99083346104,0,0,4.03395479554,3.44687900557,0,0,1
legacy_r2,8.325,15.7181358525,9.99083346104,0,0,4.03395479554,3.44687900557,0,0,1
legacy_r2,8.35,15.7181358525,9.99083346104,0,0,4.03395479554,3.44687900557,0,0,1
legacy_r2,8.375,15.7181358525,9.99083346104,0,0,4.03395479554,3.44687900557,0,0,1
legacy_r2,8.4,15.7181358525,9.99083346104,0,0,4.03395479554,3.44687900557,0,0,1
legacy_r2,8.425,15.7181358525,9.99083346104,0,0,4.03395479554,3.44687900557,0,0,1
legacy_r2,8.45,15.7181358525,9.99083346104,0,0,4.03395479554,3.44687900557,0,0,1
legacy_r2,8.475,15.7181358525,9.99083346104,0,0,4.03395479554,3.44687900557,0,0,1
legacy_r2,8.5,15.7181358525,9.99083346104,0,0,4.03395479554,3.44687900557,0,0,1
legacy_r2,8.525,15.7181358525,9.99083346104,0,0,4.03395479554,3.44687900557,0,0,1
legacy_r2,8.55,15.7181358525,9.99083346104,0,0,4.03395479554,3.44687900557,0,0,1
legacy_r2,8.575,15.7181358525,9.99083346104,0,0,4.03395479554,3.44687900557,0,0,1
legacy_r2,8.6,15.7181358525,9.99083346104,0,0,4.03395479554,3.44687900557,0,0,1
legacy_r2,8.625,15.7181358525,9.99083346104,0,0,4.03395479554,3.44687900557,0,0,1
legacy_r2,8.65,15.7181358525,9.99083346104,0,0,4.03395479554,3.44687900557,0,0,1
legacy_r2,8.675,15.7181358525,9.99083346104,0,0,4.03395479554,3.44687900557,0,0,1
legacy_r2,8.7,15.7181358525,9.99083346104,0,0,4.03395479554,3.44687900557,0,0,1
legacy_r2,8.725,15.7181358525,9.99083346104,0,0,4.03395479554,3.44687900557,0,0,1
legacy_r2,8.75,15.7181358525,9.99083346104,0,0,4.03395479554,3.44687900557,0,0,1
legacy_r2,8.775,15.7181358525,9.99083346104,0,0,4.03395479554,3.44687900557,0,0,1
legacy_r2,8.8,15.7181358525,9.99083346104,0,0,4.03395479554,3.44687900557,0,0,1
legacy_r2,8.825,15.7181358525,9.99083346104,0,0,4.03395479554,3.44687900557,0,0,1
legacy_r2,8.85,15.7181358525,9.99083346104,0,0,4.03395479554,3.44687900557,0,0,1
legacy_r2,8.875,15.7181358525,9.99083346104,0,0,4.03395479554,3.44687900557,0,0,1
legacy_r2,8.9,15.7181358525,9.99083346104,0,0,4.03395479554,3.44687900557,0,0,1
legacy_r2,8.925,15.7181358525,9.99083346104,0,0,4.03395479554,3.44687900557,0,0,1
legacy_r2,8.95,15.7181358525,9.99083346104,0,0,4.03395479554,3.44687900557,0,0,1
legacy_r2,8.975,15.7181358525,9.99083346104,0,0,4.03395479554,3.44687900557,0,0,1
legacy_r2,9,15.7181358525,9.99083346104,0,0,4.03395479554,3.44687900557,0,0,1
legacy_r2,9.025,15.7181358525,9.99083346104,0,0,4.03395479554,3.44687900557,0,0,1
legacy_r2,9.05,15.7181358525,9.99083346104,0,0,4.03395479554,3.44687900557,0,0,1
legacy_r2,9.075,15.7181358525,9.99083346104,0,0,4.03395479554,3.44687900557,0,0,1
legacy_r2,9.1,15.7181358525,9.99083346104,0,0,4.03395479554,3.44687900557,0,0,1
legacy_r2,9.125,15.7181358525,9.99083346104,0,0,4.03395479554,3.44687900557,0,0,1
legacy_r2,9.15,15.7181358525,9.99083346104,0,0,4.03395479554,3.44687900557,0,0,1
legacy_r2,9.175,15.7181358525,9.99083346104,0,0,4.03395479554,3.44687900557,0,0,1
legacy_r2,9.2,15.7181358525,9.99083346104,0,0,4.03395479554,3.44687900557,0,0,1
legacy_r2,9.225,15.7181358525,9.99083346104,0,0,4.03395479554,3.44687900557,0,0,1
legacy_r2,9.25,15.7181358525,9.99083346104,0,0,4.03395479554,3.44687900557,0,0,1
legacy_r2,9.275,15.7181358525,9.99083346104,0,0,4.03395479554,3.44687900557,0,0,1
legacy_r2,9.3,15.7181358525,9.99083346104,0,0,4.03395479554,3.44687900557,0,0,1
legacy_r2,9.325,15.7181358525,9.99083346104,0,0,4.03395479554,3.44687900557,0,0,1
legacy_r2,9.35,15.7181358525,9.99083346104,0,0,4.03395479554,3.44687900557,0,0,1
legacy_r2,9.375,15.7181358525,9.99083346104,0,0,4.03395479554,3.44687900557,0,0,1
legacy_r2,9.4,15.7181358525,9.99083346104,0,0,4.03395479554,3.44687900557,0,0,1
legacy_r2,9.425,15.7181358525,9.99083346104,0,0,4.03395479554,3.44687900557,0,0,1
legacy_r2,9.45,15.7181358525,9.99083346104,0,0,4.03395479554,3.44687900557,0,0,1
legacy_r2,9.475,15.7181358525,9.99083346104,0,0,4.03395479554,3.44687900557,0,0,1
legacy_r2,9.5,15.7181358525,9.99083346104,0,0,4.03395479554,3.44687900557,0,0,1
legacy_r2,9.525,15.7181358525,9.99083346104,0,0,4.03395479554,3.44687900557,0,0,1
legacy_r2,9.55,15.7181358525,9.99083346104,0,0,4.03395479554,3.44687900557,0,0,1
legacy_r2,9.575,15.7181358525,9.99083346104,0,0,4.03395479554,3.44687900557,0,0,1
legacy_r2,9.6,15.7181358525,9.99083346104,0,0,4.03395479554,3.44687900557,0,0,1
legacy_r2,9.625,15.7181358525,9.99083346104,0,0,4.03395479554,3.44687900557,0,0,1
legacy_r2,9.65,15.7181358525,9.99083346104,0,0,4.03395479554,3.44687900557,0,0,1
legacy_r2,9.675,15.7181358525,9.99083346104,0,0,4.03395479554,3.44687900557,0,0,1
legacy_r2,9.7,15.7181358525,9.99083346104,0,0,4.03395479554,3.44687900557,0,0,1
legacy_r2,9.725,15.7181358525,9.99083346104,0,0,4.03395479554,3.44687900557,0,0,1
legacy_r2,9.75,15.7181358525,9.99083346104,0,0,4.03395479554,3.44687900557,0,0,1
legacy_r2,9.775,15.7181358525,9.99083346104,0,0,4.03395479554,3.44687900557,0,0,1
legacy_r2,9.8,15.7181358525,9.99083346104,0,0,4.03395479554,3.44687900557,0,0,1
legacy_r2,9.825,15.7181358525,9.99083346104,0,0,4.03395479554,3.44687900557,0,0,1
legacy_r2,9.85,15.7181358525,9.99083346104,0,0,4.03395479554,3.44687900557,0,0,1
legacy_r2,9.875,15.7181358525,9.99083346104,0,0,4.03395479554,3.44687900557,0,0,1
legacy_r2,9.9,15.7181358525,9.99083346104,0,0,4.03395479554,3.44687900557,0,0,1
legacy_r2,9.925,15.7181358525,9.99083346104,0,0,4.03395479554,3.44687900557,0,0,1
legacy_r2,9.95,15.7181358525,9.99083346104,0,0,4.03395479554,3.44687900557,0,0,1
legacy_r2,9.975,15.7181358525,9.99083346104,0,0,4.03395479554,3.44687900557,0,0,1
legacy_r2,10,15.7181358525,9.99083346104,0,0,4.03395479554,3.44687900557,0,0,1
legacy_r2,10.025,15.7181358525,9.99083346104,0,0,4.03395479554,3.44687900557,0,0,1
legacy_r2,10.05,15.7181358525,9.99083346104,0,0,4.03395479554,3.44687900557,0,0,1
legacy_r2,10.075,15.7181358525,9.99083346104,0,0,4.03395479554,3.44687900557,0,0,1
legacy_r2,10.1,15.7181358525,9.99083346104,0,0,4.03395479554,3.44687900557,0,0,1
legacy_r2,10.125,15.7181358525,9.99083346104,0,0,4.03395479554,3.44687900557,0,0,1
legacy_r2,10.15,15.7181358525,9.99083346104,0,0,4.03395479554,3.44687900557,0,0,1
legacy_r2,10.175,15.7181358525,9.99083346104,0,0,4.03395479554,3.44687900557,0,0,1
legacy_r2,10.2,15.7181358525,9.99083346104,0,0,4.03395479554,3.44687900557,0,0,1
legacy_r2,10.225,15.7181358525,9.99083346104,0,0,4.03395479554,3.44687900557,0,0,1
legacy_r2,10.25,15.7181358525,9.99083346104,0,0,4.03395479554,3.44687900557,0,0,1
legacy_r2,10.275,15.7181358525,9.99083346104,0,0,4.03395479554,3.44687900557,0,0,1
legacy_r2,10.3,15.7181358525,9.99083346104,0,0,4.03395479554,3.44687900557,0,0,1
legacy_r2,10.325,15.7181358525,9.99083346104,0,0,4.03395479554,3.44687900557,0,0,1
legacy_r2,10.35,15.7181358525,9.99083346104,0,0,4.03395479554,3.44687900557,0,0,1
legacy_r2,10.375,15.7181358525,9.99083346104,0,0,4.03395479554,3.44687900557,0,0,1
legacy_r2,10.4,15.7181358525,9.99083346104,0,0,4.03395479554,3.44687900557,0,0,1
legacy_r2,10.425,15.7181358525,9.99083346104,0,0,4.03395479554,3.44687900557,0,0,1
legacy_r2,10.45,15.7181358525,9.99083346104,0,0,4.03395479554,3.44687900557,0,0,1
legacy_r2,10.475,15.7181358525,9.99083346104,0,0,4.03395479554,3.44687900557,0,0,1
legacy_r2,10.5,15.7181358525,9.99083346104,0,0,4.03395479554,3.44687900557,0,0,1
legacy_r2,10.525,15.7181358525,9.99083346104,0,0,4.03395479554,3.44687900557,0,0,1
legacy_r2,10.55,15.7181358525,9.99083346104,0,0,4.03395479554,3.44687900557,0,0,1
legacy_r2,10.575,15.7181358525,9.99083346104,0,0,4.03395479554,3.44687900557,0,0,1
legacy_r2,10.6,15.7181358525,9.99083346104,0,0,4.03395479554,3.44687900557,0,0,1
legacy_r2,10.625,15.7181358525,9.99083346104,0,0,4.03395479554,3.44687900557,0,0,1
legacy_r2,10.65,15.7181358525,9.99083346104,0,0,4.03395479554,3.44687900557,0,0,1
legacy_r2,10.675,15.7181358525,9.99083346104,0,0,4.03395479554,3.44687900557,0,0,1
legacy_r2,10.7,15.7181358525,9.99083346104,0,0,4.03395479554,3.44687900557,0,0,1
legacy_r2,10.725,15.7181358525,9.99083346104,0,0,4.03395479554,3.44687900557,0,0,1
legacy_r2,10.75,15.7181358525,9.99083346104,0,0,4.03395479554,3.44687900557,0,0,1
legacy_r2,10.775,15.7181358525,9.99083346104,0,0,4.03395479554,3.44687900557,0,0,1
legacy_r2,10.8,15.7181358525,9.99083346104,0,0,4.03395479554,3.44687900557,0,0,1
legacy_r2,10.825,15.7181358525,9.99083346104,0,0,4.03395479554,3.44687900557,0,0,1
legacy_r2,10.85,15.7181358525,9.99083346104,0,0,4.03395479554,3.44687900557,0,0,1
legacy_r2,10.875,15.7181358525,9.99083346104,0,0,4.03395479554,3.44687900557,0,0,1
legacy_r2,10.9,15.7181358525,9.99083346104,0,0,4.03395479554,3.44687900557,0,0,1
legacy_r2,10.925,15.7181358525,9.99083346104,0,0,4.03395479554,3.44687900557,0,0,1
legacy_r2,10.95,15.7181358525,9.99083346104,0,0,4.03395479554,3.44687900557,0,0,1
legacy_r2,10.975,15.7181358525,9.99083346104,0,0,4.03395479554,3.44687900557,0,0,1
legacy_r2,11,15.7181358525,9.99083346104,0,0,4.03395479554,3.44687900557,0,0,1
legacy_r2,11.025,15.7181358525,9.99083346104,0,0,4.03395479554,3.44687900557,0,0,1
legacy_r2,11.05,15.7181358525,9.99083346104,0,0,4.03395479554,3.44687900557,0,0,1
legacy_r2,11.075,15.7181358525,9.99083346104,0,0,4.03395479554,3.44687900557,0,0,1
legacy_r2,11.1,15.7181358525,9.99083346104,0,0,4.03395479554,3.44687900557,0,0,1
legacy_r2,11.125,15.7181358525,9.99083346104,0,0,4.03395479554,3.44687900557,0,0,1
legacy_r2,11.15,15.7181358525,9.99083346104,0,0,4.03395479554,3.44687900557,0,0,1
legacy_r2,11.175,15.7181358525,9.99083346104,0,0,4.03395479554,3.44687900557,0,0,1
legacy_r2,11.2,15.7181358525,9.99083346104,0,0,4.03395479554,3.44687900557,0,0,1
legacy_r2,11.225,15.7181358525,9.99083346104,0,0,4.03395479554,3.44687900557,0,0,1
legacy_r2,11.25,15.7181358525,9.99083346104,0,0,4.03395479554,3.44687900557,0,0,1
legacy_r2,11.275,15.7181358525,9.99083346104,0,0,4.03395479554,3.44687900557,0,0,1
legacy_r2,11.3,15.7181358525,9.99083346104,0,0,4.03395479554,3.44687900557,0,0,1
legacy_r2,11.325,15.7181358525,9.99083346104,0,0,4.03395479554,3.44687900557,0,0,1
legacy_r2,11.35,15.7181358525,9.99083346104,0,0,4.03395479554,3.44687900557,0,0,1
legacy_r2,11.375,15.7181358525,9.99083346104,0,0,4.03395479554,3.44687900557,0,0,1
legacy_r2,11.4,15.7181358525,9.99083346104,0,0,4.03395479554,3.44687900557,0,0,1
legacy_r2,11.425,15.7181358525,9.99083346104,0,0,4.03395479554,3.44687900557,0,0,1
legacy_r2,11.45,15.7181358525,9.99083346104,0,0,4.03395479554,3.44687900557,0,0,1
legacy_r2,11.475,15.7181358525,9.99083346104,0,0,4.03395479554,3.44687900557,0,0,1
legacy_r2,11.5,15.7181358525,9.99083346104,0,0,4.03395479554,3.44687900557,0,0,1
legacy_r2,11.525,15.7181358525,9.99083346104,0,0,4.03395479554,3.44687900557,0,0,1
legacy_r2,11.55,15.7181358525,9.99083346104,0,0,4.03395479554,3.44687900557,0,0,1
legacy_r2,11.575,15.7181358525,9.99083346104,0,0,4.03395479554,3.44687900557,0,0,1
legacy_r2,11.6,15.7181358525,9.99083346104,0,0,4.03395479554,3.44687900557,0,0,1
legacy_r2,11.625,15.7181358525,9.99083346104,0,0,4.03395479554,3.44687900557,0,0,1
legacy_r2,11.65,15.7181358525,9.99083346104,0,0,4.03395479554,3.44687900557,0,0,1
legacy_r2,11.675,15.7181358525,9.99083346104,0,0,4.03395479554,3.44687900557,0,0,1
legacy_r2,11.7,15.7181358525,9.99083346104,0,0,4.03395479554,3.44687900557,0,0,1
legacy_r2,11.725,15.7181358525,9.99083346104,0,0,4.03395479554,3.44687900557,0,0,1
legacy_r2,11.75,15.7181358525,9.99083346104,0,0,4.03395479554,3.44687900557,0,0,1
legacy_r2,11.775,15.7181358525,9.99083346104,0,0,4.03395479554,3.44687900557,0,0,1
legacy_r2,11.8,15.7181358525,9.99083346104,0,0,4.03395479554,3.44687900557,0,0,1
legacy_r2,11.825,15.7181358525,9.99083346104,0,0,4.03395479554,3.44687900557,0,0,1
legacy_r2,11.85,15.7181358525,9.99083346104,0,0,4.03395479554,3.44687900557,0,0,1
legacy_r2,11.875,15.7181358525,9.99083346104,0,0,4.03395479554,3.44687900557,0,0,1
legacy_r2,11.9,15.7181358525,9.99083346104,0,0,4.03395479554,3.44687900557,0,0,1
legacy_r2,11.925,15.7181358525,9.99083346104,0,0,4.03395479554,3.44687900557,0,0,1
legacy_r2,11.95,15.7181358525,9.99083346104,0,0,4.03395479554,3.44687900557,0,0,1
legacy_r2,11.975,15.7181358525,9.99083346104,0,0,4.03395479554,3.44687900557,0,0,1
legacy_r2,12,15.7181358525,9.99083346104,0,0,4.03395479554,3.44687900557,0,0,1
legacy_r2,12.025,15.7181358525,9.99083346104,0,0,4.03395479554,3.44687900557,0,0,1
legacy_r2,12.05,15.7181358525,9.99083346104,0,0,4.03395479554,3.44687900557,0,0,1
legacy_r2,12.075,15.7181358525,9.99083346104,0,0,4.03395479554,3.44687900557,0,0,1
legacy_r2,12.1,15.7181358525,9.99083346104,0,0,4.03395479554,3.44687900557,0,0,1
legacy_r2,12.125,15.7181358525,9.99083346104,0,0,4.03395479554,3.44687900557,0,0,1
legacy_r2,12.15,15.7181358525,9.99083346104,0,0,4.03395479554,3.44687900557,0,0,1
legacy_r2,12.175,15.7181358525,9.99083346104,0,0,4.03395479554,3.44687900557,0,0,1
legacy_r2,12.2,15.7181358525,9.99083346104,0,0,4.03395479554,3.44687900557,0,0,1
legacy_r2,12.225,15.7181358525,9.99083346104,0,0,4.03395479554,3.44687900557,0,0,1
legacy_r2,12.25,15.7181358525,9.99083346104,0,0,4.03395479554,3.44687900557,0,0,1
legacy_r2,12.275,15.7181358525,9.99083346104,0,0,4.03395479554,3.44687900557,0,0,1
legacy_r2,12.3,15.7181358525,9.99083346104,0,0,4.03395479554,3.44687900557,0,0,1
legacy_r2,12.325,15.7181358525,9.99083346104,0,0,4.03395479554,3.44687900557,0,0,1
legacy_r2,12.35,15.7181358525,9.99083346104,0,0,4.03395479554,3.44687900557,0,0,1
legacy_r2,12.375,15.7181358525,9.99083346104,0,0,4.03395479554,3.44687900557,0,0,1
legacy_r2,12.4,15.7181358525,9.99083346104,0,0,4.03395479554,3.44687900557,0,0,1
legacy_r2,12.425,15.7181358525,9.99083346104,0,0,4.03395479554,3.44687900557,0,0,1
legacy_r2,12.45,15.7181358525,9.99083346104,0,0,4.03395479554,3.44687900557,0,0,1
legacy_r2,12.475,15.7181358525,9.99083346104,0,0,4.03395479554,3.44687900557,0,0,1
legacy_r2,12.5,15.7181358525,9.99083346104,0,0,4.03395479554,3.44687900557,0,0,1
legacy_r2,12.525,15.7181358525,9.99083346104,0,0,4.03395479554,3.44687900557,0,0,1
legacy_r2,12.55,15.7181358525,9.99083346104,0,0,4.03395479554,3.44687900557,0,0,1
legacy_r2,12.575,15.7181358525,9.99083346104,0,0,4.03395479554,3.44687900557,0,0,1
legacy_r2,12.6,15.7181358525,9.99083346104,0,0,4.03395479554,3.44687900557,0,0,1
legacy_r2,12.625,15.7181358525,9.99083346104,0,0,4.03395479554,3.44687900557,0,0,1
legacy_r2,12.65,15.7181358525,9.99083346104,0,0,4.03395479554,3.44687900557,0,0,1
legacy_r2,12.675,15.7181358525,9.99083346104,0,0,4.03395479554,3.44687900557,0,0,1
legacy_r2,12.7,15.7181358525,9.99083346104,0,0,4.03395479554,3.44687900557,0,0,1
legacy_r2,12.725,15.7181358525,9.99083346104,0,0,4.03395479554,3.44687900557,0,0,1
legacy_r2,12.75,15.7181358525,9.99083346104,0,0,4.03395479554,3.44687900557,0,0,1
legacy_r2,12.775,15.7181358525,9.99083346104,0,0,4.03395479554,3.44687900557,0,0,1
legacy_r2,12.8,15.7181358525,9.99083346104,0,0,4.03395479554,3.44687900557,0,0,1
legacy_r2,12.825,15.7181358525,9.99083346104,0,0,4.03395479554,3.44687900557,0,0,1
legacy_r2,12.85,15.7181358525,9.99083346104,0,0,4.03395479554,3.44687900557,0,0,1
legacy_r2,12.875,15.7181358525,9.99083346104,0,0,4.03395479554,3.44687900557,0,0,1
legacy_r2,12.9,15.7181358525,9.99083346104,0,0,4.03395479554,3.44687900557,0,0,1
legacy_r2,12.925,15.7181358525,9.99083346104,0,0,4.03395479554,3.44687900557,0,0,1
legacy_r2,12.95,15.7181358525,9.99083346104,0,0,4.03395479554,3.44687900557,0,0,1
legacy_r2,12.975,15.7181358525,9.99083346104,0,0,4.03395479554,3.44687900557,0,0,1
legacy_r2,13,15.7181358525,9.99083346104,0,0,4.03395479554,3.44687900557,0,0,1
legacy_r2,13.025,15.7181358525,9.99083346104,0,0,4.03395479554,3.44687900557,0,0,1
legacy_r2,13.05,15.7181358525,9.99083346104,0,0,4.03395479554,3.44687900557,0,0,1
legacy_r2,13.075,15.7181358525,9.99083346104,0,0,4.03395479554,3.44687900557,0,0,1
legacy_r2,13.1,15.7181358525,9.99083346104,0,0,4.03395479554,3.44687900557,0,0,1
legacy_r2,13.125,15.7181358525,9.99083346104,0,0,4.03395479554,3.44687900557,0,0,1
legacy_r2,13.15,15.7181358525,9.99083346104,0,0,4.03395479554,3.44687900557,0,0,1
legacy_r2,13.175,15.7181358525,9.99083346104,0,0,4.03395479554,3.44687900557,0,0,1
legacy_r2,13.2,15.7181358525,9.99083346104,0,0,4.03395479554,3.44687900557,0,0,1
legacy_r2,13.225,15.7181358525,9.99083346104,0,0,4.03395479554,3.44687900557,0,0,1
legacy_r2,13.25,15.7181358525,9.99083346104,0,0,4.03395479554,3.44687900557,0,0,1
legacy_r2,13.275,15.7181358525,9.99083346104,0,0,4.03395479554,3.44687900557,0,0,1
legacy_r2,13.3,15.7181358525,9.99083346104,0,0,4.03395479554,3.44687900557,0,0,1
legacy_r2,13.325,15.7181358525,9.99083346104,0,0,4.03395479554,3.44687900557,0,0,1
legacy_r2,13.35,15.7181358525,9.99083346104,0,0,4.03395479554,3.44687900557,0,0,1
legacy_r2,13.375,15.7181358525,9.99083346104,0,0,4.03395479554,3.44687900557,0,0,1
legacy_r2,13.4,15.7181358525,9.99083346104,0,0,4.03395479554,3.44687900557,0,0,1
legacy_r2,13.425,15.7181358525,9.99083346104,0,0,4.03395479554,3.44687900557,0,0,1
legacy_r2,13.45,15.7181358525,9.99083346104,0,0,4.03395479554,3.44687900557,0,0,1
legacy_r2,13.475,15.7181358525,9.99083346104,0,0,4.03395479554,3.44687900557,0,0,1
legacy_r2,13.5,15.7181358525,9.99083346104,0,0,4.03395479554,3.44687900557,0,0,1
legacy_r2,13.525,15.7181358525,9.99083346104,0,0,4.03395479554,3.44687900557,0,0,1
legacy_r2,13.55,15.7181358525,9.99083346104,0,0,4.03395479554,3.44687900557,0,0,1
legacy_r2,13.575,15.7181358525,9.99083346104,0,0,4.03395479554,3.44687900557,0,0,1
legacy_r2,13.6,15.7181358525,9.99083346104,0,0,4.03395479554,3.44687900557,0,0,1
legacy_r2,13.625,15.7181358525,9.99083346104,0,0,4.03395479554,3.44687900557,0,0,1
legacy_r2,13.65,15.7181358525,9.99083346104,0,0,4.03395479554,3.44687900557,0,0,1
legacy_r2,13.675,15.7181358525,9.99083346104,0,0,4.03395479554,3.44687900557,0,0,1
legacy_r2,13.7,15.7181358525,9.99083346104,0,0,4.03395479554,3.44687900557,0,0,1
legacy_r2,13.725,15.7181358525,9.99083346104,0,0,4.03395479554,3.44687900557,0,0,1
legacy_r2,13.75,15.7181358525,9.99083346104,0,0,4.03395479554,3.44687900557,0,0,1
legacy_r2,13.775,15.7181358525,9.99083346104,0,0,4.03395479554,3.44687900557,0,0,1
legacy_r2,13.8,15.7181358525,9.99083346104,0,0,4.03395479554,3.44687900557,0,0,1
legacy_r2,13.825,15.7181358525,9.99083346104,0,0,4.03395479554,3.44687900557,0,0,1
legacy_r2,13.85,15.7181358525,9.99083346104,0,0,4.03395479554,3.44687900557,0,0,1
legacy_r2,13.875,15.7181358525,9.99083346104,0,0,4.03395479554,3.44687900557,0,0,1
legacy_r2,13.9,15.7181358525,9.99083346104,0,0,4.03395479554,3.44687900557,0,0,1
legacy_r2,13.925,15.7181358525,9.99083346104,0,0,4.03395479554,3.44687900557,0,0,1
legacy_r2,13.95,15.7181358525,9.99083346104,0,0,4.03395479554,3.44687900557,0,0,1
legacy_r2,13.975,15.7181358525,9.99083346104,0,0,4.03395479554,3.44687900557,0,0,1
legacy_r2,14,15.7181358525,9.99083346104,0,0,4.03395479554,3.44687900557,0,0,1
legacy_r2,14.025,15.7181358525,9.99083346104,0,0,4.03395479554,3.44687900557,0,0,1
legacy_r2,14.05,15.7181358525,9.99083346104,0,0,4.03395479554,3.44687900557,0,0,1
legacy_r2,14.075,15.7181358525,9.99083346104,0,0,4.03395479554,3.44687900557,0,0,1
legacy_r2,14.1,15.7181358525,9.99083346104,0,0,4.03395479554,3.44687900557,0,0,1
legacy_r2,14.125,15.7181358525,9.99083346104,0,0,4.03395479554,3.44687900557,0,0,1
legacy_r2,14.15,15.7181358525,9.99083346104,0,0,4.03395479554,3.44687900557,0,0,1
legacy_r2,14.175,15.7181358525,9.99083346104,0,0,4.03395479554,3.44687900557,0,0,1
legacy_r2,14.2,15.7181358525,9.99083346104,0,0,4.03395479554,3.44687900557,0,0,1
legacy_r2,14.225,15.7181358525,9.99083346104,0,0,4.03395479554,3.44687900557,0,0,1
legacy_r2,14.25,15.7181358525,9.99083346104,0,0,4.03395479554,3.44687900557,0,0,1
legacy_r2,14.275,15.7181358525,9.99083346104,0,0,4.03395479554,3.44687900557,0,0,1
legacy_r2,14.3,15.7181358525,9.99083346104,0,0,4.03395479554,3.44687900557,0,0,1
legacy_r2,14.325,15.7181358525,9.99083346104,0,0,4.03395479554,3.44687900557,0,0,1
legacy_r2,14.35,15.7181358525,9.99083346104,0,0,4.03395479554,3.44687900557,0,0,1
legacy_r2,14.375,15.7181358525,9.99083346104,0,0,4.03395479554,3.44687900557,0,0,1
legacy_r2,14.4,15.7181358525,9.99083346104,0,0,4.03395479554,3.44687900557,0,0,1
legacy_r2,14.425,15.7181358525,9.99083346104,0,0,4.03395479554,3.44687900557,0,0,1
legacy_r2,14.45,15.7181358525,9.99083346104,0,0,4.03395479554,3.44687900557,0,0,1
legacy_r2,14.475,15.7181358525,9.99083346104,0,0,4.03395479554,3.44687900557,0,0,1
legacy_r2,14.5,15.7181358525,9.99083346104,0,0,4.03395479554,3.44687900557,0,0,1
legacy_r2,14.525,15.7181358525,9.99083346104,0,0,4.03395479554,3.44687900557,0,0,1
legacy_r2,14.55,15.7181358525,9.99083346104,0,0,4.03395479554,3.44687900557,0,0,1
legacy_r2,14.575,15.7181358525,9.99083346104,0,0,4.03395479554,3.44687900557,0,0,1
legacy_r2,14.6,15.7181358525,9.99083346104,0,0,4.03395479554,3.44687900557,0,0,1
legacy_r2,14.625,15.7181358525,9.99083346104,0,0,4.03395479554,3.44687900557,0,0,1
legacy_r2,14.65,15.7181358525,9.99083346104,0,0,4.03395479554,3.44687900557,0,0,1
legacy_r2,14.675,15.7181358525,9.99083346104,0,0,4.03395479554,3.44687900557,0,0,1
legacy_r2,14.7,15.7181358525,9.99083346104,0,0,4.03395479554,3.44687900557,0,0,1
legacy_r2,14.725,15.7181358525,9.99083346104,0,0,4.03395479554,3.44687900557,0,0,1
legacy_r2,14.75,15.7181358525,9.99083346104,0,0,4.03395479554,3.44687900557,0,0,1
legacy_r2,14.775,15.7181358525,9.99083346104,0,0,4.03395479554,3.44687900557,0,0,1
legacy_r2,14.8,15.7181358525,9.99083346104,0,0,4.03395479554,3.44687900557,0,0,1
legacy_r2,14.825,15.7181358525,9.99083346104,0,0,4.03395479554,3.44687900557,0,0,1
legacy_r2,14.85,15.7181358525,9.99083346104,0,0,4.03395479554,3.44687900557,0,0,1
legacy_r2,14.875,15.7181358525,9.99083346104,0,0,4.03395479554,3.44687900557,0,0,1
legacy_r2,14.9,15.7181358525,9.99083346104,0,0,4.03395479554,3.44687900557,0,0,1
legacy_r2,14.925,15.7181358525,9.99083346104,0,0,4.03395479554,3.44687900557,0,0,1
legacy_r2,14.95,15.7181358525,9.99083346104,0,0,4.03395479554,3.44687900557,0,0,1
legacy_r2,14.975,15.7181358525,9.99083346104,0,0,4.03395479554,3.44687900557,0,0,1
legacy_r2,15,15.7181358525,9.99083346104,0,0,4.03395479554,3.44687900557,0,0,1
legacy_r2,15.025,15.7181358525,9.99083346104,0,0,4.03395479554,3.44687900557,0,0,1
legacy_r2,15.05,15.7181358525,9.99083346104,0,0,4.03395479554,3.44687900557,0,0,1
legacy_r2,15.075,15.7181358525,9.99083346104,0,0,4.03395479554,3.44687900557,0,0,1
legacy_r2,15.1,15.7181358525,9.99083346104,0,0,4.03395479554,3.44687900557,0,0,1
legacy_r2,15.125,15.7181358525,9.99083346104,0,0,4.03395479554,3.44687900557,0,0,1
legacy_r2,15.15,15.7181358525,9.99083346104,0,0,4.03395479554,3.44687900557,0,0,1
legacy_r2,15.175,15.7181358525,9.99083346104,0,0,4.03395479554,3.44687900557,0,0,1
legacy_r2,15.2,15.7181358525,9.99083346104,0,0,4.03395479554,3.44687900557,0,0,1
legacy_r2,15.225,15.7181358525,9.99083346104,0,0,4.03395479554,3.44687900557,0,0,1
legacy_r2,15.25,15.7181358525,9.99083346104,0,0,4.03395479554,3.44687900557,0,0,1
legacy_r2,15.275,15.7181358525,9.99083346104,0,0,4.03395479554,3.44687900557,0,0,1
legacy_r2,15.3,15.7181358525,9.99083346104,0,0,4.03395479554,3.44687900557,0,0,1
legacy_r2,15.325,15.7181358525,9.99083346104,0,0,4.03395479554,3.44687900557,0,0,1
legacy_r2,15.35,15.7181358525,9.99083346104,0,0,4.03395479554,3.44687900557,0,0,1
legacy_r2,15.375,15.7181358525,9.99083346104,0,0,4.03395479554,3.44687900557,0,0,1
legacy_r2,15.4,15.7181358525,9.99083346104,0,0,4.03395479554,3.44687900557,0,0,1
legacy_r2,15.425,15.7181358525,9.99083346104,0,0,4.03395479554,3.44687900557,0,0,1
legacy_r2,15.45,15.7181358525,9.99083346104,0,0,4.03395479554,3.44687900557,0,0,1
legacy_r2,15.475,15.7181358525,9.99083346104,0,0,4.03395479554,3.44687900557,0,0,1
legacy_r2,15.5,15.7181358525,9.99083346104,0,0,4.03395479554,3.44687900557,0,0,1
legacy_r2,15.525,15.7181358525,9.99083346104,0,0,4.03395479554,3.44687900557,0,0,1
legacy_r2,15.55,15.7181358525,9.99083346104,0,0,4.03395479554,3.44687900557,0,0,1
legacy_r2,15.575,15.7181358525,9.99083346104,0,0,4.03395479554,3.44687900557,0,0,1
legacy_r2,15.6,15.7181358525,9.99083346104,0,0,4.03395479554,3.44687900557,0,0,1
legacy_r2,15.625,15.7181358525,9.99083346104,0,0,4.03395479554,3.44687900557,0,0,1
legacy_r2,15.65,15.7181358525,9.99083346104,0,0,4.03395479554,3.44687900557,0,0,1
legacy_r2,15.675,15.7181358525,9.99083346104,0,0,4.03395479554,3.44687900557,0,0,1
legacy_r2,15.7,15.7181358525,9.99083346104,0,0,4.03395479554,3.44687900557,0,0,1
legacy_r2,15.725,15.7181358525,9.99083346104,0,0,4.03395479554,3.44687900557,0,0,1
legacy_r2,15.75,15.7181358525,9.99083346104,0,0,4.03395479554,3.44687900557,0,0,1
legacy_r2,15.775,15.7181358525,9.99083346104,0,0,4.03395479554,3.44687900557,0,0,1
legacy_r2,15.8,15.7181358525,9.99083346104,0,0,4.03395479554,3.44687900557,0,0,1
legacy_r2,15.825,15.7181358525,9.99083346104,0,0,4.03395479554,3.44687900557,0,0,1
legacy_r2,15.85,15.7181358525,9.99083346104,0,0,4.03395479554,3.44687900557,0,0,1
legacy_r2,15.875,15.7181358525,9.99083346104,0,0,4.03395479554,3.44687900557,0,0,1
legacy_r2,15.9,15.7181358525,9.99083346104,0,0,4.03395479554,3.44687900557,0,0,1
legacy_r2,15.925,15.7181358525,9.99083346104,0,0,4.03395479554,3.44687900557,0,0,1
legacy_r2,15.95,15.7181358525,9.99083346104,0,0,4.03395479554,3.44687900557,0,0,1
legacy_r2,15.975,15.7181358525,9.99083346104,0,0,4.03395479554,3.44687900557,0,0,1
legacy_r2,16,15.7181358525,9.99083346104,0,0,4.03395479554,3.44687900557,0,0,1
legacy_r2,16.025,15.7181358525,9.99083346104,0,0,4.03395479554,3.44687900557,0,0,1
legacy_r2,16.05,15.7181358525,9.99083346104,0,0,4.03395479554,3.44687900557,0,0,1
legacy_r2,16.075,15.7181358525,9.99083346104,0,0,4.03395479554,3.44687900557,0,0,1
legacy_r2,16.1,15.7181358525,9.99083346104,0,0,4.03395479554,3.44687900557,0,0,1
legacy_r2,16.125,15.7181358525,9.99083346104,0,0,4.03395479554,3.44687900557,0,0,1
legacy_r2,16.15,15.7181358525,9.99083346104,0,0,4.03395479554,3.44687900557,0,0,1
legacy_r2,16.175,15.7181358525,9.99083346104,0,0,4.03395479554,3.44687900557,0,0,1
legacy_r2,16.2,15.7181358525,9.99083346104,0,0,4.03395479554,3.44687900557,0,0,1
legacy_r2,16.225,15.7181358525,9.99083346104,0,0,4.03395479554,3.44687900557,0,0,1
legacy_r2,16.25,15.7181358525,9.99083346104,0,0,4.03395479554,3.44687900557,0,0,1
legacy_r2,16.275,15.7181358525,9.99083346104,0,0,4.03395479554,3.44687900557,0,0,1
legacy_r2,16.3,15.7181358525,9.99083346104,0,0,4.03395479554,3.44687900557,0,0,1
legacy_r2,16.325,15.7181358525,9.99083346104,0,0,4.03395479554,3.44687900557,0,0,1
legacy_r2,16.35,15.7181358525,9.99083346104,0,0,4.03395479554,3.44687900557,0,0,1
legacy_r2,16.375,15.7181358525,9.99083346104,0,0,4.03395479554,3.44687900557,0,0,1
legacy_r2,16.4,15.7181358525,9.99083346104,0,0,4.03395479554,3.44687900557,0,0,1
legacy_r2,16.425,15.7181358525,9.99083346104,0,0,4.03395479554,3.44687900557,0,0,1
legacy_r2,16.45,15.7181358525,9.99083346104,0,0,4.03395479554,3.44687900557,0,0,1
legacy_r2,16.475,15.7181358525,9.99083346104,0,0,4.03395479554,3.44687900557,0,0,1
legacy_r2,16.5,15.7181358525,9.99083346104,0,0,4.03395479554,3.44687900557,0,0,1
legacy_r2,16.525,15.7181358525,9.99083346104,0,0,4.03395479554,3.44687900557,0,0,1
legacy_r2,16.55,15.7181358525,9.99083346104,0,0,4.03395479554,3.44687900557,0,0,1
legacy_r2,16.575,15.7181358525,9.99083346104,0,0,4.03395479554,3.44687900557,0,0,1
legacy_r2,16.6,15.7181358525,9.99083346104,0,0,4.03395479554,3.44687900557,0,0,1
legacy_r2,16.625,15.7181358525,9.99083346104,0,0,4.03395479554,3.44687900557,0,0,1
legacy_r2,16.65,15.7181358525,9.99083346104,0,0,4.03395479554,3.44687900557,0,0,1
legacy_r2,16.675,15.7181358525,9.99083346104,0,0,4.03395479554,3.44687900557,0,0,1
legacy_r2,16.7,15.7181358525,9.99083346104,0,0,4.03395479554,3.44687900557,0,0,1
legacy_r2,16.725,15.7181358525,9.99083346104,0,0,4.03395479554,3.44687900557,0,0,1
legacy_r2,16.75,15.7181358525,9.99083346104,0,0,4.03395479554,3.44687900557,0,0,1
legacy_r2,16.775,15.7181358525,9.99083346104,0,0,4.03395479554,3.44687900557,0,0,1
legacy_r2,16.8,15.7181358525,9.99083346104,0,0,4.03395479554,3.44687900557,0,0,1
legacy_r2,16.825,15.7181358525,9.99083346104,0,0,4.03395479554,3.44687900557,0,0,1
legacy_r2,16.85,15.7181358525,9.99083346104,0,0,4.03395479554,3.44687900557,0,0,1
legacy_r2,16.875,15.7181358525,9.99083346104,0,0,4.03395479554,3.44687900557,0,0,1
legacy_r2,16.9,15.7181358525,9.99083346104,0,0,4.03395479554,3.44687900557,0,0,1
legacy_r2,16.925,15.7181358525,9.99083346104,0,0,4.03395479554,3.44687900557,0,0,1
legacy_r2,16.95,15.7181358525,9.99083346104,0,0,4.03395479554,3.44687900557,0,0,1
legacy_r2,16.975,15.7181358525,9.99083346104,0,0,4.03395479554,3.44687900557,0,0,1
legacy_r2,17,15.7181358525,9.99083346104,0,0,4.03395479554,3.44687900557,0,0,1
legacy_r2,17.025,15.7181358525,9.99083346104,0,0,4.03395479554,3.44687900557,0,0,1
legacy_r2,17.05,15.7181358525,9.99083346104,0,0,4.03395479554,3.44687900557,0,0,1
legacy_r2,17.075,15.7181358525,9.99083346104,0,0,4.03395479554,3.44687900557,0,0,1
legacy_r2,17.1,15.7181358525,9.99083346104,0,0,4.03395479554,3.44687900557,0,0,1
legacy_r2,17.125,15.7181358525,9.99083346104,0,0,4.03395479554,3.44687900557,0,0,1
legacy_r2,17.15,15.7181358525,9.99083346104,0,0,4.03395479554,3.44687900557,0,0,1
legacy_r2,17.175,15.7181358525,9.99083346104,0,0,4.03395479554,3.44687900557,0,0,1
legacy_r2,17.2,15.7181358525,9.99083346104,0,0,4.03395479554,3.44687900557,0,0,1
legacy_r2,17.225,15.7181358525,9.99083346104,0,0,4.03395479554,3.44687900557,0,0,1
legacy_r2,17.25,15.7181358525,9.99083346104,0,0,4.03395479554,3.44687900557,0,0,1
legacy_r2,17.275,15.7181358525,9.99083346104,0,0,4.03395479554,3.44687900557,0,0,1
legacy_r2,17.3,15.7181358525,9.99083346104,0,0,4.03395479554,3.44687900557,0,0,1
legacy_r2,17.325,15.7181358525,9.99083346104,0,0,4.03395479554,3.44687900557,0,0,1
legacy_r2,17.35,15.7181358525,9.99083346104,0,0,4.03395479554,3.44687900557,0,0,1
legacy_r2,17.375,15.7181358525,9.99083346104,0,0,4.03395479554,3.44687900557,0,0,1
legacy_r2,17.4,15.7181358525,9.99083346104,0,0,4.03395479554,3.44687900557,0,0,1
legacy_r2,17.425,15.7181358525,9.99083346104,0,0,4.03395479554,3.44687900557,0,0,1
legacy_r2,17.45,15.7181358525,9.99083346104,0,0,4.03395479554,3.44687900557,0,0,1
legacy_r2,17.475,15.7181358525,9.99083346104,0,0,4.03395479554,3.44687900557,0,0,1
legacy_r2,17.5,15.7181358525,9.99083346104,0,0,4.03395479554,3.44687900557,0,0,1
legacy_r2,17.525,15.7181358525,9.99083346104,0,0,4.03395479554,3.44687900557,0,0,1
legacy_r2,17.55,15.7181358525,9.99083346104,0,0,4.03395479554,3.44687900557,0,0,1
legacy_r2,17.575,15.7181358525,9.99083346104,0,0,4.03395479554,3.44687900557,0,0,1
legacy_r2,17.6,15.7181358525,9.99083346104,0,0,4.03395479554,3.44687900557,0,0,1
legacy_r2,17.625,15.7181358525,9.99083346104,0,0,4.03395479554,3.44687900557,0,0,1
legacy_r2,17.65,15.7181358525,9.99083346104,0,0,4.03395479554,3.44687900557,0,0,1
legacy_r2,17.675,15.7181358525,9.99083346104,0,0,4.03395479554,3.44687900557,0,0,1
legacy_r2,17.7,15.7181358525,9.99083346104,0,0,4.03395479554,3.44687900557,0,0,1
legacy_r2,17.725,15.7181358525,9.99083346104,0,0,4.03395479554,3.44687900557,0,0,1
legacy_r2,17.75,15.7181358525,9.99083346104,0,0,4.03395479554,3.44687900557,0,0,1
legacy_r2,17.775,15.7181358525,9.99083346104,0,0,4.03395479554,3.44687900557,0,0,1
legacy_r2,17.8,15.7181358525,9.99083346104,0,0,4.03395479554,3.44687900557,0,0,1
legacy_r2,17.825,15.7181358525,9.99083346104,0,0,4.03395479554,3.44687900557,0,0,1
legacy_r2,17.85,15.7181358525,9.99083346104,0,0,4.03395479554,3.44687900557,0,0,1
legacy_r2,17.875,15.7181358525,9.99083346104,0,0,4.03395479554,3.44687900557,0,0,1
legacy_r2,17.9,15.7181358525,9.99083346104,0,0,4.03395479554,3.44687900557,0,0,1
legacy_r2,17.925,15.7181358525,9.99083346104,0,0,4.03395479554,3.44687900557,0,0,1
legacy_r2,17.95,15.7181358525,9.99083346104,0,0,4.03395479554,3.44687900557,0,0,1
legacy_r2,17.975,15.7181358525,9.99083346104,0,0,4.03395479554,3.44687900557,0,0,1
legacy_r2,18,15.7181358525,9.99083346104,0,0,4.03395479554,3.44687900557,0,0,1
legacy_r2,18.025,15.7181358525,9.99083346104,0,0,4.03395479554,3.44687900557,0,0,1
legacy_r2,18.05,15.7181358525,9.99083346104,0,0,4.03395479554,3.44687900557,0,0,1
legacy_r2,18.075,15.7181358525,9.99083346104,0,0,4.03395479554,3.44687900557,0,0,1
legacy_r2,18.1,15.7181358525,9.99083346104,0,0,4.03395479554,3.44687900557,0,0,1
legacy_r2,18.125,15.7181358525,9.99083346104,0,0,4.03395479554,3.44687900557,0,0,1
legacy_r2,18.15,15.7181358525,9.99083346104,0,0,4.03395479554,3.44687900557,0,0,1
legacy_r2,18.175,15.7181358525,9.99083346104,0,0,4.03395479554,3.44687900557,0,0,1
legacy_r2,18.2,15.7181358525,9.99083346104,0,0,4.03395479554,3.44687900557,0,0,1
legacy_r2,18.225,15.7181358525,9.99083346104,0,0,4.03395479554,3.44687900557,0,0,1
legacy_r2,18.25,15.7181358525,9.99083346104,0,0,4.03395479554,3.44687900557,0,0,1
legacy_r2,18.275,15.7181358525,9.99083346104,0,0,4.03395479554,3.44687900557,0,0,1
legacy_r2,18.3,15.7181358525,9.99083346104,0,0,4.03395479554,3.44687900557,0,0,1
legacy_r2,18.325,15.7181358525,9.99083346104,0,0,4.03395479554,3.44687900557,0,0,1
legacy_r2,18.35,15.7181358525,9.99083346104,0,0,4.03395479554,3.44687900557,0,0,1
legacy_r2,18.375,15.7181358525,9.99083346104,0,0,4.03395479554,3.44687900557,0,0,1
legacy_r2,18.4,15.7181358525,9.99083346104,0,0,4.03395479554,3.44687900557,0,0,1
legacy_r2,18.425,15.7181358525,9.99083346104,0,0,4.03395479554,3.44687900557,0,0,1
legacy_r2,18.45,15.7181358525,9.99083346104,0,0,4.03395479554,3.44687900557,0,0,1
legacy_r2,18.475,15.7181358525,9.99083346104,0,0,4.03395479554,3.44687900557,0,0,1
legacy_r2,18.5,15.7181358525,9.99083346104,0,0,4.03395479554,3.44687900557,0,0,1
legacy_r2,18.525,15.7181358525,9.99083346104,0,0,4.03395479554,3.44687900557,0,0,1
legacy_r2,18.55,15.7181358525,9.99083346104,0,0,4.03395479554,3.44687900557,0,0,1
legacy_r2,18.575,15.7181358525,9.99083346104,0,0,4.03395479554,3.44687900557,0,0,1
legacy_r2,18.6,15.7181358525,9.99083346104,0,0,4.03395479554,3.44687900557,0,0,1
legacy_r2,18.625,15.7181358525,9.99083346104,0,0,4.03395479554,3.44687900557,0,0,1
legacy_r2,18.65,15.7181358525,9.99083346104,0,0,4.03395479554,3.44687900557,0,0,1
legacy_r2,18.675,15.7181358525,9.99083346104,0,0,4.03395479554,3.44687900557,0,0,1
legacy_r2,18.7,15.7181358525,9.99083346104,0,0,4.03395479554,3.44687900557,0,0,1
legacy_r2,18.725,15.7181358525,9.99083346104,0,0,4.03395479554,3.44687900557,0,0,1
legacy_r2,18.75,15.7181358525,9.99083346104,0,0,4.03395479554,3.44687900557,0,0,1
legacy_r2,18.775,15.7181358525,9.99083346104,0,0,4.03395479554,3.44687900557,0,0,1
legacy_r2,18.8,15.7181358525,9.99083346104,0,0,4.03395479554,3.44687900557,0,0,1
legacy_r2,18.825,15.7181358525,9.99083346104,0,0,4.03395479554,3.44687900557,0,0,1
legacy_r2,18.85,15.7181358525,9.99083346104,0,0,4.03395479554,3.44687900557,0,0,1
legacy_r2,18.875,15.7181358525,9.99083346104,0,0,4.03395479554,3.44687900557,0,0,1
legacy_r2,18.9,15.7181358525,9.99083346104,0,0,4.03395479554,3.44687900557,0,0,1
legacy_r2,18.925,15.7181358525,9.99083346104,0,0,4.03395479554,3.44687900557,0,0,1
legacy_r2,18.95,15.7181358525,9.99083346104,0,0,4.03395479554,3.44687900557,0,0,1
legacy_r2,18.975,15.7181358525,9.99083346104,0,0,4.03395479554,3.44687900557,0,0,1
legacy_r2,19,15.7181358525,9.99083346104,0,0,4.03395479554,3.44687900557,0,0,1
legacy_r2,19.025,15.7181358525,9.99083346104,0,0,4.03395479554,3.44687900557,0,0,1
legacy_r2,19.05,15.7181358525,9.99083346104,0,0,4.03395479554,3.44687900557,0,0,1
legacy_r2,19.075,15.7181358525,9.99083346104,0,0,4.03395479554,3.44687900557,0,0,1
legacy_r2,19.1,15.7181358525,9.99083346104,0,0,4.03395479554,3.44687900557,0,0,1
legacy_r2,19.125,15.7181358525,9.99083346104,0,0,4.03395479554,3.44687900557,0,0,1
legacy_r2,19.15,15.7181358525,9.99083346104,0,0,4.03395479554,3.44687900557,0,0,1
legacy_r2,19.175,15.7181358525,9.99083346104,0,0,4.03395479554,3.44687900557,0,0,1
legacy_r2,19.2,15.7181358525,9.99083346104,0,0,4.03395479554,3.44687900557,0,0,1
legacy_r2,19.225,15.7181358525,9.99083346104,0,0,4.03395479554,3.44687900557,0,0,1
legacy_r2,19.25,15.7181358525,9.99083346104,0,0,4.03395479554,3.44687900557,0,0,1
legacy_r2,19.275,15.7181358525,9.99083346104,0,0,4.03395479554,3.44687900557,0,0,1
legacy_r2,19.3,15.7181358525,9.99083346104,0,0,4.03395479554,3.44687900557,0,0,1
legacy_r2,19.325,15.7181358525,9.99083346104,0,0,4.03395479554,3.44687900557,0,0,1
legacy_r2,19.35,15.7181358525,9.99083346104,0,0,4.03395479554,3.44687900557,0,0,1
legacy_r2,19.375,15.7181358525,9.99083346104,0,0,4.03395479554,3.44687900557,0,0,1
legacy_r2,19.4,15.7181358525,9.99083346104,0,0,4.03395479554,3.44687900557,0,0,1
legacy_r2,19.425,15.7181358525,9.99083346104,0,0,4.03395479554,3.44687900557,0,0,1
legacy_r2,19.45,15.7181358525,9.99083346104,0,0,4.03395479554,3.44687900557,0,0,1
legacy_r2,19.475,15.7181358525,9.99083346104,0,0,4.03395479554,3.44687900557,0,0,1
legacy_r2,19.5,15.7181358525,9.99083346104,0,0,4.03395479554,3.44687900557,0,0,1
legacy_r2,19.525,15.7181358525,9.99083346104,0,0,4.03395479554,3.44687900557,0,0,1
legacy_r2,19.55,15.7181358525,9.99083346104,0,0,4.03395479554,3.44687900557,0,0,1
legacy_r2,19.575,15.7181358525,9.99083346104,0,0,4.03395479554,3.44687900557,0,0,1
legacy_r2,19.6,15.7181358525,9.99083346104,0,0,4.03395479554,3.44687900557,0,0,1
legacy_r2,19.625,15.7181358525,9.99083346104,0,0,4.03395479554,3.44687900557,0,0,1
legacy_r2,19.65,15.7181358525,9.99083346104,0,0,4.03395479554,3.44687900557,0,0,1
legacy_r2,19.675,15.7181358525,9.99083346104,0,0,4.03395479554,3.44687900557,0,0,1
legacy_r2,19.7,15.7181358525,9.99083346104,0,0,4.03395479554,3.44687900557,0,0,1
legacy_r2,19.725,15.7181358525,9.99083346104,0,0,4.03395479554,3.44687900557,0,0,1
legacy_r2,19.75,15.7181358525,9.99083346104,0,0,4.03395479554,3.44687900557,0,0,1
legacy_r2,19.775,15.7181358525,9.99083346104,0,0,4.03395479554,3.44687900557,0,0,1
legacy_r2,19.8,15.7181358525,9.99083346104,0,0,4.03395479554,3.44687900557,0,0,1
legacy_r2,19.825,15.7181358525,9.99083346104,0,0,4.03395479554,3.44687900557,0,0,1
legacy_r2,19.85,15.7181358525,9.99083346104,0,0,4.03395479554,3.44687900557,0,0,1
legacy_r2,19.875,15.7181358525,9.99083346104,0,0,4.03395479554,3.44687900557,0,0,1
legacy_r2,19.9,15.7181358525,9.99083346104,0,0,4.03395479554,3.44687900557,0,0,1
legacy_r2,19.925,15.7181358525,9.99083346104,0,0,4.03395479554,3.44687900557,0,0,1
legacy_r2,19.95,15.7181358525,9.99083346104,0,0,4.03395479554,3.44687900557,0,0,1
legacy_r2,19.975,15.7181358525,9.99083346104,0,0,4.03395479554,3.44687900557,0,0,1
legacy_r2,20,15.7181358525,9.99083346104,0,0,4.03395479554,3.44687900557,0,0,1
legacy_r2,20.025,15.7181358525,9.99083346104,0,0,4.03395479554,3.44687900557,0,0,1
legacy_r2,20.05,15.7181358525,9.99083346104,0,0,4.03395479554,3.44687900557,0,0,1
legacy_r2,20.075,15.7181358525,9.99083346104,0,0,4.03395479554,3.44687900557,0,0,1
legacy_r2,20.1,15.7181358525,9.99083346104,0,0,4.03395479554,3.44687900557,0,0,1
legacy_r2,20.125,15.7181358525,9.99083346104,0,0,4.03395479554,3.44687900557,0,0,1
legacy_r2,20.15,15.7181358525,9.99083346104,0,0,4.03395479554,3.44687900557,0,0,1
legacy_r2,20.175,15.7181358525,9.99083346104,0,0,4.03395479554,3.44687900557,0,0,1
legacy_r2,20.2,15.7181358525,9.99083346104,0,0,4.03395479554,3.44687900557,0,0,1
legacy_r2,20.225,15.7181358525,9.99083346104,0,0,4.03395479554,3.44687900557,0,0,1
legacy_r2,20.25,15.7181358525,9.99083346104,0,0,4.03395479554,3.44687900557,0,0,1
legacy_r2,20.275,15.7181358525,9.99083346104,0,0,4.03395479554,3.44687900557,0,0,1
legacy_r2,20.3,15.7181358525,9.99083346104,0,0,4.03395479554,3.44687900557,0,0,1
legacy_r2,20.325,15.7181358525,9.99083346104,0,0,4.03395479554,3.44687900557,0,0,1
legacy_r2,20.35,15.7181358525,9.99083346104,0,0,4.03395479554,3.44687900557,0,0,1
legacy_r2,20.375,15.7181358525,9.99083346104,0,0,4.03395479554,3.44687900557,0,0,1
legacy_r2,20.4,15.7181358525,9.99083346104,0,0,4.03395479554,3.44687900557,0,0,1
legacy_r2,20.425,15.7181358525,9.99083346104,0,0,4.03395479554,3.44687900557,0,0,1
legacy_r2,20.45,15.7181358525,9.99083346104,0,0,4.03395479554,3.44687900557,0,0,1
legacy_r2,20.475,15.7181358525,9.99083346104,0,0,4.03395479554,3.44687900557,0,0,1
legacy_r2,20.5,15.7181358525,9.99083346104,0,0,4.03395479554,3.44687900557,0,0,1
legacy_r2,20.525,15.7181358525,9.99083346104,0,0,4.03395479554,3.44687900557,0,0,1
legacy_r2,20.55,15.7181358525,9.99083346104,0,0,4.03395479554,3.44687900557,0,0,1
legacy_r2,20.575,15.7181358525,9.99083346104,0,0,4.03395479554,3.44687900557,0,0,1
legacy_r2,20.6,15.7181358525,9.99083346104,0,0,4.03395479554,3.44687900557,0,0,1
legacy_r2,20.625,15.7181358525,9.99083346104,0,0,4.03395479554,3.44687900557,0,0,1
legacy_r2,20.65,15.7181358525,9.99083346104,0,0,4.03395479554,3.44687900557,0,0,1
legacy_r2,20.675,15.7181358525,9.99083346104,0,0,4.03395479554,3.44687900557,0,0,1
legacy_r2,20.7,15.7181358525,9.99083346104,0,0,4.03395479554,3.44687900557,0,0,1
legacy_r2,20.725,15.7181358525,9.99083346104,0,0,4.03395479554,3.44687900557,0,0,1
legacy_r2,20.75,15.7181358525,9.99083346104,0,0,4.03395479554,3.44687900557,0,0,1
legacy_r2,20.775,15.7181358525,9.99083346104,0,0,4.03395479554,3.44687900557,0,0,1
legacy_r2,20.8,15.7181358525,9.99083346104,0,0,4.03395479554,3.44687900557,0,0,1
legacy_r2,20.825,15.7181358525,9.99083346104,0,0,4.03395479554,3.44687900557,0,0,1
legacy_r2,20.85,15.7181358525,9.99083346104,0,0,4.03395479554,3.44687900557,0,0,1
legacy_r2,20.875,15.7181358525,9.99083346104,0,0,4.03395479554,3.44687900557,0,0,1
legacy_r2,20.9,15.7181358525,9.99083346104,0,0,4.03395479554,3.44687900557,0,0,1
legacy_r2,20.925,15.7181358525,9.99083346104,0,0,4.03395479554,3.44687900557,0,0,1
legacy_r2,20.95,15.7181358525,9.99083346104,0,0,4.03395479554,3.44687900557,0,0,1
legacy_r2,20.975,15.7181358525,9.99083346104,0,0,4.03395479554,3.44687900557,0,0,1
legacy_r2,21,15.7181358525,9.99083346104,0,0,4.03395479554,3.44687900557,0,0,1
legacy_r2,21.025,15.7181358525,9.99083346104,0,0,4.03395479554,3.44687900557,0,0,1
legacy_r2,21.05,15.7181358525,9.99083346104,0,0,4.03395479554,3.44687900557,0,0,1
legacy_r2,21.075,15.7181358525,9.99083346104,0,0,4.03395479554,3.44687900557,0,0,1
legacy_r2,21.1,15.7181358525,9.99083346104,0,0,4.03395479554,3.44687900557,0,0,1
legacy_r2,21.125,15.7181358525,9.99083346104,0,0,4.03395479554,3.44687900557,0,0,1
legacy_r2,21.15,15.7181358525,9.99083346104,0,0,4.03395479554,3.44687900557,0,0,1
legacy_r2,21.175,15.7181358525,9.99083346104,0,0,4.03395479554,3.44687900557,0,0,1
legacy_r2,21.2,15.7181358525,9.99083346104,0,0,4.03395479554,3.44687900557,0,0,1
legacy_r2,21.225,15.7181358525,9.99083346104,0,0,4.03395479554,3.44687900557,0,0,1
legacy_r2,21.25,15.7181358525,9.99083346104,0,0,4.03395479554,3.44687900557,0,0,1
legacy_r2,21.275,15.7181358525,9.99083346104,0,0,4.03395479554,3.44687900557,0,0,1
legacy_r2,21.3,15.7181358525,9.99083346104,0,0,4.03395479554,3.44687900557,0,0,1
legacy_r2,21.325,15.7181358525,9.99083346104,0,0,4.03395479554,3.44687900557,0,0,1
legacy_r2,21.35,15.7181358525,9.99083346104,0,0,4.03395479554,3.44687900557,0,0,1
legacy_r2,21.375,15.7181358525,9.99083346104,0,0,4.03395479554,3.44687900557,0,0,1
legacy_r2,21.4,15.7181358525,9.99083346104,0,0,4.03395479554,3.44687900557,0,0,1
legacy_r2,21.425,15.7181358525,9.99083346104,0,0,4.03395479554,3.44687900557,0,0,1
legacy_r2,21.45,15.7181358525,9.99083346104,0,0,4.03395479554,3.44687900557,0,0,1
legacy_r2,21.475,15.7181358525,9.99083346104,0,0,4.03395479554,3.44687900557,0,0,1
legacy_r2,21.5,15.7181358525,9.99083346104,0,0,4.03395479554,3.44687900557,0,0,1
legacy_r2,21.525,15.7181358525,9.99083346104,0,0,4.03395479554,3.44687900557,0,0,1
legacy_r2,21.55,15.7181358525,9.99083346104,0,0,4.03395479554,3.44687900557,0,0,1
legacy_r2,21.575,15.7181358525,9.99083346104,0,0,4.03395479554,3.44687900557,0,0,1
legacy_r2,21.6,15.7181358525,9.99083346104,0,0,4.03395479554,3.44687900557,0,0,1
legacy_r2,21.625,15.7181358525,9.99083346104,0,0,4.03395479554,3.44687900557,0,0,1
legacy_r2,21.65,15.7181358525,9.99083346104,0,0,4.03395479554,3.44687900557,0,0,1
legacy_r2,21.675,15.7181358525,9.99083346104,0,0,4.03395479554,3.44687900557,0,0,1
legacy_r2,21.7,15.7181358525,9.99083346104,0,0,4.03395479554,3.44687900557,0,0,1
legacy_r2,21.725,15.7181358525,9.99083346104,0,0,4.03395479554,3.44687900557,0,0,1
legacy_r2,21.75,15.7181358525,9.99083346104,0,0,4.03395479554,3.44687900557,0,0,1
legacy_r2,21.775,15.7181358525,9.99083346104,0,0,4.03395479554,3.44687900557,0,0,1
legacy_r2,21.8,15.7181358525,9.99083346104,0,0,4.03395479554,3.44687900557,0,0,1
legacy_r2,21.825,15.7181358525,9.99083346104,0,0,4.03395479554,3.44687900557,0,0,1
legacy_r2,21.85,15.7181358525,9.99083346104,0,0,4.03395479554,3.44687900557,0,0,1
legacy_r2,21.875,15.7181358525,9.99083346104,0,0,4.03395479554,3.44687900557,0,0,1
legacy_r2,21.9,15.7181358525,9.99083346104,0,0,4.03395479554,3.44687900557,0,0,1
legacy_r2,21.925,15.7181358525,9.99083346104,0,0,4.03395479554,3.44687900557,0,0,1
legacy_r2,21.95,15.7181358525,9.99083346104,0,0,4.03395479554,3.44687900557,0,0,1
legacy_r2,21.975,15.7181358525,9.99083346104,0,0,4.03395479554,3.44687900557,0,0,1
legacy_r2,22,15.7181358525,9.99083346104,0,0,4.03395479554,3.44687900557,0,0,1
legacy_r2,22.025,15.7181358525,9.99083346104,0,0,4.03395479554,3.44687900557,0,0,1
legacy_r2,22.05,15.7181358525,9.99083346104,0,0,4.03395479554,3.44687900557,0,0,1
legacy_r2,22.075,15.7181358525,9.99083346104,0,0,4.03395479554,3.44687900557,0,0,1
legacy_r2,22.1,15.7181358525,9.99083346104,0,0,4.03395479554,3.44687900557,0,0,1
legacy_r2,22.125,15.7181358525,9.99083346104,0,0,4.03395479554,3.44687900557,0,0,1
legacy_r2,22.15,15.7181358525,9.99083346104,0,0,4.03395479554,3.44687900557,0,0,1
legacy_r2,22.175,15.7181358525,9.99083346104,0,0,4.03395479554,3.44687900557,0,0,1
legacy_r2,22.2,15.7181358525,9.99083346104,0,0,4.03395479554,3.44687900557,0,0,1
legacy_r2,22.225,15.7181358525,9.99083346104,0,0,4.03395479554,3.44687900557,0,0,1
legacy_r2,22.25,15.7181358525,9.99083346104,0,0,4.03395479554,3.44687900557,0,0,1
legacy_r2,22.275,15.7181358525,9.99083346104,0,0,4.03395479554,3.44687900557,0,0,1
legacy_r2,22.3,15.7181358525,9.99083346104,0,0,4.03395479554,3.44687900557,0,0,1
legacy_r2,22.325,15.7181358525,9.99083346104,0,0,4.03395479554,3.44687900557,0,0,1
legacy_r2,22.35,15.7181358525,9.99083346104,0,0,4.03395479554,3.44687900557,0,0,1
legacy_r2,22.375,15.7181358525,9.99083346104,0,0,4.03395479554,3.44687900557,0,0,1
legacy_r2,22.4,15.7181358525,9.99083346104,0,0,4.03395479554,3.44687900557,0,0,1
legacy_r2,22.425,15.7181358525,9.99083346104,0,0,4.03395479554,3.44687900557,0,0,1
legacy_r2,22.45,15.7181358525,9.99083346104,0,0,4.03395479554,3.44687900557,0,0,1
legacy_r2,22.475,15.7181358525,9.99083346104,0,0,4.03395479554,3.44687900557,0,0,1
legacy_r2,22.5,15.7181358525,9.99083346104,0,0,4.03395479554,3.44687900557,0,0,1
legacy_r2,22.525,15.7181358525,9.99083346104,0,0,4.03395479554,3.44687900557,0,0,1
legacy_r2,22.55,15.7181358525,9.99083346104,0,0,4.03395479554,3.44687900557,0,0,1
legacy_r2,22.575,15.7181358525,9.99083346104,0,0,4.03395479554,3.44687900557,0,0,1
legacy_r2,22.6,15.7181358525,9.99083346104,0,0,4.03395479554,3.44687900557,0,0,1
legacy_r2,22.625,15.7181358525,9.99083346104,0,0,4.03395479554,3.44687900557,0,0,1
legacy_r2,22.65,15.7181358525,9.99083346104,0,0,4.03395479554,3.44687900557,0,0,1
legacy_r2,22.675,15.7181358525,9.99083346104,0,0,4.03395479554,3.44687900557,0,0,1
legacy_r2,22.7,15.7181358525,9.99083346104,0,0,4.03395479554,3.44687900557,0,0,1
legacy_r2,22.725,15.7181358525,9.99083346104,0,0,4.03395479554,3.44687900557,0,0,1
legacy_r2,22.75,15.7181358525,9.99083346104,0,0,4.03395479554,3.44687900557,0,0,1
legacy_r2,22.775,15.7181358525,9.99083346104,0,0,4.03395479554,3.44687900557,0,0,1
legacy_r2,22.8,15.7181358525,9.99083346104,0,0,4.03395479554,3.44687900557,0,0,1
legacy_r2,22.825,15.7181358525,9.99083346104,0,0,4.03395479554,3.44687900557,0,0,1
legacy_r2,22.85,15.7181358525,9.99083346104,0,0,4.03395479554,3.44687900557,0,0,1
legacy_r2,22.875,15.7181358525,9.99083346104,0,0,4.03395479554,3.44687900557,0,0,1
legacy_r2,22.9,15.7181358525,9.99083346104,0,0,4.03395479554,3.44687900557,0,0,1
legacy_r2,22.925,15.7181358525,9.99083346104,0,0,4.03395479554,3.44687900557,0,0,1
legacy_r2,22.95,15.7181358525,9.99083346104,0,0,4.03395479554,3.44687900557,0,0,1
legacy_r2,22.975,15.7181358525,9.99083346104,0,0,4.03395479554,3.44687900557,0,0,1
legacy_r2,23,15.7181358525,9.99083346104,0,0,4.03395479554,3.44687900557,0,0,1
legacy_r2,23.025,15.7181358525,9.99083346104,0,0,4.03395479554,3.44687900557,0,0,1
legacy_r2,23.05,15.7181358525,9.99083346104,0,0,4.03395479554,3.44687900557,0,0,1
legacy_r2,23.075,15.7181358525,9.99083346104,0,0,4.03395479554,3.44687900557,0,0,1
legacy_r2,23.1,15.7181358525,9.99083346104,0,0,4.03395479554,3.44687900557,0,0,1
legacy_r2,23.125,15.7181358525,9.99083346104,0,0,4.03395479554,3.44687900557,0,0,1
legacy_r2,23.15,15.7181358525,9.99083346104,0,0,4.03395479554,3.44687900557,0,0,1
legacy_r2,23.175,15.7181358525,9.99083346104,0,0,4.03395479554,3.44687900557,0,0,1
legacy_r2,23.2,15.7181358525,9.99083346104,0,0,4.03395479554,3.44687900557,0,0,1
legacy_r2,23.225,15.7181358525,9.99083346104,0,0,4.03395479554,3.44687900557,0,0,1
legacy_r2,23.25,15.7181358525,9.99083346104,0,0,4.03395479554,3.44687900557,0,0,1
legacy_r2,23.275,15.7181358525,9.99083346104,0,0,4.03395479554,3.44687900557,0,0,1
legacy_r2,23.3,15.7181358525,9.99083346104,0,0,4.03395479554,3.44687900557,0,0,1
legacy_r2,23.325,15.7181358525,9.99083346104,0,0,4.03395479554,3.44687900557,0,0,1
legacy_r2,23.35,15.7181358525,9.99083346104,0,0,4.03395479554,3.44687900557,0,0,1
legacy_r2,23.375,15.7181358525,9.99083346104,0,0,4.03395479554,3.44687900557,0,0,1
legacy_r2,23.4,15.7181358525,9.99083346104,0,0,4.03395479554,3.44687900557,0,0,1
legacy_r2,23.425,15.7181358525,9.99083346104,0,0,4.03395479554,3.44687900557,0,0,1
legacy_r2,23.45,15.7181358525,9.99083346104,0,0,4.03395479554,3.44687900557,0,0,1
legacy_r2,23.475,15.7181358525,9.99083346104,0,0,4.03395479554,3.44687900557,0,0,1
legacy_r2,23.5,15.7181358525,9.99083346104,0,0,4.03395479554,3.44687900557,0,0,1
legacy_r2,23.525,15.7181358525,9.99083346104,0,0,4.03395479554,3.44687900557,0,0,1
legacy_r2,23.55,15.7181358525,9.99083346104,0,0,4.03395479554,3.44687900557,0,0,1
legacy_r2,23.575,15.7181358525,9.99083346104,0,0,4.03395479554,3.44687900557,0,0,1
legacy_r2,23.6,15.7181358525,9.99083346104,0,0,4.03395479554,3.44687900557,0,0,1
legacy_r2,23.625,15.7181358525,9.99083346104,0,0,4.03395479554,3.44687900557,0,0,1
legacy_r2,23.65,15.7181358525,9.99083346104,0,0,4.03395479554,3.44687900557,0,0,1
legacy_r2,23.675,15.7181358525,9.99083346104,0,0,4.03395479554,3.44687900557,0,0,1
legacy_r2,23.7,15.7181358525,9.99083346104,0,0,4.03395479554,3.44687900557,0,0,1
legacy_r2,23.725,15.7181358525,9.99083346104,0,0,4.03395479554,3.44687900557,0,0,1
legacy_r2,23.75,15.7181358525,9.99083346104,0,0,4.03395479554,3.44687900557,0,0,1
legacy_r2,23.775,15.7181358525,9.99083346104,0,0,4.03395479554,3.44687900557,0,0,1
legacy_r2,23.8,15.7181358525,9.99083346104,0,0,4.03395479554,3.44687900557,0,0,1
legacy_r2,23.825,15.7181358525,9.99083346104,0,0,4.03395479554,3.44687900557,0,0,1
legacy_r2,23.85,15.7181358525,9.99083346104,0,0,4.03395479554,3.44687900557,0,0,1
legacy_r2,23.875,15.7181358525,9.99083346104,0,0,4.03395479554,3.44687900557,0,0,1
legacy_r2,23.9,15.7181358525,9.99083346104,0,0,4.03395479554,3.44687900557,0,0,1
legacy_r2,23.925,15.7181358525,9.99083346104,0,0,4.03395479554,3.44687900557,0,0,1
legacy_r2,23.95,15.7181358525,9.99083346104,0,0,4.03395479554,3.44687900557,0,0,1
legacy_r2,23.975,15.7181358525,9.99083346104,0,0,4.03395479554,3.44687900557,0,0,1
legacy_r2,24,15.7181358525,9.99083346104,0,0,4.03395479554,3.44687900557,0,0,1
legacy_r2,24.025,15.7181358525,9.99083346104,0,0,4.03395479554,3.44687900557,0,0,1
legacy_r2,24.05,15.7181358525,9.99083346104,0,0,4.03395479554,3.44687900557,0,0,1
legacy_r2,24.075,15.7181358525,9.99083346104,0,0,4.03395479554,3.44687900557,0,0,1
legacy_r2,24.1,15.7181358525,9.99083346104,0,0,4.03395479554,3.44687900557,0,0,1
legacy_r2,24.125,15.7181358525,9.99083346104,0,0,4.03395479554,3.44687900557,0,0,1
legacy_r2,24.15,15.7181358525,9.99083346104,0,0,4.03395479554,3.44687900557,0,0,1
legacy_r2,24.175,15.7181358525,9.99083346104,0,0,4.03395479554,3.44687900557,0,0,1
legacy_r2,24.2,15.7181358525,9.99083346104,0,0,4.03395479554,3.44687900557,0,0,1
legacy_r2,24.225,15.7181358525,9.99083346104,0,0,4.03395479554,3.44687900557,0,0,1
legacy_r2,24.25,15.7181358525,9.99083346104,0,0,4.03395479554,3.44687900557,0,0,1
legacy_r2,24.275,15.7181358525,9.99083346104,0,0,4.03395479554,3.44687900557,0,0,1
legacy_r2,24.3,15.7181358525,9.99083346104,0,0,4.03395479554,3.44687900557,0,0,1
legacy_r2,24.325,15.7181358525,9.99083346104,0,0,4.03395479554,3.44687900557,0,0,1
legacy_r2,24.35,15.7181358525,9.99083346104,0,0,4.03395479554,3.44687900557,0,0,1
legacy_r2,24.375,15.7181358525,9.99083346104,0,0,4.03395479554,3.44687900557,0,0,1
legacy_r2,24.4,15.7181358525,9.99083346104,0,0,4.03395479554,3.44687900557,0,0,1
legacy_r2,24.425,15.7181358525,9.99083346104,0,0,4.03395479554,3.44687900557,0,0,1
legacy_r2,24.45,15.7181358525,9.99083346104,0,0,4.03395479554,3.44687900557,0,0,1
legacy_r2,24.475,15.7181358525,9.99083346104,0,0,4.03395479554,3.44687900557,0,0,1
legacy_r2,24.5,15.7181358525,9.99083346104,0,0,4.03395479554,3.44687900557,0,0,1
legacy_r2,24.525,15.7181358525,9.99083346104,0,0,4.03395479554,3.44687900557,0,0,1
legacy_r2,24.55,15.7181358525,9.99083346104,0,0,4.03395479554,3.44687900557,0,0,1
legacy_r2,24.575,15.7181358525,9.99083346104,0,0,4.03395479554,3.44687900557,0,0,1
legacy_r2,24.6,15.7181358525,9.99083346104,0,0,4.03395479554,3.44687900557,0,0,1
legacy_r2,24.625,15.7181358525,9.99083346104,0,0,4.03395479554,3.44687900557,0,0,1
legacy_r2,24.65,15.7181358525,9.99083346104,0,0,4.03395479554,3.44687900557,0,0,1
legacy_r2,24.675,15.7181358525,9.99083346104,0,0,4.03395479554,3.44687900557,0,0,1
legacy_r2,24.7,15.7181358525,9.99083346104,0,0,4.03395479554,3.44687900557,0,0,1
legacy_r2,24.725,15.7181358525,9.99083346104,0,0,4.03395479554,3.44687900557,0,0,1
legacy_r2,24.75,15.7181358525,9.99083346104,0,0,4.03395479554,3.44687900557,0,0,1
legacy_r2,24.775,15.7181358525,9.99083346104,0,0,4.03395479554,3.44687900557,0,0,1
legacy_r2,24.8,15.7181358525,9.99083346104,0,0,4.03395479554,3.44687900557,0,0,1
legacy_r2,24.825,15.7181358525,9.99083346104,0,0,4.03395479554,3.44687900557,0,0,1
legacy_r2,24.85,15.7181358525,9.99083346104,0,0,4.03395479554,3.44687900557,0,0,1
legacy_r2,24.875,15.7181358525,9.99083346104,0,0,4.03395479554,3.44687900557,0,0,1
legacy_r2,24.9,15.7181358525,9.99083346104,0,0,4.03395479554,3.44687900557,0,0,1
legacy_r2,24.925,15.7181358525,9.99083346104,0,0,4.03395479554,3.44687900557,0,0,1
legacy_r2,24.95,15.7181358525,9.99083346104,0,0,4.03395479554,3.44687900557,0,0,1
legacy_r2,24.975,15.7181358525,9.99083346104,0,0,4.03395479554,3.44687900557,0,0,1
legacy_r2,25,15.7181358525,9.99083346104,0,0,4.03395479554,3.44687900557,0,0,1
legacy_r2,25.025,15.7181358525,9.99083346104,0,0,4.03395479554,3.44687900557,0,0,1
legacy_r2,25.05,15.7181358525,9.99083346104,0,0,4.03395479554,3.44687900557,0,0,1
legacy_r2,25.075,15.7181358525,9.99083346104,0,0,4.03395479554,3.44687900557,0,0,1
legacy_r2,25.1,15.7181358525,9.99083346104,0,0,4.03395479554,3.44687900557,0,0,1
legacy_r2,25.125,15.7181358525,9.99083346104,0,0,4.03395479554,3.44687900557,0,0,1
legacy_r2,25.15,15.7181358525,9.99083346104,0,0,4.03395479554,3.44687900557,0,0,1
legacy_r2,25.175,15.7181358525,9.99083346104,0,0,4.03395479554,3.44687900557,0,0,1
legacy_r2,25.2,15.7181358525,9.99083346104,0,0,4.03395479554,3.44687900557,0,0,1
legacy_r2,25.225,15.7181358525,9.99083346104,0,0,4.03395479554,3.44687900557,0,0,1
legacy_r2,25.25,15.7181358525,9.99083346104,0,0,4.03395479554,3.44687900557,0,0,1
legacy_r2,25.275,15.7181358525,9.99083346104,0,0,4.03395479554,3.44687900557,0,0,1
legacy_r2,25.3,15.7181358525,9.99083346104,0,0,4.03395479554,3.44687900557,0,0,1
legacy_r2,25.325,15.7181358525,9.99083346104,0,0,4.03395479554,3.44687900557,0,0,1
legacy_r2,25.35,15.7181358525,9.99083346104,0,0,4.03395479554,3.44687900557,0,0,1
legacy_r2,25.375,15.7181358525,9.99083346104,0,0,4.03395479554,3.44687900557,0,0,1
legacy_r2,25.4,15.7181358525,9.99083346104,0,0,4.03395479554,3.44687900557,0,0,1
legacy_r2,25.425,15.7181358525,9.99083346104,0,0,4.03395479554,3.44687900557,0,0,1
legacy_r2,25.45,15.7181358525,9.99083346104,0,0,4.03395479554,3.44687900557,0,0,1
legacy_r2,25.475,15.7181358525,9.99083346104,0,0,4.03395479554,3.44687900557,0,0,1
legacy_r2,25.5,15.7181358525,9.99083346104,0,0,4.03395479554,3.44687900557,0,0,1
legacy_r2,25.525,15.7181358525,9.99083346104,0,0,4.03395479554,3.44687900557,0,0,1
legacy_r2,25.55,15.7181358525,9.99083346104,0,0,4.03395479554,3.44687900557,0,0,1
legacy_r2,25.575,15.7181358525,9.99083346104,0,0,4.03395479554,3.44687900557,0,0,1
legacy_r2,25.6,15.7181358525,9.99083346104,0,0,4.03395479554,3.44687900557,0,0,1
legacy_r2,25.625,15.7181358525,9.99083346104,0,0,4.03395479554,3.44687900557,0,0,1
legacy_r2,25.65,15.7181358525,9.99083346104,0,0,4.03395479554,3.44687900557,0,0,1
legacy_r2,25.675,15.7181358525,9.99083346104,0,0,4.03395479554,3.44687900557,0,0,1
legacy_r2,25.7,15.7181358525,9.99083346104,0,0,4.03395479554,3.44687900557,0,0,1
legacy_r2,25.725,15.7181358525,9.99083346104,0,0,4.03395479554,3.44687900557,0,0,1
legacy_r2,25.75,15.7181358525,9.99083346104,0,0,4.03395479554,3.44687900557,0,0,1
legacy_r2,25.775,15.7181358525,9.99083346104,0,0,4.03395479554,3.44687900557,0,0,1
legacy_r2,25.8,15.7181358525,9.99083346104,0,0,4.03395479554,3.44687900557,0,0,1
legacy_r2,25.825,15.7181358525,9.99083346104,0,0,4.03395479554,3.44687900557,0,0,1
legacy_r2,25.85,15.7181358525,9.99083346104,0,0,4.03395479554,3.44687900557,0,0,1
legacy_r2,25.875,15.7181358525,9.99083346104,0,0,4.03395479554,3.44687900557,0,0,1
legacy_r2,25.9,15.7181358525,9.99083346104,0,0,4.03395479554,3.44687900557,0,0,1
legacy_r2,25.925,15.7181358525,9.99083346104,0,0,4.03395479554,3.44687900557,0,0,1
legacy_r2,25.95,15.7181358525,9.99083346104,0,0,4.03395479554,3.44687900557,0,0,1
legacy_r2,25.975,15.7181358525,9.99083346104,0,0,4.03395479554,3.44687900557,0,0,1
legacy_r2,26,15.7181358525,9.99083346104,0,0,4.03395479554,3.44687900557,0,0,1
legacy_r2,26.025,15.7181358525,9.99083346104,0,0,4.03395479554,3.44687900557,0,0,1
legacy_r2,26.05,15.7181358525,9.99083346104,0,0,4.03395479554,3.44687900557,0,0,1
legacy_r2,26.075,15.7181358525,9.99083346104,0,0,4.03395479554,3.44687900557,0,0,1
legacy_r2,26.1,15.7181358525,9.99083346104,0,0,4.03395479554,3.44687900557,0,0,1
legacy_r2,26.125,15.7181358525,9.99083346104,0,0,4.03395479554,3.44687900557,0,0,1
legacy_r2,26.15,15.7181358525,9.99083346104,0,0,4.03395479554,3.44687900557,0,0,1
legacy_r2,26.175,15.7181358525,9.99083346104,0,0,4.03395479554,3.44687900557,0,0,1
legacy_r2,26.2,15.7181358525,9.99083346104,0,0,4.03395479554,3.44687900557,0,0,1
legacy_r2,26.225,15.7181358525,9.99083346104,0,0,4.03395479554,3.44687900557,0,0,1
legacy_r2,26.25,15.7181358525,9.99083346104,0,0,4.03395479554,3.44687900557,0,0,1
legacy_r2,26.275,15.7181358525,9.99083346104,0,0,4.03395479554,3.44687900557,0,0,1
legacy_r2,26.3,15.7181358525,9.99083346104,0,0,4.03395479554,3.44687900557,0,0,1
legacy_r2,26.325,15.7181358525,9.99083346104,0,0,4.03395479554,3.44687900557,0,0,1
legacy_r2,26.35,15.7181358525,9.99083346104,0,0,4.03395479554,3.44687900557,0,0,1
legacy_r2,26.375,15.7181358525,9.99083346104,0,0,4.03395479554,3.44687900557,0,0,1
legacy_r2,26.4,15.7181358525,9.99083346104,0,0,4.03395479554,3.44687900557,0,0,1
legacy_r2,26.425,15.7181358525,9.99083346104,0,0,4.03395479554,3.44687900557,0,0,1
legacy_r2,26.45,15.7181358525,9.99083346104,0,0,4.03395479554,3.44687900557,0,0,1
legacy_r2,26.475,15.7181358525,9.99083346104,0,0,4.03395479554,3.44687900557,0,0,1
legacy_r2,26.5,15.7181358525,9.99083346104,0,0,4.03395479554,3.44687900557,0,0,1
legacy_r2,26.525,15.7181358525,9.99083346104,0,0,4.03395479554,3.44687900557,0,0,1
legacy_r2,26.55,15.7181358525,9.99083346104,0,0,4.03395479554,3.44687900557,0,0,1
legacy_r2,26.575,15.7181358525,9.99083346104,0,0,4.03395479554,3.44687900557,0,0,1
legacy_r2,26.6,15.7181358525,9.99083346104,0,0,4.03395479554,3.44687900557,0,0,1
legacy_r2,26.625,15.7181358525,9.99083346104,0,0,4.03395479554,3.44687900557,0,0,1
legacy_r2,26.65,15.7181358525,9.99083346104,0,0,4.03395479554,3.44687900557,0,0,1
legacy_r2,26.675,15.7181358525,9.99083346104,0,0,4.03395479554,3.44687900557,0,0,1
legacy_r2,26.7,15.7181358525,9.99083346104,0,0,4.03395479554,3.44687900557,0,0,1
legacy_r2,26.725,15.7181358525,9.99083346104,0,0,4.03395479554,3.44687900557,0,0,1
legacy_r2,26.75,15.7181358525,9.99083346104,0,0,4.03395479554,3.44687900557,0,0,1
legacy_r2,26.775,15.7181358525,9.99083346104,0,0,4.03395479554,3.44687900557,0,0,1
legacy_r2,26.8,15.7181358525,9.99083346104,0,0,4.03395479554,3.44687900557,0,0,1
legacy_r2,26.825,15.7181358525,9.99083346104,0,0,4.03395479554,3.44687900557,0,0,1
legacy_r2,26.85,15.7181358525,9.99083346104,0,0,4.03395479554,3.44687900557,0,0,1
legacy_r2,26.875,15.7181358525,9.99083346104,0,0,4.03395479554,3.44687900557,0,0,1
legacy_r2,26.9,15.7181358525,9.99083346104,0,0,4.03395479554,3.44687900557,0,0,1
legacy_r2,26.925,15.7181358525,9.99083346104,0,0,4.03395479554,3.44687900557,0,0,1
legacy_r2,26.95,15.7181358525,9.99083346104,0,0,4.03395479554,3.44687900557,0,0,1
legacy_r2,26.975,15.7181358525,9.99083346104,0,0,4.03395479554,3.44687900557,0,0,1
legacy_r2,27,15.7181358525,9.99083346104,0,0,4.03395479554,3.44687900557,0,0,1
legacy_r2,27.025,15.7181358525,9.99083346104,0,0,4.03395479554,3.44687900557,0,0,1
legacy_r2,27.05,15.7181358525,9.99083346104,0,0,4.03395479554,3.44687900557,0,0,1
legacy_r2,27.075,15.7181358525,9.99083346104,0,0,4.03395479554,3.44687900557,0,0,1
legacy_r2,27.1,15.7181358525,9.99083346104,0,0,4.03395479554,3.44687900557,0,0,1
legacy_r2,27.125,15.7181358525,9.99083346104,0,0,4.03395479554,3.44687900557,0,0,1
legacy_r2,27.15,15.7181358525,9.99083346104,0,0,4.03395479554,3.44687900557,0,0,1
legacy_r2,27.175,15.7181358525,9.99083346104,0,0,4.03395479554,3.44687900557,0,0,1
legacy_r2,27.2,15.7181358525,9.99083346104,0,0,4.03395479554,3.44687900557,0,0,1
legacy_r2,27.225,15.7181358525,9.99083346104,0,0,4.03395479554,3.44687900557,0,0,1
legacy_r2,27.25,15.7181358525,9.99083346104,0,0,4.03395479554,3.44687900557,0,0,1
legacy_r2,27.275,15.7181358525,9.99083346104,0,0,4.03395479554,3.44687900557,0,0,1
legacy_r2,27.3,15.7181358525,9.99083346104,0,0,4.03395479554,3.44687900557,0,0,1
legacy_r2,27.325,15.7181358525,9.99083346104,0,0,4.03395479554,3.44687900557,0,0,1
legacy_r2,27.35,15.7181358525,9.99083346104,0,0,4.03395479554,3.44687900557,0,0,1
legacy_r2,27.375,15.7181358525,9.99083346104,0,0,4.03395479554,3.44687900557,0,0,1
legacy_r2,27.4,15.7181358525,9.99083346104,0,0,4.03395479554,3.44687900557,0,0,1
legacy_r2,27.425,15.7181358525,9.99083346104,0,0,4.03395479554,3.44687900557,0,0,1
legacy_r2,27.45,15.7181358525,9.99083346104,0,0,4.03395479554,3.44687900557,0,0,1
legacy_r2,27.475,15.7181358525,9.99083346104,0,0,4.03395479554,3.44687900557,0,0,1
legacy_r2,27.5,15.7181358525,9.99083346104,0,0,4.03395479554,3.44687900557,0,0,1
legacy_r2,27.525,15.7181358525,9.99083346104,0,0,4.03395479554,3.44687900557,0,0,1
legacy_r2,27.55,15.7181358525,9.99083346104,0,0,4.03395479554,3.44687900557,0,0,1
legacy_r2,27.575,15.7181358525,9.99083346104,0,0,4.03395479554,3.44687900557,0,0,1
legacy_r2,27.6,15.7181358525,9.99083346104,0,0,4.03395479554,3.44687900557,0,0,1
legacy_r2,27.625,15.7181358525,9.99083346104,0,0,4.03395479554,3.44687900557,0,0,1
legacy_r2,27.65,15.7181358525,9.99083346104,0,0,4.03395479554,3.44687900557,0,0,1
legacy_r2,27.675,15.7181358525,9.99083346104,0,0,4.03395479554,3.44687900557,0,0,1
legacy_r2,27.7,15.7181358525,9.99083346104,0,0,4.03395479554,3.44687900557,0,0,1
legacy_r2,27.725,15.7181358525,9.99083346104,0,0,4.03395479554,3.44687900557,0,0,1
legacy_r2,27.75,15.7181358525,9.99083346104,0,0,4.03395479554,3.44687900557,0,0,1
legacy_r2,27.775,15.7181358525,9.99083346104,0,0,4.03395479554,3.44687900557,0,0,1
legacy_r2,27.8,15.7181358525,9.99083346104,0,0,4.03395479554,3.44687900557,0,0,1
legacy_r2,27.825,15.7181358525,9.99083346104,0,0,4.03395479554,3.44687900557,0,0,1
legacy_r2,27.85,15.7181358525,9.99083346104,0,0,4.03395479554,3.44687900557,0,0,1
legacy_r2,27.875,15.7181358525,9.99083346104,0,0,4.03395479554,3.44687900557,0,0,1
legacy_r2,27.9,15.7181358525,9.99083346104,0,0,4.03395479554,3.44687900557,0,0,1
legacy_r2,27.925,15.7181358525,9.99083346104,0,0,4.03395479554,3.44687900557,0,0,1
legacy_r2,27.95,15.7181358525,9.99083346104,0,0,4.03395479554,3.44687900557,0,0,1
legacy_r2,27.975,15.7181358525,9.99083346104,0,0,4.03395479554,3.44687900557,0,0,1
legacy_r2,28,15.7181358525,9.99083346104,0,0,4.03395479554,3.44687900557,0,0,1
legacy_r2,28.025,15.7181358525,9.99083346104,0,0,4.03395479554,3.44687900557,0,0,1
legacy_r2,28.05,15.7181358525,9.99083346104,0,0,4.03395479554,3.44687900557,0,0,1
legacy_r2,28.075,15.7181358525,9.99083346104,0,0,4.03395479554,3.44687900557,0,0,1
legacy_r2,28.1,15.7181358525,9.99083346104,0,0,4.03395479554,3.44687900557,0,0,1
legacy_r2,28.125,15.7181358525,9.99083346104,0,0,4.03395479554,3.44687900557,0,0,1
legacy_r2,28.15,15.7181358525,9.99083346104,0,0,4.03395479554,3.44687900557,0,0,1
legacy_r2,28.175,15.7181358525,9.99083346104,0,0,4.03395479554,3.44687900557,0,0,1
legacy_r2,28.2,15.7181358525,9.99083346104,0,0,4.03395479554,3.44687900557,0,0,1
legacy_r2,28.225,15.7181358525,9.99083346104,0,0,4.03395479554,3.44687900557,0,0,1
legacy_r2,28.25,15.7181358525,9.99083346104,0,0,4.03395479554,3.44687900557,0,0,1
legacy_r2,28.275,15.7181358525,9.99083346104,0,0,4.03395479554,3.44687900557,0,0,1
legacy_r2,28.3,15.7181358525,9.99083346104,0,0,4.03395479554,3.44687900557,0,0,1
legacy_r2,28.325,15.7181358525,9.99083346104,0,0,4.03395479554,3.44687900557,0,0,1
legacy_r2,28.35,15.7181358525,9.99083346104,0,0,4.03395479554,3.44687900557,0,0,1
legacy_r2,28.375,15.7181358525,9.99083346104,0,0,4.03395479554,3.44687900557,0,0,1
legacy_r2,28.4,15.7181358525,9.99083346104,0,0,4.03395479554,3.44687900557,0,0,1
legacy_r2,28.425,15.7181358525,9.99083346104,0,0,4.03395479554,3.44687900557,0,0,1
legacy_r2,28.45,15.7181358525,9.99083346104,0,0,4.03395479554,3.44687900557,0,0,1
legacy_r2,28.475,15.7181358525,9.99083346104,0,0,4.03395479554,3.44687900557,0,0,1
legacy_r2,28.5,15.7181358525,9.99083346104,0,0,4.03395479554,3.44687900557,0,0,1
legacy_r2,28.525,15.7181358525,9.99083346104,0,0,4.03395479554,3.44687900557,0,0,1
legacy_r2,28.55,15.7181358525,9.99083346104,0,0,4.03395479554,3.44687900557,0,0,1
legacy_r2,28.575,15.7181358525,9.99083346104,0,0,4.03395479554,3.44687900557,0,0,1
legacy_r2,28.6,15.7181358525,9.99083346104,0,0,4.03395479554,3.44687900557,0,0,1
legacy_r2,28.625,15.7181358525,9.99083346104,0,0,4.03395479554,3.44687900557,0,0,1
legacy_r2,28.65,15.7181358525,9.99083346104,0,0,4.03395479554,3.44687900557,0,0,1
legacy_r2,28.675,15.7181358525,9.99083346104,0,0,4.03395479554,3.44687900557,0,0,1
legacy_r2,28.7,15.7181358525,9.99083346104,0,0,4.03395479554,3.44687900557,0,0,1
legacy_r2,28.725,15.7181358525,9.99083346104,0,0,4.03395479554,3.44687900557,0,0,1
legacy_r2,28.75,15.7181358525,9.99083346104,0,0,4.03395479554,3.44687900557,0,0,1
legacy_r2,28.775,15.7181358525,9.99083346104,0,0,4.03395479554,3.44687900557,0,0,1
legacy_r2,28.8,15.7181358525,9.99083346104,0,0,4.03395479554,3.44687900557,0,0,1
legacy_r2,28.825,15.7181358525,9.99083346104,0,0,4.03395479554,3.44687900557,0,0,1
legacy_r2,28.85,15.7181358525,9.99083346104,0,0,4.03395479554,3.44687900557,0,0,1
legacy_r2,28.875,15.7181358525,9.99083346104,0,0,4.03395479554,3.44687900557,0,0,1
legacy_r2,28.9,15.7181358525,9.99083346104,0,0,4.03395479554,3.44687900557,0,0,1
legacy_r2,28.925,15.7181358525,9.99083346104,0,0,4.03395479554,3.44687900557,0,0,1
legacy_r2,28.95,15.7181358525,9.99083346104,0,0,4.03395479554,3.44687900557,0,0,1
legacy_r2,28.975,15.7181358525,9.99083346104,0,0,4.03395479554,3.44687900557,0,0,1
legacy_r2,29,15.7181358525,9.99083346104,0,0,4.03395479554,3.44687900557,0,0,1
legacy_r2,29.025,15.7181358525,9.99083346104,0,0,4.03395479554,3.44687900557,0,0,1
legacy_r2,29.05,15.7181358525,9.99083346104,0,0,4.03395479554,3.44687900557,0,0,1
legacy_r2,29.075,15.7181358525,9.99083346104,0,0,4.03395479554,3.44687900557,0,0,1
legacy_r2,29.1,15.7181358525,9.99083346104,0,0,4.03395479554,3.44687900557,0,0,1
legacy_r2,29.125,15.7181358525,9.99083346104,0,0,4.03395479554,3.44687900557,0,0,1
legacy_r2,29.15,15.7181358525,9.99083346104,0,0,4.03395479554,3.44687900557,0,0,1
legacy_r2,29.175,15.7181358525,9.99083346104,0,0,4.03395479554,3.44687900557,0,0,1
legacy_r2,29.2,15.7181358525,9.99083346104,0,0,4.03395479554,3.44687900557,0,0,1
legacy_r2,29.225,15.7181358525,9.99083346104,0,0,4.03395479554,3.44687900557,0,0,1
legacy_r2,29.25,15.7181358525,9.99083346104,0,0,4.03395479554,3.44687900557,0,0,1
legacy_r2,29.275,15.7181358525,9.99083346104,0,0,4.03395479554,3.44687900557,0,0,1
legacy_r2,29.3,15.7181358525,9.99083346104,0,0,4.03395479554,3.44687900557,0,0,1
legacy_r2,29.325,15.7181358525,9.99083346104,0,0,4.03395479554,3.44687900557,0,0,1
legacy_r2,29.35,15.7181358525,9.99083346104,0,0,4.03395479554,3.44687900557,0,0,1
legacy_r2,29.375,15.7181358525,9.99083346104,0,0,4.03395479554,3.44687900557,0,0,1
legacy_r2,29.4,15.7181358525,9.99083346104,0,0,4.03395479554,3.44687900557,0,0,1
legacy_r2,29.425,15.7181358525,9.99083346104,0,0,4.03395479554,3.44687900557,0,0,1
legacy_r2,29.45,15.7181358525,9.99083346104,0,0,4.03395479554,3.44687900557,0,0,1
legacy_r2,29.475,15.7181358525,9.99083346104,0,0,4.03395479554,3.44687900557,0,0,1
legacy_r2,29.5,15.7181358525,9.99083346104,0,0,4.03395479554,3.44687900557,0,0,1
legacy_r2,29.525,15.7181358525,9.99083346104,0,0,4.03395479554,3.44687900557,0,0,1
legacy_r2,29.55,15.7181358525,9.99083346104,0,0,4.03395479554,3.44687900557,0,0,1
legacy_r2,29.575,15.7181358525,9.99083346104,0,0,4.03395479554,3.44687900557,0,0,1
legacy_r2,29.6,15.7181358525,9.99083346104,0,0,4.03395479554,3.44687900557,0,0,1
legacy_r2,29.625,15.7181358525,9.99083346104,0,0,4.03395479554,3.44687900557,0,0,1
legacy_r2,29.65,15.7181358525,9.99083346104,0,0,4.03395479554,3.44687900557,0,0,1
legacy_r2,29.675,15.7181358525,9.99083346104,0,0,4.03395479554,3.44687900557,0,0,1
legacy_r2,29.7,15.7181358525,9.99083346104,0,0,4.03395479554,3.44687900557,0,0,1
legacy_r2,29.725,15.7181358525,9.99083346104,0,0,4.03395479554,3.44687900557,0,0,1
legacy_r2,29.75,15.7181358525,9.99083346104,0,0,4.03395479554,3.44687900557,0,0,1
legacy_r2,29.775,15.7181358525,9.99083346104,0,0,4.03395479554,3.44687900557,0,0,1
legacy_r2,29.8,15.7181358525,9.99083346104,0,0,4.03395479554,3.44687900557,0,0,1
legacy_r2,29.825,15.7181358525,9.99083346104,0,0,4.03395479554,3.44687900557,0,0,1
legacy_r2,29.85,15.7181358525,9.99083346104,0,0,4.03395479554,3.44687900557,0,0,1
legacy_r2,29.875,15.7181358525,9.99083346104,0,0,4.03395479554,3.44687900557,0,0,1
legacy_r2,29.9,15.7181358525,9.99083346104,0,0,4.03395479554,3.44687900557,0,0,1
legacy_r2,29.925,15.7181358525,9.99083346104,0,0,4.03395479554,3.44687900557,0,0,1
legacy_r2,29.95,15.7181358525,9.99083346104,0,0,4.03395479554,3.44687900557,0,0,1
legacy_r2,29.975,15.7181358525,9.99083346104,0,0,4.03395479554,3.44687900557,0,0,1
legacy_r2,30,15.7181358525,9.99083346104,0,0,4.03395479554,3.44687900557,0,0,1
current_r1,0,10,10,0,0,0.530624847487,1.038854382,1.29000856147,0,0
current_r1,0.025,10.0018105079,10.0004875306,0.072420316598,0.0195012241629,0.529516529304,1.03701702323,1.36972102349,0,0
current_r1,0.05,10.0053374273,10.0015342281,0.141076773406,0.0418678984321,0.527423482009,1.03339460296,1.45166864683,0,0
current_r1,0.075,10.0103803335,10.0031272402,0.201716250346,0.0637204843964,0.524504000863,1.02817234245,1.52931458916,0,0
current_r1,0.1,10.0167592009,10.0052512582,0.255154696587,0.0849607207449,0.520902064595,1.02151827269,1.59731284943,0,0
current_r1,0.125,10.0243153347,10.0078870617,0.302245352203,0.105432139416,0.516744674539,1.01358302085,1.65427678943,0,0
current_r1,0.15,10.0329104585,10.0110119054,0.3438049505,0.12499374844,0.512142025281,1.00450045442,1.70122774773,0,0
current_r1,0.175,10.0424246175,10.0146007081,0.380566359114,0.143552109121,0.507189296365,0.994389039164,1.74022687686,0,0
current_r1,0.2,10.0527536239,10.0186273774,0.413160258404,0.16106677123,0.501969041153,0.983353548361,1.77351081574,0,0
current_r1,0.225,10.0638065475,10.0230659527,0.442116941249,0.177543012907,0.496553546025,0.971486810129,1.80306022309,0,0
current_r1,0.25,10.0755035099,10.0278914664,0.46787849914,0.193020546845,0.491006865517,0.958871304657,1.83044256792,0,0
current_r1,0.275,10.0877738729,10.0330805266,0.49081451973,0.207562407214,0.485386445879,0.945580531296,1.85679888316,0,0
current_r1,0.3,10.1005548088,10.0386116662,0.511237436194,0.221245586834,0.479744355005,0.93168013489,1.88289294025,0,0
current_r1,0.325,10.1137902036,10.0444655091,0.529415791667,0.234153714313,0.474128179255,0.91722881626,1.90917930225,0,0
current_r1,0.35,10.1274298265,10.050624798,0.5455849146,0.246371557439,0.468581656981,0.902279065176,1.93587007649,0,0
current_r1,0.375,10.1414287044,10.0570743232,0.559955114383,0.257981006124,0.463145112994,0.886877755285,1.96299273606,0,0
current_r1,0.4,10.1557466482,10.0638007783,0.57271775515,0.269058204226,0.457855747412,0.871066635932,1.9904374053,0,0
current_r1,0.425,10.1703478888,10.0707925673,0.584049623164,0.27967156089,0.452747820991,0.85488274927,2.01799452492,0,0
current_r1,0.45,10.1852007881,10.0780395782,0.594115972699,0.289880436195,0.447852769164,0.838358794645,2.04538461136,0,0
current_r1,0.475,10.2002776025,10.085532937,0.603072572942,0.299734349364,0.443199269014,0.821523456513,2.07228185699,0,0
current_r1,0.5,10.2155542777,10.0932647519,0.611067011685,0.309272598311,0.438813277256,0.804401707654,2.0983330581,0,0
current_r1,0.525,10.2310102641,10.1012278571,0.618239452471,0.318524208657,0.434718052727,0.787015095817,2.12317302493,0,0
current_r1,0.55,10.2466283389,10.1094155609,0.624722994296,0.327508150962,0.430934173502,0.769382019293,2.14643731489,0,0
current_r1,0.575,10.2623944326,10.1178214054,0.630643746828,0.336233779058,0.427479556197,0.751517994876,2.16777286837,0,0
current_r1,0.6,10.2782974503,10.1264389417,0.636120707683,0.344701451744,0.42436948314,0.733435920166,2.1868469236,0,0
current_r1,0.625,10.294329088,10.1352615243,0.641265509505,0.352903305936,0.421616641613,0.715146331071,2.20335443796,0,0
current_r1,0.65,10.3104836403,10.1442821281,0.646182091188,0.360824152785,0.419231178097,0.696657654534,2.21702414159,0,0
current_r1,0.675,10.3267577987,10.1534931899,0.650966337954,0.368442469977,0.417220769489,0.677976455891,2.22762328631,0,0
current_r1,0.7,10.3431504419,10.1628864765,0.655705727626,0.375731464084,0.415590712279,0.659107679862,2.23496112171,0,0
current_r1,0.725,10.3596624173,10.1724529809,0.660479014374,0.382660177013,0.414344029885,0.640054883892,2.23889112303,0,0
current_r1,0.75,10.3762963167,10.1821828462,0.665355975708,0.389194610726,0.413481597589,0.620820462388,2.23931200549,0,0
current_r1,0.775,10.3930562478,10.1920653173,0.670397243233,0.395298844803,0.413002283825,0.601405860383,2.23616758102,0,0
current_r1,0.8,10.4099476036,10.2020887204,0.675654232338,0.400936122352,0.412903106031,0.581811775196,2.22944554042,0,0
current_r1,0.825,10.4269768331,10.2122404674,0.681169180661,0.406069881359,0.413179398743,0.562038344816,2.21917527175,0,0
current_r1,0.85,10.4441512156,10.2225070852,0.686975299903,0.410664710905,0.413824991295,0.542085321912,2.20542485103,0,0
current_r1,0.875,10.4614786416,10.2328742655,0.693097040462,0.414687214604,0.414832392178,0.521952232681,2.18829736065,0,0
current_r1,0.9,10.4789674032,10.2433269347,0.699550463722,0.418106767192,0.416192977018,0.501638519986,2.16792670292,0,0
current_r1,0.925,10.496625996,10.2538493386,0.706343712739,0.420896154036,0.417897177108,0.4811436706,2.14447308029,0,0
current_r1,0.95,10.5144629352,10.2644251408,0.71347756873,0.423032087476,0.419934665501,0.460467326632,2.11811830909,0,0
current_r1,0.975,10.5324865872,10.2750375307,0.720946078266,0.424495597955,0.422294537899,0.439609381564,2.08906112256,0,0
current_r1,1,10.550705018,10.2856693382,0.728737234478,0.425272301726,0.4249654858,0.418570061557,2.05751260137,0,0
current_r1,1.025,10.5691258604,10.296303152,0.736833694844,0.425352550441,0.427935959748,0.397349992954,2.02369184826,0,0
current_r1,1.05,10.5877561984,10.3069214388,0.745213518236,0.424731470818,0.431194320851,0.375950257099,1.98782199939,0,0
current_r1,1.075,10.606602471,10.3175066614,0.753850904695,0.423408904977,0.434728979182,0.35437243375,1.95012664024,0,0
current_r1,1.1,10.6256703941,10.328041393,0.762716922851,0.421389263718,0.438528518041,0.332618634482,1.9108266697,0,0
current_r1,1.125,10.6449648994,10.3385084256,0.77178021169,0.41868130607,0.442581803469,0.31069152757,1.87013763382,0,0
current_r1,1.15,10.6644900905,10.3488908721,0.781007645547,0.415297858898,0.446878078762,0.288594355866,1.82826753133,0,0
current_r1,1.175,10.6842492143,10.3591722594,0.790364953459,0.411255490259,0.451407044079,0.266330949226,1.78541507654,0,0
current_r1,1.2,10.7042446465,10.3693366131,0.799817286308,0.406574149621,0.456158921499,0.243905733027,1.74176839293,0,0
current_r1,1.225,10.7244778897,10.3793685328,0.809329727392,0.401276787159,0.461124506165,0.221323734329,1.69750410088,0,0
current_r1,1.25,10.7449495833,10.3892532569,0.818867744098,0.395388963128,0.466295204324,0.198590587201,1.65278675718,0,0
current_r1,1.275,10.7656595228,10.3989767183,0.828397580136,0.38893845692,0.47166305923,0.175712538748,1.60776860058,0,0
current_r1,1.3,10.7866066875,10.4085255904,0.837886589362,0.381954883986,0.477220765984,0.152696457382,1.56258955647,0,0
current_r1,1.325,10.8077892753,10.4178873236,0.847303513412,0.374469327268,0.482961676456,0.129549844939,1.51737745492,0,0
current_r1,1.35,10.829204743,10.4270501733,0.85661870642,0.366513988352,0.488879795452,0.106280854301,1.47224841859,0,0
current_r1,1.375,10.8508498508,10.4360032198,0.865804310706,0.358121862211,0.494969769303,0.0828983143484,1.42730738051,0,0
current_r1,1.4,10.8727207105,10.4447363808,0.874834387871,0.349326438131,0.501226868008,0.0594117642475,1.38264869571,0,0
current_r1,1.425,10.8948128357,10.4532404165,0.883685009917,0.340161428361,0.507646962027,0.0358314993732,1.33835681518,0,0
current_r1,1.45,10.9171211936,10.4615069296,0.892334315106,0.330660525026,0.514226494763,0.0121686315494,1.29450699514,0,0
current_r1,1.475,10.9396402569,10.4695283593,0.900762533202,0.320857185141,0.520962451669,-0.011564833177,1.25116601908,0,0
current_r1,1.5,10.9623640565,10.4772979703,0.908951984524,0.310784442842,0.527852326857,-0.0353558953293,1.20839291408,0,0
current_r1,1.525,10.985286233,10.484809839,0.916887056983,0.300474747549,0.534894088003,-0.0591904365472,1.16623964684,0,0
current_r1,1.55,11.0084000871,10.4920588347,0.924554164905,0.28995982636,0.542086140216,-0.0830530618901,1.12475178848,0,0
current_r1,1.575,11.0316986294,10.4990405989,0.931941693133,0.279270568776,0.549427289499,-0.106926902354,1.08396913992,0,0
current_r1,1.6,11.0551746277,10.5057515222,0.939039929434,0.268436931703,0.556916706314,-0.130793368055,1.04392631248,0,0
current_r1,1.625,11.0788206524,10.5121887188,0.945840987926,0.257487862629,0.56455388968,-0.15463183993,1.00465326052,0,0
current_r1,1.65,11.1026291205,10.5183499997,0.952338725824,0.246451238907,0.572338632183,-0.178419284415,0.96617576483,0,0
current_r1,1.675,11.1265923369,10.5242338453,0.958528655464,0.235353821119,0.580270986185,-0.202129771207,0.928515866709,0,0
current_r1,1.7,11.1507025332,10.5298393757,0.964407853232,0.224221218639,0.588351231458,-0.225733868566,0.891692254307,0,0
current_r1,1.725,11.1749519049,10.5351663224,0.969974866765,0.213077865636,0.596579844421,-0.24919788342,0.85572060323,0,0
current_r1,1.75,11.1993326454,10.5402149975,0.975229621482,0.201947005938,0.604957469108,-0.272482904451,0.820613874374,0,0
current_r1,1.775,11.2238369786,10.5449862646,0.980173327317,0.190850685326,0.613484889934,-0.295543595177,0.786382572261,0,0
current_r1,1.8,11.248430407,10.5494766186,0.983737136844,0.179614157557,0.622153348298,-0.318302023007,0.753213767568,0,0
current_r1,1.825,11.2730739854,10.5536830474,0.985743136293,0.168257152152,0.630951553933,-0.340668031856,0.721164381836,0,0
current_r1,1.85,11.2977637255,10.5576094625,0.987589602258,0.157056606074,0.639880098785,-0.362572667098,0.690041927329,0,0
current_r1,1.875,11.3224957364,10.561260166,0.989280436948,0.146028137944,0.648939862723,-0.383932622797,0.659842099334,0,0
current_r1,1.9,11.3472662438,10.5646398057,0.990820294946,0.135185587707,0.658131969429,-0.404646887087,0.63055872591,0,0
current_r1,1.925,11.372071605,10.5677533337,0.992214447426,0.124541118987,0.66745774574,-0.424592767002,0.602184090311,0,0
current_r1,1.95,11.3969083214,10.5706059668,0.993468658313,0.11410532393,0.676918684343,-0.443621390445,0.574709197446,0,0
current_r1,1.975,11.4217730482,10.57320315,0.994589072421,0.103887328494,0.686516409688,-0.461553024772,0.548123991768,0,0
current_r1,2,11.4466626011,10.5755505224,0.995582115356,0.0938948964672,0.696252646968,-0.478172985342,0.522417533473,0,0
current_r1,2.025,11.4715739612,10.5776538857,0.996454404735,0.0841345308689,0.706129193984,-0.493229592833,0.4975781393,0,0
current_r1,2.05,11.496504278,10.5795191749,0.997212672086,0.0746115716927,0.71614789573,-0.506436540753,0.47359349364,0,0
current_r1,2.075,11.5214508704,10.5811524322,0.997863694755,0.0653302892187,0.726310621501,-0.517482852886,0.450450735084,0,0
current_r1,2.1,11.5464112263,10.5825597815,0.998414237016,0.0562939723642,0.736619244341,-0.526053566023,0.428136522937,0,0
current_r1,2.125,11.5713830013,10.5837474068,0.998870999609,0.0475050117421,0.747075622662,-0.531862161263,0.406637087711,0,0
current_r1,2.15,11.5963640158,10.5847215312,0.999240576912,0.0389649772653,0.757681583848,-0.534690828094,0.385938269089,0,0
current_r1,2.175,11.6213522513,10.5854883985,0.999529420966,0.0306746902769,0.768438909686,-0.534428327864,0.366025544348,0,0
current_r1,2.2,11.6463458466,10.5860542557,0.999743811635,0.0226342902952,0.779349323464,-0.531091985098,0.346884049837,0,0
current_r1,2.225,11.6713430924,10.5864253381,0.999889832205,0.0148432965507,0.790414478607,-0.52482457279,0.328498597661,0,0
current_r1,2.25,11.6963424261,10.5866078548,0.999973349793,0.0073006645593,0.80163594869,-0.515867407813,0.3108536894,0,0
current_r1,2.275,11.7213424261,10.5866079757,0.999999999988,4.83801874148e-06,0.813015218734,-0.504520590659,0.293933528327,0,0
current_r1,2.3,11.7463418055,10.5864318206,0.999975175199,-0.00704620364848,0.82455367766,-0.491103705542,0.277722031339,0,0
current_r1,2.325,11.7713394059,10.5860854481,0.999904016242,-0.0138549017702,0.836252611798,-0.475925872172,0.262202841532,0,0
current_r1,2.35,11.7963341911,10.5855748461,0.999791406752,-0.0204240785729,0.848113199375,-0.459267715573,0.247359342121,0,0
current_r1,2.375,11.8213252403,10.5849059236,0.999641970041,-0.0267569006623,0.860136505881,-0.441373488318,0.233174672242,0,0
current_r1,2.4,11.846311742,10.5840845024,0.999460068088,-0.0328568455053,0.87232348026,-0.422450039928,0.219631744951,0,0
current_r1,2.425,11.8712929871,10.5831163107,0.999249802367,-0.038727670598,0.884674951853,-0.402669581618,0.206713267627,0,0
current_r1,2.45,11.8962683625,10.5820069761,0.999015016254,-0.0443733850227,0.897191628035,-0.382174088595,0.194401764847,0,0
current_r1,2.475,11.921237345,10.5807620205,0.998759298817,-0.0497982231225,0.909874092498,-0.361080055201,0.182679603683,0,0
current_r1,2.5,11.9461994947,10.579386855,0.998485989762,-0.0550066200414,0.922722804132,-0.339482948112,0.171529021293,0,0
current_r1,2.525,11.9711544493,10.5778867753,0.998198185393,-0.0600031889076,0.935738096471,-0.317461088604,0.160932154617,0,0
current_r1,2.55,11.996101918,10.5762669578,0.997898745413,-0.0647926994611,0.948920177653,-0.295078903974,0.150871071903,0,0
current_r1,2.575,12.0210416755,10.5745324563,0.997590300453,-0.0693800579508,0.962269130877,-0.272389587896,0.141327805781,0,0
current_r1,2.6,12.045973557,10.5726881991,0.99727526019,-0.0737702881514,0.975784915311,-0.249437248333,0.132284387531,0,0
current_r1,2.625,12.0708974525,10.5707389863,0.996955821951,-0.0779685133756,0.989467367434,-0.226258629455,0.123722882216,0,0
current_r1,2.65,12.095813302,10.5686894878,0.996633979724,-0.0819799393722,1.00331620278,-0.202884487947,0.115625424303,0,0
current_r1,2.675,12.1207210904,10.5665442418,0.996311533456,-0.085809838029,1.01733101804,-0.179340692733,0.107974253413,0,0
current_r1,2.7,12.1456208428,10.5643076536,0.995990098583,-0.0894635318099,1.03151129356,-0.155649105065,0.100751749846,0,0
current_r1,2.725,12.1705126207,10.5619839941,0.995671115707,-0.092946378875,1.0458563961,-0.131828284792,0.0939404695357,0,0
current_r1,2.75,12.1953965172,10.5595774001,0.99535586035,-0.0962637588477,1.06036558195,-0.10789405915,0.0875231781,0,0
current_r1,2.775,12.2202726536,10.5570918736,0.995045452724,-0.0994210592009,1.07503800028,-0.0838599827334,0.0814828836998,0,0
current_r1,2.8,12.2451411752,10.5545312821,0.994740867468,-0.10242366225,1.08987269679,-0.0597377111041,0.0758028684185,0,0
current_r1,2.825,12.2700022488,10.5518993588,0.994442943277,-0.10527693274,1.10486861751,-0.0355373056528,0.0704667179209,0,0
current_r1,2.85,12.2948560586,10.5491997036,0.994152392395,-0.107986206038,1.12002461288,-0.0112674835295,0.0654583491778,0,0
current_r1,2.875,12.3197028039,10.5464357842,0.993869809924,-0.110556776918,1.13533944198,0.0130641765001,0.0607620360747,0,0
current_r1,2.9,12.344542696,10.543610937,0.99359568289,-0.112993888964,1.15081177688,0.0374510637145,0.0563624327588,0,0
current_r1,2.925,12.3693759559,10.5407283688,0.993330399063,-0.11530272459,1.16644020718,0.0618873938458,0.0522445946103,0,0
current_r1,2.95,12.3942028123,10.5377911589,0.99307425547,-0.117488395692,1.18222324456,0.0863680908643,0.0483939967598,0,0
current_r1,2.975,12.419023499,10.5348022606,0.992827466592,-0.119555934944,1.19815932754,0.110888687856,0.0447965501039,0,0
current_r1,3,12.4438382533,10.5317645034,0.992590172212,-0.121510287743,1.21424682617,0.135445243567,0.041438614801,0,0
current_r1,3.025,12.4686473144,10.5286805958,0.992362444907,-0.123356304817,1.23048404681,0.160034271852,0.0383070112605,0,0
current_r1,3.05,12.4934509218,10.5255531274,0.992144297155,-0.125098735498,1.24686923694,0.184652681816,0.0353890286637,0,0
current_r1,3.075,12.518249314,10.5223845718,0.991935688061,-0.126742221658,1.2634005899,0.209297726824,0.0326724310757,0,0
current_r1,3.1,12.5430427273,10.5191772895,0.991736529686,-0.128291292322,1.28007624965,0.233966960928,0.0301454612349,0,0
current_r1,3.125,12.5678313946,10.5159335306,0.991546692979,-0.129750358932,1.29689431548,0.258658201498,0.0277968421186,0,0
current_r1,3.15,12.5926155449,10.5126554378,0.991366013308,-0.131123711272,1.31385284657,0.283369497081,0.025615776404,0,0
current_r1,3.175,12.6173954023,10.5093450499,0.991194295606,-0.132415514036,1.33094986658,0.308099099653,0.0235919439523,0,0
current_r1,3.2,12.6421711853,10.5060043048,0.99103131912,-0.133629804022,1.34818336807,0.332845440619,0.021715497458,0,0
current_r1,3.225,12.6669431064,10.5026350426,0.990876841784,-0.13477048793,1.36555131681,0.357607109975,0.0199770564092,0,0
current_r1,3.25,12.6917113715,10.4992390091,0.990730604222,-0.135841340758,1.38305165598,0.382382838184,0.0183676995113,0,0
current_r1,3.275,12.7164761798,10.495817859,0.990592333396,-0.136846004752,1.40068231021,0.407171480359,0.01687895573,0,0
current_r1,3.3,12.7412377234,10.4923731593,0.990461745913,-0.137787988895,1.4184411895,0.431972002437,0.0155027941074,0,0
current_r1,3.325,12.7659961872,10.4889063925,0.990338550995,-0.138670668902,1.43632619295,0.456783469063,0.0142316125069,0,0
current_r1,3.35,12.7907517485,10.4854189603,0.990222453152,-0.139497287693,1.45433521238,0.481605032942,0.0130582254357,0,0
current_r1,3.375,12.8155045774,10.4819121864,0.990113154552,-0.140270956303,1.4724661357,0.506435925479,0.0119758510925,0,0
current_r1,3.4,12.8402548363,10.4783873201,0.990010357118,-0.140994655212,1.49071685019,0.531275448509,0.0109780977802,0,0
current_r1,3.425,12.8650026804,10.4748455392,0.989913764365,-0.14167123604,1.50908524557,0.556122967005,0.0100589498168,0,0
current_r1,3.45,12.8897482575,10.4712879536,0.989823082997,-0.142303423592,1.52756921688,0.580977902613,0.00921275307042,0,0
current_r1,3.475,12.9144917081,10.4677156081,0.989738024286,-0.142893818208,1.54616666719,0.605839727927,0.00843420023541,0,0
current_r1,3.5,12.9392331658,10.4641294857,0.989658305238,-0.143444898384,1.56487551019,0.6307079614,0.00771831595879,0,0
current_r1,3.525,12.963972757,10.4605305101,0.989583649578,-0.143959023641,1.58369367249,0.655582162817,0.00706044191565,0,0
current_r1,3.55,12.9887106017,10.4569195491,0.989513788558,-0.14443843759,1.60261909588,0.680461929266,0.00645622192442,0,0
current_r1,3.575,13.0134468133,10.4532974173,0.989448461615,-0.144885271188,1.62164973934,0.705346891539,0.00590158718308,0,0
current_r1,3.6,13.0381814987,10.4496648787,0.989387416886,-0.145301546129,1.64078358087,0.730236710918,0.00539274169842,0,0
current_r1,3.625,13.062914759,10.4460226492,0.989330411596,-0.145689178364,1.66001861925,0.755131076302,0.00492614797195,0,0
current_r1,3.65,13.0876466893,10.4423713997,0.989277212334,-0.146049981704,1.67935287556,0.780029701627,0.00449851299739,0,0
current_r1,3.675,13.1123773792,10.4387117579,0.989227595238,-0.146385671499,1.69878439457,0.80493232356,0.00410677461671,0,0
current_r1,3.7,13.1371069128,10.4350443112,0.989181346075,-0.146697868349,1.71831124605,0.82983869942,0.00374808827421,0,0
current_r1,3.725,13.1618353693,10.4313696086,0.989138260262,-0.146988101849,1.7379315258,0.854748605315,0.00341981420072,0,0
current_r1,3.75,13.1865628229,10.4276881633,0.989098142815,-0.147257814324,1.75764335675,0.879661834463,0.00311950505376,0,0
current_r1,3.775,13.2112893431,10.4240004542,0.989060808234,-0.147508364563,1.77744488974,0.904578195677,0.00284489403315,0,0
current_r1,3.8,13.2360149951,10.4203069284,0.989026080349,-0.147741031501,1.79733430428,0.929497511999,0.002593883486,0,0
current_r1,3.825,13.2607398399,10.4166080029,0.988993792125,-0.147957017874,1.81730980922,0.954419619471,0.00236453401029,0,0
current_r1,3.85,13.2854639345,10.4129040666,0.988963785426,-0.148157453801,1.83736964325,0.979344366018,0.00215505406131,0,0
current_r1,3.875,13.3101873323,10.4091954816,0.988935910758,-0.1483434003,1.85751207533,1.00427161044,0.00196379006152,0,0
current_r1,3.9,13.334910083,10.4054825853,0.988910026994,-0.148515852725,1.87773540505,1.02920122149,0.00178921701084,0,0
current_r1,3.925,13.359632233,10.4017656917,0.988886001071,-0.148675744108,1.89803796285,1.05413307707,0.00162992959114,0,0
current_r1,3.95,13.3843538257,10.398045093,0.988863707686,-0.148823948415,1.9184181102,1.07906706344,0.00148463375628,0,0
current_r1,3.975,13.4090749014,10.3943210609,0.988843028979,-0.148961283691,1.93887423973,1.1040030746,0.00135213879664,0,0
current_r1,4,13.4337954978,10.390593848,0.988823854214,-0.149088515107,1.9594047752,1.12894101157,0.00123134986531,0,0
current_r1,4.025,13.4585156498,10.386863689,0.988806079454,-0.149206357892,1.9800081715,1.15388078194,0.00112126095165,0,0
current_r1,4.05,13.4832353899,10.383130802,0.98878960724,-0.149315480157,2.00068291458,1.17882229927,0.00102094828647,0,0
current_r1,4.075,13.5079547486,10.3793953894,0.988774346275,-0.149416505607,2.02142752125,1.20376548264,0.000929564162543,0,0
current_r1,4.1,13.5326737539,10.375657639,0.98876021111,-0.149510016137,2.04224053901,1.22871025627,0.000846331153084,0,0
current_r1,4.125,13.5573924319,10.3719177251,0.988747121835,-0.149596554313,2.06312054582,1.25365654907,0.000770536710697,0,0
current_r1,4.15,13.582110807,10.3681758095,0.988735003783,-0.149676625747,2.08406614983,1.27860429429,0.000701528128864,0,0
current_r1,4.175,13.6068289017,10.364432042,0.988723787235,-0.149750701355,2.10507598902,1.30355342925,0.000638707848047,0,0
current_r1,4.2,13.6315467369,10.3606865615,0.988713407144,-0.149819219506,2.12614873091,1.32850389497,0.000581529088516,0,0
current_r1,4.225,13.656264332,10.3569394968,0.988703802863,-0.149882588063,2.14728307218,1.35345563594,0.00052949179225,0,0
current_r1,4.25,13.6809817049,10.3531909671,0.988694917881,-0.149941186324,2.16847773824,1.37840859987,0.000482138856555,0,0
current_r1,4.275,13.7056988724,10.3494410829,0.988686699578,-0.149995366853,2.18973148283,1.40336273742,0.000439052642431,0,0
current_r1,4.3,13.7304158499,10.3456899465,0.988679098984,-0.150045457219,2.21104308761,1.42831800205,0.000399851741238,0,0
current_r1,4.325,13.7551326516,10.3419376525,0.988672070552,-0.150091761633,2.23241136166,1.45327434976,0.000364187983708,0,0
current_r1,4.35,13.7798492909,10.3381842884,0.988665571942,-0.150134562499,2.25383514105,1.47823173899,0.000331743675961,0,0
current_r1,4.375,13.80456578,10.3344299354,0.988659563814,-0.150174121871,2.27531328835,1.50319013035,0.000302229047778,0,0
current_r1,4.4,13.8292821303,10.3306746683,0.988654009634,-0.150210682826,2.29684469215,1.5281494866,0.000275379899058,0,0
current_r1,4.425,13.8539983521,10.3269185565,0.98864887549,-0.150244470756,2.31842826657,1.55310977238,0.000250955431002,0,0
current_r1,4.45,13.8787144554,10.3231616641,0.988644129916,-0.150275694582,2.34006295074,1.57807095419,0.000228736249265,0,0
current_r1,4.475,13.903430449,10.3194040505,0.98863974373,-0.150304547892,2.36174770833,1.6030330002,0.000208522526973,0,0
current_r1,4.5,13.9281463412,10.3156457702,0.988635689876,-0.15033121001,2.38348152703,1.62799588018,0.000190132316136,0,0
current_r1,4.525,13.9528621398,10.311886874,0.988631943281,-0.150355846994,2.40526341807,1.65295956536,0.000173399996685,0,0
current_r1,4.55,13.9775778518,10.3081274087,0.988628480714,-0.150378612577,2.42709241566,1.67792402838,0.000158174852945,0,0
current_r1,4.575,14.0022934839,10.3043674175,0.988625280664,-0.15039964904,2.44896757658,1.7028892432,0.000144319768011,0,0
current_r1,4.6,14.0270090419,10.3006069403,0.988622323214,-0.15041908803,2.47088797957,1.72785518498,0.000131710027066,0,0
current_r1,4.625,14.0517245317,10.296846014,0.988619589927,-0.150437051327,2.49285272495,1.75282183003,0.000120232221282,0,0
current_r1,4.65,14.0764399583,10.2930846727,0.988617063748,-0.150453651555,2.51486093403,1.77778915576,0.000109783244459,0,0
current_r1,4.675,14.1011553265,10.2893229479,0.988614728896,-0.15046899285,2.53691174872,1.80275714059,0.000100269375134,0,0
current_r1,4.7,14.1258706408,10.2855608686,0.988612570779,-0.150483171476,2.55900433095,1.82772576388,9.16054373391e-05,0,0
current_r1,4.725,14.1505859052,10.2817984617,0.988610575903,-0.150496276407,2.58113786228,1.85269500594,8.37140337216e-05,0,0
current_r1,4.75,14.1753011235,10.2780357519,0.988608731795,-0.150508389861,2.6033115434,1.87766484787,7.65248451425e-05,0,0
current_r1,4.775,14.2000162991,10.2742727623,0.988607026926,-0.150519587803,2.62552459366,1.90263527162,6.9973991328e-05,0,0
current_r1,4.8,14.2247314354,10.2705095137,0.988605450644,-0.150529940404,2.64777625065,1.92760625989,6.40034475368e-05,0,0
current_r1,4.825,14.2494465352,10.2667460259,0.988603993105,-0.15053951248,2.67006576971,1.95257779608,5.8560512587e-05,0,0
current_r1,4.85,14.2741616014,10.2629823168,0.988602645217,-0.150548363889,2.69239242355,1.97754986429,5.35973239409e-05,0,0
current_r1,4.875,14.2988766363,10.2592184031,0.988601398583,-0.150556549904,2.71475550178,2.00252244925,4.90704158782e-05,0,0
current_r1,4.9,14.3235916425,10.2554543,0.988600245448,-0.150564121558,2.73715431051,2.0274955363,4.49403170948e-05,0,0
current_r1,4.925,14.3483066219,10.2516900219,0.988599178649,-0.150571125967,2.75958817193,2.05246911137,4.1171184358e-05,0,0
current_r1,4.95,14.3730215767,10.2479255817,0.988598191574,-0.150577606622,2.78205642393,2.07744316092,3.77304691144e-05,0,0
current_r1,4.975,14.3977365087,10.2441609916,0.98859727812,-0.150583603669,2.80455841966,2.10241767193,3.45886141961e-05,0,0
current_r1,5,14.4224514195,10.2403962628,0.98859643265,-0.150589154162,2.8270935272,2.12739263189,3.17187780075e-05,0,0
current_r1,5.025,14.4471663107,10.2366314055,0.988595649964,-0.150594292299,2.84966112914,2.15236802874,2.90965837843e-05,0,0
current_r1,5.05,14.4718811839,10.2328664292,0.988594925259,-0.150599049641,2.87226062225,2.17734385088,2.66998917188e-05,0,0
current_r1,5.075,14.4965960402,10.2291013429,0.988594254104,-0.150603455313,2.89489141708,2.20232008714,2.45085919303e-05,0,0
current_r1,5.1,14.521310881,10.2253361545,0.98859363241,-0.150607536194,2.91755293765,2.22729672673,2.25044164256e-05,0,0
current_r1,5.125,14.5460257074,10.2215708715,0.988593056402,-0.150611317086,2.94024462107,2.25227375926,2.06707683559e-05,0,0
current_r1,5.15,14.5707405205,10.217805501,0.988592522596,-0.150614820877,2.96296591724,2.27725117471,1.89925670174e-05,0,0
current_r1,5.175,14.5954553212,10.2140400493,0.988592027777,-0.150618068688,2.98571628851,2.30222896342,1.74561071791e-05,0,0
current_r1,5.2,14.6201701104,10.2102745223,0.988591568979,-0.150621080008,3.00849520935,2.32720711603,1.60489314405e-05,0,0
current_r1,5.225,14.644884889,10.2065089255,0.988591143464,-0.150623872822,3.03130216607,2.35218562353,1.47597144364e-05,0,0
current_r1,5.25,14.6695996577,10.2027432639,0.988590748705,-0.15062646373,3.05413665648,2.37716447721,1.35781578107e-05,0,0
current_r1,5.275,14.6943144173,10.1989775422,0.988590382368,-0.150628868047,3.07699818964,2.40214366865,1.24948949711e-05,0,0
current_r1,5.3,14.7190291683,10.1952117647,0.988590042302,-0.150631099911,3.09988628553,2.4271231897,1.15014047298e-05,0,0
current_r1,5.325,14.7437439115,10.1914459354,0.98858972652,-0.15063317237,3.12280047481,2.45210303249,1.058993301e-05,0,0
current_r1,5.35,14.7684586473,10.1876800579,0.988589433188,-0.150635097466,3.14574029852,2.4770831894,9.75342187376e-06,0,0
current_r1,5.375,14.7931733763,10.1839141358,0.988589160613,-0.150636886317,3.16870530783,2.50206365305,8.98544519232e-06,0,0
current_r1,5.4,14.817888099,10.180148172,0.988588907231,-0.150638549185,3.19169506378,2.52704441631,8.28015034224e-06,0,0
current_r1,5.425,14.8426028158,10.1763821696,0.988588671599,-0.150640095546,3.21470913704,2.55202547226,7.63220536495e-06,0,0
current_r1,5.45,14.8673175271,10.1726161313,0.988588452385,-0.150641534149,3.23774710764,2.57700681421,7.03675108007e-06,0,0
current_r1,5.475,14.8920322333,10.1688500595,0.988588248358,-0.150642873074,3.26080856475,2.60198843565,6.48935768819e-06,0,0
current_r1,5.5,14.9167469348,10.1650839565,0.988588058382,-0.150644119782,3.28389310645,2.62697033031,5.98598544205e-06,0,0
current_r1,5.525,14.9414616318,10.1613178244,0.988587881406,-0.150645281167,3.30700033951,2.65195249208,5.52294900345e-06,0,0
current_r1,5.55,14.9661763247,10.1575516654,0.98858771646,-0.150646363597,3.33012987916,2.67693491504,5.09688513881e-06,0,0
current_r1,5.575,14.9908910138,10.153785481,0.988587562648,-0.150647372956,3.35328134886,2.70191759346,4.70472343829e-06,0,0
current_r1,5.6,15.0156056993,10.1500192732,0.988587419141,-0.150648314684,3.37645438016,2.72690052177,4.34365977297e-06,0,0
current_r1,5.625,15.0403203814,10.1462530433,0.988587285173,-0.150649193808,3.39964861241,2.75188369455,4.01113223104e-06,0,0
current_r1,5.65,15.0650350604,10.1424867929,0.988587160036,-0.150650014976,3.42286369263,2.77686710657,3.70479929832e-06,0,0
current_r1,5.675,15.0897497365,10.1387205234,0.988587043075,-0.150650782489,3.4460992753,2.80185075271,3.42252007057e-06,0,0
current_r1,5.7,15.1144644098,10.1349542359,0.988586933684,-0.150651500325,3.46935502216,2.82683462805,3.1623363049e-06,0,0
current_r1,5.725,15.1391790806,10.1311879316,0.988586831301,-0.150652172164,3.49263060204,2.85181872775,2.92245613615e-06,0,0
current_r1,5.75,15.163893749,10.1274216115,0.988586735408,-0.150652801417,3.5159256907,2.87680304715,2.70123930011e-06,0,0
current_r1,5.775,15.1886084151,10.1236552768,0.988586645524,-0.150653391239,3.53923997063,2.9017875817,2.49718372107e-06,0,0
current_r1,5.8,15.2133230792,10.1198889281,0.988586561202,-0.150653944558,3.56257313093,2.92677232699,2.30891333427e-06,0,0
current_r1,5.825,15.2380377412,10.1161225665,0.988586482029,-0.150654464085,3.58592486708,2.95175727872,2.13516702643e-06,0,0
current_r1,5.85,15.2627524014,10.1123561927,0.988586407622,-0.15065495234,3.60929488085,2.97674243271,1.97478858863e-06,0,0
current_r1,5.875,15.2874670599,10.1085898074,0.988586337625,-0.150655411659,3.6326828801,3.00172778489,1.82671758596e-06,0,0
current_r1,5.9,15.3121817166,10.1048234113,0.988586271705,-0.150655844216,3.65608857867,3.0267133313,1.68998105735e-06,0,0
current_r1,5.925,15.3368963719,10.101057005,0.988586209556,-0.150656252033,3.6795116962,3.0516990681,1.56368596768e-06,0,0
current_r1,5.95,15.3616110257,10.0972905891,0.988586150889,-0.150656636994,3.70295195802,3.07668499154,1.44701234117e-06,0,0
current_r1,5.975,15.386325678,10.0935241641,0.988586095438,-0.150657000857,3.72640909499,3.10167109797,1.33920701244e-06,0,0
current_r1,6,15.4110403291,10.0897577305,0.988586042951,-0.150657345268,3.74988284336,3.12665738383,1.23957793735e-06,0,0
current_r1,6.025,15.4357549789,10.0859912887,0.988585993193,-0.150657671767,3.7733729447,3.15164384566,1.14748901134e-06,0,0
current_r1,6.05,15.4604696276,10.0822248391,0.988585945944,-0.150657981804,3.79687914568,3.17663048009,1.06235534827e-06,0,0
current_r1,6.075,15.4851842751,10.0784583822,0.988585900996,-0.150658276747,3.82040119804,3.20161728383,9.83638976785e-07,0,0
current_r1,6.1,15.5098989216,10.0746919182,0.98858585815,-0.150658557891,3.84393885839,3.22660425368,9.10844915826e-07,0,0
current_r1,6.125,15.534613567,10.0709254476,0.988585817219,-0.150658826473,3.86749188817,3.25159138652,8.43517594251e-07,0,0
current_r1,6.15,15.5593282115,10.0671589705,0.988585778021,-0.150659083678,3.89106005347,3.2765786793,7.81237582999e-07,0,0
current_r1,6.175,15.584042855,10.0633924872,0.988585740382,-0.150659330655,3.91464312495,3.30156612905,7.23618611229e-07,0,0
current_r1,6.2,15.6087574976,10.059625998,0.98858570413,-0.150659568529,3.93824087776,3.32655373289,6.70304840554e-07,0,0
current_r1,6.225,15.6334721393,10.0558595031,0.988585669096,-0.150659798416,3.96185309136,3.35154148799,6.20968373951e-07,0,0
current_r1,6.25,15.6581867802,10.0520930025,0.988585635106,-0.150660021443,3.98547954952,3.37652939159,5.7530697817e-07,0,0
current_r1,6.275,15.6829014202,10.0483264965,0.988585601986,-0.150660238771,4.00912004012,3.40151744102,5.33042000406e-07,0,0
current_r1,6.3,15.7076160595,10.0445599853,0,0,4.03277435512,3.42650563364,0,0,1
current_r1,6.325,15.7076160595,10.0445599853,0,0,4.03277435512,3.42650563364,0,0,1
current_r1,6.35,15.7076160595,10.0445599853,0,0,4.03277435512,3.42650563364,0,0,1
current_r1,6.375,15.7076160595,10.0445599853,0,0,4.03277435512,3.42650563364,0,0,1
current_r1,6.4,15.7076160595,10.0445599853,0,0,4.03277435512,3.42650563364,0,0,1
current_r1,6.425,15.7076160595,10.0445599853,0,0,4.03277435512,3.42650563364,0,0,1
current_r1,6.45,15.7076160595,10.0445599853,0,0,4.03277435512,3.42650563364,0,0,1
current_r1,6.475,15.7076160595,10.0445599853,0,0,4.03277435512,3.42650563364,0,0,1
current_r1,6.5,15.7076160595,10.0445599853,0,0,4.03277435512,3.42650563364,0,0,1
current_r1,6.525,15.7076160595,10.0445599853,0,0,4.03277435512,3.42650563364,0,0,1
current_r1,6.55,15.7076160595,10.0445599853,0,0,4.03277435512,3.42650563364,0,0,1
current_r1,6.575,15.7076160595,10.0445599853,0,0,4.03277435512,3.42650563364,0,0,1
current_r1,6.6,15.7076160595,10.0445599853,0,0,4.03277435512,3.42650563364,0,0,1
current_r1,6.625,15.7076160595,10.0445599853,0,0,4.03277435512,3.42650563364,0,0,1
current_r1,6.65,15.7076160595,10.0445599853,0,0,4.03277435512,3.42650563364,0,0,1
current_r1,6.675,15.7076160595,10.0445599853,0,0,4.03277435512,3.42650563364,0,0,1
current_r1,6.7,15.7076160595,10.0445599853,0,0,4.03277435512,3.42650563364,0,0,1
current_r1,6.725,15.7076160595,10.0445599853,0,0,4.03277435512,3.42650563364,0,0,1
current_r1,6.75,15.7076160595,10.0445599853,0,0,4.03277435512,3.42650563364,0,0,1
current_r1,6.775,15.7076160595,10.0445599853,0,0,4.03277435512,3.42650563364,0,0,1
current_r1,6.8,15.7076160595,10.0445599853,0,0,4.03277435512,3.42650563364,0,0,1
current_r1,6.825,15.7076160595,10.0445599853,0,0,4.03277435512,3.42650563364,0,0,1
current_r1,6.85,15.7076160595,10.0445599853,0,0,4.03277435512,3.42650563364,0,0,1
current_r1,6.875,15.7076160595,10.0445599853,0,0,4.03277435512,3.42650563364,0,0,1
current_r1,6.9,15.7076160595,10.0445599853,0,0,4.03277435512,3.42650563364,0,0,1
current_r1,6.925,15.7076160595,10.0445599853,0,0,4.03277435512,3.42650563364,0,0,1
current_r1,6.95,15.7076160595,10.0445599853,0,0,4.03277435512,3.42650563364,0,0,1
current_r1,6.975,15.7076160595,10.0445599853,0,0,4.03277435512,3.42650563364,0,0,1
current_r1,7,15.7076160595,10.0445599853,0,0,4.03277435512,3.42650563364,0,0,1
current_r1,7.025,15.7076160595,10.0445599853,0,0,4.03277435512,3.42650563364,0,0,1
current_r1,7.05,15.7076160595,10.0445599853,0,0,4.03277435512,3.42650563364,0,0,1
current_r1,7.075,15.7076160595,10.0445599853,0,0,4.03277435512,3.42650563364,0,0,1
current_r1,7.1,15.7076160595,10.0445599853,0,0,4.03277435512,3.42650563364,0,0,1
current_r1,7.125,15.7076160595,10.0445599853,0,0,4.03277435512,3.42650563364,0,0,1
current_r1,7.15,15.7076160595,10.0445599853,0,0,4.03277435512,3.42650563364,0,0,1
current_r1,7.175,15.7076160595,10.0445599853,0,0,4.03277435512,3.42650563364,0,0,1
current_r1,7.2,15.7076160595,10.0445599853,0,0,4.03277435512,3.42650563364,0,0,1
current_r1,7.225,15.7076160595,10.0445599853,0,0,4.03277435512,3.42650563364,0,0,1
current_r1,7.25,15.7076160595,10.0445599853,0,0,4.03277435512,3.42650563364,0,0,1
current_r1,7.275,15.7076160595,10.0445599853,0,0,4.03277435512,3.42650563364,0,0,1
current_r1,7.3,15.7076160595,10.0445599853,0,0,4.03277435512,3.42650563364,0,0,1
current_r1,7.325,15.7076160595,10.0445599853,0,0,4.03277435512,3.42650563364,0,0,1
current_r1,7.35,15.7076160595,10.0445599853,0,0,4.03277435512,3.42650563364,0,0,1
current_r1,7.375,15.7076160595,10.0445599853,0,0,4.03277435512,3.42650563364,0,0,1
current_r1,7.4,15.7076160595,10.0445599853,0,0,4.03277435512,3.42650563364,0,0,1
current_r1,7.425,15.7076160595,10.0445599853,0,0,4.03277435512,3.42650563364,0,0,1
current_r1,7.45,15.7076160595,10.0445599853,0,0,4.03277435512,3.42650563364,0,0,1
current_r1,7.475,15.7076160595,10.0445599853,0,0,4.03277435512,3.42650563364,0,0,1
current_r1,7.5,15.7076160595,10.0445599853,0,0,4.03277435512,3.42650563364,0,0,1
current_r1,7.525,15.7076160595,10.0445599853,0,0,4.03277435512,3.42650563364,0,0,1
current_r1,7.55,15.7076160595,10.0445599853,0,0,4.03277435512,3.42650563364,0,0,1
current_r1,7.575,15.7076160595,10.0445599853,0,0,4.03277435512,3.42650563364,0,0,1
current_r1,7.6,15.7076160595,10.0445599853,0,0,4.03277435512,3.42650563364,0,0,1
current_r1,7.625,15.7076160595,10.0445599853,0,0,4.03277435512,3.42650563364,0,0,1
current_r1,7.65,15.7076160595,10.0445599853,0,0,4.03277435512,3.42650563364,0,0,1
current_r1,7.675,15.7076160595,10.0445599853,0,0,4.03277435512,3.42650563364,0,0,1
current_r1,7.7,15.7076160595,10.0445599853,0,0,4.03277435512,3.42650563364,0,0,1
current_r1,7.725,15.7076160595,10.0445599853,0,0,4.03277435512,3.42650563364,0,0,1
current_r1,7.75,15.7076160595,10.0445599853,0,0,4.03277435512,3.42650563364,0,0,1
current_r1,7.775,15.7076160595,10.0445599853,0,0,4.03277435512,3.42650563364,0,0,1
current_r1,7.8,15.7076160595,10.0445599853,0,0,4.03277435512,3.42650563364,0,0,1
current_r1,7.825,15.7076160595,10.0445599853,0,0,4.03277435512,3.42650563364,0,0,1
current_r1,7.85,15.7076160595,10.0445599853,0,0,4.03277435512,3.42650563364,0,0,1
current_r1,7.875,15.7076160595,10.0445599853,0,0,4.03277435512,3.42650563364,0,0,1
current_r1,7.9,15.7076160595,10.0445599853,0,0,4.03277435512,3.42650563364,0,0,1
current_r1,7.925,15.7076160595,10.0445599853,0,0,4.03277435512,3.42650563364,0,0,1
current_r1,7.95,15.7076160595,10.0445599853,0,0,4.03277435512,3.42650563364,0,0,1
current_r1,7.975,15.7076160595,10.0445599853,0,0,4.03277435512,3.42650563364,0,0,1
current_r1,8,15.7076160595,10.0445599853,0,0,4.03277435512,3.42650563364,0,0,1
current_r1,8.025,15.7076160595,10.0445599853,0,0,4.03277435512,3.42650563364,0,0,1
current_r1,8.05,15.7076160595,10.0445599853,0,0,4.03277435512,3.42650563364,0,0,1
current_r1,8.075,15.7076160595,10.0445599853,0,0,4.03277435512,3.42650563364,0,0,1
current_r1,8.1,15.7076160595,10.0445599853,0,0,4.03277435512,3.42650563364,0,0,1
current_r1,8.125,15.7076160595,10.0445599853,0,0,4.03277435512,3.42650563364,0,0,1
current_r1,8.15,15.7076160595,10.0445599853,0,0,4.03277435512,3.42650563364,0,0,1
current_r1,8.175,15.7076160595,10.0445599853,0,0,4.03277435512,3.42650563364,0,0,1
current_r1,8.2,15.7076160595,10.0445599853,0,0,4.03277435512,3.42650563364,0,0,1
current_r1,8.225,15.7076160595,10.0445599853,0,0,4.03277435512,3.42650563364,0,0,1
current_r1,8.25,15.7076160595,10.0445599853,0,0,4.03277435512,3.42650563364,0,0,1
current_r1,8.275,15.7076160595,10.0445599853,0,0,4.03277435512,3.42650563364,0,0,1
current_r1,8.3,15.7076160595,10.0445599853,0,0,4.03277435512,3.42650563364,0,0,1
current_r1,8.325,15.7076160595,10.0445599853,0,0,4.03277435512,3.42650563364,0,0,1
current_r1,8.35,15.7076160595,10.0445599853,0,0,4.03277435512,3.42650563364,0,0,1
current_r1,8.375,15.7076160595,10.0445599853,0,0,4.03277435512,3.42650563364,0,0,1
current_r1,8.4,15.7076160595,10.0445599853,0,0,4.03277435512,3.42650563364,0,0,1
current_r1,8.425,15.7076160595,10.0445599853,0,0,4.03277435512,3.42650563364,0,0,1
current_r1,8.45,15.7076160595,10.0445599853,0,0,4.03277435512,3.42650563364,0,0,1
current_r1,8.475,15.7076160595,10.0445599853,0,0,4.03277435512,3.42650563364,0,0,1
current_r1,8.5,15.7076160595,10.0445599853,0,0,4.03277435512,3.42650563364,0,0,1
current_r1,8.525,15.7076160595,10.0445599853,0,0,4.03277435512,3.42650563364,0,0,1
current_r1,8.55,15.7076160595,10.0445599853,0,0,4.03277435512,3.42650563364,0,0,1
current_r1,8.575,15.7076160595,10.0445599853,0,0,4.03277435512,3.42650563364,0,0,1
current_r1,8.6,15.7076160595,10.0445599853,0,0,4.03277435512,3.42650563364,0,0,1
current_r1,8.625,15.7076160595,10.0445599853,0,0,4.03277435512,3.42650563364,0,0,1
current_r1,8.65,15.7076160595,10.0445599853,0,0,4.03277435512,3.42650563364,0,0,1
current_r1,8.675,15.7076160595,10.0445599853,0,0,4.03277435512,3.42650563364,0,0,1
current_r1,8.7,15.7076160595,10.0445599853,0,0,4.03277435512,3.42650563364,0,0,1
current_r1,8.725,15.7076160595,10.0445599853,0,0,4.03277435512,3.42650563364,0,0,1
current_r1,8.75,15.7076160595,10.0445599853,0,0,4.03277435512,3.42650563364,0,0,1
current_r1,8.775,15.7076160595,10.0445599853,0,0,4.03277435512,3.42650563364,0,0,1
current_r1,8.8,15.7076160595,10.0445599853,0,0,4.03277435512,3.42650563364,0,0,1
current_r1,8.825,15.7076160595,10.0445599853,0,0,4.03277435512,3.42650563364,0,0,1
current_r1,8.85,15.7076160595,10.0445599853,0,0,4.03277435512,3.42650563364,0,0,1
current_r1,8.875,15.7076160595,10.0445599853,0,0,4.03277435512,3.42650563364,0,0,1
current_r1,8.9,15.7076160595,10.0445599853,0,0,4.03277435512,3.42650563364,0,0,1
current_r1,8.925,15.7076160595,10.0445599853,0,0,4.03277435512,3.42650563364,0,0,1
current_r1,8.95,15.7076160595,10.0445599853,0,0,4.03277435512,3.42650563364,0,0,1
current_r1,8.975,15.7076160595,10.0445599853,0,0,4.03277435512,3.42650563364,0,0,1
current_r1,9,15.7076160595,10.0445599853,0,0,4.03277435512,3.42650563364,0,0,1
current_r1,9.025,15.7076160595,10.0445599853,0,0,4.03277435512,3.42650563364,0,0,1
current_r1,9.05,15.7076160595,10.0445599853,0,0,4.03277435512,3.42650563364,0,0,1
current_r1,9.075,15.7076160595,10.0445599853,0,0,4.03277435512,3.42650563364,0,0,1
current_r1,9.1,15.7076160595,10.0445599853,0,0,4.03277435512,3.42650563364,0,0,1
current_r1,9.125,15.7076160595,10.0445599853,0,0,4.03277435512,3.42650563364,0,0,1
current_r1,9.15,15.7076160595,10.0445599853,0,0,4.03277435512,3.42650563364,0,0,1
current_r1,9.175,15.7076160595,10.0445599853,0,0,4.03277435512,3.42650563364,0,0,1
current_r1,9.2,15.7076160595,10.0445599853,0,0,4.03277435512,3.42650563364,0,0,1
current_r1,9.225,15.7076160595,10.0445599853,0,0,4.03277435512,3.42650563364,0,0,1
current_r1,9.25,15.7076160595,10.0445599853,0,0,4.03277435512,3.42650563364,0,0,1
current_r1,9.275,15.7076160595,10.0445599853,0,0,4.03277435512,3.42650563364,0,0,1
current_r1,9.3,15.7076160595,10.0445599853,0,0,4.03277435512,3.42650563364,0,0,1
current_r1,9.325,15.7076160595,10.0445599853,0,0,4.03277435512,3.42650563364,0,0,1
current_r1,9.35,15.7076160595,10.0445599853,0,0,4.03277435512,3.42650563364,0,0,1
current_r1,9.375,15.7076160595,10.0445599853,0,0,4.03277435512,3.42650563364,0,0,1
current_r1,9.4,15.7076160595,10.0445599853,0,0,4.03277435512,3.42650563364,0,0,1
current_r1,9.425,15.7076160595,10.0445599853,0,0,4.03277435512,3.42650563364,0,0,1
current_r1,9.45,15.7076160595,10.0445599853,0,0,4.03277435512,3.42650563364,0,0,1
current_r1,9.475,15.7076160595,10.0445599853,0,0,4.03277435512,3.42650563364,0,0,1
current_r1,9.5,15.7076160595,10.0445599853,0,0,4.03277435512,3.42650563364,0,0,1
current_r1,9.525,15.7076160595,10.0445599853,0,0,4.03277435512,3.42650563364,0,0,1
current_r1,9.55,15.7076160595,10.0445599853,0,0,4.03277435512,3.42650563364,0,0,1
current_r1,9.575,15.7076160595,10.0445599853,0,0,4.03277435512,3.42650563364,0,0,1
current_r1,9.6,15.7076160595,10.0445599853,0,0,4.03277435512,3.42650563364,0,0,1
current_r1,9.625,15.7076160595,10.0445599853,0,0,4.03277435512,3.42650563364,0,0,1
current_r1,9.65,15.7076160595,10.0445599853,0,0,4.03277435512,3.42650563364,0,0,1
current_r1,9.675,15.7076160595,10.0445599853,0,0,4.03277435512,3.42650563364,0,0,1
current_r1,9.7,15.7076160595,10.0445599853,0,0,4.03277435512,3.42650563364,0,0,1
current_r1,9.725,15.7076160595,10.0445599853,0,0,4.03277435512,3.42650563364,0,0,1
current_r1,9.75,15.7076160595,10.0445599853,0,0,4.03277435512,3.42650563364,0,0,1
current_r1,9.775,15.7076160595,10.0445599853,0,0,4.03277435512,3.42650563364,0,0,1
current_r1,9.8,15.7076160595,10.0445599853,0,0,4.03277435512,3.42650563364,0,0,1
current_r1,9.825,15.7076160595,10.0445599853,0,0,4.03277435512,3.42650563364,0,0,1
current_r1,9.85,15.7076160595,10.0445599853,0,0,4.03277435512,3.42650563364,0,0,1
current_r1,9.875,15.7076160595,10.0445599853,0,0,4.03277435512,3.42650563364,0,0,1
current_r1,9.9,15.7076160595,10.0445599853,0,0,4.03277435512,3.42650563364,0,0,1
current_r1,9.925,15.7076160595,10.0445599853,0,0,4.03277435512,3.42650563364,0,0,1
current_r1,9.95,15.7076160595,10.0445599853,0,0,4.03277435512,3.42650563364,0,0,1
current_r1,9.975,15.7076160595,10.0445599853,0,0,4.03277435512,3.42650563364,0,0,1
current_r1,10,15.7076160595,10.0445599853,0,0,4.03277435512,3.42650563364,0,0,1
current_r1,10.025,15.7076160595,10.0445599853,0,0,4.03277435512,3.42650563364,0,0,1
current_r1,10.05,15.7076160595,10.0445599853,0,0,4.03277435512,3.42650563364,0,0,1
current_r1,10.075,15.7076160595,10.0445599853,0,0,4.03277435512,3.42650563364,0,0,1
current_r1,10.1,15.7076160595,10.0445599853,0,0,4.03277435512,3.42650563364,0,0,1
current_r1,10.125,15.7076160595,10.0445599853,0,0,4.03277435512,3.42650563364,0,0,1
current_r1,10.15,15.7076160595,10.0445599853,0,0,4.03277435512,3.42650563364,0,0,1
current_r1,10.175,15.7076160595,10.0445599853,0,0,4.03277435512,3.42650563364,0,0,1
current_r1,10.2,15.7076160595,10.0445599853,0,0,4.03277435512,3.42650563364,0,0,1
current_r1,10.225,15.7076160595,10.0445599853,0,0,4.03277435512,3.42650563364,0,0,1
current_r1,10.25,15.7076160595,10.0445599853,0,0,4.03277435512,3.42650563364,0,0,1
current_r1,10.275,15.7076160595,10.0445599853,0,0,4.03277435512,3.42650563364,0,0,1
current_r1,10.3,15.7076160595,10.0445599853,0,0,4.03277435512,3.42650563364,0,0,1
current_r1,10.325,15.7076160595,10.0445599853,0,0,4.03277435512,3.42650563364,0,0,1
current_r1,10.35,15.7076160595,10.0445599853,0,0,4.03277435512,3.42650563364,0,0,1
current_r1,10.375,15.7076160595,10.0445599853,0,0,4.03277435512,3.42650563364,0,0,1
current_r1,10.4,15.7076160595,10.0445599853,0,0,4.03277435512,3.42650563364,0,0,1
current_r1,10.425,15.7076160595,10.0445599853,0,0,4.03277435512,3.42650563364,0,0,1
current_r1,10.45,15.7076160595,10.0445599853,0,0,4.03277435512,3.42650563364,0,0,1
current_r1,10.475,15.7076160595,10.0445599853,0,0,4.03277435512,3.42650563364,0,0,1
current_r1,10.5,15.7076160595,10.0445599853,0,0,4.03277435512,3.42650563364,0,0,1
current_r1,10.525,15.7076160595,10.0445599853,0,0,4.03277435512,3.42650563364,0,0,1
current_r1,10.55,15.7076160595,10.0445599853,0,0,4.03277435512,3.42650563364,0,0,1
current_r1,10.575,15.7076160595,10.0445599853,0,0,4.03277435512,3.42650563364,0,0,1
current_r1,10.6,15.7076160595,10.0445599853,0,0,4.03277435512,3.42650563364,0,0,1
current_r1,10.625,15.7076160595,10.0445599853,0,0,4.03277435512,3.42650563364,0,0,1
current_r1,10.65,15.7076160595,10.0445599853,0,0,4.03277435512,3.42650563364,0,0,1
current_r1,10.675,15.7076160595,10.0445599853,0,0,4.03277435512,3.42650563364,0,0,1
current_r1,10.7,15.7076160595,10.0445599853,0,0,4.03277435512,3.42650563364,0,0,1
current_r1,10.725,15.7076160595,10.0445599853,0,0,4.03277435512,3.42650563364,0,0,1
current_r1,10.75,15.7076160595,10.0445599853,0,0,4.03277435512,3.42650563364,0,0,1
current_r1,10.775,15.7076160595,10.0445599853,0,0,4.03277435512,3.42650563364,0,0,1
current_r1,10.8,15.7076160595,10.0445599853,0,0,4.03277435512,3.42650563364,0,0,1
current_r1,10.825,15.7076160595,10.0445599853,0,0,4.03277435512,3.42650563364,0,0,1
current_r1,10.85,15.7076160595,10.0445599853,0,0,4.03277435512,3.42650563364,0,0,1
current_r1,10.875,15.7076160595,10.0445599853,0,0,4.03277435512,3.42650563364,0,0,1
current_r1,10.9,15.7076160595,10.0445599853,0,0,4.03277435512,3.42650563364,0,0,1
current_r1,10.925,15.7076160595,10.0445599853,0,0,4.03277435512,3.42650563364,0,0,1
current_r1,10.95,15.7076160595,10.0445599853,0,0,4.03277435512,3.42650563364,0,0,1
current_r1,10.975,15.7076160595,10.0445599853,0,0,4.03277435512,3.42650563364,0,0,1
current_r1,11,15.7076160595,10.0445599853,0,0,4.03277435512,3.42650563364,0,0,1
current_r1,11.025,15.7076160595,10.0445599853,0,0,4.03277435512,3.42650563364,0,0,1
current_r1,11.05,15.7076160595,10.0445599853,0,0,4.03277435512,3.42650563364,0,0,1
current_r1,11.075,15.7076160595,10.0445599853,0,0,4.03277435512,3.42650563364,0,0,1
current_r1,11.1,15.7076160595,10.0445599853,0,0,4.03277435512,3.42650563364,0,0,1
current_r1,11.125,15.7076160595,10.0445599853,0,0,4.03277435512,3.42650563364,0,0,1
current_r1,11.15,15.7076160595,10.0445599853,0,0,4.03277435512,3.42650563364,0,0,1
current_r1,11.175,15.7076160595,10.0445599853,0,0,4.03277435512,3.42650563364,0,0,1
current_r1,11.2,15.7076160595,10.0445599853,0,0,4.03277435512,3.42650563364,0,0,1
current_r1,11.225,15.7076160595,10.0445599853,0,0,4.03277435512,3.42650563364,0,0,1
current_r1,11.25,15.7076160595,10.0445599853,0,0,4.03277435512,3.42650563364,0,0,1
current_r1,11.275,15.7076160595,10.0445599853,0,0,4.03277435512,3.42650563364,0,0,1
current_r1,11.3,15.7076160595,10.0445599853,0,0,4.03277435512,3.42650563364,0,0,1
current_r1,11.325,15.7076160595,10.0445599853,0,0,4.03277435512,3.42650563364,0,0,1
current_r1,11.35,15.7076160595,10.0445599853,0,0,4.03277435512,3.42650563364,0,0,1
current_r1,11.375,15.7076160595,10.0445599853,0,0,4.03277435512,3.42650563364,0,0,1
current_r1,11.4,15.7076160595,10.0445599853,0,0,4.03277435512,3.42650563364,0,0,1
current_r1,11.425,15.7076160595,10.0445599853,0,0,4.03277435512,3.42650563364,0,0,1
current_r1,11.45,15.7076160595,10.0445599853,0,0,4.03277435512,3.42650563364,0,0,1
current_r1,11.475,15.7076160595,10.0445599853,0,0,4.03277435512,3.42650563364,0,0,1
current_r1,11.5,15.7076160595,10.0445599853,0,0,4.03277435512,3.42650563364,0,0,1
current_r1,11.525,15.7076160595,10.0445599853,0,0,4.03277435512,3.42650563364,0,0,1
current_r1,11.55,15.7076160595,10.0445599853,0,0,4.03277435512,3.42650563364,0,0,1
current_r1,11.575,15.7076160595,10.0445599853,0,0,4.03277435512,3.42650563364,0,0,1
current_r1,11.6,15.7076160595,10.0445599853,0,0,4.03277435512,3.42650563364,0,0,1
current_r1,11.625,15.7076160595,10.0445599853,0,0,4.03277435512,3.42650563364,0,0,1
current_r1,11.65,15.7076160595,10.0445599853,0,0,4.03277435512,3.42650563364,0,0,1
current_r1,11.675,15.7076160595,10.0445599853,0,0,4.03277435512,3.42650563364,0,0,1
current_r1,11.7,15.7076160595,10.0445599853,0,0,4.03277435512,3.42650563364,0,0,1
current_r1,11.725,15.7076160595,10.0445599853,0,0,4.03277435512,3.42650563364,0,0,1
current_r1,11.75,15.7076160595,10.0445599853,0,0,4.03277435512,3.42650563364,0,0,1
current_r1,11.775,15.7076160595,10.0445599853,0,0,4.03277435512,3.42650563364,0,0,1
current_r1,11.8,15.7076160595,10.0445599853,0,0,4.03277435512,3.42650563364,0,0,1
current_r1,11.825,15.7076160595,10.0445599853,0,0,4.03277435512,3.42650563364,0,0,1
current_r1,11.85,15.7076160595,10.0445599853,0,0,4.03277435512,3.42650563364,0,0,1
current_r1,11.875,15.7076160595,10.0445599853,0,0,4.03277435512,3.42650563364,0,0,1
current_r1,11.9,15.7076160595,10.0445599853,0,0,4.03277435512,3.42650563364,0,0,1
current_r1,11.925,15.7076160595,10.0445599853,0,0,4.03277435512,3.42650563364,0,0,1
current_r1,11.95,15.7076160595,10.0445599853,0,0,4.03277435512,3.42650563364,0,0,1
current_r1,11.975,15.7076160595,10.0445599853,0,0,4.03277435512,3.42650563364,0,0,1
current_r1,12,15.7076160595,10.0445599853,0,0,4.03277435512,3.42650563364,0,0,1
current_r1,12.025,15.7076160595,10.0445599853,0,0,4.03277435512,3.42650563364,0,0,1
current_r1,12.05,15.7076160595,10.0445599853,0,0,4.03277435512,3.42650563364,0,0,1
current_r1,12.075,15.7076160595,10.0445599853,0,0,4.03277435512,3.42650563364,0,0,1
current_r1,12.1,15.7076160595,10.0445599853,0,0,4.03277435512,3.42650563364,0,0,1
current_r1,12.125,15.7076160595,10.0445599853,0,0,4.03277435512,3.42650563364,0,0,1
current_r1,12.15,15.7076160595,10.0445599853,0,0,4.03277435512,3.42650563364,0,0,1
current_r1,12.175,15.7076160595,10.0445599853,0,0,4.03277435512,3.42650563364,0,0,1
current_r1,12.2,15.7076160595,10.0445599853,0,0,4.03277435512,3.42650563364,0,0,1
current_r1,12.225,15.7076160595,10.0445599853,0,0,4.03277435512,3.42650563364,0,0,1
current_r1,12.25,15.7076160595,10.0445599853,0,0,4.03277435512,3.42650563364,0,0,1
current_r1,12.275,15.7076160595,10.0445599853,0,0,4.03277435512,3.42650563364,0,0,1
current_r1,12.3,15.7076160595,10.0445599853,0,0,4.03277435512,3.42650563364,0,0,1
current_r1,12.325,15.7076160595,10.0445599853,0,0,4.03277435512,3.42650563364,0,0,1
current_r1,12.35,15.7076160595,10.0445599853,0,0,4.03277435512,3.42650563364,0,0,1
current_r1,12.375,15.7076160595,10.0445599853,0,0,4.03277435512,3.42650563364,0,0,1
current_r1,12.4,15.7076160595,10.0445599853,0,0,4.03277435512,3.42650563364,0,0,1
current_r1,12.425,15.7076160595,10.0445599853,0,0,4.03277435512,3.42650563364,0,0,1
current_r1,12.45,15.7076160595,10.0445599853,0,0,4.03277435512,3.42650563364,0,0,1
current_r1,12.475,15.7076160595,10.0445599853,0,0,4.03277435512,3.42650563364,0,0,1
current_r1,12.5,15.7076160595,10.0445599853,0,0,4.03277435512,3.42650563364,0,0,1
current_r1,12.525,15.7076160595,10.0445599853,0,0,4.03277435512,3.42650563364,0,0,1
current_r1,12.55,15.7076160595,10.0445599853,0,0,4.03277435512,3.42650563364,0,0,1
current_r1,12.575,15.7076160595,10.0445599853,0,0,4.03277435512,3.42650563364,0,0,1
current_r1,12.6,15.7076160595,10.0445599853,0,0,4.03277435512,3.42650563364,0,0,1
current_r1,12.625,15.7076160595,10.0445599853,0,0,4.03277435512,3.42650563364,0,0,1
current_r1,12.65,15.7076160595,10.0445599853,0,0,4.03277435512,3.42650563364,0,0,1
current_r1,12.675,15.7076160595,10.0445599853,0,0,4.03277435512,3.42650563364,0,0,1
current_r1,12.7,15.7076160595,10.0445599853,0,0,4.03277435512,3.42650563364,0,0,1
current_r1,12.725,15.7076160595,10.0445599853,0,0,4.03277435512,3.42650563364,0,0,1
current_r1,12.75,15.7076160595,10.0445599853,0,0,4.03277435512,3.42650563364,0,0,1
current_r1,12.775,15.7076160595,10.0445599853,0,0,4.03277435512,3.42650563364,0,0,1
current_r1,12.8,15.7076160595,10.0445599853,0,0,4.03277435512,3.42650563364,0,0,1
current_r1,12.825,15.7076160595,10.0445599853,0,0,4.03277435512,3.42650563364,0,0,1
current_r1,12.85,15.7076160595,10.0445599853,0,0,4.03277435512,3.42650563364,0,0,1
current_r1,12.875,15.7076160595,10.0445599853,0,0,4.03277435512,3.42650563364,0,0,1
current_r1,12.9,15.7076160595,10.0445599853,0,0,4.03277435512,3.42650563364,0,0,1
current_r1,12.925,15.7076160595,10.0445599853,0,0,4.03277435512,3.42650563364,0,0,1
current_r1,12.95,15.7076160595,10.0445599853,0,0,4.03277435512,3.42650563364,0,0,1
current_r1,12.975,15.7076160595,10.0445599853,0,0,4.03277435512,3.42650563364,0,0,1
current_r1,13,15.7076160595,10.0445599853,0,0,4.03277435512,3.42650563364,0,0,1
current_r1,13.025,15.7076160595,10.0445599853,0,0,4.03277435512,3.42650563364,0,0,1
current_r1,13.05,15.7076160595,10.0445599853,0,0,4.03277435512,3.42650563364,0,0,1
current_r1,13.075,15.7076160595,10.0445599853,0,0,4.03277435512,3.42650563364,0,0,1
current_r1,13.1,15.7076160595,10.0445599853,0,0,4.03277435512,3.42650563364,0,0,1
current_r1,13.125,15.7076160595,10.0445599853,0,0,4.03277435512,3.42650563364,0,0,1
current_r1,13.15,15.7076160595,10.0445599853,0,0,4.03277435512,3.42650563364,0,0,1
current_r1,13.175,15.7076160595,10.0445599853,0,0,4.03277435512,3.42650563364,0,0,1
current_r1,13.2,15.7076160595,10.0445599853,0,0,4.03277435512,3.42650563364,0,0,1
current_r1,13.225,15.7076160595,10.0445599853,0,0,4.03277435512,3.42650563364,0,0,1
current_r1,13.25,15.7076160595,10.0445599853,0,0,4.03277435512,3.42650563364,0,0,1
current_r1,13.275,15.7076160595,10.0445599853,0,0,4.03277435512,3.42650563364,0,0,1
current_r1,13.3,15.7076160595,10.0445599853,0,0,4.03277435512,3.42650563364,0,0,1
current_r1,13.325,15.7076160595,10.0445599853,0,0,4.03277435512,3.42650563364,0,0,1
current_r1,13.35,15.7076160595,10.0445599853,0,0,4.03277435512,3.42650563364,0,0,1
current_r1,13.375,15.7076160595,10.0445599853,0,0,4.03277435512,3.42650563364,0,0,1
current_r1,13.4,15.7076160595,10.0445599853,0,0,4.03277435512,3.42650563364,0,0,1
current_r1,13.425,15.7076160595,10.0445599853,0,0,4.03277435512,3.42650563364,0,0,1
current_r1,13.45,15.7076160595,10.0445599853,0,0,4.03277435512,3.42650563364,0,0,1
current_r1,13.475,15.7076160595,10.0445599853,0,0,4.03277435512,3.42650563364,0,0,1
current_r1,13.5,15.7076160595,10.0445599853,0,0,4.03277435512,3.42650563364,0,0,1
current_r1,13.525,15.7076160595,10.0445599853,0,0,4.03277435512,3.42650563364,0,0,1
current_r1,13.55,15.7076160595,10.0445599853,0,0,4.03277435512,3.42650563364,0,0,1
current_r1,13.575,15.7076160595,10.0445599853,0,0,4.03277435512,3.42650563364,0,0,1
current_r1,13.6,15.7076160595,10.0445599853,0,0,4.03277435512,3.42650563364,0,0,1
current_r1,13.625,15.7076160595,10.0445599853,0,0,4.03277435512,3.42650563364,0,0,1
current_r1,13.65,15.7076160595,10.0445599853,0,0,4.03277435512,3.42650563364,0,0,1
current_r1,13.675,15.7076160595,10.0445599853,0,0,4.03277435512,3.42650563364,0,0,1
current_r1,13.7,15.7076160595,10.0445599853,0,0,4.03277435512,3.42650563364,0,0,1
current_r1,13.725,15.7076160595,10.0445599853,0,0,4.03277435512,3.42650563364,0,0,1
current_r1,13.75,15.7076160595,10.0445599853,0,0,4.03277435512,3.42650563364,0,0,1
current_r1,13.775,15.7076160595,10.0445599853,0,0,4.03277435512,3.42650563364,0,0,1
current_r1,13.8,15.7076160595,10.0445599853,0,0,4.03277435512,3.42650563364,0,0,1
current_r1,13.825,15.7076160595,10.0445599853,0,0,4.03277435512,3.42650563364,0,0,1
current_r1,13.85,15.7076160595,10.0445599853,0,0,4.03277435512,3.42650563364,0,0,1
current_r1,13.875,15.7076160595,10.0445599853,0,0,4.03277435512,3.42650563364,0,0,1
current_r1,13.9,15.7076160595,10.0445599853,0,0,4.03277435512,3.42650563364,0,0,1
current_r1,13.925,15.7076160595,10.0445599853,0,0,4.03277435512,3.42650563364,0,0,1
current_r1,13.95,15.7076160595,10.0445599853,0,0,4.03277435512,3.42650563364,0,0,1
current_r1,13.975,15.7076160595,10.0445599853,0,0,4.03277435512,3.42650563364,0,0,1
current_r1,14,15.7076160595,10.0445599853,0,0,4.03277435512,3.42650563364,0,0,1
current_r1,14.025,15.7076160595,10.0445599853,0,0,4.03277435512,3.42650563364,0,0,1
current_r1,14.05,15.7076160595,10.0445599853,0,0,4.03277435512,3.42650563364,0,0,1
current_r1,14.075,15.7076160595,10.0445599853,0,0,4.03277435512,3.42650563364,0,0,1
current_r1,14.1,15.7076160595,10.0445599853,0,0,4.03277435512,3.42650563364,0,0,1
current_r1,14.125,15.7076160595,10.0445599853,0,0,4.03277435512,3.42650563364,0,0,1
current_r1,14.15,15.7076160595,10.0445599853,0,0,4.03277435512,3.42650563364,0,0,1
current_r1,14.175,15.7076160595,10.0445599853,0,0,4.03277435512,3.42650563364,0,0,1
current_r1,14.2,15.7076160595,10.0445599853,0,0,4.03277435512,3.42650563364,0,0,1
current_r1,14.225,15.7076160595,10.0445599853,0,0,4.03277435512,3.42650563364,0,0,1
current_r1,14.25,15.7076160595,10.0445599853,0,0,4.03277435512,3.42650563364,0,0,1
current_r1,14.275,15.7076160595,10.0445599853,0,0,4.03277435512,3.42650563364,0,0,1
current_r1,14.3,15.7076160595,10.0445599853,0,0,4.03277435512,3.42650563364,0,0,1
current_r1,14.325,15.7076160595,10.0445599853,0,0,4.03277435512,3.42650563364,0,0,1
current_r1,14.35,15.7076160595,10.0445599853,0,0,4.03277435512,3.42650563364,0,0,1
current_r1,14.375,15.7076160595,10.0445599853,0,0,4.03277435512,3.42650563364,0,0,1
current_r1,14.4,15.7076160595,10.0445599853,0,0,4.03277435512,3.42650563364,0,0,1
current_r1,14.425,15.7076160595,10.0445599853,0,0,4.03277435512,3.42650563364,0,0,1
current_r1,14.45,15.7076160595,10.0445599853,0,0,4.03277435512,3.42650563364,0,0,1
current_r1,14.475,15.7076160595,10.0445599853,0,0,4.03277435512,3.42650563364,0,0,1
current_r1,14.5,15.7076160595,10.0445599853,0,0,4.03277435512,3.42650563364,0,0,1
current_r1,14.525,15.7076160595,10.0445599853,0,0,4.03277435512,3.42650563364,0,0,1
current_r1,14.55,15.7076160595,10.0445599853,0,0,4.03277435512,3.42650563364,0,0,1
current_r1,14.575,15.7076160595,10.0445599853,0,0,4.03277435512,3.42650563364,0,0,1
current_r1,14.6,15.7076160595,10.0445599853,0,0,4.03277435512,3.42650563364,0,0,1
current_r1,14.625,15.7076160595,10.0445599853,0,0,4.03277435512,3.42650563364,0,0,1
current_r1,14.65,15.7076160595,10.0445599853,0,0,4.03277435512,3.42650563364,0,0,1
current_r1,14.675,15.7076160595,10.0445599853,0,0,4.03277435512,3.42650563364,0,0,1
current_r1,14.7,15.7076160595,10.0445599853,0,0,4.03277435512,3.42650563364,0,0,1
current_r1,14.725,15.7076160595,10.0445599853,0,0,4.03277435512,3.42650563364,0,0,1
current_r1,14.75,15.7076160595,10.0445599853,0,0,4.03277435512,3.42650563364,0,0,1
current_r1,14.775,15.7076160595,10.0445599853,0,0,4.03277435512,3.42650563364,0,0,1
current_r1,14.8,15.7076160595,10.0445599853,0,0,4.03277435512,3.42650563364,0,0,1
current_r1,14.825,15.7076160595,10.0445599853,0,0,4.03277435512,3.42650563364,0,0,1
current_r1,14.85,15.7076160595,10.0445599853,0,0,4.03277435512,3.42650563364,0,0,1
current_r1,14.875,15.7076160595,10.0445599853,0,0,4.03277435512,3.42650563364,0,0,1
current_r1,14.9,15.7076160595,10.0445599853,0,0,4.03277435512,3.42650563364,0,0,1
current_r1,14.925,15.7076160595,10.0445599853,0,0,4.03277435512,3.42650563364,0,0,1
current_r1,14.95,15.7076160595,10.0445599853,0,0,4.03277435512,3.42650563364,0,0,1
current_r1,14.975,15.7076160595,10.0445599853,0,0,4.03277435512,3.42650563364,0,0,1
current_r1,15,15.7076160595,10.0445599853,0,0,4.03277435512,3.42650563364,0,0,1
current_r1,15.025,15.7076160595,10.0445599853,0,0,4.03277435512,3.42650563364,0,0,1
current_r1,15.05,15.7076160595,10.0445599853,0,0,4.03277435512,3.42650563364,0,0,1
current_r1,15.075,15.7076160595,10.0445599853,0,0,4.03277435512,3.42650563364,0,0,1
current_r1,15.1,15.7076160595,10.0445599853,0,0,4.03277435512,3.42650563364,0,0,1
current_r1,15.125,15.7076160595,10.0445599853,0,0,4.03277435512,3.42650563364,0,0,1
current_r1,15.15,15.7076160595,10.0445599853,0,0,4.03277435512,3.42650563364,0,0,1
current_r1,15.175,15.7076160595,10.0445599853,0,0,4.03277435512,3.42650563364,0,0,1
current_r1,15.2,15.7076160595,10.0445599853,0,0,4.03277435512,3.42650563364,0,0,1
current_r1,15.225,15.7076160595,10.0445599853,0,0,4.03277435512,3.42650563364,0,0,1
current_r1,15.25,15.7076160595,10.0445599853,0,0,4.03277435512,3.42650563364,0,0,1
current_r1,15.275,15.7076160595,10.0445599853,0,0,4.03277435512,3.42650563364,0,0,1
current_r1,15.3,15.7076160595,10.0445599853,0,0,4.03277435512,3.42650563364,0,0,1
current_r1,15.325,15.7076160595,10.0445599853,0,0,4.03277435512,3.42650563364,0,0,1
current_r1,15.35,15.7076160595,10.0445599853,0,0,4.03277435512,3.42650563364,0,0,1
current_r1,15.375,15.7076160595,10.0445599853,0,0,4.03277435512,3.42650563364,0,0,1
current_r1,15.4,15.7076160595,10.0445599853,0,0,4.03277435512,3.42650563364,0,0,1
current_r1,15.425,15.7076160595,10.0445599853,0,0,4.03277435512,3.42650563364,0,0,1
current_r1,15.45,15.7076160595,10.0445599853,0,0,4.03277435512,3.42650563364,0,0,1
current_r1,15.475,15.7076160595,10.0445599853,0,0,4.03277435512,3.42650563364,0,0,1
current_r1,15.5,15.7076160595,10.0445599853,0,0,4.03277435512,3.42650563364,0,0,1
current_r1,15.525,15.7076160595,10.0445599853,0,0,4.03277435512,3.42650563364,0,0,1
current_r1,15.55,15.7076160595,10.0445599853,0,0,4.03277435512,3.42650563364,0,0,1
current_r1,15.575,15.7076160595,10.0445599853,0,0,4.03277435512,3.42650563364,0,0,1
current_r1,15.6,15.7076160595,10.0445599853,0,0,4.03277435512,3.42650563364,0,0,1
current_r1,15.625,15.7076160595,10.0445599853,0,0,4.03277435512,3.42650563364,0,0,1
current_r1,15.65,15.7076160595,10.0445599853,0,0,4.03277435512,3.42650563364,0,0,1
current_r1,15.675,15.7076160595,10.0445599853,0,0,4.03277435512,3.42650563364,0,0,1
current_r1,15.7,15.7076160595,10.0445599853,0,0,4.03277435512,3.42650563364,0,0,1
current_r1,15.725,15.7076160595,10.0445599853,0,0,4.03277435512,3.42650563364,0,0,1
current_r1,15.75,15.7076160595,10.0445599853,0,0,4.03277435512,3.42650563364,0,0,1
current_r1,15.775,15.7076160595,10.0445599853,0,0,4.03277435512,3.42650563364,0,0,1
current_r1,15.8,15.7076160595,10.0445599853,0,0,4.03277435512,3.42650563364,0,0,1
current_r1,15.825,15.7076160595,10.0445599853,0,0,4.03277435512,3.42650563364,0,0,1
current_r1,15.85,15.7076160595,10.0445599853,0,0,4.03277435512,3.42650563364,0,0,1
current_r1,15.875,15.7076160595,10.0445599853,0,0,4.03277435512,3.42650563364,0,0,1
current_r1,15.9,15.7076160595,10.0445599853,0,0,4.03277435512,3.42650563364,0,0,1
current_r1,15.925,15.7076160595,10.0445599853,0,0,4.03277435512,3.42650563364,0,0,1
current_r1,15.95,15.7076160595,10.0445599853,0,0,4.03277435512,3.42650563364,0,0,1
current_r1,15.975,15.7076160595,10.0445599853,0,0,4.03277435512,3.42650563364,0,0,1
current_r1,16,15.7076160595,10.0445599853,0,0,4.03277435512,3.42650563364,0,0,1
current_r1,16.025,15.7076160595,10.0445599853,0,0,4.03277435512,3.42650563364,0,0,1
current_r1,16.05,15.7076160595,10.0445599853,0,0,4.03277435512,3.42650563364,0,0,1
current_r1,16.075,15.7076160595,10.0445599853,0,0,4.03277435512,3.42650563364,0,0,1
current_r1,16.1,15.7076160595,10.0445599853,0,0,4.03277435512,3.42650563364,0,0,1
current_r1,16.125,15.7076160595,10.0445599853,0,0,4.03277435512,3.42650563364,0,0,1
current_r1,16.15,15.7076160595,10.0445599853,0,0,4.03277435512,3.42650563364,0,0,1
current_r1,16.175,15.7076160595,10.0445599853,0,0,4.03277435512,3.42650563364,0,0,1
current_r1,16.2,15.7076160595,10.0445599853,0,0,4.03277435512,3.42650563364,0,0,1
current_r1,16.225,15.7076160595,10.0445599853,0,0,4.03277435512,3.42650563364,0,0,1
current_r1,16.25,15.7076160595,10.0445599853,0,0,4.03277435512,3.42650563364,0,0,1
current_r1,16.275,15.7076160595,10.0445599853,0,0,4.03277435512,3.42650563364,0,0,1
current_r1,16.3,15.7076160595,10.0445599853,0,0,4.03277435512,3.42650563364,0,0,1
current_r1,16.325,15.7076160595,10.0445599853,0,0,4.03277435512,3.42650563364,0,0,1
current_r1,16.35,15.7076160595,10.0445599853,0,0,4.03277435512,3.42650563364,0,0,1
current_r1,16.375,15.7076160595,10.0445599853,0,0,4.03277435512,3.42650563364,0,0,1
current_r1,16.4,15.7076160595,10.0445599853,0,0,4.03277435512,3.42650563364,0,0,1
current_r1,16.425,15.7076160595,10.0445599853,0,0,4.03277435512,3.42650563364,0,0,1
current_r1,16.45,15.7076160595,10.0445599853,0,0,4.03277435512,3.42650563364,0,0,1
current_r1,16.475,15.7076160595,10.0445599853,0,0,4.03277435512,3.42650563364,0,0,1
current_r1,16.5,15.7076160595,10.0445599853,0,0,4.03277435512,3.42650563364,0,0,1
current_r1,16.525,15.7076160595,10.0445599853,0,0,4.03277435512,3.42650563364,0,0,1
current_r1,16.55,15.7076160595,10.0445599853,0,0,4.03277435512,3.42650563364,0,0,1
current_r1,16.575,15.7076160595,10.0445599853,0,0,4.03277435512,3.42650563364,0,0,1
current_r1,16.6,15.7076160595,10.0445599853,0,0,4.03277435512,3.42650563364,0,0,1
current_r1,16.625,15.7076160595,10.0445599853,0,0,4.03277435512,3.42650563364,0,0,1
current_r1,16.65,15.7076160595,10.0445599853,0,0,4.03277435512,3.42650563364,0,0,1
current_r1,16.675,15.7076160595,10.0445599853,0,0,4.03277435512,3.42650563364,0,0,1
current_r1,16.7,15.7076160595,10.0445599853,0,0,4.03277435512,3.42650563364,0,0,1
current_r1,16.725,15.7076160595,10.0445599853,0,0,4.03277435512,3.42650563364,0,0,1
current_r1,16.75,15.7076160595,10.0445599853,0,0,4.03277435512,3.42650563364,0,0,1
current_r1,16.775,15.7076160595,10.0445599853,0,0,4.03277435512,3.42650563364,0,0,1
current_r1,16.8,15.7076160595,10.0445599853,0,0,4.03277435512,3.42650563364,0,0,1
current_r1,16.825,15.7076160595,10.0445599853,0,0,4.03277435512,3.42650563364,0,0,1
current_r1,16.85,15.7076160595,10.0445599853,0,0,4.03277435512,3.42650563364,0,0,1
current_r1,16.875,15.7076160595,10.0445599853,0,0,4.03277435512,3.42650563364,0,0,1
current_r1,16.9,15.7076160595,10.0445599853,0,0,4.03277435512,3.42650563364,0,0,1
current_r1,16.925,15.7076160595,10.0445599853,0,0,4.03277435512,3.42650563364,0,0,1
current_r1,16.95,15.7076160595,10.0445599853,0,0,4.03277435512,3.42650563364,0,0,1
current_r1,16.975,15.7076160595,10.0445599853,0,0,4.03277435512,3.42650563364,0,0,1
current_r1,17,15.7076160595,10.0445599853,0,0,4.03277435512,3.42650563364,0,0,1
current_r1,17.025,15.7076160595,10.0445599853,0,0,4.03277435512,3.42650563364,0,0,1
current_r1,17.05,15.7076160595,10.0445599853,0,0,4.03277435512,3.42650563364,0,0,1
current_r1,17.075,15.7076160595,10.0445599853,0,0,4.03277435512,3.42650563364,0,0,1
current_r1,17.1,15.7076160595,10.0445599853,0,0,4.03277435512,3.42650563364,0,0,1
current_r1,17.125,15.7076160595,10.0445599853,0,0,4.03277435512,3.42650563364,0,0,1
current_r1,17.15,15.7076160595,10.0445599853,0,0,4.03277435512,3.42650563364,0,0,1
current_r1,17.175,15.7076160595,10.0445599853,0,0,4.03277435512,3.42650563364,0,0,1
current_r1,17.2,15.7076160595,10.0445599853,0,0,4.03277435512,3.42650563364,0,0,1
current_r1,17.225,15.7076160595,10.0445599853,0,0,4.03277435512,3.42650563364,0,0,1
current_r1,17.25,15.7076160595,10.0445599853,0,0,4.03277435512,3.42650563364,0,0,1
current_r1,17.275,15.7076160595,10.0445599853,0,0,4.03277435512,3.42650563364,0,0,1
current_r1,17.3,15.7076160595,10.0445599853,0,0,4.03277435512,3.42650563364,0,0,1
current_r1,17.325,15.7076160595,10.0445599853,0,0,4.03277435512,3.42650563364,0,0,1
current_r1,17.35,15.7076160595,10.0445599853,0,0,4.03277435512,3.42650563364,0,0,1
current_r1,17.375,15.7076160595,10.0445599853,0,0,4.03277435512,3.42650563364,0,0,1
current_r1,17.4,15.7076160595,10.0445599853,0,0,4.03277435512,3.42650563364,0,0,1
current_r1,17.425,15.7076160595,10.0445599853,0,0,4.03277435512,3.42650563364,0,0,1
current_r1,17.45,15.7076160595,10.0445599853,0,0,4.03277435512,3.42650563364,0,0,1
current_r1,17.475,15.7076160595,10.0445599853,0,0,4.03277435512,3.42650563364,0,0,1
current_r1,17.5,15.7076160595,10.0445599853,0,0,4.03277435512,3.42650563364,0,0,1
current_r1,17.525,15.7076160595,10.0445599853,0,0,4.03277435512,3.42650563364,0,0,1
current_r1,17.55,15.7076160595,10.0445599853,0,0,4.03277435512,3.42650563364,0,0,1
current_r1,17.575,15.7076160595,10.0445599853,0,0,4.03277435512,3.42650563364,0,0,1
current_r1,17.6,15.7076160595,10.0445599853,0,0,4.03277435512,3.42650563364,0,0,1
current_r1,17.625,15.7076160595,10.0445599853,0,0,4.03277435512,3.42650563364,0,0,1
current_r1,17.65,15.7076160595,10.0445599853,0,0,4.03277435512,3.42650563364,0,0,1
current_r1,17.675,15.7076160595,10.0445599853,0,0,4.03277435512,3.42650563364,0,0,1
current_r1,17.7,15.7076160595,10.0445599853,0,0,4.03277435512,3.42650563364,0,0,1
current_r1,17.725,15.7076160595,10.0445599853,0,0,4.03277435512,3.42650563364,0,0,1
current_r1,17.75,15.7076160595,10.0445599853,0,0,4.03277435512,3.42650563364,0,0,1
current_r1,17.775,15.7076160595,10.0445599853,0,0,4.03277435512,3.42650563364,0,0,1
current_r1,17.8,15.7076160595,10.0445599853,0,0,4.03277435512,3.42650563364,0,0,1
current_r1,17.825,15.7076160595,10.0445599853,0,0,4.03277435512,3.42650563364,0,0,1
current_r1,17.85,15.7076160595,10.0445599853,0,0,4.03277435512,3.42650563364,0,0,1
current_r1,17.875,15.7076160595,10.0445599853,0,0,4.03277435512,3.42650563364,0,0,1
current_r1,17.9,15.7076160595,10.0445599853,0,0,4.03277435512,3.42650563364,0,0,1
current_r1,17.925,15.7076160595,10.0445599853,0,0,4.03277435512,3.42650563364,0,0,1
current_r1,17.95,15.7076160595,10.0445599853,0,0,4.03277435512,3.42650563364,0,0,1
current_r1,17.975,15.7076160595,10.0445599853,0,0,4.03277435512,3.42650563364,0,0,1
current_r1,18,15.7076160595,10.0445599853,0,0,4.03277435512,3.42650563364,0,0,1
current_r1,18.025,15.7076160595,10.0445599853,0,0,4.03277435512,3.42650563364,0,0,1
current_r1,18.05,15.7076160595,10.0445599853,0,0,4.03277435512,3.42650563364,0,0,1
current_r1,18.075,15.7076160595,10.0445599853,0,0,4.03277435512,3.42650563364,0,0,1
current_r1,18.1,15.7076160595,10.0445599853,0,0,4.03277435512,3.42650563364,0,0,1
current_r1,18.125,15.7076160595,10.0445599853,0,0,4.03277435512,3.42650563364,0,0,1
current_r1,18.15,15.7076160595,10.0445599853,0,0,4.03277435512,3.42650563364,0,0,1
current_r1,18.175,15.7076160595,10.0445599853,0,0,4.03277435512,3.42650563364,0,0,1
current_r1,18.2,15.7076160595,10.0445599853,0,0,4.03277435512,3.42650563364,0,0,1
current_r1,18.225,15.7076160595,10.0445599853,0,0,4.03277435512,3.42650563364,0,0,1
current_r1,18.25,15.7076160595,10.0445599853,0,0,4.03277435512,3.42650563364,0,0,1
current_r1,18.275,15.7076160595,10.0445599853,0,0,4.03277435512,3.42650563364,0,0,1
current_r1,18.3,15.7076160595,10.0445599853,0,0,4.03277435512,3.42650563364,0,0,1
current_r1,18.325,15.7076160595,10.0445599853,0,0,4.03277435512,3.42650563364,0,0,1
current_r1,18.35,15.7076160595,10.0445599853,0,0,4.03277435512,3.42650563364,0,0,1
current_r1,18.375,15.7076160595,10.0445599853,0,0,4.03277435512,3.42650563364,0,0,1
current_r1,18.4,15.7076160595,10.0445599853,0,0,4.03277435512,3.42650563364,0,0,1
current_r1,18.425,15.7076160595,10.0445599853,0,0,4.03277435512,3.42650563364,0,0,1
current_r1,18.45,15.7076160595,10.0445599853,0,0,4.03277435512,3.42650563364,0,0,1
current_r1,18.475,15.7076160595,10.0445599853,0,0,4.03277435512,3.42650563364,0,0,1
current_r1,18.5,15.7076160595,10.0445599853,0,0,4.03277435512,3.42650563364,0,0,1
current_r1,18.525,15.7076160595,10.0445599853,0,0,4.03277435512,3.42650563364,0,0,1
current_r1,18.55,15.7076160595,10.0445599853,0,0,4.03277435512,3.42650563364,0,0,1
current_r1,18.575,15.7076160595,10.0445599853,0,0,4.03277435512,3.42650563364,0,0,1
current_r1,18.6,15.7076160595,10.0445599853,0,0,4.03277435512,3.42650563364,0,0,1
current_r1,18.625,15.7076160595,10.0445599853,0,0,4.03277435512,3.42650563364,0,0,1
current_r1,18.65,15.7076160595,10.0445599853,0,0,4.03277435512,3.42650563364,0,0,1
current_r1,18.675,15.7076160595,10.0445599853,0,0,4.03277435512,3.42650563364,0,0,1
current_r1,18.7,15.7076160595,10.0445599853,0,0,4.03277435512,3.42650563364,0,0,1
current_r1,18.725,15.7076160595,10.0445599853,0,0,4.03277435512,3.42650563364,0,0,1
current_r1,18.75,15.7076160595,10.0445599853,0,0,4.03277435512,3.42650563364,0,0,1
current_r1,18.775,15.7076160595,10.0445599853,0,0,4.03277435512,3.42650563364,0,0,1
current_r1,18.8,15.7076160595,10.0445599853,0,0,4.03277435512,3.42650563364,0,0,1
current_r1,18.825,15.7076160595,10.0445599853,0,0,4.03277435512,3.42650563364,0,0,1
current_r1,18.85,15.7076160595,10.0445599853,0,0,4.03277435512,3.42650563364,0,0,1
current_r1,18.875,15.7076160595,10.0445599853,0,0,4.03277435512,3.42650563364,0,0,1
current_r1,18.9,15.7076160595,10.0445599853,0,0,4.03277435512,3.42650563364,0,0,1
current_r1,18.925,15.7076160595,10.0445599853,0,0,4.03277435512,3.42650563364,0,0,1
current_r1,18.95,15.7076160595,10.0445599853,0,0,4.03277435512,3.42650563364,0,0,1
current_r1,18.975,15.7076160595,10.0445599853,0,0,4.03277435512,3.42650563364,0,0,1
current_r1,19,15.7076160595,10.0445599853,0,0,4.03277435512,3.42650563364,0,0,1
current_r1,19.025,15.7076160595,10.0445599853,0,0,4.03277435512,3.42650563364,0,0,1
current_r1,19.05,15.7076160595,10.0445599853,0,0,4.03277435512,3.42650563364,0,0,1
current_r1,19.075,15.7076160595,10.0445599853,0,0,4.03277435512,3.42650563364,0,0,1
current_r1,19.1,15.7076160595,10.0445599853,0,0,4.03277435512,3.42650563364,0,0,1
current_r1,19.125,15.7076160595,10.0445599853,0,0,4.03277435512,3.42650563364,0,0,1
current_r1,19.15,15.7076160595,10.0445599853,0,0,4.03277435512,3.42650563364,0,0,1
current_r1,19.175,15.7076160595,10.0445599853,0,0,4.03277435512,3.42650563364,0,0,1
current_r1,19.2,15.7076160595,10.0445599853,0,0,4.03277435512,3.42650563364,0,0,1
current_r1,19.225,15.7076160595,10.0445599853,0,0,4.03277435512,3.42650563364,0,0,1
current_r1,19.25,15.7076160595,10.0445599853,0,0,4.03277435512,3.42650563364,0,0,1
current_r1,19.275,15.7076160595,10.0445599853,0,0,4.03277435512,3.42650563364,0,0,1
current_r1,19.3,15.7076160595,10.0445599853,0,0,4.03277435512,3.42650563364,0,0,1
current_r1,19.325,15.7076160595,10.0445599853,0,0,4.03277435512,3.42650563364,0,0,1
current_r1,19.35,15.7076160595,10.0445599853,0,0,4.03277435512,3.42650563364,0,0,1
current_r1,19.375,15.7076160595,10.0445599853,0,0,4.03277435512,3.42650563364,0,0,1
current_r1,19.4,15.7076160595,10.0445599853,0,0,4.03277435512,3.42650563364,0,0,1
current_r1,19.425,15.7076160595,10.0445599853,0,0,4.03277435512,3.42650563364,0,0,1
current_r1,19.45,15.7076160595,10.0445599853,0,0,4.03277435512,3.42650563364,0,0,1
current_r1,19.475,15.7076160595,10.0445599853,0,0,4.03277435512,3.42650563364,0,0,1
current_r1,19.5,15.7076160595,10.0445599853,0,0,4.03277435512,3.42650563364,0,0,1
current_r1,19.525,15.7076160595,10.0445599853,0,0,4.03277435512,3.42650563364,0,0,1
current_r1,19.55,15.7076160595,10.0445599853,0,0,4.03277435512,3.42650563364,0,0,1
current_r1,19.575,15.7076160595,10.0445599853,0,0,4.03277435512,3.42650563364,0,0,1
current_r1,19.6,15.7076160595,10.0445599853,0,0,4.03277435512,3.42650563364,0,0,1
current_r1,19.625,15.7076160595,10.0445599853,0,0,4.03277435512,3.42650563364,0,0,1
current_r1,19.65,15.7076160595,10.0445599853,0,0,4.03277435512,3.42650563364,0,0,1
current_r1,19.675,15.7076160595,10.0445599853,0,0,4.03277435512,3.42650563364,0,0,1
current_r1,19.7,15.7076160595,10.0445599853,0,0,4.03277435512,3.42650563364,0,0,1
current_r1,19.725,15.7076160595,10.0445599853,0,0,4.03277435512,3.42650563364,0,0,1
current_r1,19.75,15.7076160595,10.0445599853,0,0,4.03277435512,3.42650563364,0,0,1
current_r1,19.775,15.7076160595,10.0445599853,0,0,4.03277435512,3.42650563364,0,0,1
current_r1,19.8,15.7076160595,10.0445599853,0,0,4.03277435512,3.42650563364,0,0,1
current_r1,19.825,15.7076160595,10.0445599853,0,0,4.03277435512,3.42650563364,0,0,1
current_r1,19.85,15.7076160595,10.0445599853,0,0,4.03277435512,3.42650563364,0,0,1
current_r1,19.875,15.7076160595,10.0445599853,0,0,4.03277435512,3.42650563364,0,0,1
current_r1,19.9,15.7076160595,10.0445599853,0,0,4.03277435512,3.42650563364,0,0,1
current_r1,19.925,15.7076160595,10.0445599853,0,0,4.03277435512,3.42650563364,0,0,1
current_r1,19.95,15.7076160595,10.0445599853,0,0,4.03277435512,3.42650563364,0,0,1
current_r1,19.975,15.7076160595,10.0445599853,0,0,4.03277435512,3.42650563364,0,0,1
current_r1,20,15.7076160595,10.0445599853,0,0,4.03277435512,3.42650563364,0,0,1
current_r1,20.025,15.7076160595,10.0445599853,0,0,4.03277435512,3.42650563364,0,0,1
current_r1,20.05,15.7076160595,10.0445599853,0,0,4.03277435512,3.42650563364,0,0,1
current_r1,20.075,15.7076160595,10.0445599853,0,0,4.03277435512,3.42650563364,0,0,1
current_r1,20.1,15.7076160595,10.0445599853,0,0,4.03277435512,3.42650563364,0,0,1
current_r1,20.125,15.7076160595,10.0445599853,0,0,4.03277435512,3.42650563364,0,0,1
current_r1,20.15,15.7076160595,10.0445599853,0,0,4.03277435512,3.42650563364,0,0,1
current_r1,20.175,15.7076160595,10.0445599853,0,0,4.03277435512,3.42650563364,0,0,1
current_r1,20.2,15.7076160595,10.0445599853,0,0,4.03277435512,3.42650563364,0,0,1
current_r1,20.225,15.7076160595,10.0445599853,0,0,4.03277435512,3.42650563364,0,0,1
current_r1,20.25,15.7076160595,10.0445599853,0,0,4.03277435512,3.42650563364,0,0,1
current_r1,20.275,15.7076160595,10.0445599853,0,0,4.03277435512,3.42650563364,0,0,1
current_r1,20.3,15.7076160595,10.0445599853,0,0,4.03277435512,3.42650563364,0,0,1
current_r1,20.325,15.7076160595,10.0445599853,0,0,4.03277435512,3.42650563364,0,0,1
current_r1,20.35,15.7076160595,10.0445599853,0,0,4.03277435512,3.42650563364,0,0,1
current_r1,20.375,15.7076160595,10.0445599853,0,0,4.03277435512,3.42650563364,0,0,1
current_r1,20.4,15.7076160595,10.0445599853,0,0,4.03277435512,3.42650563364,0,0,1
current_r1,20.425,15.7076160595,10.0445599853,0,0,4.03277435512,3.42650563364,0,0,1
current_r1,20.45,15.7076160595,10.0445599853,0,0,4.03277435512,3.42650563364,0,0,1
current_r1,20.475,15.7076160595,10.0445599853,0,0,4.03277435512,3.42650563364,0,0,1
current_r1,20.5,15.7076160595,10.0445599853,0,0,4.03277435512,3.42650563364,0,0,1
current_r1,20.525,15.7076160595,10.0445599853,0,0,4.03277435512,3.42650563364,0,0,1
current_r1,20.55,15.7076160595,10.0445599853,0,0,4.03277435512,3.42650563364,0,0,1
current_r1,20.575,15.7076160595,10.0445599853,0,0,4.03277435512,3.42650563364,0,0,1
current_r1,20.6,15.7076160595,10.0445599853,0,0,4.03277435512,3.42650563364,0,0,1
current_r1,20.625,15.7076160595,10.0445599853,0,0,4.03277435512,3.42650563364,0,0,1
current_r1,20.65,15.7076160595,10.0445599853,0,0,4.03277435512,3.42650563364,0,0,1
current_r1,20.675,15.7076160595,10.0445599853,0,0,4.03277435512,3.42650563364,0,0,1
current_r1,20.7,15.7076160595,10.0445599853,0,0,4.03277435512,3.42650563364,0,0,1
current_r1,20.725,15.7076160595,10.0445599853,0,0,4.03277435512,3.42650563364,0,0,1
current_r1,20.75,15.7076160595,10.0445599853,0,0,4.03277435512,3.42650563364,0,0,1
current_r1,20.775,15.7076160595,10.0445599853,0,0,4.03277435512,3.42650563364,0,0,1
current_r1,20.8,15.7076160595,10.0445599853,0,0,4.03277435512,3.42650563364,0,0,1
current_r1,20.825,15.7076160595,10.0445599853,0,0,4.03277435512,3.42650563364,0,0,1
current_r1,20.85,15.7076160595,10.0445599853,0,0,4.03277435512,3.42650563364,0,0,1
current_r1,20.875,15.7076160595,10.0445599853,0,0,4.03277435512,3.42650563364,0,0,1
current_r1,20.9,15.7076160595,10.0445599853,0,0,4.03277435512,3.42650563364,0,0,1
current_r1,20.925,15.7076160595,10.0445599853,0,0,4.03277435512,3.42650563364,0,0,1
current_r1,20.95,15.7076160595,10.0445599853,0,0,4.03277435512,3.42650563364,0,0,1
current_r1,20.975,15.7076160595,10.0445599853,0,0,4.03277435512,3.42650563364,0,0,1
current_r1,21,15.7076160595,10.0445599853,0,0,4.03277435512,3.42650563364,0,0,1
current_r1,21.025,15.7076160595,10.0445599853,0,0,4.03277435512,3.42650563364,0,0,1
current_r1,21.05,15.7076160595,10.0445599853,0,0,4.03277435512,3.42650563364,0,0,1
current_r1,21.075,15.7076160595,10.0445599853,0,0,4.03277435512,3.42650563364,0,0,1
current_r1,21.1,15.7076160595,10.0445599853,0,0,4.03277435512,3.42650563364,0,0,1
current_r1,21.125,15.7076160595,10.0445599853,0,0,4.03277435512,3.42650563364,0,0,1
current_r1,21.15,15.7076160595,10.0445599853,0,0,4.03277435512,3.42650563364,0,0,1
current_r1,21.175,15.7076160595,10.0445599853,0,0,4.03277435512,3.42650563364,0,0,1
current_r1,21.2,15.7076160595,10.0445599853,0,0,4.03277435512,3.42650563364,0,0,1
current_r1,21.225,15.7076160595,10.0445599853,0,0,4.03277435512,3.42650563364,0,0,1
current_r1,21.25,15.7076160595,10.0445599853,0,0,4.03277435512,3.42650563364,0,0,1
current_r1,21.275,15.7076160595,10.0445599853,0,0,4.03277435512,3.42650563364,0,0,1
current_r1,21.3,15.7076160595,10.0445599853,0,0,4.03277435512,3.42650563364,0,0,1
current_r1,21.325,15.7076160595,10.0445599853,0,0,4.03277435512,3.42650563364,0,0,1
current_r1,21.35,15.7076160595,10.0445599853,0,0,4.03277435512,3.42650563364,0,0,1
current_r1,21.375,15.7076160595,10.0445599853,0,0,4.03277435512,3.42650563364,0,0,1
current_r1,21.4,15.7076160595,10.0445599853,0,0,4.03277435512,3.42650563364,0,0,1
current_r1,21.425,15.7076160595,10.0445599853,0,0,4.03277435512,3.42650563364,0,0,1
current_r1,21.45,15.7076160595,10.0445599853,0,0,4.03277435512,3.42650563364,0,0,1
current_r1,21.475,15.7076160595,10.0445599853,0,0,4.03277435512,3.42650563364,0,0,1
current_r1,21.5,15.7076160595,10.0445599853,0,0,4.03277435512,3.42650563364,0,0,1
current_r1,21.525,15.7076160595,10.0445599853,0,0,4.03277435512,3.42650563364,0,0,1
current_r1,21.55,15.7076160595,10.0445599853,0,0,4.03277435512,3.42650563364,0,0,1
current_r1,21.575,15.7076160595,10.0445599853,0,0,4.03277435512,3.42650563364,0,0,1
current_r1,21.6,15.7076160595,10.0445599853,0,0,4.03277435512,3.42650563364,0,0,1
current_r1,21.625,15.7076160595,10.0445599853,0,0,4.03277435512,3.42650563364,0,0,1
current_r1,21.65,15.7076160595,10.0445599853,0,0,4.03277435512,3.42650563364,0,0,1
current_r1,21.675,15.7076160595,10.0445599853,0,0,4.03277435512,3.42650563364,0,0,1
current_r1,21.7,15.7076160595,10.0445599853,0,0,4.03277435512,3.42650563364,0,0,1
current_r1,21.725,15.7076160595,10.0445599853,0,0,4.03277435512,3.42650563364,0,0,1
current_r1,21.75,15.7076160595,10.0445599853,0,0,4.03277435512,3.42650563364,0,0,1
current_r1,21.775,15.7076160595,10.0445599853,0,0,4.03277435512,3.42650563364,0,0,1
current_r1,21.8,15.7076160595,10.0445599853,0,0,4.03277435512,3.42650563364,0,0,1
current_r1,21.825,15.7076160595,10.0445599853,0,0,4.03277435512,3.42650563364,0,0,1
current_r1,21.85,15.7076160595,10.0445599853,0,0,4.03277435512,3.42650563364,0,0,1
current_r1,21.875,15.7076160595,10.0445599853,0,0,4.03277435512,3.42650563364,0,0,1
current_r1,21.9,15.7076160595,10.0445599853,0,0,4.03277435512,3.42650563364,0,0,1
current_r1,21.925,15.7076160595,10.0445599853,0,0,4.03277435512,3.42650563364,0,0,1
current_r1,21.95,15.7076160595,10.0445599853,0,0,4.03277435512,3.42650563364,0,0,1
current_r1,21.975,15.7076160595,10.0445599853,0,0,4.03277435512,3.42650563364,0,0,1
current_r1,22,15.7076160595,10.0445599853,0,0,4.03277435512,3.42650563364,0,0,1
current_r1,22.025,15.7076160595,10.0445599853,0,0,4.03277435512,3.42650563364,0,0,1
current_r1,22.05,15.7076160595,10.0445599853,0,0,4.03277435512,3.42650563364,0,0,1
current_r1,22.075,15.7076160595,10.0445599853,0,0,4.03277435512,3.42650563364,0,0,1
current_r1,22.1,15.7076160595,10.0445599853,0,0,4.03277435512,3.42650563364,0,0,1
current_r1,22.125,15.7076160595,10.0445599853,0,0,4.03277435512,3.42650563364,0,0,1
current_r1,22.15,15.7076160595,10.0445599853,0,0,4.03277435512,3.42650563364,0,0,1
current_r1,22.175,15.7076160595,10.0445599853,0,0,4.03277435512,3.42650563364,0,0,1
current_r1,22.2,15.7076160595,10.0445599853,0,0,4.03277435512,3.42650563364,0,0,1
current_r1,22.225,15.7076160595,10.0445599853,0,0,4.03277435512,3.42650563364,0,0,1
current_r1,22.25,15.7076160595,10.0445599853,0,0,4.03277435512,3.42650563364,0,0,1
current_r1,22.275,15.7076160595,10.0445599853,0,0,4.03277435512,3.42650563364,0,0,1
current_r1,22.3,15.7076160595,10.0445599853,0,0,4.03277435512,3.42650563364,0,0,1
current_r1,22.325,15.7076160595,10.0445599853,0,0,4.03277435512,3.42650563364,0,0,1
current_r1,22.35,15.7076160595,10.0445599853,0,0,4.03277435512,3.42650563364,0,0,1
current_r1,22.375,15.7076160595,10.0445599853,0,0,4.03277435512,3.42650563364,0,0,1
current_r1,22.4,15.7076160595,10.0445599853,0,0,4.03277435512,3.42650563364,0,0,1
current_r1,22.425,15.7076160595,10.0445599853,0,0,4.03277435512,3.42650563364,0,0,1
current_r1,22.45,15.7076160595,10.0445599853,0,0,4.03277435512,3.42650563364,0,0,1
current_r1,22.475,15.7076160595,10.0445599853,0,0,4.03277435512,3.42650563364,0,0,1
current_r1,22.5,15.7076160595,10.0445599853,0,0,4.03277435512,3.42650563364,0,0,1
current_r1,22.525,15.7076160595,10.0445599853,0,0,4.03277435512,3.42650563364,0,0,1
current_r1,22.55,15.7076160595,10.0445599853,0,0,4.03277435512,3.42650563364,0,0,1
current_r1,22.575,15.7076160595,10.0445599853,0,0,4.03277435512,3.42650563364,0,0,1
current_r1,22.6,15.7076160595,10.0445599853,0,0,4.03277435512,3.42650563364,0,0,1
current_r1,22.625,15.7076160595,10.0445599853,0,0,4.03277435512,3.42650563364,0,0,1
current_r1,22.65,15.7076160595,10.0445599853,0,0,4.03277435512,3.42650563364,0,0,1
current_r1,22.675,15.7076160595,10.0445599853,0,0,4.03277435512,3.42650563364,0,0,1
current_r1,22.7,15.7076160595,10.0445599853,0,0,4.03277435512,3.42650563364,0,0,1
current_r1,22.725,15.7076160595,10.0445599853,0,0,4.03277435512,3.42650563364,0,0,1
current_r1,22.75,15.7076160595,10.0445599853,0,0,4.03277435512,3.42650563364,0,0,1
current_r1,22.775,15.7076160595,10.0445599853,0,0,4.03277435512,3.42650563364,0,0,1
current_r1,22.8,15.7076160595,10.0445599853,0,0,4.03277435512,3.42650563364,0,0,1
current_r1,22.825,15.7076160595,10.0445599853,0,0,4.03277435512,3.42650563364,0,0,1
current_r1,22.85,15.7076160595,10.0445599853,0,0,4.03277435512,3.42650563364,0,0,1
current_r1,22.875,15.7076160595,10.0445599853,0,0,4.03277435512,3.42650563364,0,0,1
current_r1,22.9,15.7076160595,10.0445599853,0,0,4.03277435512,3.42650563364,0,0,1
current_r1,22.925,15.7076160595,10.0445599853,0,0,4.03277435512,3.42650563364,0,0,1
current_r1,22.95,15.7076160595,10.0445599853,0,0,4.03277435512,3.42650563364,0,0,1
current_r1,22.975,15.7076160595,10.0445599853,0,0,4.03277435512,3.42650563364,0,0,1
current_r1,23,15.7076160595,10.0445599853,0,0,4.03277435512,3.42650563364,0,0,1
current_r1,23.025,15.7076160595,10.0445599853,0,0,4.03277435512,3.42650563364,0,0,1
current_r1,23.05,15.7076160595,10.0445599853,0,0,4.03277435512,3.42650563364,0,0,1
current_r1,23.075,15.7076160595,10.0445599853,0,0,4.03277435512,3.42650563364,0,0,1
current_r1,23.1,15.7076160595,10.0445599853,0,0,4.03277435512,3.42650563364,0,0,1
current_r1,23.125,15.7076160595,10.0445599853,0,0,4.03277435512,3.42650563364,0,0,1
current_r1,23.15,15.7076160595,10.0445599853,0,0,4.03277435512,3.42650563364,0,0,1
current_r1,23.175,15.7076160595,10.0445599853,0,0,4.03277435512,3.42650563364,0,0,1
current_r1,23.2,15.7076160595,10.0445599853,0,0,4.03277435512,3.42650563364,0,0,1
current_r1,23.225,15.7076160595,10.0445599853,0,0,4.03277435512,3.42650563364,0,0,1
current_r1,23.25,15.7076160595,10.0445599853,0,0,4.03277435512,3.42650563364,0,0,1
current_r1,23.275,15.7076160595,10.0445599853,0,0,4.03277435512,3.42650563364,0,0,1
current_r1,23.3,15.7076160595,10.0445599853,0,0,4.03277435512,3.42650563364,0,0,1
current_r1,23.325,15.7076160595,10.0445599853,0,0,4.03277435512,3.42650563364,0,0,1
current_r1,23.35,15.7076160595,10.0445599853,0,0,4.03277435512,3.42650563364,0,0,1
current_r1,23.375,15.7076160595,10.0445599853,0,0,4.03277435512,3.42650563364,0,0,1
current_r1,23.4,15.7076160595,10.0445599853,0,0,4.03277435512,3.42650563364,0,0,1
current_r1,23.425,15.7076160595,10.0445599853,0,0,4.03277435512,3.42650563364,0,0,1
current_r1,23.45,15.7076160595,10.0445599853,0,0,4.03277435512,3.42650563364,0,0,1
current_r1,23.475,15.7076160595,10.0445599853,0,0,4.03277435512,3.42650563364,0,0,1
current_r1,23.5,15.7076160595,10.0445599853,0,0,4.03277435512,3.42650563364,0,0,1
current_r1,23.525,15.7076160595,10.0445599853,0,0,4.03277435512,3.42650563364,0,0,1
current_r1,23.55,15.7076160595,10.0445599853,0,0,4.03277435512,3.42650563364,0,0,1
current_r1,23.575,15.7076160595,10.0445599853,0,0,4.03277435512,3.42650563364,0,0,1
current_r1,23.6,15.7076160595,10.0445599853,0,0,4.03277435512,3.42650563364,0,0,1
current_r1,23.625,15.7076160595,10.0445599853,0,0,4.03277435512,3.42650563364,0,0,1
current_r1,23.65,15.7076160595,10.0445599853,0,0,4.03277435512,3.42650563364,0,0,1
current_r1,23.675,15.7076160595,10.0445599853,0,0,4.03277435512,3.42650563364,0,0,1
current_r1,23.7,15.7076160595,10.0445599853,0,0,4.03277435512,3.42650563364,0,0,1
current_r1,23.725,15.7076160595,10.0445599853,0,0,4.03277435512,3.42650563364,0,0,1
current_r1,23.75,15.7076160595,10.0445599853,0,0,4.03277435512,3.42650563364,0,0,1
current_r1,23.775,15.7076160595,10.0445599853,0,0,4.03277435512,3.42650563364,0,0,1
current_r1,23.8,15.7076160595,10.0445599853,0,0,4.03277435512,3.42650563364,0,0,1
current_r1,23.825,15.7076160595,10.0445599853,0,0,4.03277435512,3.42650563364,0,0,1
current_r1,23.85,15.7076160595,10.0445599853,0,0,4.03277435512,3.42650563364,0,0,1
current_r1,23.875,15.7076160595,10.0445599853,0,0,4.03277435512,3.42650563364,0,0,1
current_r1,23.9,15.7076160595,10.0445599853,0,0,4.03277435512,3.42650563364,0,0,1
current_r1,23.925,15.7076160595,10.0445599853,0,0,4.03277435512,3.42650563364,0,0,1
current_r1,23.95,15.7076160595,10.0445599853,0,0,4.03277435512,3.42650563364,0,0,1
current_r1,23.975,15.7076160595,10.0445599853,0,0,4.03277435512,3.42650563364,0,0,1
current_r1,24,15.7076160595,10.0445599853,0,0,4.03277435512,3.42650563364,0,0,1
current_r1,24.025,15.7076160595,10.0445599853,0,0,4.03277435512,3.42650563364,0,0,1
current_r1,24.05,15.7076160595,10.0445599853,0,0,4.03277435512,3.42650563364,0,0,1
current_r1,24.075,15.7076160595,10.0445599853,0,0,4.03277435512,3.42650563364,0,0,1
current_r1,24.1,15.7076160595,10.0445599853,0,0,4.03277435512,3.42650563364,0,0,1
current_r1,24.125,15.7076160595,10.0445599853,0,0,4.03277435512,3.42650563364,0,0,1
current_r1,24.15,15.7076160595,10.0445599853,0,0,4.03277435512,3.42650563364,0,0,1
current_r1,24.175,15.7076160595,10.0445599853,0,0,4.03277435512,3.42650563364,0,0,1
current_r1,24.2,15.7076160595,10.0445599853,0,0,4.03277435512,3.42650563364,0,0,1
current_r1,24.225,15.7076160595,10.0445599853,0,0,4.03277435512,3.42650563364,0,0,1
current_r1,24.25,15.7076160595,10.0445599853,0,0,4.03277435512,3.42650563364,0,0,1
current_r1,24.275,15.7076160595,10.0445599853,0,0,4.03277435512,3.42650563364,0,0,1
current_r1,24.3,15.7076160595,10.0445599853,0,0,4.03277435512,3.42650563364,0,0,1
current_r1,24.325,15.7076160595,10.0445599853,0,0,4.03277435512,3.42650563364,0,0,1
current_r1,24.35,15.7076160595,10.0445599853,0,0,4.03277435512,3.42650563364,0,0,1
current_r1,24.375,15.7076160595,10.0445599853,0,0,4.03277435512,3.42650563364,0,0,1
current_r1,24.4,15.7076160595,10.0445599853,0,0,4.03277435512,3.42650563364,0,0,1
current_r1,24.425,15.7076160595,10.0445599853,0,0,4.03277435512,3.42650563364,0,0,1
current_r1,24.45,15.7076160595,10.0445599853,0,0,4.03277435512,3.42650563364,0,0,1
current_r1,24.475,15.7076160595,10.0445599853,0,0,4.03277435512,3.42650563364,0,0,1
current_r1,24.5,15.7076160595,10.0445599853,0,0,4.03277435512,3.42650563364,0,0,1
current_r1,24.525,15.7076160595,10.0445599853,0,0,4.03277435512,3.42650563364,0,0,1
current_r1,24.55,15.7076160595,10.0445599853,0,0,4.03277435512,3.42650563364,0,0,1
current_r1,24.575,15.7076160595,10.0445599853,0,0,4.03277435512,3.42650563364,0,0,1
current_r1,24.6,15.7076160595,10.0445599853,0,0,4.03277435512,3.42650563364,0,0,1
current_r1,24.625,15.7076160595,10.0445599853,0,0,4.03277435512,3.42650563364,0,0,1
current_r1,24.65,15.7076160595,10.0445599853,0,0,4.03277435512,3.42650563364,0,0,1
current_r1,24.675,15.7076160595,10.0445599853,0,0,4.03277435512,3.42650563364,0,0,1
current_r1,24.7,15.7076160595,10.0445599853,0,0,4.03277435512,3.42650563364,0,0,1
current_r1,24.725,15.7076160595,10.0445599853,0,0,4.03277435512,3.42650563364,0,0,1
current_r1,24.75,15.7076160595,10.0445599853,0,0,4.03277435512,3.42650563364,0,0,1
current_r1,24.775,15.7076160595,10.0445599853,0,0,4.03277435512,3.42650563364,0,0,1
current_r1,24.8,15.7076160595,10.0445599853,0,0,4.03277435512,3.42650563364,0,0,1
current_r1,24.825,15.7076160595,10.0445599853,0,0,4.03277435512,3.42650563364,0,0,1
current_r1,24.85,15.7076160595,10.0445599853,0,0,4.03277435512,3.42650563364,0,0,1
current_r1,24.875,15.7076160595,10.0445599853,0,0,4.03277435512,3.42650563364,0,0,1
current_r1,24.9,15.7076160595,10.0445599853,0,0,4.03277435512,3.42650563364,0,0,1
current_r1,24.925,15.7076160595,10.0445599853,0,0,4.03277435512,3.42650563364,0,0,1
current_r1,24.95,15.7076160595,10.0445599853,0,0,4.03277435512,3.42650563364,0,0,1
current_r1,24.975,15.7076160595,10.0445599853,0,0,4.03277435512,3.42650563364,0,0,1
current_r1,25,15.7076160595,10.0445599853,0,0,4.03277435512,3.42650563364,0,0,1
current_r1,25.025,15.7076160595,10.0445599853,0,0,4.03277435512,3.42650563364,0,0,1
current_r1,25.05,15.7076160595,10.0445599853,0,0,4.03277435512,3.42650563364,0,0,1
current_r1,25.075,15.7076160595,10.0445599853,0,0,4.03277435512,3.42650563364,0,0,1
current_r1,25.1,15.7076160595,10.0445599853,0,0,4.03277435512,3.42650563364,0,0,1
current_r1,25.125,15.7076160595,10.0445599853,0,0,4.03277435512,3.42650563364,0,0,1
current_r1,25.15,15.7076160595,10.0445599853,0,0,4.03277435512,3.42650563364,0,0,1
current_r1,25.175,15.7076160595,10.0445599853,0,0,4.03277435512,3.42650563364,0,0,1
current_r1,25.2,15.7076160595,10.0445599853,0,0,4.03277435512,3.42650563364,0,0,1
current_r1,25.225,15.7076160595,10.0445599853,0,0,4.03277435512,3.42650563364,0,0,1
current_r1,25.25,15.7076160595,10.0445599853,0,0,4.03277435512,3.42650563364,0,0,1
current_r1,25.275,15.7076160595,10.0445599853,0,0,4.03277435512,3.42650563364,0,0,1
current_r1,25.3,15.7076160595,10.0445599853,0,0,4.03277435512,3.42650563364,0,0,1
current_r1,25.325,15.7076160595,10.0445599853,0,0,4.03277435512,3.42650563364,0,0,1
current_r1,25.35,15.7076160595,10.0445599853,0,0,4.03277435512,3.42650563364,0,0,1
current_r1,25.375,15.7076160595,10.0445599853,0,0,4.03277435512,3.42650563364,0,0,1
current_r1,25.4,15.7076160595,10.0445599853,0,0,4.03277435512,3.42650563364,0,0,1
current_r1,25.425,15.7076160595,10.0445599853,0,0,4.03277435512,3.42650563364,0,0,1
current_r1,25.45,15.7076160595,10.0445599853,0,0,4.03277435512,3.42650563364,0,0,1
current_r1,25.475,15.7076160595,10.0445599853,0,0,4.03277435512,3.42650563364,0,0,1
current_r1,25.5,15.7076160595,10.0445599853,0,0,4.03277435512,3.42650563364,0,0,1
current_r1,25.525,15.7076160595,10.0445599853,0,0,4.03277435512,3.42650563364,0,0,1
current_r1,25.55,15.7076160595,10.0445599853,0,0,4.03277435512,3.42650563364,0,0,1
current_r1,25.575,15.7076160595,10.0445599853,0,0,4.03277435512,3.42650563364,0,0,1
current_r1,25.6,15.7076160595,10.0445599853,0,0,4.03277435512,3.42650563364,0,0,1
current_r1,25.625,15.7076160595,10.0445599853,0,0,4.03277435512,3.42650563364,0,0,1
current_r1,25.65,15.7076160595,10.0445599853,0,0,4.03277435512,3.42650563364,0,0,1
current_r1,25.675,15.7076160595,10.0445599853,0,0,4.03277435512,3.42650563364,0,0,1
current_r1,25.7,15.7076160595,10.0445599853,0,0,4.03277435512,3.42650563364,0,0,1
current_r1,25.725,15.7076160595,10.0445599853,0,0,4.03277435512,3.42650563364,0,0,1
current_r1,25.75,15.7076160595,10.0445599853,0,0,4.03277435512,3.42650563364,0,0,1
current_r1,25.775,15.7076160595,10.0445599853,0,0,4.03277435512,3.42650563364,0,0,1
current_r1,25.8,15.7076160595,10.0445599853,0,0,4.03277435512,3.42650563364,0,0,1
current_r1,25.825,15.7076160595,10.0445599853,0,0,4.03277435512,3.42650563364,0,0,1
current_r1,25.85,15.7076160595,10.0445599853,0,0,4.03277435512,3.42650563364,0,0,1
current_r1,25.875,15.7076160595,10.0445599853,0,0,4.03277435512,3.42650563364,0,0,1
current_r1,25.9,15.7076160595,10.0445599853,0,0,4.03277435512,3.42650563364,0,0,1
current_r1,25.925,15.7076160595,10.0445599853,0,0,4.03277435512,3.42650563364,0,0,1
current_r1,25.95,15.7076160595,10.0445599853,0,0,4.03277435512,3.42650563364,0,0,1
current_r1,25.975,15.7076160595,10.0445599853,0,0,4.03277435512,3.42650563364,0,0,1
current_r1,26,15.7076160595,10.0445599853,0,0,4.03277435512,3.42650563364,0,0,1
current_r1,26.025,15.7076160595,10.0445599853,0,0,4.03277435512,3.42650563364,0,0,1
current_r1,26.05,15.7076160595,10.0445599853,0,0,4.03277435512,3.42650563364,0,0,1
current_r1,26.075,15.7076160595,10.0445599853,0,0,4.03277435512,3.42650563364,0,0,1
current_r1,26.1,15.7076160595,10.0445599853,0,0,4.03277435512,3.42650563364,0,0,1
current_r1,26.125,15.7076160595,10.0445599853,0,0,4.03277435512,3.42650563364,0,0,1
current_r1,26.15,15.7076160595,10.0445599853,0,0,4.03277435512,3.42650563364,0,0,1
current_r1,26.175,15.7076160595,10.0445599853,0,0,4.03277435512,3.42650563364,0,0,1
current_r1,26.2,15.7076160595,10.0445599853,0,0,4.03277435512,3.42650563364,0,0,1
current_r1,26.225,15.7076160595,10.0445599853,0,0,4.03277435512,3.42650563364,0,0,1
current_r1,26.25,15.7076160595,10.0445599853,0,0,4.03277435512,3.42650563364,0,0,1
current_r1,26.275,15.7076160595,10.0445599853,0,0,4.03277435512,3.42650563364,0,0,1
current_r1,26.3,15.7076160595,10.0445599853,0,0,4.03277435512,3.42650563364,0,0,1
current_r1,26.325,15.7076160595,10.0445599853,0,0,4.03277435512,3.42650563364,0,0,1
current_r1,26.35,15.7076160595,10.0445599853,0,0,4.03277435512,3.42650563364,0,0,1
current_r1,26.375,15.7076160595,10.0445599853,0,0,4.03277435512,3.42650563364,0,0,1
current_r1,26.4,15.7076160595,10.0445599853,0,0,4.03277435512,3.42650563364,0,0,1
current_r1,26.425,15.7076160595,10.0445599853,0,0,4.03277435512,3.42650563364,0,0,1
current_r1,26.45,15.7076160595,10.0445599853,0,0,4.03277435512,3.42650563364,0,0,1
current_r1,26.475,15.7076160595,10.0445599853,0,0,4.03277435512,3.42650563364,0,0,1
current_r1,26.5,15.7076160595,10.0445599853,0,0,4.03277435512,3.42650563364,0,0,1
current_r1,26.525,15.7076160595,10.0445599853,0,0,4.03277435512,3.42650563364,0,0,1
current_r1,26.55,15.7076160595,10.0445599853,0,0,4.03277435512,3.42650563364,0,0,1
current_r1,26.575,15.7076160595,10.0445599853,0,0,4.03277435512,3.42650563364,0,0,1
current_r1,26.6,15.7076160595,10.0445599853,0,0,4.03277435512,3.42650563364,0,0,1
current_r1,26.625,15.7076160595,10.0445599853,0,0,4.03277435512,3.42650563364,0,0,1
current_r1,26.65,15.7076160595,10.0445599853,0,0,4.03277435512,3.42650563364,0,0,1
current_r1,26.675,15.7076160595,10.0445599853,0,0,4.03277435512,3.42650563364,0,0,1
current_r1,26.7,15.7076160595,10.0445599853,0,0,4.03277435512,3.42650563364,0,0,1
current_r1,26.725,15.7076160595,10.0445599853,0,0,4.03277435512,3.42650563364,0,0,1
current_r1,26.75,15.7076160595,10.0445599853,0,0,4.03277435512,3.42650563364,0,0,1
current_r1,26.775,15.7076160595,10.0445599853,0,0,4.03277435512,3.42650563364,0,0,1
current_r1,26.8,15.7076160595,10.0445599853,0,0,4.03277435512,3.42650563364,0,0,1
current_r1,26.825,15.7076160595,10.0445599853,0,0,4.03277435512,3.42650563364,0,0,1
current_r1,26.85,15.7076160595,10.0445599853,0,0,4.03277435512,3.42650563364,0,0,1
current_r1,26.875,15.7076160595,10.0445599853,0,0,4.03277435512,3.42650563364,0,0,1
current_r1,26.9,15.7076160595,10.0445599853,0,0,4.03277435512,3.42650563364,0,0,1
current_r1,26.925,15.7076160595,10.0445599853,0,0,4.03277435512,3.42650563364,0,0,1
current_r1,26.95,15.7076160595,10.0445599853,0,0,4.03277435512,3.42650563364,0,0,1
current_r1,26.975,15.7076160595,10.0445599853,0,0,4.03277435512,3.42650563364,0,0,1
current_r1,27,15.7076160595,10.0445599853,0,0,4.03277435512,3.42650563364,0,0,1
current_r1,27.025,15.7076160595,10.0445599853,0,0,4.03277435512,3.42650563364,0,0,1
current_r1,27.05,15.7076160595,10.0445599853,0,0,4.03277435512,3.42650563364,0,0,1
current_r1,27.075,15.7076160595,10.0445599853,0,0,4.03277435512,3.42650563364,0,0,1
current_r1,27.1,15.7076160595,10.0445599853,0,0,4.03277435512,3.42650563364,0,0,1
current_r1,27.125,15.7076160595,10.0445599853,0,0,4.03277435512,3.42650563364,0,0,1
current_r1,27.15,15.7076160595,10.0445599853,0,0,4.03277435512,3.42650563364,0,0,1
current_r1,27.175,15.7076160595,10.0445599853,0,0,4.03277435512,3.42650563364,0,0,1
current_r1,27.2,15.7076160595,10.0445599853,0,0,4.03277435512,3.42650563364,0,0,1
current_r1,27.225,15.7076160595,10.0445599853,0,0,4.03277435512,3.42650563364,0,0,1
current_r1,27.25,15.7076160595,10.0445599853,0,0,4.03277435512,3.42650563364,0,0,1
current_r1,27.275,15.7076160595,10.0445599853,0,0,4.03277435512,3.42650563364,0,0,1
current_r1,27.3,15.7076160595,10.0445599853,0,0,4.03277435512,3.42650563364,0,0,1
current_r1,27.325,15.7076160595,10.0445599853,0,0,4.03277435512,3.42650563364,0,0,1
current_r1,27.35,15.7076160595,10.0445599853,0,0,4.03277435512,3.42650563364,0,0,1
current_r1,27.375,15.7076160595,10.0445599853,0,0,4.03277435512,3.42650563364,0,0,1
current_r1,27.4,15.7076160595,10.0445599853,0,0,4.03277435512,3.42650563364,0,0,1
current_r1,27.425,15.7076160595,10.0445599853,0,0,4.03277435512,3.42650563364,0,0,1
current_r1,27.45,15.7076160595,10.0445599853,0,0,4.03277435512,3.42650563364,0,0,1
current_r1,27.475,15.7076160595,10.0445599853,0,0,4.03277435512,3.42650563364,0,0,1
current_r1,27.5,15.7076160595,10.0445599853,0,0,4.03277435512,3.42650563364,0,0,1
current_r1,27.525,15.7076160595,10.0445599853,0,0,4.03277435512,3.42650563364,0,0,1
current_r1,27.55,15.7076160595,10.0445599853,0,0,4.03277435512,3.42650563364,0,0,1
current_r1,27.575,15.7076160595,10.0445599853,0,0,4.03277435512,3.42650563364,0,0,1
current_r1,27.6,15.7076160595,10.0445599853,0,0,4.03277435512,3.42650563364,0,0,1
current_r1,27.625,15.7076160595,10.0445599853,0,0,4.03277435512,3.42650563364,0,0,1
current_r1,27.65,15.7076160595,10.0445599853,0,0,4.03277435512,3.42650563364,0,0,1
current_r1,27.675,15.7076160595,10.0445599853,0,0,4.03277435512,3.42650563364,0,0,1
current_r1,27.7,15.7076160595,10.0445599853,0,0,4.03277435512,3.42650563364,0,0,1
current_r1,27.725,15.7076160595,10.0445599853,0,0,4.03277435512,3.42650563364,0,0,1
current_r1,27.75,15.7076160595,10.0445599853,0,0,4.03277435512,3.42650563364,0,0,1
current_r1,27.775,15.7076160595,10.0445599853,0,0,4.03277435512,3.42650563364,0,0,1
current_r1,27.8,15.7076160595,10.0445599853,0,0,4.03277435512,3.42650563364,0,0,1
current_r1,27.825,15.7076160595,10.0445599853,0,0,4.03277435512,3.42650563364,0,0,1
current_r1,27.85,15.7076160595,10.0445599853,0,0,4.03277435512,3.42650563364,0,0,1
current_r1,27.875,15.7076160595,10.0445599853,0,0,4.03277435512,3.42650563364,0,0,1
current_r1,27.9,15.7076160595,10.0445599853,0,0,4.03277435512,3.42650563364,0,0,1
current_r1,27.925,15.7076160595,10.0445599853,0,0,4.03277435512,3.42650563364,0,0,1
current_r1,27.95,15.7076160595,10.0445599853,0,0,4.03277435512,3.42650563364,0,0,1
current_r1,27.975,15.7076160595,10.0445599853,0,0,4.03277435512,3.42650563364,0,0,1
current_r1,28,15.7076160595,10.0445599853,0,0,4.03277435512,3.42650563364,0,0,1
current_r1,28.025,15.7076160595,10.0445599853,0,0,4.03277435512,3.42650563364,0,0,1
current_r1,28.05,15.7076160595,10.0445599853,0,0,4.03277435512,3.42650563364,0,0,1
current_r1,28.075,15.7076160595,10.0445599853,0,0,4.03277435512,3.42650563364,0,0,1
current_r1,28.1,15.7076160595,10.0445599853,0,0,4.03277435512,3.42650563364,0,0,1
current_r1,28.125,15.7076160595,10.0445599853,0,0,4.03277435512,3.42650563364,0,0,1
current_r1,28.15,15.7076160595,10.0445599853,0,0,4.03277435512,3.42650563364,0,0,1
current_r1,28.175,15.7076160595,10.0445599853,0,0,4.03277435512,3.42650563364,0,0,1
current_r1,28.2,15.7076160595,10.0445599853,0,0,4.03277435512,3.42650563364,0,0,1
current_r1,28.225,15.7076160595,10.0445599853,0,0,4.03277435512,3.42650563364,0,0,1
current_r1,28.25,15.7076160595,10.0445599853,0,0,4.03277435512,3.42650563364,0,0,1
current_r1,28.275,15.7076160595,10.0445599853,0,0,4.03277435512,3.42650563364,0,0,1
current_r1,28.3,15.7076160595,10.0445599853,0,0,4.03277435512,3.42650563364,0,0,1
current_r1,28.325,15.7076160595,10.0445599853,0,0,4.03277435512,3.42650563364,0,0,1
current_r1,28.35,15.7076160595,10.0445599853,0,0,4.03277435512,3.42650563364,0,0,1
current_r1,28.375,15.7076160595,10.0445599853,0,0,4.03277435512,3.42650563364,0,0,1
current_r1,28.4,15.7076160595,10.0445599853,0,0,4.03277435512,3.42650563364,0,0,1
current_r1,28.425,15.7076160595,10.0445599853,0,0,4.03277435512,3.42650563364,0,0,1
current_r1,28.45,15.7076160595,10.0445599853,0,0,4.03277435512,3.42650563364,0,0,1
current_r1,28.475,15.7076160595,10.0445599853,0,0,4.03277435512,3.42650563364,0,0,1
current_r1,28.5,15.7076160595,10.0445599853,0,0,4.03277435512,3.42650563364,0,0,1
current_r1,28.525,15.7076160595,10.0445599853,0,0,4.03277435512,3.42650563364,0,0,1
current_r1,28.55,15.7076160595,10.0445599853,0,0,4.03277435512,3.42650563364,0,0,1
current_r1,28.575,15.7076160595,10.0445599853,0,0,4.03277435512,3.42650563364,0,0,1
current_r1,28.6,15.7076160595,10.0445599853,0,0,4.03277435512,3.42650563364,0,0,1
current_r1,28.625,15.7076160595,10.0445599853,0,0,4.03277435512,3.42650563364,0,0,1
current_r1,28.65,15.7076160595,10.0445599853,0,0,4.03277435512,3.42650563364,0,0,1
current_r1,28.675,15.7076160595,10.0445599853,0,0,4.03277435512,3.42650563364,0,0,1
current_r1,28.7,15.7076160595,10.0445599853,0,0,4.03277435512,3.42650563364,0,0,1
current_r1,28.725,15.7076160595,10.0445599853,0,0,4.03277435512,3.42650563364,0,0,1
current_r1,28.75,15.7076160595,10.0445599853,0,0,4.03277435512,3.42650563364,0,0,1
current_r1,28.775,15.7076160595,10.0445599853,0,0,4.03277435512,3.42650563364,0,0,1
current_r1,28.8,15.7076160595,10.0445599853,0,0,4.03277435512,3.42650563364,0,0,1
current_r1,28.825,15.7076160595,10.0445599853,0,0,4.03277435512,3.42650563364,0,0,1
current_r1,28.85,15.7076160595,10.0445599853,0,0,4.03277435512,3.42650563364,0,0,1
current_r1,28.875,15.7076160595,10.0445599853,0,0,4.03277435512,3.42650563364,0,0,1
current_r1,28.9,15.7076160595,10.0445599853,0,0,4.03277435512,3.42650563364,0,0,1
current_r1,28.925,15.7076160595,10.0445599853,0,0,4.03277435512,3.42650563364,0,0,1
current_r1,28.95,15.7076160595,10.0445599853,0,0,4.03277435512,3.42650563364,0,0,1
current_r1,28.975,15.7076160595,10.0445599853,0,0,4.03277435512,3.42650563364,0,0,1
current_r1,29,15.7076160595,10.0445599853,0,0,4.03277435512,3.42650563364,0,0,1
current_r1,29.025,15.7076160595,10.0445599853,0,0,4.03277435512,3.42650563364,0,0,1
current_r1,29.05,15.7076160595,10.0445599853,0,0,4.03277435512,3.42650563364,0,0,1
current_r1,29.075,15.7076160595,10.0445599853,0,0,4.03277435512,3.42650563364,0,0,1
current_r1,29.1,15.7076160595,10.0445599853,0,0,4.03277435512,3.42650563364,0,0,1
current_r1,29.125,15.7076160595,10.0445599853,0,0,4.03277435512,3.42650563364,0,0,1
current_r1,29.15,15.7076160595,10.0445599853,0,0,4.03277435512,3.42650563364,0,0,1
current_r1,29.175,15.7076160595,10.0445599853,0,0,4.03277435512,3.42650563364,0,0,1
current_r1,29.2,15.7076160595,10.0445599853,0,0,4.03277435512,3.42650563364,0,0,1
current_r1,29.225,15.7076160595,10.0445599853,0,0,4.03277435512,3.42650563364,0,0,1
current_r1,29.25,15.7076160595,10.0445599853,0,0,4.03277435512,3.42650563364,0,0,1
current_r1,29.275,15.7076160595,10.0445599853,0,0,4.03277435512,3.42650563364,0,0,1
current_r1,29.3,15.7076160595,10.0445599853,0,0,4.03277435512,3.42650563364,0,0,1
current_r1,29.325,15.7076160595,10.0445599853,0,0,4.03277435512,3.42650563364,0,0,1
current_r1,29.35,15.7076160595,10.0445599853,0,0,4.03277435512,3.42650563364,0,0,1
current_r1,29.375,15.7076160595,10.0445599853,0,0,4.03277435512,3.42650563364,0,0,1
current_r1,29.4,15.7076160595,10.0445599853,0,0,4.03277435512,3.42650563364,0,0,1
current_r1,29.425,15.7076160595,10.0445599853,0,0,4.03277435512,3.42650563364,0,0,1
current_r1,29.45,15.7076160595,10.0445599853,0,0,4.03277435512,3.42650563364,0,0,1
current_r1,29.475,15.7076160595,10.0445599853,0,0,4.03277435512,3.42650563364,0,0,1
current_r1,29.5,15.7076160595,10.0445599853,0,0,4.03277435512,3.42650563364,0,0,1
current_r1,29.525,15.7076160595,10.0445599853,0,0,4.03277435512,3.42650563364,0,0,1
current_r1,29.55,15.7076160595,10.0445599853,0,0,4.03277435512,3.42650563364,0,0,1
current_r1,29.575,15.7076160595,10.0445599853,0,0,4.03277435512,3.42650563364,0,0,1
current_r1,29.6,15.7076160595,10.0445599853,0,0,4.03277435512,3.42650563364,0,0,1
current_r1,29.625,15.7076160595,10.0445599853,0,0,4.03277435512,3.42650563364,0,0,1
current_r1,29.65,15.7076160595,10.0445599853,0,0,4.03277435512,3.42650563364,0,0,1
current_r1,29.675,15.7076160595,10.0445599853,0,0,4.03277435512,3.42650563364,0,0,1
current_r1,29.7,15.7076160595,10.0445599853,0,0,4.03277435512,3.42650563364,0,0,1
current_r1,29.725,15.7076160595,10.0445599853,0,0,4.03277435512,3.42650563364,0,0,1
current_r1,29.75,15.7076160595,10.0445599853,0,0,4.03277435512,3.42650563364,0,0,1
current_r1,29.775,15.7076160595,10.0445599853,0,0,4.03277435512,3.42650563364,0,0,1
current_r1,29.8,15.7076160595,10.0445599853,0,0,4.03277435512,3.42650563364,0,0,1
current_r1,29.825,15.7076160595,10.0445599853,0,0,4.03277435512,3.42650563364,0,0,1
current_r1,29.85,15.7076160595,10.0445599853,0,0,4.03277435512,3.42650563364,0,0,1
current_r1,29.875,15.7076160595,10.0445599853,0,0,4.03277435512,3.42650563364,0,0,1
current_r1,29.9,15.7076160595,10.0445599853,0,0,4.03277435512,3.42650563364,0,0,1
current_r1,29.925,15.7076160595,10.0445599853,0,0,4.03277435512,3.42650563364,0,0,1
current_r1,29.95,15.7076160595,10.0445599853,0,0,4.03277435512,3.42650563364,0,0,1
current_r1,29.975,15.7076160595,10.0445599853,0,0,4.03277435512,3.42650563364,0,0,1
current_r1,30,15.7076160595,10.0445599853,0,0,4.03277435512,3.42650563364,0,0,1
current_r2,0,10,10,0,0,0.530624847487,1.038854382,0,0.121625123464,0
current_r2,0.025,10.0018748168,9.99997379333,0.0749926738852,-0.00104826692467,0.529145007907,1.03718942264,0,0.159620661481,0
current_r2,0.05,10.005623755,9.99989019189,0.14995752796,-0.00334405733783,0.526169438443,1.03387536434,0,0.208351359485,0
current_r2,0.075,10.0112458643,9.99972379478,0.224884370954,-0.00665588445677,0.521688990581,1.02892712281,0,0.269351360559,0
current_r2,0.1,10.0187007186,9.99944260176,0.298194170714,-0.0112477210531,0.51572380605,1.02239938086,0,0.337339774396,0
current_r2,0.125,10.0277822428,9.99902210618,0.363260967991,-0.016819823179,0.508429057833,1.014492636,0,0.401504186778,0
current_r2,0.15,10.0383060295,9.99844258687,0.42095146749,-0.0231807722229,0.499946341838,1.00538666513,0,0.458868756393,0
current_r2,0.175,10.050108519,9.99768990377,0.472099581368,-0.0301073239406,0.490404372872,0.995240697829,0,0.5083435076,0
current_r2,0.2,10.0630454905,9.99675535489,0.517478859437,-0.0373819553857,0.479919854472,0.984194661562,0,0.550013857473,0
current_r2,0.225,10.0769901755,9.9956350342,0.557787398327,-0.0448128276154,0.468598475238,0.972371018067,0,0.584606705375,0
current_r2,0.25,10.0918312476,9.99432898671,0.593642887272,-0.0522418996767,0.456535959635,0.9598768281,0,0.613135926099,0
current_r2,0.275,10.1074708591,9.99284033654,0.625584458048,-0.0595460064112,0.443819109678,0.946805810571,0,0.636687889114,0
current_r2,0.3,10.1238228205,9.9911744806,0.654078457062,-0.0666342378722,0.430526792836,0.933240263918,0,0.656303810377,0
current_r2,0.325,10.140810972,9.98933838796,0.67952605751,-0.0734437053557,0.416730850126,0.91925278757,0,0.672923934289,0
current_r2,0.35,10.1583677561,9.98734001562,0.702271366979,-0.0799348936675,0.402496912851,0.90490778498,0,0.687368562174,0
current_r2,0.375,10.1764329873,9.98518783487,0.722609245773,-0.0860872302603,0.387885126223,0.890262754618,0,0.700339404176,0
current_r2,0.4,10.1949527981,9.98289045587,0.740792433873,-0.0918951596957,0.372950783943,0.875369387747,0,0.712430939974,0
current_r2,0.425,10.2138787438,9.98045633542,0.757037826434,-0.0973648181265,0.35774488082,0.860274496819,0,0.724145683672,0
current_r2,0.45,10.2331670408,9.97789355292,0.771531879779,-0.102511300218,0.342314591602,0.845020798853,0,0.735909948999,0
current_r2,0.475,10.2527779209,9.97520964136,0.784435205808,-0.107356462384,0.326703684177,0.829647576544,0,0.748088365529,0
current_r2,0.5,10.2726750821,9.97241146166,0.795886447621,-0.111927187767,0.310952874681,0.814191237173,0,0.760996365721,0
current_r2,0.525,10.2928252206,9.96950511077,0.80600553977,-0.11625403579,0.295100131142,0.798685786381,0,0.774910402216,0
current_r2,0.55,10.313197632,9.96649585566,0.814896453972,-0.120370204215,0.279180931374,0.783163231051,0,0.790075935914,0
current_r2,0.575,10.33376387,9.96338808717,0.822649522051,-0.124310739801,0.26322847993,0.767653922872,0,0.806713367625,0
current_r2,0.6,10.3544974554,9.9601852886,0.829343416173,-0.128111942551,0.247273888199,0.752186851916,0,0.825022137052,0
current_r2,0.625,10.3753736268,9.95689001568,0.835046854498,-0.131810916872,0.231346321119,0.736789897623,0,0.845183222673,0
current_r2,0.65,10.396369129,9.95350388492,0.839820089017,-0.135445230416,0.215473113567,0.721490042944,0,0.867360267555,0
current_r2,0.675,10.4174620346,9.95002756873,0.843716222263,-0.139052647623,0.199679859239,0.706313556089,0,0.891699541278,0
current_r2,0.7,10.4386315943,9.94646079597,0.846782390746,-0.142670910259,0.183990474695,0.69128614318,0,0.918328932776,0
current_r2,0.725,10.4598581155,9.94280235743,0.849060845278,-0.146337541566,0.16842724135,0.676433074253,0,0.947356155295,0
current_r2,0.75,10.4811228642,9.93905011608,0.850589951762,-0.150089654325,0.15301082833,0.661779284288,0,0.978866333453,0
current_r2,0.775,10.5024079925,9.93520102242,0.851405130192,-0.153963746206,0.137760299459,0.647349450406,0,1.01291913359,0
current_r2,0.8,10.5236964861,9.93125113571,0.851539744424,-0.15799546861,0.122693108036,0.633168045909,0,1.04954559219,0
current_r2,0.825,10.5449721349,9.92719565176,0.851025950627,-0.162219357779,0.107825083557,0.619259371519,0,1.08874479337,0
current_r2,0.85,10.5662195226,9.92302893877,0.849895507965,-0.16666851958,0.0931704150973,0.605647563984,0,1.13048054517,0
current_r2,0.875,10.5874240364,9.91874458222,0.848180551053,-0.171374262054,0.0787416366099,0.592356582106,0,1.17467820636,0
current_r2,0.9,10.6085718944,9.9143354404,0.845914319948,-0.176365672753,0.0645496199161,0.579410170264,0,1.22122181935,0
current_r2,0.925,10.6296501903,9.90979371187,0.843131839953,-0.181669141061,0.0506035816339,0.566831799626,0,1.26995171053,0
current_r2,0.95,10.6506469539,9.90511101614,0.839870540382,-0.187307829237,0.0369111105679,0.554644587481,0,1.32066272472,0
current_r2,0.975,10.6715512238,9.90027848865,0.83617079875,-0.193301099671,0.023478222213,0.542871195424,0,1.37310326311,0
current_r2,1,10.6923531337,9.8952868909,0.832076394794,-0.199663909893,0.0103094468764,0.531533707585,0,1.42697529144,0
current_r2,1.025,10.7130440051,9.89012673613,0.827634857424,-0.206406190943,-0.00259204251429,0.520653490584,0,1.48193547446,0
current_r2,1.05,10.7336164473,9.88478843041,0.822897687387,-0.213532228718,-0.0152242576355,0.510251037478,0,1.5375975712,0
current_r2,1.075,10.7540644583,9.87926242862,0.817920439181,-0.221040071555,-0.0275861728807,0.500345798593,0,1.59353619108,0
current_r2,1.1,10.7743835245,9.87353940387,0.812762647855,-0.228920990266,-0.039677451729,0.490956002771,0,1.64929196355,0
current_r2,1.125,10.7945707142,9.86761042839,0.807487589675,-0.237159018942,-0.0514981205823,0.482098473178,0,1.70437811316,0
current_r2,1.15,10.814624761,9.86146716326,0.802161870405,-0.245730605509,-0.0630481914266,0.473788442374,0,1.75828836082,0
current_r2,1.175,10.834546132,9.85510205325,0.796854840867,-0.254604400304,-0.0743272370437,0.466039371807,0,1.81050599416,0
current_r2,1.2,10.8543370782,9.84850852304,0.791637846431,-0.26374120833,-0.0853339250046,0.458862781174,0,1.86051387044,0
current_r2,1.225,10.8740016613,9.84168116988,0.786583324663,-0.273094126452,-0.0960655192346,0.452268093217,0,1.90780504117,0
current_r2,1.25,10.8935457556,9.83461594786,0.781763773158,-0.282608880606,-0.106517360429,0.446262499419,0,1.95189362558,0
current_r2,1.275,10.9129770211,9.82731033861,0.777250617063,-0.292224370262,-0.116682338957,0.440850851696,0,1.99232551668,0
current_r2,1.3,10.9323048464,9.81976350315,0.773113012306,-0.301873418414,-0.126550376005,0.436035584609,0,2.02868848462,0
current_r2,1.325,10.951540262,9.81197641026,0.76941662565,-0.311483715671,-0.136107930564,0.431816671781,0,2.06062125174,0
current_r2,1.35,10.9706958229,9.80395193682,0.766222435756,-0.320978937308,-0.145337551366,0.428191619171,0,2.08782115208,0
current_r2,1.375,10.9897854629,9.79569493675,0.76358560023,-0.330280003084,-0.154217494019,0.425155496676,0,2.11005005449,0
current_r2,1.4,11.0088243237,9.7872122757,0.761554431914,-0.339306441934,-0.162721424349,0.42270100825,0,2.12713831736,0
current_r2,1.425,11.0278285618,9.77851283025,0.760169523393,-0.347977817821,-0.170818229209,0.420818599388,0,2.13898664799,0
current_r2,1.45,11.0468151381,9.76960745101,0.759463052275,-0.356215169708,-0.178471955719,0.419496599595,0,2.14556585131,0
current_r2,1.475,11.0658015954,9.76050889056,0.759458291449,-0.363942417788,-0.185641898831,0.41872139627,0,2.14691456219,0
current_r2,1.5,11.0848058288,9.75123169831,0.760169338976,-0.371087690085,-0.192282854997,0.418477635478,0,2.14313515393,0
current_r2,1.525,11.1038458557,9.74179208512,0.761601072155,-0.377584527872,-0.198345556322,0.41874844431,0,2.13438809612,0
current_r2,1.55,11.1229395887,9.73220776174,0.763749320356,-0.383372934879,-0.203777294393,0.419515669047,0,2.12088509133,0
current_r2,1.575,11.1421046197,9.72249775566,0.766601241984,-0.388400243243,-0.208522735828,0.420760123101,0,2.10288135202,0
current_r2,1.6,11.1613580168,9.71268221121,0.77013588321,-0.392621778171,-0.212524922185,0.422461838721,0,2.08066738466,0
current_r2,1.625,11.180716139,9.7027821784,0.774324889995,-0.396001312511,-0.215726435408,0.424600316749,0,2.05456063135,0
current_r2,1.65,11.2001944726,9.69281939561,0.779133340955,-0.3985113114,-0.218070696863,0.427154769138,0,2.02489728396,0
current_r2,1.675,11.2198074892,9.68281607123,0.78452066658,-0.400132975266,-0.219503354433,0.430104349603,0,1.99202453688,0
current_r2,1.7,11.2395685297,9.67279466882,0.790441620323,-0.400856096377,-0.219973699422,0.433428368512,0,1.95629348785,0
current_r2,1.725,11.2594897115,9.66277770008,0.796847268702,-0.400678749521,-0.219436045284,0.437106488921,0,1.9180528372,0
current_r2,1.75,11.2795818607,9.65278752905,0.803685970597,-0.399606841228,-0.217850995202,0.441118901488,0,1.87764347813,0
current_r2,1.775,11.2998544687,9.64284619045,0.810904319982,-0.397653544171,-0.215186527092,0.445446476808,0,1.83539401831,0
current_r2,1.8,11.3203156695,9.63297522434,0.818448030936,-0.394838644096,-0.211418833398,0.450070894459,0,1.79161722835,0
current_r2,1.825,11.3409722382,9.62319552869,0.826262748696,-0.391187826109,-0.206532868763,0.454974748727,0,1.74660737631,0
current_r2,1.85,11.3618296076,9.61352723055,0.834294775363,-0.386731925533,-0.200522579772,0.46014163157,0,1.70063838069,0
current_r2,1.875,11.3828919002,9.6039895764,0.842491703358,-0.381506166152,-0.193390814789,0.465556193835,0,1.65396269555,0
current_r2,1.9,11.404161974,9.59460084126,0.850802953848,-0.375549405748,-0.185148935411,0.471204186171,0,1.60681083105,0
current_r2,1.925,11.4256414795,9.58537825612,0.859180220736,-0.368903405592,-0.175816171079,0.477072481304,0,1.55939140865,0
current_r2,1.95,11.4473309251,9.57633795268,0.867577823672,-0.361612137271,-0.165418772785,0.483149079577,0,1.51189165113,0
current_r2,1.975,11.4692297495,9.56749492426,0.875952975678,-0.353721136962,-0.153989029297,0.489423099726,0,1.46447821312,0
current_r2,2,11.4913363988,9.5588630014,0.884265972492,-0.345276914278,-0.141564209961,0.495884756912,0,1.4172982657,0
current_r2,2.025,11.5136484066,9.5504548409,0.892480311755,-0.336326420072,-0.128185492974,0.502525330005,0,1.37048075783,0
current_r2,2.05,11.5361624754,9.54228192652,0.900562750626,-0.326916575199,-0.113896928754,0.509337120037,0,1.32413778852,0
current_r2,2.075,11.5588745582,9.53435458001,0.90848331052,-0.317093860275,-0.0987444764633,0.51631340161,0,1.27836603362,0
current_r2,2.1,11.5817799391,9.52668198089,0.91621523746,-0.30690396484,-0.0827751397186,0.523448368958,0,1.23324818163,0
current_r2,2.125,11.6048733122,9.51927219357,0.923734926045,-0.296391493086,-0.0660362162686,0.530737078149,0,1.18885434237,0
current_r2,2.15,11.6281488576,9.51213220051,0.931021814465,-0.285599722401,-0.0485746669025,0.538175386801,0,1.14524340092,0
current_r2,2.175,11.651600314,9.50526794025,0.938058257219,-0.274570410361,-0.0304366014021,0.545759892481,0,1.10246429671,0
current_r2,2.2,11.6752210486,9.49868434911,0.944829381462,-0.263343645447,-0.0116668740692,0.553487870829,0,1.06055721406,0
current_r2,2.225,11.6990041219,9.4923854057,0.951322932082,-0.251957736603,0.00769122198254,0.561357214258,0,1.01955467596,0
current_r2,2.25,11.7229423496,9.48637417728,0.957529109855,-0.240449136776,0.0275961743054,0.56936637196,0,0.979482536971,0
current_r2,2.275,11.7470283598,9.48065286738,0.963440406302,-0.22885239576,0.0480083973817,0.577514291798,0,0.940360875035,0
current_r2,2.3,11.7712546457,9.47522286394,0.969051438178,-0.217200137876,0.0688903183005,0.585800364548,0,0.902204784229,0
current_r2,2.325,11.7956136153,9.47008478743,0.974358783939,-0.205523060408,0.0902064135129,0.594224370834,0,0.865025072785,0
current_r2,2.35,11.8200976359,9.4652385387,0.979360823992,-0.19384994902,0.111923207067,0.602786431008,0,0.828828872022,0
current_r2,2.375,11.8446797987,9.46068691533,0.983286509413,-0.182064934585,0.133991872198,0.611479982458,0,0.793752214947,0
current_r2,2.4,11.8693154942,9.45643456233,0.985427820926,-0.170094120253,0.156348781212,0.620291545883,0,0.759931015316,0
current_r2,2.425,11.894000415,9.45247796247,0.987396834161,-0.158263994291,0.17896817149,0.629221478108,0,0.727134128459,0
current_r2,2.45,11.9187303304,9.44881309015,0.9891966121,-0.146594892849,0.201826335914,0.638270538777,0,0.695351419565,0
current_r2,2.475,11.9435011132,9.44543546997,0.99083131313,-0.135104807173,0.224901492712,0.647439830823,0,0.664570769605,0
current_r2,2.5,11.9683087632,9.4423402318,0.992306001746,-0.123809526688,0.248173656678,0.656730745824,0,0.63477852903,0
current_r2,2.525,11.9931494251,9.43952216216,0.993626475905,-0.112722785544,0.271624513599,0.666144914094,0,0.605959888039,0
current_r2,2.55,12.0180194029,9.43697575192,0.994799111282,-0.101856409682,0.295237299223,0.67568415929,0,0.578099174716,0
current_r2,2.575,12.042915171,9.43469524037,0.995830722215,-0.0912204620333,0.318996683657,0.68535045732,0,0.551180091393,0
current_r2,2.6,12.0678333819,9.43267465577,0.996728438752,-0.0808233838877,0.342888661758,0.69514589928,0,0.525185898677,0
current_r2,2.625,12.0927708719,9.4309078525,0.997499598951,-0.0706721309434,0.366900449827,0.705072658164,0,0.500099555632,0
current_r2,2.65,12.1177246633,9.42938854493,0.99815165541,-0.060772302918,0.391020388715,0.715132959069,0,0.475903823643,0
current_r2,2.675,12.1426919657,9.42811033828,0.998692094903,-0.0511282659359,0.415237853321,0.725329052627,0,0.452581340651,0
current_r2,2.7,12.1676701749,9.4270667566,0.999128369952,-0.0417432672024,0.439543168331,0.735663191411,0,0.430114671578,0
current_r2,2.725,12.1926568709,9.42625126806,0.999467841153,-0.0326195417127,0.463927529999,0.74613760904,0,0.408486339997,0
current_r2,2.75,12.2176498142,9.42565730778,0.999717729116,-0.023758410951,0.488382933705,0.756754501764,0,0.387678845408,0
current_r2,2.775,12.242646941,9.42527829844,0.999885074931,-0.015160373693,0.512902106982,0.767516012292,0,0.367674669831,0
current_r2,2.8,12.2676463587,9.42510766871,0.999976708125,-0.00682518915543,0.53747844772,0.778424215647,0,0.348456276841,0
current_r2,2.825,12.2926463393,9.42513886989,0.999999221189,0.00124804716693,0.562105967202,0.789481106863,0,0.330006105679,0
current_r2,2.85,12.317645313,9.42536539076,0.999958949796,0.00906083456673,0.586779237669,0.800688590345,0,0.31230656258,0
current_r2,2.875,12.342641862,9.42578077087,0.99986195796,0.0166152046339,0.611493344088,0.812048470711,0,0.295340011089,0
current_r2,2.9,12.3676347127,9.42637861249,0.99971402743,0.0239136647244,0.63624383982,0.823562444993,0,0.279088762748,0
current_r2,2.925,12.3926227289,9.42715259116,0.999520650724,0.0309591468893,0.661026705903,0.835232096052,0,0.263535069261,0
current_r2,2.95,12.4176049046,9.42809646521,0.999287027266,0.0377549617692,0.685838313664,0.847058887082,0,0.248661116932,0
current_r2,2.975,12.4425803562,9.42920408413,0.999018062154,0.0443047569665,0.710675390408,0.859044157114,0,0.234449023977,0
current_r2,3,12.4675483153,9.43046939612,0.998718367172,0.0506124794319,0.735534987937,0.871189117411,0,0.220880841086,0
current_r2,3.025,12.4925081219,9.43188645465,0.998392263677,0.0566823414228,0.760414453673,0.883494848682,0,0.207938555447,0
current_r2,3.05,12.5174592166,9.43344942439,0.998043787087,0.0625187896244,0.785311404179,0.895962299029,0,0.195604098308,0
current_r2,3.075,12.5424011339,9.43515258632,0.997676692684,0.0681264770536,0.810223700874,0.908592282584,0,0.183859356015,0
current_r2,3.1,12.5673334955,9.43699034225,0.997294462532,0.0735102374024,0.835149427778,0.921385478755,0,0.17268618439,0
current_r2,3.125,12.5922560033,9.43895721879,0.996900313319,0.0786750615105,0.860086871106,0.934342432048,0,0.162066426209,0
current_r2,3.15,12.6171684334,9.44104787068,0.996497204946,0.0836260756902,0.885034500576,0.94746355241,0,0.151981931493,0
current_r2,3.175,12.6420706297,9.44325708372,0.99608784973,0.088368521663,0.909990952279,0.960749116063,0,0.142414580276,0
current_r2,3.2,12.6669624977,9.44557977717,0.995674722105,0.0929077378959,0.934955012994,0.974199266784,0,0.133346307471,0
current_r2,3.225,12.6918439995,9.44801100573,0.995260068701,0.0972491421562,0.959925605822,0.987814017603,0,0.124759129448,0
current_r2,3.25,12.7167151474,9.4505459611,0.994845918707,0.101398215134,0.984901777049,1.00159325289,0,0.116635171913,0
current_r2,3.275,12.7415759998,9.45317997323,0.994434094447,0.105360485005,1.00988268412,1.0155367308,0,0.108956698679,0
current_r2,3.3,12.7664266553,9.45590851105,0.994026222078,0.109141512828,1.03486758464,1.02964408603,0,0.101706140939,0
current_r2,3.325,12.7912672489,9.45872718302,0.993623742342,0.112746878693,1.05985582635,1.04391483294,0,0.0948661266373,0
current_r2,3.35,12.8160979469,9.46163173723,0.993227921328,0.11618216857,1.08484683796,1.0583483689,0,0.0884195095825,0
current_r2,3.375,12.8409189435,9.46461806128,0.992839861167,0.11945296178,1.10984012074,1.07294397788,0,0.082349397953,0
current_r2,3.4,12.8657304562,9.46768218175,0.99246051061,0.122564819092,1.13483524099,1.08770083436,0,0.0766391818756,0
current_r2,3.425,12.8905327231,9.47082026354,0.992090675462,0.12552327139,1.15983182304,1.10261800737,0,0.0712725597922,0
current_r2,3.45,12.9153259988,9.47402860876,0.991731028802,0.128333808916,1.18482954293,1.11769446473,0,0.066233563362,0
current_r2,3.475,12.9401105519,9.47730365554,0.991382120968,0.131001871075,1.20982812276,1.13292907748,0,0.0615065806785,0
current_r2,3.5,12.9648866616,9.48064197646,0.991044389265,0.133532836807,1.23482732544,1.14832062446,0,0.0570763776173,0
current_r2,3.525,12.9896546158,9.48404027685,0.990718167369,0.135932015523,1.25982694999,1.16386779692,0,0.0529281171668,0
current_r2,3.55,13.0144147081,9.48749539281,0.990403694392,0.138204638618,1.28482682733,1.17956920333,0,0.0490473766269,0
current_r2,3.575,13.0391672362,9.4910042891,0.990101123589,0.140355851565,1.30982681639,1.19542337422,0,0.0454201625958,0
current_r2,3.6,13.0639124995,9.49456405677,0.989810530695,0.142390706598,1.33482680074,1.211428767,0,0.0420329236953,0
current_r2,3.625,13.0886507975,9.49817191067,0.98953192186,0.144314155997,1.35982668538,1.22758377096,0,0.0388725610186,0
current_r2,3.65,13.1133824286,9.50182518682,0.989265241179,0.146131045966,1.38482639405,1.24388671209,0,0.0359264363083,0
current_r2,3.675,13.138107688,9.50552133959,0.989010377814,0.147846111131,1.4098258667,1.26033585805,0,0.0331823779014,0
current_r2,3.7,13.1628268673,9.50925793883,0.988767172686,0.149463969636,1.43482505724,1.27692942297,0,0.0306286845001,0
current_r2,3.725,13.1875402529,9.51303266681,0.988535424752,0.150989118847,1.45982393161,1.2936655723,0,0.0282541268454,0
current_r2,3.75,13.2122481254,9.5168433151,0.988314896862,0.152425931656,1.48482246599,1.31054242755,0,0.0260479473912,0
current_r2,3.775,13.2369507584,9.52068778143,0.98810532119,0.153778653381,1.50982064524,1.3275580709,0,0.023999858089,0
current_r2,3.8,13.2616484185,9.52456406641,0.987906404268,0.155051399241,1.53481846152,1.34471054979,0,0.022100036405,0
current_r2,3.825,13.2863413643,9.52847027022,0.987717831606,0.1562481524,1.55981591311,1.3619978813,0,0.0203391197024,0
current_r2,3.85,13.3110298461,9.53240458929,0.987539271931,0.157372762555,1.58481300332,1.37941805653,0,0.018708198126,0
current_r2,3.875,13.3357141056,9.53636531291,0.987370381047,0.158428945055,1.60980973955,1.39696904468,0,0.017198806132,0
current_r2,3.9,13.3603943757,9.54035081993,0.987210805329,0.15942028052,1.63480613251,1.41464879715,0,0.0158029128074,0
current_r2,3.925,13.3850708804,9.5443595753,0.987060184877,0.160350214939,1.65980219551,1.43245525134,0,0.0145129111234,0
current_r2,3.95,13.4097438343,9.5483901268,0.986918156333,0.161222060217,1.68479794383,1.45038633435,0,0.0133216062655,0
current_r2,3.975,13.4344134432,9.55244110168,0.986784355395,0.162038995145,1.70979339425,1.46843996656,0,0.0122222031795,0
current_r2,4,13.4590799036,9.55651120335,0.986658419032,0.162804066762,1.73478856456,1.48661406494,0,0.0112082934685,0
current_r2,4.025,13.4837434033,9.56059920815,0.986539987423,0.163520192074,1.75978347322,1.50490654627,0,0.0102738417682,0
current_r2,4.05,13.508404121,9.56470396216,0.986428705647,0.164190160104,1.78477813903,1.52331533009,0,0.00941317172545,0
current_r2,4.075,13.5330622266,9.56882437801,0.98632422513,0.164816634237,1.80977258084,1.54183834161,0,0.00862095169144,0
current_r2,4.1,13.5577178817,9.57295943188,0.986226204872,0.165402154834,1.83476681739,1.56047351428,0,0.0078921802383,0
current_r2,4.125,13.5823712395,9.57710816044,0.986134312477,0.165949142075,1.85976086709,1.57921879234,0,0.0072221715965,0
current_r2,4.15,13.6070224452,9.58126965791,0.986048224998,0.16645989901,1.8847547479,1.59807213306,0,0.00660654110296,0
current_r2,4.175,13.6316716359,9.58544307328,0.985967629613,0.166936614783,1.90974847719,1.61703150894,0,0.00604119074088,0
current_r2,4.2,13.6563189415,9.58962760748,0.985892224154,0.167381368,1.93474207168,1.63609490962,0,0.00552229484373,0
current_r2,4.225,13.6809644844,9.59382251074,0.985821717494,0.167796130219,1.95973554738,1.65526034372,0,0.00504628602765,0
current_r2,4.25,13.7056083802,9.59802707997,0.985755829825,0.168182769528,1.98472891952,1.67452584048,0,0.00460984140813,0
current_r2,4.275,13.7302507375,9.60224065633,0.985694292812,0.168543054196,2.00972220254,1.69388945126,0,0.00420986914903,0
current_r2,4.3,13.7548916587,9.60646262274,0.985636849668,0.168878656369,2.03471541007,1.71334925088,0,0.00384349538492,0
current_r2,4.325,13.7795312401,9.61069240163,0.985583255136,0.169191155787,2.05970855491,1.73290333887,0,0.00350805155018,0
current_r2,4.35,13.804169572,9.61492945272,0.985533275404,0.169482043507,2.08470164908,1.7525498405,0,0.00320106214226,0
current_r2,4.375,13.8288067392,9.61917327086,0.985486687959,0.169752725622,2.10969470377,1.77228690774,0,0.00292023294032,0
current_r2,4.4,13.8534428212,9.62342338403,0.985443281382,0.170004526938,2.13468772941,1.79211272013,0,0.00266343969465,0
current_r2,4.425,13.8780778926,9.6276793514,0.985402855108,0.170238694617,2.15968073568,1.81202548542,0,0.00242871729779,0
current_r2,4.45,13.9027120231,9.63194076144,0.985365219143,0.170456401765,2.18467373151,1.83202344026,0,0.00221424944321,0
current_r2,4.475,13.9273452779,9.63620723022,0.985330193755,0.170658750944,2.20966672515,1.85210485064,0,0.00201835877359,0
current_r2,4.5,13.9519777182,9.64047839966,0.98529760914,0.17084677762,2.23465972418,1.87226801231,0,0.00183949751733,0
current_r2,4.525,13.9766094008,9.644753936,0.985267305069,0.171021453514,2.25965273553,1.89251125113,0,0.0016762386082,0
current_r2,4.55,14.0012403791,9.64903352824,0.985239130528,0.171183689869,2.28464576555,1.91283292325,0,0.00152726728115,0
current_r2,4.575,14.0258707026,9.65331688676,0.985212943341,0.171334340611,2.30963882001,1.93323141531,0,0.00139137313418,0
current_r2,4.6,14.0505004179,9.65760374189,0.985188609798,0.171474205421,2.33463190415,1.95370514454,0,0.00126744264473,0
current_r2,4.625,14.075129568,9.66189384271,0.985166004269,0.171604032683,2.35962502271,1.9742525587,0,0.00115445212733,0
current_r2,4.65,14.0997581932,9.66618695577,0.985145008833,0.171724522335,2.38461817996,1.99487213615,0,0.00105146111777,0
current_r2,4.675,14.124386331,9.67048286398,0.985125512902,0.171836328607,2.40961137972,2.01556238564,0,0.000957606168275,0
current_r2,4.7,14.1490140164,9.67478136555,0.985107412852,0.171940062649,2.43460462543,2.03632184625,0,0.000872095037325,0
current_r2,4.725,14.1736412816,9.67908227293,0.985090611664,0.172036295039,2.45959792012,2.05714908715,0,0.000794201257105,0
current_r2,4.75,14.1982681571,9.68338541188,0.985075018574,0.172125558189,2.48459126648,2.07804270736,0,0.000723259061483,0
current_r2,4.775,14.2228946708,9.6876906206,0.985060548727,0.172208348639,2.5095846669,2.09900133552,0,0.000658658657069,0
current_r2,4.8,14.2475208489,9.69199774883,0.985047122854,0.172285129238,2.53457812343,2.12002362951,0,0.000599841819991,0
current_r2,4.825,14.2721467156,9.69630665711,0.985034666947,0.172356331224,2.55957163786,2.1411082762,0,0.000546297801174,0
current_r2,4.85,14.2967722934,9.70061721601,0.985023111955,0.172422356193,2.58456521174,2.16225399099,0,0.000497559523132,0
current_r2,4.875,14.3213976032,9.70492930546,0.98501239349,0.172483577973,2.60955884636,2.1834595175,0,0.000453200051652,0
current_r2,4.9,14.3460226645,9.70924281407,0.985002451549,0.172540344392,2.63455254281,2.20472362711,0,0.000412829326162,0
current_r2,4.925,14.3706474953,9.71355763855,0.984993230238,0.172592978959,2.65954630199,2.22604511856,0,0.000376091133098,0
current_r2,4.95,14.3952721122,9.71787368311,0.984984677523,0.172641782443,2.6845401246,2.24742281751,0,0.000342660307083,0
current_r2,4.975,14.4198965308,9.72219085897,0.984976744984,0.172687034371,2.70953401121,2.26885557604,0,0.000312240145356,0
current_r2,5,14.4445207655,9.72650908383,0.984969387586,0.172728994435,2.7345279622,2.29034227226,0,0.000284560021475,0
current_r2,5.025,14.4691448296,9.73082828142,0.984962563457,0.172767903814,2.75952197786,2.31188180977,0,0.00025937318495,0
current_r2,5.05,14.4937687354,9.73514838108,0.984956233684,0.17280398643,2.78451605832,2.3334731172,0,0.000236454734111,0
current_r2,5.075,14.5183924945,9.73946931734,0.984950362119,0.172837450115,2.80951020361,2.35511514775,0,0.000215599750142,0
current_r2,5.1,14.5430161174,9.74379102953,0.984944915189,0.172868487711,2.83450441369,2.37680687865,0,0.000196621580869,0
current_r2,5.125,14.5676396139,9.74811346148,0.98493986173,0.172897278105,2.85949868838,2.39854731074,0,0.000179350263516,0
current_r2,5.15,14.5922629932,9.75243656116,0.984935172817,0.172923987199,2.88449302746,2.42033546791,0,0.00016363107626,0
current_r2,5.175,14.6168862638,9.75676028038,0.984930821615,0.172948768809,2.90948743062,2.44217039663,0,0.000149323209021,0
current_r2,5.2,14.6415094334,9.76108457452,0.984926783234,0.172971765521,2.9344818975,2.4640511655,0,0.000136298544531,0
current_r2,5.225,14.6661325092,9.76540940226,0.984923034593,0.172993109479,2.95947642765,2.48597686472,0,0.000124440541257,0
current_r2,5.25,14.6907554981,9.76973472534,0.984919554294,0.173012923129,2.98447102062,2.50794660562,0,0.00011364321034,0
current_r2,5.275,14.7153784061,9.77406050833,0.984916322502,0.173031319908,3.00946567587,2.52995952018,0,0.000103810179193,0
current_r2,5.3,14.7400012392,9.77838671846,0.984913320838,0.173048404892,3.03446039284,2.55201476056,0,9.4853834945e-05,0
current_r2,5.325,14.7646240025,9.78271332534,0.984910532272,0.173064275399,3.05945517095,2.57411149865,0,8.66945413447e-05,0
current_r2,5.35,14.789246701,9.78704030088,0.984907941028,0.173079021548,3.08445000956,2.59624892556,0,7.92599232311e-05,0
current_r2,5.375,14.8138693393,9.79136761905,0.984905532493,0.173092726781,3.10944490803,2.61842625124,0,7.24842130726e-05,0
current_r2,5.4,14.8384919216,9.79569525576,0.984903293134,0.173105468356,3.13443986569,2.64064270394,0,6.63076544931e-05,0
current_r2,5.425,14.8631144519,9.8000231887,0.984901210417,0.173117317792,3.15943488185,2.66289752985,0,6.06759580793e-05,0
current_r2,5.45,14.8877369337,9.80435139723,0.984899272738,0.173128341296,3.1844299558,2.68518999263,0,5.55398051133e-05,0
current_r2,5.475,14.9123593704,9.80867986224,0.984897469352,0.173138600154,3.20942508683,2.70751937298,0,5.0854395214e-05,0
current_r2,5.5,14.9369817652,9.81300856602,0.984895790311,0.173148151093,3.23442027421,2.72988496822,0,4.65790341753e-05,0
current_r2,5.525,14.9616041209,9.81733749218,0.984894226405,0.173157046622,3.25941551722,2.75228609192,0,4.26767585839e-05,0
current_r2,5.55,14.9862264401,9.82166662557,0.984892769105,0.173165335346,3.2844108151,2.77472207346,0,3.91139940683e-05,0
current_r2,5.575,15.0108487254,9.82599595212,0.984891410517,0.173173062255,3.30940616713,2.79719225762,0,3.58602442819e-05,0
current_r2,5.6,15.0354709789,9.83032545885,0.98489014333,0.173180268999,3.33440157256,2.81969600427,0,3.2887807958e-05,0
current_r2,5.625,15.060093203,9.8346551337,0.984888960778,0.173186994137,3.35939703064,2.8422326879,0,3.01715215904e-05,0
current_r2,5.65,15.0847153994,9.83898496553,0.98488785659,0.173193273372,3.38439254063,2.86480169734,0,2.76885254964e-05,0
current_r2,5.675,15.10933757,9.84331494403,0.984886824962,0.173199139766,3.4093881018,2.88740243532,0,2.54180512012e-05,0
current_r2,5.7,15.1339597165,9.84764505963,0.984885860517,0.173204623941,3.4343837134,2.91003431819,0,2.33412282593e-05,0
current_r2,5.725,15.1585818405,9.85197530348,0.98488495827,0.173209754268,3.45937937471,2.93269677553,0,2.14409087837e-05,0
current_r2,5.75,15.1832039433,9.85630566741,0.984884113605,0.173214557036,3.48437508499,2.95538924982,0,1.9701508102e-05,0
current_r2,5.775,15.2078260264,9.86063614382,0.984883322239,0.173219056619,3.50937084352,2.97811119614,0,1.81088600922e-05,0
current_r2,5.8,15.2324480909,9.86496672572,0.984882580201,0.173223275618,3.5343666496,3.00086208182,0,1.66500858768e-05,0
current_r2,5.825,15.257070138,9.86929740659,0.984881883807,0.173227235007,3.5593625025,3.02364138616,0,1.53134746661e-05,0
current_r2,5.85,15.2816921687,9.87362818045,0.984881229635,0.173230954258,3.58435840154,3.04644860009,0,1.40883756481e-05,0
current_r2,5.875,15.3063141841,9.87795904173,0.984880614504,0.173234451463,3.60935434602,3.06928322591,0,1.2965099919e-05,0
current_r2,5.9,15.330936185,9.88228998532,0.984880035458,0.17323774345,3.63435033525,3.09214477697,0,1.1934831534e-05,0
current_r2,5.925,15.3555581722,9.88662100647,0.984879489743,0.173240845885,3.65934636856,3.11503277743,0,1.09895468444e-05,0
current_r2,5.95,15.3801801466,9.8909521008,0.984878974792,0.173243773372,3.68434244527,3.13794676192,0,1.01219413547e-05,0
current_r2,5.975,15.4048021088,9.89528326429,0.984878488208,0.17324653955,3.70933856475,3.16088627536,0,9.32536340869e-06,0
current_r2,6,15.4294240595,9.89961449322,0.984878027745,0.173249157184,3.73433472632,3.18385087262,0,8.59375406875e-06,0
current_r2,6.025,15.4540459992,9.90394578418,0.9848775913,0.173251638246,3.75933092936,3.20684011833,0,7.92159261586e-06,0
current_r2,6.05,15.4786679287,9.90827713403,0.984877176891,0.173253994007,3.78432717323,3.22985358658,0,7.3038471451e-06,0
current_r2,6.075,15.5032898482,9.9126085399,0.984876782645,0.173256235115,3.80932345731,3.25289086071,0,6.73592978185e-06,0
current_r2,6.1,15.5279117584,9.9169399992,0.984876406785,0.173258371682,3.83431978099,3.2759515331,0,6.21365608621e-06,0
current_r2,6.125,15.5525336596,9.92127150953,0.984876047612,0.17326041337,3.85931614366,3.29903520486,0,5.73320825301e-06,0
current_r2,6.15,15.5771555522,9.92560306877,0.984875703488,0.173262369483,3.88431254473,3.32214148571,0,5.29110175103e-06,0
current_r2,6.175,15.6017774365,9.92993467499,0.984875372823,0.17326424907,3.90930898362,3.34526999367,0,4.88415507783e-06,0
current_r2,6.2,15.6263993129,9.93426632652,0.984875054051,0.17326606104,3.93430545975,3.36842035494,0,4.50946233688e-06,0
current_r2,6.225,15.6510211815,9.93859802188,0.984874745604,0.173267814297,3.95930197255,3.39159220359,0,4.1643683706e-06,0
current_r2,6.25,15.6756430426,9.94292975982,0.984874445888,0.173269517908,3.98429852145,3.41478518145,0,3.84644620844e-06,0
current_r2,6.275,15.7002648965,9.94726153936,0.984874153241,0.173271181323,4.00929510592,3.43799893786,0,3.55347661104e-06,0
current_r2,6.3,15.7248867431,9.95159335972,0,0,4.0342917254,3.46123312948,0,0,1
current_r2,6.325,15.7248867431,9.95159335972,0,0,4.0342917254,3.46123312948,0,0,1
current_r2,6.35,15.7248867431,9.95159335972,0,0,4.0342917254,3.46123312948,0,0,1
current_r2,6.375,15.7248867431,9.95159335972,0,0,4.0342917254,3.46123312948,0,0,1
current_r2,6.4,15.7248867431,9.95159335972,0,0,4.0342917254,3.46123312948,0,0,1
current_r2,6.425,15.7248867431,9.95159335972,0,0,4.0342917254,3.46123312948,0,0,1
current_r2,6.45,15.7248867431,9.95159335972,0,0,4.0342917254,3.46123312948,0,0,1
current_r2,6.475,15.7248867431,9.95159335972,0,0,4.0342917254,3.46123312948,0,0,1
current_r2,6.5,15.7248867431,9.95159335972,0,0,4.0342917254,3.46123312948,0,0,1
current_r2,6.525,15.7248867431,9.95159335972,0,0,4.0342917254,3.46123312948,0,0,1
current_r2,6.55,15.7248867431,9.95159335972,0,0,4.0342917254,3.46123312948,0,0,1
current_r2,6.575,15.7248867431,9.95159335972,0,0,4.0342917254,3.46123312948,0,0,1
current_r2,6.6,15.7248867431,9.95159335972,0,0,4.0342917254,3.46123312948,0,0,1
current_r2,6.625,15.7248867431,9.95159335972,0,0,4.0342917254,3.46123312948,0,0,1
current_r2,6.65,15.7248867431,9.95159335972,0,0,4.0342917254,3.46123312948,0,0,1
current_r2,6.675,15.7248867431,9.95159335972,0,0,4.0342917254,3.46123312948,0,0,1
current_r2,6.7,15.7248867431,9.95159335972,0,0,4.0342917254,3.46123312948,0,0,1
current_r2,6.725,15.7248867431,9.95159335972,0,0,4.0342917254,3.46123312948,0,0,1
current_r2,6.75,15.7248867431,9.95159335972,0,0,4.0342917254,3.46123312948,0,0,1
current_r2,6.775,15.7248867431,9.95159335972,0,0,4.0342917254,3.46123312948,0,0,1
current_r2,6.8,15.7248867431,9.95159335972,0,0,4.0342917254,3.46123312948,0,0,1
current_r2,6.825,15.7248867431,9.95159335972,0,0,4.0342917254,3.46123312948,0,0,1
current_r2,6.85,15.7248867431,9.95159335972,0,0,4.0342917254,3.46123312948,0,0,1
current_r2,6.875,15.7248867431,9.95159335972,0,0,4.0342917254,3.46123312948,0,0,1
current_r2,6.9,15.7248867431,9.95159335972,0,0,4.0342917254,3.46123312948,0,0,1
current_r2,6.925,15.7248867431,9.95159335972,0,0,4.0342917254,3.46123312948,0,0,1
current_r2,6.95,15.7248867431,9.95159335972,0,0,4.0342917254,3.46123312948,0,0,1
current_r2,6.975,15.7248867431,9.95159335972,0,0,4.0342917254,3.46123312948,0,0,1
current_r2,7,15.7248867431,9.95159335972,0,0,4.0342917254,3.46123312948,0,0,1
current_r2,7.025,15.7248867431,9.95159335972,0,0,4.0342917254,3.46123312948,0,0,1
current_r2,7.05,15.7248867431,9.95159335972,0,0,4.0342917254,3.46123312948,0,0,1
current_r2,7.075,15.7248867431,9.95159335972,0,0,4.0342917254,3.46123312948,0,0,1
current_r2,7.1,15.7248867431,9.95159335972,0,0,4.0342917254,3.46123312948,0,0,1
current_r2,7.125,15.7248867431,9.95159335972,0,0,4.0342917254,3.46123312948,0,0,1
current_r2,7.15,15.7248867431,9.95159335972,0,0,4.0342917254,3.46123312948,0,0,1
current_r2,7.175,15.7248867431,9.95159335972,0,0,4.0342917254,3.46123312948,0,0,1
current_r2,7.2,15.7248867431,9.95159335972,0,0,4.0342917254,3.46123312948,0,0,1
current_r2,7.225,15.7248867431,9.95159335972,0,0,4.0342917254,3.46123312948,0,0,1
current_r2,7.25,15.7248867431,9.95159335972,0,0,4.0342917254,3.46123312948,0,0,1
current_r2,7.275,15.7248867431,9.95159335972,0,0,4.0342917254,3.46123312948,0,0,1
current_r2,7.3,15.7248867431,9.95159335972,0,0,4.0342917254,3.46123312948,0,0,1
current_r2,7.325,15.7248867431,9.95159335972,0,0,4.0342917254,3.46123312948,0,0,1
current_r2,7.35,15.7248867431,9.95159335972,0,0,4.0342917254,3.46123312948,0,0,1
current_r2,7.375,15.7248867431,9.95159335972,0,0,4.0342917254,3.46123312948,0,0,1
current_r2,7.4,15.7248867431,9.95159335972,0,0,4.0342917254,3.46123312948,0,0,1
current_r2,7.425,15.7248867431,9.95159335972,0,0,4.0342917254,3.46123312948,0,0,1
current_r2,7.45,15.7248867431,9.95159335972,0,0,4.0342917254,3.46123312948,0,0,1
current_r2,7.475,15.7248867431,9.95159335972,0,0,4.0342917254,3.46123312948,0,0,1
current_r2,7.5,15.7248867431,9.95159335972,0,0,4.0342917254,3.46123312948,0,0,1
current_r2,7.525,15.7248867431,9.95159335972,0,0,4.0342917254,3.46123312948,0,0,1
current_r2,7.55,15.7248867431,9.95159335972,0,0,4.0342917254,3.46123312948,0,0,1
current_r2,7.575,15.7248867431,9.95159335972,0,0,4.0342917254,3.46123312948,0,0,1
current_r2,7.6,15.7248867431,9.95159335972,0,0,4.0342917254,3.46123312948,0,0,1
current_r2,7.625,15.7248867431,9.95159335972,0,0,4.0342917254,3.46123312948,0,0,1
current_r2,7.65,15.7248867431,9.95159335972,0,0,4.0342917254,3.46123312948,0,0,1
current_r2,7.675,15.7248867431,9.95159335972,0,0,4.0342917254,3.46123312948,0,0,1
current_r2,7.7,15.7248867431,9.95159335972,0,0,4.0342917254,3.46123312948,0,0,1
current_r2,7.725,15.7248867431,9.95159335972,0,0,4.0342917254,3.46123312948,0,0,1
current_r2,7.75,15.7248867431,9.95159335972,0,0,4.0342917254,3.46123312948,0,0,1
current_r2,7.775,15.7248867431,9.95159335972,0,0,4.0342917254,3.46123312948,0,0,1
current_r2,7.8,15.7248867431,9.95159335972,0,0,4.0342917254,3.46123312948,0,0,1
current_r2,7.825,15.7248867431,9.95159335972,0,0,4.0342917254,3.46123312948,0,0,1
current_r2,7.85,15.7248867431,9.95159335972,0,0,4.0342917254,3.46123312948,0,0,1
current_r2,7.875,15.7248867431,9.95159335972,0,0,4.0342917254,3.46123312948,0,0,1
current_r2,7.9,15.7248867431,9.95159335972,0,0,4.0342917254,3.46123312948,0,0,1
current_r2,7.925,15.7248867431,9.95159335972,0,0,4.0342917254,3.46123312948,0,0,1
current_r2,7.95,15.7248867431,9.95159335972,0,0,4.0342917254,3.46123312948,0,0,1
current_r2,7.975,15.7248867431,9.95159335972,0,0,4.0342917254,3.46123312948,0,0,1
current_r2,8,15.7248867431,9.95159335972,0,0,4.0342917254,3.46123312948,0,0,1
current_r2,8.025,15.7248867431,9.95159335972,0,0,4.0342917254,3.46123312948,0,0,1
current_r2,8.05,15.7248867431,9.95159335972,0,0,4.0342917254,3.46123312948,0,0,1
current_r2,8.075,15.7248867431,9.95159335972,0,0,4.0342917254,3.46123312948,0,0,1
current_r2,8.1,15.7248867431,9.95159335972,0,0,4.0342917254,3.46123312948,0,0,1
current_r2,8.125,15.7248867431,9.95159335972,0,0,4.0342917254,3.46123312948,0,0,1
current_r2,8.15,15.7248867431,9.95159335972,0,0,4.0342917254,3.46123312948,0,0,1
current_r2,8.175,15.7248867431,9.95159335972,0,0,4.0342917254,3.46123312948,0,0,1
current_r2,8.2,15.7248867431,9.95159335972,0,0,4.0342917254,3.46123312948,0,0,1
current_r2,8.225,15.7248867431,9.95159335972,0,0,4.0342917254,3.46123312948,0,0,1
current_r2,8.25,15.7248867431,9.95159335972,0,0,4.0342917254,3.46123312948,0,0,1
current_r2,8.275,15.7248867431,9.95159335972,0,0,4.0342917254,3.46123312948,0,0,1
current_r2,8.3,15.7248867431,9.95159335972,0,0,4.0342917254,3.46123312948,0,0,1
current_r2,8.325,15.7248867431,9.95159335972,0,0,4.0342917254,3.46123312948,0,0,1
current_r2,8.35,15.7248867431,9.95159335972,0,0,4.0342917254,3.46123312948,0,0,1
current_r2,8.375,15.7248867431,9.95159335972,0,0,4.0342917254,3.46123312948,0,0,1
current_r2,8.4,15.7248867431,9.95159335972,0,0,4.0342917254,3.46123312948,0,0,1
current_r2,8.425,15.7248867431,9.95159335972,0,0,4.0342917254,3.46123312948,0,0,1
current_r2,8.45,15.7248867431,9.95159335972,0,0,4.0342917254,3.46123312948,0,0,1
current_r2,8.475,15.7248867431,9.95159335972,0,0,4.0342917254,3.46123312948,0,0,1
current_r2,8.5,15.7248867431,9.95159335972,0,0,4.0342917254,3.46123312948,0,0,1
current_r2,8.525,15.7248867431,9.95159335972,0,0,4.0342917254,3.46123312948,0,0,1
current_r2,8.55,15.7248867431,9.95159335972,0,0,4.0342917254,3.46123312948,0,0,1
current_r2,8.575,15.7248867431,9.95159335972,0,0,4.0342917254,3.46123312948,0,0,1
current_r2,8.6,15.7248867431,9.95159335972,0,0,4.0342917254,3.46123312948,0,0,1
current_r2,8.625,15.7248867431,9.95159335972,0,0,4.0342917254,3.46123312948,0,0,1
current_r2,8.65,15.7248867431,9.95159335972,0,0,4.0342917254,3.46123312948,0,0,1
current_r2,8.675,15.7248867431,9.95159335972,0,0,4.0342917254,3.46123312948,0,0,1
current_r2,8.7,15.7248867431,9.95159335972,0,0,4.0342917254,3.46123312948,0,0,1
current_r2,8.725,15.7248867431,9.95159335972,0,0,4.0342917254,3.46123312948,0,0,1
current_r2,8.75,15.7248867431,9.95159335972,0,0,4.0342917254,3.46123312948,0,0,1
current_r2,8.775,15.7248867431,9.95159335972,0,0,4.0342917254,3.46123312948,0,0,1
current_r2,8.8,15.7248867431,9.95159335972,0,0,4.0342917254,3.46123312948,0,0,1
current_r2,8.825,15.7248867431,9.95159335972,0,0,4.0342917254,3.46123312948,0,0,1
current_r2,8.85,15.7248867431,9.95159335972,0,0,4.0342917254,3.46123312948,0,0,1
current_r2,8.875,15.7248867431,9.95159335972,0,0,4.0342917254,3.46123312948,0,0,1
current_r2,8.9,15.7248867431,9.95159335972,0,0,4.0342917254,3.46123312948,0,0,1
current_r2,8.925,15.7248867431,9.95159335972,0,0,4.0342917254,3.46123312948,0,0,1
current_r2,8.95,15.7248867431,9.95159335972,0,0,4.0342917254,3.46123312948,0,0,1
current_r2,8.975,15.7248867431,9.95159335972,0,0,4.0342917254,3.46123312948,0,0,1
current_r2,9,15.7248867431,9.95159335972,0,0,4.0342917254,3.46123312948,0,0,1
current_r2,9.025,15.7248867431,9.95159335972,0,0,4.0342917254,3.46123312948,0,0,1
current_r2,9.05,15.7248867431,9.95159335972,0,0,4.0342917254,3.46123312948,0,0,1
current_r2,9.075,15.7248867431,9.95159335972,0,0,4.0342917254,3.46123312948,0,0,1
current_r2,9.1,15.7248867431,9.95159335972,0,0,4.0342917254,3.46123312948,0,0,1
current_r2,9.125,15.7248867431,9.95159335972,0,0,4.0342917254,3.46123312948,0,0,1
current_r2,9.15,15.7248867431,9.95159335972,0,0,4.0342917254,3.46123312948,0,0,1
current_r2,9.175,15.7248867431,9.95159335972,0,0,4.0342917254,3.46123312948,0,0,1
current_r2,9.2,15.7248867431,9.95159335972,0,0,4.0342917254,3.46123312948,0,0,1
current_r2,9.225,15.7248867431,9.95159335972,0,0,4.0342917254,3.46123312948,0,0,1
current_r2,9.25,15.7248867431,9.95159335972,0,0,4.0342917254,3.46123312948,0,0,1
current_r2,9.275,15.7248867431,9.95159335972,0,0,4.0342917254,3.46123312948,0,0,1
current_r2,9.3,15.7248867431,9.95159335972,0,0,4.0342917254,3.46123312948,0,0,1
current_r2,9.325,15.7248867431,9.95159335972,0,0,4.0342917254,3.46123312948,0,0,1
current_r2,9.35,15.7248867431,9.95159335972,0,0,4.0342917254,3.46123312948,0,0,1
current_r2,9.375,15.7248867431,9.95159335972,0,0,4.0342917254,3.46123312948,0,0,1
current_r2,9.4,15.7248867431,9.95159335972,0,0,4.0342917254,3.46123312948,0,0,1
current_r2,9.425,15.7248867431,9.95159335972,0,0,4.0342917254,3.46123312948,0,0,1
current_r2,9.45,15.7248867431,9.95159335972,0,0,4.0342917254,3.46123312948,0,0,1
current_r2,9.475,15.7248867431,9.95159335972,0,0,4.0342917254,3.46123312948,0,0,1
current_r2,9.5,15.7248867431,9.95159335972,0,0,4.0342917254,3.46123312948,0,0,1
current_r2,9.525,15.7248867431,9.95159335972,0,0,4.0342917254,3.46123312948,0,0,1
current_r2,9.55,15.7248867431,9.95159335972,0,0,4.0342917254,3.46123312948,0,0,1
current_r2,9.575,15.7248867431,9.95159335972,0,0,4.0342917254,3.46123312948,0,0,1
current_r2,9.6,15.7248867431,9.95159335972,0,0,4.0342917254,3.46123312948,0,0,1
current_r2,9.625,15.7248867431,9.95159335972,0,0,4.0342917254,3.46123312948,0,0,1
current_r2,9.65,15.7248867431,9.95159335972,0,0,4.0342917254,3.46123312948,0,0,1
current_r2,9.675,15.7248867431,9.95159335972,0,0,4.0342917254,3.46123312948,0,0,1
current_r2,9.7,15.7248867431,9.95159335972,0,0,4.0342917254,3.46123312948,0,0,1
current_r2,9.725,15.7248867431,9.95159335972,0,0,4.0342917254,3.46123312948,0,0,1
current_r2,9.75,15.7248867431,9.95159335972,0,0,4.0342917254,3.46123312948,0,0,1
current_r2,9.775,15.7248867431,9.95159335972,0,0,4.0342917254,3.46123312948,0,0,1
current_r2,9.8,15.7248867431,9.95159335972,0,0,4.0342917254,3.46123312948,0,0,1
current_r2,9.825,15.7248867431,9.95159335972,0,0,4.0342917254,3.46123312948,0,0,1
current_r2,9.85,15.7248867431,9.95159335972,0,0,4.0342917254,3.46123312948,0,0,1
current_r2,9.875,15.7248867431,9.95159335972,0,0,4.0342917254,3.46123312948,0,0,1
current_r2,9.9,15.7248867431,9.95159335972,0,0,4.0342917254,3.46123312948,0,0,1
current_r2,9.925,15.7248867431,9.95159335972,0,0,4.0342917254,3.46123312948,0,0,1
current_r2,9.95,15.7248867431,9.95159335972,0,0,4.0342917254,3.46123312948,0,0,1
current_r2,9.975,15.7248867431,9.95159335972,0,0,4.0342917254,3.46123312948,0,0,1
current_r2,10,15.7248867431,9.95159335972,0,0,4.0342917254,3.46123312948,0,0,1
current_r2,10.025,15.7248867431,9.95159335972,0,0,4.0342917254,3.46123312948,0,0,1
current_r2,10.05,15.7248867431,9.95159335972,0,0,4.0342917254,3.46123312948,0,0,1
current_r2,10.075,15.7248867431,9.95159335972,0,0,4.0342917254,3.46123312948,0,0,1
current_r2,10.1,15.7248867431,9.95159335972,0,0,4.0342917254,3.46123312948,0,0,1
current_r2,10.125,15.7248867431,9.95159335972,0,0,4.0342917254,3.46123312948,0,0,1
current_r2,10.15,15.7248867431,9.95159335972,0,0,4.0342917254,3.46123312948,0,0,1
current_r2,10.175,15.7248867431,9.95159335972,0,0,4.0342917254,3.46123312948,0,0,1
current_r2,10.2,15.7248867431,9.95159335972,0,0,4.0342917254,3.46123312948,0,0,1
current_r2,10.225,15.7248867431,9.95159335972,0,0,4.0342917254,3.46123312948,0,0,1
current_r2,10.25,15.7248867431,9.95159335972,0,0,4.0342917254,3.46123312948,0,0,1
current_r2,10.275,15.7248867431,9.95159335972,0,0,4.0342917254,3.46123312948,0,0,1
current_r2,10.3,15.7248867431,9.95159335972,0,0,4.0342917254,3.46123312948,0,0,1
current_r2,10.325,15.7248867431,9.95159335972,0,0,4.0342917254,3.46123312948,0,0,1
current_r2,10.35,15.7248867431,9.95159335972,0,0,4.0342917254,3.46123312948,0,0,1
current_r2,10.375,15.7248867431,9.95159335972,0,0,4.0342917254,3.46123312948,0,0,1
current_r2,10.4,15.7248867431,9.95159335972,0,0,4.0342917254,3.46123312948,0,0,1
current_r2,10.425,15.7248867431,9.95159335972,0,0,4.0342917254,3.46123312948,0,0,1
current_r2,10.45,15.7248867431,9.95159335972,0,0,4.0342917254,3.46123312948,0,0,1
current_r2,10.475,15.7248867431,9.95159335972,0,0,4.0342917254,3.46123312948,0,0,1
current_r2,10.5,15.7248867431,9.95159335972,0,0,4.0342917254,3.46123312948,0,0,1
current_r2,10.525,15.7248867431,9.95159335972,0,0,4.0342917254,3.46123312948,0,0,1
current_r2,10.55,15.7248867431,9.95159335972,0,0,4.0342917254,3.46123312948,0,0,1
current_r2,10.575,15.7248867431,9.95159335972,0,0,4.0342917254,3.46123312948,0,0,1
current_r2,10.6,15.7248867431,9.95159335972,0,0,4.0342917254,3.46123312948,0,0,1
current_r2,10.625,15.7248867431,9.95159335972,0,0,4.0342917254,3.46123312948,0,0,1
current_r2,10.65,15.7248867431,9.95159335972,0,0,4.0342917254,3.46123312948,0,0,1
current_r2,10.675,15.7248867431,9.95159335972,0,0,4.0342917254,3.46123312948,0,0,1
current_r2,10.7,15.7248867431,9.95159335972,0,0,4.0342917254,3.46123312948,0,0,1
current_r2,10.725,15.7248867431,9.95159335972,0,0,4.0342917254,3.46123312948,0,0,1
current_r2,10.75,15.7248867431,9.95159335972,0,0,4.0342917254,3.46123312948,0,0,1
current_r2,10.775,15.7248867431,9.95159335972,0,0,4.0342917254,3.46123312948,0,0,1
current_r2,10.8,15.7248867431,9.95159335972,0,0,4.0342917254,3.46123312948,0,0,1
current_r2,10.825,15.7248867431,9.95159335972,0,0,4.0342917254,3.46123312948,0,0,1
current_r2,10.85,15.7248867431,9.95159335972,0,0,4.0342917254,3.46123312948,0,0,1
current_r2,10.875,15.7248867431,9.95159335972,0,0,4.0342917254,3.46123312948,0,0,1
current_r2,10.9,15.7248867431,9.95159335972,0,0,4.0342917254,3.46123312948,0,0,1
current_r2,10.925,15.7248867431,9.95159335972,0,0,4.0342917254,3.46123312948,0,0,1
current_r2,10.95,15.7248867431,9.95159335972,0,0,4.0342917254,3.46123312948,0,0,1
current_r2,10.975,15.7248867431,9.95159335972,0,0,4.0342917254,3.46123312948,0,0,1
current_r2,11,15.7248867431,9.95159335972,0,0,4.0342917254,3.46123312948,0,0,1
current_r2,11.025,15.7248867431,9.95159335972,0,0,4.0342917254,3.46123312948,0,0,1
current_r2,11.05,15.7248867431,9.95159335972,0,0,4.0342917254,3.46123312948,0,0,1
current_r2,11.075,15.7248867431,9.95159335972,0,0,4.0342917254,3.46123312948,0,0,1
current_r2,11.1,15.7248867431,9.95159335972,0,0,4.0342917254,3.46123312948,0,0,1
current_r2,11.125,15.7248867431,9.95159335972,0,0,4.0342917254,3.46123312948,0,0,1
current_r2,11.15,15.7248867431,9.95159335972,0,0,4.0342917254,3.46123312948,0,0,1
current_r2,11.175,15.7248867431,9.95159335972,0,0,4.0342917254,3.46123312948,0,0,1
current_r2,11.2,15.7248867431,9.95159335972,0,0,4.0342917254,3.46123312948,0,0,1
current_r2,11.225,15.7248867431,9.95159335972,0,0,4.0342917254,3.46123312948,0,0,1
current_r2,11.25,15.7248867431,9.95159335972,0,0,4.0342917254,3.46123312948,0,0,1
current_r2,11.275,15.7248867431,9.95159335972,0,0,4.0342917254,3.46123312948,0,0,1
current_r2,11.3,15.7248867431,9.95159335972,0,0,4.0342917254,3.46123312948,0,0,1
current_r2,11.325,15.7248867431,9.95159335972,0,0,4.0342917254,3.46123312948,0,0,1
current_r2,11.35,15.7248867431,9.95159335972,0,0,4.0342917254,3.46123312948,0,0,1
current_r2,11.375,15.7248867431,9.95159335972,0,0,4.0342917254,3.46123312948,0,0,1
current_r2,11.4,15.7248867431,9.95159335972,0,0,4.0342917254,3.46123312948,0,0,1
current_r2,11.425,15.7248867431,9.95159335972,0,0,4.0342917254,3.46123312948,0,0,1
current_r2,11.45,15.7248867431,9.95159335972,0,0,4.0342917254,3.46123312948,0,0,1
current_r2,11.475,15.7248867431,9.95159335972,0,0,4.0342917254,3.46123312948,0,0,1
current_r2,11.5,15.7248867431,9.95159335972,0,0,4.0342917254,3.46123312948,0,0,1
current_r2,11.525,15.7248867431,9.95159335972,0,0,4.0342917254,3.46123312948,0,0,1
current_r2,11.55,15.7248867431,9.95159335972,0,0,4.0342917254,3.46123312948,0,0,1
current_r2,11.575,15.7248867431,9.95159335972,0,0,4.0342917254,3.46123312948,0,0,1
current_r2,11.6,15.7248867431,9.95159335972,0,0,4.0342917254,3.46123312948,0,0,1
current_r2,11.625,15.7248867431,9.95159335972,0,0,4.0342917254,3.46123312948,0,0,1
current_r2,11.65,15.7248867431,9.95159335972,0,0,4.0342917254,3.46123312948,0,0,1
current_r2,11.675,15.7248867431,9.95159335972,0,0,4.0342917254,3.46123312948,0,0,1
current_r2,11.7,15.7248867431,9.95159335972,0,0,4.0342917254,3.46123312948,0,0,1
current_r2,11.725,15.7248867431,9.95159335972,0,0,4.0342917254,3.46123312948,0,0,1
current_r2,11.75,15.7248867431,9.95159335972,0,0,4.0342917254,3.46123312948,0,0,1
current_r2,11.775,15.7248867431,9.95159335972,0,0,4.0342917254,3.46123312948,0,0,1
current_r2,11.8,15.7248867431,9.95159335972,0,0,4.0342917254,3.46123312948,0,0,1
current_r2,11.825,15.7248867431,9.95159335972,0,0,4.0342917254,3.46123312948,0,0,1
current_r2,11.85,15.7248867431,9.95159335972,0,0,4.0342917254,3.46123312948,0,0,1
current_r2,11.875,15.7248867431,9.95159335972,0,0,4.0342917254,3.46123312948,0,0,1
current_r2,11.9,15.7248867431,9.95159335972,0,0,4.0342917254,3.46123312948,0,0,1
current_r2,11.925,15.7248867431,9.95159335972,0,0,4.0342917254,3.46123312948,0,0,1
current_r2,11.95,15.7248867431,9.95159335972,0,0,4.0342917254,3.46123312948,0,0,1
current_r2,11.975,15.7248867431,9.95159335972,0,0,4.0342917254,3.46123312948,0,0,1
current_r2,12,15.7248867431,9.95159335972,0,0,4.0342917254,3.46123312948,0,0,1
current_r2,12.025,15.7248867431,9.95159335972,0,0,4.0342917254,3.46123312948,0,0,1
current_r2,12.05,15.7248867431,9.95159335972,0,0,4.0342917254,3.46123312948,0,0,1
current_r2,12.075,15.7248867431,9.95159335972,0,0,4.0342917254,3.46123312948,0,0,1
current_r2,12.1,15.7248867431,9.95159335972,0,0,4.0342917254,3.46123312948,0,0,1
current_r2,12.125,15.7248867431,9.95159335972,0,0,4.0342917254,3.46123312948,0,0,1
current_r2,12.15,15.7248867431,9.95159335972,0,0,4.0342917254,3.46123312948,0,0,1
current_r2,12.175,15.7248867431,9.95159335972,0,0,4.0342917254,3.46123312948,0,0,1
current_r2,12.2,15.7248867431,9.95159335972,0,0,4.0342917254,3.46123312948,0,0,1
current_r2,12.225,15.7248867431,9.95159335972,0,0,4.0342917254,3.46123312948,0,0,1
current_r2,12.25,15.7248867431,9.95159335972,0,0,4.0342917254,3.46123312948,0,0,1
current_r2,12.275,15.7248867431,9.95159335972,0,0,4.0342917254,3.46123312948,0,0,1
current_r2,12.3,15.7248867431,9.95159335972,0,0,4.0342917254,3.46123312948,0,0,1
current_r2,12.325,15.7248867431,9.95159335972,0,0,4.0342917254,3.46123312948,0,0,1
current_r2,12.35,15.7248867431,9.95159335972,0,0,4.0342917254,3.46123312948,0,0,1
current_r2,12.375,15.7248867431,9.95159335972,0,0,4.0342917254,3.46123312948,0,0,1
current_r2,12.4,15.7248867431,9.95159335972,0,0,4.0342917254,3.46123312948,0,0,1
current_r2,12.425,15.7248867431,9.95159335972,0,0,4.0342917254,3.46123312948,0,0,1
current_r2,12.45,15.7248867431,9.95159335972,0,0,4.0342917254,3.46123312948,0,0,1
current_r2,12.475,15.7248867431,9.95159335972,0,0,4.0342917254,3.46123312948,0,0,1
current_r2,12.5,15.7248867431,9.95159335972,0,0,4.0342917254,3.46123312948,0,0,1
current_r2,12.525,15.7248867431,9.95159335972,0,0,4.0342917254,3.46123312948,0,0,1
current_r2,12.55,15.7248867431,9.95159335972,0,0,4.0342917254,3.46123312948,0,0,1
current_r2,12.575,15.7248867431,9.95159335972,0,0,4.0342917254,3.46123312948,0,0,1
current_r2,12.6,15.7248867431,9.95159335972,0,0,4.0342917254,3.46123312948,0,0,1
current_r2,12.625,15.7248867431,9.95159335972,0,0,4.0342917254,3.46123312948,0,0,1
current_r2,12.65,15.7248867431,9.95159335972,0,0,4.0342917254,3.46123312948,0,0,1
current_r2,12.675,15.7248867431,9.95159335972,0,0,4.0342917254,3.46123312948,0,0,1
current_r2,12.7,15.7248867431,9.95159335972,0,0,4.0342917254,3.46123312948,0,0,1
current_r2,12.725,15.7248867431,9.95159335972,0,0,4.0342917254,3.46123312948,0,0,1
current_r2,12.75,15.7248867431,9.95159335972,0,0,4.0342917254,3.46123312948,0,0,1
current_r2,12.775,15.7248867431,9.95159335972,0,0,4.0342917254,3.46123312948,0,0,1
current_r2,12.8,15.7248867431,9.95159335972,0,0,4.0342917254,3.46123312948,0,0,1
current_r2,12.825,15.7248867431,9.95159335972,0,0,4.0342917254,3.46123312948,0,0,1
current_r2,12.85,15.7248867431,9.95159335972,0,0,4.0342917254,3.46123312948,0,0,1
current_r2,12.875,15.7248867431,9.95159335972,0,0,4.0342917254,3.46123312948,0,0,1
current_r2,12.9,15.7248867431,9.95159335972,0,0,4.0342917254,3.46123312948,0,0,1
current_r2,12.925,15.7248867431,9.95159335972,0,0,4.0342917254,3.46123312948,0,0,1
current_r2,12.95,15.7248867431,9.95159335972,0,0,4.0342917254,3.46123312948,0,0,1
current_r2,12.975,15.7248867431,9.95159335972,0,0,4.0342917254,3.46123312948,0,0,1
current_r2,13,15.7248867431,9.95159335972,0,0,4.0342917254,3.46123312948,0,0,1
current_r2,13.025,15.7248867431,9.95159335972,0,0,4.0342917254,3.46123312948,0,0,1
current_r2,13.05,15.7248867431,9.95159335972,0,0,4.0342917254,3.46123312948,0,0,1
current_r2,13.075,15.7248867431,9.95159335972,0,0,4.0342917254,3.46123312948,0,0,1
current_r2,13.1,15.7248867431,9.95159335972,0,0,4.0342917254,3.46123312948,0,0,1
current_r2,13.125,15.7248867431,9.95159335972,0,0,4.0342917254,3.46123312948,0,0,1
current_r2,13.15,15.7248867431,9.95159335972,0,0,4.0342917254,3.46123312948,0,0,1
current_r2,13.175,15.7248867431,9.95159335972,0,0,4.0342917254,3.46123312948,0,0,1
current_r2,13.2,15.7248867431,9.95159335972,0,0,4.0342917254,3.46123312948,0,0,1
current_r2,13.225,15.7248867431,9.95159335972,0,0,4.0342917254,3.46123312948,0,0,1
current_r2,13.25,15.7248867431,9.95159335972,0,0,4.0342917254,3.46123312948,0,0,1
current_r2,13.275,15.7248867431,9.95159335972,0,0,4.0342917254,3.46123312948,0,0,1
current_r2,13.3,15.7248867431,9.95159335972,0,0,4.0342917254,3.46123312948,0,0,1
current_r2,13.325,15.7248867431,9.95159335972,0,0,4.0342917254,3.46123312948,0,0,1
current_r2,13.35,15.7248867431,9.95159335972,0,0,4.0342917254,3.46123312948,0,0,1
current_r2,13.375,15.7248867431,9.95159335972,0,0,4.0342917254,3.46123312948,0,0,1
current_r2,13.4,15.7248867431,9.95159335972,0,0,4.0342917254,3.46123312948,0,0,1
current_r2,13.425,15.7248867431,9.95159335972,0,0,4.0342917254,3.46123312948,0,0,1
current_r2,13.45,15.7248867431,9.95159335972,0,0,4.0342917254,3.46123312948,0,0,1
current_r2,13.475,15.7248867431,9.95159335972,0,0,4.0342917254,3.46123312948,0,0,1
current_r2,13.5,15.7248867431,9.95159335972,0,0,4.0342917254,3.46123312948,0,0,1
current_r2,13.525,15.7248867431,9.95159335972,0,0,4.0342917254,3.46123312948,0,0,1
current_r2,13.55,15.7248867431,9.95159335972,0,0,4.0342917254,3.46123312948,0,0,1
current_r2,13.575,15.7248867431,9.95159335972,0,0,4.0342917254,3.46123312948,0,0,1
current_r2,13.6,15.7248867431,9.95159335972,0,0,4.0342917254,3.46123312948,0,0,1
current_r2,13.625,15.7248867431,9.95159335972,0,0,4.0342917254,3.46123312948,0,0,1
current_r2,13.65,15.7248867431,9.95159335972,0,0,4.0342917254,3.46123312948,0,0,1
current_r2,13.675,15.7248867431,9.95159335972,0,0,4.0342917254,3.46123312948,0,0,1
current_r2,13.7,15.7248867431,9.95159335972,0,0,4.0342917254,3.46123312948,0,0,1
current_r2,13.725,15.7248867431,9.95159335972,0,0,4.0342917254,3.46123312948,0,0,1
current_r2,13.75,15.7248867431,9.95159335972,0,0,4.0342917254,3.46123312948,0,0,1
current_r2,13.775,15.7248867431,9.95159335972,0,0,4.0342917254,3.46123312948,0,0,1
current_r2,13.8,15.7248867431,9.95159335972,0,0,4.0342917254,3.46123312948,0,0,1
current_r2,13.825,15.7248867431,9.95159335972,0,0,4.0342917254,3.46123312948,0,0,1
current_r2,13.85,15.7248867431,9.95159335972,0,0,4.0342917254,3.46123312948,0,0,1
current_r2,13.875,15.7248867431,9.95159335972,0,0,4.0342917254,3.46123312948,0,0,1
current_r2,13.9,15.7248867431,9.95159335972,0,0,4.0342917254,3.46123312948,0,0,1
current_r2,13.925,15.7248867431,9.95159335972,0,0,4.0342917254,3.46123312948,0,0,1
current_r2,13.95,15.7248867431,9.95159335972,0,0,4.0342917254,3.46123312948,0,0,1
current_r2,13.975,15.7248867431,9.95159335972,0,0,4.0342917254,3.46123312948,0,0,1
current_r2,14,15.7248867431,9.95159335972,0,0,4.0342917254,3.46123312948,0,0,1
current_r2,14.025,15.7248867431,9.95159335972,0,0,4.0342917254,3.46123312948,0,0,1
current_r2,14.05,15.7248867431,9.95159335972,0,0,4.0342917254,3.46123312948,0,0,1
current_r2,14.075,15.7248867431,9.95159335972,0,0,4.0342917254,3.46123312948,0,0,1
current_r2,14.1,15.7248867431,9.95159335972,0,0,4.0342917254,3.46123312948,0,0,1
current_r2,14.125,15.7248867431,9.95159335972,0,0,4.0342917254,3.46123312948,0,0,1
current_r2,14.15,15.7248867431,9.95159335972,0,0,4.0342917254,3.46123312948,0,0,1
current_r2,14.175,15.7248867431,9.95159335972,0,0,4.0342917254,3.46123312948,0,0,1
current_r2,14.2,15.7248867431,9.95159335972,0,0,4.0342917254,3.46123312948,0,0,1
current_r2,14.225,15.7248867431,9.95159335972,0,0,4.0342917254,3.46123312948,0,0,1
current_r2,14.25,15.7248867431,9.95159335972,0,0,4.0342917254,3.46123312948,0,0,1
current_r2,14.275,15.7248867431,9.95159335972,0,0,4.0342917254,3.46123312948,0,0,1
current_r2,14.3,15.7248867431,9.95159335972,0,0,4.0342917254,3.46123312948,0,0,1
current_r2,14.325,15.7248867431,9.95159335972,0,0,4.0342917254,3.46123312948,0,0,1
current_r2,14.35,15.7248867431,9.95159335972,0,0,4.0342917254,3.46123312948,0,0,1
current_r2,14.375,15.7248867431,9.95159335972,0,0,4.0342917254,3.46123312948,0,0,1
current_r2,14.4,15.7248867431,9.95159335972,0,0,4.0342917254,3.46123312948,0,0,1
current_r2,14.425,15.7248867431,9.95159335972,0,0,4.0342917254,3.46123312948,0,0,1
current_r2,14.45,15.7248867431,9.95159335972,0,0,4.0342917254,3.46123312948,0,0,1
current_r2,14.475,15.7248867431,9.95159335972,0,0,4.0342917254,3.46123312948,0,0,1
current_r2,14.5,15.7248867431,9.95159335972,0,0,4.0342917254,3.46123312948,0,0,1
current_r2,14.525,15.7248867431,9.95159335972,0,0,4.0342917254,3.46123312948,0,0,1
current_r2,14.55,15.7248867431,9.95159335972,0,0,4.0342917254,3.46123312948,0,0,1
current_r2,14.575,15.7248867431,9.95159335972,0,0,4.0342917254,3.46123312948,0,0,1
current_r2,14.6,15.7248867431,9.95159335972,0,0,4.0342917254,3.46123312948,0,0,1
current_r2,14.625,15.7248867431,9.95159335972,0,0,4.0342917254,3.46123312948,0,0,1
current_r2,14.65,15.7248867431,9.95159335972,0,0,4.0342917254,3.46123312948,0,0,1
current_r2,14.675,15.7248867431,9.95159335972,0,0,4.0342917254,3.46123312948,0,0,1
current_r2,14.7,15.7248867431,9.95159335972,0,0,4.0342917254,3.46123312948,0,0,1
current_r2,14.725,15.7248867431,9.95159335972,0,0,4.0342917254,3.46123312948,0,0,1
current_r2,14.75,15.7248867431,9.95159335972,0,0,4.0342917254,3.46123312948,0,0,1
current_r2,14.775,15.7248867431,9.95159335972,0,0,4.0342917254,3.46123312948,0,0,1
current_r2,14.8,15.7248867431,9.95159335972,0,0,4.0342917254,3.46123312948,0,0,1
current_r2,14.825,15.7248867431,9.95159335972,0,0,4.0342917254,3.46123312948,0,0,1
current_r2,14.85,15.7248867431,9.95159335972,0,0,4.0342917254,3.46123312948,0,0,1
current_r2,14.875,15.7248867431,9.95159335972,0,0,4.0342917254,3.46123312948,0,0,1
current_r2,14.9,15.7248867431,9.95159335972,0,0,4.0342917254,3.46123312948,0,0,1
current_r2,14.925,15.7248867431,9.95159335972,0,0,4.0342917254,3.46123312948,0,0,1
current_r2,14.95,15.7248867431,9.95159335972,0,0,4.0342917254,3.46123312948,0,0,1
current_r2,14.975,15.7248867431,9.95159335972,0,0,4.0342917254,3.46123312948,0,0,1
current_r2,15,15.7248867431,9.95159335972,0,0,4.0342917254,3.46123312948,0,0,1
current_r2,15.025,15.7248867431,9.95159335972,0,0,4.0342917254,3.46123312948,0,0,1
current_r2,15.05,15.7248867431,9.95159335972,0,0,4.0342917254,3.46123312948,0,0,1
current_r2,15.075,15.7248867431,9.95159335972,0,0,4.0342917254,3.46123312948,0,0,1
current_r2,15.1,15.7248867431,9.95159335972,0,0,4.0342917254,3.46123312948,0,0,1
current_r2,15.125,15.7248867431,9.95159335972,0,0,4.0342917254,3.46123312948,0,0,1
current_r2,15.15,15.7248867431,9.95159335972,0,0,4.0342917254,3.46123312948,0,0,1
current_r2,15.175,15.7248867431,9.95159335972,0,0,4.0342917254,3.46123312948,0,0,1
current_r2,15.2,15.7248867431,9.95159335972,0,0,4.0342917254,3.46123312948,0,0,1
current_r2,15.225,15.7248867431,9.95159335972,0,0,4.0342917254,3.46123312948,0,0,1
current_r2,15.25,15.7248867431,9.95159335972,0,0,4.0342917254,3.46123312948,0,0,1
current_r2,15.275,15.7248867431,9.95159335972,0,0,4.0342917254,3.46123312948,0,0,1
current_r2,15.3,15.7248867431,9.95159335972,0,0,4.0342917254,3.46123312948,0,0,1
current_r2,15.325,15.7248867431,9.95159335972,0,0,4.0342917254,3.46123312948,0,0,1
current_r2,15.35,15.7248867431,9.95159335972,0,0,4.0342917254,3.46123312948,0,0,1
current_r2,15.375,15.7248867431,9.95159335972,0,0,4.0342917254,3.46123312948,0,0,1
current_r2,15.4,15.7248867431,9.95159335972,0,0,4.0342917254,3.46123312948,0,0,1
current_r2,15.425,15.7248867431,9.95159335972,0,0,4.0342917254,3.46123312948,0,0,1
current_r2,15.45,15.7248867431,9.95159335972,0,0,4.0342917254,3.46123312948,0,0,1
current_r2,15.475,15.7248867431,9.95159335972,0,0,4.0342917254,3.46123312948,0,0,1
current_r2,15.5,15.7248867431,9.95159335972,0,0,4.0342917254,3.46123312948,0,0,1
current_r2,15.525,15.7248867431,9.95159335972,0,0,4.0342917254,3.46123312948,0,0,1
current_r2,15.55,15.7248867431,9.95159335972,0,0,4.0342917254,3.46123312948,0,0,1
current_r2,15.575,15.7248867431,9.95159335972,0,0,4.0342917254,3.46123312948,0,0,1
current_r2,15.6,15.7248867431,9.95159335972,0,0,4.0342917254,3.46123312948,0,0,1
current_r2,15.625,15.7248867431,9.95159335972,0,0,4.0342917254,3.46123312948,0,0,1
current_r2,15.65,15.7248867431,9.95159335972,0,0,4.0342917254,3.46123312948,0,0,1
current_r2,15.675,15.7248867431,9.95159335972,0,0,4.0342917254,3.46123312948,0,0,1
current_r2,15.7,15.7248867431,9.95159335972,0,0,4.0342917254,3.46123312948,0,0,1
current_r2,15.725,15.7248867431,9.95159335972,0,0,4.0342917254,3.46123312948,0,0,1
current_r2,15.75,15.7248867431,9.95159335972,0,0,4.0342917254,3.46123312948,0,0,1
current_r2,15.775,15.7248867431,9.95159335972,0,0,4.0342917254,3.46123312948,0,0,1
current_r2,15.8,15.7248867431,9.95159335972,0,0,4.0342917254,3.46123312948,0,0,1
current_r2,15.825,15.7248867431,9.95159335972,0,0,4.0342917254,3.46123312948,0,0,1
current_r2,15.85,15.7248867431,9.95159335972,0,0,4.0342917254,3.46123312948,0,0,1
current_r2,15.875,15.7248867431,9.95159335972,0,0,4.0342917254,3.46123312948,0,0,1
current_r2,15.9,15.7248867431,9.95159335972,0,0,4.0342917254,3.46123312948,0,0,1
current_r2,15.925,15.7248867431,9.95159335972,0,0,4.0342917254,3.46123312948,0,0,1
current_r2,15.95,15.7248867431,9.95159335972,0,0,4.0342917254,3.46123312948,0,0,1
current_r2,15.975,15.7248867431,9.95159335972,0,0,4.0342917254,3.46123312948,0,0,1
current_r2,16,15.7248867431,9.95159335972,0,0,4.0342917254,3.46123312948,0,0,1
current_r2,16.025,15.7248867431,9.95159335972,0,0,4.0342917254,3.46123312948,0,0,1
current_r2,16.05,15.7248867431,9.95159335972,0,0,4.0342917254,3.46123312948,0,0,1
current_r2,16.075,15.7248867431,9.95159335972,0,0,4.0342917254,3.46123312948,0,0,1
current_r2,16.1,15.7248867431,9.95159335972,0,0,4.0342917254,3.46123312948,0,0,1
current_r2,16.125,15.7248867431,9.95159335972,0,0,4.0342917254,3.46123312948,0,0,1
current_r2,16.15,15.7248867431,9.95159335972,0,0,4.0342917254,3.46123312948,0,0,1
current_r2,16.175,15.7248867431,9.95159335972,0,0,4.0342917254,3.46123312948,0,0,1
current_r2,16.2,15.7248867431,9.95159335972,0,0,4.0342917254,3.46123312948,0,0,1
current_r2,16.225,15.7248867431,9.95159335972,0,0,4.0342917254,3.46123312948,0,0,1
current_r2,16.25,15.7248867431,9.95159335972,0,0,4.0342917254,3.46123312948,0,0,1
current_r2,16.275,15.7248867431,9.95159335972,0,0,4.0342917254,3.46123312948,0,0,1
current_r2,16.3,15.7248867431,9.95159335972,0,0,4.0342917254,3.46123312948,0,0,1
current_r2,16.325,15.7248867431,9.95159335972,0,0,4.0342917254,3.46123312948,0,0,1
current_r2,16.35,15.7248867431,9.95159335972,0,0,4.0342917254,3.46123312948,0,0,1
current_r2,16.375,15.7248867431,9.95159335972,0,0,4.0342917254,3.46123312948,0,0,1
current_r2,16.4,15.7248867431,9.95159335972,0,0,4.0342917254,3.46123312948,0,0,1
current_r2,16.425,15.7248867431,9.95159335972,0,0,4.0342917254,3.46123312948,0,0,1
current_r2,16.45,15.7248867431,9.95159335972,0,0,4.0342917254,3.46123312948,0,0,1
current_r2,16.475,15.7248867431,9.95159335972,0,0,4.0342917254,3.46123312948,0,0,1
current_r2,16.5,15.7248867431,9.95159335972,0,0,4.0342917254,3.46123312948,0,0,1
current_r2,16.525,15.7248867431,9.95159335972,0,0,4.0342917254,3.46123312948,0,0,1
current_r2,16.55,15.7248867431,9.95159335972,0,0,4.0342917254,3.46123312948,0,0,1
current_r2,16.575,15.7248867431,9.95159335972,0,0,4.0342917254,3.46123312948,0,0,1
current_r2,16.6,15.7248867431,9.95159335972,0,0,4.0342917254,3.46123312948,0,0,1
current_r2,16.625,15.7248867431,9.95159335972,0,0,4.0342917254,3.46123312948,0,0,1
current_r2,16.65,15.7248867431,9.95159335972,0,0,4.0342917254,3.46123312948,0,0,1
current_r2,16.675,15.7248867431,9.95159335972,0,0,4.0342917254,3.46123312948,0,0,1
current_r2,16.7,15.7248867431,9.95159335972,0,0,4.0342917254,3.46123312948,0,0,1
current_r2,16.725,15.7248867431,9.95159335972,0,0,4.0342917254,3.46123312948,0,0,1
current_r2,16.75,15.7248867431,9.95159335972,0,0,4.0342917254,3.46123312948,0,0,1
current_r2,16.775,15.7248867431,9.95159335972,0,0,4.0342917254,3.46123312948,0,0,1
current_r2,16.8,15.7248867431,9.95159335972,0,0,4.0342917254,3.46123312948,0,0,1
current_r2,16.825,15.7248867431,9.95159335972,0,0,4.0342917254,3.46123312948,0,0,1
current_r2,16.85,15.7248867431,9.95159335972,0,0,4.0342917254,3.46123312948,0,0,1
current_r2,16.875,15.7248867431,9.95159335972,0,0,4.0342917254,3.46123312948,0,0,1
current_r2,16.9,15.7248867431,9.95159335972,0,0,4.0342917254,3.46123312948,0,0,1
current_r2,16.925,15.7248867431,9.95159335972,0,0,4.0342917254,3.46123312948,0,0,1
current_r2,16.95,15.7248867431,9.95159335972,0,0,4.0342917254,3.46123312948,0,0,1
current_r2,16.975,15.7248867431,9.95159335972,0,0,4.0342917254,3.46123312948,0,0,1
current_r2,17,15.7248867431,9.95159335972,0,0,4.0342917254,3.46123312948,0,0,1
current_r2,17.025,15.7248867431,9.95159335972,0,0,4.0342917254,3.46123312948,0,0,1
current_r2,17.05,15.7248867431,9.95159335972,0,0,4.0342917254,3.46123312948,0,0,1
current_r2,17.075,15.7248867431,9.95159335972,0,0,4.0342917254,3.46123312948,0,0,1
current_r2,17.1,15.7248867431,9.95159335972,0,0,4.0342917254,3.46123312948,0,0,1
current_r2,17.125,15.7248867431,9.95159335972,0,0,4.0342917254,3.46123312948,0,0,1
current_r2,17.15,15.7248867431,9.95159335972,0,0,4.0342917254,3.46123312948,0,0,1
current_r2,17.175,15.7248867431,9.95159335972,0,0,4.0342917254,3.46123312948,0,0,1
current_r2,17.2,15.7248867431,9.95159335972,0,0,4.0342917254,3.46123312948,0,0,1
current_r2,17.225,15.7248867431,9.95159335972,0,0,4.0342917254,3.46123312948,0,0,1
current_r2,17.25,15.7248867431,9.95159335972,0,0,4.0342917254,3.46123312948,0,0,1
current_r2,17.275,15.7248867431,9.95159335972,0,0,4.0342917254,3.46123312948,0,0,1
current_r2,17.3,15.7248867431,9.95159335972,0,0,4.0342917254,3.46123312948,0,0,1
current_r2,17.325,15.7248867431,9.95159335972,0,0,4.0342917254,3.46123312948,0,0,1
current_r2,17.35,15.7248867431,9.95159335972,0,0,4.0342917254,3.46123312948,0,0,1
current_r2,17.375,15.7248867431,9.95159335972,0,0,4.0342917254,3.46123312948,0,0,1
current_r2,17.4,15.7248867431,9.95159335972,0,0,4.0342917254,3.46123312948,0,0,1
current_r2,17.425,15.7248867431,9.95159335972,0,0,4.0342917254,3.46123312948,0,0,1
current_r2,17.45,15.7248867431,9.95159335972,0,0,4.0342917254,3.46123312948,0,0,1
current_r2,17.475,15.7248867431,9.95159335972,0,0,4.0342917254,3.46123312948,0,0,1
current_r2,17.5,15.7248867431,9.95159335972,0,0,4.0342917254,3.46123312948,0,0,1
current_r2,17.525,15.7248867431,9.95159335972,0,0,4.0342917254,3.46123312948,0,0,1
current_r2,17.55,15.7248867431,9.95159335972,0,0,4.0342917254,3.46123312948,0,0,1
current_r2,17.575,15.7248867431,9.95159335972,0,0,4.0342917254,3.46123312948,0,0,1
current_r2,17.6,15.7248867431,9.95159335972,0,0,4.0342917254,3.46123312948,0,0,1
current_r2,17.625,15.7248867431,9.95159335972,0,0,4.0342917254,3.46123312948,0,0,1
current_r2,17.65,15.7248867431,9.95159335972,0,0,4.0342917254,3.46123312948,0,0,1
current_r2,17.675,15.7248867431,9.95159335972,0,0,4.0342917254,3.46123312948,0,0,1
current_r2,17.7,15.7248867431,9.95159335972,0,0,4.0342917254,3.46123312948,0,0,1
current_r2,17.725,15.7248867431,9.95159335972,0,0,4.0342917254,3.46123312948,0,0,1
current_r2,17.75,15.7248867431,9.95159335972,0,0,4.0342917254,3.46123312948,0,0,1
current_r2,17.775,15.7248867431,9.95159335972,0,0,4.0342917254,3.46123312948,0,0,1
current_r2,17.8,15.7248867431,9.95159335972,0,0,4.0342917254,3.46123312948,0,0,1
current_r2,17.825,15.7248867431,9.95159335972,0,0,4.0342917254,3.46123312948,0,0,1
current_r2,17.85,15.7248867431,9.95159335972,0,0,4.0342917254,3.46123312948,0,0,1
current_r2,17.875,15.7248867431,9.95159335972,0,0,4.0342917254,3.46123312948,0,0,1
current_r2,17.9,15.7248867431,9.95159335972,0,0,4.0342917254,3.46123312948,0,0,1
current_r2,17.925,15.7248867431,9.95159335972,0,0,4.0342917254,3.46123312948,0,0,1
current_r2,17.95,15.7248867431,9.95159335972,0,0,4.0342917254,3.46123312948,0,0,1
current_r2,17.975,15.7248867431,9.95159335972,0,0,4.0342917254,3.46123312948,0,0,1
current_r2,18,15.7248867431,9.95159335972,0,0,4.0342917254,3.46123312948,0,0,1
current_r2,18.025,15.7248867431,9.95159335972,0,0,4.0342917254,3.46123312948,0,0,1
current_r2,18.05,15.7248867431,9.95159335972,0,0,4.0342917254,3.46123312948,0,0,1
current_r2,18.075,15.7248867431,9.95159335972,0,0,4.0342917254,3.46123312948,0,0,1
current_r2,18.1,15.7248867431,9.95159335972,0,0,4.0342917254,3.46123312948,0,0,1
current_r2,18.125,15.7248867431,9.95159335972,0,0,4.0342917254,3.46123312948,0,0,1
current_r2,18.15,15.7248867431,9.95159335972,0,0,4.0342917254,3.46123312948,0,0,1
current_r2,18.175,15.7248867431,9.95159335972,0,0,4.0342917254,3.46123312948,0,0,1
current_r2,18.2,15.7248867431,9.95159335972,0,0,4.0342917254,3.46123312948,0,0,1
current_r2,18.225,15.7248867431,9.95159335972,0,0,4.0342917254,3.46123312948,0,0,1
current_r2,18.25,15.7248867431,9.95159335972,0,0,4.0342917254,3.46123312948,0,0,1
current_r2,18.275,15.7248867431,9.95159335972,0,0,4.0342917254,3.46123312948,0,0,1
current_r2,18.3,15.7248867431,9.95159335972,0,0,4.0342917254,3.46123312948,0,0,1
current_r2,18.325,15.7248867431,9.95159335972,0,0,4.0342917254,3.46123312948,0,0,1
current_r2,18.35,15.7248867431,9.95159335972,0,0,4.0342917254,3.46123312948,0,0,1
current_r2,18.375,15.7248867431,9.95159335972,0,0,4.0342917254,3.46123312948,0,0,1
current_r2,18.4,15.7248867431,9.95159335972,0,0,4.0342917254,3.46123312948,0,0,1
current_r2,18.425,15.7248867431,9.95159335972,0,0,4.0342917254,3.46123312948,0,0,1
current_r2,18.45,15.7248867431,9.95159335972,0,0,4.0342917254,3.46123312948,0,0,1
current_r2,18.475,15.7248867431,9.95159335972,0,0,4.0342917254,3.46123312948,0,0,1
current_r2,18.5,15.7248867431,9.95159335972,0,0,4.0342917254,3.46123312948,0,0,1
current_r2,18.525,15.7248867431,9.95159335972,0,0,4.0342917254,3.46123312948,0,0,1
current_r2,18.55,15.7248867431,9.95159335972,0,0,4.0342917254,3.46123312948,0,0,1
current_r2,18.575,15.7248867431,9.95159335972,0,0,4.0342917254,3.46123312948,0,0,1
current_r2,18.6,15.7248867431,9.95159335972,0,0,4.0342917254,3.46123312948,0,0,1
current_r2,18.625,15.7248867431,9.95159335972,0,0,4.0342917254,3.46123312948,0,0,1
current_r2,18.65,15.7248867431,9.95159335972,0,0,4.0342917254,3.46123312948,0,0,1
current_r2,18.675,15.7248867431,9.95159335972,0,0,4.0342917254,3.46123312948,0,0,1
current_r2,18.7,15.7248867431,9.95159335972,0,0,4.0342917254,3.46123312948,0,0,1
current_r2,18.725,15.7248867431,9.95159335972,0,0,4.0342917254,3.46123312948,0,0,1
current_r2,18.75,15.7248867431,9.95159335972,0,0,4.0342917254,3.46123312948,0,0,1
current_r2,18.775,15.7248867431,9.95159335972,0,0,4.0342917254,3.46123312948,0,0,1
current_r2,18.8,15.7248867431,9.95159335972,0,0,4.0342917254,3.46123312948,0,0,1
current_r2,18.825,15.7248867431,9.95159335972,0,0,4.0342917254,3.46123312948,0,0,1
current_r2,18.85,15.7248867431,9.95159335972,0,0,4.0342917254,3.46123312948,0,0,1
current_r2,18.875,15.7248867431,9.95159335972,0,0,4.0342917254,3.46123312948,0,0,1
current_r2,18.9,15.7248867431,9.95159335972,0,0,4.0342917254,3.46123312948,0,0,1
current_r2,18.925,15.7248867431,9.95159335972,0,0,4.0342917254,3.46123312948,0,0,1
current_r2,18.95,15.7248867431,9.95159335972,0,0,4.0342917254,3.46123312948,0,0,1
current_r2,18.975,15.7248867431,9.95159335972,0,0,4.0342917254,3.46123312948,0,0,1
current_r2,19,15.7248867431,9.95159335972,0,0,4.0342917254,3.46123312948,0,0,1
current_r2,19.025,15.7248867431,9.95159335972,0,0,4.0342917254,3.46123312948,0,0,1
current_r2,19.05,15.7248867431,9.95159335972,0,0,4.0342917254,3.46123312948,0,0,1
current_r2,19.075,15.7248867431,9.95159335972,0,0,4.0342917254,3.46123312948,0,0,1
current_r2,19.1,15.7248867431,9.95159335972,0,0,4.0342917254,3.46123312948,0,0,1
current_r2,19.125,15.7248867431,9.95159335972,0,0,4.0342917254,3.46123312948,0,0,1
current_r2,19.15,15.7248867431,9.95159335972,0,0,4.0342917254,3.46123312948,0,0,1
current_r2,19.175,15.7248867431,9.95159335972,0,0,4.0342917254,3.46123312948,0,0,1
current_r2,19.2,15.7248867431,9.95159335972,0,0,4.0342917254,3.46123312948,0,0,1
current_r2,19.225,15.7248867431,9.95159335972,0,0,4.0342917254,3.46123312948,0,0,1
current_r2,19.25,15.7248867431,9.95159335972,0,0,4.0342917254,3.46123312948,0,0,1
current_r2,19.275,15.7248867431,9.95159335972,0,0,4.0342917254,3.46123312948,0,0,1
current_r2,19.3,15.7248867431,9.95159335972,0,0,4.0342917254,3.46123312948,0,0,1
current_r2,19.325,15.7248867431,9.95159335972,0,0,4.0342917254,3.46123312948,0,0,1
current_r2,19.35,15.7248867431,9.95159335972,0,0,4.0342917254,3.46123312948,0,0,1
current_r2,19.375,15.7248867431,9.95159335972,0,0,4.0342917254,3.46123312948,0,0,1
current_r2,19.4,15.7248867431,9.95159335972,0,0,4.0342917254,3.46123312948,0,0,1
current_r2,19.425,15.7248867431,9.95159335972,0,0,4.0342917254,3.46123312948,0,0,1
current_r2,19.45,15.7248867431,9.95159335972,0,0,4.0342917254,3.46123312948,0,0,1
current_r2,19.475,15.7248867431,9.95159335972,0,0,4.0342917254,3.46123312948,0,0,1
current_r2,19.5,15.7248867431,9.95159335972,0,0,4.0342917254,3.46123312948,0,0,1
current_r2,19.525,15.7248867431,9.95159335972,0,0,4.0342917254,3.46123312948,0,0,1
current_r2,19.55,15.7248867431,9.95159335972,0,0,4.0342917254,3.46123312948,0,0,1
current_r2,19.575,15.7248867431,9.95159335972,0,0,4.0342917254,3.46123312948,0,0,1
current_r2,19.6,15.7248867431,9.95159335972,0,0,4.0342917254,3.46123312948,0,0,1
current_r2,19.625,15.7248867431,9.95159335972,0,0,4.0342917254,3.46123312948,0,0,1
current_r2,19.65,15.7248867431,9.95159335972,0,0,4.0342917254,3.46123312948,0,0,1
current_r2,19.675,15.7248867431,9.95159335972,0,0,4.0342917254,3.46123312948,0,0,1
current_r2,19.7,15.7248867431,9.95159335972,0,0,4.0342917254,3.46123312948,0,0,1
current_r2,19.725,15.7248867431,9.95159335972,0,0,4.0342917254,3.46123312948,0,0,1
current_r2,19.75,15.7248867431,9.95159335972,0,0,4.0342917254,3.46123312948,0,0,1
current_r2,19.775,15.7248867431,9.95159335972,0,0,4.0342917254,3.46123312948,0,0,1
current_r2,19.8,15.7248867431,9.95159335972,0,0,4.0342917254,3.46123312948,0,0,1
current_r2,19.825,15.7248867431,9.95159335972,0,0,4.0342917254,3.46123312948,0,0,1
current_r2,19.85,15.7248867431,9.95159335972,0,0,4.0342917254,3.46123312948,0,0,1
current_r2,19.875,15.7248867431,9.95159335972,0,0,4.0342917254,3.46123312948,0,0,1
current_r2,19.9,15.7248867431,9.95159335972,0,0,4.0342917254,3.46123312948,0,0,1
current_r2,19.925,15.7248867431,9.95159335972,0,0,4.0342917254,3.46123312948,0,0,1
current_r2,19.95,15.7248867431,9.95159335972,0,0,4.0342917254,3.46123312948,0,0,1
current_r2,19.975,15.7248867431,9.95159335972,0,0,4.0342917254,3.46123312948,0,0,1
current_r2,20,15.7248867431,9.95159335972,0,0,4.0342917254,3.46123312948,0,0,1
current_r2,20.025,15.7248867431,9.95159335972,0,0,4.0342917254,3.46123312948,0,0,1
current_r2,20.05,15.7248867431,9.95159335972,0,0,4.0342917254,3.46123312948,0,0,1
current_r2,20.075,15.7248867431,9.95159335972,0,0,4.0342917254,3.46123312948,0,0,1
current_r2,20.1,15.7248867431,9.95159335972,0,0,4.0342917254,3.46123312948,0,0,1
current_r2,20.125,15.7248867431,9.95159335972,0,0,4.0342917254,3.46123312948,0,0,1
current_r2,20.15,15.7248867431,9.95159335972,0,0,4.0342917254,3.46123312948,0,0,1
current_r2,20.175,15.7248867431,9.95159335972,0,0,4.0342917254,3.46123312948,0,0,1
current_r2,20.2,15.7248867431,9.95159335972,0,0,4.0342917254,3.46123312948,0,0,1
current_r2,20.225,15.7248867431,9.95159335972,0,0,4.0342917254,3.46123312948,0,0,1
current_r2,20.25,15.7248867431,9.95159335972,0,0,4.0342917254,3.46123312948,0,0,1
current_r2,20.275,15.7248867431,9.95159335972,0,0,4.0342917254,3.46123312948,0,0,1
current_r2,20.3,15.7248867431,9.95159335972,0,0,4.0342917254,3.46123312948,0,0,1
current_r2,20.325,15.7248867431,9.95159335972,0,0,4.0342917254,3.46123312948,0,0,1
current_r2,20.35,15.7248867431,9.95159335972,0,0,4.0342917254,3.46123312948,0,0,1
current_r2,20.375,15.7248867431,9.95159335972,0,0,4.0342917254,3.46123312948,0,0,1
current_r2,20.4,15.7248867431,9.95159335972,0,0,4.0342917254,3.46123312948,0,0,1
current_r2,20.425,15.7248867431,9.95159335972,0,0,4.0342917254,3.46123312948,0,0,1
current_r2,20.45,15.7248867431,9.95159335972,0,0,4.0342917254,3.46123312948,0,0,1
current_r2,20.475,15.7248867431,9.95159335972,0,0,4.0342917254,3.46123312948,0,0,1
current_r2,20.5,15.7248867431,9.95159335972,0,0,4.0342917254,3.46123312948,0,0,1
current_r2,20.525,15.7248867431,9.95159335972,0,0,4.0342917254,3.46123312948,0,0,1
current_r2,20.55,15.7248867431,9.95159335972,0,0,4.0342917254,3.46123312948,0,0,1
current_r2,20.575,15.7248867431,9.95159335972,0,0,4.0342917254,3.46123312948,0,0,1
current_r2,20.6,15.7248867431,9.95159335972,0,0,4.0342917254,3.46123312948,0,0,1
current_r2,20.625,15.7248867431,9.95159335972,0,0,4.0342917254,3.46123312948,0,0,1
current_r2,20.65,15.7248867431,9.95159335972,0,0,4.0342917254,3.46123312948,0,0,1
current_r2,20.675,15.7248867431,9.95159335972,0,0,4.0342917254,3.46123312948,0,0,1
current_r2,20.7,15.7248867431,9.95159335972,0,0,4.0342917254,3.46123312948,0,0,1
current_r2,20.725,15.7248867431,9.95159335972,0,0,4.0342917254,3.46123312948,0,0,1
current_r2,20.75,15.7248867431,9.95159335972,0,0,4.0342917254,3.46123312948,0,0,1
current_r2,20.775,15.7248867431,9.95159335972,0,0,4.0342917254,3.46123312948,0,0,1
current_r2,20.8,15.7248867431,9.95159335972,0,0,4.0342917254,3.46123312948,0,0,1
current_r2,20.825,15.7248867431,9.95159335972,0,0,4.0342917254,3.46123312948,0,0,1
current_r2,20.85,15.7248867431,9.95159335972,0,0,4.0342917254,3.46123312948,0,0,1
current_r2,20.875,15.7248867431,9.95159335972,0,0,4.0342917254,3.46123312948,0,0,1
current_r2,20.9,15.7248867431,9.95159335972,0,0,4.0342917254,3.46123312948,0,0,1
current_r2,20.925,15.7248867431,9.95159335972,0,0,4.0342917254,3.46123312948,0,0,1
current_r2,20.95,15.7248867431,9.95159335972,0,0,4.0342917254,3.46123312948,0,0,1
current_r2,20.975,15.7248867431,9.95159335972,0,0,4.0342917254,3.46123312948,0,0,1
current_r2,21,15.7248867431,9.95159335972,0,0,4.0342917254,3.46123312948,0,0,1
current_r2,21.025,15.7248867431,9.95159335972,0,0,4.0342917254,3.46123312948,0,0,1
current_r2,21.05,15.7248867431,9.95159335972,0,0,4.0342917254,3.46123312948,0,0,1
current_r2,21.075,15.7248867431,9.95159335972,0,0,4.0342917254,3.46123312948,0,0,1
current_r2,21.1,15.7248867431,9.95159335972,0,0,4.0342917254,3.46123312948,0,0,1
current_r2,21.125,15.7248867431,9.95159335972,0,0,4.0342917254,3.46123312948,0,0,1
current_r2,21.15,15.7248867431,9.95159335972,0,0,4.0342917254,3.46123312948,0,0,1
current_r2,21.175,15.7248867431,9.95159335972,0,0,4.0342917254,3.46123312948,0,0,1
current_r2,21.2,15.7248867431,9.95159335972,0,0,4.0342917254,3.46123312948,0,0,1
current_r2,21.225,15.7248867431,9.95159335972,0,0,4.0342917254,3.46123312948,0,0,1
current_r2,21.25,15.7248867431,9.95159335972,0,0,4.0342917254,3.46123312948,0,0,1
current_r2,21.275,15.7248867431,9.95159335972,0,0,4.0342917254,3.46123312948,0,0,1
current_r2,21.3,15.7248867431,9.95159335972,0,0,4.0342917254,3.46123312948,0,0,1
current_r2,21.325,15.7248867431,9.95159335972,0,0,4.0342917254,3.46123312948,0,0,1
current_r2,21.35,15.7248867431,9.95159335972,0,0,4.0342917254,3.46123312948,0,0,1
current_r2,21.375,15.7248867431,9.95159335972,0,0,4.0342917254,3.46123312948,0,0,1
current_r2,21.4,15.7248867431,9.95159335972,0,0,4.0342917254,3.46123312948,0,0,1
current_r2,21.425,15.7248867431,9.95159335972,0,0,4.0342917254,3.46123312948,0,0,1
current_r2,21.45,15.7248867431,9.95159335972,0,0,4.0342917254,3.46123312948,0,0,1
current_r2,21.475,15.7248867431,9.95159335972,0,0,4.0342917254,3.46123312948,0,0,1
current_r2,21.5,15.7248867431,9.95159335972,0,0,4.0342917254,3.46123312948,0,0,1
current_r2,21.525,15.7248867431,9.95159335972,0,0,4.0342917254,3.46123312948,0,0,1
current_r2,21.55,15.7248867431,9.95159335972,0,0,4.0342917254,3.46123312948,0,0,1
current_r2,21.575,15.7248867431,9.95159335972,0,0,4.0342917254,3.46123312948,0,0,1
current_r2,21.6,15.7248867431,9.95159335972,0,0,4.0342917254,3.46123312948,0,0,1
current_r2,21.625,15.7248867431,9.95159335972,0,0,4.0342917254,3.46123312948,0,0,1
current_r2,21.65,15.7248867431,9.95159335972,0,0,4.0342917254,3.46123312948,0,0,1
current_r2,21.675,15.7248867431,9.95159335972,0,0,4.0342917254,3.46123312948,0,0,1
current_r2,21.7,15.7248867431,9.95159335972,0,0,4.0342917254,3.46123312948,0,0,1
current_r2,21.725,15.7248867431,9.95159335972,0,0,4.0342917254,3.46123312948,0,0,1
current_r2,21.75,15.7248867431,9.95159335972,0,0,4.0342917254,3.46123312948,0,0,1
current_r2,21.775,15.7248867431,9.95159335972,0,0,4.0342917254,3.46123312948,0,0,1
current_r2,21.8,15.7248867431,9.95159335972,0,0,4.0342917254,3.46123312948,0,0,1
current_r2,21.825,15.7248867431,9.95159335972,0,0,4.0342917254,3.46123312948,0,0,1
current_r2,21.85,15.7248867431,9.95159335972,0,0,4.0342917254,3.46123312948,0,0,1
current_r2,21.875,15.7248867431,9.95159335972,0,0,4.0342917254,3.46123312948,0,0,1
current_r2,21.9,15.7248867431,9.95159335972,0,0,4.0342917254,3.46123312948,0,0,1
current_r2,21.925,15.7248867431,9.95159335972,0,0,4.0342917254,3.46123312948,0,0,1
current_r2,21.95,15.7248867431,9.95159335972,0,0,4.0342917254,3.46123312948,0,0,1
current_r2,21.975,15.7248867431,9.95159335972,0,0,4.0342917254,3.46123312948,0,0,1
current_r2,22,15.7248867431,9.95159335972,0,0,4.0342917254,3.46123312948,0,0,1
current_r2,22.025,15.7248867431,9.95159335972,0,0,4.0342917254,3.46123312948,0,0,1
current_r2,22.05,15.7248867431,9.95159335972,0,0,4.0342917254,3.46123312948,0,0,1
current_r2,22.075,15.7248867431,9.95159335972,0,0,4.0342917254,3.46123312948,0,0,1
current_r2,22.1,15.7248867431,9.95159335972,0,0,4.0342917254,3.46123312948,0,0,1
current_r2,22.125,15.7248867431,9.95159335972,0,0,4.0342917254,3.46123312948,0,0,1
current_r2,22.15,15.7248867431,9.95159335972,0,0,4.0342917254,3.46123312948,0,0,1
current_r2,22.175,15.7248867431,9.95159335972,0,0,4.0342917254,3.46123312948,0,0,1
current_r2,22.2,15.7248867431,9.95159335972,0,0,4.0342917254,3.46123312948,0,0,1
current_r2,22.225,15.7248867431,9.95159335972,0,0,4.0342917254,3.46123312948,0,0,1
current_r2,22.25,15.7248867431,9.95159335972,0,0,4.0342917254,3.46123312948,0,0,1
current_r2,22.275,15.7248867431,9.95159335972,0,0,4.0342917254,3.46123312948,0,0,1
current_r2,22.3,15.7248867431,9.95159335972,0,0,4.0342917254,3.46123312948,0,0,1
current_r2,22.325,15.7248867431,9.95159335972,0,0,4.0342917254,3.46123312948,0,0,1
current_r2,22.35,15.7248867431,9.95159335972,0,0,4.0342917254,3.46123312948,0,0,1
current_r2,22.375,15.7248867431,9.95159335972,0,0,4.0342917254,3.46123312948,0,0,1
current_r2,22.4,15.7248867431,9.95159335972,0,0,4.0342917254,3.46123312948,0,0,1
current_r2,22.425,15.7248867431,9.95159335972,0,0,4.0342917254,3.46123312948,0,0,1
current_r2,22.45,15.7248867431,9.95159335972,0,0,4.0342917254,3.46123312948,0,0,1
current_r2,22.475,15.7248867431,9.95159335972,0,0,4.0342917254,3.46123312948,0,0,1
current_r2,22.5,15.7248867431,9.95159335972,0,0,4.0342917254,3.46123312948,0,0,1
current_r2,22.525,15.7248867431,9.95159335972,0,0,4.0342917254,3.46123312948,0,0,1
current_r2,22.55,15.7248867431,9.95159335972,0,0,4.0342917254,3.46123312948,0,0,1
current_r2,22.575,15.7248867431,9.95159335972,0,0,4.0342917254,3.46123312948,0,0,1
current_r2,22.6,15.7248867431,9.95159335972,0,0,4.0342917254,3.46123312948,0,0,1
current_r2,22.625,15.7248867431,9.95159335972,0,0,4.0342917254,3.46123312948,0,0,1
current_r2,22.65,15.7248867431,9.95159335972,0,0,4.0342917254,3.46123312948,0,0,1
current_r2,22.675,15.7248867431,9.95159335972,0,0,4.0342917254,3.46123312948,0,0,1
current_r2,22.7,15.7248867431,9.95159335972,0,0,4.0342917254,3.46123312948,0,0,1
current_r2,22.725,15.7248867431,9.95159335972,0,0,4.0342917254,3.46123312948,0,0,1
current_r2,22.75,15.7248867431,9.95159335972,0,0,4.0342917254,3.46123312948,0,0,1
current_r2,22.775,15.7248867431,9.95159335972,0,0,4.0342917254,3.46123312948,0,0,1
current_r2,22.8,15.7248867431,9.95159335972,0,0,4.0342917254,3.46123312948,0,0,1
current_r2,22.825,15.7248867431,9.95159335972,0,0,4.0342917254,3.46123312948,0,0,1
current_r2,22.85,15.7248867431,9.95159335972,0,0,4.0342917254,3.46123312948,0,0,1
current_r2,22.875,15.7248867431,9.95159335972,0,0,4.0342917254,3.46123312948,0,0,1
current_r2,22.9,15.7248867431,9.95159335972,0,0,4.0342917254,3.46123312948,0,0,1
current_r2,22.925,15.7248867431,9.95159335972,0,0,4.0342917254,3.46123312948,0,0,1
current_r2,22.95,15.7248867431,9.95159335972,0,0,4.0342917254,3.46123312948,0,0,1
current_r2,22.975,15.7248867431,9.95159335972,0,0,4.0342917254,3.46123312948,0,0,1
current_r2,23,15.7248867431,9.95159335972,0,0,4.0342917254,3.46123312948,0,0,1
current_r2,23.025,15.7248867431,9.95159335972,0,0,4.0342917254,3.46123312948,0,0,1
current_r2,23.05,15.7248867431,9.95159335972,0,0,4.0342917254,3.46123312948,0,0,1
current_r2,23.075,15.7248867431,9.95159335972,0,0,4.0342917254,3.46123312948,0,0,1
current_r2,23.1,15.7248867431,9.95159335972,0,0,4.0342917254,3.46123312948,0,0,1
current_r2,23.125,15.7248867431,9.95159335972,0,0,4.0342917254,3.46123312948,0,0,1
current_r2,23.15,15.7248867431,9.95159335972,0,0,4.0342917254,3.46123312948,0,0,1
current_r2,23.175,15.7248867431,9.95159335972,0,0,4.0342917254,3.46123312948,0,0,1
current_r2,23.2,15.7248867431,9.95159335972,0,0,4.0342917254,3.46123312948,0,0,1
current_r2,23.225,15.7248867431,9.95159335972,0,0,4.0342917254,3.46123312948,0,0,1
current_r2,23.25,15.7248867431,9.95159335972,0,0,4.0342917254,3.46123312948,0,0,1
current_r2,23.275,15.7248867431,9.95159335972,0,0,4.0342917254,3.46123312948,0,0,1
current_r2,23.3,15.7248867431,9.95159335972,0,0,4.0342917254,3.46123312948,0,0,1
current_r2,23.325,15.7248867431,9.95159335972,0,0,4.0342917254,3.46123312948,0,0,1
current_r2,23.35,15.7248867431,9.95159335972,0,0,4.0342917254,3.46123312948,0,0,1
current_r2,23.375,15.7248867431,9.95159335972,0,0,4.0342917254,3.46123312948,0,0,1
current_r2,23.4,15.7248867431,9.95159335972,0,0,4.0342917254,3.46123312948,0,0,1
current_r2,23.425,15.7248867431,9.95159335972,0,0,4.0342917254,3.46123312948,0,0,1
current_r2,23.45,15.7248867431,9.95159335972,0,0,4.0342917254,3.46123312948,0,0,1
current_r2,23.475,15.7248867431,9.95159335972,0,0,4.0342917254,3.46123312948,0,0,1
current_r2,23.5,15.7248867431,9.95159335972,0,0,4.0342917254,3.46123312948,0,0,1
current_r2,23.525,15.7248867431,9.95159335972,0,0,4.0342917254,3.46123312948,0,0,1
current_r2,23.55,15.7248867431,9.95159335972,0,0,4.0342917254,3.46123312948,0,0,1
current_r2,23.575,15.7248867431,9.95159335972,0,0,4.0342917254,3.46123312948,0,0,1
current_r2,23.6,15.7248867431,9.95159335972,0,0,4.0342917254,3.46123312948,0,0,1
current_r2,23.625,15.7248867431,9.95159335972,0,0,4.0342917254,3.46123312948,0,0,1
current_r2,23.65,15.7248867431,9.95159335972,0,0,4.0342917254,3.46123312948,0,0,1
current_r2,23.675,15.7248867431,9.95159335972,0,0,4.0342917254,3.46123312948,0,0,1
current_r2,23.7,15.7248867431,9.95159335972,0,0,4.0342917254,3.46123312948,0,0,1
current_r2,23.725,15.7248867431,9.95159335972,0,0,4.0342917254,3.46123312948,0,0,1
current_r2,23.75,15.7248867431,9.95159335972,0,0,4.0342917254,3.46123312948,0,0,1
current_r2,23.775,15.7248867431,9.95159335972,0,0,4.0342917254,3.46123312948,0,0,1
current_r2,23.8,15.7248867431,9.95159335972,0,0,4.0342917254,3.46123312948,0,0,1
current_r2,23.825,15.7248867431,9.95159335972,0,0,4.0342917254,3.46123312948,0,0,1
current_r2,23.85,15.7248867431,9.95159335972,0,0,4.0342917254,3.46123312948,0,0,1
current_r2,23.875,15.7248867431,9.95159335972,0,0,4.0342917254,3.46123312948,0,0,1
current_r2,23.9,15.7248867431,9.95159335972,0,0,4.0342917254,3.46123312948,0,0,1
current_r2,23.925,15.7248867431,9.95159335972,0,0,4.0342917254,3.46123312948,0,0,1
current_r2,23.95,15.7248867431,9.95159335972,0,0,4.0342917254,3.46123312948,0,0,1
current_r2,23.975,15.7248867431,9.95159335972,0,0,4.0342917254,3.46123312948,0,0,1
current_r2,24,15.7248867431,9.95159335972,0,0,4.0342917254,3.46123312948,0,0,1
current_r2,24.025,15.7248867431,9.95159335972,0,0,4.0342917254,3.46123312948,0,0,1
current_r2,24.05,15.7248867431,9.95159335972,0,0,4.0342917254,3.46123312948,0,0,1
current_r2,24.075,15.7248867431,9.95159335972,0,0,4.0342917254,3.46123312948,0,0,1
current_r2,24.1,15.7248867431,9.95159335972,0,0,4.0342917254,3.46123312948,0,0,1
current_r2,24.125,15.7248867431,9.95159335972,0,0,4.0342917254,3.46123312948,0,0,1
current_r2,24.15,15.7248867431,9.95159335972,0,0,4.0342917254,3.46123312948,0,0,1
current_r2,24.175,15.7248867431,9.95159335972,0,0,4.0342917254,3.46123312948,0,0,1
current_r2,24.2,15.7248867431,9.95159335972,0,0,4.0342917254,3.46123312948,0,0,1
current_r2,24.225,15.7248867431,9.95159335972,0,0,4.0342917254,3.46123312948,0,0,1
current_r2,24.25,15.7248867431,9.95159335972,0,0,4.0342917254,3.46123312948,0,0,1
current_r2,24.275,15.7248867431,9.95159335972,0,0,4.0342917254,3.46123312948,0,0,1
current_r2,24.3,15.7248867431,9.95159335972,0,0,4.0342917254,3.46123312948,0,0,1
current_r2,24.325,15.7248867431,9.95159335972,0,0,4.0342917254,3.46123312948,0,0,1
current_r2,24.35,15.7248867431,9.95159335972,0,0,4.0342917254,3.46123312948,0,0,1
current_r2,24.375,15.7248867431,9.95159335972,0,0,4.0342917254,3.46123312948,0,0,1
current_r2,24.4,15.7248867431,9.95159335972,0,0,4.0342917254,3.46123312948,0,0,1
current_r2,24.425,15.7248867431,9.95159335972,0,0,4.0342917254,3.46123312948,0,0,1
current_r2,24.45,15.7248867431,9.95159335972,0,0,4.0342917254,3.46123312948,0,0,1
current_r2,24.475,15.7248867431,9.95159335972,0,0,4.0342917254,3.46123312948,0,0,1
current_r2,24.5,15.7248867431,9.95159335972,0,0,4.0342917254,3.46123312948,0,0,1
current_r2,24.525,15.7248867431,9.95159335972,0,0,4.0342917254,3.46123312948,0,0,1
current_r2,24.55,15.7248867431,9.95159335972,0,0,4.0342917254,3.46123312948,0,0,1
current_r2,24.575,15.7248867431,9.95159335972,0,0,4.0342917254,3.46123312948,0,0,1
current_r2,24.6,15.7248867431,9.95159335972,0,0,4.0342917254,3.46123312948,0,0,1
current_r2,24.625,15.7248867431,9.95159335972,0,0,4.0342917254,3.46123312948,0,0,1
current_r2,24.65,15.7248867431,9.95159335972,0,0,4.0342917254,3.46123312948,0,0,1
current_r2,24.675,15.7248867431,9.95159335972,0,0,4.0342917254,3.46123312948,0,0,1
current_r2,24.7,15.7248867431,9.95159335972,0,0,4.0342917254,3.46123312948,0,0,1
current_r2,24.725,15.7248867431,9.95159335972,0,0,4.0342917254,3.46123312948,0,0,1
current_r2,24.75,15.7248867431,9.95159335972,0,0,4.0342917254,3.46123312948,0,0,1
current_r2,24.775,15.7248867431,9.95159335972,0,0,4.0342917254,3.46123312948,0,0,1
current_r2,24.8,15.7248867431,9.95159335972,0,0,4.0342917254,3.46123312948,0,0,1
current_r2,24.825,15.7248867431,9.95159335972,0,0,4.0342917254,3.46123312948,0,0,1
current_r2,24.85,15.7248867431,9.95159335972,0,0,4.0342917254,3.46123312948,0,0,1
current_r2,24.875,15.7248867431,9.95159335972,0,0,4.0342917254,3.46123312948,0,0,1
current_r2,24.9,15.7248867431,9.95159335972,0,0,4.0342917254,3.46123312948,0,0,1
current_r2,24.925,15.7248867431,9.95159335972,0,0,4.0342917254,3.46123312948,0,0,1
current_r2,24.95,15.7248867431,9.95159335972,0,0,4.0342917254,3.46123312948,0,0,1
current_r2,24.975,15.7248867431,9.95159335972,0,0,4.0342917254,3.46123312948,0,0,1
current_r2,25,15.7248867431,9.95159335972,0,0,4.0342917254,3.46123312948,0,0,1
current_r2,25.025,15.7248867431,9.95159335972,0,0,4.0342917254,3.46123312948,0,0,1
current_r2,25.05,15.7248867431,9.95159335972,0,0,4.0342917254,3.46123312948,0,0,1
current_r2,25.075,15.7248867431,9.95159335972,0,0,4.0342917254,3.46123312948,0,0,1
current_r2,25.1,15.7248867431,9.95159335972,0,0,4.0342917254,3.46123312948,0,0,1
current_r2,25.125,15.7248867431,9.95159335972,0,0,4.0342917254,3.46123312948,0,0,1
current_r2,25.15,15.7248867431,9.95159335972,0,0,4.0342917254,3.46123312948,0,0,1
current_r2,25.175,15.7248867431,9.95159335972,0,0,4.0342917254,3.46123312948,0,0,1
current_r2,25.2,15.7248867431,9.95159335972,0,0,4.0342917254,3.46123312948,0,0,1
current_r2,25.225,15.7248867431,9.95159335972,0,0,4.0342917254,3.46123312948,0,0,1
current_r2,25.25,15.7248867431,9.95159335972,0,0,4.0342917254,3.46123312948,0,0,1
current_r2,25.275,15.7248867431,9.95159335972,0,0,4.0342917254,3.46123312948,0,0,1
current_r2,25.3,15.7248867431,9.95159335972,0,0,4.0342917254,3.46123312948,0,0,1
current_r2,25.325,15.7248867431,9.95159335972,0,0,4.0342917254,3.46123312948,0,0,1
current_r2,25.35,15.7248867431,9.95159335972,0,0,4.0342917254,3.46123312948,0,0,1
current_r2,25.375,15.7248867431,9.95159335972,0,0,4.0342917254,3.46123312948,0,0,1
current_r2,25.4,15.7248867431,9.95159335972,0,0,4.0342917254,3.46123312948,0,0,1
current_r2,25.425,15.7248867431,9.95159335972,0,0,4.0342917254,3.46123312948,0,0,1
current_r2,25.45,15.7248867431,9.95159335972,0,0,4.0342917254,3.46123312948,0,0,1
current_r2,25.475,15.7248867431,9.95159335972,0,0,4.0342917254,3.46123312948,0,0,1
current_r2,25.5,15.7248867431,9.95159335972,0,0,4.0342917254,3.46123312948,0,0,1
current_r2,25.525,15.7248867431,9.95159335972,0,0,4.0342917254,3.46123312948,0,0,1
current_r2,25.55,15.7248867431,9.95159335972,0,0,4.0342917254,3.46123312948,0,0,1
current_r2,25.575,15.7248867431,9.95159335972,0,0,4.0342917254,3.46123312948,0,0,1
current_r2,25.6,15.7248867431,9.95159335972,0,0,4.0342917254,3.46123312948,0,0,1
current_r2,25.625,15.7248867431,9.95159335972,0,0,4.0342917254,3.46123312948,0,0,1
current_r2,25.65,15.7248867431,9.95159335972,0,0,4.0342917254,3.46123312948,0,0,1
current_r2,25.675,15.7248867431,9.95159335972,0,0,4.0342917254,3.46123312948,0,0,1
current_r2,25.7,15.7248867431,9.95159335972,0,0,4.0342917254,3.46123312948,0,0,1
current_r2,25.725,15.7248867431,9.95159335972,0,0,4.0342917254,3.46123312948,0,0,1
current_r2,25.75,15.7248867431,9.95159335972,0,0,4.0342917254,3.46123312948,0,0,1
current_r2,25.775,15.7248867431,9.95159335972,0,0,4.0342917254,3.46123312948,0,0,1
current_r2,25.8,15.7248867431,9.95159335972,0,0,4.0342917254,3.46123312948,0,0,1
current_r2,25.825,15.7248867431,9.95159335972,0,0,4.0342917254,3.46123312948,0,0,1
current_r2,25.85,15.7248867431,9.95159335972,0,0,4.0342917254,3.46123312948,0,0,1
current_r2,25.875,15.7248867431,9.95159335972,0,0,4.0342917254,3.46123312948,0,0,1
current_r2,25.9,15.7248867431,9.95159335972,0,0,4.0342917254,3.46123312948,0,0,1
current_r2,25.925,15.7248867431,9.95159335972,0,0,4.0342917254,3.46123312948,0,0,1
current_r2,25.95,15.7248867431,9.95159335972,0,0,4.0342917254,3.46123312948,0,0,1
current_r2,25.975,15.7248867431,9.95159335972,0,0,4.0342917254,3.46123312948,0,0,1
current_r2,26,15.7248867431,9.95159335972,0,0,4.0342917254,3.46123312948,0,0,1
current_r2,26.025,15.7248867431,9.95159335972,0,0,4.0342917254,3.46123312948,0,0,1
current_r2,26.05,15.7248867431,9.95159335972,0,0,4.0342917254,3.46123312948,0,0,1
current_r2,26.075,15.7248867431,9.95159335972,0,0,4.0342917254,3.46123312948,0,0,1
current_r2,26.1,15.7248867431,9.95159335972,0,0,4.0342917254,3.46123312948,0,0,1
current_r2,26.125,15.7248867431,9.95159335972,0,0,4.0342917254,3.46123312948,0,0,1
current_r2,26.15,15.7248867431,9.95159335972,0,0,4.0342917254,3.46123312948,0,0,1
current_r2,26.175,15.7248867431,9.95159335972,0,0,4.0342917254,3.46123312948,0,0,1
current_r2,26.2,15.7248867431,9.95159335972,0,0,4.0342917254,3.46123312948,0,0,1
current_r2,26.225,15.7248867431,9.95159335972,0,0,4.0342917254,3.46123312948,0,0,1
current_r2,26.25,15.7248867431,9.95159335972,0,0,4.0342917254,3.46123312948,0,0,1
current_r2,26.275,15.7248867431,9.95159335972,0,0,4.0342917254,3.46123312948,0,0,1
current_r2,26.3,15.7248867431,9.95159335972,0,0,4.0342917254,3.46123312948,0,0,1
current_r2,26.325,15.7248867431,9.95159335972,0,0,4.0342917254,3.46123312948,0,0,1
current_r2,26.35,15.7248867431,9.95159335972,0,0,4.0342917254,3.46123312948,0,0,1
current_r2,26.375,15.7248867431,9.95159335972,0,0,4.0342917254,3.46123312948,0,0,1
current_r2,26.4,15.7248867431,9.95159335972,0,0,4.0342917254,3.46123312948,0,0,1
current_r2,26.425,15.7248867431,9.95159335972,0,0,4.0342917254,3.46123312948,0,0,1
current_r2,26.45,15.7248867431,9.95159335972,0,0,4.0342917254,3.46123312948,0,0,1
current_r2,26.475,15.7248867431,9.95159335972,0,0,4.0342917254,3.46123312948,0,0,1
current_r2,26.5,15.7248867431,9.95159335972,0,0,4.0342917254,3.46123312948,0,0,1
current_r2,26.525,15.7248867431,9.95159335972,0,0,4.0342917254,3.46123312948,0,0,1
current_r2,26.55,15.7248867431,9.95159335972,0,0,4.0342917254,3.46123312948,0,0,1
current_r2,26.575,15.7248867431,9.95159335972,0,0,4.0342917254,3.46123312948,0,0,1
current_r2,26.6,15.7248867431,9.95159335972,0,0,4.0342917254,3.46123312948,0,0,1
current_r2,26.625,15.7248867431,9.95159335972,0,0,4.0342917254,3.46123312948,0,0,1
current_r2,26.65,15.7248867431,9.95159335972,0,0,4.0342917254,3.46123312948,0,0,1
current_r2,26.675,15.7248867431,9.95159335972,0,0,4.0342917254,3.46123312948,0,0,1
current_r2,26.7,15.7248867431,9.95159335972,0,0,4.0342917254,3.46123312948,0,0,1
current_r2,26.725,15.7248867431,9.95159335972,0,0,4.0342917254,3.46123312948,0,0,1
current_r2,26.75,15.7248867431,9.95159335972,0,0,4.0342917254,3.46123312948,0,0,1
current_r2,26.775,15.7248867431,9.95159335972,0,0,4.0342917254,3.46123312948,0,0,1
current_r2,26.8,15.7248867431,9.95159335972,0,0,4.0342917254,3.46123312948,0,0,1
current_r2,26.825,15.7248867431,9.95159335972,0,0,4.0342917254,3.46123312948,0,0,1
current_r2,26.85,15.7248867431,9.95159335972,0,0,4.0342917254,3.46123312948,0,0,1
current_r2,26.875,15.7248867431,9.95159335972,0,0,4.0342917254,3.46123312948,0,0,1
current_r2,26.9,15.7248867431,9.95159335972,0,0,4.0342917254,3.46123312948,0,0,1
current_r2,26.925,15.7248867431,9.95159335972,0,0,4.0342917254,3.46123312948,0,0,1
current_r2,26.95,15.7248867431,9.95159335972,0,0,4.0342917254,3.46123312948,0,0,1
current_r2,26.975,15.7248867431,9.95159335972,0,0,4.0342917254,3.46123312948,0,0,1
current_r2,27,15.7248867431,9.95159335972,0,0,4.0342917254,3.46123312948,0,0,1
current_r2,27.025,15.7248867431,9.95159335972,0,0,4.0342917254,3.46123312948,0,0,1
current_r2,27.05,15.7248867431,9.95159335972,0,0,4.0342917254,3.46123312948,0,0,1
current_r2,27.075,15.7248867431,9.95159335972,0,0,4.0342917254,3.46123312948,0,0,1
current_r2,27.1,15.7248867431,9.95159335972,0,0,4.0342917254,3.46123312948,0,0,1
current_r2,27.125,15.7248867431,9.95159335972,0,0,4.0342917254,3.46123312948,0,0,1
current_r2,27.15,15.7248867431,9.95159335972,0,0,4.0342917254,3.46123312948,0,0,1
current_r2,27.175,15.7248867431,9.95159335972,0,0,4.0342917254,3.46123312948,0,0,1
current_r2,27.2,15.7248867431,9.95159335972,0,0,4.0342917254,3.46123312948,0,0,1
current_r2,27.225,15.7248867431,9.95159335972,0,0,4.0342917254,3.46123312948,0,0,1
current_r2,27.25,15.7248867431,9.95159335972,0,0,4.0342917254,3.46123312948,0,0,1
current_r2,27.275,15.7248867431,9.95159335972,0,0,4.0342917254,3.46123312948,0,0,1
current_r2,27.3,15.7248867431,9.95159335972,0,0,4.0342917254,3.46123312948,0,0,1
current_r2,27.325,15.7248867431,9.95159335972,0,0,4.0342917254,3.46123312948,0,0,1
current_r2,27.35,15.7248867431,9.95159335972,0,0,4.0342917254,3.46123312948,0,0,1
current_r2,27.375,15.7248867431,9.95159335972,0,0,4.0342917254,3.46123312948,0,0,1
current_r2,27.4,15.7248867431,9.95159335972,0,0,4.0342917254,3.46123312948,0,0,1
current_r2,27.425,15.7248867431,9.95159335972,0,0,4.0342917254,3.46123312948,0,0,1
current_r2,27.45,15.7248867431,9.95159335972,0,0,4.0342917254,3.46123312948,0,0,1
current_r2,27.475,15.7248867431,9.95159335972,0,0,4.0342917254,3.46123312948,0,0,1
current_r2,27.5,15.7248867431,9.95159335972,0,0,4.0342917254,3.46123312948,0,0,1
current_r2,27.525,15.7248867431,9.95159335972,0,0,4.0342917254,3.46123312948,0,0,1
current_r2,27.55,15.7248867431,9.95159335972,0,0,4.0342917254,3.46123312948,0,0,1
current_r2,27.575,15.7248867431,9.95159335972,0,0,4.0342917254,3.46123312948,0,0,1
current_r2,27.6,15.7248867431,9.95159335972,0,0,4.0342917254,3.46123312948,0,0,1
current_r2,27.625,15.7248867431,9.95159335972,0,0,4.0342917254,3.46123312948,0,0,1
current_r2,27.65,15.7248867431,9.95159335972,0,0,4.0342917254,3.46123312948,0,0,1
current_r2,27.675,15.7248867431,9.95159335972,0,0,4.0342917254,3.46123312948,0,0,1
current_r2,27.7,15.7248867431,9.95159335972,0,0,4.0342917254,3.46123312948,0,0,1
current_r2,27.725,15.7248867431,9.95159335972,0,0,4.0342917254,3.46123312948,0,0,1
current_r2,27.75,15.7248867431,9.95159335972,0,0,4.0342917254,3.46123312948,0,0,1
current_r2,27.775,15.7248867431,9.95159335972,0,0,4.0342917254,3.46123312948,0,0,1
current_r2,27.8,15.7248867431,9.95159335972,0,0,4.0342917254,3.46123312948,0,0,1
current_r2,27.825,15.7248867431,9.95159335972,0,0,4.0342917254,3.46123312948,0,0,1
current_r2,27.85,15.7248867431,9.95159335972,0,0,4.0342917254,3.46123312948,0,0,1
current_r2,27.875,15.7248867431,9.95159335972,0,0,4.0342917254,3.46123312948,0,0,1
current_r2,27.9,15.7248867431,9.95159335972,0,0,4.0342917254,3.46123312948,0,0,1
current_r2,27.925,15.7248867431,9.95159335972,0,0,4.0342917254,3.46123312948,0,0,1
current_r2,27.95,15.7248867431,9.95159335972,0,0,4.0342917254,3.46123312948,0,0,1
current_r2,27.975,15.7248867431,9.95159335972,0,0,4.0342917254,3.46123312948,0,0,1
current_r2,28,15.7248867431,9.95159335972,0,0,4.0342917254,3.46123312948,0,0,1
current_r2,28.025,15.7248867431,9.95159335972,0,0,4.0342917254,3.46123312948,0,0,1
current_r2,28.05,15.7248867431,9.95159335972,0,0,4.0342917254,3.46123312948,0,0,1
current_r2,28.075,15.7248867431,9.95159335972,0,0,4.0342917254,3.46123312948,0,0,1
current_r2,28.1,15.7248867431,9.95159335972,0,0,4.0342917254,3.46123312948,0,0,1
current_r2,28.125,15.7248867431,9.95159335972,0,0,4.0342917254,3.46123312948,0,0,1
current_r2,28.15,15.7248867431,9.95159335972,0,0,4.0342917254,3.46123312948,0,0,1
current_r2,28.175,15.7248867431,9.95159335972,0,0,4.0342917254,3.46123312948,0,0,1
current_r2,28.2,15.7248867431,9.95159335972,0,0,4.0342917254,3.46123312948,0,0,1
current_r2,28.225,15.7248867431,9.95159335972,0,0,4.0342917254,3.46123312948,0,0,1
current_r2,28.25,15.7248867431,9.95159335972,0,0,4.0342917254,3.46123312948,0,0,1
current_r2,28.275,15.7248867431,9.95159335972,0,0,4.0342917254,3.46123312948,0,0,1
current_r2,28.3,15.7248867431,9.95159335972,0,0,4.0342917254,3.46123312948,0,0,1
current_r2,28.325,15.7248867431,9.95159335972,0,0,4.0342917254,3.46123312948,0,0,1
current_r2,28.35,15.7248867431,9.95159335972,0,0,4.0342917254,3.46123312948,0,0,1
current_r2,28.375,15.7248867431,9.95159335972,0,0,4.0342917254,3.46123312948,0,0,1
current_r2,28.4,15.7248867431,9.95159335972,0,0,4.0342917254,3.46123312948,0,0,1
current_r2,28.425,15.7248867431,9.95159335972,0,0,4.0342917254,3.46123312948,0,0,1
current_r2,28.45,15.7248867431,9.95159335972,0,0,4.0342917254,3.46123312948,0,0,1
current_r2,28.475,15.7248867431,9.95159335972,0,0,4.0342917254,3.46123312948,0,0,1
current_r2,28.5,15.7248867431,9.95159335972,0,0,4.0342917254,3.46123312948,0,0,1
current_r2,28.525,15.7248867431,9.95159335972,0,0,4.0342917254,3.46123312948,0,0,1
current_r2,28.55,15.7248867431,9.95159335972,0,0,4.0342917254,3.46123312948,0,0,1
current_r2,28.575,15.7248867431,9.95159335972,0,0,4.0342917254,3.46123312948,0,0,1
current_r2,28.6,15.7248867431,9.95159335972,0,0,4.0342917254,3.46123312948,0,0,1
current_r2,28.625,15.7248867431,9.95159335972,0,0,4.0342917254,3.46123312948,0,0,1
current_r2,28.65,15.7248867431,9.95159335972,0,0,4.0342917254,3.46123312948,0,0,1
current_r2,28.675,15.7248867431,9.95159335972,0,0,4.0342917254,3.46123312948,0,0,1
current_r2,28.7,15.7248867431,9.95159335972,0,0,4.0342917254,3.46123312948,0,0,1
current_r2,28.725,15.7248867431,9.95159335972,0,0,4.0342917254,3.46123312948,0,0,1
current_r2,28.75,15.7248867431,9.95159335972,0,0,4.0342917254,3.46123312948,0,0,1
current_r2,28.775,15.7248867431,9.95159335972,0,0,4.0342917254,3.46123312948,0,0,1
current_r2,28.8,15.7248867431,9.95159335972,0,0,4.0342917254,3.46123312948,0,0,1
current_r2,28.825,15.7248867431,9.95159335972,0,0,4.0342917254,3.46123312948,0,0,1
current_r2,28.85,15.7248867431,9.95159335972,0,0,4.0342917254,3.46123312948,0,0,1
current_r2,28.875,15.7248867431,9.95159335972,0,0,4.0342917254,3.46123312948,0,0,1
current_r2,28.9,15.7248867431,9.95159335972,0,0,4.0342917254,3.46123312948,0,0,1
current_r2,28.925,15.7248867431,9.95159335972,0,0,4.0342917254,3.46123312948,0,0,1
current_r2,28.95,15.7248867431,9.95159335972,0,0,4.0342917254,3.46123312948,0,0,1
current_r2,28.975,15.7248867431,9.95159335972,0,0,4.0342917254,3.46123312948,0,0,1
current_r2,29,15.7248867431,9.95159335972,0,0,4.0342917254,3.46123312948,0,0,1
current_r2,29.025,15.7248867431,9.95159335972,0,0,4.0342917254,3.46123312948,0,0,1
current_r2,29.05,15.7248867431,9.95159335972,0,0,4.0342917254,3.46123312948,0,0,1
current_r2,29.075,15.7248867431,9.95159335972,0,0,4.0342917254,3.46123312948,0,0,1
current_r2,29.1,15.7248867431,9.95159335972,0,0,4.0342917254,3.46123312948,0,0,1
current_r2,29.125,15.7248867431,9.95159335972,0,0,4.0342917254,3.46123312948,0,0,1
current_r2,29.15,15.7248867431,9.95159335972,0,0,4.0342917254,3.46123312948,0,0,1
current_r2,29.175,15.7248867431,9.95159335972,0,0,4.0342917254,3.46123312948,0,0,1
current_r2,29.2,15.7248867431,9.95159335972,0,0,4.0342917254,3.46123312948,0,0,1
current_r2,29.225,15.7248867431,9.95159335972,0,0,4.0342917254,3.46123312948,0,0,1
current_r2,29.25,15.7248867431,9.95159335972,0,0,4.0342917254,3.46123312948,0,0,1
current_r2,29.275,15.7248867431,9.95159335972,0,0,4.0342917254,3.46123312948,0,0,1
current_r2,29.3,15.7248867431,9.95159335972,0,0,4.0342917254,3.46123312948,0,0,1
current_r2,29.325,15.7248867431,9.95159335972,0,0,4.0342917254,3.46123312948,0,0,1
current_r2,29.35,15.7248867431,9.95159335972,0,0,4.0342917254,3.46123312948,0,0,1
current_r2,29.375,15.7248867431,9.95159335972,0,0,4.0342917254,3.46123312948,0,0,1
current_r2,29.4,15.7248867431,9.95159335972,0,0,4.0342917254,3.46123312948,0,0,1
current_r2,29.425,15.7248867431,9.95159335972,0,0,4.0342917254,3.46123312948,0,0,1
current_r2,29.45,15.7248867431,9.95159335972,0,0,4.0342917254,3.46123312948,0,0,1
current_r2,29.475,15.7248867431,9.95159335972,0,0,4.0342917254,3.46123312948,0,0,1
current_r2,29.5,15.7248867431,9.95159335972,0,0,4.0342917254,3.46123312948,0,0,1
current_r2,29.525,15.7248867431,9.95159335972,0,0,4.0342917254,3.46123312948,0,0,1
current_r2,29.55,15.7248867431,9.95159335972,0,0,4.0342917254,3.46123312948,0,0,1
current_r2,29.575,15.7248867431,9.95159335972,0,0,4.0342917254,3.46123312948,0,0,1
current_r2,29.6,15.7248867431,9.95159335972,0,0,4.0342917254,3.46123312948,0,0,1
current_r2,29.625,15.7248867431,9.95159335972,0,0,4.0342917254,3.46123312948,0,0,1
current_r2,29.65,15.7248867431,9.95159335972,0,0,4.0342917254,3.46123312948,0,0,1
current_r2,29.675,15.7248867431,9.95159335972,0,0,4.0342917254,3.46123312948,0,0,1
current_r2,29.7,15.7248867431,9.95159335972,0,0,4.0342917254,3.46123312948,0,0,1
current_r2,29.725,15.7248867431,9.95159335972,0,0,4.0342917254,3.46123312948,0,0,1
current_r2,29.75,15.7248867431,9.95159335972,0,0,4.0342917254,3.46123312948,0,0,1
current_r2,29.775,15.7248867431,9.95159335972,0,0,4.0342917254,3.46123312948,0,0,1
current_r2,29.8,15.7248867431,9.95159335972,0,0,4.0342917254,3.46123312948,0,0,1
current_r2,29.825,15.7248867431,9.95159335972,0,0,4.0342917254,3.46123312948,0,0,1
current_r2,29.85,15.7248867431,9.95159335972,0,0,4.0342917254,3.46123312948,0,0,1
current_r2,29.875,15.7248867431,9.95159335972,0,0,4.0342917254,3.46123312948,0,0,1
current_r2,29.9,15.7248867431,9.95159335972,0,0,4.0342917254,3.46123312948,0,0,1
current_r2,29.925,15.7248867431,9.95159335972,0,0,4.0342917254,3.46123312948,0,0,1
current_r2,29.95,15.7248867431,9.95159335972,0,0,4.0342917254,3.46123312948,0,0,1
current_r2,29.975,15.7248867431,9.95159335972,0,0,4.0342917254,3.46123312948,0,0,1
current_r2,30,15.7248867431,9.95159335972,0,0,4.0342917254,3.46123312948,0,0,1
current_nearest,0,10,10,0,0,0.530624847487,1.038854382,1.29000856147,0,0
current_nearest,0.025,10.0018105079,10.0004875306,0.072420316598,0.0195012241629,0.529516529304,1.03701702323,1.36972102349,0,0
current_nearest,0.05,10.0053374273,10.0015342281,0.141076773406,0.0418678984321,0.527423482009,1.03339460296,1.45166864683,0,0
current_nearest,0.075,10.0103803335,10.0031272402,0.201716250346,0.0637204843964,0.524504000863,1.02817234245,1.52931458916,0,0
current_nearest,0.1,10.0167592009,10.0052512582,0.255154696587,0.0849607207449,0.520902064595,1.02151827269,1.59731284943,0,0
current_nearest,0.125,10.0243153347,10.0078870617,0.302245352203,0.105432139416,0.516744674539,1.01358302085,1.65427678943,0,0
current_nearest,0.15,10.0329104585,10.0110119054,0.3438049505,0.12499374844,0.512142025281,1.00450045442,1.70122774773,0,0
current_nearest,0.175,10.0424246175,10.0146007081,0.380566359114,0.143552109121,0.507189296365,0.994389039164,1.74022687686,0,0
current_nearest,0.2,10.0527536239,10.0186273774,0.413160258404,0.16106677123,0.501969041153,0.983353548361,1.77351081574,0,0
current_nearest,0.225,10.0638065475,10.0230659527,0.442116941249,0.177543012907,0.496553546025,0.971486810129,1.80306022309,0,0
current_nearest,0.25,10.0755035099,10.0278914664,0.46787849914,0.193020546845,0.491006865517,0.958871304657,1.83044256792,0,0
current_nearest,0.275,10.0877738729,10.0330805266,0.49081451973,0.207562407214,0.485386445879,0.945580531296,1.85679888316,0,0
current_nearest,0.3,10.1005548088,10.0386116662,0.511237436194,0.221245586834,0.479744355005,0.93168013489,1.88289294025,0,0
current_nearest,0.325,10.1137902036,10.0444655091,0.529415791667,0.234153714313,0.474128179255,0.91722881626,1.90917930225,0,0
current_nearest,0.35,10.1274298265,10.050624798,0.5455849146,0.246371557439,0.468581656981,0.902279065176,1.93587007649,0,0
current_nearest,0.375,10.1414287044,10.0570743232,0.559955114383,0.257981006124,0.463145112994,0.886877755285,1.96299273606,0,0
current_nearest,0.4,10.1557466482,10.0638007783,0.57271775515,0.269058204226,0.457855747412,0.871066635932,1.9904374053,0,0
current_nearest,0.425,10.1703478888,10.0707925673,0.584049623164,0.27967156089,0.452747820991,0.85488274927,2.01799452492,0,0
current_nearest,0.45,10.1852007881,10.0780395782,0.594115972699,0.289880436195,0.447852769164,0.838358794645,2.04538461136,0,0
current_nearest,0.475,10.2002776025,10.085532937,0.603072572942,0.299734349364,0.443199269014,0.821523456513,2.07228185699,0,0
current_nearest,0.5,10.2155542777,10.0932647519,0.611067011685,0.309272598311,0.438813277256,0.804401707654,2.0983330581,0,0
current_nearest,0.525,10.2310102641,10.1012278571,0.618239452471,0.318524208657,0.434718052727,0.787015095817,2.12317302493,0,0
current_nearest,0.55,10.2466283389,10.1094155609,0.624722994296,0.327508150962,0.430934173502,0.769382019293,2.14643731489,0,0
current_nearest,0.575,10.2623944326,10.1178214054,0.630643746828,0.336233779058,0.427479556197,0.751517994876,2.16777286837,0,0
current_nearest,0.6,10.2782974503,10.1264389417,0.636120707683,0.344701451744,0.42436948314,0.733435920166,2.1868469236,0,0
current_nearest,0.625,10.294329088,10.1352615243,0.641265509505,0.352903305936,0.421616641613,0.715146331071,2.20335443796,0,0
current_nearest,0.65,10.3104836403,10.1442821281,0.646182091188,0.360824152785,0.419231178097,0.696657654534,2.21702414159,0,0
current_nearest,0.675,10.3267577987,10.1534931899,0.650966337954,0.368442469977,0.417220769489,0.677976455891,2.22762328631,0,0
current_nearest,0.7,10.3431504419,10.1628864765,0.655705727626,0.375731464084,0.415590712279,0.659107679862,2.23496112171,0,0
current_nearest,0.725,10.3596624173,10.1724529809,0.660479014374,0.382660177013,0.414344029885,0.640054883892,2.23889112303,0,0
current_nearest,0.75,10.3762963167,10.1821828462,0.665355975708,0.389194610726,0.413481597589,0.620820462388,2.23931200549,0,0
current_nearest,0.775,10.3930562478,10.1920653173,0.670397243233,0.395298844803,0.413002283825,0.601405860383,2.23616758102,0,0
current_nearest,0.8,10.4099476036,10.2020887204,0.675654232338,0.400936122352,0.412903106031,0.581811775196,2.22944554042,0,0
current_nearest,0.825,10.4269768331,10.2122404674,0.681169180661,0.406069881359,0.413179398743,0.562038344816,2.21917527175,0,0
current_nearest,0.85,10.4441512156,10.2225070852,0.686975299903,0.410664710905,0.413824991295,0.542085321912,2.20542485103,0,0
current_nearest,0.875,10.4614786416,10.2328742655,0.693097040462,0.414687214604,0.414832392178,0.521952232681,2.18829736065,0,0
current_nearest,0.9,10.4789674032,10.2433269347,0.699550463722,0.418106767192,0.416192977018,0.501638519986,2.16792670292,0,0
current_nearest,0.925,10.496625996,10.2538493386,0.706343712739,0.420896154036,0.417897177108,0.4811436706,2.14447308029,0,0
current_nearest,0.95,10.5144629352,10.2644251408,0.71347756873,0.423032087476,0.419934665501,0.460467326632,2.11811830909,0,0
current_nearest,0.975,10.5324865872,10.2750375307,0.720946078266,0.424495597955,0.422294537899,0.439609381564,2.08906112256,0,0
current_nearest,1,10.550705018,10.2856693382,0.728737234478,0.425272301726,0.4249654858,0.418570061557,0,3.77199185662,0
current_nearest,1.025,10.5674828485,10.2951010227,0.671113216507,0.377267379552,0.427419779168,0.399354012245,0,3.87607926862,0
current_nearest,1.05,10.5828266734,10.3033247117,0.613752997519,0.328947556728,0.429558817431,0.381957560336,0,3.96637856726,0
current_nearest,1.075,10.5967474247,10.3103275458,0.556830052037,0.280113365043,0.431287390269,0.366375762128,0,4.03896610147,0
current_nearest,1.1,10.6092768335,10.3161039082,0.501176351132,0.231054495432,0.432519567147,0.352582341766,0,4.11027395456,0
current_nearest,1.125,10.6213027644,10.3200741324,0.481037235885,0.158808969362,0.432361052448,0.340035374385,0,4.23384477148,0
current_nearest,1.15,10.6327302469,10.3222674254,0.457099300715,0.0877317208238,0.430834978188,0.328813787494,0,4.31818503103,0
current_nearest,1.175,10.6434737739,10.3227149149,0.429741081161,0.0178995804956,0.427964231248,0.318991802401,0,4.36956076829,0
current_nearest,1.2,10.6534576071,10.321448202,0.399353325574,-0.0506685193058,0.423770718567,0.310638640181,0,4.39346003066,0
current_nearest,1.225,10.6626710312,10.3186094507,0.36853696427,-0.113550048971,0.418365497809,0.303718395369,0,4.4039590412,0
current_nearest,1.25,10.6711562619,10.3143972831,0.339409230179,-0.168486706757,0.41190339898,0.298122458717,0,4.40951878186,0
current_nearest,1.275,10.6789639242,10.3089788876,0.312306492151,-0.216735820021,0.404512163209,0.293747663825,0,4.4093532195,0
current_nearest,1.3,10.6861503698,10.3024956826,0.287457821083,-0.259328198,0.39629765793,0.290495887798,0,4.40213957411,0
current_nearest,1.325,10.6927760876,10.2950683979,0.265028715536,-0.297091389441,0.38734837598,0.288273157691,0,4.38679575091,0
current_nearest,1.35,10.6989045709,10.2868012779,0.24513933091,-0.330684798314,0.377739098858,0.286988862365,0,4.36272490994,0
current_nearest,1.375,10.7046013441,10.2777854272,0.227870926356,-0.360634027718,0.367533799513,0.286555262906,0,4.32982899702,0
current_nearest,1.4,10.7099330383,10.2681014165,0.213267769803,-0.387360428954,0.356787910209,0.286887312782,0,4.28843357779,0
current_nearest,1.425,10.7149664884,10.2578212857,0.201338004919,-0.411205230114,0.345550078858,0.287902728955,0,4.23918733259,0
current_nearest,1.45,10.7197678632,10.2470100668,0.192054989831,-0.432448759679,0.333863520184,0.289522236872,0,4.18296288841,0
current_nearest,1.475,10.7244018533,10.2357269283,0.185359602632,-0.45132553872,0.321767049533,0.291669916072,0,4.12076918674,0
current_nearest,1.5,10.7289309412,10.2240260289,0.181163519367,-0.468035974159,0.309295871108,0.294273585074,0,4.0536784317,0
current_nearest,1.525,10.7334147727,10.2119571471,0.179353256671,-0.482755273879,0.296482179004,0.297265178033,5.04790684158,0,0
current_nearest,1.55,10.7386685163,10.2015979027,0.210149745848,-0.414369776481,0.28512922044,0.298797880861,5.1759462737,0,0
current_nearest,1.575,10.7446438216,10.1929692575,0.239012211338,-0.345145806024,0.275277876596,0.29886629952,5.26702225848,0,0
current_nearest,1.6,10.751297672,10.1860885258,0.266154016929,-0.275229267285,0.266967761899,0.297465006407,5.32379722364,0,0
current_nearest,1.625,10.7585933701,10.1809695139,0.291827925526,-0.204760476906,0.260236778271,0.294587889775,5.34848409417,0,0
current_nearest,1.65,10.7665015583,10.1776226422,0.316327526983,-0.133874868152,0.255120665808,0.290227488471,5.34266488753,0,0
current_nearest,1.675,10.775001298,10.1760550096,0.339989589026,-0.0627053042935,0.251652533395,0.284374308104,5.30736373732,0,0
current_nearest,1.7,10.7840812227,10.176270355,0.363196984669,0.00861381507473,0.249862352739,0.277016125135,5.24326400571,0,0
current_nearest,1.725,10.7937407741,10.1782688599,0.386382055967,0.0799401949698,0.249776390224,0.268137294296,5.15094150576,0,0
current_nearest,1.75,10.8039915432,10.1820467148,0.410030764895,0.151114197007,0.251416529301,0.257718078649,5.03101053568,0,0
current_nearest,1.775,10.8148587695,10.1875953338,0.434689052476,0.22194476141,0.254799392222,0.245734014183,0,6.15253891249,0
current_nearest,1.8,10.8251283437,10.1913667537,0.410782967311,0.150856794129,0.256671811698,0.235322542272,0,6.29914260819,0
current_nearest,1.825,10.8347381253,10.1933830955,0.38439126602,0.080653673807,0.257035978342,0.226529469925,0,6.40377348626,0
current_nearest,1.85,10.8436350453,10.1936652363,0.35587679883,0.0112856324559,0.255892937118,0.219396611474,0,6.46674927631,0
current_nearest,1.875,10.8517756788,10.1922316686,0.325625340962,-0.0573427093341,0.253241812101,0.21396160684,0,6.48789940089,0
current_nearest,1.9,10.8591269915,10.1890973371,0.294052505218,-0.125373261611,0.249078949184,0.210257714568,0,6.46692889636,0
current_nearest,1.925,10.8656673945,10.1842724285,0.261616123172,-0.192996342876,0.243396930919,0.208313527912,0,6.40390930792,0
current_nearest,1.95,10.8713883182,10.1777610803,0.228836947245,-0.260453926775,0.236183398189,0.20815252231,0,6.29973371833,0
current_nearest,1.975,10.8762966301,10.1695599727,0.19633247531,-0.32804430556,0.227419594818,0.209792266933,0,6.15636299602,0
current_nearest,2,10.8804184639,10.1596567848,0.16487335161,-0.396127515942,0.217078532666,0.213242970594,0,5.97672039474,0
current_nearest,2.025,10.8838600368,10.1481563963,0.137662918259,-0.460015540254,0.205242923463,0.2183782993,7.29256292466,0,0
current_nearest,2.05,10.8880104363,10.138391862,0.166015977013,-0.390581369564,0.19505076536,0.221933365561,7.48922583035,0,0
current_nearest,2.075,10.892829122,10.1303791892,0.192747428065,-0.320506912559,0.186531383789,0.223900755195,7.63484439846,0,0
current_nearest,2.1,10.8982811772,10.1241313019,0.218082210631,-0.249915491038,0.179712526606,0.224272961361,7.72743264021,0,0
current_nearest,2.125,10.9043380305,10.1196581948,0.24227412861,-0.178924286621,0.174620142346,0.223041904449,7.76542392394,0,0
current_nearest,2.15,10.9109781907,10.1169670466,0.265606409649,-0.10764592622,0.17127815947,0.220198468926,7.74799067731,0,0
current_nearest,2.175,10.9181880283,10.1160622614,0.28839350588,-0.0361914075009,0.169708250221,0.215732051316,7.67542850025,0,0
current_nearest,2.2,10.9259626233,10.1169454008,0.310983798103,0.0353255743794,0.169929563162,0.209630121818,7.54947252739,0,0
current_nearest,2.225,10.9343066787,10.1196149723,0.333762217171,0.106782859696,0.171958409966,0.201877819857,7.37336834399,0,0
current_nearest,2.25,10.9432354617,10.1240660372,0.357151320501,0.178042594788,0.175807892504,0.192457628148,7.1515255772,0,0
current_nearest,2.275,10.9527757146,10.1302895945,0.381610116616,0.248942293607,0.181487446371,0.181349184137,0,8.02935993969,0
current_nearest,2.3,10.9617740078,10.1347181854,0.359931725296,0.177143635194,0.185499498956,0.171917734951,0,8.23034910742,0
current_nearest,2.325,10.9701816872,10.1373672256,0.336307176236,0.105961610204,0.187841376491,0.164195439075,0,8.37401795948,0
current_nearest,2.35,10.9779584645,10.1382505967,0.311071094059,0.0353348436328,0.188509462673,0.158211398619,0,8.45751308574,0
current_nearest,2.375,10.9850727462,10.1373799084,0.284571266885,-0.034827533463,0.187498754955,0.15399165553,0,8.47861816217,0
current_nearest,2.4,10.9915021066,10.1347637952,0.257174414822,-0.104644526359,0.184802421398,0.151559146391,0,8.43630269146,0
current_nearest,2.425,10.9972340181,10.1304072252,0.229276459206,-0.174262800343,0.18041133666,0.150933578588,0,8.33127204304,0
current_nearest,2.45,11.0022669647,10.1243108066,0.201317867095,-0.243856744958,0.174313586565,0.152131180889,0,8.16634633278,0
current_nearest,2.475,11.0066120698,10.1164701119,0.173804204384,-0.313627787406,0.166493963691,0.155164263307,0,7.94642767402,0
current_nearest,2.5,11.0102953719,10.1068750963,0.147332083792,-0.383800622829,0.156933533967,0.160040482854,8.80787664862,0,0
current_nearest,2.525,11.0147266817,10.0989994148,0.177252391887,-0.315027261973,0.149120026992,0.16320680984,8.97296443049,0,0
current_nearest,2.55,11.0198790675,10.0928545349,0.206095428378,-0.245795193926,0.143075807465,0.164655675728,9.07363904632,0,0
current_nearest,2.575,11.0257313998,10.0884491089,0.234093294054,-0.176217039901,0.138821649213,0.16437907661,9.10645089382,0,0
current_nearest,2.6,11.0322688659,10.0857890244,0.261498643647,-0.106403382113,0.136376599098,0.162368323826,9.06952770622,0,0
current_nearest,2.625,11.0394835376,10.0848773727,0.288586868121,-0.0364660666454,0.135757819324,0.158613821529,8.96308963873,0,0
current_nearest,2.65,11.0473750196,10.085714307,0.315659278347,0.0334773719643,0.136980397831,0.153104877746,8.78979809073,0,0
current_nearest,2.675,11.0559511659,10.0882967669,0.343045854566,0.103298396326,0.140057121258,0.145829574099,8.5547090822,0,0
current_nearest,2.7,11.0652288,10.0926180598,0.37110536355,0.172851713685,0.1449982106,0.136774743498,0,9.58497818967,0
current_nearest,2.725,11.0739889969,10.095137164,0.350407876723,0.100764169414,0.148189798455,0.129499399046,0,9.75414265636,0
current_nearest,2.75,11.082202874,10.095862624,0.328555083397,0.0290184000343,0.149626118777,0.124027063628,0,9.85238271581,0
current_nearest,2.775,11.0898494103,10.0948009776,0.305861452982,-0.042465857943,0.149300676067,0.120378817176,0,9.87531639436,0
current_nearest,2.8,11.0969157502,10.0919563569,0.282653592998,-0.113784826212,0.147206110794,0.11857329165,0,9.82057697267,0
current_nearest,2.825,11.1033977329,10.0873301213,0.259279310724,-0.185049424213,0.143334111816,0.118626598529,0,9.6884183199,0
current_nearest,2.85,11.1093007404,10.0809205146,0.236120297038,-0.25638426903,0.137675393843,0.120552163734,0,9.48206098071,0
current_nearest,2.875,11.1146409311,10.0727223715,0.213607631493,-0.327925724774,0.130219791146,0.124360437526,0,9.20752219964,0
current_nearest,2.9,11.1194469053,10.0627269422,0.192238967293,-0.399817172043,0.120956566026,0.130058429102,10.266182651,0,0
current_nearest,2.925,11.1250507081,10.0544283023,0.224152109538,-0.331945592187,0.113530777353,0.133998861003,10.4690465719,0,0
current_nearest,2.95,11.1314362038,10.0478339457,0.255419830353,-0.26377426658,0.107961464825,0.136174815913,10.595355943,0,0
current_nearest,2.975,11.1385924272,10.042948859,0.286248935457,-0.195403466684,0.104266141078,0.136579595016,10.6387460355,0,0
current_nearest,3,11.1465137951,10.0397755489,0.316854717502,-0.126932406334,0.102460711484,0.13520672959,10.5953114946,0,0
current_nearest,3.025,11.1552003691,10.0383139877,0.347462958359,-0.0584624450981,0.102559380097,0.132050051264,10.4642132886,0,0
current_nearest,3.05,11.1646581947,10.0385614602,0.378313023771,0.00989889971069,0.104574539551,0.127103834961,10.2480456544,0,0
current_nearest,3.075,11.1748997152,10.0405122962,0.409660820177,0.0780334405876,0.108516645442,0.120363041669,9.9527361581,0,0
current_nearest,3.1,11.1859442107,10.0441574923,0.44177982114,0.145807844142,0.114394077592,0.111823701817,0,10.5597030188,0
current_nearest,3.125,11.196587878,10.045971033,0.425746692601,0.0725416255329,0.118512396245,0.10516140187,0,10.7475127877,0
current_nearest,3.15,11.2068180358,10.0459557393,0.40920630886,-0.000611745583693,0.120870146944,0.100396850908,0,10.854541274,0
current_nearest,3.175,11.2166291161,10.0441128792,0.392443213548,-0.0737144037812,0.121466996994,0.0975485673062,0,10.8741591809,0
current_nearest,3.2,11.2260228193,10.0404420636,0.375748129699,-0.146832624323,0.120304071687,0.0966328545137,0,10.8026265625,0
current_nearest,3.225,11.2350084632,10.03494119,0.359425754886,-0.220034947241,0.117384440988,0.0976637332979,0,10.6395974099,0
current_nearest,3.25,11.2436035907,10.0276064346,0.343805098088,-0.293390213454,0.112713811185,0.100652820147,0,10.3882846627,0
current_nearest,3.275,11.2518348857,10.0184323177,0.329251799467,-0.36696467573,0.106301505506,0.105609133203,0,10.0551092191,0
current_nearest,3.3,11.2597394434,10.0074118889,0.316182310379,-0.44081715338,0.09816185766,0.112538787671,11.0166512776,0,0
current_nearest,3.325,11.2685465071,9.99803496487,0.352282547086,-0.375076960881,0.0920077384597,0.117761105104,11.2283361384,0,0
current_nearest,3.35,11.2782567527,9.99030117425,0.38840982497,-0.309351624879,0.0878560535377,0.121281186298,11.3467768315,0,0
current_nearest,3.375,11.2888750052,9.98420785568,0.424730098935,-0.243732742694,0.0857216818622,0.123106857795,11.364461593,0,0
current_nearest,3.4,11.3004101311,9.97975007009,0.461405035955,-0.178311423581,0.0856173877247,0.123249126578,11.2774904962,0,0
current_nearest,3.425,11.312874979,9.97692054797,0.498593917873,-0.113180884955,0.0875537537139,0.121722755251,11.0859672792,0,0
current_nearest,3.45,11.3262863839,9.97570956065,0.536456196274,-0.0484394926755,0.0915391415916,0.118546988953,10.794057694,0,0
current_nearest,3.475,11.3406652328,9.97610471069,0.575153954104,0.0158060016332,0.0975796852171,0.113746472773,10.4095918317,0,0
current_nearest,3.5,11.3560365726,9.97809064254,0.614853591243,0.0794372739057,0.105679314357,0.107352404676,9.94318150043,0,0
current_nearest,3.525,11.3724297418,9.98164867156,0.655726770145,0.142321160923,0.115839799475,0.0994039787763,0,10.6425964403,0
current_nearest,3.55,11.3886369048,9.98334094962,0.648286517248,0.0676911224878,0.124449362228,0.0935676396063,0,10.8683460179,0
current_nearest,3.575,11.4046719985,9.9831661398,0.641403747467,-0.00699239296335,0.131537650278,0.0898634313749,0,10.99421735,0
current_nearest,3.6,11.4205548718,9.98112251913,0.63531493578,-0.0817448268518,0.137140794982,0.0883083458364,0,11.01239428,0
current_nearest,3.625,11.4363111382,9.97720817783,0.63025065484,-0.156573651903,0.141302395945,0.0889162211464,0,10.9190965064,0
current_nearest,3.65,11.4519721917,9.97142125556,0.626442137926,-0.231476890811,0.144074725942,0.0916976700571,0,10.7148328168,0
current_nearest,3.675,11.4675754406,9.96376022453,0.624129958774,-0.306441241189,0.14552022493,0.0966600415764,0,10.4043596853,0
current_nearest,3.7,11.4831648237,9.95422424477,0.623575323709,-0.381439190361,0.14571337954,0.103807406005,0,9.99633513421,0
current_nearest,3.725,11.4987917065,9.94281364004,0.62507530955,-0.456424189143,0.144743130888,0.113140529913,0,9.50273594077,0
current_nearest,3.75,11.51451633,9.92953058458,0.628984941656,-0.531322218335,0.142716039784,0.124656767544,0,8.9381766831,0
current_nearest,3.775,11.5304101165,9.91438017568,0.635751461405,-0.60601635606,0.139760601026,0.138349720045,0,8.31921546171,0
current_nearest,3.8,11.5465593646,9.89737225112,0.645969921005,-0.68031698246,0.136033405482,0.154208357937,8.48637907576,0,0
current_nearest,3.825,11.563795234,9.88189235762,0.689434776933,-0.619195739842,0.134783732478,0.168821216598,8.52135078125,0,0
current_nearest,3.85,11.5821437835,9.86792162552,0.733941979099,-0.558829284295,0.136008285777,0.182249398309,8.45285502279,0,0
current_nearest,3.875,11.6016309565,9.85544057842,0.779486920781,-0.499241883888,0.139697791188,0.194560829653,8.28322492526,0,0
current_nearest,3.9,11.6222820596,9.84442952849,0.826044125505,-0.440441997083,0.145837250245,0.205830223522,8.01886126398,0,0
current_nearest,3.925,11.6441212858,9.83486899177,0.873569048569,-0.382421468925,0.154406361976,0.216138991508,7.66978396465,0,0
current_nearest,3.95,11.6671712716,9.82674012762,0.921999430036,-0.325154566172,0.165380081278,0.22557509138,7.24892481331,0,0
current_nearest,3.975,11.6912668599,9.82007659839,0.963823534294,-0.266541168941,0.178625252476,0.234164372828,6.77648235488,0,0
current_nearest,4,11.7157435366,9.81498815077,0.97906706676,-0.203537905034,0.193662670551,0.241788742324,6.28411257171,0,0
current_nearest,4.025,11.740485583,9.81140609293,0.989681857287,-0.143282313485,0.21027928707,0.248525969689,5.78189485274,0,0
current_nearest,4.05,11.7653918212,9.80924292407,0.996249527359,-0.0865267544549,0.228264575939,0.25446704179,5.2836074089,0,0
current_nearest,4.075,11.7903774498,9.80839535852,0.999425140879,-0.0339026220214,0.247417377705,0.259714483597,4.80016480206,0,0
current_nearest,4.1,11.8153749746,9.80874714458,0.999900992352,0.0140714424999,0.267550703985,0.264380896433,0,4.43750654843,0
current_nearest,4.125,11.8403328406,9.80729630892,0.998314640494,-0.0580334263588,0.286806679078,0.271381658609,0,4.27959663297,0
current_nearest,4.15,11.8651301928,9.80411962506,0.991894090819,-0.127067354575,0.305182814471,0.280568649027,0,4.08384116503,0
current_nearest,4.175,11.8896671982,9.79933053635,0.981480212245,-0.191563548128,0.322709100957,0.291751631226,0,3.85928981531,0
current_nearest,4.2,11.9138767964,9.7930939224,0.968383929169,-0.249464558057,0.339463721175,0.304693553793,0,3.61580127631,0
current_nearest,4.225,11.9377806822,9.78577243058,0.956155432989,-0.292859672821,0.355695233032,0.318996422745,0,3.36532407621,0
current_nearest,4.25,11.9614310243,9.77766926345,0.946013684831,-0.324126685284,0.371628901408,0.334339670142,0,3.11633931084,0
current_nearest,4.275,11.9848920258,9.76903321055,0.93844005905,-0.345442116091,0.387458173824,0.350470077959,0,2.87470965059,0
current_nearest,4.3,12.0082286114,9.76006639548,0.933463424029,-0.3586726028,0.403342663825,0.367189554636,0,2.6442162499,0
current_nearest,4.325,12.0315002116,9.75093224932,0.930864006424,-0.365365846166,0.419409692881,0.384343677239,0,2.42708164333,0
current_nearest,4.35,12.0547578544,9.74176262294,0.930305714976,-0.366785055153,0.43575750941,0.401812073376,0,2.2244092273,0
current_nearest,4.375,12.0780432547,9.73266371459,0.931416011724,-0.363956334064,0.452459101973,0.419500790741,0,2.03652573031,0
current_nearest,4.4,12.1013890272,9.72372084543,0.933830897932,-0.357714766355,0.469566034759,0.437336420368,0,1.86323657513,0
current_nearest,4.425,12.1248194793,9.71500224963,0.937218085428,-0.348743831985,0.487112031378,0.455261633079,0,1.70401103027,0
current_nearest,4.45,12.1483516576,9.70656207289,0.941287132908,-0.337607069567,0.505116195139,0.473231801773,0,1.558113834,0
current_nearest,4.475,12.1719964603,9.69844275593,0.945792105722,-0.324772678583,0.523585836862,0.491212436507,0,1.42469726199,0
current_nearest,4.5,12.195759714,9.69067694786,0.950530146894,-0.310632322603,0.542518920823,0.509177219763,0,1.30286449122,0
current_nearest,4.525,12.2196431632,9.68328906231,0.955337969178,-0.295515422011,0.561906156421,0.527106482651,0,1.19171236784,0
current_nearest,4.55,12.2436453491,9.67629656108,0.960087434718,-0.27970004951,0.581732769107,0.544986005332,0,1.09035951081,0
current_nearest,4.575,12.2677623712,9.66971102816,0.964680884981,-0.263421316816,0.601979984964,0.562806057357,0,0.997964043995,0
current_nearest,4.6,12.2919885359,9.66353907991,0.969046587039,-0.246877929648,0.622626262092,0.580560617421,0,0.913734045794,0
current_nearest,4.625,12.3163168981,9.65778314463,0.973134489329,-0.230237411552,0.643648299856,0.598246729343,0,0.836932934207,0
current_nearest,4.65,12.3407397076,9.65244213567,0.976912379517,-0.213640358422,0.665021854811,0.615863963348,0,0.766881376956,0
current_nearest,4.675,12.3652487695,9.64751203615,0.980362478882,-0.197203980691,0.686722389763,0.633413960503,0,0.702956864603,0
current_nearest,4.7,12.3898357314,9.64298640832,0.983478473808,-0.181025113052,0.708725580159,0.650900044225,0,0.644591759181,0
current_nearest,4.725,12.4144923055,9.63885683792,0.986262965562,-0.165182816178,0.731007699707,0.668326887082,0,0.591270395971,0
current_nearest,4.75,12.4392104382,9.63511332152,0.988725308645,-0.149740655949,0.753545904893,0.68570022406,0,0.542525646301,0
current_nearest,4.775,12.4639824333,9.63174460355,0.99087980237,-0.134748718935,0.776318435884,0.70302660554,0,0.49793522625,0
current_nearest,4.8,12.4888010383,9.62873846842,0.992744197974,-0.120245404855,0.799304749175,0.720313184649,0,0.457117947134,0
current_nearest,4.825,12.5136595003,9.6260819928,0.994338483424,-0.106259024943,0.822485595343,0.737567534665,0,0.419730039228,0
current_nearest,4.85,12.5385515981,9.62376176211,0.995683909315,-0.092809227619,0.845843053362,0.754797492861,0,0.385461633809,0
current_nearest,4.875,12.5634716536,9.62176405541,0.996802221444,-0.0799082681851,0.86936053122,0.772011027701,0,0.35403345533,0
current_nearest,4.9,12.5884145303,9.62007500199,0.997715068405,-0.0675621364238,0.893022740997,0.789216126691,0,0.325193751964,0
current_nearest,4.925,12.6133756192,9.61868071314,0.998443555605,-0.0557715543079,0.916815655139,0.806420702485,0,0.2987154762,0
current_nearest,4.95,12.6383508172,9.61756739176,0.999007920302,-0.0445328549861,0.940726449471,0.823632515119,0,0.274393715812,0
current_nearest,4.975,12.6633364999,9.61672142292,0.99942730539,-0.033838753548,0.964743437388,0.840859108434,0,0.252043367942,0
current_nearest,5,12.6883294902,9.61612944743,0.999719612708,-0.0236790195574,0.988855998754,0.858107758953,0,0.231497044157,0
current_nearest,5.025,12.7133270257,9.61577842091,0.999901419446,-0.0140410608759,1.01305450629,0.875385435653,0,0.212603191465,0
current_nearest,5.05,12.7383267243,9.61565566022,0.999987943777,-0.00491042782427,1.03733025155,0.892698769196,0,0.19522441275,0
current_nearest,5.075,12.7633265505,9.61574887906,0.999993048173,0.00372875378694,1.06167537213,0.910054029373,0,0.179235969626,0
current_nearest,5.1,12.7883247822,9.61604621438,0.999929270865,0.0118934127779,1.08608278115,0.927457109596,0,0.16452445079,0
current_nearest,5.125,12.8133199792,9.61653624484,0.999807877662,0.0196012184767,1.11054609997,0.944913517445,0,0.150986589641,0
current_nearest,5.15,12.8383109524,9.61720800273,0.999638927884,0.0268703155629,1.13505959458,0.962428370341,0,0.138528215744,0
current_nearest,5.175,12.8632967361,9.61805098027,0.999431349409,0.0337191016973,1.15961811598,0.980006395558,0,0.12706332583,0
current_nearest,5.2,12.8882765616,9.61905513133,0.999193018912,0.0401660423537,1.18421704472,0.997651933861,0,0.116513261099,0
current_nearest,5.225,12.9132498327,9.62021086928,0.998930844293,0.0462295178531,1.20885223968,1.01536894614,0,0.106805978796,0
current_nearest,5.25,12.9382161039,9.62150906173,0.998650846976,0.0519276981469,1.23351999092,1.03316102251,0,0.0978754071268,0
current_nearest,5.275,12.9631750599,9.62294102277,0.998358242391,0.0572784414131,1.25821697648,1.05103139336,0,0.0896608736935,0
current_nearest,5.3,12.9881264979,9.62449850309,0.99805751741,0.0622992130057,1.28294022307,1.06898294199,0,0.0821065986416,0
current_nearest,5.325,13.0130703104,9.62617367864,0.9977525039,0.0670070217298,1.30768707027,1.08701821847,0,0.0751612446843,0
current_nearest,5.35,13.0380064716,9.62795913791,0.997446447841,0.0714183708104,1.3324551381,1.1051394543,0,0.0687775170401,0
current_nearest,5.375,13.0629350235,9.62984786844,0.997142073711,0.0755492212733,1.35724229768,1.1233485778,0,0.0629118071303,0
current_nearest,5.4,13.0878560646,9.63183324258,0.996841644,0.079414965769,1.38204664485,1.14164722981,0,0.0575238746126,0
current_nearest,5.425,13.1127697399,9.63390900286,0.996547013856,0.0830304111488,1.40686647634,1.16003677966,0,0.0525765629871,0
current_nearest,5.45,13.137676232,9.63606924707,0.996259680974,0.0864097683417,1.43170026835,1.1785183411,0,0.0480355445988,0
current_nearest,5.475,13.1625757527,9.63830841328,0.995980830897,0.0895666482939,1.45654665744,1.19709278815,0,0.0438690913915,0
current_nearest,5.5,13.1874685372,9.64062126485,0.995711377942,0.0925140629151,1.48140442327,1.21576077081,0,0.04004786823,0
current_nearest,5.525,13.2123548372,9.6430028756,0.995452002033,0.0952644301336,1.50627247326,1.23452273028,0,0.0365447460292,0
current_nearest,5.55,13.2372349168,9.64544861516,0.99520318168,0.0978295823002,1.53114982883,1.25337891397,0,0.0333346322866,0
current_nearest,5.575,13.2621090474,9.64795413459,0.994965223412,0.100220777294,1.55603561309,1.27232938991,0,0.0303943169392,0
current_nearest,5.6,13.2869775046,9.65051535239,0.99473828792,0.102448711785,1.58092903991,1.29137406077,0,0.0277023317456,0
current_nearest,5.625,13.3118405649,9.65312844079,0.994522413212,0.104523536196,1.60582940412,1.3105126772,0,0.0252388216374,0
current_nearest,5.65,13.3366985033,9.65578981257,0.994317535019,0.106454870972,1.63073607281,1.32974485076,0,0.0229854266977,0
current_nearest,5.675,13.3615515909,9.65849610816,0.99412350472,0.108251823829,1.65564847756,1.3490700661,0,0.0209251736074,0
current_nearest,5.7,13.3864000935,9.66124418336,0.993940105025,0.109923007709,1.68056610751,1.36848769267,0,0.0190423755599,0
current_nearest,5.725,13.4112442701,9.66403109734,0.993767063625,0.111476559211,1.7054885032,1.38799699573,0,0.0173225397813,0
current_nearest,5.75,13.4360843717,9.66685410127,0.993604065046,0.112920157298,1.73041525112,1.4075971468,0,0.0157522819078,0
current_nearest,5.775,13.4609206407,9.66971062732,0.99345076086,0.114261042119,1.75534597879,1.42728723349,0,0.0143192465768,0
current_nearest,5.8,13.4857533102,9.67259827817,0.993306778469,0.115506033814,1.78028035042,1.44706626876,0,0.0130120336699,0
current_nearest,5.825,13.5105826034,9.67551481695,0.993171728593,0.116661551181,1.80521806305,1.46693319958,0,0.0118201297187,0
current_nearest,5.85,13.5354087337,9.6784581577,0.99304521163,0.117733630112,1.8301588431,1.48688691501,0,0.0107338440486,0
current_nearest,5.875,13.5602319043,9.68142635624,0.992926823011,0.118727941723,1.85510244332,1.5069262538,0,0.00974424928445,0
current_nearest,5.9,13.5850523082,9.6844176015,0.992816157676,0.119649810106,1.88004864003,1.52705001136,0,0.0088431258887,0
current_nearest,5.925,13.6098701286,9.68743020724,0.992712813775,0.120504229662,1.90499723068,1.54725694634,0,0.0080229104373,0
current_nearest,5.95,13.6346855385,9.69046260429,0.992616395704,0.12129588196,1.92994803173,1.56754578659,0,0.00727664737227,0
current_nearest,5.975,13.6594987014,9.69351333309,0.992526516542,0.122029152093,1.95490087666,1.58791523478,0,0.00659794399441,0
current_nearest,6,13.6843097714,9.6965810367,0.992442799999,0.122708144512,1.97985561426,1.60836397353,0,0.00598092848288,0
current_nearest,6.025,13.7091188934,9.69966445416,0.992364881912,0.123336698305,2.00481210711,1.62889067005,0,0.00542021074714,0
current_nearest,6.05,13.7339262037,9.70276241421,0.992292411371,0.123918401922,2.02977023016,1.64949398052,0,0.00491084593243,0
current_nearest,6.075,13.75873183,9.70587382939,0.992225051534,0.124456607327,2.05472986954,1.67017255398,0,0.00444830041437,0
current_nearest,6.1,13.783535892,9.70899769048,0.992162480157,0.124954443575,2.07969092146,1.69092503593,0,0.0040284201294,0
current_nearest,6.125,13.8083385017,9.71213306123,0.992104389902,0.125414829817,2.10465329117,1.71175007155,0,0.00364740109868,0
current_nearest,6.15,13.833139764,9.71527907342,0.992050488457,0.125840487733,2.12961689216,1.73264630867,0,0.00330176201167,0
current_nearest,6.175,13.8579397764,9.71843492225,0.992000498492,0.1262339534,2.15458164531,1.75361240038,0,0.00298831874384,0
current_nearest,6.2,13.8827386304,9.72159986197,0.99195415749,0.126597588597,2.17954747819,1.77464700745,0,0.00270416068998,0
current_nearest,6.225,13.9075364108,9.72477320176,0.991911217464,0.12693359157,2.20451432445,1.79574880041,0,0.00244662880133,0
current_nearest,6.25,13.9323331969,9.72795430194,0.991871444602,0.127244007256,2.22948212323,1.81691646147,0,0.0022132952205,0
current_nearest,6.275,13.9571290624,9.73114257036,0.991834618838,0.127530736983,2.25445081864,1.83814868615,0,0.00200194441372,0
current_nearest,6.3,13.9819240757,9.73433745906,0.991800533372,0.127795547666,2.27942035932,1.85944418481,0,0.00181055570536,0
current_nearest,6.325,14.0067183006,9.73753846107,0.991768994163,0.128040080509,2.30439069801,1.8808016839,0,0.00163728712435,0
current_nearest,6.35,14.0315117961,9.74074510755,0.991739819386,0.128265859227,2.32936179118,1.90221992707,0,0.0014804604769,0
current_nearest,6.375,14.056304617,9.74395696499,0.991712838881,0.128474297815,2.35433359867,1.92369767614,0,0.00133854756434,0
current_nearest,6.4,14.0810968144,9.74717363269,0.991687893587,0.128666707869,2.37930608343,1.94523371194,0,0.00121015746917,0
current_nearest,6.425,14.1058884352,9.75039474033,0.991664834984,0.128844305485,2.40427921122,1.96682683493,0,0.00109402483669,0
current_nearest,6.45,14.1306795234,9.75361994577,0.991643524535,0.129008217751,2.42925295035,1.98847586585,0,0.000988999083177,0
current_nearest,6.475,14.1554701192,9.75684893299,0.991623833134,0.129159488851,2.45422727147,2.01017964608,0,0.000894034465901,0
current_nearest,6.5,14.1802602602,9.76008141014,0.991605640571,0.129299085795,2.47920214737,2.03193703809,0,0.000808180953459,0
current_nearest,6.525,14.2050499811,9.76331710773,0.991588835011,0.129427903795,2.50417755278,2.05374692564,0,0.00073057583888,0
current_nearest,6.55,14.2298393139,9.76655577702,0.99157331249,0.129546771309,2.52915346423,2.07560821397,0,0.000660436041109,0
current_nearest,6.575,14.2546282883,9.76979718838,0.99155897643,0.12965645476,2.55412985987,2.09751982997,0,0.000597051043899,0
current_nearest,6.6,14.2794169317,9.77304112996,0.991545737173,0.129757662951,2.57910671933,2.11948072215,0,0.00053977642426,0
current_nearest,6.625,14.3042052695,9.77628740624,0.991533511538,0.129851051199,2.60408402365,2.14148986066,0,0.00048802792566,0
current_nearest,6.65,14.3289933251,9.77953583687,0.991522222398,0.129937225193,2.62906175507,2.16354623724,0,0.000441276034053,0
current_nearest,6.675,14.35378112,9.78278625548,0.991511798279,0.130016744592,2.65403989704,2.18564886508,0,0.000399041017609,0
current_nearest,6.7,14.3785686744,9.78603850864,0.991502172976,0.130090126392,2.67901843403,2.2077967787,0,0.000360888393601,0
current_nearest,6.725,14.4033560065,9.78929245484,0.991493285197,0.13015784805,2.70399735151,2.22998903369,0,0.000326424788466,0
current_nearest,6.75,14.4281431334,9.7925479636,0.991485078223,0.130220350408,2.72897663581,2.25222470659,0,0.000295294159393,0
current_nearest,6.775,14.4529300709,9.79580491461,0.991477499587,0.130278040407,2.75395627413,2.27450289455,0,0.000267174348044,0
current_nearest,6.8,14.4777168334,9.79906319695,0.991470500774,0.130331293613,2.7789362544,2.29682271509,0,0.000241773939156,0
current_nearest,6.825,14.5025034344,9.80232270837,0.99146403694,0.130380456565,2.80391656526,2.31918330583,0,0.000218829398744,0
current_nearest,6.85,14.527289886,9.80558335459,0.991458066648,0.130425848963,2.828897196,2.34158382412,0,0.000198102468532,0
current_nearest,6.875,14.5520761998,9.80884504874,0.991452551621,0.130467765689,2.8538781365,2.36402344677,0,0.000179377794993,0
current_nearest,6.9,14.5768623862,9.8121077107,0.991447456509,0.130506478694,2.87885937722,2.38650136966,0,0.000162460773044,0
current_nearest,6.925,14.601648455,9.81537126667,0.991442748677,0.130542238741,2.90384090909,2.40901680744,0,0.000147175585974,0
current_nearest,6.95,14.6264344149,9.8186356486,0.991438398001,0.130575277022,2.92882272356,2.43156899312,0,0.000133363424667,0
current_nearest,6.975,14.6512202743,9.82190079376,0.991434376682,0.130605806661,2.95380481248,2.45415717775,0,0.000120880870488,0
current_nearest,7,14.6760060408,9.82516664437,0.991430659071,0.130634024105,2.97878716814,2.47678063003,0,0.000109598427497,0
current_nearest,7.025,14.7007917213,9.82843314713,0.991427221509,0.130660110405,3.00376978319,2.49943863594,0,9.9399190799e-05,0
current_nearest,7.05,14.7255773224,9.83170025294,0.991424042173,0.130684232413,3.02875265064,2.52213049838,0,9.01776389282e-05,0
current_nearest,7.075,14.7503628499,9.83496791653,0.991421100939,0.130706543879,3.05373576384,2.54485553678,0,8.18385391858e-05,0
current_nearest,7.1,14.7751483094,9.8382360962,0.991418379251,0.130727186476,3.07871911642,2.56761308675,0,7.42959557586e-05,0
current_nearest,7.125,14.7999337059,9.84150475346,0.99141586,0.130746290735,3.10370270233,2.59040249967,0,6.74723513236e-05,0
current_nearest,7.15,14.8247190441,9.84477385289,0.991413527414,0.130763976923,3.12868651576,2.61322314238,0,6.12977736313e-05,0
current_nearest,7.175,14.8495043283,9.84804336178,0.991411366954,0.130780355843,3.15367055117,2.63607439676,0,5.57091192951e-05,0
current_nearest,7.2,14.8742895624,9.85131325002,0.991409365218,0.130795529577,3.17865480322,2.65895565943,0,5.06494676895e-05,0
current_nearest,7.225,14.8990747501,9.85458348983,0.991407509854,0.130809592176,3.20363926684,2.68186634132,0,4.60674784813e-05,0
current_nearest,7.25,14.9238598949,9.85785405558,0.991405789475,0.130822630291,3.22862393712,2.70480586739,0,4.19168468882e-05,0
current_nearest,7.275,14.9486449997,9.86112492368,0.991404193586,0.130834723757,3.25360880937,2.72777367622,0,3.81558112849e-05,0
current_nearest,7.3,14.9734300675,9.86439607233,0.991402712514,0.130845946134,3.27859387907,2.75076921975,0,3.4746708256e-05,0
current_nearest,7.325,14.998215101,9.86766748146,0.991401337343,0.130856365204,3.30357914186,2.77379196286,0,3.16555706385e-05,0
current_nearest,7.35,15.0230001025,9.87093913255,0.991400059853,0.130866043431,3.32856459357,2.7968413831,0,2.88517644965e-05,0
current_nearest,7.375,15.0477850743,9.87421100851,0.991398872466,0.130875038386,3.35355023016,2.81991697034,0,2.63076613442e-05,0
current_nearest,7.4,15.0725700185,9.87748309358,0.991397768196,0.130883403132,3.37853604774,2.84301822648,0,2.39983422657e-05,0
current_nearest,7.425,15.097354937,9.88075537325,0.9913967406,0.130891186591,3.40352204254,2.86614466512,0,2.19013308939e-05,0
current_nearest,7.45,15.1221398316,9.8840278341,0.991395783736,0.130898433873,3.42850821094,2.88929581127,0,1.99963524857e-05,0
current_nearest,7.475,15.1469247039,9.88730046376,0.991394892122,0.130905186583,3.45349454944,2.91247120104,0,1.82651165923e-05,0
current_nearest,7.5,15.1717095554,9.89057325084,0.9913940607,0.130911483104,3.47848105463,2.93567038139,0,1.66911210543e-05,0
current_nearest,7.525,15.1964943875,9.89384618481,0.991393284802,0.130917358857,3.50346772324,2.95889290979,0,1.5259475263e-05,0
current_nearest,7.55,15.2212792015,9.89711925597,0.991392560115,0.130922846546,3.52845455209,2.98213835399,0,1.39567408265e-05,0
current_nearest,7.575,15.2460639986,9.90039245538,0.991391882659,0.130927976374,3.55344153808,3.00540629175,0,1.277078795e-05,0
current_nearest,7.6,15.2708487798,9.90366577479,0.991391248752,0.130932776256,3.57842867824,3.02869631057,0,1.16906660044e-05,0
current_nearest,7.625,15.2956335462,9.90693920659,0.991390654989,0.130937272006,3.60341596966,3.05200800741,0,1.07064868994e-05,0
current_nearest,7.65,15.3204182986,9.91021274378,0.99139009822,0.130941487514,3.62840340954,3.07534098849,0,9.80932001027e-06,0
current_nearest,7.675,15.345203038,9.9134863799,0.991389575524,0.130945444912,3.65339099513,3.098694869,0,8.99109752658e-06,0
current_nearest,7.7,15.3699877651,9.91676010902,0.991389084193,0.130949164727,3.67837872379,3.12206927292,0,8.24452920092e-06,0
current_nearest,7.725,15.3947724807,9.92003392567,0.991388621713,0.130952666024,3.70336659293,3.14546383272,0,7.56302557225e-06,0
current_nearest,7.75,15.4195571853,9.92330782483,0.991388185741,0.130955966544,3.72835460005,3.16887818922,0,6.94062882888e-06,0
current_nearest,7.775,15.4443418797,9.9265818019,0.991387774095,0.130959082828,3.7533427427,3.19231199128,0,6.37195055655e-06,0
current_nearest,7.8,15.4691265643,9.92985585266,0.991387384733,0.130962030344,3.77833101852,3.21576489566,0,5.85211569017e-06,0
current_nearest,7.825,15.4939112397,9.93312997325,0.99138701574,0.130964823602,3.80331942519,3.23923656679,0,5.37671205397e-06,0
current_nearest,7.85,15.5186959063,9.93640416016,0.991386665311,0.130967476278,3.82830796046,3.26272667656,0,4.94174493494e-06,0
current_nearest,7.875,15.5434805646,9.93967841019,0.991386331736,0.130970001325,3.85329662215,3.28623490413,0,4.54359618857e-06,0
current_nearest,7.9,15.5682652149,9.94295272047,0.991386013383,0.130972411097,3.87828540811,3.30976093576,0,4.17898742495e-06,0
current_nearest,7.925,15.5930498577,9.94622708841,0.991385708683,0.130974717482,3.90327431627,3.33330446456,0,3.84494686782e-06,0
current_nearest,7.95,15.6178344931,9.94950151171,0.991385416109,0.130976932041,3.92826334459,3.35686519041,0,3.53877951906e-06,0
current_nearest,7.975,15.6426191214,9.95277598836,0.991385134156,0.130979066171,3.95325249112,3.38044281969,0,3.25804029779e-06,0
current_nearest,8,15.667403743,9.95605051664,0.991384861314,0.130981131304,3.97824175391,3.40403706515,0,3.00050985541e-06,0
current_nearest,8.025,15.6921883579,9.95932509512,0.991384596036,0.130983139151,4.0032311311,3.42764764572,0,2.76417279839e-06,0
current_nearest,8.05,15.7169729663,9.96259972267,0,0,4.02822062085,3.45127428639,0,0,1
current_nearest,8.075,15.7169729663,9.96259972267,0,0,4.02822062085,3.45127428639,0,0,1
current_nearest,8.1,15.7169729663,9.96259972267,0,0,4.02822062085,3.45127428639,0,0,1
current_nearest,8.125,15.7169729663,9.96259972267,0,0,4.02822062085,3.45127428639,0,0,1
current_nearest,8.15,15.7169729663,9.96259972267,0,0,4.02822062085,3.45127428639,0,0,1
current_nearest,8.175,15.7169729663,9.96259972267,0,0,4.02822062085,3.45127428639,0,0,1
current_nearest,8.2,15.7169729663,9.96259972267,0,0,4.02822062085,3.45127428639,0,0,1
current_nearest,8.225,15.7169729663,9.96259972267,0,0,4.02822062085,3.45127428639,0,0,1
current_nearest,8.25,15.7169729663,9.96259972267,0,0,4.02822062085,3.45127428639,0,0,1
current_nearest,8.275,15.7169729663,9.96259972267,0,0,4.02822062085,3.45127428639,0,0,1
current_nearest,8.3,15.7169729663,9.96259972267,0,0,4.02822062085,3.45127428639,0,0,1
current_nearest,8.325,15.7169729663,9.96259972267,0,0,4.02822062085,3.45127428639,0,0,1
current_nearest,8.35,15.7169729663,9.96259972267,0,0,4.02822062085,3.45127428639,0,0,1
current_nearest,8.375,15.7169729663,9.96259972267,0,0,4.02822062085,3.45127428639,0,0,1
current_nearest,8.4,15.7169729663,9.96259972267,0,0,4.02822062085,3.45127428639,0,0,1
current_nearest,8.425,15.7169729663,9.96259972267,0,0,4.02822062085,3.45127428639,0,0,1
current_nearest,8.45,15.7169729663,9.96259972267,0,0,4.02822062085,3.45127428639,0,0,1
current_nearest,8.475,15.7169729663,9.96259972267,0,0,4.02822062085,3.45127428639,0,0,1
current_nearest,8.5,15.7169729663,9.96259972267,0,0,4.02822062085,3.45127428639,0,0,1
current_nearest,8.525,15.7169729663,9.96259972267,0,0,4.02822062085,3.45127428639,0,0,1
current_nearest,8.55,15.7169729663,9.96259972267,0,0,4.02822062085,3.45127428639,0,0,1
current_nearest,8.575,15.7169729663,9.96259972267,0,0,4.02822062085,3.45127428639,0,0,1
current_nearest,8.6,15.7169729663,9.96259972267,0,0,4.02822062085,3.45127428639,0,0,1
current_nearest,8.625,15.7169729663,9.96259972267,0,0,4.02822062085,3.45127428639,0,0,1
current_nearest,8.65,15.7169729663,9.96259972267,0,0,4.02822062085,3.45127428639,0,0,1
current_nearest,8.675,15.7169729663,9.96259972267,0,0,4.02822062085,3.45127428639,0,0,1
current_nearest,8.7,15.7169729663,9.96259972267,0,0,4.02822062085,3.45127428639,0,0,1
current_nearest,8.725,15.7169729663,9.96259972267,0,0,4.02822062085,3.45127428639,0,0,1
current_nearest,8.75,15.7169729663,9.96259972267,0,0,4.02822062085,3.45127428639,0,0,1
current_nearest,8.775,15.7169729663,9.96259972267,0,0,4.02822062085,3.45127428639,0,0,1
current_nearest,8.8,15.7169729663,9.96259972267,0,0,4.02822062085,3.45127428639,0,0,1
current_nearest,8.825,15.7169729663,9.96259972267,0,0,4.02822062085,3.45127428639,0,0,1
current_nearest,8.85,15.7169729663,9.96259972267,0,0,4.02822062085,3.45127428639,0,0,1
current_nearest,8.875,15.7169729663,9.96259972267,0,0,4.02822062085,3.45127428639,0,0,1
current_nearest,8.9,15.7169729663,9.96259972267,0,0,4.02822062085,3.45127428639,0,0,1
current_nearest,8.925,15.7169729663,9.96259972267,0,0,4.02822062085,3.45127428639,0,0,1
current_nearest,8.95,15.7169729663,9.96259972267,0,0,4.02822062085,3.45127428639,0,0,1
current_nearest,8.975,15.7169729663,9.96259972267,0,0,4.02822062085,3.45127428639,0,0,1
current_nearest,9,15.7169729663,9.96259972267,0,0,4.02822062085,3.45127428639,0,0,1
current_nearest,9.025,15.7169729663,9.96259972267,0,0,4.02822062085,3.45127428639,0,0,1
current_nearest,9.05,15.7169729663,9.96259972267,0,0,4.02822062085,3.45127428639,0,0,1
current_nearest,9.075,15.7169729663,9.96259972267,0,0,4.02822062085,3.45127428639,0,0,1
current_nearest,9.1,15.7169729663,9.96259972267,0,0,4.02822062085,3.45127428639,0,0,1
current_nearest,9.125,15.7169729663,9.96259972267,0,0,4.02822062085,3.45127428639,0,0,1
current_nearest,9.15,15.7169729663,9.96259972267,0,0,4.02822062085,3.45127428639,0,0,1
current_nearest,9.175,15.7169729663,9.96259972267,0,0,4.02822062085,3.45127428639,0,0,1
current_nearest,9.2,15.7169729663,9.96259972267,0,0,4.02822062085,3.45127428639,0,0,1
current_nearest,9.225,15.7169729663,9.96259972267,0,0,4.02822062085,3.45127428639,0,0,1
current_nearest,9.25,15.7169729663,9.96259972267,0,0,4.02822062085,3.45127428639,0,0,1
current_nearest,9.275,15.7169729663,9.96259972267,0,0,4.02822062085,3.45127428639,0,0,1
current_nearest,9.3,15.7169729663,9.96259972267,0,0,4.02822062085,3.45127428639,0,0,1
current_nearest,9.325,15.7169729663,9.96259972267,0,0,4.02822062085,3.45127428639,0,0,1
current_nearest,9.35,15.7169729663,9.96259972267,0,0,4.02822062085,3.45127428639,0,0,1
current_nearest,9.375,15.7169729663,9.96259972267,0,0,4.02822062085,3.45127428639,0,0,1
current_nearest,9.4,15.7169729663,9.96259972267,0,0,4.02822062085,3.45127428639,0,0,1
current_nearest,9.425,15.7169729663,9.96259972267,0,0,4.02822062085,3.45127428639,0,0,1
current_nearest,9.45,15.7169729663,9.96259972267,0,0,4.02822062085,3.45127428639,0,0,1
current_nearest,9.475,15.7169729663,9.96259972267,0,0,4.02822062085,3.45127428639,0,0,1
current_nearest,9.5,15.7169729663,9.96259972267,0,0,4.02822062085,3.45127428639,0,0,1
current_nearest,9.525,15.7169729663,9.96259972267,0,0,4.02822062085,3.45127428639,0,0,1
current_nearest,9.55,15.7169729663,9.96259972267,0,0,4.02822062085,3.45127428639,0,0,1
current_nearest,9.575,15.7169729663,9.96259972267,0,0,4.02822062085,3.45127428639,0,0,1
current_nearest,9.6,15.7169729663,9.96259972267,0,0,4.02822062085,3.45127428639,0,0,1
current_nearest,9.625,15.7169729663,9.96259972267,0,0,4.02822062085,3.45127428639,0,0,1
current_nearest,9.65,15.7169729663,9.96259972267,0,0,4.02822062085,3.45127428639,0,0,1
current_nearest,9.675,15.7169729663,9.96259972267,0,0,4.02822062085,3.45127428639,0,0,1
current_nearest,9.7,15.7169729663,9.96259972267,0,0,4.02822062085,3.45127428639,0,0,1
current_nearest,9.725,15.7169729663,9.96259972267,0,0,4.02822062085,3.45127428639,0,0,1
current_nearest,9.75,15.7169729663,9.96259972267,0,0,4.02822062085,3.45127428639,0,0,1
current_nearest,9.775,15.7169729663,9.96259972267,0,0,4.02822062085,3.45127428639,0,0,1
current_nearest,9.8,15.7169729663,9.96259972267,0,0,4.02822062085,3.45127428639,0,0,1
current_nearest,9.825,15.7169729663,9.96259972267,0,0,4.02822062085,3.45127428639,0,0,1
current_nearest,9.85,15.7169729663,9.96259972267,0,0,4.02822062085,3.45127428639,0,0,1
current_nearest,9.875,15.7169729663,9.96259972267,0,0,4.02822062085,3.45127428639,0,0,1
current_nearest,9.9,15.7169729663,9.96259972267,0,0,4.02822062085,3.45127428639,0,0,1
current_nearest,9.925,15.7169729663,9.96259972267,0,0,4.02822062085,3.45127428639,0,0,1
current_nearest,9.95,15.7169729663,9.96259972267,0,0,4.02822062085,3.45127428639,0,0,1
current_nearest,9.975,15.7169729663,9.96259972267,0,0,4.02822062085,3.45127428639,0,0,1
current_nearest,10,15.7169729663,9.96259972267,0,0,4.02822062085,3.45127428639,0,0,1
current_nearest,10.025,15.7169729663,9.96259972267,0,0,4.02822062085,3.45127428639,0,0,1
current_nearest,10.05,15.7169729663,9.96259972267,0,0,4.02822062085,3.45127428639,0,0,1
current_nearest,10.075,15.7169729663,9.96259972267,0,0,4.02822062085,3.45127428639,0,0,1
current_nearest,10.1,15.7169729663,9.96259972267,0,0,4.02822062085,3.45127428639,0,0,1
current_nearest,10.125,15.7169729663,9.96259972267,0,0,4.02822062085,3.45127428639,0,0,1
current_nearest,10.15,15.7169729663,9.96259972267,0,0,4.02822062085,3.45127428639,0,0,1
current_nearest,10.175,15.7169729663,9.96259972267,0,0,4.02822062085,3.45127428639,0,0,1
current_nearest,10.2,15.7169729663,9.96259972267,0,0,4.02822062085,3.45127428639,0,0,1
current_nearest,10.225,15.7169729663,9.96259972267,0,0,4.02822062085,3.45127428639,0,0,1
current_nearest,10.25,15.7169729663,9.96259972267,0,0,4.02822062085,3.45127428639,0,0,1
current_nearest,10.275,15.7169729663,9.96259972267,0,0,4.02822062085,3.45127428639,0,0,1
current_nearest,10.3,15.7169729663,9.96259972267,0,0,4.02822062085,3.45127428639,0,0,1
current_nearest,10.325,15.7169729663,9.96259972267,0,0,4.02822062085,3.45127428639,0,0,1
current_nearest,10.35,15.7169729663,9.96259972267,0,0,4.02822062085,3.45127428639,0,0,1
current_nearest,10.375,15.7169729663,9.96259972267,0,0,4.02822062085,3.45127428639,0,0,1
current_nearest,10.4,15.7169729663,9.96259972267,0,0,4.02822062085,3.45127428639,0,0,1
current_nearest,10.425,15.7169729663,9.96259972267,0,0,4.02822062085,3.45127428639,0,0,1
current_nearest,10.45,15.7169729663,9.96259972267,0,0,4.02822062085,3.45127428639,0,0,1
current_nearest,10.475,15.7169729663,9.96259972267,0,0,4.02822062085,3.45127428639,0,0,1
current_nearest,10.5,15.7169729663,9.96259972267,0,0,4.02822062085,3.45127428639,0,0,1
current_nearest,10.525,15.7169729663,9.96259972267,0,0,4.02822062085,3.45127428639,0,0,1
current_nearest,10.55,15.7169729663,9.96259972267,0,0,4.02822062085,3.45127428639,0,0,1
current_nearest,10.575,15.7169729663,9.96259972267,0,0,4.02822062085,3.45127428639,0,0,1
current_nearest,10.6,15.7169729663,9.96259972267,0,0,4.02822062085,3.45127428639,0,0,1
current_nearest,10.625,15.7169729663,9.96259972267,0,0,4.02822062085,3.45127428639,0,0,1
current_nearest,10.65,15.7169729663,9.96259972267,0,0,4.02822062085,3.45127428639,0,0,1
current_nearest,10.675,15.7169729663,9.96259972267,0,0,4.02822062085,3.45127428639,0,0,1
current_nearest,10.7,15.7169729663,9.96259972267,0,0,4.02822062085,3.45127428639,0,0,1
current_nearest,10.725,15.7169729663,9.96259972267,0,0,4.02822062085,3.45127428639,0,0,1
current_nearest,10.75,15.7169729663,9.96259972267,0,0,4.02822062085,3.45127428639,0,0,1
current_nearest,10.775,15.7169729663,9.96259972267,0,0,4.02822062085,3.45127428639,0,0,1
current_nearest,10.8,15.7169729663,9.96259972267,0,0,4.02822062085,3.45127428639,0,0,1
current_nearest,10.825,15.7169729663,9.96259972267,0,0,4.02822062085,3.45127428639,0,0,1
current_nearest,10.85,15.7169729663,9.96259972267,0,0,4.02822062085,3.45127428639,0,0,1
current_nearest,10.875,15.7169729663,9.96259972267,0,0,4.02822062085,3.45127428639,0,0,1
current_nearest,10.9,15.7169729663,9.96259972267,0,0,4.02822062085,3.45127428639,0,0,1
current_nearest,10.925,15.7169729663,9.96259972267,0,0,4.02822062085,3.45127428639,0,0,1
current_nearest,10.95,15.7169729663,9.96259972267,0,0,4.02822062085,3.45127428639,0,0,1
current_nearest,10.975,15.7169729663,9.96259972267,0,0,4.02822062085,3.45127428639,0,0,1
current_nearest,11,15.7169729663,9.96259972267,0,0,4.02822062085,3.45127428639,0,0,1
current_nearest,11.025,15.7169729663,9.96259972267,0,0,4.02822062085,3.45127428639,0,0,1
current_nearest,11.05,15.7169729663,9.96259972267,0,0,4.02822062085,3.45127428639,0,0,1
current_nearest,11.075,15.7169729663,9.96259972267,0,0,4.02822062085,3.45127428639,0,0,1
current_nearest,11.1,15.7169729663,9.96259972267,0,0,4.02822062085,3.45127428639,0,0,1
current_nearest,11.125,15.7169729663,9.96259972267,0,0,4.02822062085,3.45127428639,0,0,1
current_nearest,11.15,15.7169729663,9.96259972267,0,0,4.02822062085,3.45127428639,0,0,1
current_nearest,11.175,15.7169729663,9.96259972267,0,0,4.02822062085,3.45127428639,0,0,1
current_nearest,11.2,15.7169729663,9.96259972267,0,0,4.02822062085,3.45127428639,0,0,1
current_nearest,11.225,15.7169729663,9.96259972267,0,0,4.02822062085,3.45127428639,0,0,1
current_nearest,11.25,15.7169729663,9.96259972267,0,0,4.02822062085,3.45127428639,0,0,1
current_nearest,11.275,15.7169729663,9.96259972267,0,0,4.02822062085,3.45127428639,0,0,1
current_nearest,11.3,15.7169729663,9.96259972267,0,0,4.02822062085,3.45127428639,0,0,1
current_nearest,11.325,15.7169729663,9.96259972267,0,0,4.02822062085,3.45127428639,0,0,1
current_nearest,11.35,15.7169729663,9.96259972267,0,0,4.02822062085,3.45127428639,0,0,1
current_nearest,11.375,15.7169729663,9.96259972267,0,0,4.02822062085,3.45127428639,0,0,1
current_nearest,11.4,15.7169729663,9.96259972267,0,0,4.02822062085,3.45127428639,0,0,1
current_nearest,11.425,15.7169729663,9.96259972267,0,0,4.02822062085,3.45127428639,0,0,1
current_nearest,11.45,15.7169729663,9.96259972267,0,0,4.02822062085,3.45127428639,0,0,1
current_nearest,11.475,15.7169729663,9.96259972267,0,0,4.02822062085,3.45127428639,0,0,1
current_nearest,11.5,15.7169729663,9.96259972267,0,0,4.02822062085,3.45127428639,0,0,1
current_nearest,11.525,15.7169729663,9.96259972267,0,0,4.02822062085,3.45127428639,0,0,1
current_nearest,11.55,15.7169729663,9.96259972267,0,0,4.02822062085,3.45127428639,0,0,1
current_nearest,11.575,15.7169729663,9.96259972267,0,0,4.02822062085,3.45127428639,0,0,1
current_nearest,11.6,15.7169729663,9.96259972267,0,0,4.02822062085,3.45127428639,0,0,1
current_nearest,11.625,15.7169729663,9.96259972267,0,0,4.02822062085,3.45127428639,0,0,1
current_nearest,11.65,15.7169729663,9.96259972267,0,0,4.02822062085,3.45127428639,0,0,1
current_nearest,11.675,15.7169729663,9.96259972267,0,0,4.02822062085,3.45127428639,0,0,1
current_nearest,11.7,15.7169729663,9.96259972267,0,0,4.02822062085,3.45127428639,0,0,1
current_nearest,11.725,15.7169729663,9.96259972267,0,0,4.02822062085,3.45127428639,0,0,1
current_nearest,11.75,15.7169729663,9.96259972267,0,0,4.02822062085,3.45127428639,0,0,1
current_nearest,11.775,15.7169729663,9.96259972267,0,0,4.02822062085,3.45127428639,0,0,1
current_nearest,11.8,15.7169729663,9.96259972267,0,0,4.02822062085,3.45127428639,0,0,1
current_nearest,11.825,15.7169729663,9.96259972267,0,0,4.02822062085,3.45127428639,0,0,1
current_nearest,11.85,15.7169729663,9.96259972267,0,0,4.02822062085,3.45127428639,0,0,1
current_nearest,11.875,15.7169729663,9.96259972267,0,0,4.02822062085,3.45127428639,0,0,1
current_nearest,11.9,15.7169729663,9.96259972267,0,0,4.02822062085,3.45127428639,0,0,1
current_nearest,11.925,15.7169729663,9.96259972267,0,0,4.02822062085,3.45127428639,0,0,1
current_nearest,11.95,15.7169729663,9.96259972267,0,0,4.02822062085,3.45127428639,0,0,1
current_nearest,11.975,15.7169729663,9.96259972267,0,0,4.02822062085,3.45127428639,0,0,1
current_nearest,12,15.7169729663,9.96259972267,0,0,4.02822062085,3.45127428639,0,0,1
current_nearest,12.025,15.7169729663,9.96259972267,0,0,4.02822062085,3.45127428639,0,0,1
current_nearest,12.05,15.7169729663,9.96259972267,0,0,4.02822062085,3.45127428639,0,0,1
current_nearest,12.075,15.7169729663,9.96259972267,0,0,4.02822062085,3.45127428639,0,0,1
current_nearest,12.1,15.7169729663,9.96259972267,0,0,4.02822062085,3.45127428639,0,0,1
current_nearest,12.125,15.7169729663,9.96259972267,0,0,4.02822062085,3.45127428639,0,0,1
current_nearest,12.15,15.7169729663,9.96259972267,0,0,4.02822062085,3.45127428639,0,0,1
current_nearest,12.175,15.7169729663,9.96259972267,0,0,4.02822062085,3.45127428639,0,0,1
current_nearest,12.2,15.7169729663,9.96259972267,0,0,4.02822062085,3.45127428639,0,0,1
current_nearest,12.225,15.7169729663,9.96259972267,0,0,4.02822062085,3.45127428639,0,0,1
current_nearest,12.25,15.7169729663,9.96259972267,0,0,4.02822062085,3.45127428639,0,0,1
current_nearest,12.275,15.7169729663,9.96259972267,0,0,4.02822062085,3.45127428639,0,0,1
current_nearest,12.3,15.7169729663,9.96259972267,0,0,4.02822062085,3.45127428639,0,0,1
current_nearest,12.325,15.7169729663,9.96259972267,0,0,4.02822062085,3.45127428639,0,0,1
current_nearest,12.35,15.7169729663,9.96259972267,0,0,4.02822062085,3.45127428639,0,0,1
current_nearest,12.375,15.7169729663,9.96259972267,0,0,4.02822062085,3.45127428639,0,0,1
current_nearest,12.4,15.7169729663,9.96259972267,0,0,4.02822062085,3.45127428639,0,0,1
current_nearest,12.425,15.7169729663,9.96259972267,0,0,4.02822062085,3.45127428639,0,0,1
current_nearest,12.45,15.7169729663,9.96259972267,0,0,4.02822062085,3.45127428639,0,0,1
current_nearest,12.475,15.7169729663,9.96259972267,0,0,4.02822062085,3.45127428639,0,0,1
current_nearest,12.5,15.7169729663,9.96259972267,0,0,4.02822062085,3.45127428639,0,0,1
current_nearest,12.525,15.7169729663,9.96259972267,0,0,4.02822062085,3.45127428639,0,0,1
current_nearest,12.55,15.7169729663,9.96259972267,0,0,4.02822062085,3.45127428639,0,0,1
current_nearest,12.575,15.7169729663,9.96259972267,0,0,4.02822062085,3.45127428639,0,0,1
current_nearest,12.6,15.7169729663,9.96259972267,0,0,4.02822062085,3.45127428639,0,0,1
current_nearest,12.625,15.7169729663,9.96259972267,0,0,4.02822062085,3.45127428639,0,0,1
current_nearest,12.65,15.7169729663,9.96259972267,0,0,4.02822062085,3.45127428639,0,0,1
current_nearest,12.675,15.7169729663,9.96259972267,0,0,4.02822062085,3.45127428639,0,0,1
current_nearest,12.7,15.7169729663,9.96259972267,0,0,4.02822062085,3.45127428639,0,0,1
current_nearest,12.725,15.7169729663,9.96259972267,0,0,4.02822062085,3.45127428639,0,0,1
current_nearest,12.75,15.7169729663,9.96259972267,0,0,4.02822062085,3.45127428639,0,0,1
current_nearest,12.775,15.7169729663,9.96259972267,0,0,4.02822062085,3.45127428639,0,0,1
current_nearest,12.8,15.7169729663,9.96259972267,0,0,4.02822062085,3.45127428639,0,0,1
current_nearest,12.825,15.7169729663,9.96259972267,0,0,4.02822062085,3.45127428639,0,0,1
current_nearest,12.85,15.7169729663,9.96259972267,0,0,4.02822062085,3.45127428639,0,0,1
current_nearest,12.875,15.7169729663,9.96259972267,0,0,4.02822062085,3.45127428639,0,0,1
current_nearest,12.9,15.7169729663,9.96259972267,0,0,4.02822062085,3.45127428639,0,0,1
current_nearest,12.925,15.7169729663,9.96259972267,0,0,4.02822062085,3.45127428639,0,0,1
current_nearest,12.95,15.7169729663,9.96259972267,0,0,4.02822062085,3.45127428639,0,0,1
current_nearest,12.975,15.7169729663,9.96259972267,0,0,4.02822062085,3.45127428639,0,0,1
current_nearest,13,15.7169729663,9.96259972267,0,0,4.02822062085,3.45127428639,0,0,1
current_nearest,13.025,15.7169729663,9.96259972267,0,0,4.02822062085,3.45127428639,0,0,1
current_nearest,13.05,15.7169729663,9.96259972267,0,0,4.02822062085,3.45127428639,0,0,1
current_nearest,13.075,15.7169729663,9.96259972267,0,0,4.02822062085,3.45127428639,0,0,1
current_nearest,13.1,15.7169729663,9.96259972267,0,0,4.02822062085,3.45127428639,0,0,1
current_nearest,13.125,15.7169729663,9.96259972267,0,0,4.02822062085,3.45127428639,0,0,1
current_nearest,13.15,15.7169729663,9.96259972267,0,0,4.02822062085,3.45127428639,0,0,1
current_nearest,13.175,15.7169729663,9.96259972267,0,0,4.02822062085,3.45127428639,0,0,1
current_nearest,13.2,15.7169729663,9.96259972267,0,0,4.02822062085,3.45127428639,0,0,1
current_nearest,13.225,15.7169729663,9.96259972267,0,0,4.02822062085,3.45127428639,0,0,1
current_nearest,13.25,15.7169729663,9.96259972267,0,0,4.02822062085,3.45127428639,0,0,1
current_nearest,13.275,15.7169729663,9.96259972267,0,0,4.02822062085,3.45127428639,0,0,1
current_nearest,13.3,15.7169729663,9.96259972267,0,0,4.02822062085,3.45127428639,0,0,1
current_nearest,13.325,15.7169729663,9.96259972267,0,0,4.02822062085,3.45127428639,0,0,1
current_nearest,13.35,15.7169729663,9.96259972267,0,0,4.02822062085,3.45127428639,0,0,1
current_nearest,13.375,15.7169729663,9.96259972267,0,0,4.02822062085,3.45127428639,0,0,1
current_nearest,13.4,15.7169729663,9.96259972267,0,0,4.02822062085,3.45127428639,0,0,1
current_nearest,13.425,15.7169729663,9.96259972267,0,0,4.02822062085,3.45127428639,0,0,1
current_nearest,13.45,15.7169729663,9.96259972267,0,0,4.02822062085,3.45127428639,0,0,1
current_nearest,13.475,15.7169729663,9.96259972267,0,0,4.02822062085,3.45127428639,0,0,1
current_nearest,13.5,15.7169729663,9.96259972267,0,0,4.02822062085,3.45127428639,0,0,1
current_nearest,13.525,15.7169729663,9.96259972267,0,0,4.02822062085,3.45127428639,0,0,1
current_nearest,13.55,15.7169729663,9.96259972267,0,0,4.02822062085,3.45127428639,0,0,1
current_nearest,13.575,15.7169729663,9.96259972267,0,0,4.02822062085,3.45127428639,0,0,1
current_nearest,13.6,15.7169729663,9.96259972267,0,0,4.02822062085,3.45127428639,0,0,1
current_nearest,13.625,15.7169729663,9.96259972267,0,0,4.02822062085,3.45127428639,0,0,1
current_nearest,13.65,15.7169729663,9.96259972267,0,0,4.02822062085,3.45127428639,0,0,1
current_nearest,13.675,15.7169729663,9.96259972267,0,0,4.02822062085,3.45127428639,0,0,1
current_nearest,13.7,15.7169729663,9.96259972267,0,0,4.02822062085,3.45127428639,0,0,1
current_nearest,13.725,15.7169729663,9.96259972267,0,0,4.02822062085,3.45127428639,0,0,1
current_nearest,13.75,15.7169729663,9.96259972267,0,0,4.02822062085,3.45127428639,0,0,1
current_nearest,13.775,15.7169729663,9.96259972267,0,0,4.02822062085,3.45127428639,0,0,1
current_nearest,13.8,15.7169729663,9.96259972267,0,0,4.02822062085,3.45127428639,0,0,1
current_nearest,13.825,15.7169729663,9.96259972267,0,0,4.02822062085,3.45127428639,0,0,1
current_nearest,13.85,15.7169729663,9.96259972267,0,0,4.02822062085,3.45127428639,0,0,1
current_nearest,13.875,15.7169729663,9.96259972267,0,0,4.02822062085,3.45127428639,0,0,1
current_nearest,13.9,15.7169729663,9.96259972267,0,0,4.02822062085,3.45127428639,0,0,1
current_nearest,13.925,15.7169729663,9.96259972267,0,0,4.02822062085,3.45127428639,0,0,1
current_nearest,13.95,15.7169729663,9.96259972267,0,0,4.02822062085,3.45127428639,0,0,1
current_nearest,13.975,15.7169729663,9.96259972267,0,0,4.02822062085,3.45127428639,0,0,1
current_nearest,14,15.7169729663,9.96259972267,0,0,4.02822062085,3.45127428639,0,0,1
current_nearest,14.025,15.7169729663,9.96259972267,0,0,4.02822062085,3.45127428639,0,0,1
current_nearest,14.05,15.7169729663,9.96259972267,0,0,4.02822062085,3.45127428639,0,0,1
current_nearest,14.075,15.7169729663,9.96259972267,0,0,4.02822062085,3.45127428639,0,0,1
current_nearest,14.1,15.7169729663,9.96259972267,0,0,4.02822062085,3.45127428639,0,0,1
current_nearest,14.125,15.7169729663,9.96259972267,0,0,4.02822062085,3.45127428639,0,0,1
current_nearest,14.15,15.7169729663,9.96259972267,0,0,4.02822062085,3.45127428639,0,0,1
current_nearest,14.175,15.7169729663,9.96259972267,0,0,4.02822062085,3.45127428639,0,0,1
current_nearest,14.2,15.7169729663,9.96259972267,0,0,4.02822062085,3.45127428639,0,0,1
current_nearest,14.225,15.7169729663,9.96259972267,0,0,4.02822062085,3.45127428639,0,0,1
current_nearest,14.25,15.7169729663,9.96259972267,0,0,4.02822062085,3.45127428639,0,0,1
current_nearest,14.275,15.7169729663,9.96259972267,0,0,4.02822062085,3.45127428639,0,0,1
current_nearest,14.3,15.7169729663,9.96259972267,0,0,4.02822062085,3.45127428639,0,0,1
current_nearest,14.325,15.7169729663,9.96259972267,0,0,4.02822062085,3.45127428639,0,0,1
current_nearest,14.35,15.7169729663,9.96259972267,0,0,4.02822062085,3.45127428639,0,0,1
current_nearest,14.375,15.7169729663,9.96259972267,0,0,4.02822062085,3.45127428639,0,0,1
current_nearest,14.4,15.7169729663,9.96259972267,0,0,4.02822062085,3.45127428639,0,0,1
current_nearest,14.425,15.7169729663,9.96259972267,0,0,4.02822062085,3.45127428639,0,0,1
current_nearest,14.45,15.7169729663,9.96259972267,0,0,4.02822062085,3.45127428639,0,0,1
current_nearest,14.475,15.7169729663,9.96259972267,0,0,4.02822062085,3.45127428639,0,0,1
current_nearest,14.5,15.7169729663,9.96259972267,0,0,4.02822062085,3.45127428639,0,0,1
current_nearest,14.525,15.7169729663,9.96259972267,0,0,4.02822062085,3.45127428639,0,0,1
current_nearest,14.55,15.7169729663,9.96259972267,0,0,4.02822062085,3.45127428639,0,0,1
current_nearest,14.575,15.7169729663,9.96259972267,0,0,4.02822062085,3.45127428639,0,0,1
current_nearest,14.6,15.7169729663,9.96259972267,0,0,4.02822062085,3.45127428639,0,0,1
current_nearest,14.625,15.7169729663,9.96259972267,0,0,4.02822062085,3.45127428639,0,0,1
current_nearest,14.65,15.7169729663,9.96259972267,0,0,4.02822062085,3.45127428639,0,0,1
current_nearest,14.675,15.7169729663,9.96259972267,0,0,4.02822062085,3.45127428639,0,0,1
current_nearest,14.7,15.7169729663,9.96259972267,0,0,4.02822062085,3.45127428639,0,0,1
current_nearest,14.725,15.7169729663,9.96259972267,0,0,4.02822062085,3.45127428639,0,0,1
current_nearest,14.75,15.7169729663,9.96259972267,0,0,4.02822062085,3.45127428639,0,0,1
current_nearest,14.775,15.7169729663,9.96259972267,0,0,4.02822062085,3.45127428639,0,0,1
current_nearest,14.8,15.7169729663,9.96259972267,0,0,4.02822062085,3.45127428639,0,0,1
current_nearest,14.825,15.7169729663,9.96259972267,0,0,4.02822062085,3.45127428639,0,0,1
current_nearest,14.85,15.7169729663,9.96259972267,0,0,4.02822062085,3.45127428639,0,0,1
current_nearest,14.875,15.7169729663,9.96259972267,0,0,4.02822062085,3.45127428639,0,0,1
current_nearest,14.9,15.7169729663,9.96259972267,0,0,4.02822062085,3.45127428639,0,0,1
current_nearest,14.925,15.7169729663,9.96259972267,0,0,4.02822062085,3.45127428639,0,0,1
current_nearest,14.95,15.7169729663,9.96259972267,0,0,4.02822062085,3.45127428639,0,0,1
current_nearest,14.975,15.7169729663,9.96259972267,0,0,4.02822062085,3.45127428639,0,0,1
current_nearest,15,15.7169729663,9.96259972267,0,0,4.02822062085,3.45127428639,0,0,1
current_nearest,15.025,15.7169729663,9.96259972267,0,0,4.02822062085,3.45127428639,0,0,1
current_nearest,15.05,15.7169729663,9.96259972267,0,0,4.02822062085,3.45127428639,0,0,1
current_nearest,15.075,15.7169729663,9.96259972267,0,0,4.02822062085,3.45127428639,0,0,1
current_nearest,15.1,15.7169729663,9.96259972267,0,0,4.02822062085,3.45127428639,0,0,1
current_nearest,15.125,15.7169729663,9.96259972267,0,0,4.02822062085,3.45127428639,0,0,1
current_nearest,15.15,15.7169729663,9.96259972267,0,0,4.02822062085,3.45127428639,0,0,1
current_nearest,15.175,15.7169729663,9.96259972267,0,0,4.02822062085,3.45127428639,0,0,1
current_nearest,15.2,15.7169729663,9.96259972267,0,0,4.02822062085,3.45127428639,0,0,1
current_nearest,15.225,15.7169729663,9.96259972267,0,0,4.02822062085,3.45127428639,0,0,1
current_nearest,15.25,15.7169729663,9.96259972267,0,0,4.02822062085,3.45127428639,0,0,1
current_nearest,15.275,15.7169729663,9.96259972267,0,0,4.02822062085,3.45127428639,0,0,1
current_nearest,15.3,15.7169729663,9.96259972267,0,0,4.02822062085,3.45127428639,0,0,1
current_nearest,15.325,15.7169729663,9.96259972267,0,0,4.02822062085,3.45127428639,0,0,1
current_nearest,15.35,15.7169729663,9.96259972267,0,0,4.02822062085,3.45127428639,0,0,1
current_nearest,15.375,15.7169729663,9.96259972267,0,0,4.02822062085,3.45127428639,0,0,1
current_nearest,15.4,15.7169729663,9.96259972267,0,0,4.02822062085,3.45127428639,0,0,1
current_nearest,15.425,15.7169729663,9.96259972267,0,0,4.02822062085,3.45127428639,0,0,1
current_nearest,15.45,15.7169729663,9.96259972267,0,0,4.02822062085,3.45127428639,0,0,1
current_nearest,15.475,15.7169729663,9.96259972267,0,0,4.02822062085,3.45127428639,0,0,1
current_nearest,15.5,15.7169729663,9.96259972267,0,0,4.02822062085,3.45127428639,0,0,1
current_nearest,15.525,15.7169729663,9.96259972267,0,0,4.02822062085,3.45127428639,0,0,1
current_nearest,15.55,15.7169729663,9.96259972267,0,0,4.02822062085,3.45127428639,0,0,1
current_nearest,15.575,15.7169729663,9.96259972267,0,0,4.02822062085,3.45127428639,0,0,1
current_nearest,15.6,15.7169729663,9.96259972267,0,0,4.02822062085,3.45127428639,0,0,1
current_nearest,15.625,15.7169729663,9.96259972267,0,0,4.02822062085,3.45127428639,0,0,1
current_nearest,15.65,15.7169729663,9.96259972267,0,0,4.02822062085,3.45127428639,0,0,1
current_nearest,15.675,15.7169729663,9.96259972267,0,0,4.02822062085,3.45127428639,0,0,1
current_nearest,15.7,15.7169729663,9.96259972267,0,0,4.02822062085,3.45127428639,0,0,1
current_nearest,15.725,15.7169729663,9.96259972267,0,0,4.02822062085,3.45127428639,0,0,1
current_nearest,15.75,15.7169729663,9.96259972267,0,0,4.02822062085,3.45127428639,0,0,1
current_nearest,15.775,15.7169729663,9.96259972267,0,0,4.02822062085,3.45127428639,0,0,1
current_nearest,15.8,15.7169729663,9.96259972267,0,0,4.02822062085,3.45127428639,0,0,1
current_nearest,15.825,15.7169729663,9.96259972267,0,0,4.02822062085,3.45127428639,0,0,1
current_nearest,15.85,15.7169729663,9.96259972267,0,0,4.02822062085,3.45127428639,0,0,1
current_nearest,15.875,15.7169729663,9.96259972267,0,0,4.02822062085,3.45127428639,0,0,1
current_nearest,15.9,15.7169729663,9.96259972267,0,0,4.02822062085,3.45127428639,0,0,1
current_nearest,15.925,15.7169729663,9.96259972267,0,0,4.02822062085,3.45127428639,0,0,1
current_nearest,15.95,15.7169729663,9.96259972267,0,0,4.02822062085,3.45127428639,0,0,1
current_nearest,15.975,15.7169729663,9.96259972267,0,0,4.02822062085,3.45127428639,0,0,1
current_nearest,16,15.7169729663,9.96259972267,0,0,4.02822062085,3.45127428639,0,0,1
current_nearest,16.025,15.7169729663,9.96259972267,0,0,4.02822062085,3.45127428639,0,0,1
current_nearest,16.05,15.7169729663,9.96259972267,0,0,4.02822062085,3.45127428639,0,0,1
current_nearest,16.075,15.7169729663,9.96259972267,0,0,4.02822062085,3.45127428639,0,0,1
current_nearest,16.1,15.7169729663,9.96259972267,0,0,4.02822062085,3.45127428639,0,0,1
current_nearest,16.125,15.7169729663,9.96259972267,0,0,4.02822062085,3.45127428639,0,0,1
current_nearest,16.15,15.7169729663,9.96259972267,0,0,4.02822062085,3.45127428639,0,0,1
current_nearest,16.175,15.7169729663,9.96259972267,0,0,4.02822062085,3.45127428639,0,0,1
current_nearest,16.2,15.7169729663,9.96259972267,0,0,4.02822062085,3.45127428639,0,0,1
current_nearest,16.225,15.7169729663,9.96259972267,0,0,4.02822062085,3.45127428639,0,0,1
current_nearest,16.25,15.7169729663,9.96259972267,0,0,4.02822062085,3.45127428639,0,0,1
current_nearest,16.275,15.7169729663,9.96259972267,0,0,4.02822062085,3.45127428639,0,0,1
current_nearest,16.3,15.7169729663,9.96259972267,0,0,4.02822062085,3.45127428639,0,0,1
current_nearest,16.325,15.7169729663,9.96259972267,0,0,4.02822062085,3.45127428639,0,0,1
current_nearest,16.35,15.7169729663,9.96259972267,0,0,4.02822062085,3.45127428639,0,0,1
current_nearest,16.375,15.7169729663,9.96259972267,0,0,4.02822062085,3.45127428639,0,0,1
current_nearest,16.4,15.7169729663,9.96259972267,0,0,4.02822062085,3.45127428639,0,0,1
current_nearest,16.425,15.7169729663,9.96259972267,0,0,4.02822062085,3.45127428639,0,0,1
current_nearest,16.45,15.7169729663,9.96259972267,0,0,4.02822062085,3.45127428639,0,0,1
current_nearest,16.475,15.7169729663,9.96259972267,0,0,4.02822062085,3.45127428639,0,0,1
current_nearest,16.5,15.7169729663,9.96259972267,0,0,4.02822062085,3.45127428639,0,0,1
current_nearest,16.525,15.7169729663,9.96259972267,0,0,4.02822062085,3.45127428639,0,0,1
current_nearest,16.55,15.7169729663,9.96259972267,0,0,4.02822062085,3.45127428639,0,0,1
current_nearest,16.575,15.7169729663,9.96259972267,0,0,4.02822062085,3.45127428639,0,0,1
current_nearest,16.6,15.7169729663,9.96259972267,0,0,4.02822062085,3.45127428639,0,0,1
current_nearest,16.625,15.7169729663,9.96259972267,0,0,4.02822062085,3.45127428639,0,0,1
current_nearest,16.65,15.7169729663,9.96259972267,0,0,4.02822062085,3.45127428639,0,0,1
current_nearest,16.675,15.7169729663,9.96259972267,0,0,4.02822062085,3.45127428639,0,0,1
current_nearest,16.7,15.7169729663,9.96259972267,0,0,4.02822062085,3.45127428639,0,0,1
current_nearest,16.725,15.7169729663,9.96259972267,0,0,4.02822062085,3.45127428639,0,0,1
current_nearest,16.75,15.7169729663,9.96259972267,0,0,4.02822062085,3.45127428639,0,0,1
current_nearest,16.775,15.7169729663,9.96259972267,0,0,4.02822062085,3.45127428639,0,0,1
current_nearest,16.8,15.7169729663,9.96259972267,0,0,4.02822062085,3.45127428639,0,0,1
current_nearest,16.825,15.7169729663,9.96259972267,0,0,4.02822062085,3.45127428639,0,0,1
current_nearest,16.85,15.7169729663,9.96259972267,0,0,4.02822062085,3.45127428639,0,0,1
current_nearest,16.875,15.7169729663,9.96259972267,0,0,4.02822062085,3.45127428639,0,0,1
current_nearest,16.9,15.7169729663,9.96259972267,0,0,4.02822062085,3.45127428639,0,0,1
current_nearest,16.925,15.7169729663,9.96259972267,0,0,4.02822062085,3.45127428639,0,0,1
current_nearest,16.95,15.7169729663,9.96259972267,0,0,4.02822062085,3.45127428639,0,0,1
current_nearest,16.975,15.7169729663,9.96259972267,0,0,4.02822062085,3.45127428639,0,0,1
current_nearest,17,15.7169729663,9.96259972267,0,0,4.02822062085,3.45127428639,0,0,1
current_nearest,17.025,15.7169729663,9.96259972267,0,0,4.02822062085,3.45127428639,0,0,1
current_nearest,17.05,15.7169729663,9.96259972267,0,0,4.02822062085,3.45127428639,0,0,1
current_nearest,17.075,15.7169729663,9.96259972267,0,0,4.02822062085,3.45127428639,0,0,1
current_nearest,17.1,15.7169729663,9.96259972267,0,0,4.02822062085,3.45127428639,0,0,1
current_nearest,17.125,15.7169729663,9.96259972267,0,0,4.02822062085,3.45127428639,0,0,1
current_nearest,17.15,15.7169729663,9.96259972267,0,0,4.02822062085,3.45127428639,0,0,1
current_nearest,17.175,15.7169729663,9.96259972267,0,0,4.02822062085,3.45127428639,0,0,1
current_nearest,17.2,15.7169729663,9.96259972267,0,0,4.02822062085,3.45127428639,0,0,1
current_nearest,17.225,15.7169729663,9.96259972267,0,0,4.02822062085,3.45127428639,0,0,1
current_nearest,17.25,15.7169729663,9.96259972267,0,0,4.02822062085,3.45127428639,0,0,1
current_nearest,17.275,15.7169729663,9.96259972267,0,0,4.02822062085,3.45127428639,0,0,1
current_nearest,17.3,15.7169729663,9.96259972267,0,0,4.02822062085,3.45127428639,0,0,1
current_nearest,17.325,15.7169729663,9.96259972267,0,0,4.02822062085,3.45127428639,0,0,1
current_nearest,17.35,15.7169729663,9.96259972267,0,0,4.02822062085,3.45127428639,0,0,1
current_nearest,17.375,15.7169729663,9.96259972267,0,0,4.02822062085,3.45127428639,0,0,1
current_nearest,17.4,15.7169729663,9.96259972267,0,0,4.02822062085,3.45127428639,0,0,1
current_nearest,17.425,15.7169729663,9.96259972267,0,0,4.02822062085,3.45127428639,0,0,1
current_nearest,17.45,15.7169729663,9.96259972267,0,0,4.02822062085,3.45127428639,0,0,1
current_nearest,17.475,15.7169729663,9.96259972267,0,0,4.02822062085,3.45127428639,0,0,1
current_nearest,17.5,15.7169729663,9.96259972267,0,0,4.02822062085,3.45127428639,0,0,1
current_nearest,17.525,15.7169729663,9.96259972267,0,0,4.02822062085,3.45127428639,0,0,1
current_nearest,17.55,15.7169729663,9.96259972267,0,0,4.02822062085,3.45127428639,0,0,1
current_nearest,17.575,15.7169729663,9.96259972267,0,0,4.02822062085,3.45127428639,0,0,1
current_nearest,17.6,15.7169729663,9.96259972267,0,0,4.02822062085,3.45127428639,0,0,1
current_nearest,17.625,15.7169729663,9.96259972267,0,0,4.02822062085,3.45127428639,0,0,1
current_nearest,17.65,15.7169729663,9.96259972267,0,0,4.02822062085,3.45127428639,0,0,1
current_nearest,17.675,15.7169729663,9.96259972267,0,0,4.02822062085,3.45127428639,0,0,1
current_nearest,17.7,15.7169729663,9.96259972267,0,0,4.02822062085,3.45127428639,0,0,1
current_nearest,17.725,15.7169729663,9.96259972267,0,0,4.02822062085,3.45127428639,0,0,1
current_nearest,17.75,15.7169729663,9.96259972267,0,0,4.02822062085,3.45127428639,0,0,1
current_nearest,17.775,15.7169729663,9.96259972267,0,0,4.02822062085,3.45127428639,0,0,1
current_nearest,17.8,15.7169729663,9.96259972267,0,0,4.02822062085,3.45127428639,0,0,1
current_nearest,17.825,15.7169729663,9.96259972267,0,0,4.02822062085,3.45127428639,0,0,1
current_nearest,17.85,15.7169729663,9.96259972267,0,0,4.02822062085,3.45127428639,0,0,1
current_nearest,17.875,15.7169729663,9.96259972267,0,0,4.02822062085,3.45127428639,0,0,1
current_nearest,17.9,15.7169729663,9.96259972267,0,0,4.02822062085,3.45127428639,0,0,1
current_nearest,17.925,15.7169729663,9.96259972267,0,0,4.02822062085,3.45127428639,0,0,1
current_nearest,17.95,15.7169729663,9.96259972267,0,0,4.02822062085,3.45127428639,0,0,1
current_nearest,17.975,15.7169729663,9.96259972267,0,0,4.02822062085,3.45127428639,0,0,1
current_nearest,18,15.7169729663,9.96259972267,0,0,4.02822062085,3.45127428639,0,0,1
current_nearest,18.025,15.7169729663,9.96259972267,0,0,4.02822062085,3.45127428639,0,0,1
current_nearest,18.05,15.7169729663,9.96259972267,0,0,4.02822062085,3.45127428639,0,0,1
current_nearest,18.075,15.7169729663,9.96259972267,0,0,4.02822062085,3.45127428639,0,0,1
current_nearest,18.1,15.7169729663,9.96259972267,0,0,4.02822062085,3.45127428639,0,0,1
current_nearest,18.125,15.7169729663,9.96259972267,0,0,4.02822062085,3.45127428639,0,0,1
current_nearest,18.15,15.7169729663,9.96259972267,0,0,4.02822062085,3.45127428639,0,0,1
current_nearest,18.175,15.7169729663,9.96259972267,0,0,4.02822062085,3.45127428639,0,0,1
current_nearest,18.2,15.7169729663,9.96259972267,0,0,4.02822062085,3.45127428639,0,0,1
current_nearest,18.225,15.7169729663,9.96259972267,0,0,4.02822062085,3.45127428639,0,0,1
current_nearest,18.25,15.7169729663,9.96259972267,0,0,4.02822062085,3.45127428639,0,0,1
current_nearest,18.275,15.7169729663,9.96259972267,0,0,4.02822062085,3.45127428639,0,0,1
current_nearest,18.3,15.7169729663,9.96259972267,0,0,4.02822062085,3.45127428639,0,0,1
current_nearest,18.325,15.7169729663,9.96259972267,0,0,4.02822062085,3.45127428639,0,0,1
current_nearest,18.35,15.7169729663,9.96259972267,0,0,4.02822062085,3.45127428639,0,0,1
current_nearest,18.375,15.7169729663,9.96259972267,0,0,4.02822062085,3.45127428639,0,0,1
current_nearest,18.4,15.7169729663,9.96259972267,0,0,4.02822062085,3.45127428639,0,0,1
current_nearest,18.425,15.7169729663,9.96259972267,0,0,4.02822062085,3.45127428639,0,0,1
current_nearest,18.45,15.7169729663,9.96259972267,0,0,4.02822062085,3.45127428639,0,0,1
current_nearest,18.475,15.7169729663,9.96259972267,0,0,4.02822062085,3.45127428639,0,0,1
current_nearest,18.5,15.7169729663,9.96259972267,0,0,4.02822062085,3.45127428639,0,0,1
current_nearest,18.525,15.7169729663,9.96259972267,0,0,4.02822062085,3.45127428639,0,0,1
current_nearest,18.55,15.7169729663,9.96259972267,0,0,4.02822062085,3.45127428639,0,0,1
current_nearest,18.575,15.7169729663,9.96259972267,0,0,4.02822062085,3.45127428639,0,0,1
current_nearest,18.6,15.7169729663,9.96259972267,0,0,4.02822062085,3.45127428639,0,0,1
current_nearest,18.625,15.7169729663,9.96259972267,0,0,4.02822062085,3.45127428639,0,0,1
current_nearest,18.65,15.7169729663,9.96259972267,0,0,4.02822062085,3.45127428639,0,0,1
current_nearest,18.675,15.7169729663,9.96259972267,0,0,4.02822062085,3.45127428639,0,0,1
current_nearest,18.7,15.7169729663,9.96259972267,0,0,4.02822062085,3.45127428639,0,0,1
current_nearest,18.725,15.7169729663,9.96259972267,0,0,4.02822062085,3.45127428639,0,0,1
current_nearest,18.75,15.7169729663,9.96259972267,0,0,4.02822062085,3.45127428639,0,0,1
current_nearest,18.775,15.7169729663,9.96259972267,0,0,4.02822062085,3.45127428639,0,0,1
current_nearest,18.8,15.7169729663,9.96259972267,0,0,4.02822062085,3.45127428639,0,0,1
current_nearest,18.825,15.7169729663,9.96259972267,0,0,4.02822062085,3.45127428639,0,0,1
current_nearest,18.85,15.7169729663,9.96259972267,0,0,4.02822062085,3.45127428639,0,0,1
current_nearest,18.875,15.7169729663,9.96259972267,0,0,4.02822062085,3.45127428639,0,0,1
current_nearest,18.9,15.7169729663,9.96259972267,0,0,4.02822062085,3.45127428639,0,0,1
current_nearest,18.925,15.7169729663,9.96259972267,0,0,4.02822062085,3.45127428639,0,0,1
current_nearest,18.95,15.7169729663,9.96259972267,0,0,4.02822062085,3.45127428639,0,0,1
current_nearest,18.975,15.7169729663,9.96259972267,0,0,4.02822062085,3.45127428639,0,0,1
current_nearest,19,15.7169729663,9.96259972267,0,0,4.02822062085,3.45127428639,0,0,1
current_nearest,19.025,15.7169729663,9.96259972267,0,0,4.02822062085,3.45127428639,0,0,1
current_nearest,19.05,15.7169729663,9.96259972267,0,0,4.02822062085,3.45127428639,0,0,1
current_nearest,19.075,15.7169729663,9.96259972267,0,0,4.02822062085,3.45127428639,0,0,1
current_nearest,19.1,15.7169729663,9.96259972267,0,0,4.02822062085,3.45127428639,0,0,1
current_nearest,19.125,15.7169729663,9.96259972267,0,0,4.02822062085,3.45127428639,0,0,1
current_nearest,19.15,15.7169729663,9.96259972267,0,0,4.02822062085,3.45127428639,0,0,1
current_nearest,19.175,15.7169729663,9.96259972267,0,0,4.02822062085,3.45127428639,0,0,1
current_nearest,19.2,15.7169729663,9.96259972267,0,0,4.02822062085,3.45127428639,0,0,1
current_nearest,19.225,15.7169729663,9.96259972267,0,0,4.02822062085,3.45127428639,0,0,1
current_nearest,19.25,15.7169729663,9.96259972267,0,0,4.02822062085,3.45127428639,0,0,1
current_nearest,19.275,15.7169729663,9.96259972267,0,0,4.02822062085,3.45127428639,0,0,1
current_nearest,19.3,15.7169729663,9.96259972267,0,0,4.02822062085,3.45127428639,0,0,1
current_nearest,19.325,15.7169729663,9.96259972267,0,0,4.02822062085,3.45127428639,0,0,1
current_nearest,19.35,15.7169729663,9.96259972267,0,0,4.02822062085,3.45127428639,0,0,1
current_nearest,19.375,15.7169729663,9.96259972267,0,0,4.02822062085,3.45127428639,0,0,1
current_nearest,19.4,15.7169729663,9.96259972267,0,0,4.02822062085,3.45127428639,0,0,1
current_nearest,19.425,15.7169729663,9.96259972267,0,0,4.02822062085,3.45127428639,0,0,1
current_nearest,19.45,15.7169729663,9.96259972267,0,0,4.02822062085,3.45127428639,0,0,1
current_nearest,19.475,15.7169729663,9.96259972267,0,0,4.02822062085,3.45127428639,0,0,1
current_nearest,19.5,15.7169729663,9.96259972267,0,0,4.02822062085,3.45127428639,0,0,1
current_nearest,19.525,15.7169729663,9.96259972267,0,0,4.02822062085,3.45127428639,0,0,1
current_nearest,19.55,15.7169729663,9.96259972267,0,0,4.02822062085,3.45127428639,0,0,1
current_nearest,19.575,15.7169729663,9.96259972267,0,0,4.02822062085,3.45127428639,0,0,1
current_nearest,19.6,15.7169729663,9.96259972267,0,0,4.02822062085,3.45127428639,0,0,1
current_nearest,19.625,15.7169729663,9.96259972267,0,0,4.02822062085,3.45127428639,0,0,1
current_nearest,19.65,15.7169729663,9.96259972267,0,0,4.02822062085,3.45127428639,0,0,1
current_nearest,19.675,15.7169729663,9.96259972267,0,0,4.02822062085,3.45127428639,0,0,1
current_nearest,19.7,15.7169729663,9.96259972267,0,0,4.02822062085,3.45127428639,0,0,1
current_nearest,19.725,15.7169729663,9.96259972267,0,0,4.02822062085,3.45127428639,0,0,1
current_nearest,19.75,15.7169729663,9.96259972267,0,0,4.02822062085,3.45127428639,0,0,1
current_nearest,19.775,15.7169729663,9.96259972267,0,0,4.02822062085,3.45127428639,0,0,1
current_nearest,19.8,15.7169729663,9.96259972267,0,0,4.02822062085,3.45127428639,0,0,1
current_nearest,19.825,15.7169729663,9.96259972267,0,0,4.02822062085,3.45127428639,0,0,1
current_nearest,19.85,15.7169729663,9.96259972267,0,0,4.02822062085,3.45127428639,0,0,1
current_nearest,19.875,15.7169729663,9.96259972267,0,0,4.02822062085,3.45127428639,0,0,1
current_nearest,19.9,15.7169729663,9.96259972267,0,0,4.02822062085,3.45127428639,0,0,1
current_nearest,19.925,15.7169729663,9.96259972267,0,0,4.02822062085,3.45127428639,0,0,1
current_nearest,19.95,15.7169729663,9.96259972267,0,0,4.02822062085,3.45127428639,0,0,1
current_nearest,19.975,15.7169729663,9.96259972267,0,0,4.02822062085,3.45127428639,0,0,1
current_nearest,20,15.7169729663,9.96259972267,0,0,4.02822062085,3.45127428639,0,0,1
current_nearest,20.025,15.7169729663,9.96259972267,0,0,4.02822062085,3.45127428639,0,0,1
current_nearest,20.05,15.7169729663,9.96259972267,0,0,4.02822062085,3.45127428639,0,0,1
current_nearest,20.075,15.7169729663,9.96259972267,0,0,4.02822062085,3.45127428639,0,0,1
current_nearest,20.1,15.7169729663,9.96259972267,0,0,4.02822062085,3.45127428639,0,0,1
current_nearest,20.125,15.7169729663,9.96259972267,0,0,4.02822062085,3.45127428639,0,0,1
current_nearest,20.15,15.7169729663,9.96259972267,0,0,4.02822062085,3.45127428639,0,0,1
current_nearest,20.175,15.7169729663,9.96259972267,0,0,4.02822062085,3.45127428639,0,0,1
current_nearest,20.2,15.7169729663,9.96259972267,0,0,4.02822062085,3.45127428639,0,0,1
current_nearest,20.225,15.7169729663,9.96259972267,0,0,4.02822062085,3.45127428639,0,0,1
current_nearest,20.25,15.7169729663,9.96259972267,0,0,4.02822062085,3.45127428639,0,0,1
current_nearest,20.275,15.7169729663,9.96259972267,0,0,4.02822062085,3.45127428639,0,0,1
current_nearest,20.3,15.7169729663,9.96259972267,0,0,4.02822062085,3.45127428639,0,0,1
current_nearest,20.325,15.7169729663,9.96259972267,0,0,4.02822062085,3.45127428639,0,0,1
current_nearest,20.35,15.7169729663,9.96259972267,0,0,4.02822062085,3.45127428639,0,0,1
current_nearest,20.375,15.7169729663,9.96259972267,0,0,4.02822062085,3.45127428639,0,0,1
current_nearest,20.4,15.7169729663,9.96259972267,0,0,4.02822062085,3.45127428639,0,0,1
current_nearest,20.425,15.7169729663,9.96259972267,0,0,4.02822062085,3.45127428639,0,0,1
current_nearest,20.45,15.7169729663,9.96259972267,0,0,4.02822062085,3.45127428639,0,0,1
current_nearest,20.475,15.7169729663,9.96259972267,0,0,4.02822062085,3.45127428639,0,0,1
current_nearest,20.5,15.7169729663,9.96259972267,0,0,4.02822062085,3.45127428639,0,0,1
current_nearest,20.525,15.7169729663,9.96259972267,0,0,4.02822062085,3.45127428639,0,0,1
current_nearest,20.55,15.7169729663,9.96259972267,0,0,4.02822062085,3.45127428639,0,0,1
current_nearest,20.575,15.7169729663,9.96259972267,0,0,4.02822062085,3.45127428639,0,0,1
current_nearest,20.6,15.7169729663,9.96259972267,0,0,4.02822062085,3.45127428639,0,0,1
current_nearest,20.625,15.7169729663,9.96259972267,0,0,4.02822062085,3.45127428639,0,0,1
current_nearest,20.65,15.7169729663,9.96259972267,0,0,4.02822062085,3.45127428639,0,0,1
current_nearest,20.675,15.7169729663,9.96259972267,0,0,4.02822062085,3.45127428639,0,0,1
current_nearest,20.7,15.7169729663,9.96259972267,0,0,4.02822062085,3.45127428639,0,0,1
current_nearest,20.725,15.7169729663,9.96259972267,0,0,4.02822062085,3.45127428639,0,0,1
current_nearest,20.75,15.7169729663,9.96259972267,0,0,4.02822062085,3.45127428639,0,0,1
current_nearest,20.775,15.7169729663,9.96259972267,0,0,4.02822062085,3.45127428639,0,0,1
current_nearest,20.8,15.7169729663,9.96259972267,0,0,4.02822062085,3.45127428639,0,0,1
current_nearest,20.825,15.7169729663,9.96259972267,0,0,4.02822062085,3.45127428639,0,0,1
current_nearest,20.85,15.7169729663,9.96259972267,0,0,4.02822062085,3.45127428639,0,0,1
current_nearest,20.875,15.7169729663,9.96259972267,0,0,4.02822062085,3.45127428639,0,0,1
current_nearest,20.9,15.7169729663,9.96259972267,0,0,4.02822062085,3.45127428639,0,0,1
current_nearest,20.925,15.7169729663,9.96259972267,0,0,4.02822062085,3.45127428639,0,0,1
current_nearest,20.95,15.7169729663,9.96259972267,0,0,4.02822062085,3.45127428639,0,0,1
current_nearest,20.975,15.7169729663,9.96259972267,0,0,4.02822062085,3.45127428639,0,0,1
current_nearest,21,15.7169729663,9.96259972267,0,0,4.02822062085,3.45127428639,0,0,1
current_nearest,21.025,15.7169729663,9.96259972267,0,0,4.02822062085,3.45127428639,0,0,1
current_nearest,21.05,15.7169729663,9.96259972267,0,0,4.02822062085,3.45127428639,0,0,1
current_nearest,21.075,15.7169729663,9.96259972267,0,0,4.02822062085,3.45127428639,0,0,1
current_nearest,21.1,15.7169729663,9.96259972267,0,0,4.02822062085,3.45127428639,0,0,1
current_nearest,21.125,15.7169729663,9.96259972267,0,0,4.02822062085,3.45127428639,0,0,1
current_nearest,21.15,15.7169729663,9.96259972267,0,0,4.02822062085,3.45127428639,0,0,1
current_nearest,21.175,15.7169729663,9.96259972267,0,0,4.02822062085,3.45127428639,0,0,1
current_nearest,21.2,15.7169729663,9.96259972267,0,0,4.02822062085,3.45127428639,0,0,1
current_nearest,21.225,15.7169729663,9.96259972267,0,0,4.02822062085,3.45127428639,0,0,1
current_nearest,21.25,15.7169729663,9.96259972267,0,0,4.02822062085,3.45127428639,0,0,1
current_nearest,21.275,15.7169729663,9.96259972267,0,0,4.02822062085,3.45127428639,0,0,1
current_nearest,21.3,15.7169729663,9.96259972267,0,0,4.02822062085,3.45127428639,0,0,1
current_nearest,21.325,15.7169729663,9.96259972267,0,0,4.02822062085,3.45127428639,0,0,1
current_nearest,21.35,15.7169729663,9.96259972267,0,0,4.02822062085,3.45127428639,0,0,1
current_nearest,21.375,15.7169729663,9.96259972267,0,0,4.02822062085,3.45127428639,0,0,1
current_nearest,21.4,15.7169729663,9.96259972267,0,0,4.02822062085,3.45127428639,0,0,1
current_nearest,21.425,15.7169729663,9.96259972267,0,0,4.02822062085,3.45127428639,0,0,1
current_nearest,21.45,15.7169729663,9.96259972267,0,0,4.02822062085,3.45127428639,0,0,1
current_nearest,21.475,15.7169729663,9.96259972267,0,0,4.02822062085,3.45127428639,0,0,1
current_nearest,21.5,15.7169729663,9.96259972267,0,0,4.02822062085,3.45127428639,0,0,1
current_nearest,21.525,15.7169729663,9.96259972267,0,0,4.02822062085,3.45127428639,0,0,1
current_nearest,21.55,15.7169729663,9.96259972267,0,0,4.02822062085,3.45127428639,0,0,1
current_nearest,21.575,15.7169729663,9.96259972267,0,0,4.02822062085,3.45127428639,0,0,1
current_nearest,21.6,15.7169729663,9.96259972267,0,0,4.02822062085,3.45127428639,0,0,1
current_nearest,21.625,15.7169729663,9.96259972267,0,0,4.02822062085,3.45127428639,0,0,1
current_nearest,21.65,15.7169729663,9.96259972267,0,0,4.02822062085,3.45127428639,0,0,1
current_nearest,21.675,15.7169729663,9.96259972267,0,0,4.02822062085,3.45127428639,0,0,1
current_nearest,21.7,15.7169729663,9.96259972267,0,0,4.02822062085,3.45127428639,0,0,1
current_nearest,21.725,15.7169729663,9.96259972267,0,0,4.02822062085,3.45127428639,0,0,1
current_nearest,21.75,15.7169729663,9.96259972267,0,0,4.02822062085,3.45127428639,0,0,1
current_nearest,21.775,15.7169729663,9.96259972267,0,0,4.02822062085,3.45127428639,0,0,1
current_nearest,21.8,15.7169729663,9.96259972267,0,0,4.02822062085,3.45127428639,0,0,1
current_nearest,21.825,15.7169729663,9.96259972267,0,0,4.02822062085,3.45127428639,0,0,1
current_nearest,21.85,15.7169729663,9.96259972267,0,0,4.02822062085,3.45127428639,0,0,1
current_nearest,21.875,15.7169729663,9.96259972267,0,0,4.02822062085,3.45127428639,0,0,1
current_nearest,21.9,15.7169729663,9.96259972267,0,0,4.02822062085,3.45127428639,0,0,1
current_nearest,21.925,15.7169729663,9.96259972267,0,0,4.02822062085,3.45127428639,0,0,1
current_nearest,21.95,15.7169729663,9.96259972267,0,0,4.02822062085,3.45127428639,0,0,1
current_nearest,21.975,15.7169729663,9.96259972267,0,0,4.02822062085,3.45127428639,0,0,1
current_nearest,22,15.7169729663,9.96259972267,0,0,4.02822062085,3.45127428639,0,0,1
current_nearest,22.025,15.7169729663,9.96259972267,0,0,4.02822062085,3.45127428639,0,0,1
current_nearest,22.05,15.7169729663,9.96259972267,0,0,4.02822062085,3.45127428639,0,0,1
current_nearest,22.075,15.7169729663,9.96259972267,0,0,4.02822062085,3.45127428639,0,0,1
current_nearest,22.1,15.7169729663,9.96259972267,0,0,4.02822062085,3.45127428639,0,0,1
current_nearest,22.125,15.7169729663,9.96259972267,0,0,4.02822062085,3.45127428639,0,0,1
current_nearest,22.15,15.7169729663,9.96259972267,0,0,4.02822062085,3.45127428639,0,0,1
current_nearest,22.175,15.7169729663,9.96259972267,0,0,4.02822062085,3.45127428639,0,0,1
current_nearest,22.2,15.7169729663,9.96259972267,0,0,4.02822062085,3.45127428639,0,0,1
current_nearest,22.225,15.7169729663,9.96259972267,0,0,4.02822062085,3.45127428639,0,0,1
current_nearest,22.25,15.7169729663,9.96259972267,0,0,4.02822062085,3.45127428639,0,0,1
current_nearest,22.275,15.7169729663,9.96259972267,0,0,4.02822062085,3.45127428639,0,0,1
current_nearest,22.3,15.7169729663,9.96259972267,0,0,4.02822062085,3.45127428639,0,0,1
current_nearest,22.325,15.7169729663,9.96259972267,0,0,4.02822062085,3.45127428639,0,0,1
current_nearest,22.35,15.7169729663,9.96259972267,0,0,4.02822062085,3.45127428639,0,0,1
current_nearest,22.375,15.7169729663,9.96259972267,0,0,4.02822062085,3.45127428639,0,0,1
current_nearest,22.4,15.7169729663,9.96259972267,0,0,4.02822062085,3.45127428639,0,0,1
current_nearest,22.425,15.7169729663,9.96259972267,0,0,4.02822062085,3.45127428639,0,0,1
current_nearest,22.45,15.7169729663,9.96259972267,0,0,4.02822062085,3.45127428639,0,0,1
current_nearest,22.475,15.7169729663,9.96259972267,0,0,4.02822062085,3.45127428639,0,0,1
current_nearest,22.5,15.7169729663,9.96259972267,0,0,4.02822062085,3.45127428639,0,0,1
current_nearest,22.525,15.7169729663,9.96259972267,0,0,4.02822062085,3.45127428639,0,0,1
current_nearest,22.55,15.7169729663,9.96259972267,0,0,4.02822062085,3.45127428639,0,0,1
current_nearest,22.575,15.7169729663,9.96259972267,0,0,4.02822062085,3.45127428639,0,0,1
current_nearest,22.6,15.7169729663,9.96259972267,0,0,4.02822062085,3.45127428639,0,0,1
current_nearest,22.625,15.7169729663,9.96259972267,0,0,4.02822062085,3.45127428639,0,0,1
current_nearest,22.65,15.7169729663,9.96259972267,0,0,4.02822062085,3.45127428639,0,0,1
current_nearest,22.675,15.7169729663,9.96259972267,0,0,4.02822062085,3.45127428639,0,0,1
current_nearest,22.7,15.7169729663,9.96259972267,0,0,4.02822062085,3.45127428639,0,0,1
current_nearest,22.725,15.7169729663,9.96259972267,0,0,4.02822062085,3.45127428639,0,0,1
current_nearest,22.75,15.7169729663,9.96259972267,0,0,4.02822062085,3.45127428639,0,0,1
current_nearest,22.775,15.7169729663,9.96259972267,0,0,4.02822062085,3.45127428639,0,0,1
current_nearest,22.8,15.7169729663,9.96259972267,0,0,4.02822062085,3.45127428639,0,0,1
current_nearest,22.825,15.7169729663,9.96259972267,0,0,4.02822062085,3.45127428639,0,0,1
current_nearest,22.85,15.7169729663,9.96259972267,0,0,4.02822062085,3.45127428639,0,0,1
current_nearest,22.875,15.7169729663,9.96259972267,0,0,4.02822062085,3.45127428639,0,0,1
current_nearest,22.9,15.7169729663,9.96259972267,0,0,4.02822062085,3.45127428639,0,0,1
current_nearest,22.925,15.7169729663,9.96259972267,0,0,4.02822062085,3.45127428639,0,0,1
current_nearest,22.95,15.7169729663,9.96259972267,0,0,4.02822062085,3.45127428639,0,0,1
current_nearest,22.975,15.7169729663,9.96259972267,0,0,4.02822062085,3.45127428639,0,0,1
current_nearest,23,15.7169729663,9.96259972267,0,0,4.02822062085,3.45127428639,0,0,1
current_nearest,23.025,15.7169729663,9.96259972267,0,0,4.02822062085,3.45127428639,0,0,1
current_nearest,23.05,15.7169729663,9.96259972267,0,0,4.02822062085,3.45127428639,0,0,1
current_nearest,23.075,15.7169729663,9.96259972267,0,0,4.02822062085,3.45127428639,0,0,1
current_nearest,23.1,15.7169729663,9.96259972267,0,0,4.02822062085,3.45127428639,0,0,1
current_nearest,23.125,15.7169729663,9.96259972267,0,0,4.02822062085,3.45127428639,0,0,1
current_nearest,23.15,15.7169729663,9.96259972267,0,0,4.02822062085,3.45127428639,0,0,1
current_nearest,23.175,15.7169729663,9.96259972267,0,0,4.02822062085,3.45127428639,0,0,1
current_nearest,23.2,15.7169729663,9.96259972267,0,0,4.02822062085,3.45127428639,0,0,1
current_nearest,23.225,15.7169729663,9.96259972267,0,0,4.02822062085,3.45127428639,0,0,1
current_nearest,23.25,15.7169729663,9.96259972267,0,0,4.02822062085,3.45127428639,0,0,1
current_nearest,23.275,15.7169729663,9.96259972267,0,0,4.02822062085,3.45127428639,0,0,1
current_nearest,23.3,15.7169729663,9.96259972267,0,0,4.02822062085,3.45127428639,0,0,1
current_nearest,23.325,15.7169729663,9.96259972267,0,0,4.02822062085,3.45127428639,0,0,1
current_nearest,23.35,15.7169729663,9.96259972267,0,0,4.02822062085,3.45127428639,0,0,1
current_nearest,23.375,15.7169729663,9.96259972267,0,0,4.02822062085,3.45127428639,0,0,1
current_nearest,23.4,15.7169729663,9.96259972267,0,0,4.02822062085,3.45127428639,0,0,1
current_nearest,23.425,15.7169729663,9.96259972267,0,0,4.02822062085,3.45127428639,0,0,1
current_nearest,23.45,15.7169729663,9.96259972267,0,0,4.02822062085,3.45127428639,0,0,1
current_nearest,23.475,15.7169729663,9.96259972267,0,0,4.02822062085,3.45127428639,0,0,1
current_nearest,23.5,15.7169729663,9.96259972267,0,0,4.02822062085,3.45127428639,0,0,1
current_nearest,23.525,15.7169729663,9.96259972267,0,0,4.02822062085,3.45127428639,0,0,1
current_nearest,23.55,15.7169729663,9.96259972267,0,0,4.02822062085,3.45127428639,0,0,1
current_nearest,23.575,15.7169729663,9.96259972267,0,0,4.02822062085,3.45127428639,0,0,1
current_nearest,23.6,15.7169729663,9.96259972267,0,0,4.02822062085,3.45127428639,0,0,1
current_nearest,23.625,15.7169729663,9.96259972267,0,0,4.02822062085,3.45127428639,0,0,1
current_nearest,23.65,15.7169729663,9.96259972267,0,0,4.02822062085,3.45127428639,0,0,1
current_nearest,23.675,15.7169729663,9.96259972267,0,0,4.02822062085,3.45127428639,0,0,1
current_nearest,23.7,15.7169729663,9.96259972267,0,0,4.02822062085,3.45127428639,0,0,1
current_nearest,23.725,15.7169729663,9.96259972267,0,0,4.02822062085,3.45127428639,0,0,1
current_nearest,23.75,15.7169729663,9.96259972267,0,0,4.02822062085,3.45127428639,0,0,1
current_nearest,23.775,15.7169729663,9.96259972267,0,0,4.02822062085,3.45127428639,0,0,1
current_nearest,23.8,15.7169729663,9.96259972267,0,0,4.02822062085,3.45127428639,0,0,1
current_nearest,23.825,15.7169729663,9.96259972267,0,0,4.02822062085,3.45127428639,0,0,1
current_nearest,23.85,15.7169729663,9.96259972267,0,0,4.02822062085,3.45127428639,0,0,1
current_nearest,23.875,15.7169729663,9.96259972267,0,0,4.02822062085,3.45127428639,0,0,1
current_nearest,23.9,15.7169729663,9.96259972267,0,0,4.02822062085,3.45127428639,0,0,1
current_nearest,23.925,15.7169729663,9.96259972267,0,0,4.02822062085,3.45127428639,0,0,1
current_nearest,23.95,15.7169729663,9.96259972267,0,0,4.02822062085,3.45127428639,0,0,1
current_nearest,23.975,15.7169729663,9.96259972267,0,0,4.02822062085,3.45127428639,0,0,1
current_nearest,24,15.7169729663,9.96259972267,0,0,4.02822062085,3.45127428639,0,0,1
current_nearest,24.025,15.7169729663,9.96259972267,0,0,4.02822062085,3.45127428639,0,0,1
current_nearest,24.05,15.7169729663,9.96259972267,0,0,4.02822062085,3.45127428639,0,0,1
current_nearest,24.075,15.7169729663,9.96259972267,0,0,4.02822062085,3.45127428639,0,0,1
current_nearest,24.1,15.7169729663,9.96259972267,0,0,4.02822062085,3.45127428639,0,0,1
current_nearest,24.125,15.7169729663,9.96259972267,0,0,4.02822062085,3.45127428639,0,0,1
current_nearest,24.15,15.7169729663,9.96259972267,0,0,4.02822062085,3.45127428639,0,0,1
current_nearest,24.175,15.7169729663,9.96259972267,0,0,4.02822062085,3.45127428639,0,0,1
current_nearest,24.2,15.7169729663,9.96259972267,0,0,4.02822062085,3.45127428639,0,0,1
current_nearest,24.225,15.7169729663,9.96259972267,0,0,4.02822062085,3.45127428639,0,0,1
current_nearest,24.25,15.7169729663,9.96259972267,0,0,4.02822062085,3.45127428639,0,0,1
current_nearest,24.275,15.7169729663,9.96259972267,0,0,4.02822062085,3.45127428639,0,0,1
current_nearest,24.3,15.7169729663,9.96259972267,0,0,4.02822062085,3.45127428639,0,0,1
current_nearest,24.325,15.7169729663,9.96259972267,0,0,4.02822062085,3.45127428639,0,0,1
current_nearest,24.35,15.7169729663,9.96259972267,0,0,4.02822062085,3.45127428639,0,0,1
current_nearest,24.375,15.7169729663,9.96259972267,0,0,4.02822062085,3.45127428639,0,0,1
current_nearest,24.4,15.7169729663,9.96259972267,0,0,4.02822062085,3.45127428639,0,0,1
current_nearest,24.425,15.7169729663,9.96259972267,0,0,4.02822062085,3.45127428639,0,0,1
current_nearest,24.45,15.7169729663,9.96259972267,0,0,4.02822062085,3.45127428639,0,0,1
current_nearest,24.475,15.7169729663,9.96259972267,0,0,4.02822062085,3.45127428639,0,0,1
current_nearest,24.5,15.7169729663,9.96259972267,0,0,4.02822062085,3.45127428639,0,0,1
current_nearest,24.525,15.7169729663,9.96259972267,0,0,4.02822062085,3.45127428639,0,0,1
current_nearest,24.55,15.7169729663,9.96259972267,0,0,4.02822062085,3.45127428639,0,0,1
current_nearest,24.575,15.7169729663,9.96259972267,0,0,4.02822062085,3.45127428639,0,0,1
current_nearest,24.6,15.7169729663,9.96259972267,0,0,4.02822062085,3.45127428639,0,0,1
current_nearest,24.625,15.7169729663,9.96259972267,0,0,4.02822062085,3.45127428639,0,0,1
current_nearest,24.65,15.7169729663,9.96259972267,0,0,4.02822062085,3.45127428639,0,0,1
current_nearest,24.675,15.7169729663,9.96259972267,0,0,4.02822062085,3.45127428639,0,0,1
current_nearest,24.7,15.7169729663,9.96259972267,0,0,4.02822062085,3.45127428639,0,0,1
current_nearest,24.725,15.7169729663,9.96259972267,0,0,4.02822062085,3.45127428639,0,0,1
current_nearest,24.75,15.7169729663,9.96259972267,0,0,4.02822062085,3.45127428639,0,0,1
current_nearest,24.775,15.7169729663,9.96259972267,0,0,4.02822062085,3.45127428639,0,0,1
current_nearest,24.8,15.7169729663,9.96259972267,0,0,4.02822062085,3.45127428639,0,0,1
current_nearest,24.825,15.7169729663,9.96259972267,0,0,4.02822062085,3.45127428639,0,0,1
current_nearest,24.85,15.7169729663,9.96259972267,0,0,4.02822062085,3.45127428639,0,0,1
current_nearest,24.875,15.7169729663,9.96259972267,0,0,4.02822062085,3.45127428639,0,0,1
current_nearest,24.9,15.7169729663,9.96259972267,0,0,4.02822062085,3.45127428639,0,0,1
current_nearest,24.925,15.7169729663,9.96259972267,0,0,4.02822062085,3.45127428639,0,0,1
current_nearest,24.95,15.7169729663,9.96259972267,0,0,4.02822062085,3.45127428639,0,0,1
current_nearest,24.975,15.7169729663,9.96259972267,0,0,4.02822062085,3.45127428639,0,0,1
current_nearest,25,15.7169729663,9.96259972267,0,0,4.02822062085,3.45127428639,0,0,1
current_nearest,25.025,15.7169729663,9.96259972267,0,0,4.02822062085,3.45127428639,0,0,1
current_nearest,25.05,15.7169729663,9.96259972267,0,0,4.02822062085,3.45127428639,0,0,1
current_nearest,25.075,15.7169729663,9.96259972267,0,0,4.02822062085,3.45127428639,0,0,1
current_nearest,25.1,15.7169729663,9.96259972267,0,0,4.02822062085,3.45127428639,0,0,1
current_nearest,25.125,15.7169729663,9.96259972267,0,0,4.02822062085,3.45127428639,0,0,1
current_nearest,25.15,15.7169729663,9.96259972267,0,0,4.02822062085,3.45127428639,0,0,1
current_nearest,25.175,15.7169729663,9.96259972267,0,0,4.02822062085,3.45127428639,0,0,1
current_nearest,25.2,15.7169729663,9.96259972267,0,0,4.02822062085,3.45127428639,0,0,1
current_nearest,25.225,15.7169729663,9.96259972267,0,0,4.02822062085,3.45127428639,0,0,1
current_nearest,25.25,15.7169729663,9.96259972267,0,0,4.02822062085,3.45127428639,0,0,1
current_nearest,25.275,15.7169729663,9.96259972267,0,0,4.02822062085,3.45127428639,0,0,1
current_nearest,25.3,15.7169729663,9.96259972267,0,0,4.02822062085,3.45127428639,0,0,1
current_nearest,25.325,15.7169729663,9.96259972267,0,0,4.02822062085,3.45127428639,0,0,1
current_nearest,25.35,15.7169729663,9.96259972267,0,0,4.02822062085,3.45127428639,0,0,1
current_nearest,25.375,15.7169729663,9.96259972267,0,0,4.02822062085,3.45127428639,0,0,1
current_nearest,25.4,15.7169729663,9.96259972267,0,0,4.02822062085,3.45127428639,0,0,1
current_nearest,25.425,15.7169729663,9.96259972267,0,0,4.02822062085,3.45127428639,0,0,1
current_nearest,25.45,15.7169729663,9.96259972267,0,0,4.02822062085,3.45127428639,0,0,1
current_nearest,25.475,15.7169729663,9.96259972267,0,0,4.02822062085,3.45127428639,0,0,1
current_nearest,25.5,15.7169729663,9.96259972267,0,0,4.02822062085,3.45127428639,0,0,1
current_nearest,25.525,15.7169729663,9.96259972267,0,0,4.02822062085,3.45127428639,0,0,1
current_nearest,25.55,15.7169729663,9.96259972267,0,0,4.02822062085,3.45127428639,0,0,1
current_nearest,25.575,15.7169729663,9.96259972267,0,0,4.02822062085,3.45127428639,0,0,1
current_nearest,25.6,15.7169729663,9.96259972267,0,0,4.02822062085,3.45127428639,0,0,1
current_nearest,25.625,15.7169729663,9.96259972267,0,0,4.02822062085,3.45127428639,0,0,1
current_nearest,25.65,15.7169729663,9.96259972267,0,0,4.02822062085,3.45127428639,0,0,1
current_nearest,25.675,15.7169729663,9.96259972267,0,0,4.02822062085,3.45127428639,0,0,1
current_nearest,25.7,15.7169729663,9.96259972267,0,0,4.02822062085,3.45127428639,0,0,1
current_nearest,25.725,15.7169729663,9.96259972267,0,0,4.02822062085,3.45127428639,0,0,1
current_nearest,25.75,15.7169729663,9.96259972267,0,0,4.02822062085,3.45127428639,0,0,1
current_nearest,25.775,15.7169729663,9.96259972267,0,0,4.02822062085,3.45127428639,0,0,1
current_nearest,25.8,15.7169729663,9.96259972267,0,0,4.02822062085,3.45127428639,0,0,1
current_nearest,25.825,15.7169729663,9.96259972267,0,0,4.02822062085,3.45127428639,0,0,1
current_nearest,25.85,15.7169729663,9.96259972267,0,0,4.02822062085,3.45127428639,0,0,1
current_nearest,25.875,15.7169729663,9.96259972267,0,0,4.02822062085,3.45127428639,0,0,1
current_nearest,25.9,15.7169729663,9.96259972267,0,0,4.02822062085,3.45127428639,0,0,1
current_nearest,25.925,15.7169729663,9.96259972267,0,0,4.02822062085,3.45127428639,0,0,1
current_nearest,25.95,15.7169729663,9.96259972267,0,0,4.02822062085,3.45127428639,0,0,1
current_nearest,25.975,15.7169729663,9.96259972267,0,0,4.02822062085,3.45127428639,0,0,1
current_nearest,26,15.7169729663,9.96259972267,0,0,4.02822062085,3.45127428639,0,0,1
current_nearest,26.025,15.7169729663,9.96259972267,0,0,4.02822062085,3.45127428639,0,0,1
current_nearest,26.05,15.7169729663,9.96259972267,0,0,4.02822062085,3.45127428639,0,0,1
current_nearest,26.075,15.7169729663,9.96259972267,0,0,4.02822062085,3.45127428639,0,0,1
current_nearest,26.1,15.7169729663,9.96259972267,0,0,4.02822062085,3.45127428639,0,0,1
current_nearest,26.125,15.7169729663,9.96259972267,0,0,4.02822062085,3.45127428639,0,0,1
current_nearest,26.15,15.7169729663,9.96259972267,0,0,4.02822062085,3.45127428639,0,0,1
current_nearest,26.175,15.7169729663,9.96259972267,0,0,4.02822062085,3.45127428639,0,0,1
current_nearest,26.2,15.7169729663,9.96259972267,0,0,4.02822062085,3.45127428639,0,0,1
current_nearest,26.225,15.7169729663,9.96259972267,0,0,4.02822062085,3.45127428639,0,0,1
current_nearest,26.25,15.7169729663,9.96259972267,0,0,4.02822062085,3.45127428639,0,0,1
current_nearest,26.275,15.7169729663,9.96259972267,0,0,4.02822062085,3.45127428639,0,0,1
current_nearest,26.3,15.7169729663,9.96259972267,0,0,4.02822062085,3.45127428639,0,0,1
current_nearest,26.325,15.7169729663,9.96259972267,0,0,4.02822062085,3.45127428639,0,0,1
current_nearest,26.35,15.7169729663,9.96259972267,0,0,4.02822062085,3.45127428639,0,0,1
current_nearest,26.375,15.7169729663,9.96259972267,0,0,4.02822062085,3.45127428639,0,0,1
current_nearest,26.4,15.7169729663,9.96259972267,0,0,4.02822062085,3.45127428639,0,0,1
current_nearest,26.425,15.7169729663,9.96259972267,0,0,4.02822062085,3.45127428639,0,0,1
current_nearest,26.45,15.7169729663,9.96259972267,0,0,4.02822062085,3.45127428639,0,0,1
current_nearest,26.475,15.7169729663,9.96259972267,0,0,4.02822062085,3.45127428639,0,0,1
current_nearest,26.5,15.7169729663,9.96259972267,0,0,4.02822062085,3.45127428639,0,0,1
current_nearest,26.525,15.7169729663,9.96259972267,0,0,4.02822062085,3.45127428639,0,0,1
current_nearest,26.55,15.7169729663,9.96259972267,0,0,4.02822062085,3.45127428639,0,0,1
current_nearest,26.575,15.7169729663,9.96259972267,0,0,4.02822062085,3.45127428639,0,0,1
current_nearest,26.6,15.7169729663,9.96259972267,0,0,4.02822062085,3.45127428639,0,0,1
current_nearest,26.625,15.7169729663,9.96259972267,0,0,4.02822062085,3.45127428639,0,0,1
current_nearest,26.65,15.7169729663,9.96259972267,0,0,4.02822062085,3.45127428639,0,0,1
current_nearest,26.675,15.7169729663,9.96259972267,0,0,4.02822062085,3.45127428639,0,0,1
current_nearest,26.7,15.7169729663,9.96259972267,0,0,4.02822062085,3.45127428639,0,0,1
current_nearest,26.725,15.7169729663,9.96259972267,0,0,4.02822062085,3.45127428639,0,0,1
current_nearest,26.75,15.7169729663,9.96259972267,0,0,4.02822062085,3.45127428639,0,0,1
current_nearest,26.775,15.7169729663,9.96259972267,0,0,4.02822062085,3.45127428639,0,0,1
current_nearest,26.8,15.7169729663,9.96259972267,0,0,4.02822062085,3.45127428639,0,0,1
current_nearest,26.825,15.7169729663,9.96259972267,0,0,4.02822062085,3.45127428639,0,0,1
current_nearest,26.85,15.7169729663,9.96259972267,0,0,4.02822062085,3.45127428639,0,0,1
current_nearest,26.875,15.7169729663,9.96259972267,0,0,4.02822062085,3.45127428639,0,0,1
current_nearest,26.9,15.7169729663,9.96259972267,0,0,4.02822062085,3.45127428639,0,0,1
current_nearest,26.925,15.7169729663,9.96259972267,0,0,4.02822062085,3.45127428639,0,0,1
current_nearest,26.95,15.7169729663,9.96259972267,0,0,4.02822062085,3.45127428639,0,0,1
current_nearest,26.975,15.7169729663,9.96259972267,0,0,4.02822062085,3.45127428639,0,0,1
current_nearest,27,15.7169729663,9.96259972267,0,0,4.02822062085,3.45127428639,0,0,1
current_nearest,27.025,15.7169729663,9.96259972267,0,0,4.02822062085,3.45127428639,0,0,1
current_nearest,27.05,15.7169729663,9.96259972267,0,0,4.02822062085,3.45127428639,0,0,1
current_nearest,27.075,15.7169729663,9.96259972267,0,0,4.02822062085,3.45127428639,0,0,1
current_nearest,27.1,15.7169729663,9.96259972267,0,0,4.02822062085,3.45127428639,0,0,1
current_nearest,27.125,15.7169729663,9.96259972267,0,0,4.02822062085,3.45127428639,0,0,1
current_nearest,27.15,15.7169729663,9.96259972267,0,0,4.02822062085,3.45127428639,0,0,1
current_nearest,27.175,15.7169729663,9.96259972267,0,0,4.02822062085,3.45127428639,0,0,1
current_nearest,27.2,15.7169729663,9.96259972267,0,0,4.02822062085,3.45127428639,0,0,1
current_nearest,27.225,15.7169729663,9.96259972267,0,0,4.02822062085,3.45127428639,0,0,1
current_nearest,27.25,15.7169729663,9.96259972267,0,0,4.02822062085,3.45127428639,0,0,1
current_nearest,27.275,15.7169729663,9.96259972267,0,0,4.02822062085,3.45127428639,0,0,1
current_nearest,27.3,15.7169729663,9.96259972267,0,0,4.02822062085,3.45127428639,0,0,1
current_nearest,27.325,15.7169729663,9.96259972267,0,0,4.02822062085,3.45127428639,0,0,1
current_nearest,27.35,15.7169729663,9.96259972267,0,0,4.02822062085,3.45127428639,0,0,1
current_nearest,27.375,15.7169729663,9.96259972267,0,0,4.02822062085,3.45127428639,0,0,1
current_nearest,27.4,15.7169729663,9.96259972267,0,0,4.02822062085,3.45127428639,0,0,1
current_nearest,27.425,15.7169729663,9.96259972267,0,0,4.02822062085,3.45127428639,0,0,1
current_nearest,27.45,15.7169729663,9.96259972267,0,0,4.02822062085,3.45127428639,0,0,1
current_nearest,27.475,15.7169729663,9.96259972267,0,0,4.02822062085,3.45127428639,0,0,1
current_nearest,27.5,15.7169729663,9.96259972267,0,0,4.02822062085,3.45127428639,0,0,1
current_nearest,27.525,15.7169729663,9.96259972267,0,0,4.02822062085,3.45127428639,0,0,1
current_nearest,27.55,15.7169729663,9.96259972267,0,0,4.02822062085,3.45127428639,0,0,1
current_nearest,27.575,15.7169729663,9.96259972267,0,0,4.02822062085,3.45127428639,0,0,1
current_nearest,27.6,15.7169729663,9.96259972267,0,0,4.02822062085,3.45127428639,0,0,1
current_nearest,27.625,15.7169729663,9.96259972267,0,0,4.02822062085,3.45127428639,0,0,1
current_nearest,27.65,15.7169729663,9.96259972267,0,0,4.02822062085,3.45127428639,0,0,1
current_nearest,27.675,15.7169729663,9.96259972267,0,0,4.02822062085,3.45127428639,0,0,1
current_nearest,27.7,15.7169729663,9.96259972267,0,0,4.02822062085,3.45127428639,0,0,1
current_nearest,27.725,15.7169729663,9.96259972267,0,0,4.02822062085,3.45127428639,0,0,1
current_nearest,27.75,15.7169729663,9.96259972267,0,0,4.02822062085,3.45127428639,0,0,1
current_nearest,27.775,15.7169729663,9.96259972267,0,0,4.02822062085,3.45127428639,0,0,1
current_nearest,27.8,15.7169729663,9.96259972267,0,0,4.02822062085,3.45127428639,0,0,1
current_nearest,27.825,15.7169729663,9.96259972267,0,0,4.02822062085,3.45127428639,0,0,1
current_nearest,27.85,15.7169729663,9.96259972267,0,0,4.02822062085,3.45127428639,0,0,1
current_nearest,27.875,15.7169729663,9.96259972267,0,0,4.02822062085,3.45127428639,0,0,1
current_nearest,27.9,15.7169729663,9.96259972267,0,0,4.02822062085,3.45127428639,0,0,1
current_nearest,27.925,15.7169729663,9.96259972267,0,0,4.02822062085,3.45127428639,0,0,1
current_nearest,27.95,15.7169729663,9.96259972267,0,0,4.02822062085,3.45127428639,0,0,1
current_nearest,27.975,15.7169729663,9.96259972267,0,0,4.02822062085,3.45127428639,0,0,1
current_nearest,28,15.7169729663,9.96259972267,0,0,4.02822062085,3.45127428639,0,0,1
current_nearest,28.025,15.7169729663,9.96259972267,0,0,4.02822062085,3.45127428639,0,0,1
current_nearest,28.05,15.7169729663,9.96259972267,0,0,4.02822062085,3.45127428639,0,0,1
current_nearest,28.075,15.7169729663,9.96259972267,0,0,4.02822062085,3.45127428639,0,0,1
current_nearest,28.1,15.7169729663,9.96259972267,0,0,4.02822062085,3.45127428639,0,0,1
current_nearest,28.125,15.7169729663,9.96259972267,0,0,4.02822062085,3.45127428639,0,0,1
current_nearest,28.15,15.7169729663,9.96259972267,0,0,4.02822062085,3.45127428639,0,0,1
current_nearest,28.175,15.7169729663,9.96259972267,0,0,4.02822062085,3.45127428639,0,0,1
current_nearest,28.2,15.7169729663,9.96259972267,0,0,4.02822062085,3.45127428639,0,0,1
current_nearest,28.225,15.7169729663,9.96259972267,0,0,4.02822062085,3.45127428639,0,0,1
current_nearest,28.25,15.7169729663,9.96259972267,0,0,4.02822062085,3.45127428639,0,0,1
current_nearest,28.275,15.7169729663,9.96259972267,0,0,4.02822062085,3.45127428639,0,0,1
current_nearest,28.3,15.7169729663,9.96259972267,0,0,4.02822062085,3.45127428639,0,0,1
current_nearest,28.325,15.7169729663,9.96259972267,0,0,4.02822062085,3.45127428639,0,0,1
current_nearest,28.35,15.7169729663,9.96259972267,0,0,4.02822062085,3.45127428639,0,0,1
current_nearest,28.375,15.7169729663,9.96259972267,0,0,4.02822062085,3.45127428639,0,0,1
current_nearest,28.4,15.7169729663,9.96259972267,0,0,4.02822062085,3.45127428639,0,0,1
current_nearest,28.425,15.7169729663,9.96259972267,0,0,4.02822062085,3.45127428639,0,0,1
current_nearest,28.45,15.7169729663,9.96259972267,0,0,4.02822062085,3.45127428639,0,0,1
current_nearest,28.475,15.7169729663,9.96259972267,0,0,4.02822062085,3.45127428639,0,0,1
current_nearest,28.5,15.7169729663,9.96259972267,0,0,4.02822062085,3.45127428639,0,0,1
current_nearest,28.525,15.7169729663,9.96259972267,0,0,4.02822062085,3.45127428639,0,0,1
current_nearest,28.55,15.7169729663,9.96259972267,0,0,4.02822062085,3.45127428639,0,0,1
current_nearest,28.575,15.7169729663,9.96259972267,0,0,4.02822062085,3.45127428639,0,0,1
current_nearest,28.6,15.7169729663,9.96259972267,0,0,4.02822062085,3.45127428639,0,0,1
current_nearest,28.625,15.7169729663,9.96259972267,0,0,4.02822062085,3.45127428639,0,0,1
current_nearest,28.65,15.7169729663,9.96259972267,0,0,4.02822062085,3.45127428639,0,0,1
current_nearest,28.675,15.7169729663,9.96259972267,0,0,4.02822062085,3.45127428639,0,0,1
current_nearest,28.7,15.7169729663,9.96259972267,0,0,4.02822062085,3.45127428639,0,0,1
current_nearest,28.725,15.7169729663,9.96259972267,0,0,4.02822062085,3.45127428639,0,0,1
current_nearest,28.75,15.7169729663,9.96259972267,0,0,4.02822062085,3.45127428639,0,0,1
current_nearest,28.775,15.7169729663,9.96259972267,0,0,4.02822062085,3.45127428639,0,0,1
current_nearest,28.8,15.7169729663,9.96259972267,0,0,4.02822062085,3.45127428639,0,0,1
current_nearest,28.825,15.7169729663,9.96259972267,0,0,4.02822062085,3.45127428639,0,0,1
current_nearest,28.85,15.7169729663,9.96259972267,0,0,4.02822062085,3.45127428639,0,0,1
current_nearest,28.875,15.7169729663,9.96259972267,0,0,4.02822062085,3.45127428639,0,0,1
current_nearest,28.9,15.7169729663,9.96259972267,0,0,4.02822062085,3.45127428639,0,0,1
current_nearest,28.925,15.7169729663,9.96259972267,0,0,4.02822062085,3.45127428639,0,0,1
current_nearest,28.95,15.7169729663,9.96259972267,0,0,4.02822062085,3.45127428639,0,0,1
current_nearest,28.975,15.7169729663,9.96259972267,0,0,4.02822062085,3.45127428639,0,0,1
current_nearest,29,15.7169729663,9.96259972267,0,0,4.02822062085,3.45127428639,0,0,1
current_nearest,29.025,15.7169729663,9.96259972267,0,0,4.02822062085,3.45127428639,0,0,1
current_nearest,29.05,15.7169729663,9.96259972267,0,0,4.02822062085,3.45127428639,0,0,1
current_nearest,29.075,15.7169729663,9.96259972267,0,0,4.02822062085,3.45127428639,0,0,1
current_nearest,29.1,15.7169729663,9.96259972267,0,0,4.02822062085,3.45127428639,0,0,1
current_nearest,29.125,15.7169729663,9.96259972267,0,0,4.02822062085,3.45127428639,0,0,1
current_nearest,29.15,15.7169729663,9.96259972267,0,0,4.02822062085,3.45127428639,0,0,1
current_nearest,29.175,15.7169729663,9.96259972267,0,0,4.02822062085,3.45127428639,0,0,1
current_nearest,29.2,15.7169729663,9.96259972267,0,0,4.02822062085,3.45127428639,0,0,1
current_nearest,29.225,15.7169729663,9.96259972267,0,0,4.02822062085,3.45127428639,0,0,1
current_nearest,29.25,15.7169729663,9.96259972267,0,0,4.02822062085,3.45127428639,0,0,1
current_nearest,29.275,15.7169729663,9.96259972267,0,0,4.02822062085,3.45127428639,0,0,1
current_nearest,29.3,15.7169729663,9.96259972267,0,0,4.02822062085,3.45127428639,0,0,1
current_nearest,29.325,15.7169729663,9.96259972267,0,0,4.02822062085,3.45127428639,0,0,1
current_nearest,29.35,15.7169729663,9.96259972267,0,0,4.02822062085,3.45127428639,0,0,1
current_nearest,29.375,15.7169729663,9.96259972267,0,0,4.02822062085,3.45127428639,0,0,1
current_nearest,29.4,15.7169729663,9.96259972267,0,0,4.02822062085,3.45127428639,0,0,1
current_nearest,29.425,15.7169729663,9.96259972267,0,0,4.02822062085,3.45127428639,0,0,1
current_nearest,29.45,15.7169729663,9.96259972267,0,0,4.02822062085,3.45127428639,0,0,1
current_nearest,29.475,15.7169729663,9.96259972267,0,0,4.02822062085,3.45127428639,0,0,1
current_nearest,29.5,15.7169729663,9.96259972267,0,0,4.02822062085,3.45127428639,0,0,1
current_nearest,29.525,15.7169729663,9.96259972267,0,0,4.02822062085,3.45127428639,0,0,1
current_nearest,29.55,15.7169729663,9.96259972267,0,0,4.02822062085,3.45127428639,0,0,1
current_nearest,29.575,15.7169729663,9.96259972267,0,0,4.02822062085,3.45127428639,0,0,1
current_nearest,29.6,15.7169729663,9.96259972267,0,0,4.02822062085,3.45127428639,0,0,1
current_nearest,29.625,15.7169729663,9.96259972267,0,0,4.02822062085,3.45127428639,0,0,1
current_nearest,29.65,15.7169729663,9.96259972267,0,0,4.02822062085,3.45127428639,0,0,1
current_nearest,29.675,15.7169729663,9.96259972267,0,0,4.02822062085,3.45127428639,0,0,1
current_nearest,29.7,15.7169729663,9.96259972267,0,0,4.02822062085,3.45127428639,0,0,1
current_nearest,29.725,15.7169729663,9.96259972267,0,0,4.02822062085,3.45127428639,0,0,1
current_nearest,29.75,15.7169729663,9.96259972267,0,0,4.02822062085,3.45127428639,0,0,1
current_nearest,29.775,15.7169729663,9.96259972267,0,0,4.02822062085,3.45127428639,0,0,1
current_nearest,29.8,15.7169729663,9.96259972267,0,0,4.02822062085,3.45127428639,0,0,1
current_nearest,29.825,15.7169729663,9.96259972267,0,0,4.02822062085,3.45127428639,0,0,1
current_nearest,29.85,15.7169729663,9.96259972267,0,0,4.02822062085,3.45127428639,0,0,1
current_nearest,29.875,15.7169729663,9.96259972267,0,0,4.02822062085,3.45127428639,0,0,1
current_nearest,29.9,15.7169729663,9.96259972267,0,0,4.02822062085,3.45127428639,0,0,1
current_nearest,29.925,15.7169729663,9.96259972267,0,0,4.02822062085,3.45127428639,0,0,1
current_nearest,29.95,15.7169729663,9.96259972267,0,0,4.02822062085,3.45127428639,0,0,1
current_nearest,29.975,15.7169729663,9.96259972267,0,0,4.02822062085,3.45127428639,0,0,1
current_nearest,30,15.7169729663,9.96259972267,0,0,4.02822062085,3.45127428639,0,0,1
current_both,0,10,10,0,0,0.530624847487,1.038854382,1.29000856147,0.121625123464,0
current_both,0.025,10.0018024298,10.0004696685,0.0720971933225,0.0187867387721,0.529511656542,1.03703223931,1.36978149903,0.16209084118,0
current_both,0.05,10.005253106,10.0014264236,0.138027047106,0.038270205341,0.527421502696,1.03351826815,1.45027026808,0.211556107389,0
current_both,0.075,10.0101466607,10.002834733,0.195742186798,0.0563323743625,0.524501173719,1.02851232875,1.52761748359,0.267362588609,0
current_both,0.1,10.0162966412,10.0046567499,0.245999219777,0.0728806771827,0.520883465668,1.02219841278,1.59738983927,0.325490164183,0
current_both,0.125,10.0235370827,10.0068531806,0.289617659194,0.0878572269227,0.516685392644,1.01474281609,1.65865743782,0.383351573506,0
current_both,0.15,10.0317219902,10.0093848268,0.327396300747,0.101265848536,0.512008756757,1.00629390144,1.7124623749,0.439472294964,0
current_both,0.175,10.0407235424,10.0122141028,0.360062090317,0.113171040126,0.506941952041,0.996983025385,1.76058979821,0.493116726735,0
current_both,0.2,10.0504298058,10.0153061981,0.388250536237,0.12368381389,0.501562124047,0.986926063289,1.80485905651,0.544005112718,0
current_both,0.225,10.0607424599,10.018629813,0.412506160692,0.132944593599,0.495937196411,0.976225113963,1.84681062538,0.592127275942,0
current_both,0.25,10.0715747714,10.0221575145,0.433292461899,0.141108061186,0.490127567528,0.964970148914,1.88761932342,0.63762727915,0
current_both,0.275,10.0828498904,10.0258658021,0.451004760056,0.148331502921,0.484187443852,0.953240503115,1.92811300636,0.680733721637,0
current_both,0.3,10.0944994554,10.0297349675,0.465982598724,0.154766616595,0.478165848976,0.941106179455,1.96882906041,0.721717798944,0
current_both,0.325,10.1064624654,10.0337488219,0.478520400634,0.1605541755,0.472107369971,0.928628974871,2.01007651115,0.760867923424,0
current_both,0.35,10.1186843682,10.0378943432,0.488876112863,0.165820854502,0.466052701681,0.915863449704,2.05199100775,0.79847426061,0
current_both,0.375,10.1311163187,10.0421612835,0.49727801902,0.170677610604,0.460039040314,0.902857764437,2.09457927197,0.834819328251,0
current_both,0.4,10.1437145695,10.046541762,0.503930033922,0.175219140726,0.454100366777,0.889654406078,2.13775350984,0.870172426289,0
current_both,0.425,10.1564399645,10.0510298636,0.509015797628,0.179524061804,0.448267650492,0.876290823144,2.18135758143,0.904786582146,0
current_both,0.45,10.1692575104,10.0556212525,0.512701837333,0.183655557973,0.442568996649,0.862799984883,2.22518688569,0.938897207439,0
current_both,0.475,10.1821360106,10.0603128104,0.515140007654,0.187662315815,0.437029754014,0.849210877554,2.26900365505,0.972721948559,0
current_both,0.5,10.1950477448,10.065102301,0.516469368285,0.191579625115,0.431672596112,0.835548948257,2.31254898291,1.00646137614,0
current_both,0.525,10.2079681852,10.0699880651,0.516817617586,0.195430563362,0.42651758552,0.82183650497,2.35555255344,1.04030025362,0
current_both,0.55,10.2208757395,10.0749687454,0.516302171181,0.199227211289,0.421582228738,0.80809308001,2.39774074793,1.07440918344,0
current_both,0.575,10.2337515134,10.0800430421,0.515030954266,0.202971866855,0.416881527469,0.794335762862,2.43884357201,1.10894646738,0
current_both,0.6,10.2465790875,10.085209498,0.513102962769,0.206658238605,0.412428030842,0.780579507317,2.47860067607,1.14406004449,0
current_both,0.625,10.2593443034,10.0904663132,0.510608639814,0.210272608088,0.408231892091,0.766837416913,2.51676661785,1.17988939039,0
current_both,0.65,10.2720350562,10.0958111871,0.507630108379,0.213794956166,0.404300932376,0.753121011838,2.5531154319,1.21656727937,0
current_both,0.675,10.2846410886,10.1012411884,0.504241297425,0.217200050831,0.400640713616,0.739440479707,2.58744451717,1.25422132634,0
current_both,0.7,10.2971537885,10.1067526508,0.500507996068,0.220458495177,0.397254621589,0.72580491191,2.61957782533,1.29297524076,0
current_both,0.725,10.3095659852,10.1123410942,0.496487868037,0.223537734245,0.394143959859,0.712222526622,2.64936832159,1.33294974019,0
current_both,0.75,10.3218717466,10.1180011696,0.492230456111,0.226403018837,0.3913080546,0.698700878989,2.67669969402,1.37426308574,0
current_both,0.775,10.3340661767,10.1237266277,0.487777203385,0.229018323664,0.388744369817,0.685247058553,2.70148730007,1.4170312172,0
current_both,0.8,10.3461452146,10.1295103081,0.483161514874,0.231347216338,0.386448632081,0.671867873574,2.72367835851,1.4613674799,0
current_both,0.825,10.3581054365,10.13534415,0.478408879157,0.233353673125,0.38441496352,0.658570021609,2.74325141627,1.5073819495,0
current_both,0.85,10.3699438632,10.1412192209,0.473537065663,0.235002836973,0.382636021544,0.645360245488,2.76021514194,1.55518037379,0
current_both,0.875,10.3816577734,10.1471257637,0.468556408849,0.236261713207,0.381103143608,0.632245473694,2.77460651651,1.60486276215,0
current_both,0.9,10.393244528,10.1530532587,0.463470186174,0.237099798516,0.379806495203,0.619232944098,2.7864885081,1.65652166358,0
current_both,0.925,10.4047014054,10.1589904996,0.458275092597,0.237489639205,0.378735219258,0.60633031002,2.79594732864,1.71024018283,0
current_both,0.95,10.4160254506,10.1649256825,0.452961810341,0.237407315405,0.377877585173,0.593545727647,2.80308937688,1.76608979092,0
current_both,0.975,10.4272133424,10.1708465038,0.447515669237,0.236832848683,0.377221135813,0.58088792398,2.80803797403,1.82412799188,0
current_both,1,10.4382612771,10.176740267,0.441917389823,0.235750531471,0.376752830953,0.568366244645,2.81092999632,1.88439591117,0
current_both,1.025,10.4491648746,10.1825939965,0.436143898881,0.234149177723,0.376459185824,0.555990681094,2.81191250377,1.94703319683,0
current_both,1.05,10.4594658819,10.1892390589,0.412040291849,0.265802496357,0.377284812503,0.543772391811,2.77060299769,2.02409533977,0
current_both,1.075,10.4691968321,10.1965299416,0.389238008756,0.291635308443,0.379081010191,0.531753453652,2.72153861672,2.09265265398,0
current_both,1.1,10.4783969695,10.2043355914,0.368005495004,0.312225991425,0.381706543939,0.519964348241,2.66598665917,2.15658213194,0
current_both,1.125,10.4871078302,10.2125383486,0.348434429327,0.32811028862,0.385029640687,0.508427659215,2.60537153723,2.2187728078,0
current_both,1.15,10.4953700818,10.2210328073,0.330490064298,0.339778347221,0.388929035493,0.497160882333,2.5411097637,2.28118264425,0
current_both,1.175,10.5032214641,10.2297247255,0.314055292557,0.347676729944,0.393294329596,0.486178403568,2.47451483019,2.34499787716,0
current_both,1.2,10.5106956049,10.2385300435,0.298965630361,0.352212718981,0.398025889235,0.475492789569,2.40675111387,2.41081137567,0
current_both,1.225,10.5178214856,10.2473740224,0.285035228187,0.35375915402,0.403034458495,0.465115553452,2.33881896209,2.47878170489,0
current_both,1.25,10.5246233665,10.2561904944,0.272075238528,0.35265888336,0.408240607207,0.455057543076,2.27155775211,2.54876126031,0
current_both,1.275,10.5311210204,10.2649212062,0.259906152855,0.349228468866,0.413574094279,0.445329071312,2.20565810141,2.62039449053,0
current_both,1.3,10.53733016,10.2735152336,0.248365584598,0.343761097328,0.418973197993,0.435939879651,2.14167777944,2.69319171595,0
current_both,1.325,10.5432629776,10.2819284534,0.237312706843,0.336528793349,0.424384045329,0.426899002367,2.08005820251,2.76658460349,0
current_both,1.35,10.5489287347,10.2901230553,0.226630280507,0.32778407448,0.429759959521,0.418214579418,2.0211399054,2.83996836856,0
current_both,1.375,10.5543343591,10.298067085,0.216224976704,0.317761187247,0.435060836664,0.409893651931,1.96517632793,2.91273441416,0
current_both,1.4,10.5594850219,10.305734011,0.206026514141,0.306677042225,0.440252556832,0.401941963571,1.91234581763,2.98429587575,0
current_both,1.425,10.5643846718,10.3131023096,0.195985993292,0.29473194217,0.445306431753,0.394363783509,1.86276204984,3.05410757956,0
current_both,1.45,10.5690365144,10.320155064,0.186073705932,0.282110175843,0.450198689078,0.387161761245,1.81648317719,3.12168126256,0
current_both,1.475,10.57344343,10.3268795773,0.176276624207,0.268980533091,0.454909992133,0.380336819599,1.77352000064,3.18659650637,0
current_both,1.5,10.5776083231,10.3332669969,0.166595722107,0.255496783423,0.459424993532,0.373888089288,1.73384336266,3.24850765454,0
current_both,1.525,10.5815344043,10.3393119506,0.157043248302,0.241798149371,0.463731920829,0.367812886177,1.6973908563,3.30714695254,0
current_both,1.55,10.5852254055,10.3450121955,0.147640047288,0.2280097965,0.46782219236,0.362106730458,1.66407286721,3.36232421776,0
current_both,1.575,10.5886857307,10.3503682794,0.138413010178,0.214243353617,0.471690061479,0.356763405361,1.63377793982,3.41392346053,0
current_both,1.6,10.5919205488,10.3553832161,0.129392723005,0.200597469823,0.475332287422,0.351775051657,1.60637747963,3.46189699432,0
current_both,1.625,10.594935833,10.3600621764,0.12061136641,0.187158409936,0.478747831117,0.347132293091,1.58172984535,3.50625766311,0
current_both,1.65,10.5977383556,10.3644121935,0.112100905285,0.174000686606,0.481937574322,0.342824387085,1.55968392185,3.54706985775,0
current_both,1.675,10.6003356454,10.3684418867,0.103891590895,0.161187725822,0.484904060617,0.338839394546,1.54008227671,3.584439984,0
current_both,1.7,10.6027359149,10.3721612007,0.0960107822049,0.148772561815,0.487651256935,0.335164362468,1.52276398802,3.61850698579,0
current_both,1.725,10.6049479669,10.3755811646,0.0884820787848,0.136798556835,0.490184334504,0.331785513129,1.50756719639,3.64943342587,0
current_both,1.75,10.6069810855,10.3787136682,0.0813247455401,0.125300140482,0.492509468233,0.328688434123,1.494331396,3.67739749828,0
current_both,1.775,10.6088449205,10.3815712572,0.074553400016,0.114303562002,0.494633653759,0.325858264072,1.48289944995,3.70258620764,0
current_both,1.8,10.6105493687,10.3841669484,0.068177926432,0.103827647536,0.496564541416,0.323279869662,1.47311930197,3.72518981565,0
current_both,1.825,10.6121044581,10.3865140622,0.0622035768599,0.093884553058,0.498310286461,0.320938010549,1.46484535919,3.7453975394,0
current_both,1.85,10.6135202386,10.3886260748,0.0566312189347,0.084480503099,0.499879414861,0.31881748958,1.45793953475,3.76339439691,0
current_both,1.875,10.6148066808,10.3905164874,0.0514576908629,0.0756165054542,0.501280703913,0.316903286696,1.45227195809,3.77935903813,0
current_both,1.9,10.6159735865,10.3921987133,0.0466762278017,0.067289033034,0.502523076891,0.315180675682,1.44772137918,3.79346237213,0
current_both,1.925,10.6170305098,10.3936859799,0.042276928356,0.0594906655901,0.503615510866,0.313635323636,1.44417530668,3.80586679929,0
current_both,1.95,10.6179866906,10.3949912471,0.0382472353665,0.0522106860173,0.504566956791,0.312253373603,1.44152992804,3.81672587427,0
current_both,1.975,10.6188510009,10.3961271378,0.0345724107799,0.0454356280046,0.505386270909,0.311021511226,1.43968986128,3.82618425306,0
current_both,2,10.6196319006,10.3971058821,0.0312359897255,0.0391497737589,0.506082156534,0.309927016575,1.43856778607,3.83437781045,0
current_both,2.025,10.6203374057,10.3979392722,0.0282202036586,0.033335602177,0.506663115258,0.308957802497,1.43808399565,3.84143384596,0
current_both,2.05,10.6209750649,10.3986386269,0.0255063663808,0.0279741891356,0.507137406684,0.308102440873,1.43816590428,3.84747132499,0
current_both,2.075,10.6215519454,10.3992147659,0.0230752198559,0.0230455624729,0.507513015795,0.307350178227,1.43874753747,3.85260112459,0
current_both,2.1,10.6220746264,10.3996779913,0.0209072390605,0.0185290147921,0.507797627155,0.306690942057,1.4397690248,3.85692627011,0
current_both,2.125,10.6225491988,10.4000380758,0.0189828967233,0.014403377488,0.507998605161,0.306115339173,1.44117610945,3.86054216045,0
current_both,2.15,10.622981271,10.4003042572,0.0172828898624,0.0106472594424,0.508122979653,0.305614647269,1.44291968328,3.86353678609,0
current_both,2.175,10.6233759793,10.4004852386,0.0157883306476,0.00723925373203,0.508177436221,0.305180800809,1.4449553522,3.86599094717,0
current_both,2.2,10.6237380019,10.4005891915,0.0144809044221,0.00415811548988,0.50816831063,0.304806372222,1.44724303414,3.86955826443,0
current_both,2.225,10.6241974589,10.4003132675,0.0183782810487,-0.0110369597679,0.507767661351,0.304485696109,1.46741777776,3.87949615731,0
current_both,2.25,10.6247425217,10.3997126575,0.021802512367,-0.0240243985179,0.507031676441,0.304209232289,1.48822546012,3.8880809895,0
current_both,2.275,10.6253631991,10.3988358278,0.0248270923045,-0.035073187051,0.506009583849,0.303968494208,1.50935574554,3.89558859866,0
current_both,2.3,10.6260508991,10.3977252161,0.0275080028104,-0.0444244709554,0.504744445388,0.303756068968,1.53059837301,3.90223198227,0
current_both,2.325,10.6267981129,10.396417903,0.0298885516826,-0.0522925226777,0.503273891504,0.303565575578,1.55181295255,3.90817939103,0
current_both,2.35,10.6275981838,10.3949462381,0.0320028336096,-0.0588665958193,0.501630786089,0.303391590179,1.57290741977,3.91356600289,0
current_both,2.375,10.6284451389,10.3933384091,0.0338782055798,-0.0643131589289,0.499843819644,0.303229555996,1.59382279979,3.91850163232,0
current_both,2.4,10.6293335655,10.3916189536,0.0355370622918,-0.0687782202241,0.497938033848,0.30307568873,1.61452250098,3.92307602145,0
current_both,2.425,10.6302585183,10.389809214,0.0369981147254,-0.0723895859628,0.495935282798,0.30292688361,1.63498483314,3.92736264789,0
current_both,2.45,10.6312154512,10.3879277397,0.0382773148452,-0.0752589724371,0.493854637042,0.302780627551,1.65519780958,3.93142160019,0
current_both,2.475,10.6322001644,10.3859906413,0.0393885268931,-0.0774839362286,0.491712736599,0.302634918184,1.67515556184,3.93530184226,0
current_both,2.5,10.6332087648,10.3840119009,0.0403440161365,-0.0791496126723,0.489524098919,0.30248819047,1.69485589047,3.93904305417,0
current_both,2.525,10.6342376349,10.3820036443,0.0411548054026,-0.0803302663635,0.487301387216,0.302339251017,1.71429861434,3.94267716135,0
current_both,2.55,10.6352834083,10.3799763777,0.0418309354349,-0.0810906647595,0.485055644131,0.302187219863,1.73348447958,3.94622962124,0
current_both,2.575,10.6363429497,10.3779391954,0.0423816550805,-0.0814872892594,0.48279649512,0.302031479287,1.75241445927,3.94972051291,0
current_both,2.6,10.6374133387,10.3758999604,0.0428155602169,-0.0815693992669,0.480532325438,0.301871629104,1.77108932419,3.95316546185,0
current_both,2.625,10.6384918561,10.3738654613,0.0431406952501,-0.0813799646203,0.478270434165,0.301707447877,1.78950940013,3.95657642433,0
current_both,2.65,10.6395759717,10.3718415493,0.0433646273475,-0.0809564809975,0.476017168243,0.301538859464,1.80767445195,3.95996235088,0
current_both,2.675,10.6406633343,10.3698332573,0.0434945008941,-0.0803316818045,0.473778039163,0.301365904331,1.82558365217,3.96332974575,0
current_both,2.7,10.6417517612,10.3678449033,0.0435370776985,-0.0795341588346,0.471557824558,0.301188715108,1.84323560429,3.96668313646,0
current_both,2.725,10.6428392304,10.3658801807,0.0434987670216,-0.0785889027516,0.469360656719,0.301007495879,1.86062840019,3.97002546612,0
current_both,2.75,10.6439238716,10.3639422364,0.0433856484221,-0.0775177732649,0.467190099727,0.300822504766,1.87775969703,3.97335841953,0
current_both,2.775,10.6450039588,10.3620337387,0.0432034896131,-0.0763399077606,0.465049216745,0.300634039374,1.89462680366,3.9766826927,0
current_both,2.8,10.6460779029,10.3601569368,0.0429577609191,-0.0750720761421,0.462940628734,0.300442424733,1.91122676983,3.97999821435,0
current_both,2.825,10.647144244,10.3583137121,0.0426536474797,-0.073728988717,0.460866565767,0.300248003382,1.92755647381,3.98330432689,0
current_both,2.85,10.6482016455,10.356505623,0.0422960600121,-0.0723235631514,0.458828911889,0.300051127321,1.94361270531,3.9865999331,0
current_both,2.875,10.6492488867,10.3547339441,0.041889644695,-0.0708671557778,0.456829244412,0.299852151524,1.95939224224,3.98988361433,0
current_both,2.9,10.6502848565,10.3529997001,0.041438792558,-0.069369761895,0.454868868357,0.299651428809,1.97489192012,3.99315372496,0
current_both,2.925,10.6513085477,10.3513036953,0.0409476486218,-0.0678401891257,0.452948846703,0.299449305837,1.99010869396,3.99640846706,0
current_both,2.95,10.6523190507,10.3496465401,0.0404201209425,-0.0662862073849,0.451070026999,0.299246120057,2.00503969228,3.99964594912,0
current_both,2.975,10.653315548,10.3480286732,0.0398598896406,-0.0647146785709,0.449233064807,0.299042197446,2.01968226372,4.00286423135,0
current_both,3,10.6542973084,10.3464503815,0.0392704159493,-0.0631316686911,0.447438444414,0.298837850896,2.03403401648,4.00606136056,0
current_both,3.025,10.6552636821,10.3449118178,0.0386549512821,-0.0615425447916,0.445686497157,0.298633379137,2.04809285099,4.00923539627,0
current_both,3.05,10.6562140958,10.3434130164,0.0380165463006,-0.0599520587533,0.443977417683,0.298429066082,2.06185698635,4.01238443018,0
current_both,3.075,10.6571480473,10.3419539059,0.0373580599488,-0.0583644197525,0.44231127841,0.298225180519,2.07532498102,4.0155066002,0
current_both,3.1,10.6580651015,10.340534322,0.036682168415,-0.0567833569457,0.440688042421,0.298021976066,2.0884957483,4.01860010038,0
current_both,3.125,10.6589648858,10.3391540176,0.0359913739786,-0.0552121737375,0.439107574999,0.297819691336,2.10136856703,4.02166318764,0
current_both,3.15,10.6598470862,10.3378126727,0.0352880137029,-0.053653794807,0.437569653965,0.297618550248,2.11394308804,4.0246941862,0
current_both,3.175,10.6607114429,10.3365099026,0.0345742679341,-0.0521108069135,0.436073978981,0.297418762453,2.12621933675,4.0276914902,0
current_both,3.2,10.6615577471,10.3352452652,0.0338521685735,-0.0505854943633,0.43462017994,0.297220523831,2.13819771235,4.03065356518,0
current_both,3.225,10.6623858373,10.3340182685,0.0331236070941,-0.0490798698999,0.433207824547,0.297024017041,2.14987898404,4.03357894866,0
current_both,3.25,10.6631955958,10.3328283759,0.0323903422778,-0.0475957016747,0.431836425207,0.296829412085,2.1612642845,4.03646625025,0
current_both,3.275,10.663986946,10.3316750125,0.0316540076539,-0.0461345368654,0.430505445284,0.296636866886,2.17235510118,4.03931415142,0
current_both,3.3,10.664759849,10.3305575694,0.0309161186263,-0.0446977224269,0.429214304803,0.296446527858,2.18315326548,4.0421214052,0
current_both,3.325,10.665514301,10.3294754089,0.0301780792796,-0.0432864233942,0.427962385668,0.296258530458,2.19366094033,4.04488683574,0
current_both,3.35,10.6662503307,10.3284278679,0.0294411888593,-0.0419016390921,0.426749036435,0.296072999709,2.20388060624,4.0476093381,0
current_both,3.375,10.6669679969,10.3274142624,0.0287066479266,-0.0405442175594,0.425573576698,0.295890050706,2.21381504625,4.05028787795,0
current_both,3.4,10.667667386,10.3264338907,0.0279755641876,-0.0392148684457,0.424435301111,0.295709789082,2.22346732985,4.05292149156,0
current_both,3.425,10.66834861,10.3254860364,0.0272489580046,-0.0379141746017,0.423333483098,0.295532311443,2.23284079621,4.05550928574,0
current_both,3.45,10.6690118041,10.3245699713,0.0265277675961,-0.0366426025521,0.422267378261,0.295357705775,2.2419390368,4.05805043804,0
current_both,3.475,10.6696571255,10.3236849585,0.0258128539341,-0.035400512007,0.421236227533,0.295186051819,2.25076587767,4.06054419685,0
current_both,3.5,10.6702847506,10.3228302544,0.0251050053524,-0.0341881645463,0.420239260076,0.295017421414,2.25932536146,4.06298988174,0
current_both,3.525,10.6708948742,10.3220051111,0.0244049418749,-0.0330057315888,0.419275695959,0.294851878817,2.26762172939,4.06538688363,0
current_both,3.55,10.6714877072,10.3212087785,0.0237133192804,-0.0318533017407,0.418344748626,0.294689480999,2.27565940321,4.06773466507,0
current_both,3.575,10.6720634755,10.3204405064,0.0230307329155,-0.0307308875992,0.417445627172,0.294530277919,2.2834429674,4.07003276036,0
current_both,3.6,10.6726224185,10.3196995456,0.0223577212702,-0.0296384320798,0.416577538435,0.294374312781,2.29097715156,4.07228077566,0
current_both,3.625,10.6731647877,10.3189851502,0.0216947693313,-0.028575814318,0.415739688925,0.29422162227,2.29826681321,4.07447838895,0
current_both,3.65,10.6736908455,10.3182965788,0.0210423117267,-0.0275428551929,0.414931286593,0.294072236786,2.30531692101,4.0766253498,0
current_both,3.675,10.6742008639,10.3176330958,0.0204007356752,-0.0265393225072,0.414151542452,0.29392618066,2.31213253841,4.07872147903,0
current_both,3.7,10.6746951235,10.3169939724,0.0197703837551,-0.0255649358562,0.413399672059,0.293783472363,2.318718808,4.08076666819,0
current_both,3.725,10.6751739124,10.3163784881,0.0191515565049,-0.0246193712096,0.412674896868,0.293644124709,2.32508093632,4.08276087875,0
current_both,3.75,10.6756375253,10.3157859314,0.0185445148685,-0.0237022652267,0.411976445461,0.293508145062,2.33122417939,4.08470414119,0
current_both,3.775,10.6760862624,10.315215601,0.0179494824966,-0.0228132193236,0.411303554658,0.293375535528,2.33715382894,4.08659655378,0
current_both,3.8,10.6765204286,10.3146668059,0.0173666479165,-0.0219518035053,0.410655470525,0.293246293153,2.34287519922,4.08843828121,0
current_both,3.825,10.6769403327,10.3141388669,0.0167961665794,-0.0211175599758,0.410031449274,0.293120410127,2.34839361471,4.09022955299,0
current_both,3.85,10.6773462868,10.3136311167,0.0162381627967,-0.0203100065355,0.409430758069,0.292997873974,2.35371439833,4.09197066159,0
current_both,3.875,10.6777386051,10.3131429007,0.0156927315733,-0.0195286397766,0.408852675741,0.292878667759,2.35884286059,4.09366196045,0
current_both,3.9,10.6781176036,10.3126735773,0.0151599403463,-0.018772938082,0.408296493418,0.292762770285,2.36378428932,4.09530386176,0
current_both,3.925,10.6784835994,10.3122225182,0.0146398306379,-0.0180423644378,0.407761515068,0.292650156303,2.36854394019,4.09689683407,0
current_both,3.95,10.6788369099,10.3117891089,0.0141324196282,-0.0173363690633,0.407247057982,0.292540796712,2.3731270279,4.09844139973,0
current_both,3.975,10.6791778524,10.3113727491,0.0136377016551,-0.0166543918664,0.406752453168,0.292434658773,2.37753871811,4.09993813222,0
current_both,4,10.6795067436,10.3109728525,0.0131556496468,-0.0159958647307,0.406277045695,0.292331706315,2.38178412,4.10138765334,0
current_both,4.025,10.679823899,10.3105888472,0.0126862164921,-0.015360213639,0.405820194965,0.29223189995,2.38586827953,4.10279063023,0
current_both,4.05,10.6801296325,10.3102201757,0.0122293363523,-0.0147468606397,0.405381274935,0.292135197283,2.38979617331,4.10414777244,0
current_both,4.075,10.6804242556,10.309866295,0.0117849259203,-0.0141552256628,0.404959674283,0.292041553126,2.39357270313,4.10545982877,0
current_both,4.1,10.6807080777,10.3095266768,0.0113528856284,-0.0135847281898,0.404554796523,0.291950919709,2.39720269098,4.10672758422,0
current_both,4.125,10.6809814053,10.3092008071,0.0109331008101,-0.013034788785,0.40416606008,0.291863246893,2.40069087475,4.10795185675,0
current_both,4.15,10.6812445413,10.3088881863,0.0105254428162,-0.0125048304931,0.403792898318,0.291778482381,2.40404190439,4.10913349421,0
current_both,4.175,10.6814977856,10.3085883293,0.0101297700892,-0.0119942801101,0.403434759536,0.291696571922,2.40726033861,4.11027337108,0
current_both,4.2,10.6817414338,10.3083007651,0.00974592919743,-0.0115025693325,0.403091106919,0.291617459519,2.41035064206,4.11137238543,0
current_both,4.225,10.6819757777,10.3080250367,0.00937375583015,-0.0110291357921,0.40276141847,0.291541087629,2.41331718293,4.11243145575,0
current_both,4.25,10.6822011046,10.3077607011,0.00901307575538,-0.0105734239815,0.402445186901,0.291467397361,2.41616423101,4.11345151797,0
current_both,4.275,10.6824176973,10.3075073289,0.00866370574159,-0.0101348860774,0.40214191951,0.291396328666,2.41889595615,4.11443352246,0
current_both,4.3,10.6826258336,10.3072645044,0.00832545444397,-0.00971298266607,0.401851138017,0.291327820525,2.42151642709,4.11537843116,0
current_both,4.325,10.6828257867,10.3070318248,0.00799812325623,-0.00930718337895,0.401572378402,0.29126181113,2.4240296106,4.11628721477,0
current_both,4.35,10.6830178244,10.3068089006,0.00768150712853,-0.00891696744287,0.401305190701,0.291198238059,2.42643937095,4.11716085009,0
current_both,4.375,10.6832022093,10.306595355,0.00737539535195,-0.00854182415091,0.401049138804,0.291137038442,2.42874946976,4.11800031741,0
current_both,4.4,10.6833791986,10.3063908237,0.00707957231015,-0.00818125325955,0.400803800226,0.291078149122,2.430963566,4.11880659806,0
current_both,4.425,10.683549044,10.3061949545,0.00679381819838,-0.00783476531761,0.40056876587,0.291021506809,2.43308521628,4.11958067212,0
current_both,4.45,10.6837119918,10.3060074075,0.00651790971034,-0.00750188193192,0.400343639782,0.290967048226,2.43511787544,4.12032351612,0
current_both,4.475,10.6838682823,10.3058278541,0.00625162069307,-0.00718213597498,0.40012803889,0.290914710245,2.43706489725,4.12103610108,0
current_both,4.5,10.6840181503,10.3056559773,0.0059947227703,-0.0068750717394,0.39992159274,0.290864430015,2.43892953533,4.12171939047,0
current_both,4.525,10.684161825,10.3054914712,0.00574698593444,-0.00658024504362,0.399723943227,0.290816145088,2.44071494425,4.1223743385,0
current_both,4.55,10.6842995295,10.3053340406,0.00550817910759,-0.00629722329334,0.399534744313,0.290769793527,2.4424241808,4.12300188838,0
current_both,4.575,10.6844314812,10.305183401,0.00527807067189,-0.0060255855029,0.39935366175,0.290725314016,2.44406020534,4.12360297086,0
current_both,4.6,10.684557892,10.3050392779,0.00505642896964,-0.00576492228043,0.399180372795,0.290682645953,2.44562588332,4.12417850277,0
current_both,4.625,10.6846789675,10.304901407,0.00484302277351,-0.0055148357805,0.399014565927,0.290641729541,2.44712398685,4.12472938582,0
current_both,4.65,10.6847949081,10.3047695335,0.00463762172737,-0.00527493962775,0.398855940556,0.290602505868,2.44855719646,4.12525650544,0
current_both,4.675,10.684905908,10.304643412,0.00443999675816,-0.00504485881476,0.398704206741,0.290564916982,2.44992810279,4.12576072976,0
current_both,4.7,10.685012156,10.3045228063,0.00424992045951,-0.0048242295771,0.3985590849,0.290528905955,2.4512392085,4.12624290879,0
current_both,4.725,10.6851138352,10.3044074888,0.00406716744746,-0.00461269924844,0.398420305529,0.290494416943,2.45249293013,4.12670387357,0
current_both,4.75,10.6852111231,10.3042972407,0.00389151468916,-0.00440992609831,0.398287608918,0.290461395237,2.45369160005,4.12714443558,0
current_both,4.775,10.6853041916,10.3041918512,0.00372274180509,-0.00421557915486,0.398160744868,0.290429787309,2.45483746843,4.12756538619,0
current_both,4.8,10.6853932074,10.3040911177,0.00356063134557,-0.00402933801479,0.398039472417,0.290399540846,2.45593270527,4.12796749618,0
current_both,4.825,10.6854783316,10.3039948454,0.00340496904239,-0.0038508926426,0.397923559565,0.290370604789,2.45697940239,4.12835151545,0
current_both,4.85,10.6855597202,10.3039028468,0.00325554403623,-0.00367994316082,0.397812783002,0.290342929355,2.45797957548,4.12871817272,0
current_both,4.875,10.6856375239,10.3038149419,0.00311214908091,-0.00351619963298,0.39770692784,0.290316466056,2.45893516615,4.12906817536,0
current_both,4.9,10.6857118885,10.3037309573,0.00297458072514,-0.00335938184085,0.397605787356,0.290291167719,2.45984804398,4.12940220936,0
current_both,4.925,10.6857829544,10.3036507268,0.00284263947282,-0.00320921905721,0.39750916273,0.290266988494,2.46072000853,4.12972093923,0
current_both,4.95,10.6858508577,10.3035740906,0.00271612992273,-0.00306544981557,0.397416862793,0.290243883861,2.46155279141,4.13002500812,0
current_both,4.975,10.6859157292,10.303500895,0.00259486088857,-0.00292782167761,0.397328703779,0.29022181063,2.46234805824,4.1303150379,0
current_both,5,10.6859776954,10.3034309928,0.00247864550027,-0.00279609099974,0.397244509081,0.29020072694,2.46310741068,4.13059162934,0
current_both,5.025,10.6860368779,10.3033642422,0.00236730128758,-0.00267002269925,0.397164109016,0.290180592254,2.46383238841,4.13085536233,0
current_both,5.05,10.6860933941,10.3033005075,0.00226065024682,-0.00254939002103,0.39708734059,0.290161367348,2.46452447105,4.13110679615,0
current_both,5.075,10.6861473571,10.3032396581,0.00215851889179,-0.00243397430558,0.39701404727,0.290143014299,2.46518508007,4.13134646979,0
current_both,5.1,10.6861988756,10.303181569,0.00206073828982,-0.00232356475868,0.396944078766,0.29012549647,2.46581558074,4.13157490228,0
current_both,5.125,10.6862480542,10.30312612,0.00196714408375,-0.00221795822341,0.39687729081,0.290108778495,2.46641728392,4.13179259308,0
current_both,5.15,10.6862949936,10.303073196,0.00187757650099,-0.00211695895492,0.39681354495,0.290092826256,2.46699144789,4.1320000225,0
current_both,5.175,10.6863397906,10.3030226866,0.00179188035038,-0.0020203783983,0.396752708339,0.290077606861,2.46753928017,4.13219765211,0
current_both,5.2,10.6863825382,10.3029744857,0.00170990500783,-0.00192803496984,0.396694653541,0.290063088624,2.46806193926,4.13238592521,0
current_both,5.225,10.6864233258,10.3029284919,0.00163150439152,-0.00183975384207,0.396639258332,0.290049241037,2.4685605363,4.13256526727,0
current_both,5.25,10.6864622393,10.3028846077,0.00155653692772,-0.00175536673263,0.396586405512,0.290036034746,2.46903613681,4.13273608645,0
current_both,5.275,10.6864993609,10.3028427399,0.00148486550769,-0.00167471169727,0.396535982723,0.290023441521,2.46948976227,4.13289877409,0
current_both,5.3,10.6865347698,10.3028027991,0.00141635743683,-0.00159763292713,0.396487882267,0.290011434231,2.46992239174,4.13305370516,0
current_both,5.325,10.6865685419,10.3027646996,0.00135088437654,-0.00152398055029,0.396442000937,0.289999986813,2.47033496337,4.13320123882,0
current_both,5.35,10.68660075,10.3027283593,0.00128832227968,-0.00145361043786,0.396398239846,0.289989074243,2.47072837597,4.13334171892,0
current_both,5.375,10.6866314638,10.3026936997,0.00122855132029,-0.00138638401443,0.396356504262,0.289978672507,2.4711034904,4.13347547447,0
current_both,5.4,10.6866607502,10.3026606455,0.0011714558182,-0.00132216807318,0.396316703457,0.28996875857,2.47146113106,4.13360282019,0
current_both,5.425,10.6866886733,10.3026291246,0.0011169241592,-0.00126083459544,0.396278750546,0.289959310346,2.47180208725,4.13372405698,0
current_both,5.45,10.6867152945,10.3025990681,0.00106484871129,-0.00120226057489,0.396242562345,0.289950306667,2.47212711449,4.13383947245,0
current_both,5.475,10.6867406726,10.3025704099,0.00101512573775,-0.00114632784616,0.396208059223,0.289941727256,2.47243693587,4.13394934137,0
current_both,5.5,10.686764864,10.3025430869,0.000967655307296,-0.00109292291809,0.396175164966,0.289933552694,2.47273224327,4.1340539262,0
current_both,5.525,10.6867879226,10.3025170384,0.000922341202051,-0.00104193681137,0.39614380664,0.28992576439,2.47301369861,4.13415347753,0
current_both,5.55,10.6868098998,10.3024922068,0.000879090823686,-0.000993264900596,0.396113914466,0.289918344555,2.47328193502,4.13424823456,0
current_both,5.575,10.6868308452,10.3024685366,0.000837815098164,-0.000946806760813,0.396085421689,0.28991127617,2.473537558,4.13433842555,0
current_both,5.6,10.6868508059,10.302445975,0.000798428379515,-0.000902466018247,0.39605826446,0.289904542959,2.4737811465,4.13442426827,0
current_both,5.625,10.6868698271,10.3024244712,0.000760848352999,-0.000860150205381,0.396032381721,0.289898129361,2.47401325404,4.13450597044,0
current_both,5.65,10.686887952,10.302403977,0.000724995938004,-0.000819770620192,0.396007715086,0.289892020502,2.4742344097,4.13458373011,0
current_both,5.675,10.6869052219,10.3023844459,0.000690795190983,-0.000781242189516,0.395984208738,0.28988620217,2.47444511911,4.13465773614,0
current_both,5.7,10.6869216762,10.3023658338,0.000658173208722,-0.000744483336464,0.395961809321,0.289880660787,2.47464586548,4.13472816852,0
current_both,5.725,10.6869373527,10.3023480984,0.000627060032206,-0.000709415851804,0.395940465839,0.289875383385,2.47483711045,4.13479519881,0
current_both,5.75,10.6869522874,10.3023311993,0.000597388551298,-0.000675964769254,0.39592012956,0.289870357582,2.47501929505,4.13485899048,0
current_both,5.775,10.6869665148,10.3023150979,0.000569094410461,-0.000644058244589,0.395900753919,0.289865571556,2.47519284052,4.13491969927,0
current_both,5.8,10.6869800677,10.3022997572,0.000542115915702,-0.000613627438491,0.395882294431,0.289861014022,2.47535814916,4.13497747356,0
current_both,5.825,10.6869929775,10.302285142,0.00051639394291,-0.000584606403067,0.3958647086,0.289856674212,2.47551560513,4.13503245466,0
current_both,5.85,10.6870052743,10.3022712187,0.000491871847728,-0.00055693197195,0.395847955839,0.289852541849,2.47566557523,4.13508477717,0
current_both,5.875,10.6870169867,10.3022579551,0.000468495377101,-0.000530543653912,0.395831997387,0.289848607133,2.47580840963,4.13513456926,0
current_both,5.9,10.687028142,10.3022453205,0.000446212582596,-0.000505383529899,0.395816796229,0.28984486071,2.47594444257,4.13518195298,0
current_both,5.925,10.6870387664,10.3022332856,0.000424973735597,-0.00048139615342,0.395802317027,0.289841293665,2.47607399308,4.13522704454,0
current_both,5.95,10.6870488847,10.3022218224,0.000404731244457,-0.000458528454208,0.395788526043,0.28983789749,2.47619736563,4.13526995457,0
current_both,5.975,10.6870585207,10.3022109042,0.000385439573658,-0.000436729645076,0.395775391074,0.289834664078,2.47631485073,4.13531078839,0
current_both,6,10.687067697,10.3022005054,0.000367055165053,-0.000415951131888,0.39576288138,0.289831585697,2.47642672557,4.13534964629,0
current_both,6.025,10.6870764354,10.3021906017,0.000349536361208,-0.000396146426574,0.395750967629,0.289828654977,2.47653325462,4.13538662368,0
current_both,6.05,10.6870847565,10.30218117,0.000332843330886,-0.000377271063109,0.395739621827,0.289825864892,2.47663469015,4.13542181144,0
current_both,6.075,10.68709268,10.3021721879,0.000316937996688,-0.000359282516383,0.395728817264,0.289823208745,2.47673127277,4.13545529603,0
current_both,6.1,10.6871002246,10.3021636344,0.00030178396486,-0.000342140123889,0.395718528458,0.289820680155,2.47682323201,4.13548715975,0
current_both,6.125,10.6871074082,10.3021554893,0.000287346457265,-0.000325805010151,0.395708731099,0.289818273041,2.47691078672,4.13551748093,0
current_both,6.15,10.687114248,10.3021477333,0.000273592245524,-0.000310240013828,0.395699401998,0.289815981607,2.47699414561,4.13554633414,0
current_both,6.175,10.6871207603,10.302140348,0.000260489587292,-0.00029540961741,0.395690519036,0.28981380033,2.47707350771,4.13557379034,0
current_both,6.2,10.6871269605,10.302133316,0.000248008164676,-0.000281279879444,0.39568206112,0.289811723951,2.47714906273,4.13559991704,0
current_both,6.225,10.6871328635,10.3021266206,0.000236119024748,-0.000267818369228,0.395674008132,0.289809747455,2.47722099158,4.13562477853,0
current_both,6.25,10.6871384833,10.3021202457,0.000224794522135,-0.000254994103875,0.395666340891,0.289807866068,2.4772894667,4.13564843596,0
current_both,6.275,10.6871438335,10.3021141763,0.000214008263655,-0.000242777487717,0.395659041107,0.28980607524,2.47735465245,4.13567094756,0
current_both,6.3,10.6871489269,10.3021083978,0.000203735054949,-0.000231140253952,0.395652091341,0.289804370638,2.47741670552,4.13569236872,0
current_both,6.325,10.6871537757,10.3021028964,0.000193950849081,-0.00022005540848,0.395645474968,0.289802748134,2.47747577521,4.13571275216,0
current_both,6.35,10.6871583915,10.302097659,0.000184632697066,-0.000209497175866,0.395639176141,0.289801203796,2.47753200385,4.13573214807,0
current_both,6.375,10.6871627855,10.3020926729,0.000175758700263,-0.00019944094736,0.395633179753,0.289799733878,2.47758552703,4.13575060418,0
current_both,6.4,10.6871669682,10.3020879264,0.000167307964607,-0.000189863230909,0.395627471406,0.289798334813,2.47763647398,4.13576816596,0
current_both,6.425,10.6871709497,10.3020834078,0.000159260556622,-0.000180741603107,0.395622037376,0.289797003204,2.47768496784,4.13578487665,0
current_both,6.45,10.6871747396,10.3020791065,0.000151597461163,-0.000172054663017,0.395616864585,0.289795735816,2.47773112592,4.13580077742,0
current_both,6.475,10.6871783471,10.3020750119,0.000144300540849,-0.000163781987804,0.395611940568,0.289794529566,2.47777506,4.13581590743,0
current_both,6.5,10.6871817809,10.3020711143,0.000137352497126,-0.000155904090124,0.39560725345,0.28979338152,2.47781687657,4.13583030397,0
current_both,6.525,10.6871850494,10.3020674042,0.00013073683291,-0.000148402377209,0.395602791914,0.289792288883,2.47785667707,4.13584400252,0
current_both,6.55,10.6871881603,10.3020638728,0.000124437816767,-0.000141259111596,0.395598545176,0.289791248994,2.47789455814,4.13585703685,0
current_both,6.575,10.6871911213,10.3020605113,0.000118440448575,-0.000134457373434,0.395594502963,0.289790259317,2.47793061182,4.1358694391,0
current_both,6.6,10.6871939396,10.3020573118,0.00011273042662,-0.000127981024331,0.395590655488,0.28978931744,2.47796492579,4.13588123985,0
current_both,6.625,10.6871966219,10.3020542664,0.00010729411607,-0.000121814672672,0.395586993427,0.289788421064,2.47799758358,4.13589246821,0
current_both,6.65,10.6871991749,10.3020513678,0.000102118518788,-0.000115943640369,0.395583507896,0.289787568001,2.4780286647,4.13590315189,0
current_both,6.675,10.6872016047,10.302048609,9.71912444304e-05,-0.000110353930984,0.395580190435,0.289786756167,2.47805824493,4.13591331725,0
current_both,6.7,10.6872039172,10.3020459832,9.25004827865e-05,-0.000105032199184,0.395577032983,0.289785983578,2.47808639639,4.13592298938,0
current_both,6.725,10.6872061181,10.3020434841,8.80349773068e-05,-9.99657214691e-05,0.395574027865,0.289785248344,2.4781131878,4.13593219216,0
current_both,6.75,10.6872082127,10.3020411055,8.37839997836e-05,-9.51423681395e-05,0.395571167768,0.289784548666,2.47813868457,4.13594094833,0
current_both,6.775,10.6872102061,10.3020388417,7.97373261336e-05,-9.0550576444e-05,0.395568445729,0.289783882833,2.47816294902,4.13594927951,0
current_both,6.8,10.6872121032,10.3020366872,7.58852132408e-05,-8.61793248759e-05,0.395565855114,0.289783249212,2.47818604045,4.13595720629,0
current_both,6.825,10.6872139087,10.3020346368,7.22183768207e-05,-8.20181085665e-05,0.395563389608,0.289782646252,2.47820801537,4.13596474826,0
current_both,6.85,10.6872156269,10.3020326854,6.87279702596e-05,-7.80569157375e-05,0.395561043196,0.289782072474,2.47822892755,4.13597192406,0
current_both,6.875,10.687217262,10.3020308282,6.54055643964e-05,-7.42862051693e-05,0.39555881015,0.289781526472,2.47824882821,4.13597875145,0
current_both,6.9,10.6872188181,10.3020290608,6.22431282012e-05,-7.06968846496e-05,0.395556685014,0.289781006904,2.47826776611,4.1359852473,0
current_both,6.925,10.6872202989,10.3020273788,5.92330103208e-05,-6.72802903584e-05,0.395554662596,0.289780512496,2.47828578766,4.13599142769,0
current_both,6.95,10.6872217081,10.3020257781,5.636792145e-05,-6.40281671589e-05,0.395552737949,0.289780042032,2.47830293707,4.13599730792,0
current_both,6.975,10.6872230492,10.3020242548,5.36409174957e-05,-6.09326497529e-05,0.395550906365,0.289779594359,2.47831925641,4.13600290253,0
current_both,7,10.6872243253,10.3020228051,5.1045383502e-05,-5.79862446691e-05,0.39554916336,0.289779168373,2.47833478575,4.13600822538,0
current_both,7.025,10.6872255397,10.3020214256,4.85750183011e-05,-5.51818130499e-05,0.395547504664,0.289778763029,2.4783495632,4.13601328965,0
current_both,7.05,10.6872266953,10.3020201128,4.62238198627e-05,-5.25125542013e-05,0.395545926214,0.289778377328,2.47836362508,4.13601810789,0
current_both,7.075,10.6872277949,10.3020188635,4.3986071307e-05,-4.99719898806e-05,0.39554442414,0.289778010322,2.47837700594,4.13602269203,0
current_both,7.1,10.6872288413,10.3020176746,4.18563275569e-05,-4.75539492876e-05,0.395542994758,0.289777661106,2.47838973868,4.13602705343,0
current_both,7.125,10.6872298371,10.3020165433,3.98294026001e-05,-4.52525547272e-05,0.39554163456,0.289777328821,2.47840185462,4.1360312029,0
current_both,7.15,10.6872307846,10.3020154667,3.79003573343e-05,-4.30622079219e-05,0.395540340209,0.289777012647,2.47841338356,4.13603515073,0
current_both,7.175,10.6872316862,10.3020144423,3.60644879686e-05,-4.0977576942e-05,0.395539108524,0.289776711805,2.47842435387,4.13603890671,0
current_both,7.2,10.6872325441,10.3020134675,3.43173149597e-05,-3.89935837292e-05,0.395537936481,0.289776425554,2.47843479257,4.13604248015,0
current_both,7.225,10.6872333605,10.3020125398,3.26545724578e-05,-3.71053921871e-05,0.395536821198,0.289776153188,2.47844472536,4.13604587992,0
current_both,7.25,10.6872341373,10.3020116571,3.10721982366e-05,-3.53083968164e-05,0.395535759935,0.289775894033,2.4784541767,4.13604911444,0
current_both,7.275,10.6872348764,10.3020108172,2.95663240916e-05,-3.35982118671e-05,0.395534750081,0.289775647452,2.47846316989,4.13605219175,0
current_both,7.3,10.6872355798,10.3020100179,2.81332666814e-05,-3.19706609915e-05,0.395533789152,0.289775412834,2.47847172709,4.13605511949,0
current_both,7.325,10.687236249,10.3020092573,2.67695187933e-05,-3.042176737e-05,0.395532874783,0.2897751896,2.4784798694,4.13605790491,0
current_both,7.35,10.6872368858,10.3020085336,2.54717410139e-05,-2.89477442933e-05,0.395532004722,0.2897749772,2.4784876169,4.13606055493,0
current_both,7.375,10.6872374917,10.302007845,2.42367537887e-05,-2.75449861784e-05,0.395531176828,0.289774775107,2.47849498869,4.13606307613,0
current_both,7.4,10.6872380683,10.3020071898,2.30615298482e-05,-2.62100600015e-05,0.395530389061,0.289774582823,2.47850200298,4.13606547477,0
current_both,7.425,10.6872386168,10.3020065663,2.19431869891e-05,-2.49396971271e-05,0.39552963948,0.289774399872,2.47850867706,4.13606775681,0
current_both,7.45,10.6872391388,10.302005973,2.08789811929e-05,-2.37307855153e-05,0.395528926237,0.289774225802,2.47851502742,4.13606992791,0
current_both,7.475,10.6872396355,10.3020054085,1.98663000632e-05,-2.25803622943e-05,0.395528247575,0.289774060183,2.47852106973,4.13607199346,0
current_both,7.5,10.687240108,10.3020048714,1.89026565724e-05,-2.14856066772e-05,0.395527601819,0.289773902604,2.47852681891,4.1360739586,0
current_both,7.525,10.6872405577,10.3020043603,1.79856830992e-05,-2.04438332113e-05,0.395526987378,0.289773752675,2.47853228916,4.1360758282,0
current_both,7.55,10.6872409855,10.302003874,1.71131257474e-05,-1.945248534e-05,0.395526402734,0.289773610026,2.478537494,4.13607760691,0
current_both,7.575,10.6872413926,10.3020034112,1.62828389304e-05,-1.85091292692e-05,0.395525846445,0.289773474304,2.47854244629,4.13607929915,0
current_both,7.6,10.6872417799,10.3020029709,1.54927802105e-05,-1.76114481195e-05,0.395525317138,0.289773345172,2.47854715827,4.13608090912,0
current_both,7.625,10.6872421484,10.302002552,1.47410053793e-05,-1.67572363537e-05,0.395524813507,0.28977322231,2.47855164158,4.13608244082,0
current_both,7.65,10.6872424991,10.3020021534,1.40256637714e-05,-1.59443944662e-05,0.395524334308,0.289773105416,2.47855590731,4.13608389806,0
current_both,7.675,10.6872428327,10.3020017741,1.33449937978e-05,-1.5170923923e-05,0.395523878356,0.289772994198,2.47855996601,4.13608528445,0
current_both,7.7,10.6872431501,10.3020014133,1.26973186907e-05,-1.44349223392e-05,0.395523444527,0.289772888381,2.47856382772,4.13608660345,0
current_both,7.725,10.6872434521,10.3020010699,1.20810424486e-05,-1.37345788848e-05,0.395523031747,0.289772787704,2.47856750197,4.13608785832,0
current_both,7.75,10.6872437395,10.3020007432,1.14946459735e-05,-1.30681699062e-05,0.395522638997,0.289772691917,2.47857099788,4.13608905218,0
current_both,7.775,10.6872440129,10.3020004323,1.09366833899e-05,-1.24340547571e-05,0.395522265306,0.289772600783,2.47857432407,4.13609018801,0
current_both,7.8,10.6872442731,10.3020001366,1.04057785382e-05,-1.1830671825e-05,0.395521909751,0.289772514075,2.4785774888,4.13609126862,0
current_both,7.825,10.6872445206,10.3019998552,9.90062163464e-06,-1.12565347466e-05,0.395521571451,0.289772431578,2.47858049988,4.1360922967,0
current_both,7.85,10.6872447561,10.3019995874,9.41996609014e-06,-1.07102288017e-05,0.395521249571,0.289772353089,2.47858336477,4.13609327481,0
current_both,7.875,10.6872449801,10.3019993326,8.96262547797e-06,-1.01904074799e-05,0.395520943315,0.289772278413,2.47858609056,4.13609420536,0
current_both,7.9,10.6872451933,10.3019990902,8.52747064767e-06,-9.69578920937e-06,0.395520651924,0.289772207364,2.478588684,4.13609509068,0
current_both,7.925,10.6872453962,10.3019988596,8.11342697524e-06,-9.22515424006e-06,0.395520374678,0.289772139767,2.47859115151,4.13609593296,0
current_both,7.95,10.6872455892,10.3019986402,7.71947174348e-06,-8.77734167767e-06,0.395520110892,0.289772075453,2.47859349921,4.1360967343,0
current_both,7.975,10.6872457728,10.3019984314,7.34463164746e-06,-8.35124665784e-06,0.395519859911,0.289772014264,2.4785957329,4.13609749668,0
current_both,8,10.6872459475,10.3019982328,6.98798041917e-06,-7.94581765347e-06,0.395519621116,0.289771956048,2.47859785811,4.13609822201,0
current_both,8.025,10.6872461137,10.3019980438,6.64863656526e-06,-7.56005391227e-06,0.395519393914,0.289771900659,2.47859988012,4.13609891208,0
current_both,8.05,10.6872462718,10.3019978639,6.32576121202e-06,-7.19300301596e-06,0.395519177744,0.289771847962,2.47860180393,4.1360995686,0
current_both,8.075,10.6872464223,10.3019976928,6.01855605456e-06,-6.84375855543e-06,0.39551897207,0.289771797825,2.47860363431,4.13610019322,0
current_both,8.1,10.6872465655,10.30199753,5.72626140187e-06,-6.51145791806e-06,0.395518776383,0.289771750123,2.47860537579,4.13610078747,0
current_both,8.125,10.6872467017,10.3019973752,5.44815431744e-06,-6.19528017979e-06,0.395518590199,0.289771704739,2.47860703269,4.13610135284,0
current_both,8.15,10.6872468312,10.3019972278,5.1835468484e-06,-5.89444409744e-06,0.395518413056,0.28977166156,2.47860860912,4.13610189073,0
current_both,8.175,10.6872469545,10.3019970876,4.93178433772e-06,-5.60820619883e-06,0.395518244515,0.289771620479,2.47861010897,4.13610240247,0
current_both,8.2,10.6872470718,10.3019969542,4.6922438184e-06,-5.33585896424e-06,0.395518084159,0.289771581394,2.47861153597,4.13610288934,0
current_both,8.225,10.6872471835,10.3019968273,4.46433248581e-06,-5.07672909209e-06,0.395517931591,0.289771544208,2.47861289365,4.13610335254,0
current_both,8.25,10.6872472896,10.3019967065,4.24748624119e-06,-4.8301758511e-06,0.395517786433,0.289771508829,2.47861418539,4.13610379323,0
current_both,8.275,10.6872473907,10.3019965916,4.04116830592e-06,-4.59558950971e-06,0.395517648325,0.289771475168,2.47861541438,4.13610421251,0
current_both,8.3,10.6872474868,10.3019964823,3.84486790277e-06,-4.37238984075e-06,0.395517516925,0.289771443143,2.47861658366,4.1361046114,0
current_both,8.325,10.6872475782,10.3019963783,3.65809899943e-06,-4.16002469972e-06,0.395517391907,0.289771412674,2.47861769615,4.1361049909,0
current_both,8.35,10.6872476653,10.3019962794,3.48039911301e-06,-3.95796866772e-06,0.395517272961,0.289771383685,2.47861875459,4.13610535197,0
current_both,8.375,10.687247748,10.3019961852,3.3113281724e-06,-3.76572176301e-06,0.395517159793,0.289771356105,2.47861976161,4.13610569548,0
current_both,8.4,10.6872478268,10.3019960957,3.15046743436e-06,-3.58280821315e-06,0.395517052122,0.289771329865,2.47862071971,4.13610602229,0
current_both,8.425,10.6872479017,10.3019960104,2.99741845293e-06,-3.40877528469e-06,0.395516949682,0.2897713049,2.47862163126,4.13610633323,0
current_both,8.45,10.687247973,10.3019959294,2.85180209678e-06,-3.24319217233e-06,0.395516852217,0.289771281148,2.47862249853,4.13610662904,0
current_both,8.475,10.6872480409,10.3019958522,2.71325761556e-06,-3.08564893861e-06,0.395516759487,0.289771258551,2.47862332366,4.13610691049,0
current_both,8.5,10.6872481054,10.3019957788,2.58144175041e-06,-2.93575550572e-06,0.395516671262,0.289771237051,2.4786241087,4.13610717825,0
current_both,8.525,10.6872481668,10.301995709,2.45602788762e-06,-2.7931406956e-06,0.395516587322,0.289771216595,2.47862485561,4.136107433,0
current_both,8.55,10.6872482252,10.3019956426,2.33670525265e-06,-2.65745131693e-06,0.395516507461,0.289771197134,2.47862556622,4.13610767537,0
current_both,8.575,10.6872482808,10.3019955794,2.2231781438e-06,-2.5283512955e-06,0.395516431479,0.289771178619,2.47862624231,4.13610790596,0
current_both,8.6,10.6872483337,10.3019955192,2.1151652021e-06,-2.40552084572e-06,0.395516359189,0.289771161003,2.47862688555,4.13610812534,0
current_both,8.625,10.687248384,10.301995462,2.01239871692e-06,-2.28865568322e-06,0.39551629041,0.289771144243,2.47862749753,4.13610833406,0
current_both,8.65,10.6872484319,10.3019954076,1.9146239649e-06,-2.177466275e-06,0.395516224973,0.289771128297,2.47862807978,4.13610853264,0
current_both,8.675,10.6872484774,10.3019953558,1.82159858021e-06,-2.07167712627e-06,0.395516162716,0.289771113127,2.47862863374,4.13610872156,0
current_both,8.7,10.6872485207,10.3019953065,1.73309195685e-06,-1.97102609984e-06,0.395516103483,0.289771098693,2.47862916079,4.1361089013,0
current_both,8.725,10.6872485619,10.3019952596,1.64888467786e-06,-1.87526377117e-06,0.395516047128,0.289771084961,2.47862966222,4.13610907231,0
current_both,8.75,10.6872486012,10.301995215,1.56876797343e-06,-1.78415281203e-06,0.395515993511,0.289771071896,2.47863013929,4.13610923501,0
current_both,8.775,10.6872486385,10.3019951726,1.49254320588e-06,-1.69746740426e-06,0.395515942499,0.289771059466,2.47863059318,4.13610938979,0
current_both,8.8,10.687248674,10.3019951322,1.42002137635e-06,-1.61499268442e-06,0.395515893966,0.28977104764,2.47863102502,4.13610953706,0
current_both,8.825,10.6872487078,10.3019950938,1.35102265901e-06,-1.53652421189e-06,0.395515847791,0.289771036389,2.47863143587,4.13610967717,0
current_both,8.85,10.6872487399,10.3019950572,1.28537595591e-06,-1.4618674638e-06,0.395515803859,0.289771025684,2.47863182675,4.13610981047,0
current_both,8.875,10.6872487705,10.3019950225,1.2229184748e-06,-1.39083735462e-06,0.395515762062,0.2897710155,2.47863219864,4.13610993729,0
current_both,8.9,10.6872487995,10.3019949894,1.16349532491e-06,-1.32325777997e-06,0.395515722296,0.28977100581,2.47863255247,4.13611005794,0
current_both,8.925,10.6872488272,10.3019949579,1.1069591338e-06,-1.25896118088e-06,0.395515684462,0.289770996592,2.47863288909,4.13611017274,0
current_both,8.95,10.6872488535,10.301994928,1.05316968328e-06,-1.19778812983e-06,0.395515648467,0.289770987821,2.47863320936,4.13611028195,0
current_both,8.975,10.6872488786,10.3019948995,1.00199356264e-06,-1.13958693575e-06,0.39551561422,0.289770979477,2.47863351407,4.13611038585,0
current_both,9,10.6872489024,10.3019948724,9.53303838272e-07,-1.08421326986e-06,0.395515581638,0.289770971538,2.47863380397,4.13611048471,0
current_both,9.025,10.6872489251,10.3019948466,9.06979739153e-07,-1.03152980839e-06,0.395515550639,0.289770963985,2.47863407978,4.13611057876,0
current_both,9.05,10.6872489467,10.3019948221,8.62906358163e-07,-9.81405893101e-07,0.395515521146,0.289770956799,2.47863434219,4.13611066824,0
current_both,9.075,10.6872489672,10.3019947987,8.20974367459e-07,-9.33717207989e-07,0.395515493086,0.289770949962,2.47863459185,4.13611075337,0
current_both,9.1,10.6872489867,10.3019947765,7.8107974724e-07,-8.8834547242e-07,0.39551546639,0.289770943457,2.47863482938,4.13611083436,0
current_both,9.125,10.6872490053,10.3019947554,7.4312352897e-07,-8.45178147294e-07,0.395515440991,0.289770937269,2.47863505536,4.13611091142,0
current_both,9.15,10.687249023,10.3019947353,7.07011549697e-07,-8.04108157363e-07,0.395515416826,0.289770931381,2.47863527036,4.13611098473,0
current_both,9.175,10.6872490398,10.3019947161,6.7265421913e-07,-7.65033626241e-07,0.395515393836,0.28977092578,2.47863547491,4.13611105448,0
current_both,9.2,10.6872490558,10.3019946979,6.39966297475e-07,-7.2785762361e-07,0.395515371963,0.28977092045,2.47863566953,4.13611112084,0
current_both,9.225,10.687249071,10.3019946806,6.08866684848e-07,-6.92487925894e-07,0.395515351152,0.28977091538,2.47863585468,4.13611118397,0
current_both,9.25,10.6872490855,10.3019946642,5.79278219742e-07,-6.58836787152e-07,0.395515331353,0.289770910556,2.47863603084,4.13611124404,0
current_both,9.275,10.6872490993,10.3019946485,5.51127488132e-07,-6.26820722764e-07,0.395515312516,0.289770905966,2.47863619843,4.13611130118,0
current_both,9.3,10.6872491124,10.3019946336,5.24344641442e-07,-5.96360301878e-07,0.395515294595,0.2897709016,2.47863635789,4.13611135555,0
current_both,9.325,10.6872491249,10.3019946194,4.98863223389e-07,-5.67379950959e-07,0.395515277544,0.289770897446,2.47863650959,4.13611140728,0
current_both,9.35,10.6872491367,10.3019946059,4.74620005612e-07,-5.39807766612e-07,0.395515261322,0.289770893493,2.47863665392,4.13611145649,0
current_both,9.375,10.687249148,10.3019945931,4.515548308e-07,-5.1357533755e-07,0.395515245888,0.289770889733,2.47863679124,4.13611150331,0
current_both,9.4,10.6872491588,10.3019945808,4.29610463591e-07,-4.88617575016e-07,0.395515231205,0.289770886155,2.47863692188,4.13611154785,0
current_both,9.425,10.687249169,10.3019945692,4.08732448477e-07,-4.64872551446e-07,0.395515217235,0.289770882752,2.47863704617,4.13611159023,0
current_both,9.45,10.6872491787,10.3019945582,3.8886897528e-07,-4.42281346906e-07,0.395515203943,0.289770879513,2.47863716443,4.13611163055,0
current_both,9.475,10.6872491879,10.3019945477,3.6997075071e-07,-4.2078790327e-07,0.395515191298,0.289770876433,2.47863727693,4.13611166891,0
current_both,9.5,10.6872491967,10.3019945376,3.51990875216e-07,-4.00338885923e-07,0.395515179267,0.289770873501,2.47863738397,4.13611170541,0
current_both,9.525,10.6872492051,10.3019945281,3.3488472799e-07,-3.80883550225e-07,0.395515167821,0.289770870713,2.47863748581,4.13611174013,0
current_both,9.55,10.6872492131,10.3019945191,3.18609855063e-07,-3.62373617139e-07,0.395515156932,0.28977086806,2.4786375827,4.13611177316,0
current_both,9.575,10.6872492207,10.3019945104,3.03125865704e-07,-3.44763151831e-07,0.395515146571,0.289770865535,2.47863767488,4.13611180459,0
current_both,9.6,10.6872492279,10.3019945022,2.88394331273e-07,-3.28008451115e-07,0.395515136714,0.289770863134,2.47863776258,4.13611183449,0
current_both,9.625,10.6872492347,10.3019944944,2.74378689847e-07,-3.12067934608e-07,0.395515127336,0.289770860849,2.47863784601,4.13611186294,0
current_both,9.65,10.6872492413,10.301994487,2.61044155407e-07,-2.96902042366e-07,0.395515118413,0.289770858675,2.4786379254,4.13611189,0
current_both,9.675,10.6872492475,10.30199448,2.48357631928e-07,-2.82473136019e-07,0.395515109925,0.289770856607,2.47863800092,4.13611191575,0
current_both,9.7,10.6872492534,10.3019944732,2.36287631347e-07,-2.68745405911e-07,0.395515101848,0.289770854639,2.47863807277,4.13611194025,0
current_both,9.725,10.687249259,10.3019944668,2.24804195535e-07,-2.55684781828e-07,0.395515094165,0.289770852767,2.47863814114,4.13611196356,0
current_both,9.75,10.6872492643,10.3019944608,2.13878821736e-07,-2.43258848801e-07,0.395515086855,0.289770850986,2.47863820618,4.13611198573,0
current_both,9.775,10.6872492694,10.301994455,2.03484392189e-07,-2.31436766155e-07,0.3955150799,0.289770849292,2.47863826805,4.13611200683,0
current_both,9.8,10.6872492743,10.3019944495,1.93595106754e-07,-2.20189191861e-07,0.395515073283,0.28977084768,2.47863832693,4.1361120269,0
current_both,9.825,10.6872492789,10.3019944442,1.84186418303e-07,-2.09488209894e-07,0.395515066987,0.289770846146,2.47863838294,4.136112046,0
current_both,9.85,10.6872492833,10.3019944393,1.75234973029e-07,-1.99307259866e-07,0.395515060998,0.289770844687,2.47863843622,4.13611206417,0
current_both,9.875,10.6872492874,10.3019944345,1.66718551209e-07,-1.89621072248e-07,0.395515055299,0.289770843299,2.47863848692,4.13611208145,0
current_both,9.9,10.6872492914,10.30199443,1.58616013022e-07,-1.80405605014e-07,0.395515049878,0.289770841978,2.47863853516,4.1361120979,0
current_both,9.925,10.6872492952,10.3019944257,1.50907245678e-07,-1.71637984274e-07,0.39551504472,0.289770840721,2.47863858105,4.13611211354,0
current_both,9.95,10.6872492987,10.3019944216,1.43573113779e-07,-1.6329644749e-07,0.395515039813,0.289770839526,2.47863862471,4.13611212843,0
current_both,9.975,10.6872493022,10.3019944177,1.36595411619e-07,-1.5536028967e-07,0.395515035144,0.289770838388,2.47863866625,4.13611214259,0
current_both,10,10.6872493054,10.3019944141,1.2995681824e-07,-1.47809811428e-07,0.395515030702,0.289770837306,2.47863870576,4.13611215606,0
current_both,10.025,10.6872493085,10.3019944105,1.23640853997e-07,-1.4062627122e-07,0.395515026476,0.289770836276,2.47863874336,4.13611216888,0
current_both,10.05,10.6872493114,10.3019944072,1.17631840818e-07,-1.33791837446e-07,0.395515022455,0.289770835297,2.47863877913,4.13611218107,0
current_both,10.075,10.6872493142,10.301994404,1.11914861704e-07,-1.27289545219e-07,0.39551501863,0.289770834365,2.47863881317,4.13611219268,0
current_both,10.1,10.6872493169,10.301994401,1.06475724408e-07,-1.21103254295e-07,0.395515014991,0.289770833478,2.47863884555,4.13611220372,0
current_both,10.125,10.6872493194,10.3019943981,1.0130092658e-07,-1.15217608436e-07,0.395515011528,0.289770832635,2.47863887635,4.13611221422,0
current_both,10.15,10.6872493218,10.3019943954,9.6377622155e-08,-1.09617997272e-07,0.395515008234,0.289770831832,2.47863890566,4.13611222421,0
current_both,10.175,10.6872493241,10.3019943928,9.16935894516e-08,-1.04290520745e-07,0.3955150051,0.289770831069,2.47863893354,4.13611223372,0
current_both,10.2,10.6872493263,10.3019943903,8.72371998914e-08,-9.92219541456e-08,0.395515002118,0.289770830342,2.47863896007,4.13611224276,0
current_both,10.225,10.6872493284,10.3019943879,8.2997390993e-08,-9.4399715193e-08,0.395514999282,0.289770829651,2.47863898531,4.13611225137,0
current_both,10.25,10.6872493304,10.3019943857,7.89636372287e-08,-8.98118332075e-08,0.395514996583,0.289770828994,2.47863900932,4.13611225955,0
current_both,10.275,10.6872493322,10.3019943835,7.51259246726e-08,-8.54469193105e-08,0.395514994015,0.289770828368,2.47863903217,4.13611226734,0
current_both,10.3,10.687249334,10.3019943815,7.14747256809e-08,-8.12941382693e-08,0.395514991572,0.289770827773,2.4786390539,4.13611227475,0
current_both,10.325,10.6872493357,10.3019943796,6.80009761234e-08,-7.73431807082e-08,0.395514989248,0.289770827207,2.47863907458,4.1361122818,0
current_both,10.35,10.6872493373,10.3019943777,6.46960515533e-08,-7.35842388726e-08,0.395514987036,0.289770826668,2.47863909426,4.13611228851,0
current_both,10.375,10.6872493389,10.301994376,6.15517476777e-08,-7.00079809272e-08,0.395514984932,0.289770826155,2.47863911297,4.13611229489,0
current_both,10.4,10.6872493404,10.3019943743,5.85602585046e-08,-6.6605528463e-08,0.395514982931,0.289770825668,2.47863913078,4.13611230096,0
current_both,10.425,10.6872493417,10.3019943727,5.57141574137e-08,-6.33684352917e-08,0.395514981027,0.289770825204,2.47863914772,4.13611230674,0
current_both,10.45,10.6872493431,10.3019943712,5.30063785862e-08,-6.02886651195e-08,0.395514979215,0.289770824762,2.47863916384,4.13611231223,0
current_both,10.475,10.6872493443,10.3019943698,5.0430199913e-08,-5.73585718293e-08,0.395514977491,0.289770824343,2.47863917918,4.13611231746,0
current_both,10.5,10.6872493455,10.3019943684,4.79792253758e-08,-5.45708818171e-08,0.395514975851,0.289770823943,2.47863919377,4.13611232243,0
current_both,10.525,10.6872493467,10.3019943671,4.56473698546e-08,-5.1918674419e-08,0.395514974291,0.289770823563,2.47863920765,4.13611232717,0
current_both,10.55,10.6872493478,10.3019943659,4.34288441068e-08,-4.93953657126e-08,0.395514972807,0.289770823201,2.47863922086,4.13611233167,0
current_both,10.575,10.6872493488,10.3019943647,4.13181404269e-08,-4.69946909425e-08,0.395514971394,0.289770822857,2.47863923342,4.13611233595,0
current_both,10.6,10.6872493498,10.3019943636,3.93100189175e-08,-4.47106904093e-08,0.395514970051,0.28977082253,2.47863924537,4.13611234003,0
current_both,10.625,10.6872493507,10.3019943625,3.73994942457e-08,-4.25376933937e-08,0.395514968772,0.289770822218,2.47863925675,4.1361123439,0
current_both,10.65,10.6872493516,10.3019943615,3.55818232279e-08,-4.04703052885e-08,0.395514967556,0.289770821922,2.47863926757,4.13611234759,0
current_both,10.675,10.6872493524,10.3019943606,3.38524927088e-08,-3.85033937327e-08,0.395514966399,0.28977082164,2.47863927786,4.1361123511,0
current_both,10.7,10.6872493532,10.3019943596,3.22072098433e-08,-3.66320754545e-08,0.395514965298,0.289770821372,2.47863928766,4.13611235444,0
current_both,10.725,10.687249354,10.3019943588,3.06418897462e-08,-3.48517044817e-08,0.395514964251,0.289770821117,2.47863929697,4.13611235762,0
current_both,10.75,10.6872493547,10.3019943579,2.91526461427e-08,-3.31578611272e-08,0.395514963255,0.289770820874,2.47863930584,4.13611236064,0
current_both,10.775,10.6872493554,10.3019943572,2.77357814241e-08,-3.15463403659e-08,0.395514962307,0.289770820643,2.47863931427,4.13611236352,0
current_both,10.8,10.6872493561,10.3019943564,2.6387778179e-08,-3.00131411761e-08,0.395514961405,0.289770820423,2.4786393223,4.13611236625,0
current_both,10.825,10.6872493567,10.3019943557,2.51052895248e-08,-2.85544571914e-08,0.395514960547,0.289770820214,2.47863932993,4.13611236885,0
current_both,10.85,10.6872493573,10.301994355,2.388513107e-08,-2.71666671085e-08,0.39551495973,0.289770820016,2.4786393372,4.13611237133,0
current_both,10.875,10.6872493579,10.3019943544,2.27242742329e-08,-2.58463248064e-08,0.395514958953,0.289770819826,2.47863934411,4.13611237369,0
current_both,10.9,10.6872493584,10.3019943537,2.16198364889e-08,-2.45901525957e-08,0.395514958214,0.289770819646,2.47863935068,4.13611237593,0
current_both,10.925,10.6872493589,10.3019943532,2.05690761546e-08,-2.33950314936e-08,0.395514957511,0.289770819475,2.47863935694,4.13611237806,0
current_both,10.95,10.6872493594,10.3019943526,1.95693843197e-08,-2.22579946956e-08,0.395514956843,0.289770819312,2.47863936289,4.13611238009,0
current_both,10.975,10.6872493599,10.3019943521,1.86182784645e-08,-2.11762197037e-08,0.395514956206,0.289770819157,2.47863936855,4.13611238202,0
current_both,11,10.6872493603,10.3019943516,1.77133977747e-08,-2.0147020267e-08,0.395514955601,0.28977081901,2.47863937393,4.13611238386,0
current_both,11.025,10.6872493608,10.3019943511,1.68524955669e-08,-1.91678413623e-08,0.395514955025,0.289770818869,2.47863937906,4.1361123856,0
current_both,11.05,10.6872493612,10.3019943506,1.60334342911e-08,-1.82362521455e-08,0.395514954477,0.289770818736,2.47863938393,4.13611238726,0
current_both,11.075,10.6872493615,10.3019943502,1.52541802853e-08,-1.73499398441e-08,0.395514953955,0.289770818609,2.47863938857,4.13611238885,0
current_both,11.1,10.6872493619,10.3019943498,1.45127990664e-08,-1.65067034856e-08,0.395514953459,0.289770818488,2.47863939299,4.13611239035,0
current_both,11.125,10.6872493623,10.3019943494,1.3807450498e-08,-1.57044493891e-08,0.395514952987,0.289770818373,2.47863939719,4.13611239178,0
current_both,11.15,10.6872493626,10.301994349,1.3136382594e-08,-1.49411864252e-08,0.395514952538,0.289770818263,2.47863940118,4.13611239314,0
current_both,11.175,10.6872493629,10.3019943487,1.24979299893e-08,-1.42150187214e-08,0.395514952111,0.289770818159,2.47863940498,4.13611239444,0
current_both,11.2,10.6872493632,10.3019943483,1.18905073119e-08,-1.35241435866e-08,0.395514951705,0.28977081806,2.4786394086,4.13611239567,0
current_both,11.225,10.6872493635,10.301994348,1.13126062002e-08,-1.286684627e-08,0.395514951318,0.289770817966,2.47863941204,4.13611239685,0
current_both,11.25,10.6872493637,10.3019943477,1.07627921254e-08,-1.22414944774e-08,0.39551495095,0.289770817877,2.47863941531,4.13611239796,0
current_both,11.275,10.687249364,10.3019943474,1.02396999086e-08,-1.16465356508e-08,0.3955149506,0.289770817791,2.47863941842,4.13611239902,0
current_both,11.3,10.6872493642,10.3019943471,9.74203080544e-09,-1.10804930047e-08,0.395514950267,0.28977081771,2.47863942139,4.13611240003,0
current_both,11.325,10.6872493645,10.3019943469,9.26854927229e-09,-1.05419608969e-08,0.39551494995,0.289770817633,2.4786394242,4.13611240099,0
current_both,11.35,10.6872493647,10.3019943466,8.8180800215e-09,-1.0029602197e-08,0.395514949649,0.28977081756,2.47863942689,4.13611240191,0
current_both,11.375,10.6872493649,10.3019943464,8.38950464909e-09,-9.5421448336e-09,0.395514949362,0.28977081749,2.47863942944,4.13611240278,0
current_both,11.4,10.6872493651,10.3019943462,7.98175870513e-09,-9.07837865258e-09,0.395514949089,0.289770817423,2.47863943186,4.1361124036,0
current_both,11.425,10.6872493653,10.3019943459,7.59383016306e-09,-8.63715206399e-09,0.39551494883,0.28977081736,2.47863943417,4.13611240439,0
current_both,11.45,10.6872493655,10.3019943457,7.22475543673e-09,-8.21737002153e-09,0.395514948583,0.2897708173,2.47863943637,4.13611240514,0
current_both,11.475,10.6872493656,10.3019943455,6.87361850053e-09,-7.81799020342e-09,0.395514948348,0.289770817243,2.47863943846,4.13611240585,0
current_both,11.5,10.6872493658,10.3019943454,6.53954720213e-09,-7.43802128043e-09,0.395514948124,0.289770817188,2.47863944045,4.13611240653,0
current_both,11.525,10.687249366,10.3019943452,6.22171242419e-09,-7.07651939644e-09,0.395514947912,0.289770817136,2.47863944234,4.13611240718,0
current_both,11.55,10.6872493661,10.301994345,5.91932489251e-09,-6.73258725812e-09,0.395514947709,0.289770817087,2.47863944414,4.13611240779,0
current_both,11.575,10.6872493663,10.3019943448,5.63163406441e-09,-6.40537054884e-09,0.395514947517,0.28977081704,2.47863944585,4.13611240837,0
current_both,11.6,10.6872493664,10.3019943447,5.35792587912e-09,-6.094056874e-09,0.395514947334,0.289770816996,2.47863944748,4.13611240893,0
current_both,11.625,10.6872493665,10.3019943446,5.09752029869e-09,-5.79787374042e-09,0.39551494716,0.289770816953,2.47863944903,4.13611240946,0
current_both,11.65,10.6872493666,10.3019943444,4.84977114972e-09,-5.51608546993e-09,0.395514946994,0.289770816913,2.47863945051,4.13611240996,0
current_both,11.675,10.6872493668,10.3019943443,4.61406327705e-09,-5.2479925776e-09,0.395514946836,0.289770816874,2.47863945191,4.13611241044,0
current_both,11.7,10.6872493669,10.3019943442,4.38981131006e-09,-4.99292940701e-09,0.395514946686,0.289770816838,2.47863945325,4.13611241089,0
current_both,11.725,10.687249367,10.301994344,4.17645834559e-09,-4.75026297562e-09,0.395514946543,0.289770816803,2.47863945452,4.13611241133,0
current_both,11.75,10.6872493671,10.3019943439,3.97347493357e-09,-4.51939049893e-09,0.395514946408,0.28977081677,2.47863945572,4.13611241174,0
current_both,11.775,10.6872493672,10.3019943438,3.78035675101e-09,-4.29973891312e-09,0.395514946278,0.289770816738,2.47863945687,4.13611241213,0
current_both,11.8,10.6872493672,10.3019943437,3.59662412745e-09,-4.0907631875e-09,0.395514946155,0.289770816708,2.47863945797,4.1361124125,0
current_both,11.825,10.6872493673,10.3019943436,3.42182103046e-09,-3.89194440385e-09,0.395514946038,0.28977081668,2.47863945901,4.13611241286,0
current_both,11.85,10.6872493674,10.3019943435,3.25551356127e-09,-3.70278867943e-09,0.395514945927,0.289770816653,2.47863946,4.1361124132,0
current_both,11.875,10.6872493675,10.3019943434,3.09728911661e-09,-3.52282615677e-09,0.395514945821,0.289770816627,2.47863946094,4.13611241352,0
current_both,11.9,10.6872493676,10.3019943434,2.94675483158e-09,-3.35161024865e-09,0.395514945721,0.289770816603,2.47863946184,4.13611241382,0
current_both,11.925,10.6872493676,10.3019943433,2.80353684966e-09,-3.18871556202e-09,0.395514945625,0.289770816579,2.47863946269,4.13611241411,0
current_both,11.95,10.6872493677,10.3019943432,2.6672795692e-09,-3.03373790909e-09,0.395514945534,0.289770816557,2.4786394635,4.13611241439,0
current_both,11.975,10.6872493678,10.3019943431,2.53764439993e-09,-2.88629259757e-09,0.395514945447,0.289770816536,2.47863946427,4.13611241465,0
current_both,12,10.6872493678,10.3019943431,2.41430987123e-09,-2.74601322057e-09,0.395514945364,0.289770816516,2.47863946501,4.1361124149,0
current_both,12.025,10.6872493679,10.301994343,2.29696991959e-09,-2.6125514234e-09,0.395514945286,0.289770816497,2.4786394657,4.13611241514,0
current_both,12.05,10.6872493679,10.3019943429,2.18533280892e-09,-2.4855763485e-09,0.395514945211,0.289770816478,2.47863946637,4.13611241537,0
current_both,12.075,10.687249368,10.3019943429,2.07912126381e-09,-2.36477279245e-09,0.39551494514,0.289770816461,2.478639467,4.13611241558,0
current_both,12.1,10.687249368,10.3019943428,1.97807178808e-09,-2.24984059536e-09,0.395514945072,0.289770816445,2.4786394676,4.13611241579,0
current_both,12.125,10.6872493681,10.3019943428,1.88193344773e-09,-2.14049408574e-09,0.395514945008,0.289770816429,2.47863946817,4.13611241598,0
current_both,12.15,10.6872493681,10.3019943427,1.79046762809e-09,-2.03646201389e-09,0.395514944947,0.289770816414,2.47863946872,4.13611241617,0
current_both,12.175,10.6872493682,10.3019943427,1.70344709009e-09,-1.93748597541e-09,0.395514944889,0.2897708164,2.47863946924,4.13611241635,0
current_both,12.2,10.6872493682,10.3019943426,1.62065606328e-09,-1.84332010032e-09,0.395514944833,0.289770816386,2.47863946973,4.13611241651,0
current_both,12.225,10.6872493683,10.3019943426,1.54188855132e-09,-1.75373125286e-09,0.395514944781,0.289770816374,2.4786394702,4.13611241667,0
current_both,12.25,10.6872493683,10.3019943425,1.46694954355e-09,-1.66849624492e-09,0.39551494473,0.289770816361,2.47863947065,4.13611241683,0
current_both,12.275,10.6872493683,10.3019943425,1.395652986e-09,-1.58740372334e-09,0.395514944683,0.28977081635,2.47863947107,4.13611241697,0
current_both,12.3,10.6872493684,10.3019943425,1.32782168709e-09,-1.51025231585e-09,0.395514944637,0.289770816339,2.47863947147,4.13611241711,0
current_both,12.325,10.6872493684,10.3019943424,1.26328740501e-09,-1.43685040908e-09,0.395514944594,0.289770816328,2.47863947186,4.13611241724,0
current_both,12.35,10.6872493684,10.3019943424,1.2018897264e-09,-1.36701594864e-09,0.395514944553,0.289770816318,2.47863947222,4.13611241736,0
current_both,12.375,10.6872493684,10.3019943423,1.14347603862e-09,-1.30057568424e-09,0.395514944514,0.289770816309,2.47863947257,4.13611241748,0
current_both,12.4,10.6872493685,10.3019943423,1.08790126606e-09,-1.23736470335e-09,0.395514944477,0.2897708163,2.4786394729,4.1361124176,0
current_both,12.425,10.6872493685,10.3019943423,1.03502730113e-09,-1.17722622026e-09,0.395514944441,0.289770816291,2.47863947322,4.1361124177,0
current_both,12.45,10.6872493685,10.3019943423,9.84722887719e-10,-1.12001065464e-09,0.395514944408,0.289770816283,2.47863947352,4.1361124178,0
current_both,12.475,10.6872493686,10.3019943422,9.36863332511e-10,-1.06557582023e-09,0.395514944376,0.289770816275,2.4786394738,4.1361124179,0
current_both,12.5,10.6872493686,10.3019943422,8.91330052587e-10,-1.01378639193e-09,0.395514944345,0.289770816268,2.47863947407,4.13611241799,0
current_both,12.525,10.6872493686,10.3019943422,8.4800999116e-10,-9.64513839221e-10,0.395514944316,0.28977081626,2.47863947433,4.13611241808,0
current_both,12.55,10.6872493686,10.3019943422,8.06795019447e-10,-9.17636359545e-10,0.395514944289,0.289770816254,2.47863947457,4.13611241817,0
current_both,12.575,10.6872493686,10.3019943421,7.67583060767e-10,-8.73037113027e-10,0.395514944263,0.289770816247,2.47863947481,4.13611241825,0
current_both,12.6,10.6872493687,10.3019943421,7.30276716641e-10,-8.30605565862e-10,0.395514944238,0.289770816241,2.47863947503,4.13611241832,0
current_both,12.625,10.6872493687,10.3019943421,6.94783516596e-10,-7.90236191352e-10,0.395514944214,0.289770816235,2.47863947524,4.13611241839,0
current_both,12.65,10.6872493687,10.3019943421,6.61015654478e-10,-7.51828580927e-10,0.395514944191,0.28977081623,2.47863947544,4.13611241846,0
current_both,12.675,10.6872493687,10.3019943421,6.28888861586e-10,-7.15287766108e-10,0.39551494417,0.289770816225,2.47863947563,4.13611241853,0
current_both,12.7,10.6872493687,10.301994342,5.98323530764e-10,-6.8052286404e-10,0.395514944149,0.28977081622,2.47863947582,4.13611241859,0
current_both,12.725,10.6872493687,10.301994342,5.69243624225e-10,-6.47447488269e-10,0.39551494413,0.289770816215,2.47863947599,4.13611241865,0
current_both,12.75,10.6872493687,10.301994342,5.41577216172e-10,-6.15979615517e-10,0.395514944111,0.28977081621,2.47863947615,4.1361124187,0
current_both,12.775,10.6872493688,10.301994342,5.15255456123e-10,-5.86041297026e-10,0.395514944094,0.289770816206,2.47863947631,4.13611241876,0
current_both,12.8,10.6872493688,10.301994342,4.90212789571e-10,-5.57558092342e-10,0.395514944077,0.289770816202,2.47863947646,4.13611241881,0
current_both,12.825,10.6872493688,10.301994342,4.66387300767e-10,-5.30459269156e-10,0.395514944061,0.289770816198,2.4786394766,4.13611241886,0
current_both,12.85,10.6872493688,10.301994342,4.43719796782e-10,-5.04677337012e-10,0.395514944046,0.289770816195,2.47863947674,4.1361124189,0
current_both,12.875,10.6872493688,10.3019943419,4.22153971268e-10,-4.80148313755e-10,0.395514944031,0.289770816191,2.47863947686,4.13611241895,0
current_both,12.9,10.6872493688,10.3019943419,4.01636230983e-10,-4.56811825457e-10,0.395514944018,0.289770816188,2.47863947699,4.13611241899,0
current_both,12.925,10.6872493688,10.3019943419,3.82115351626e-10,-4.34609807455e-10,0.395514944005,0.289770816185,2.4786394771,4.13611241903,0
current_both,12.95,10.6872493688,10.3019943419,3.6354324111e-10,-4.13486715291e-10,0.395514943992,0.289770816181,2.47863947721,4.13611241907,0
current_both,12.975,10.6872493688,10.3019943419,3.45874061102e-10,-3.93390324073e-10,0.39551494398,0.289770816179,2.47863947732,4.1361124191,0
current_both,13,10.6872493688,10.3019943419,3.29063247249e-10,-3.74270995731e-10,0.395514943969,0.289770816176,2.47863947742,4.13611241914,0
current_both,13.025,10.6872493689,10.3019943419,3.13069481216e-10,-3.56081057286e-10,0.395514943958,0.289770816173,2.47863947751,4.13611241917,0
current_both,13.05,10.6872493689,10.3019943419,2.97853100283e-10,-3.3877535597e-10,0.395514943948,0.289770816171,2.4786394776,4.1361124192,0
current_both,13.075,10.6872493689,10.3019943419,2.83376304132e-10,-3.22310581981e-10,0.395514943939,0.289770816168,2.47863947769,4.13611241923,0
current_both,13.1,10.6872493689,10.3019943419,2.69603204804e-10,-3.06645967931e-10,0.395514943929,0.289770816166,2.47863947777,4.13611241926,0
current_both,13.125,10.6872493689,10.3019943419,2.56499821148e-10,-2.91742322946e-10,0.395514943921,0.289770816164,2.47863947785,4.13611241928,0
current_both,13.15,10.6872493689,10.3019943418,2.44033325257e-10,-2.77562965258e-10,0.395514943912,0.289770816162,2.47863947792,4.13611241931,0
current_both,13.175,10.6872493689,10.3019943418,2.32172944524e-10,-2.64072811819e-10,0.395514943904,0.28977081616,2.478639478,4.13611241933,0
current_both,13.2,10.6872493689,10.3019943418,2.20888554435e-10,-2.51238822393e-10,0.395514943897,0.289770816158,2.47863947806,4.13611241935,0
current_both,13.225,10.6872493689,10.3019943418,2.10152517376e-10,-2.39028511852e-10,0.39551494389,0.289770816156,2.47863947813,4.13611241938,0
current_both,13.25,10.6872493689,10.3019943418,1.99938135258e-10,-2.27411637723e-10,0.395514943883,0.289770816155,2.47863947819,4.1361124194,0
current_both,13.275,10.6872493689,10.3019943418,1.90220308714e-10,-2.16359101059e-10,0.395514943876,0.289770816153,2.47863947825,4.13611241942,0
current_both,13.3,10.6872493689,10.3019943418,1.80974877904e-10,-2.05843623681e-10,0.39551494387,0.289770816152,2.4786394783,4.13611241944,0
current_both,13.325,10.6872493689,10.3019943418,1.72178891743e-10,-1.95839226371e-10,0.395514943864,0.28977081615,2.47863947835,4.13611241945,0
current_both,13.35,10.6872493689,10.3019943418,1.63810484387e-10,-1.86321073438e-10,0.395514943859,0.289770816149,2.4786394784,4.13611241947,0
current_both,13.375,10.6872493689,10.3019943418,1.55848983484e-10,-1.77265572645e-10,0.395514943853,0.289770816148,2.47863947845,4.13611241949,0
current_both,13.4,10.6872493689,10.3019943418,1.48274693677e-10,-1.68649886702e-10,0.395514943848,0.289770816146,2.47863947849,4.1361124195,0
current_both,13.425,10.6872493689,10.3019943418,1.41068521907e-10,-1.60452743738e-10,0.395514943843,0.289770816145,2.47863947854,4.13611241952,0
current_both,13.45,10.6872493689,10.3019943418,1.34212746238e-10,-1.52654059817e-10,0.395514943839,0.289770816144,2.47863947858,4.13611241953,0
current_both,13.475,10.6872493689,10.3019943418,1.27689880657e-10,-1.45234783512e-10,0.395514943834,0.289770816143,2.47863947862,4.13611241954,0
current_both,13.5,10.687249369,10.3019943418,1.21484166936e-10,-1.38175985522e-10,0.39551494383,0.289770816142,2.47863947865,4.13611241956,0
current_both,13.525,10.687249369,10.3019943418,1.15579931502e-10,-1.31460190935e-10,0.395514943826,0.289770816141,2.47863947869,4.13611241957,0
current_both,13.55,10.687249369,10.3019943418,1.0996245141e-10,-1.25071012859e-10,0.395514943823,0.28977081614,2.47863947872,4.13611241958,0
current_both,13.575,10.687249369,10.3019943418,1.04617739237e-10,-1.18992597311e-10,0.395514943819,0.289770816139,2.47863947875,4.13611241959,0
current_both,13.6,10.687249369,10.3019943418,9.95330454598e-11,-1.13209279042e-10,0.395514943816,0.289770816138,2.47863947878,4.1361124196,0
current_both,13.625,10.687249369,10.3019943418,9.46953110801e-11,-1.07707269083e-10,0.395514943812,0.289770816138,2.47863947881,4.13611241961,0
current_both,13.65,10.687249369,10.3019943418,9.0092640058e-11,-1.02472578624e-10,0.395514943809,0.289770816137,2.47863947884,4.13611241962,0
current_both,13.675,10.687249369,10.3019943418,8.57135818308e-11,-9.74924512027e-11,0.395514943806,0.289770816136,2.47863947887,4.13611241963,0
current_both,13.7,10.687249369,10.3019943418,8.15475976066e-11,-9.27542524805e-11,0.395514943803,0.289770816136,2.47863947889,4.13611241964,0
current_both,13.725,10.687249369,10.3019943418,7.75837614029e-11,-8.82466581826e-11,0.395514943801,0.289770816135,2.47863947892,4.13611241965,0
current_both,13.75,10.687249369,10.3019943418,7.3812566935e-11,-8.39580664787e-11,0.395514943798,0.289770816134,2.47863947894,4.13611241965,0
current_both,13.775,10.687249369,10.3019943418,7.02247202486e-11,-7.98776860007e-11,0.395514943796,0.289770816134,2.47863947896,4.13611241966,0
current_both,13.8,10.687249369,10.3019943418,6.68114769495e-11,-7.59955691505e-11,0.395514943794,0.289770816133,2.47863947898,4.13611241967,0
current_both,13.825,10.687249369,10.3019943417,6.35645145284e-11,-7.23016906141e-11,0.395514943791,0.289770816133,2.478639479,4.13611241967,0
current_both,13.85,10.687249369,10.3019943417,6.04751218978e-11,-6.87873462431e-11,0.395514943789,0.289770816132,2.47863947902,4.13611241968,0
current_both,13.875,10.687249369,10.3019943417,5.75360617914e-11,-6.54437319687e-11,0.395514943787,0.289770816132,2.47863947904,4.13611241969,0
current_both,13.9,10.687249369,10.3019943417,5.47396181591e-11,-6.22628319809e-11,0.395514943786,0.289770816131,2.47863947905,4.13611241969,0
current_both,13.925,10.687249369,10.3019943417,5.20792184808e-11,-5.92365749581e-11,0.395514943784,0.289770816131,2.47863947907,4.1361124197,0
current_both,13.95,10.687249369,10.3019943417,4.95482166838e-11,-5.63572670549e-11,0.395514943782,0.28977081613,2.47863947908,4.1361124197,0
current_both,13.975,10.687249369,10.3019943417,4.71403677635e-11,-5.3617858355e-11,0.39551494378,0.28977081613,2.4786394791,4.13611241971,0
current_both,14,10.687249369,10.3019943417,4.48499332548e-11,-5.10112767378e-11,0.395514943779,0.28977081613,2.47863947911,4.13611241971,0
current_both,14.025,10.687249369,10.3019943417,4.26708041554e-11,-4.85314492833e-11,0.395514943777,0.289770816129,2.47863947912,4.13611241972,0
current_both,14.05,10.687249369,10.3019943417,4.05973211035e-11,-4.61723363783e-11,0.395514943776,0.289770816129,2.47863947914,4.13611241972,0
current_both,14.075,10.687249369,10.3019943417,3.86247462223e-11,-4.3927731876e-11,0.395514943775,0.289770816129,2.47863947915,4.13611241972,0
current_both,14.1,10.687249369,10.3019943417,3.67477101957e-11,-4.17926064662e-11,0.395514943774,0.289770816128,2.47863947916,4.13611241973,0
current_both,14.125,10.687249369,10.3019943417,3.49618651127e-11,-3.97613091137e-11,0.395514943772,0.289770816128,2.47863947917,4.13611241973,0
current_both,14.15,10.687249369,10.3019943417,3.32630018405e-11,-3.78284885434e-11,0.395514943771,0.289770816128,2.47863947918,4.13611241974,0
current_both,14.175,10.687249369,10.3019943417,3.16465198922e-11,-3.59898703968e-11,0.39551494377,0.289770816127,2.47863947919,4.13611241974,0
current_both,14.2,10.687249369,10.3019943417,3.01089845154e-11,-3.42402033189e-11,0.395514943769,0.289770816127,2.4786394792,4.13611241974,0
current_both,14.225,10.687249369,10.3019943417,2.86459867369e-11,-3.25757347559e-11,0.395514943768,0.289770816127,2.47863947921,4.13611241974,0
current_both,14.25,10.687249369,10.3019943417,2.72540140886e-11,-3.09924568027e-11,0.395514943767,0.289770816127,2.47863947922,4.13611241975,0
current_both,14.275,10.687249369,10.3019943417,2.59293487112e-11,-2.9486306043e-11,0.395514943766,0.289770816126,2.47863947922,4.13611241975,0
current_both,14.3,10.687249369,10.3019943417,2.46690304726e-11,-2.80534411052e-11,0.395514943765,0.289770816126,2.47863947923,4.13611241975,0
current_both,14.325,10.687249369,10.3019943417,2.34700506683e-11,-2.66899873109e-11,0.395514943765,0.289770816126,2.47863947924,4.13611241976,0
current_both,14.35,10.687249369,10.3019943417,2.23297086808e-11,-2.5392469662e-11,0.395514943764,0.289770816126,2.47863947924,4.13611241976,0
current_both,14.375,10.687249369,10.3019943417,2.12448070678e-11,-2.41582458278e-11,0.395514943763,0.289770816126,2.47863947925,4.13611241976,0
current_both,14.4,10.687249369,10.3019943417,2.02124661883e-11,-2.2984073957e-11,0.395514943762,0.289770816126,2.47863947926,4.13611241976,0
current_both,14.425,10.687249369,10.3019943417,1.92304850253e-11,-2.18670896741e-11,0.395514943762,0.289770816125,2.47863947926,4.13611241976,0
current_both,14.45,10.687249369,10.3019943417,1.82960394488e-11,-2.08044063994e-11,0.395514943761,0.289770816125,2.47863947927,4.13611241977,0
current_both,14.475,10.687249369,10.3019943417,1.74072240386e-11,-1.97931042463e-11,0.395514943761,0.289770816125,2.47863947927,4.13611241977,0
current_both,14.5,10.687249369,10.3019943417,1.65617531231e-11,-1.88307074174e-11,0.39551494376,0.289770816125,2.47863947928,4.13611241977,0
current_both,14.525,10.687249369,10.3019943417,1.57573271528e-11,-1.79151953068e-11,0.395514943759,0.289770816125,2.47863947928,4.13611241977,0
current_both,14.55,10.687249369,10.3019943417,1.49917020895e-11,-1.70443807752e-11,0.395514943759,0.289770816125,2.47863947929,4.13611241977,0
current_both,14.575,10.687249369,10.3019943417,1.42633125186e-11,-1.62159101498e-11,0.395514943758,0.289770816125,2.47863947929,4.13611241977,0
current_both,14.6,10.687249369,10.3019943417,1.35700448531e-11,-1.54279404603e-11,0.395514943758,0.289770816124,2.4786394793,4.13611241978,0
current_both,14.625,10.687249369,10.3019943417,1.29104960487e-11,-1.46783178741e-11,0.395514943758,0.289770816124,2.4786394793,4.13611241978,0
current_both,14.65,10.687249369,10.3019943417,1.22828175839e-11,-1.39649995807e-11,0.395514943757,0.289770816124,2.4786394793,4.13611241978,0
current_both,14.675,10.687249369,10.3019943417,1.16858367858e-11,-1.32860315878e-11,0.395514943757,0.289770816124,2.47863947931,4.13611241978,0
current_both,14.7,10.687249369,10.3019943417,1.1117999342e-11,-1.26399484008e-11,0.395514943756,0.289770816124,2.47863947931,4.13611241978,0
current_both,14.725,10.687249369,10.3019943417,1.05779938018e-11,-1.20252068099e-11,0.395514943756,0.289770816124,2.47863947931,4.13611241978,0
current_both,14.75,10.687249369,10.3019943417,1.00641242993e-11,-1.14405300584e-11,0.395514943756,0.289770816124,2.47863947932,4.13611241978,0
current_both,14.775,10.687249369,10.3019943417,9.57487121676e-12,-1.08844415498e-11,0.395514943755,0.289770816124,2.47863947932,4.13611241978,0
current_both,14.8,10.687249369,10.3019943417,9.10929641583e-12,-1.03555535054e-11,0.395514943755,0.289770816124,2.47863947932,4.13611241978,0
current_both,14.825,10.687249369,10.3019943417,8.66651865693e-12,-9.85220059047e-12,0.395514943755,0.289770816124,2.47863947933,4.13611241979,0
current_both,14.85,10.687249369,10.3019943417,8.24533612363e-12,-9.37312825311e-12,0.395514943754,0.289770816124,2.47863947933,4.13611241979,0
current_both,14.875,10.687249369,10.3019943417,7.84464275626e-12,-8.91735949704e-12,0.395514943754,0.289770816123,2.47863947933,4.13611241979,0
current_both,14.9,10.687249369,10.3019943417,7.46375299208e-12,-8.48336221449e-12,0.395514943754,0.289770816123,2.47863947933,4.13611241979,0
current_both,14.925,10.687249369,10.3019943417,7.10124713342e-12,-8.07069231623e-12,0.395514943754,0.289770816123,2.47863947934,4.13611241979,0
current_both,14.95,10.687249369,10.3019943417,6.75647153646e-12,-7.67793981904e-12,0.395514943753,0.289770816123,2.47863947934,4.13611241979,0
current_both,14.975,10.687249369,10.3019943417,6.42833957041e-12,-7.30439418018e-12,0.395514943753,0.289770816123,2.47863947934,4.13611241979,0
current_both,15,10.687249369,10.3019943417,6.11648069835e-12,-6.94878974539e-12,0.395514943753,0.289770816123,2.47863947934,4.13611241979,0
current_both,15.025,10.687249369,10.3019943417,5.81976110501e-12,-6.61048258532e-12,0.395514943753,0.289770816123,2.47863947934,4.13611241979,0
current_both,15.05,10.687249369,10.3019943417,5.53735089868e-12,-6.2887066461e-12,0.395514943753,0.289770816123,2.47863947934,4.13611241979,0
current_both,15.075,10.687249369,10.3019943417,5.26868247784e-12,-5.98244052252e-12,0.395514943752,0.289770816123,2.47863947935,4.13611241979,0
current_both,15.1,10.687249369,10.3019943417,5.01298978859e-12,-5.69128453432e-12,0.395514943752,0.289770816123,2.47863947935,4.13611241979,0
current_both,15.125,10.687249369,10.3019943417,4.76936522363e-12,-5.41452813874e-12,0.395514943752,0.289770816123,2.47863947935,4.13611241979,0
current_both,15.15,10.687249369,10.3019943417,4.53758951389e-12,-5.15128315737e-12,0.395514943752,0.289770816123,2.47863947935,4.13611241979,0
current_both,15.175,10.687249369,10.3019943417,4.31678003208e-12,-4.90130534114e-12,0.395514943752,0.289770816123,2.47863947935,4.13611241979,0
current_both,15.2,10.687249369,10.3019943417,4.10652322012e-12,-4.66345116035e-12,0.395514943752,0.289770816123,2.47863947935,4.13611241979,0
current_both,15.225,10.687249369,10.3019943417,3.90654291003e-12,-4.43691015217e-12,0.395514943752,0.289770816123,2.47863947935,4.13611241979,0
current_both,15.25,10.687249369,10.3019943417,3.71614243687e-12,-4.22169341885e-12,0.395514943751,0.289770816123,2.47863947936,4.1361124198,0
current_both,15.275,10.687249369,10.3019943417,3.53509281713e-12,-4.01706821318e-12,0.395514943751,0.289770816123,2.47863947936,4.1361124198,0
current_both,15.3,10.687249369,10.3019943417,3.36283616374e-12,-3.82213525452e-12,0.395514943751,0.289770816123,2.47863947936,4.1361124198,0
current_both,15.325,10.687249369,10.3019943417,3.19924480106e-12,-3.63641714696e-12,0.395514943751,0.289770816123,2.47863947936,4.1361124198,0
current_both,15.35,10.687249369,10.3019943417,3.04351520518e-12,-3.45975845928e-12,0.395514943751,0.289770816123,2.47863947936,4.1361124198,0
current_both,15.375,10.687249369,10.3019943417,2.89539480035e-12,-3.29159297774e-12,0.395514943751,0.289770816123,2.47863947936,4.1361124198,0
current_both,15.4,10.687249369,10.3019943417,2.75432847506e-12,-3.13178747558e-12,0.395514943751,0.289770816123,2.47863947936,4.1361124198,0
current_both,15.425,10.687249369,10.3019943417,2.61999704019e-12,-2.97982014797e-12,0.395514943751,0.289770816123,2.47863947936,4.1361124198,0
current_both,15.45,10.687249369,10.3019943417,2.49207853108e-12,-2.83530241685e-12,0.395514943751,0.289770816123,2.47863947936,4.1361124198,0
current_both,15.475,10.687249369,10.3019943417,2.37055213102e-12,-2.69762365957e-12,0.395514943751,0.289770816123,2.47863947936,4.1361124198,0
current_both,15.5,10.687249369,10.3019943417,2.25521522433e-12,-2.56651742259e-12,0.39551494375,0.289770816123,2.47863947936,4.1361124198,0
current_both,15.525,10.687249369,10.3019943417,2.14526428709e-12,-2.44186158138e-12,0.39551494375,0.289770816123,2.47863947936,4.1361124198,0
current_both,15.55,10.687249369,10.3019943417,2.04075483044e-12,-2.32340078466e-12,0.39551494375,0.289770816123,2.47863947937,4.1361124198,0
current_both,15.575,10.687249369,10.3019943417,1.94122333628e-12,-2.21062432981e-12,0.39551494375,0.289770816123,2.47863947937,4.1361124198,0
current_both,15.6,10.687249369,10.3019943417,1.84678915359e-12,-2.10316584326e-12,0.39551494375,0.289770816123,2.47863947937,4.1361124198,0
current_both,15.625,10.687249369,10.3019943417,1.75706509207e-12,-2.0007699737e-12,0.39551494375,0.289770816123,2.47863947937,4.1361124198,0
current_both,15.65,10.687249369,10.3019943417,1.67153906137e-12,-1.90352553897e-12,0.39551494375,0.289770816122,2.47863947937,4.1361124198,0
current_both,15.675,10.687249369,10.3019943417,1.58994599573e-12,-1.81095514318e-12,0.39551494375,0.289770816122,2.47863947937,4.1361124198,0
current_both,15.7,10.687249369,10.3019943417,1.51239691746e-12,-1.7231253997e-12,0.39551494375,0.289770816122,2.47863947937,4.1361124198,0
current_both,15.725,10.687249369,10.3019943417,1.43880578428e-12,-1.63950340149e-12,0.39551494375,0.289770816122,2.47863947937,4.1361124198,0
current_both,15.75,10.687249369,10.3019943417,1.3688700604e-12,-1.55997812623e-12,0.39551494375,0.289770816122,2.47863947937,4.1361124198,0
current_both,15.775,10.687249369,10.3019943417,1.30251619355e-12,-1.48417209811e-12,0.39551494375,0.289770816122,2.47863947937,4.1361124198,0
current_both,15.8,10.687249369,10.3019943417,1.23959152807e-12,-1.41186327252e-12,0.39551494375,0.289770816122,2.47863947937,4.1361124198,0
current_both,15.825,10.687249369,10.3019943417,1.17998365388e-12,-1.34289621823e-12,0.39551494375,0.289770816122,2.47863947937,4.1361124198,0
current_both,15.85,10.687249369,10.3019943417,1.1230763972e-12,-1.27732644639e-12,0.39551494375,0.289770816122,2.47863947937,4.1361124198,0
current_both,15.875,10.687249369,10.3019943417,1.06870461235e-12,-1.21512065032e-12,0.39551494375,0.289770816122,2.47863947937,4.1361124198,0
current_both,15.9,10.687249369,10.3019943417,1.0169876483e-12,-1.15595686534e-12,0.39551494375,0.289770816122,2.47863947937,4.1361124198,0
current_both,15.925,10.687249369,10.3019943417,9.67865830576e-13,-1.09980178476e-12,0.39551494375,0.289770816122,2.47863947937,4.1361124198,0
current_both,15.95,10.687249369,10.3019943417,9.20718822057e-13,-1.04679973756e-12,0.39551494375,0.289770816122,2.47863947937,4.1361124198,0
current_both,15.975,10.687249369,10.3019943417,8.75910220783e-13,-9.96184669868e-13,0.39551494375,0.289770816122,2.47863947937,4.1361124198,0
current_both,16,10.687249369,10.3019943417,8.33537171269e-13,-9.47856661606e-13,0.395514943749,0.289770816122,2.47863947937,4.1361124198,0
current_both,16.025,10.687249369,10.3019943417,7.92893294116e-13,-9.02226495294e-13,0.395514943749,0.289770816122,2.47863947937,4.1361124198,0
current_both,16.05,10.687249369,10.3019943417,7.54499006367e-13,-8.58472605893e-13,0.395514943749,0.289770816122,2.47863947937,4.1361124198,0
current_both,16.075,10.687249369,10.3019943417,7.17597968586e-13,-8.17027980384e-13,0.395514943749,0.289770816122,2.47863947937,4.1361124198,0
current_both,16.1,10.687249369,10.3019943417,6.82434429839e-13,-7.77870414305e-13,0.395514943749,0.289770816122,2.47863947937,4.1361124198,0
current_both,16.125,10.687249369,10.3019943417,6.48816876653e-13,-7.40566920678e-13,0.395514943749,0.289770816122,2.47863947937,4.1361124198,0
current_both,16.15,10.687249369,10.3019943417,6.16839677987e-13,-7.05284032955e-13,0.395514943749,0.289770816122,2.47863947937,4.1361124198,0
current_both,16.175,10.687249369,10.3019943417,5.8627385034e-13,-6.7165537754e-13,0.395514943749,0.289770816122,2.47863947937,4.1361124198,0
current_both,16.2,10.687249369,10.3019943417,5.5738445946e-13,-6.39736465582e-13,0.395514943749,0.289770816122,2.47863947937,4.1361124198,0
current_both,16.225,10.687249369,10.3019943417,5.29834275104e-13,-6.09305252477e-13,0.395514943749,0.289770816122,2.47863947937,4.1361124198,0
current_both,16.25,10.687249369,10.3019943417,5.0416036766e-13,-5.79740013331e-13,0.395514943749,0.289770816122,2.47863947937,4.1361124198,0
current_both,16.275,10.687249369,10.3019943417,4.79704929985e-13,-5.51717984189e-13,0.395514943749,0.289770816122,2.47863947937,4.1361124198,0
current_both,16.3,10.687249369,10.3019943417,4.56423553158e-13,-5.24883893684e-13,0.395514943749,0.289770816122,2.47863947937,4.1361124198,0
current_both,16.325,10.687249369,10.3019943417,4.34378687226e-13,-4.99559706492e-13,0.395514943749,0.289770816122,2.47863947937,4.1361124198,0
current_both,16.35,10.687249369,10.3019943417,4.13471799893e-13,-4.75345742325e-13,0.395514943749,0.289770816122,2.47863947938,4.1361124198,0
current_both,16.375,10.687249369,10.3019943417,3.93627951107e-13,-4.5210877442e-13,0.395514943749,0.289770816122,2.47863947938,4.1361124198,0
current_both,16.4,10.687249369,10.3019943417,3.74267049336e-13,-4.304816299e-13,0.395514943749,0.289770816122,2.47863947938,4.1361124198,0
current_both,16.425,10.687249369,10.3019943417,3.56026085042e-13,-4.09798174951e-13,0.395514943749,0.289770816122,2.47863947938,4.1361124198,0
current_both,16.45,10.687249369,10.3019943417,3.38807913708e-13,-3.8991408058e-13,0.395514943749,0.289770816122,2.47863947938,4.1361124198,0
current_both,16.475,10.687249369,10.3019943417,3.22146241666e-13,-3.71384458299e-13,0.395514943749,0.289770816122,2.47863947938,4.1361124198,0
current_both,16.5,10.687249369,10.3019943417,3.06086865615e-13,-3.53865138971e-13,0.395514943749,0.289770816122,2.47863947938,4.1361124198,0
current_both,16.525,10.687249369,10.3019943417,2.90960076905e-13,-3.37089669069e-13,0.395514943749,0.289770816122,2.47863947938,4.1361124198,0
current_both,16.55,10.687249369,10.3019943417,2.76718691056e-13,-3.20880412909e-13,0.395514943749,0.289770816122,2.47863947938,4.1361124198,0
current_both,16.575,10.687249369,10.3019943417,2.63409892549e-13,-3.05037530348e-13,0.395514943749,0.289770816122,2.47863947938,4.1361124198,0
current_both,16.6,10.687249369,10.3019943417,2.50473018754e-13,-2.90304870811e-13,0.395514943749,0.289770816122,2.47863947938,4.1361124198,0
current_both,16.625,10.687249369,10.3019943417,2.37860885194e-13,-2.76449287464e-13,0.395514943749,0.289770816122,2.47863947938,4.1361124198,0
current_both,16.65,10.687249369,10.3019943417,2.26125827824e-13,-2.63071100017e-13,0.395514943749,0.289770816122,2.47863947938,4.1361124198,0
current_both,16.675,10.687249369,10.3019943417,2.15274785537e-13,-2.50059286168e-13,0.395514943749,0.289770816122,2.47863947938,4.1361124198,0
current_both,16.7,10.687249369,10.3019943417,2.05085713729e-13,-2.37347232536e-13,0.395514943749,0.289770816122,2.47863947938,4.1361124198,0
current_both,16.725,10.687249369,10.3019943417,1.95165871004e-13,-2.25656584087e-13,0.395514943749,0.289770816122,2.47863947938,4.1361124198,0
current_both,16.75,10.687249369,10.3019943417,1.85594360753e-13,-2.14654273913e-13,0.395514943749,0.289770816122,2.47863947938,4.1361124198,0
current_both,16.775,10.687249369,10.3019943417,1.76249058443e-13,-2.04395813166e-13,0.395514943749,0.289770816122,2.47863947938,4.1361124198,0
current_both,16.8,10.687249369,10.3019943417,1.67739198959e-13,-1.94281681411e-13,0.395514943749,0.289770816122,2.47863947938,4.1361124198,0
current_both,16.825,10.687249369,10.3019943417,1.59905187742e-13,-1.84478412104e-13,0.395514943749,0.289770816122,2.47863947938,4.1361124198,0
current_both,16.85,10.687249369,10.3019943417,1.52645716939e-13,-1.7484167625e-13,0.395514943749,0.289770816122,2.47863947938,4.1361124198,0
current_both,16.875,10.687249369,10.3019943417,1.45672128566e-13,-1.65970994283e-13,0.395514943749,0.289770816122,2.47863947938,4.1361124198,0
current_both,16.9,10.687249369,10.3019943417,1.38966381497e-13,-1.5772203721e-13,0.395514943749,0.289770816122,2.47863947938,4.1361124198,0
current_both,16.925,10.687249369,10.3019943417,1.32385534519e-13,-1.50172520643e-13,0.395514943749,0.289770816122,2.47863947938,4.1361124198,0
current_both,16.95,10.687249369,10.3019943417,1.26041997712e-13,-1.43044888825e-13,0.395514943749,0.289770816122,2.47863947938,4.1361124198,0
current_both,16.975,10.687249369,10.3019943417,1.19916342173e-13,-1.36272528375e-13,0.395514943749,0.289770816122,2.47863947938,4.1361124198,0
current_both,17,10.687249369,10.3019943417,1.13865626689e-13,-1.29888745983e-13,0.395514943749,0.289770816122,2.47863947938,4.1361124198,0
current_both,17.025,10.687249369,10.3019943417,1.08011975792e-13,-1.23815826038e-13,0.395514943749,0.289770816122,2.47863947938,4.1361124198,0
current_both,17.05,10.687249369,10.3019943417,1.02213836046e-13,-1.1802046185e-13,0.395514943749,0.289770816122,2.47863947938,4.1361124198,0
current_both,17.075,10.687249369,10.3019943417,9.71442801595e-14,-1.12125177589e-13,0.395514943749,0.289770816122,2.47863947938,4.1361124198,0
current_both,17.1,10.687249369,10.3019943417,9.27144902913e-14,-1.06107768795e-13,0.395514943749,0.289770816122,2.47863947938,4.1361124198,0
current_both,17.125,10.687249369,10.3019943417,8.84012738406e-14,-1.00700982666e-13,0.395514943749,0.289770816122,2.47863947938,4.1361124198,0
current_both,17.15,10.687249369,10.3019943417,8.43114897736e-14,-9.5760490206e-14,0.395514943749,0.289770816122,2.47863947938,4.1361124198,0
current_both,17.175,10.687249369,10.3019943417,8.04146069572e-14,-9.1208575805e-14,0.395514943749,0.289770816122,2.47863947938,4.1361124198,0
current_both,17.2,10.687249369,10.3019943417,7.67050742762e-14,-8.69786260812e-14,0.395514943749,0.289770816122,2.47863947938,4.1361124198,0
current_both,17.225,10.687249369,10.3019943417,7.31634628276e-14,-8.3004027653e-14,0.395514943749,0.289770816122,2.47863947938,4.1361124198,0
current_both,17.25,10.687249369,10.3019943417,6.97439759118e-14,-7.92736782903e-14,0.395514943749,0.289770816122,2.47863947938,4.1361124198,0
current_both,17.275,10.687249369,10.3019943417,6.63647345806e-14,-7.59097025257e-14,0.395514943749,0.289770816122,2.47863947938,4.1361124198,0
current_both,17.3,10.687249369,10.3019943417,6.3114556676e-14,-7.26900557542e-14,0.395514943749,0.289770816122,2.47863947938,4.1361124198,0
current_both,17.325,10.687249369,10.3019943417,5.99948299768e-14,-6.95925335155e-14,0.395514943749,0.289770816122,2.47863947938,4.1361124198,0
current_both,17.35,10.687249369,10.3019943417,5.69777989074e-14,-6.66060335793e-14,0.395514943749,0.289770816122,2.47863947938,4.1361124198,0
current_both,17.375,10.687249369,10.3019943417,5.40620756889e-14,-6.37194537153e-14,0.395514943749,0.289770816122,2.47863947938,4.1361124198,0
current_both,17.4,10.687249369,10.3019943417,5.10811268678e-14,-6.09661006142e-14,0.395514943749,0.289770816122,2.47863947938,4.1361124198,0
current_both,17.425,10.687249369,10.3019943417,4.82361803672e-14,-5.82682586644e-14,0.395514943749,0.289770816122,2.47863947938,4.1361124198,0
current_both,17.45,10.687249369,10.3019943417,4.54633983632e-14,-5.56259278658e-14,0.395514943749,0.289770816122,2.47863947938,4.1361124198,0
current_both,17.475,10.687249369,10.3019943417,4.27724953073e-14,-5.30835171394e-14,0.395514943749,0.289770816122,2.47863947938,4.1361124198,0
current_both,17.5,10.687249369,10.3019943417,4.00219177638e-14,-5.06410264852e-14,0.395514943749,0.289770816122,2.47863947938,4.1361124198,0
current_both,17.525,10.687249369,10.3019943417,3.73462802744e-14,-4.8198535831e-14,0.395514943749,0.289770816122,2.47863947938,4.1361124198,0
current_both,17.55,10.687249369,10.3019943417,3.47136639273e-14,-4.57671474071e-14,0.395514943749,0.289770816122,2.47863947938,4.1361124198,0
current_both,17.575,10.687249369,10.3019943417,3.26902824649e-14,-4.30359987665e-14,0.395514943749,0.289770816122,2.47863947938,4.1361124198,0
current_both,17.6,10.687249369,10.3019943417,3.12358903026e-14,-4.0127214442e-14,0.395514943749,0.289770816122,2.47863947938,4.1361124198,0
current_both,17.625,10.687249369,10.3019943417,3.02505673683e-14,-3.7018589973e-14,0.395514943749,0.289770816122,2.47863947938,4.1361124198,0
current_both,17.65,10.687249369,10.3019943417,2.95552901991e-14,-3.37878409714e-14,0.395514943749,0.289770816122,2.47863947938,4.1361124198,0
current_both,17.675,10.687249369,10.3019943417,2.88988708358e-14,-3.1067794561e-14,0.395514943749,0.289770816122,2.47863947938,4.1361124198,0
current_both,17.7,10.687249369,10.3019943417,2.82826970571e-14,-2.87807351303e-14,0.395514943749,0.289770816122,2.47863947938,4.1361124198,0
current_both,17.725,10.687249369,10.3019943417,2.77026055268e-14,-2.68489470675e-14,0.395514943749,0.289770816122,2.47863947938,4.1361124198,0
current_both,17.75,10.687249369,10.3019943417,2.71558206871e-14,-2.52391236818e-14,0.395514943749,0.289770816122,2.47863947938,4.1361124198,0
current_both,17.775,10.687249369,10.3019943417,2.66645469987e-14,-2.38624471312e-14,0.395514943749,0.289770816122,2.47863947938,4.1361124198,0
current_both,17.8,10.687249369,10.3019943417,2.62204577889e-14,-2.26967129554e-14,0.395514943749,0.289770816122,2.47863947938,4.1361124198,0
current_both,17.825,10.687249369,10.3019943417,2.58041241547e-14,-2.17308189239e-14,0.395514943749,0.289770816122,2.47863947938,4.1361124198,0
current_both,17.85,10.687249369,10.3019943417,2.54363627778e-14,-2.08981516555e-14,0.395514943749,0.289770816122,2.47863947938,4.1361124198,0
current_both,17.875,10.687249369,10.3019943417,2.50963569765e-14,-2.01876089197e-14,0.395514943749,0.289770816122,2.47863947938,4.1361124198,0
current_both,17.9,10.687249369,10.3019943417,2.47854945296e-14,-1.95880884864e-14,0.395514943749,0.289770816122,2.47863947938,4.1361124198,0
current_both,17.925,10.687249369,10.3019943417,2.45051632159e-14,-1.90884881253e-14,0.395514943749,0.289770816122,2.47863947938,4.1361124198,0
current_both,17.95,10.687249369,10.3019943417,2.42470363626e-14,-1.86555011457e-14,0.395514943749,0.289770816122,2.47863947938,4.1361124198,0
current_both,17.975,10.687249369,10.3019943417,2.40236039789e-14,-1.83002297779e-14,0.395514943749,0.289770816122,2.47863947938,4.1361124198,0
current_both,18,10.687249369,10.3019943417,2.38293149496e-14,-1.7989367331e-14,0.395514943749,0.289770816122,2.47863947938,4.1361124198,0
current_both,18.025,10.687249369,10.3019943417,2.36378014779e-14,-1.77229138051e-14,0.395514943749,0.289770816122,2.47863947938,4.1361124198,0
current_both,18.05,10.687249369,10.3019943417,2.34740435817e-14,-1.75008692001e-14,0.395514943749,0.289770816122,2.47863947938,4.1361124198,0
current_both,18.075,10.687249369,10.3019943417,2.33297145885e-14,-1.73121312859e-14,0.395514943749,0.289770816122,2.47863947938,4.1361124198,0
current_both,18.1,10.687249369,10.3019943417,2.32034267195e-14,-1.71455978322e-14,0.395514943749,0.289770816122,2.47863947938,4.1361124198,0
current_both,18.125,10.687249369,10.3019943417,2.30840777443e-14,-1.70123710693e-14,0.395514943749,0.289770816122,2.47863947938,4.1361124198,0
current_both,18.15,10.687249369,10.3019943417,2.29730554419e-14,-1.69013487668e-14,0.395514943749,0.289770816122,2.47863947938,4.1361124198,0
current_both,18.175,10.687249369,10.3019943417,2.28814620423e-14,-1.68014286946e-14,0.395514943749,0.289770816122,2.47863947938,4.1361124198,0
current_both,18.2,10.687249369,10.3019943417,2.28023586518e-14,-1.67126108526e-14,0.395514943749,0.289770816122,2.47863947938,4.1361124198,0
current_both,18.225,10.687249369,10.3019943417,2.27301941552e-14,-1.66459974712e-14,0.395514943749,0.289770816122,2.47863947938,4.1361124198,0
current_both,18.25,10.687249369,10.3019943417,2.26663563313e-14,-1.65571796292e-14,0.395514943749,0.289770816122,2.47863947938,4.1361124198,0
current_both,18.275,10.687249369,10.3019943417,2.26136207376e-14,-1.6501668478e-14,0.395514943749,0.289770816122,2.47863947938,4.1361124198,0
current_both,18.3,10.687249369,10.3019943417,2.2560885144e-14,-1.64350550965e-14,0.395514943749,0.289770816122,2.47863947938,4.1361124198,0
current_both,18.325,10.687249369,10.3019943417,2.25178640018e-14,-1.63906461755e-14,0.395514943749,0.289770816122,2.47863947938,4.1361124198,0
current_both,18.35,10.687249369,10.3019943417,2.24734550808e-14,-1.63462372545e-14,0.395514943749,0.289770816122,2.47863947938,4.1361124198,0
current_both,18.375,10.687249369,10.3019943417,2.244014839e-14,-1.63129305638e-14,0.395514943749,0.289770816122,2.47863947938,4.1361124198,0
current_both,18.4,10.687249369,10.3019943417,2.24068416993e-14,-1.62685216428e-14,0.395514943749,0.289770816122,2.47863947938,4.1361124198,0
current_both,18.425,10.687249369,10.3019943417,2.2370759451e-14,-1.62463171823e-14,0.395514943749,0.289770816122,2.47863947938,4.1361124198,0
current_both,18.45,10.687249369,10.3019943417,2.2345779433e-14,-1.62241127218e-14,0.395514943749,0.289770816122,2.47863947938,4.1361124198,0
current_both,18.475,10.687249369,10.3019943417,2.23194116361e-14,-1.62019082613e-14,0.395514943749,0.289770816122,2.47863947938,4.1361124198,0
current_both,18.5,10.687249369,10.3019943417,2.23041460695e-14,-1.61797038008e-14,0.395514943749,0.289770816122,2.47863947938,4.1361124198,0
current_both,18.525,10.687249369,10.3019943417,2.22888805029e-14,-1.61574993403e-14,0.395514943749,0.289770816122,2.47863947938,4.1361124198,0
current_both,18.55,10.687249369,10.3019943417,2.22750027151e-14,-1.61463971101e-14,0.395514943749,0.289770816122,2.47863947938,4.1361124198,0
current_both,18.575,10.687249369,10.3019943417,2.22611249273e-14,-1.61352948798e-14,0.395514943749,0.289770816122,2.47863947938,4.1361124198,0
current_both,18.6,10.687249369,10.3019943417,2.22472471395e-14,-1.61241926496e-14,0.395514943749,0.289770816122,2.47863947938,4.1361124198,0
current_both,18.625,10.687249369,10.3019943417,2.22416960244e-14,-1.61241926496e-14,0.395514943749,0.289770816122,2.47863947938,4.1361124198,0
current_both,18.65,10.687249369,10.3019943417,2.22375326881e-14,-1.61241926496e-14,0.395514943749,0.289770816122,2.47863947938,4.1361124198,0
current_both,18.675,10.687249369,10.3019943417,2.22333693517e-14,-1.61241926496e-14,0.395514943749,0.289770816122,2.47863947938,4.1361124198,0
current_both,18.7,10.687249369,10.3019943417,2.22292060154e-14,-1.61241926496e-14,0.395514943749,0.289770816122,2.47863947938,4.1361124198,0
current_both,18.725,10.687249369,10.3019943417,2.2225042679e-14,-1.61241926496e-14,0.395514943749,0.289770816122,2.47863947938,4.1361124198,0
current_both,18.75,10.687249369,10.3019943417,2.22208793427e-14,-1.61241926496e-14,0.395514943749,0.289770816122,2.47863947938,4.1361124198,0
current_both,18.775,10.687249369,10.3019943417,2.22167160063e-14,-1.61241926496e-14,0.395514943749,0.289770816122,2.47863947938,4.1361124198,0
current_both,18.8,10.687249369,10.3019943417,2.221255267e-14,-1.61241926496e-14,0.395514943749,0.289770816122,2.47863947938,4.1361124198,0
current_both,18.825,10.687249369,10.3019943417,2.22083893337e-14,-1.61241926496e-14,0.395514943749,0.289770816122,2.47863947938,4.1361124198,0
current_both,18.85,10.687249369,10.3019943417,2.22042259973e-14,-1.61241926496e-14,0.395514943749,0.289770816122,2.47863947938,4.1361124198,0
current_both,18.875,10.687249369,10.3019943417,2.2200062661e-14,-1.61241926496e-14,0.395514943749,0.289770816122,2.47863947938,4.1361124198,0
current_both,18.9,10.687249369,10.3019943417,2.21958993246e-14,-1.61241926496e-14,0.395514943749,0.289770816122,2.47863947938,4.1361124198,0
current_both,18.925,10.687249369,10.3019943417,2.21917359883e-14,-1.61241926496e-14,0.395514943749,0.289770816122,2.47863947938,4.1361124198,0
current_both,18.95,10.687249369,10.3019943417,2.21875726519e-14,-1.61241926496e-14,0.395514943749,0.289770816122,2.47863947938,4.1361124198,0
current_both,18.975,10.687249369,10.3019943417,2.21834093156e-14,-1.61241926496e-14,0.395514943749,0.289770816122,2.47863947938,4.1361124198,0
current_both,19,10.687249369,10.3019943417,2.21792459793e-14,-1.61241926496e-14,0.395514943749,0.289770816122,2.47863947938,4.1361124198,0
current_both,19.025,10.687249369,10.3019943417,2.21750826429e-14,-1.61241926496e-14,0.395514943749,0.289770816122,2.47863947938,4.1361124198,0
current_both,19.05,10.687249369,10.3019943417,2.21709193066e-14,-1.61241926496e-14,0.395514943749,0.289770816122,2.47863947938,4.1361124198,0
current_both,19.075,10.687249369,10.3019943417,2.21667559702e-14,-1.61241926496e-14,0.395514943749,0.289770816122,2.47863947938,4.1361124198,0
current_both,19.1,10.687249369,10.3019943417,2.21625926339e-14,-1.61241926496e-14,0.395514943749,0.289770816122,2.47863947938,4.1361124198,0
current_both,19.125,10.687249369,10.3019943417,2.21598170763e-14,-1.61241926496e-14,0.395514943749,0.289770816122,2.47863947938,4.1361124198,0
current_both,19.15,10.687249369,10.3019943417,2.21570415188e-14,-1.61241926496e-14,0.395514943749,0.289770816122,2.47863947938,4.1361124198,0
current_both,19.175,10.687249369,10.3019943417,2.21542659612e-14,-1.61241926496e-14,0.395514943749,0.289770816122,2.47863947938,4.1361124198,0
current_both,19.2,10.687249369,10.3019943417,2.21514904036e-14,-1.61241926496e-14,0.395514943749,0.289770816122,2.47863947938,4.1361124198,0
current_both,19.225,10.687249369,10.3019943417,2.21487148461e-14,-1.61241926496e-14,0.395514943749,0.289770816122,2.47863947938,4.1361124198,0
current_both,19.25,10.687249369,10.3019943417,2.21570415188e-14,-1.61241926496e-14,0.395514943749,0.289770816122,2.47863947938,4.1361124198,0
current_both,19.275,10.687249369,10.3019943417,2.21542659612e-14,-1.61241926496e-14,0.395514943749,0.289770816122,2.47863947938,4.1361124198,0
current_both,19.3,10.687249369,10.3019943417,2.21514904036e-14,-1.61241926496e-14,0.395514943749,0.289770816122,2.47863947938,4.1361124198,0
current_both,19.325,10.687249369,10.3019943417,2.21487148461e-14,-1.61241926496e-14,0.395514943749,0.289770816122,2.47863947938,4.1361124198,0
current_both,19.35,10.687249369,10.3019943417,2.21570415188e-14,-1.61241926496e-14,0.395514943749,0.289770816122,2.47863947938,4.1361124198,0
current_both,19.375,10.687249369,10.3019943417,2.21542659612e-14,-1.61241926496e-14,0.395514943749,0.289770816122,2.47863947938,4.1361124198,0
current_both,19.4,10.687249369,10.3019943417,2.21514904036e-14,-1.61241926496e-14,0.395514943749,0.289770816122,2.47863947938,4.1361124198,0
current_both,19.425,10.687249369,10.3019943417,2.21487148461e-14,-1.61241926496e-14,0.395514943749,0.289770816122,2.47863947938,4.1361124198,0
current_both,19.45,10.687249369,10.3019943417,2.21570415188e-14,-1.61241926496e-14,0.395514943749,0.289770816122,2.47863947938,4.1361124198,0
current_both,19.475,10.687249369,10.3019943417,2.21542659612e-14,-1.61241926496e-14,0.395514943749,0.289770816122,2.47863947938,4.1361124198,0
current_both,19.5,10.687249369,10.3019943417,2.21514904036e-14,-1.61241926496e-14,0.395514943749,0.289770816122,2.47863947938,4.1361124198,0
current_both,19.525,10.687249369,10.3019943417,2.21487148461e-14,-1.61241926496e-14,0.395514943749,0.289770816122,2.47863947938,4.1361124198,0
current_both,19.55,10.687249369,10.3019943417,2.21570415188e-14,-1.61241926496e-14,0.395514943749,0.289770816122,2.47863947938,4.1361124198,0
current_both,19.575,10.687249369,10.3019943417,2.21542659612e-14,-1.61241926496e-14,0.395514943749,0.289770816122,2.47863947938,4.1361124198,0
current_both,19.6,10.687249369,10.3019943417,2.21514904036e-14,-1.61241926496e-14,0.395514943749,0.289770816122,2.47863947938,4.1361124198,0
current_both,19.625,10.687249369,10.3019943417,2.21487148461e-14,-1.61241926496e-14,0.395514943749,0.289770816122,2.47863947938,4.1361124198,0
current_both,19.65,10.687249369,10.3019943417,2.21570415188e-14,-1.61241926496e-14,0.395514943749,0.289770816122,2.47863947938,4.1361124198,0
current_both,19.675,10.687249369,10.3019943417,2.21542659612e-14,-1.61241926496e-14,0.395514943749,0.289770816122,2.47863947938,4.1361124198,0
current_both,19.7,10.687249369,10.3019943417,2.21514904036e-14,-1.61241926496e-14,0.395514943749,0.289770816122,2.47863947938,4.1361124198,0
current_both,19.725,10.687249369,10.3019943417,2.21487148461e-14,-1.61241926496e-14,0.395514943749,0.289770816122,2.47863947938,4.1361124198,0
current_both,19.75,10.687249369,10.3019943417,2.21570415188e-14,-1.61241926496e-14,0.395514943749,0.289770816122,2.47863947938,4.1361124198,0
current_both,19.775,10.687249369,10.3019943417,2.21542659612e-14,-1.61241926496e-14,0.395514943749,0.289770816122,2.47863947938,4.1361124198,0
current_both,19.8,10.687249369,10.3019943417,2.21514904036e-14,-1.61241926496e-14,0.395514943749,0.289770816122,2.47863947938,4.1361124198,0
current_both,19.825,10.687249369,10.3019943417,2.21487148461e-14,-1.61241926496e-14,0.395514943749,0.289770816122,2.47863947938,4.1361124198,0
current_both,19.85,10.687249369,10.3019943417,2.21570415188e-14,-1.61241926496e-14,0.395514943749,0.289770816122,2.47863947938,4.1361124198,0
current_both,19.875,10.687249369,10.3019943417,2.21542659612e-14,-1.61241926496e-14,0.395514943749,0.289770816122,2.47863947938,4.1361124198,0
current_both,19.9,10.687249369,10.3019943417,2.21514904036e-14,-1.61241926496e-14,0.395514943749,0.289770816122,2.47863947938,4.1361124198,0
current_both,19.925,10.687249369,10.3019943417,2.21487148461e-14,-1.61241926496e-14,0.395514943749,0.289770816122,2.47863947938,4.1361124198,0
current_both,19.95,10.687249369,10.3019943417,2.21570415188e-14,-1.61241926496e-14,0.395514943749,0.289770816122,2.47863947938,4.1361124198,0
current_both,19.975,10.687249369,10.3019943417,2.21542659612e-14,-1.61241926496e-14,0.395514943749,0.289770816122,2.47863947938,4.1361124198,0
current_both,20,10.687249369,10.3019943417,2.21514904036e-14,-1.61241926496e-14,0.395514943749,0.289770816122,2.47863947938,4.1361124198,0
current_both,20.025,10.687249369,10.3019943417,2.21487148461e-14,-1.61241926496e-14,0.395514943749,0.289770816122,2.47863947938,4.1361124198,0
current_both,20.05,10.687249369,10.3019943417,2.21570415188e-14,-1.61241926496e-14,0.395514943749,0.289770816122,2.47863947938,4.1361124198,0
current_both,20.075,10.687249369,10.3019943417,2.21542659612e-14,-1.61241926496e-14,0.395514943749,0.289770816122,2.47863947938,4.1361124198,0
current_both,20.1,10.687249369,10.3019943417,2.21514904036e-14,-1.61241926496e-14,0.395514943749,0.289770816122,2.47863947938,4.1361124198,0
current_both,20.125,10.687249369,10.3019943417,2.21487148461e-14,-1.61241926496e-14,0.395514943749,0.289770816122,2.47863947938,4.1361124198,0
current_both,20.15,10.687249369,10.3019943417,2.21570415188e-14,-1.61241926496e-14,0.395514943749,0.289770816122,2.47863947938,4.1361124198,0
current_both,20.175,10.687249369,10.3019943417,2.21542659612e-14,-1.61241926496e-14,0.395514943749,0.289770816122,2.47863947938,4.1361124198,0
current_both,20.2,10.687249369,10.3019943417,2.21514904036e-14,-1.61241926496e-14,0.395514943749,0.289770816122,2.47863947938,4.1361124198,0
current_both,20.225,10.687249369,10.3019943417,2.21487148461e-14,-1.61241926496e-14,0.395514943749,0.289770816122,2.47863947938,4.1361124198,0
current_both,20.25,10.687249369,10.3019943417,2.21570415188e-14,-1.61241926496e-14,0.395514943749,0.289770816122,2.47863947938,4.1361124198,0
current_both,20.275,10.687249369,10.3019943417,2.21542659612e-14,-1.61241926496e-14,0.395514943749,0.289770816122,2.47863947938,4.1361124198,0
current_both,20.3,10.687249369,10.3019943417,2.21514904036e-14,-1.61241926496e-14,0.395514943749,0.289770816122,2.47863947938,4.1361124198,0
current_both,20.325,10.687249369,10.3019943417,2.21487148461e-14,-1.61241926496e-14,0.395514943749,0.289770816122,2.47863947938,4.1361124198,0
current_both,20.35,10.687249369,10.3019943417,2.21570415188e-14,-1.61241926496e-14,0.395514943749,0.289770816122,2.47863947938,4.1361124198,0
current_both,20.375,10.687249369,10.3019943417,2.21542659612e-14,-1.61241926496e-14,0.395514943749,0.289770816122,2.47863947938,4.1361124198,0
current_both,20.4,10.687249369,10.3019943417,2.21514904036e-14,-1.61241926496e-14,0.395514943749,0.289770816122,2.47863947938,4.1361124198,0
current_both,20.425,10.687249369,10.3019943417,2.21487148461e-14,-1.61241926496e-14,0.395514943749,0.289770816122,2.47863947938,4.1361124198,0
current_both,20.45,10.687249369,10.3019943417,2.21570415188e-14,-1.61241926496e-14,0.395514943749,0.289770816122,2.47863947938,4.1361124198,0
current_both,20.475,10.687249369,10.3019943417,2.21542659612e-14,-1.61241926496e-14,0.395514943749,0.289770816122,2.47863947938,4.1361124198,0
current_both,20.5,10.687249369,10.3019943417,2.21514904036e-14,-1.61241926496e-14,0.395514943749,0.289770816122,2.47863947938,4.1361124198,0
current_both,20.525,10.687249369,10.3019943417,2.21487148461e-14,-1.61241926496e-14,0.395514943749,0.289770816122,2.47863947938,4.1361124198,0
current_both,20.55,10.687249369,10.3019943417,2.21570415188e-14,-1.61241926496e-14,0.395514943749,0.289770816122,2.47863947938,4.1361124198,0
current_both,20.575,10.687249369,10.3019943417,2.21542659612e-14,-1.61241926496e-14,0.395514943749,0.289770816122,2.47863947938,4.1361124198,0
current_both,20.6,10.687249369,10.3019943417,2.21514904036e-14,-1.61241926496e-14,0.395514943749,0.289770816122,2.47863947938,4.1361124198,0
current_both,20.625,10.687249369,10.3019943417,2.21487148461e-14,-1.61241926496e-14,0.395514943749,0.289770816122,2.47863947938,4.1361124198,0
current_both,20.65,10.687249369,10.3019943417,2.21570415188e-14,-1.61241926496e-14,0.395514943749,0.289770816122,2.47863947938,4.1361124198,0
current_both,20.675,10.687249369,10.3019943417,2.21542659612e-14,-1.61241926496e-14,0.395514943749,0.289770816122,2.47863947938,4.1361124198,0
current_both,20.7,10.687249369,10.3019943417,2.21514904036e-14,-1.61241926496e-14,0.395514943749,0.289770816122,2.47863947938,4.1361124198,0
current_both,20.725,10.687249369,10.3019943417,2.21487148461e-14,-1.61241926496e-14,0.395514943749,0.289770816122,2.47863947938,4.1361124198,0
current_both,20.75,10.687249369,10.3019943417,2.21570415188e-14,-1.61241926496e-14,0.395514943749,0.289770816122,2.47863947938,4.1361124198,0
current_both,20.775,10.687249369,10.3019943417,2.21542659612e-14,-1.61241926496e-14,0.395514943749,0.289770816122,2.47863947938,4.1361124198,0
current_both,20.8,10.687249369,10.3019943417,2.21514904036e-14,-1.61241926496e-14,0.395514943749,0.289770816122,2.47863947938,4.1361124198,0
current_both,20.825,10.687249369,10.3019943417,2.21487148461e-14,-1.61241926496e-14,0.395514943749,0.289770816122,2.47863947938,4.1361124198,0
current_both,20.85,10.687249369,10.3019943417,2.21570415188e-14,-1.61241926496e-14,0.395514943749,0.289770816122,2.47863947938,4.1361124198,0
current_both,20.875,10.687249369,10.3019943417,2.21542659612e-14,-1.61241926496e-14,0.395514943749,0.289770816122,2.47863947938,4.1361124198,0
current_both,20.9,10.687249369,10.3019943417,2.21514904036e-14,-1.61241926496e-14,0.395514943749,0.289770816122,2.47863947938,4.1361124198,0
current_both,20.925,10.687249369,10.3019943417,2.21487148461e-14,-1.61241926496e-14,0.395514943749,0.289770816122,2.47863947938,4.1361124198,0
current_both,20.95,10.687249369,10.3019943417,2.21570415188e-14,-1.61241926496e-14,0.395514943749,0.289770816122,2.47863947938,4.1361124198,0
current_both,20.975,10.687249369,10.3019943417,2.21542659612e-14,-1.61241926496e-14,0.395514943749,0.289770816122,2.47863947938,4.1361124198,0
current_both,21,10.687249369,10.3019943417,2.21514904036e-14,-1.61241926496e-14,0.395514943749,0.289770816122,2.47863947938,4.1361124198,0
current_both,21.025,10.687249369,10.3019943417,2.21487148461e-14,-1.61241926496e-14,0.395514943749,0.289770816122,2.47863947938,4.1361124198,0
current_both,21.05,10.687249369,10.3019943417,2.21570415188e-14,-1.61241926496e-14,0.395514943749,0.289770816122,2.47863947938,4.1361124198,0
current_both,21.075,10.687249369,10.3019943417,2.21542659612e-14,-1.61241926496e-14,0.395514943749,0.289770816122,2.47863947938,4.1361124198,0
current_both,21.1,10.687249369,10.3019943417,2.21514904036e-14,-1.61241926496e-14,0.395514943749,0.289770816122,2.47863947938,4.1361124198,0
current_both,21.125,10.687249369,10.3019943417,2.21487148461e-14,-1.61241926496e-14,0.395514943749,0.289770816122,2.47863947938,4.1361124198,0
current_both,21.15,10.687249369,10.3019943417,2.21570415188e-14,-1.61241926496e-14,0.395514943749,0.289770816122,2.47863947938,4.1361124198,0
current_both,21.175,10.687249369,10.3019943417,2.21542659612e-14,-1.61241926496e-14,0.395514943749,0.289770816122,2.47863947938,4.1361124198,0
current_both,21.2,10.687249369,10.3019943417,2.21514904036e-14,-1.61241926496e-14,0.395514943749,0.289770816122,2.47863947938,4.1361124198,0
current_both,21.225,10.687249369,10.3019943417,2.21487148461e-14,-1.61241926496e-14,0.395514943749,0.289770816122,2.47863947938,4.1361124198,0
current_both,21.25,10.687249369,10.3019943417,2.21570415188e-14,-1.61241926496e-14,0.395514943749,0.289770816122,2.47863947938,4.1361124198,0
current_both,21.275,10.687249369,10.3019943417,2.21542659612e-14,-1.61241926496e-14,0.395514943749,0.289770816122,2.47863947938,4.1361124198,0
current_both,21.3,10.687249369,10.3019943417,2.21514904036e-14,-1.61241926496e-14,0.395514943749,0.289770816122,2.47863947938,4.1361124198,0
current_both,21.325,10.687249369,10.3019943417,2.21487148461e-14,-1.61241926496e-14,0.395514943749,0.289770816122,2.47863947938,4.1361124198,0
current_both,21.35,10.687249369,10.3019943417,2.21570415188e-14,-1.61241926496e-14,0.395514943749,0.289770816122,2.47863947938,4.1361124198,0
current_both,21.375,10.687249369,10.3019943417,2.21542659612e-14,-1.61241926496e-14,0.395514943749,0.289770816122,2.47863947938,4.1361124198,0
current_both,21.4,10.687249369,10.3019943417,2.21514904036e-14,-1.61241926496e-14,0.395514943749,0.289770816122,2.47863947938,4.1361124198,0
current_both,21.425,10.687249369,10.3019943417,2.21487148461e-14,-1.61241926496e-14,0.395514943749,0.289770816122,2.47863947938,4.1361124198,0
current_both,21.45,10.687249369,10.3019943417,2.21570415188e-14,-1.61241926496e-14,0.395514943749,0.289770816122,2.47863947938,4.1361124198,0
current_both,21.475,10.687249369,10.3019943417,2.21542659612e-14,-1.61241926496e-14,0.395514943749,0.289770816122,2.47863947938,4.1361124198,0
current_both,21.5,10.687249369,10.3019943417,2.21514904036e-14,-1.61241926496e-14,0.395514943749,0.289770816122,2.47863947938,4.1361124198,0
current_both,21.525,10.687249369,10.3019943417,2.21487148461e-14,-1.61241926496e-14,0.395514943749,0.289770816122,2.47863947938,4.1361124198,0
current_both,21.55,10.687249369,10.3019943417,2.21570415188e-14,-1.61241926496e-14,0.395514943749,0.289770816122,2.47863947938,4.1361124198,0
current_both,21.575,10.687249369,10.3019943417,2.21542659612e-14,-1.61241926496e-14,0.395514943749,0.289770816122,2.47863947938,4.1361124198,0
current_both,21.6,10.687249369,10.3019943417,2.21514904036e-14,-1.61241926496e-14,0.395514943749,0.289770816122,2.47863947938,4.1361124198,0
current_both,21.625,10.687249369,10.3019943417,2.21487148461e-14,-1.61241926496e-14,0.395514943749,0.289770816122,2.47863947938,4.1361124198,0
current_both,21.65,10.687249369,10.3019943417,2.21570415188e-14,-1.61241926496e-14,0.395514943749,0.289770816122,2.47863947938,4.1361124198,0
current_both,21.675,10.687249369,10.3019943417,2.21542659612e-14,-1.61241926496e-14,0.395514943749,0.289770816122,2.47863947938,4.1361124198,0
current_both,21.7,10.687249369,10.3019943417,2.21514904036e-14,-1.61241926496e-14,0.395514943749,0.289770816122,2.47863947938,4.1361124198,0
current_both,21.725,10.687249369,10.3019943417,2.21487148461e-14,-1.61241926496e-14,0.395514943749,0.289770816122,2.47863947938,4.1361124198,0
current_both,21.75,10.687249369,10.3019943417,2.21570415188e-14,-1.61241926496e-14,0.395514943749,0.289770816122,2.47863947938,4.1361124198,0
current_both,21.775,10.687249369,10.3019943417,2.21542659612e-14,-1.61241926496e-14,0.395514943749,0.289770816122,2.47863947938,4.1361124198,0
current_both,21.8,10.687249369,10.3019943417,2.21514904036e-14,-1.61241926496e-14,0.395514943749,0.289770816122,2.47863947938,4.1361124198,0
current_both,21.825,10.687249369,10.3019943417,2.21487148461e-14,-1.61241926496e-14,0.395514943749,0.289770816122,2.47863947938,4.1361124198,0
current_both,21.85,10.687249369,10.3019943417,2.21570415188e-14,-1.61241926496e-14,0.395514943749,0.289770816122,2.47863947938,4.1361124198,0
current_both,21.875,10.687249369,10.3019943417,2.21542659612e-14,-1.61241926496e-14,0.395514943749,0.289770816122,2.47863947938,4.1361124198,0
current_both,21.9,10.687249369,10.3019943417,2.21514904036e-14,-1.61241926496e-14,0.395514943749,0.289770816122,2.47863947938,4.1361124198,0
current_both,21.925,10.687249369,10.3019943417,2.21487148461e-14,-1.61241926496e-14,0.395514943749,0.289770816122,2.47863947938,4.1361124198,0
current_both,21.95,10.687249369,10.3019943417,2.21570415188e-14,-1.61241926496e-14,0.395514943749,0.289770816122,2.47863947938,4.1361124198,0
current_both,21.975,10.687249369,10.3019943417,2.21542659612e-14,-1.61241926496e-14,0.395514943749,0.289770816122,2.47863947938,4.1361124198,0
current_both,22,10.687249369,10.3019943417,2.21514904036e-14,-1.61241926496e-14,0.395514943749,0.289770816122,2.47863947938,4.1361124198,0
current_both,22.025,10.687249369,10.3019943417,2.21487148461e-14,-1.61241926496e-14,0.395514943749,0.289770816122,2.47863947938,4.1361124198,0
current_both,22.05,10.687249369,10.3019943417,2.21570415188e-14,-1.61241926496e-14,0.395514943749,0.289770816122,2.47863947938,4.1361124198,0
current_both,22.075,10.687249369,10.3019943417,2.21542659612e-14,-1.61241926496e-14,0.395514943749,0.289770816122,2.47863947938,4.1361124198,0
current_both,22.1,10.687249369,10.3019943417,2.21514904036e-14,-1.61241926496e-14,0.395514943749,0.289770816122,2.47863947938,4.1361124198,0
current_both,22.125,10.687249369,10.3019943417,2.21487148461e-14,-1.61241926496e-14,0.395514943749,0.289770816122,2.47863947938,4.1361124198,0
current_both,22.15,10.687249369,10.3019943417,2.21570415188e-14,-1.61241926496e-14,0.395514943749,0.289770816122,2.47863947938,4.1361124198,0
current_both,22.175,10.687249369,10.3019943417,2.21542659612e-14,-1.61241926496e-14,0.395514943749,0.289770816122,2.47863947938,4.1361124198,0
current_both,22.2,10.687249369,10.3019943417,2.21514904036e-14,-1.61241926496e-14,0.395514943749,0.289770816122,2.47863947938,4.1361124198,0
current_both,22.225,10.687249369,10.3019943417,2.21487148461e-14,-1.61241926496e-14,0.395514943749,0.289770816122,2.47863947938,4.1361124198,0
current_both,22.25,10.687249369,10.3019943417,2.21570415188e-14,-1.61241926496e-14,0.395514943749,0.289770816122,2.47863947938,4.1361124198,0
current_both,22.275,10.687249369,10.3019943417,2.21542659612e-14,-1.61241926496e-14,0.395514943749,0.289770816122,2.47863947938,4.1361124198,0
current_both,22.3,10.687249369,10.3019943417,2.21514904036e-14,-1.61241926496e-14,0.395514943749,0.289770816122,2.47863947938,4.1361124198,0
current_both,22.325,10.687249369,10.3019943417,2.21487148461e-14,-1.61241926496e-14,0.395514943749,0.289770816122,2.47863947938,4.1361124198,0
current_both,22.35,10.687249369,10.3019943417,2.21570415188e-14,-1.61241926496e-14,0.395514943749,0.289770816122,2.47863947938,4.1361124198,0
current_both,22.375,10.687249369,10.3019943417,2.21542659612e-14,-1.61241926496e-14,0.395514943749,0.289770816122,2.47863947938,4.1361124198,0
current_both,22.4,10.687249369,10.3019943417,2.21514904036e-14,-1.61241926496e-14,0.395514943749,0.289770816122,2.47863947938,4.1361124198,0
current_both,22.425,10.687249369,10.3019943417,2.21487148461e-14,-1.61241926496e-14,0.395514943749,0.289770816122,2.47863947938,4.1361124198,0
current_both,22.45,10.687249369,10.3019943417,2.21570415188e-14,-1.61241926496e-14,0.395514943749,0.289770816122,2.47863947938,4.1361124198,0
current_both,22.475,10.687249369,10.3019943417,2.21542659612e-14,-1.61241926496e-14,0.395514943749,0.289770816122,2.47863947938,4.1361124198,0
current_both,22.5,10.687249369,10.3019943417,2.21514904036e-14,-1.61241926496e-14,0.395514943749,0.289770816122,2.47863947938,4.1361124198,0
current_both,22.525,10.687249369,10.3019943417,2.21487148461e-14,-1.61241926496e-14,0.395514943749,0.289770816122,2.47863947938,4.1361124198,0
current_both,22.55,10.687249369,10.3019943417,2.21570415188e-14,-1.61241926496e-14,0.395514943749,0.289770816122,2.47863947938,4.1361124198,0
current_both,22.575,10.687249369,10.3019943417,2.21542659612e-14,-1.61241926496e-14,0.395514943749,0.289770816122,2.47863947938,4.1361124198,0
current_both,22.6,10.687249369,10.3019943417,2.21514904036e-14,-1.61241926496e-14,0.395514943749,0.289770816122,2.47863947938,4.1361124198,0
current_both,22.625,10.687249369,10.3019943417,2.21487148461e-14,-1.61241926496e-14,0.395514943749,0.289770816122,2.47863947938,4.1361124198,0
current_both,22.65,10.687249369,10.3019943417,2.21570415188e-14,-1.61241926496e-14,0.395514943749,0.289770816122,2.47863947938,4.1361124198,0
current_both,22.675,10.687249369,10.3019943417,2.21542659612e-14,-1.61241926496e-14,0.395514943749,0.289770816122,2.47863947938,4.1361124198,0
current_both,22.7,10.687249369,10.3019943417,2.21514904036e-14,-1.61241926496e-14,0.395514943749,0.289770816122,2.47863947938,4.1361124198,0
current_both,22.725,10.687249369,10.3019943417,2.21487148461e-14,-1.61241926496e-14,0.395514943749,0.289770816122,2.47863947938,4.1361124198,0
current_both,22.75,10.687249369,10.3019943417,2.21570415188e-14,-1.61241926496e-14,0.395514943749,0.289770816122,2.47863947938,4.1361124198,0
current_both,22.775,10.687249369,10.3019943417,2.21542659612e-14,-1.61241926496e-14,0.395514943749,0.289770816122,2.47863947938,4.1361124198,0
current_both,22.8,10.687249369,10.3019943417,2.21514904036e-14,-1.61241926496e-14,0.395514943749,0.289770816122,2.47863947938,4.1361124198,0
current_both,22.825,10.687249369,10.3019943417,2.21487148461e-14,-1.61241926496e-14,0.395514943749,0.289770816122,2.47863947938,4.1361124198,0
current_both,22.85,10.687249369,10.3019943417,2.21570415188e-14,-1.61241926496e-14,0.395514943749,0.289770816122,2.47863947938,4.1361124198,0
current_both,22.875,10.687249369,10.3019943417,2.21542659612e-14,-1.61241926496e-14,0.395514943749,0.289770816122,2.47863947938,4.1361124198,0
current_both,22.9,10.687249369,10.3019943417,2.21514904036e-14,-1.61241926496e-14,0.395514943749,0.289770816122,2.47863947938,4.1361124198,0
current_both,22.925,10.687249369,10.3019943417,2.21487148461e-14,-1.61241926496e-14,0.395514943749,0.289770816122,2.47863947938,4.1361124198,0
current_both,22.95,10.687249369,10.3019943417,2.21570415188e-14,-1.61241926496e-14,0.395514943749,0.289770816122,2.47863947938,4.1361124198,0
current_both,22.975,10.687249369,10.3019943417,2.21542659612e-14,-1.61241926496e-14,0.395514943749,0.289770816122,2.47863947938,4.1361124198,0
current_both,23,10.687249369,10.3019943417,2.21514904036e-14,-1.61241926496e-14,0.395514943749,0.289770816122,2.47863947938,4.1361124198,0
current_both,23.025,10.687249369,10.3019943417,2.21487148461e-14,-1.61241926496e-14,0.395514943749,0.289770816122,2.47863947938,4.1361124198,0
current_both,23.05,10.687249369,10.3019943417,2.21570415188e-14,-1.61241926496e-14,0.395514943749,0.289770816122,2.47863947938,4.1361124198,0
current_both,23.075,10.687249369,10.3019943417,2.21542659612e-14,-1.61241926496e-14,0.395514943749,0.289770816122,2.47863947938,4.1361124198,0
current_both,23.1,10.687249369,10.3019943417,2.21514904036e-14,-1.61241926496e-14,0.395514943749,0.289770816122,2.47863947938,4.1361124198,0
current_both,23.125,10.687249369,10.3019943417,2.21487148461e-14,-1.61241926496e-14,0.395514943749,0.289770816122,2.47863947938,4.1361124198,0
current_both,23.15,10.687249369,10.3019943417,2.21570415188e-14,-1.61241926496e-14,0.395514943749,0.289770816122,2.47863947938,4.1361124198,0
current_both,23.175,10.687249369,10.3019943417,2.21542659612e-14,-1.61241926496e-14,0.395514943749,0.289770816122,2.47863947938,4.1361124198,0
current_both,23.2,10.687249369,10.3019943417,2.21514904036e-14,-1.61241926496e-14,0.395514943749,0.289770816122,2.47863947938,4.1361124198,0
current_both,23.225,10.687249369,10.3019943417,2.21487148461e-14,-1.61241926496e-14,0.395514943749,0.289770816122,2.47863947938,4.1361124198,0
current_both,23.25,10.687249369,10.3019943417,2.21570415188e-14,-1.61241926496e-14,0.395514943749,0.289770816122,2.47863947938,4.1361124198,0
current_both,23.275,10.687249369,10.3019943417,2.21542659612e-14,-1.61241926496e-14,0.395514943749,0.289770816122,2.47863947938,4.1361124198,0
current_both,23.3,10.687249369,10.3019943417,2.21514904036e-14,-1.61241926496e-14,0.395514943749,0.289770816122,2.47863947938,4.1361124198,0
current_both,23.325,10.687249369,10.3019943417,2.21487148461e-14,-1.61241926496e-14,0.395514943749,0.289770816122,2.47863947938,4.1361124198,0
current_both,23.35,10.687249369,10.3019943417,2.21570415188e-14,-1.61241926496e-14,0.395514943749,0.289770816122,2.47863947938,4.1361124198,0
current_both,23.375,10.687249369,10.3019943417,2.21542659612e-14,-1.61241926496e-14,0.395514943749,0.289770816122,2.47863947938,4.1361124198,0
current_both,23.4,10.687249369,10.3019943417,2.21514904036e-14,-1.61241926496e-14,0.395514943749,0.289770816122,2.47863947938,4.1361124198,0
current_both,23.425,10.687249369,10.3019943417,2.21487148461e-14,-1.61241926496e-14,0.395514943749,0.289770816122,2.47863947938,4.1361124198,0
current_both,23.45,10.687249369,10.3019943417,2.21570415188e-14,-1.61241926496e-14,0.395514943749,0.289770816122,2.47863947938,4.1361124198,0
current_both,23.475,10.687249369,10.3019943417,2.21542659612e-14,-1.61241926496e-14,0.395514943749,0.289770816122,2.47863947938,4.1361124198,0
current_both,23.5,10.687249369,10.3019943417,2.21514904036e-14,-1.61241926496e-14,0.395514943749,0.289770816122,2.47863947938,4.1361124198,0
current_both,23.525,10.687249369,10.3019943417,2.21487148461e-14,-1.61241926496e-14,0.395514943749,0.289770816122,2.47863947938,4.1361124198,0
current_both,23.55,10.687249369,10.3019943417,2.21570415188e-14,-1.61241926496e-14,0.395514943749,0.289770816122,2.47863947938,4.1361124198,0
current_both,23.575,10.687249369,10.3019943417,2.21542659612e-14,-1.61241926496e-14,0.395514943749,0.289770816122,2.47863947938,4.1361124198,0
current_both,23.6,10.687249369,10.3019943417,2.21514904036e-14,-1.61241926496e-14,0.395514943749,0.289770816122,2.47863947938,4.1361124198,0
current_both,23.625,10.687249369,10.3019943417,2.21487148461e-14,-1.61241926496e-14,0.395514943749,0.289770816122,2.47863947938,4.1361124198,0
current_both,23.65,10.687249369,10.3019943417,2.21570415188e-14,-1.61241926496e-14,0.395514943749,0.289770816122,2.47863947938,4.1361124198,0
current_both,23.675,10.687249369,10.3019943417,2.21542659612e-14,-1.61241926496e-14,0.395514943749,0.289770816122,2.47863947938,4.1361124198,0
current_both,23.7,10.687249369,10.3019943417,2.21514904036e-14,-1.61241926496e-14,0.395514943749,0.289770816122,2.47863947938,4.1361124198,0
current_both,23.725,10.687249369,10.3019943417,2.21487148461e-14,-1.61241926496e-14,0.395514943749,0.289770816122,2.47863947938,4.1361124198,0
current_both,23.75,10.687249369,10.3019943417,2.21570415188e-14,-1.61241926496e-14,0.395514943749,0.289770816122,2.47863947938,4.1361124198,0
current_both,23.775,10.687249369,10.3019943417,2.21542659612e-14,-1.61241926496e-14,0.395514943749,0.289770816122,2.47863947938,4.1361124198,0
current_both,23.8,10.687249369,10.3019943417,2.21514904036e-14,-1.61241926496e-14,0.395514943749,0.289770816122,2.47863947938,4.1361124198,0
current_both,23.825,10.687249369,10.3019943417,2.21487148461e-14,-1.61241926496e-14,0.395514943749,0.289770816122,2.47863947938,4.1361124198,0
current_both,23.85,10.687249369,10.3019943417,2.21570415188e-14,-1.61241926496e-14,0.395514943749,0.289770816122,2.47863947938,4.1361124198,0
current_both,23.875,10.687249369,10.3019943417,2.21542659612e-14,-1.61241926496e-14,0.395514943749,0.289770816122,2.47863947938,4.1361124198,0
current_both,23.9,10.687249369,10.3019943417,2.21514904036e-14,-1.61241926496e-14,0.395514943749,0.289770816122,2.47863947938,4.1361124198,0
current_both,23.925,10.687249369,10.3019943417,2.21487148461e-14,-1.61241926496e-14,0.395514943749,0.289770816122,2.47863947938,4.1361124198,0
current_both,23.95,10.687249369,10.3019943417,2.21570415188e-14,-1.61241926496e-14,0.395514943749,0.289770816122,2.47863947938,4.1361124198,0
current_both,23.975,10.687249369,10.3019943417,2.21542659612e-14,-1.61241926496e-14,0.395514943749,0.289770816122,2.47863947938,4.1361124198,0
current_both,24,10.687249369,10.3019943417,2.21514904036e-14,-1.61241926496e-14,0.395514943749,0.289770816122,2.47863947938,4.1361124198,0
current_both,24.025,10.687249369,10.3019943417,2.21487148461e-14,-1.61241926496e-14,0.395514943749,0.289770816122,2.47863947938,4.1361124198,0
current_both,24.05,10.687249369,10.3019943417,2.21570415188e-14,-1.61241926496e-14,0.395514943749,0.289770816122,2.47863947938,4.1361124198,0
current_both,24.075,10.687249369,10.3019943417,2.21542659612e-14,-1.61241926496e-14,0.395514943749,0.289770816122,2.47863947938,4.1361124198,0
current_both,24.1,10.687249369,10.3019943417,2.21514904036e-14,-1.61241926496e-14,0.395514943749,0.289770816122,2.47863947938,4.1361124198,0
current_both,24.125,10.687249369,10.3019943417,2.21487148461e-14,-1.61241926496e-14,0.395514943749,0.289770816122,2.47863947938,4.1361124198,0
current_both,24.15,10.687249369,10.3019943417,2.21570415188e-14,-1.61241926496e-14,0.395514943749,0.289770816122,2.47863947938,4.1361124198,0
current_both,24.175,10.687249369,10.3019943417,2.21542659612e-14,-1.61241926496e-14,0.395514943749,0.289770816122,2.47863947938,4.1361124198,0
current_both,24.2,10.687249369,10.3019943417,2.21514904036e-14,-1.61241926496e-14,0.395514943749,0.289770816122,2.47863947938,4.1361124198,0
current_both,24.225,10.687249369,10.3019943417,2.21487148461e-14,-1.61241926496e-14,0.395514943749,0.289770816122,2.47863947938,4.1361124198,0
current_both,24.25,10.687249369,10.3019943417,2.21570415188e-14,-1.61241926496e-14,0.395514943749,0.289770816122,2.47863947938,4.1361124198,0
current_both,24.275,10.687249369,10.3019943417,2.21542659612e-14,-1.61241926496e-14,0.395514943749,0.289770816122,2.47863947938,4.1361124198,0
current_both,24.3,10.687249369,10.3019943417,2.21514904036e-14,-1.61241926496e-14,0.395514943749,0.289770816122,2.47863947938,4.1361124198,0
current_both,24.325,10.687249369,10.3019943417,2.21487148461e-14,-1.61241926496e-14,0.395514943749,0.289770816122,2.47863947938,4.1361124198,0
current_both,24.35,10.687249369,10.3019943417,2.21570415188e-14,-1.61241926496e-14,0.395514943749,0.289770816122,2.47863947938,4.1361124198,0
current_both,24.375,10.687249369,10.3019943417,2.21542659612e-14,-1.61241926496e-14,0.395514943749,0.289770816122,2.47863947938,4.1361124198,0
current_both,24.4,10.687249369,10.3019943417,2.21514904036e-14,-1.61241926496e-14,0.395514943749,0.289770816122,2.47863947938,4.1361124198,0
current_both,24.425,10.687249369,10.3019943417,2.21487148461e-14,-1.61241926496e-14,0.395514943749,0.289770816122,2.47863947938,4.1361124198,0
current_both,24.45,10.687249369,10.3019943417,2.21570415188e-14,-1.61241926496e-14,0.395514943749,0.289770816122,2.47863947938,4.1361124198,0
current_both,24.475,10.687249369,10.3019943417,2.21542659612e-14,-1.61241926496e-14,0.395514943749,0.289770816122,2.47863947938,4.1361124198,0
current_both,24.5,10.687249369,10.3019943417,2.21514904036e-14,-1.61241926496e-14,0.395514943749,0.289770816122,2.47863947938,4.1361124198,0
current_both,24.525,10.687249369,10.3019943417,2.21487148461e-14,-1.61241926496e-14,0.395514943749,0.289770816122,2.47863947938,4.1361124198,0
current_both,24.55,10.687249369,10.3019943417,2.21570415188e-14,-1.61241926496e-14,0.395514943749,0.289770816122,2.47863947938,4.1361124198,0
current_both,24.575,10.687249369,10.3019943417,2.21542659612e-14,-1.61241926496e-14,0.395514943749,0.289770816122,2.47863947938,4.1361124198,0
current_both,24.6,10.687249369,10.3019943417,2.21514904036e-14,-1.61241926496e-14,0.395514943749,0.289770816122,2.47863947938,4.1361124198,0
current_both,24.625,10.687249369,10.3019943417,2.21487148461e-14,-1.61241926496e-14,0.395514943749,0.289770816122,2.47863947938,4.1361124198,0
current_both,24.65,10.687249369,10.3019943417,2.21570415188e-14,-1.61241926496e-14,0.395514943749,0.289770816122,2.47863947938,4.1361124198,0
current_both,24.675,10.687249369,10.3019943417,2.21542659612e-14,-1.61241926496e-14,0.395514943749,0.289770816122,2.47863947938,4.1361124198,0
current_both,24.7,10.687249369,10.3019943417,2.21514904036e-14,-1.61241926496e-14,0.395514943749,0.289770816122,2.47863947938,4.1361124198,0
current_both,24.725,10.687249369,10.3019943417,2.21487148461e-14,-1.61241926496e-14,0.395514943749,0.289770816122,2.47863947938,4.1361124198,0
current_both,24.75,10.687249369,10.3019943417,2.21570415188e-14,-1.61241926496e-14,0.395514943749,0.289770816122,2.47863947938,4.1361124198,0
current_both,24.775,10.687249369,10.3019943417,2.21542659612e-14,-1.61241926496e-14,0.395514943749,0.289770816122,2.47863947938,4.1361124198,0
current_both,24.8,10.687249369,10.3019943417,2.21514904036e-14,-1.61241926496e-14,0.395514943749,0.289770816122,2.47863947938,4.1361124198,0
current_both,24.825,10.687249369,10.3019943417,2.21487148461e-14,-1.61241926496e-14,0.395514943749,0.289770816122,2.47863947938,4.1361124198,0
current_both,24.85,10.687249369,10.3019943417,2.21570415188e-14,-1.61241926496e-14,0.395514943749,0.289770816122,2.47863947938,4.1361124198,0
current_both,24.875,10.687249369,10.3019943417,2.21542659612e-14,-1.61241926496e-14,0.395514943749,0.289770816122,2.47863947938,4.1361124198,0
current_both,24.9,10.687249369,10.3019943417,2.21514904036e-14,-1.61241926496e-14,0.395514943749,0.289770816122,2.47863947938,4.1361124198,0
current_both,24.925,10.687249369,10.3019943417,2.21487148461e-14,-1.61241926496e-14,0.395514943749,0.289770816122,2.47863947938,4.1361124198,0
current_both,24.95,10.687249369,10.3019943417,2.21570415188e-14,-1.61241926496e-14,0.395514943749,0.289770816122,2.47863947938,4.1361124198,0
current_both,24.975,10.687249369,10.3019943417,2.21542659612e-14,-1.61241926496e-14,0.395514943749,0.289770816122,2.47863947938,4.1361124198,0
current_both,25,10.687249369,10.3019943417,2.21514904036e-14,-1.61241926496e-14,0.395514943749,0.289770816122,2.47863947938,4.1361124198,0
current_both,25.025,10.687249369,10.3019943417,2.21487148461e-14,-1.61241926496e-14,0.395514943749,0.289770816122,2.47863947938,4.1361124198,0
current_both,25.05,10.687249369,10.3019943417,2.21570415188e-14,-1.61241926496e-14,0.395514943749,0.289770816122,2.47863947938,4.1361124198,0
current_both,25.075,10.687249369,10.3019943417,2.21542659612e-14,-1.61241926496e-14,0.395514943749,0.289770816122,2.47863947938,4.1361124198,0
current_both,25.1,10.687249369,10.3019943417,2.21514904036e-14,-1.61241926496e-14,0.395514943749,0.289770816122,2.47863947938,4.1361124198,0
current_both,25.125,10.687249369,10.3019943417,2.21487148461e-14,-1.61241926496e-14,0.395514943749,0.289770816122,2.47863947938,4.1361124198,0
current_both,25.15,10.687249369,10.3019943417,2.21570415188e-14,-1.61241926496e-14,0.395514943749,0.289770816122,2.47863947938,4.1361124198,0
current_both,25.175,10.687249369,10.3019943417,2.21542659612e-14,-1.61241926496e-14,0.395514943749,0.289770816122,2.47863947938,4.1361124198,0
current_both,25.2,10.687249369,10.3019943417,2.21514904036e-14,-1.61241926496e-14,0.395514943749,0.289770816122,2.47863947938,4.1361124198,0
current_both,25.225,10.687249369,10.3019943417,2.21487148461e-14,-1.61241926496e-14,0.395514943749,0.289770816122,2.47863947938,4.1361124198,0
current_both,25.25,10.687249369,10.3019943417,2.21570415188e-14,-1.61241926496e-14,0.395514943749,0.289770816122,2.47863947938,4.1361124198,0
current_both,25.275,10.687249369,10.3019943417,2.21542659612e-14,-1.61241926496e-14,0.395514943749,0.289770816122,2.47863947938,4.1361124198,0
current_both,25.3,10.687249369,10.3019943417,2.21514904036e-14,-1.61241926496e-14,0.395514943749,0.289770816122,2.47863947938,4.1361124198,0
current_both,25.325,10.687249369,10.3019943417,2.21487148461e-14,-1.61241926496e-14,0.395514943749,0.289770816122,2.47863947938,4.1361124198,0
current_both,25.35,10.687249369,10.3019943417,2.21570415188e-14,-1.61241926496e-14,0.395514943749,0.289770816122,2.47863947938,4.1361124198,0
current_both,25.375,10.687249369,10.3019943417,2.21542659612e-14,-1.61241926496e-14,0.395514943749,0.289770816122,2.47863947938,4.1361124198,0
current_both,25.4,10.687249369,10.3019943417,2.21514904036e-14,-1.61241926496e-14,0.395514943749,0.289770816122,2.47863947938,4.1361124198,0
current_both,25.425,10.687249369,10.3019943417,2.21487148461e-14,-1.61241926496e-14,0.395514943749,0.289770816122,2.47863947938,4.1361124198,0
current_both,25.45,10.687249369,10.3019943417,2.21570415188e-14,-1.61241926496e-14,0.395514943749,0.289770816122,2.47863947938,4.1361124198,0
current_both,25.475,10.687249369,10.3019943417,2.21542659612e-14,-1.61241926496e-14,0.395514943749,0.289770816122,2.47863947938,4.1361124198,0
current_both,25.5,10.687249369,10.3019943417,2.21514904036e-14,-1.61241926496e-14,0.395514943749,0.289770816122,2.47863947938,4.1361124198,0
current_both,25.525,10.687249369,10.3019943417,2.21487148461e-14,-1.61241926496e-14,0.395514943749,0.289770816122,2.47863947938,4.1361124198,0
current_both,25.55,10.687249369,10.3019943417,2.21570415188e-14,-1.61241926496e-14,0.395514943749,0.289770816122,2.47863947938,4.1361124198,0
current_both,25.575,10.687249369,10.3019943417,2.21542659612e-14,-1.61241926496e-14,0.395514943749,0.289770816122,2.47863947938,4.1361124198,0
current_both,25.6,10.687249369,10.3019943417,2.21514904036e-14,-1.61241926496e-14,0.395514943749,0.289770816122,2.47863947938,4.1361124198,0
current_both,25.625,10.687249369,10.3019943417,2.21487148461e-14,-1.61241926496e-14,0.395514943749,0.289770816122,2.47863947938,4.1361124198,0
current_both,25.65,10.687249369,10.3019943417,2.21570415188e-14,-1.61241926496e-14,0.395514943749,0.289770816122,2.47863947938,4.1361124198,0
current_both,25.675,10.687249369,10.3019943417,2.21542659612e-14,-1.61241926496e-14,0.395514943749,0.289770816122,2.47863947938,4.1361124198,0
current_both,25.7,10.687249369,10.3019943417,2.21514904036e-14,-1.61241926496e-14,0.395514943749,0.289770816122,2.47863947938,4.1361124198,0
current_both,25.725,10.687249369,10.3019943417,2.21487148461e-14,-1.61241926496e-14,0.395514943749,0.289770816122,2.47863947938,4.1361124198,0
current_both,25.75,10.687249369,10.3019943417,2.21570415188e-14,-1.61241926496e-14,0.395514943749,0.289770816122,2.47863947938,4.1361124198,0
current_both,25.775,10.687249369,10.3019943417,2.21542659612e-14,-1.61241926496e-14,0.395514943749,0.289770816122,2.47863947938,4.1361124198,0
current_both,25.8,10.687249369,10.3019943417,2.21514904036e-14,-1.61241926496e-14,0.395514943749,0.289770816122,2.47863947938,4.1361124198,0
current_both,25.825,10.687249369,10.3019943417,2.21487148461e-14,-1.61241926496e-14,0.395514943749,0.289770816122,2.47863947938,4.1361124198,0
current_both,25.85,10.687249369,10.3019943417,2.21570415188e-14,-1.61241926496e-14,0.395514943749,0.289770816122,2.47863947938,4.1361124198,0
current_both,25.875,10.687249369,10.3019943417,2.21542659612e-14,-1.61241926496e-14,0.395514943749,0.289770816122,2.47863947938,4.1361124198,0
current_both,25.9,10.687249369,10.3019943417,2.21514904036e-14,-1.61241926496e-14,0.395514943749,0.289770816122,2.47863947938,4.1361124198,0
current_both,25.925,10.687249369,10.3019943417,2.21487148461e-14,-1.61241926496e-14,0.395514943749,0.289770816122,2.47863947938,4.1361124198,0
current_both,25.95,10.687249369,10.3019943417,2.21570415188e-14,-1.61241926496e-14,0.395514943749,0.289770816122,2.47863947938,4.1361124198,0
current_both,25.975,10.687249369,10.3019943417,2.21542659612e-14,-1.61241926496e-14,0.395514943749,0.289770816122,2.47863947938,4.1361124198,0
current_both,26,10.687249369,10.3019943417,2.21514904036e-14,-1.61241926496e-14,0.395514943749,0.289770816122,2.47863947938,4.1361124198,0
current_both,26.025,10.687249369,10.3019943417,2.21487148461e-14,-1.61241926496e-14,0.395514943749,0.289770816122,2.47863947938,4.1361124198,0
current_both,26.05,10.687249369,10.3019943417,2.21570415188e-14,-1.61241926496e-14,0.395514943749,0.289770816122,2.47863947938,4.1361124198,0
current_both,26.075,10.687249369,10.3019943417,2.21542659612e-14,-1.61241926496e-14,0.395514943749,0.289770816122,2.47863947938,4.1361124198,0
current_both,26.1,10.687249369,10.3019943417,2.21514904036e-14,-1.61241926496e-14,0.395514943749,0.289770816122,2.47863947938,4.1361124198,0
current_both,26.125,10.687249369,10.3019943417,2.21487148461e-14,-1.61241926496e-14,0.395514943749,0.289770816122,2.47863947938,4.1361124198,0
current_both,26.15,10.687249369,10.3019943417,2.21570415188e-14,-1.61241926496e-14,0.395514943749,0.289770816122,2.47863947938,4.1361124198,0
current_both,26.175,10.687249369,10.3019943417,2.21542659612e-14,-1.61241926496e-14,0.395514943749,0.289770816122,2.47863947938,4.1361124198,0
current_both,26.2,10.687249369,10.3019943417,2.21514904036e-14,-1.61241926496e-14,0.395514943749,0.289770816122,2.47863947938,4.1361124198,0
current_both,26.225,10.687249369,10.3019943417,2.21487148461e-14,-1.61241926496e-14,0.395514943749,0.289770816122,2.47863947938,4.1361124198,0
current_both,26.25,10.687249369,10.3019943417,2.21570415188e-14,-1.61241926496e-14,0.395514943749,0.289770816122,2.47863947938,4.1361124198,0
current_both,26.275,10.687249369,10.3019943417,2.21542659612e-14,-1.61241926496e-14,0.395514943749,0.289770816122,2.47863947938,4.1361124198,0
current_both,26.3,10.687249369,10.3019943417,2.21514904036e-14,-1.61241926496e-14,0.395514943749,0.289770816122,2.47863947938,4.1361124198,0
current_both,26.325,10.687249369,10.3019943417,2.21487148461e-14,-1.61241926496e-14,0.395514943749,0.289770816122,2.47863947938,4.1361124198,0
current_both,26.35,10.687249369,10.3019943417,2.21570415188e-14,-1.61241926496e-14,0.395514943749,0.289770816122,2.47863947938,4.1361124198,0
current_both,26.375,10.687249369,10.3019943417,2.21542659612e-14,-1.61241926496e-14,0.395514943749,0.289770816122,2.47863947938,4.1361124198,0
current_both,26.4,10.687249369,10.3019943417,2.21514904036e-14,-1.61241926496e-14,0.395514943749,0.289770816122,2.47863947938,4.1361124198,0
current_both,26.425,10.687249369,10.3019943417,2.21487148461e-14,-1.61241926496e-14,0.395514943749,0.289770816122,2.47863947938,4.1361124198,0
current_both,26.45,10.687249369,10.3019943417,2.21570415188e-14,-1.61241926496e-14,0.395514943749,0.289770816122,2.47863947938,4.1361124198,0
current_both,26.475,10.687249369,10.3019943417,2.21542659612e-14,-1.61241926496e-14,0.395514943749,0.289770816122,2.47863947938,4.1361124198,0
current_both,26.5,10.687249369,10.3019943417,2.21514904036e-14,-1.61241926496e-14,0.395514943749,0.289770816122,2.47863947938,4.1361124198,0
current_both,26.525,10.687249369,10.3019943417,2.21487148461e-14,-1.61241926496e-14,0.395514943749,0.289770816122,2.47863947938,4.1361124198,0
current_both,26.55,10.687249369,10.3019943417,2.21570415188e-14,-1.61241926496e-14,0.395514943749,0.289770816122,2.47863947938,4.1361124198,0
current_both,26.575,10.687249369,10.3019943417,2.21542659612e-14,-1.61241926496e-14,0.395514943749,0.289770816122,2.47863947938,4.1361124198,0
current_both,26.6,10.687249369,10.3019943417,2.21514904036e-14,-1.61241926496e-14,0.395514943749,0.289770816122,2.47863947938,4.1361124198,0
current_both,26.625,10.687249369,10.3019943417,2.21487148461e-14,-1.61241926496e-14,0.395514943749,0.289770816122,2.47863947938,4.1361124198,0
current_both,26.65,10.687249369,10.3019943417,2.21570415188e-14,-1.61241926496e-14,0.395514943749,0.289770816122,2.47863947938,4.1361124198,0
current_both,26.675,10.687249369,10.3019943417,2.21542659612e-14,-1.61241926496e-14,0.395514943749,0.289770816122,2.47863947938,4.1361124198,0
current_both,26.7,10.687249369,10.3019943417,2.21514904036e-14,-1.61241926496e-14,0.395514943749,0.289770816122,2.47863947938,4.1361124198,0
current_both,26.725,10.687249369,10.3019943417,2.21487148461e-14,-1.61241926496e-14,0.395514943749,0.289770816122,2.47863947938,4.1361124198,0
current_both,26.75,10.687249369,10.3019943417,2.21570415188e-14,-1.61241926496e-14,0.395514943749,0.289770816122,2.47863947938,4.1361124198,0
current_both,26.775,10.687249369,10.3019943417,2.21542659612e-14,-1.61241926496e-14,0.395514943749,0.289770816122,2.47863947938,4.1361124198,0
current_both,26.8,10.687249369,10.3019943417,2.21514904036e-14,-1.61241926496e-14,0.395514943749,0.289770816122,2.47863947938,4.1361124198,0
current_both,26.825,10.687249369,10.3019943417,2.21487148461e-14,-1.61241926496e-14,0.395514943749,0.289770816122,2.47863947938,4.1361124198,0
current_both,26.85,10.687249369,10.3019943417,2.21570415188e-14,-1.61241926496e-14,0.395514943749,0.289770816122,2.47863947938,4.1361124198,0
current_both,26.875,10.687249369,10.3019943417,2.21542659612e-14,-1.61241926496e-14,0.395514943749,0.289770816122,2.47863947938,4.1361124198,0
current_both,26.9,10.687249369,10.3019943417,2.21514904036e-14,-1.61241926496e-14,0.395514943749,0.289770816122,2.47863947938,4.1361124198,0
current_both,26.925,10.687249369,10.3019943417,2.21487148461e-14,-1.61241926496e-14,0.395514943749,0.289770816122,2.47863947938,4.1361124198,0
current_both,26.95,10.687249369,10.3019943417,2.21570415188e-14,-1.61241926496e-14,0.395514943749,0.289770816122,2.47863947938,4.1361124198,0
current_both,26.975,10.687249369,10.3019943417,2.21542659612e-14,-1.61241926496e-14,0.395514943749,0.289770816122,2.47863947938,4.1361124198,0
current_both,27,10.687249369,10.3019943417,2.21514904036e-14,-1.61241926496e-14,0.395514943749,0.289770816122,2.47863947938,4.1361124198,0
current_both,27.025,10.687249369,10.3019943417,2.21487148461e-14,-1.61241926496e-14,0.395514943749,0.289770816122,2.47863947938,4.1361124198,0
current_both,27.05,10.687249369,10.3019943417,2.21570415188e-14,-1.61241926496e-14,0.395514943749,0.289770816122,2.47863947938,4.1361124198,0
current_both,27.075,10.687249369,10.3019943417,2.21542659612e-14,-1.61241926496e-14,0.395514943749,0.289770816122,2.47863947938,4.1361124198,0
current_both,27.1,10.687249369,10.3019943417,2.21514904036e-14,-1.61241926496e-14,0.395514943749,0.289770816122,2.47863947938,4.1361124198,0
current_both,27.125,10.687249369,10.3019943417,2.21487148461e-14,-1.61241926496e-14,0.395514943749,0.289770816122,2.47863947938,4.1361124198,0
current_both,27.15,10.687249369,10.3019943417,2.21570415188e-14,-1.61241926496e-14,0.395514943749,0.289770816122,2.47863947938,4.1361124198,0
current_both,27.175,10.687249369,10.3019943417,2.21542659612e-14,-1.61241926496e-14,0.395514943749,0.289770816122,2.47863947938,4.1361124198,0
current_both,27.2,10.687249369,10.3019943417,2.21514904036e-14,-1.61241926496e-14,0.395514943749,0.289770816122,2.47863947938,4.1361124198,0
current_both,27.225,10.687249369,10.3019943417,2.21487148461e-14,-1.61241926496e-14,0.395514943749,0.289770816122,2.47863947938,4.1361124198,0
current_both,27.25,10.687249369,10.3019943417,2.21570415188e-14,-1.61241926496e-14,0.395514943749,0.289770816122,2.47863947938,4.1361124198,0
current_both,27.275,10.687249369,10.3019943417,2.21542659612e-14,-1.61241926496e-14,0.395514943749,0.289770816122,2.47863947938,4.1361124198,0
current_both,27.3,10.687249369,10.3019943417,2.21514904036e-14,-1.61241926496e-14,0.395514943749,0.289770816122,2.47863947938,4.1361124198,0
current_both,27.325,10.687249369,10.3019943417,2.21487148461e-14,-1.61241926496e-14,0.395514943749,0.289770816122,2.47863947938,4.1361124198,0
current_both,27.35,10.687249369,10.3019943417,2.21570415188e-14,-1.61241926496e-14,0.395514943749,0.289770816122,2.47863947938,4.1361124198,0
current_both,27.375,10.687249369,10.3019943417,2.21542659612e-14,-1.61241926496e-14,0.395514943749,0.289770816122,2.47863947938,4.1361124198,0
current_both,27.4,10.687249369,10.3019943417,2.21514904036e-14,-1.61241926496e-14,0.395514943749,0.289770816122,2.47863947938,4.1361124198,0
current_both,27.425,10.687249369,10.3019943417,2.21487148461e-14,-1.61241926496e-14,0.395514943749,0.289770816122,2.47863947938,4.1361124198,0
current_both,27.45,10.687249369,10.3019943417,2.21570415188e-14,-1.61241926496e-14,0.395514943749,0.289770816122,2.47863947938,4.1361124198,0
current_both,27.475,10.687249369,10.3019943417,2.21542659612e-14,-1.61241926496e-14,0.395514943749,0.289770816122,2.47863947938,4.1361124198,0
current_both,27.5,10.687249369,10.3019943417,2.21514904036e-14,-1.61241926496e-14,0.395514943749,0.289770816122,2.47863947938,4.1361124198,0
current_both,27.525,10.687249369,10.3019943417,2.21487148461e-14,-1.61241926496e-14,0.395514943749,0.289770816122,2.47863947938,4.1361124198,0
current_both,27.55,10.687249369,10.3019943417,2.21570415188e-14,-1.61241926496e-14,0.395514943749,0.289770816122,2.47863947938,4.1361124198,0
current_both,27.575,10.687249369,10.3019943417,2.21542659612e-14,-1.61241926496e-14,0.395514943749,0.289770816122,2.47863947938,4.1361124198,0
current_both,27.6,10.687249369,10.3019943417,2.21514904036e-14,-1.61241926496e-14,0.395514943749,0.289770816122,2.47863947938,4.1361124198,0
current_both,27.625,10.687249369,10.3019943417,2.21487148461e-14,-1.61241926496e-14,0.395514943749,0.289770816122,2.47863947938,4.1361124198,0
current_both,27.65,10.687249369,10.3019943417,2.21570415188e-14,-1.61241926496e-14,0.395514943749,0.289770816122,2.47863947938,4.1361124198,0
current_both,27.675,10.687249369,10.3019943417,2.21542659612e-14,-1.61241926496e-14,0.395514943749,0.289770816122,2.47863947938,4.1361124198,0
current_both,27.7,10.687249369,10.3019943417,2.21514904036e-14,-1.61241926496e-14,0.395514943749,0.289770816122,2.47863947938,4.1361124198,0
current_both,27.725,10.687249369,10.3019943417,2.21487148461e-14,-1.61241926496e-14,0.395514943749,0.289770816122,2.47863947938,4.1361124198,0
current_both,27.75,10.687249369,10.3019943417,2.21570415188e-14,-1.61241926496e-14,0.395514943749,0.289770816122,2.47863947938,4.1361124198,0
current_both,27.775,10.687249369,10.3019943417,2.21542659612e-14,-1.61241926496e-14,0.395514943749,0.289770816122,2.47863947938,4.1361124198,0
current_both,27.8,10.687249369,10.3019943417,2.21514904036e-14,-1.61241926496e-14,0.395514943749,0.289770816122,2.47863947938,4.1361124198,0
current_both,27.825,10.687249369,10.3019943417,2.21487148461e-14,-1.61241926496e-14,0.395514943749,0.289770816122,2.47863947938,4.1361124198,0
current_both,27.85,10.687249369,10.3019943417,2.21570415188e-14,-1.61241926496e-14,0.395514943749,0.289770816122,2.47863947938,4.1361124198,0
current_both,27.875,10.687249369,10.3019943417,2.21542659612e-14,-1.61241926496e-14,0.395514943749,0.289770816122,2.47863947938,4.1361124198,0
current_both,27.9,10.687249369,10.3019943417,2.21514904036e-14,-1.61241926496e-14,0.395514943749,0.289770816122,2.47863947938,4.1361124198,0
current_both,27.925,10.687249369,10.3019943417,2.21487148461e-14,-1.61241926496e-14,0.395514943749,0.289770816122,2.47863947938,4.1361124198,0
current_both,27.95,10.687249369,10.3019943417,2.21570415188e-14,-1.61241926496e-14,0.395514943749,0.289770816122,2.47863947938,4.1361124198,0
current_both,27.975,10.687249369,10.3019943417,2.21542659612e-14,-1.61241926496e-14,0.395514943749,0.289770816122,2.47863947938,4.1361124198,0
current_both,28,10.687249369,10.3019943417,2.21514904036e-14,-1.61241926496e-14,0.395514943749,0.289770816122,2.47863947938,4.1361124198,0
current_both,28.025,10.687249369,10.3019943417,2.21487148461e-14,-1.61241926496e-14,0.395514943749,0.289770816122,2.47863947938,4.1361124198,0
current_both,28.05,10.687249369,10.3019943417,2.21570415188e-14,-1.61241926496e-14,0.395514943749,0.289770816122,2.47863947938,4.1361124198,0
current_both,28.075,10.687249369,10.3019943417,2.21542659612e-14,-1.61241926496e-14,0.395514943749,0.289770816122,2.47863947938,4.1361124198,0
current_both,28.1,10.687249369,10.3019943417,2.21514904036e-14,-1.61241926496e-14,0.395514943749,0.289770816122,2.47863947938,4.1361124198,0
current_both,28.125,10.687249369,10.3019943417,2.21487148461e-14,-1.61241926496e-14,0.395514943749,0.289770816122,2.47863947938,4.1361124198,0
current_both,28.15,10.687249369,10.3019943417,2.21570415188e-14,-1.61241926496e-14,0.395514943749,0.289770816122,2.47863947938,4.1361124198,0
current_both,28.175,10.687249369,10.3019943417,2.21542659612e-14,-1.61241926496e-14,0.395514943749,0.289770816122,2.47863947938,4.1361124198,0
current_both,28.2,10.687249369,10.3019943417,2.21514904036e-14,-1.61241926496e-14,0.395514943749,0.289770816122,2.47863947938,4.1361124198,0
current_both,28.225,10.687249369,10.3019943417,2.21487148461e-14,-1.61241926496e-14,0.395514943749,0.289770816122,2.47863947938,4.1361124198,0
current_both,28.25,10.687249369,10.3019943417,2.21570415188e-14,-1.61241926496e-14,0.395514943749,0.289770816122,2.47863947938,4.1361124198,0
current_both,28.275,10.687249369,10.3019943417,2.21542659612e-14,-1.61241926496e-14,0.395514943749,0.289770816122,2.47863947938,4.1361124198,0
current_both,28.3,10.687249369,10.3019943417,2.21514904036e-14,-1.61241926496e-14,0.395514943749,0.289770816122,2.47863947938,4.1361124198,0
current_both,28.325,10.687249369,10.3019943417,2.21487148461e-14,-1.61241926496e-14,0.395514943749,0.289770816122,2.47863947938,4.1361124198,0
current_both,28.35,10.687249369,10.3019943417,2.21570415188e-14,-1.61241926496e-14,0.395514943749,0.289770816122,2.47863947938,4.1361124198,0
current_both,28.375,10.687249369,10.3019943417,2.21542659612e-14,-1.61241926496e-14,0.395514943749,0.289770816122,2.47863947938,4.1361124198,0
current_both,28.4,10.687249369,10.3019943417,2.21514904036e-14,-1.61241926496e-14,0.395514943749,0.289770816122,2.47863947938,4.1361124198,0
current_both,28.425,10.687249369,10.3019943417,2.21487148461e-14,-1.61241926496e-14,0.395514943749,0.289770816122,2.47863947938,4.1361124198,0
current_both,28.45,10.687249369,10.3019943417,2.21570415188e-14,-1.61241926496e-14,0.395514943749,0.289770816122,2.47863947938,4.1361124198,0
current_both,28.475,10.687249369,10.3019943417,2.21542659612e-14,-1.61241926496e-14,0.395514943749,0.289770816122,2.47863947938,4.1361124198,0
current_both,28.5,10.687249369,10.3019943417,2.21514904036e-14,-1.61241926496e-14,0.395514943749,0.289770816122,2.47863947938,4.1361124198,0
current_both,28.525,10.687249369,10.3019943417,2.21487148461e-14,-1.61241926496e-14,0.395514943749,0.289770816122,2.47863947938,4.1361124198,0
current_both,28.55,10.687249369,10.3019943417,2.21570415188e-14,-1.61241926496e-14,0.395514943749,0.289770816122,2.47863947938,4.1361124198,0
current_both,28.575,10.687249369,10.3019943417,2.21542659612e-14,-1.61241926496e-14,0.395514943749,0.289770816122,2.47863947938,4.1361124198,0
current_both,28.6,10.687249369,10.3019943417,2.21514904036e-14,-1.61241926496e-14,0.395514943749,0.289770816122,2.47863947938,4.1361124198,0
current_both,28.625,10.687249369,10.3019943417,2.21487148461e-14,-1.61241926496e-14,0.395514943749,0.289770816122,2.47863947938,4.1361124198,0
current_both,28.65,10.687249369,10.3019943417,2.21570415188e-14,-1.61241926496e-14,0.395514943749,0.289770816122,2.47863947938,4.1361124198,0
current_both,28.675,10.687249369,10.3019943417,2.21542659612e-14,-1.61241926496e-14,0.395514943749,0.289770816122,2.47863947938,4.1361124198,0
current_both,28.7,10.687249369,10.3019943417,2.21514904036e-14,-1.61241926496e-14,0.395514943749,0.289770816122,2.47863947938,4.1361124198,0
current_both,28.725,10.687249369,10.3019943417,2.21487148461e-14,-1.61241926496e-14,0.395514943749,0.289770816122,2.47863947938,4.1361124198,0
current_both,28.75,10.687249369,10.3019943417,2.21570415188e-14,-1.61241926496e-14,0.395514943749,0.289770816122,2.47863947938,4.1361124198,0
current_both,28.775,10.687249369,10.3019943417,2.21542659612e-14,-1.61241926496e-14,0.395514943749,0.289770816122,2.47863947938,4.1361124198,0
current_both,28.8,10.687249369,10.3019943417,2.21514904036e-14,-1.61241926496e-14,0.395514943749,0.289770816122,2.47863947938,4.1361124198,0
current_both,28.825,10.687249369,10.3019943417,2.21487148461e-14,-1.61241926496e-14,0.395514943749,0.289770816122,2.47863947938,4.1361124198,0
current_both,28.85,10.687249369,10.3019943417,2.21570415188e-14,-1.61241926496e-14,0.395514943749,0.289770816122,2.47863947938,4.1361124198,0
current_both,28.875,10.687249369,10.3019943417,2.21542659612e-14,-1.61241926496e-14,0.395514943749,0.289770816122,2.47863947938,4.1361124198,0
current_both,28.9,10.687249369,10.3019943417,2.21514904036e-14,-1.61241926496e-14,0.395514943749,0.289770816122,2.47863947938,4.1361124198,0
current_both,28.925,10.687249369,10.3019943417,2.21487148461e-14,-1.61241926496e-14,0.395514943749,0.289770816122,2.47863947938,4.1361124198,0
current_both,28.95,10.687249369,10.3019943417,2.21570415188e-14,-1.61241926496e-14,0.395514943749,0.289770816122,2.47863947938,4.1361124198,0
current_both,28.975,10.687249369,10.3019943417,2.21542659612e-14,-1.61241926496e-14,0.395514943749,0.289770816122,2.47863947938,4.1361124198,0
current_both,29,10.687249369,10.3019943417,2.21514904036e-14,-1.61241926496e-14,0.395514943749,0.289770816122,2.47863947938,4.1361124198,0
current_both,29.025,10.687249369,10.3019943417,2.21487148461e-14,-1.61241926496e-14,0.395514943749,0.289770816122,2.47863947938,4.1361124198,0
current_both,29.05,10.687249369,10.3019943417,2.21570415188e-14,-1.61241926496e-14,0.395514943749,0.289770816122,2.47863947938,4.1361124198,0
current_both,29.075,10.687249369,10.3019943417,2.21542659612e-14,-1.61241926496e-14,0.395514943749,0.289770816122,2.47863947938,4.1361124198,0
current_both,29.1,10.687249369,10.3019943417,2.21514904036e-14,-1.61241926496e-14,0.395514943749,0.289770816122,2.47863947938,4.1361124198,0
current_both,29.125,10.687249369,10.3019943417,2.21487148461e-14,-1.61241926496e-14,0.395514943749,0.289770816122,2.47863947938,4.1361124198,0
current_both,29.15,10.687249369,10.3019943417,2.21570415188e-14,-1.61241926496e-14,0.395514943749,0.289770816122,2.47863947938,4.1361124198,0
current_both,29.175,10.687249369,10.3019943417,2.21542659612e-14,-1.61241926496e-14,0.395514943749,0.289770816122,2.47863947938,4.1361124198,0
current_both,29.2,10.687249369,10.3019943417,2.21514904036e-14,-1.61241926496e-14,0.395514943749,0.289770816122,2.47863947938,4.1361124198,0
current_both,29.225,10.687249369,10.3019943417,2.21487148461e-14,-1.61241926496e-14,0.395514943749,0.289770816122,2.47863947938,4.1361124198,0
current_both,29.25,10.687249369,10.3019943417,2.21570415188e-14,-1.61241926496e-14,0.395514943749,0.289770816122,2.47863947938,4.1361124198,0
current_both,29.275,10.687249369,10.3019943417,2.21542659612e-14,-1.61241926496e-14,0.395514943749,0.289770816122,2.47863947938,4.1361124198,0
current_both,29.3,10.687249369,10.3019943417,2.21514904036e-14,-1.61241926496e-14,0.395514943749,0.289770816122,2.47863947938,4.1361124198,0
current_both,29.325,10.687249369,10.3019943417,2.21487148461e-14,-1.61241926496e-14,0.395514943749,0.289770816122,2.47863947938,4.1361124198,0
current_both,29.35,10.687249369,10.3019943417,2.21570415188e-14,-1.61241926496e-14,0.395514943749,0.289770816122,2.47863947938,4.1361124198,0
current_both,29.375,10.687249369,10.3019943417,2.21542659612e-14,-1.61241926496e-14,0.395514943749,0.289770816122,2.47863947938,4.1361124198,0
current_both,29.4,10.687249369,10.3019943417,2.21514904036e-14,-1.61241926496e-14,0.395514943749,0.289770816122,2.47863947938,4.1361124198,0
current_both,29.425,10.687249369,10.3019943417,2.21487148461e-14,-1.61241926496e-14,0.395514943749,0.289770816122,2.47863947938,4.1361124198,0
current_both,29.45,10.687249369,10.3019943417,2.21570415188e-14,-1.61241926496e-14,0.395514943749,0.289770816122,2.47863947938,4.1361124198,0
current_both,29.475,10.687249369,10.3019943417,2.21542659612e-14,-1.61241926496e-14,0.395514943749,0.289770816122,2.47863947938,4.1361124198,0
current_both,29.5,10.687249369,10.3019943417,2.21514904036e-14,-1.61241926496e-14,0.395514943749,0.289770816122,2.47863947938,4.1361124198,0
current_both,29.525,10.687249369,10.3019943417,2.21487148461e-14,-1.61241926496e-14,0.395514943749,0.289770816122,2.47863947938,4.1361124198,0
current_both,29.55,10.687249369,10.3019943417,2.21570415188e-14,-1.61241926496e-14,0.395514943749,0.289770816122,2.47863947938,4.1361124198,0
current_both,29.575,10.687249369,10.3019943417,2.21542659612e-14,-1.61241926496e-14,0.395514943749,0.289770816122,2.47863947938,4.1361124198,0
current_both,29.6,10.687249369,10.3019943417,2.21514904036e-14,-1.61241926496e-14,0.395514943749,0.289770816122,2.47863947938,4.1361124198,0
current_both,29.625,10.687249369,10.3019943417,2.21487148461e-14,-1.61241926496e-14,0.395514943749,0.289770816122,2.47863947938,4.1361124198,0
current_both,29.65,10.687249369,10.3019943417,2.21570415188e-14,-1.61241926496e-14,0.395514943749,0.289770816122,2.47863947938,4.1361124198,0
current_both,29.675,10.687249369,10.3019943417,2.21542659612e-14,-1.61241926496e-14,0.395514943749,0.289770816122,2.47863947938,4.1361124198,0
current_both,29.7,10.687249369,10.3019943417,2.21514904036e-14,-1.61241926496e-14,0.395514943749,0.289770816122,2.47863947938,4.1361124198,0
current_both,29.725,10.687249369,10.3019943417,2.21487148461e-14,-1.61241926496e-14,0.395514943749,0.289770816122,2.47863947938,4.1361124198,0
current_both,29.75,10.687249369,10.3019943417,2.21570415188e-14,-1.61241926496e-14,0.395514943749,0.289770816122,2.47863947938,4.1361124198,0
current_both,29.775,10.687249369,10.3019943417,2.21542659612e-14,-1.61241926496e-14,0.395514943749,0.289770816122,2.47863947938,4.1361124198,0
current_both,29.8,10.687249369,10.3019943417,2.21514904036e-14,-1.61241926496e-14,0.395514943749,0.289770816122,2.47863947938,4.1361124198,0
current_both,29.825,10.687249369,10.3019943417,2.21487148461e-14,-1.61241926496e-14,0.395514943749,0.289770816122,2.47863947938,4.1361124198,0
current_both,29.85,10.687249369,10.3019943417,2.21570415188e-14,-1.61241926496e-14,0.395514943749,0.289770816122,2.47863947938,4.1361124198,0
current_both,29.875,10.687249369,10.3019943417,2.21542659612e-14,-1.61241926496e-14,0.395514943749,0.289770816122,2.47863947938,4.1361124198,0
current_both,29.9,10.687249369,10.3019943417,2.21514904036e-14,-1.61241926496e-14,0.395514943749,0.289770816122,2.47863947938,4.1361124198,0
current_both,29.925,10.687249369,10.3019943417,2.21487148461e-14,-1.61241926496e-14,0.395514943749,0.289770816122,2.47863947938,4.1361124198,0
current_both,29.95,10.687249369,10.3019943417,2.21570415188e-14,-1.61241926496e-14,0.395514943749,0.289770816122,2.47863947938,4.1361124198,0
current_both,29.975,10.687249369,10.3019943417,2.21542659612e-14,-1.61241926496e-14,0.395514943749,0.289770816122,2.47863947938,4.1361124198,0
current_both,30,10.687249369,10.3019943417,2.21514904036e-14,-1.61241926496e-14,0.395514943749,0.289770816122,0,0,0
current_none,0,10,10,0,0,0.530624847487,1.038854382,0,0,0
current_none,0.025,10.001875,10,0.075,2.67218191735e-22,0.529161254739,1.03717752773,0,0,0
current_none,0.05,10.005625,10,0.15,5.3443638347e-22,0.526237297929,1.0338250028,0,0,0
current_none,0.075,10.01125,10,0.225,8.01654575205e-22,0.521859490077,1.02879919117,0,0,0
current_none,0.1,10.01875,10,0.3,1.06887276694e-21,0.516037741341,1.02210371099,0,0,0
current_none,0.125,10.028,10,0.37,1.31827641256e-21,0.50888204372,1.01385486931,0,0,0
current_none,0.15,10.038825,10,0.433,1.54273969362e-21,0.500542834382,1.00421417752,0,0,0
current_none,0.175,10.0510675,10,0.4897,1.74475664657e-21,0.491157882607,0.99332782045,0,0,0
current_none,0.2,10.06458575,10,0.54073,1.92657190422e-21,0.480853289025,0.981328079569,0,0,0
current_none,0.225,10.079252175,10,0.586657,2.09020563612e-21,0.469744463911,0.968334643555,0,0,0
current_none,0.25,10.0949519575,10,0.6279913,2.23747599482e-21,0.45793706758,0.954455810584,0,0,0
current_none,0.275,10.1115817618,10,0.66519217,2.37001931765e-21,0.445527902667,0.939789588072,0,0,0
current_none,0.3,10.1290485856,10,0.698672953,2.4893083082e-21,0.432605752687,0.924424696306,0,0,0
current_none,0.325,10.147268727,10,0.7288056577,2.59666839969e-21,0.419252164386,0.908441482688,0,0,0
current_none,0.35,10.1661668543,10,0.75592509193,2.69329248203e-21,0.405542173545,0.891912753365,0,0,0
current_none,0.375,10.1856751689,10,0.780332582737,2.78025415614e-21,0.391544975273,0.87490452886,0,0,0
current_none,0.4,10.205732652,10,0.802299324463,2.85851966284e-21,0.377324540718,0.857476730068,0,0,0
current_none,0.425,10.2262843868,10,0.822069392017,2.92895861887e-21,0.362940182631,0.839683800622,0,0,0
current_none,0.45,10.2472809481,10,0.839862452815,2.9923536793e-21,0.348447072493,0.821575271289,0,0,0
current_none,0.475,10.2686778533,10,0.855876207534,3.04940923368e-21,0.333896711983,0.803196271654,0,0,0
current_none,0.5,10.290435068,10,0.87028858678,3.10075923263e-21,0.319337361528,0.784587993955,0,0,0
current_none,0.525,10.3125165612,10,0.883259728102,3.14697423168e-21,0.30481442854,0.765788113571,0,0,0
current_none,0.55,10.3348899051,10,0.894933755292,3.18856773082e-21,0.290370817734,0.74683117028,0,0,0
current_none,0.575,10.3575259146,10,0.905440379763,3.22600188005e-21,0.27604724573,0.72774891406,0,0,0
current_none,0.6,10.3803983231,10,0.914896341787,3.25969261436e-21,0.261882521847,0.708570618894,0,0,0
current_none,0.625,10.4034834908,10,0.923406707608,3.29001427524e-21,0.247913796759,0.689323367703,0,0,0
current_none,0.65,10.4267601417,10,0.931066036847,3.31730377003e-21,0.234176780428,0.670032311281,0,0,0
current_none,0.675,10.4502091275,10,0.937959433162,3.34186431534e-21,0.220705930466,0.650720903819,0,0,0
current_none,0.7,10.4738132148,10,0.944163489846,3.36396880612e-21,0.207534611873,0.63141111737,0,0,0
current_none,0.725,10.4975568933,10,0.949747140862,3.38386284782e-21,0.194695228878,0.612123637375,0,0,0
current_none,0.75,10.521426204,10,0.954772426775,3.40176748535e-21,0.182219329472,0.592878041175,0,0,0
current_none,0.775,10.5454085836,10,0.959295184098,3.41788165913e-21,0.170137683113,0.573692961223,0,0,0
current_none,0.8,10.5694927252,10,0.963365665688,3.43238441553e-21,0.158480332004,0.554586234549,0,0,0
current_none,0.825,10.5936684527,10,0.967029099119,3.44543689629e-21,0.147276616397,0.535575039854,0,0,0
current_none,0.85,10.6179266074,10,0.970326189207,3.45718412897e-21,0.136555174431,0.516676023456,0,0,0
current_none,0.875,10.6422589467,10,0.973293570287,3.46775663839e-21,0.126343917207,0.497905415167,0,0,0
current_none,0.9,10.666658052,10,0.975964213258,3.47727189686e-21,0.11666998003,0.479279135048,0,0,0
current_none,0.925,10.6911172468,10,0.978367791932,3.48583562949e-21,0.107559651112,0.460812891836,0,0,0
current_none,0.95,10.7156305221,10,0.980531012739,3.49354298886e-21,0.0990382794326,0.442522273746,0,0,0
current_none,0.975,10.7401924699,10,0.982477911465,3.50047961228e-21,0.0911301639378,0.424422832195,0,0,0
current_none,1,10.7647982229,10,0.984230120319,3.50672257337e-21,0.0838584267954,0.406530158891,0,0,0
current_none,1.025,10.7894434006,10,0.985807108287,3.51234123834e-21,0.0772448739859,0.388859956612,0,0,0
current_none,1.05,10.8141240606,10,0.987226397458,3.51739803682e-21,0.0713098470482,0.37142810388,0,0,0
current_none,1.075,10.8388366545,10,0.988503757712,3.52194915545e-21,0.0660720703026,0.354250713611,0,0,0
current_none,1.1,10.8635779891,10,0.989653381941,3.52604516222e-21,0.0615484982846,0.337344185708,0,0,0
current_none,1.125,10.8883451902,10,0.990688043747,3.52973156831e-21,0.057754168396,0.320725253449,0,0,0
current_none,1.15,10.9131356711,10,0.991619239372,3.5330493338e-21,0.0547020638895,0.304411023396,0,0,0
current_none,1.175,10.937947104,10,0.992457315435,3.53603532273e-21,0.0524029922044,0.288419008429,0,0,0
current_none,1.2,10.9627773936,10,0.993211583891,3.53872271277e-21,0.0508654833525,0.272767153401,0,0,0
current_none,1.225,10.9876246543,10,0.993890425502,3.54114136381e-21,0.0500957125133,0.257473852796,0,0,0
current_none,1.25,11.0124871888,10,0.994501382952,3.54331814974e-21,0.0500974502428,0.242557959659,0,0,0
current_none,1.275,11.03736347,10,0.995051244657,3.54527725708e-21,0.0508720427677,0.22803878499,0,0,0
current_none,1.3,11.062252123,10,0.995546120191,3.54704045368e-21,0.0524184237744,0.213936086711,0,0,0
current_none,1.325,11.0871519107,10,0.995991508172,3.54862733063e-21,0.0547331579672,0.20027004727,0,0,0
current_none,1.35,11.1120617196,10,0.996392357355,3.55005551988e-21,0.0578105155286,0.187061238919,0,0,0
current_none,1.375,11.1369805476,10,0.996753121619,3.5513408902e-21,0.0616425755408,0.174330575751,0,0,0
current_none,1.4,11.1619074929,10,0.997077809457,3.5524977235e-21,0.0662193554726,0.162099251618,0,0,0
current_none,1.425,11.1868417436,10,0.997370028512,3.55353887346e-21,0.0715289630596,0.150388663214,0,0,0
current_none,1.45,11.2117825692,10,0.997633025661,3.55447590843e-21,0.0775577663391,0.139220317782,0,0,0
current_none,1.475,11.2367293123,10,0.997869723094,3.5553192399e-21,0.0842905772594,0.128615725183,0,0,0
current_none,1.5,11.2616813811,10,0.998082750785,3.55607823822e-21,0.0917108441742,0.118596274406,0,0,0
current_none,1.525,11.286638243,10,0.998274475707,3.55676133671e-21,0.099800848629,0.109183095022,0,0,0
current_none,1.55,11.3115994187,10,0.998447028136,3.55737612535e-21,0.108541902131,0.100396904576,0,0,0
current_none,1.575,11.3365644768,10,0.998602325322,3.55792943513e-21,0.117914539022,0.0922578434674,0,0,0
current_none,1.6,11.3615330291,10,0.99874209279,3.55842741393e-21,0.127898702099,0.0847852994631,0,0,0
current_none,1.625,11.3865047262,10,0.998867883511,3.55887559485e-21,0.138473918234,0.0779977245927,0,0,0
current_none,1.65,11.4114792536,10,0.99898109516,3.55927895768e-21,0.149619461847,0.0719124477871,0,0,0
current_none,1.675,11.4364563282,10,0.999082985644,3.55964198423e-21,0.161314504687,0.0665454871445,0,0,0
current_none,1.7,11.4614356954,10,0.99917468708,3.55996870812e-21,0.173538250965,0.0619113661646,0,0,0
current_none,1.725,11.4864171259,10,0.999257218372,3.56026275962e-21,0.186270057375,0.0580229385955,0,0,0
current_none,1.75,11.5114004133,10,0.999331496534,3.56052740597e-21,0.199489537964,0.0548912266679,0,0,0
current_none,1.775,11.536385372,10,0.999398346881,3.56076558769e-21,0.213176654225,0.0525252774223,0,0,0
current_none,1.8,11.5613718348,10,0.999458512193,3.56097995123e-21,0.227311791016,0.0509320415304,0,0,0
current_none,1.825,11.5863596513,10,0.999512660974,3.56117287842e-21,0.241875819168,0.0501162784953,0,0,0
current_none,1.85,11.6113486862,10,0.999561394876,3.56134651289e-21,0.256850145782,0.0500804913741,0,0,0
current_none,1.875,11.6363388175,10,0.999605255389,3.56150278392e-21,0.272216753289,0.050824893257,0,0,0
current_none,1.9,11.6613299358,10,0.99964472985,3.56164342784e-21,0.287958228429,0.0523474066907,0,0,0
current_none,1.925,11.6863219422,10,0.999680256865,3.56177000737e-21,0.304057782265,0.0546436961203,0,0,0
current_none,1.95,11.711314748,10,0.999712231178,3.56188392894e-21,0.320499262354,0.0577072323057,0,0,0
current_none,1.975,11.7363082732,10,0.99974100806,3.56198645836e-21,0.337267158137,0.0615293866146,0,0,0
current_none,2,11.7613024459,10,0.999766907254,3.56207873484e-21,0.354346600522,0.0660995521644,0,0,0
current_none,2.025,11.7862972013,10,0.999790216529,3.56216178367e-21,0.3717233566,0.0714052880309,0,0,0
current_none,2.05,11.8112924812,10,0.999811194876,3.56223652762e-21,0.389383820306,0.0774324821952,0,0,0
current_none,2.075,11.836288233,10,0.999830075388,3.56230379717e-21,0.407314999781,0.0841655285805,0,0,0
current_none,2.1,11.8612844097,10,0.99984706785,3.56236433976e-21,0.425504502097,0.0915875134352,0,0,0
current_none,2.125,11.8862809688,10,0.999862361065,3.5624188281e-21,0.443940515933,0.099680406432,0,0,0
current_none,2.15,11.9112778719,10,0.999876124958,3.5624678676e-21,0.462611792696,0.108425252148,0,0,0
current_none,2.175,11.9362750847,10,0.999888512462,3.56251200316e-21,0.481507626538,0.117802358021,0,0,0
current_none,2.2,11.9612725762,10,0.999899661216,3.56255172515e-21,0.500617833635,0.127791475428,0,0,0
current_none,2.225,11.9862703186,10,0.999909695095,3.56258747495e-21,0.519932731037,0.138371971099,0,0,0
current_none,2.25,12.0112682867,10,0.999918725585,3.56261964977e-21,0.539443115369,0.149522986744,0,0,0
current_none,2.275,12.0362664581,10,0.999926853027,3.56264860711e-21,0.559140241578,0.161223585316,0,0,0
current_none,2.3,12.0612648123,10,0.999934167724,3.56267466871e-21,0.579015801917,0.173452882951,0,0,0
current_none,2.325,12.086263331,10,0.999940750952,3.56269812415e-21,0.599061905308,0.186190166104,0,0,0
current_none,2.35,12.1112619979,10,0.999946675856,3.56271923405e-21,0.619271057186,0.199414993841,0,0,0
current_none,2.375,12.1362607981,10,0.999952008271,3.56273823296e-21,0.639636139926,0.213107285623,0,0,0
current_none,2.4,12.1612597183,10,0.999956807444,3.56275533198e-21,0.660150393896,0.227247395195,0,0,0
current_none,2.425,12.1862587465,10,0.999961126699,3.56277072109e-21,0.680807399209,0.241816171394,0,0,0
current_none,2.45,12.2112578718,10,0.999965014029,3.5627845713e-21,0.701601058178,0.256795006886,0,0,0
current_none,2.475,12.2362570847,10,0.999968512626,3.56279703648e-21,0.722525578511,0.272165875863,0,0,0
current_none,2.5,12.2612563762,10,0.999971661364,3.56280825514e-21,0.743575457246,0.287911361849,0,0,0
current_none,2.525,12.2862557386,10,0.999974495227,3.56281835194e-21,0.764745465421,0.304014676713,0,0,0
current_none,2.55,12.3112551647,10,0.999977045705,3.56282743906e-21,0.786030633482,0.32045967198,0,0,0
current_none,2.575,12.3362546482,10,0.999979341134,3.56283561747e-21,0.807426237404,0.337230843502,0,0,0
current_none,2.6,12.3612541834,10,0.999981407021,3.56284297804e-21,0.828927785518,0.354313330434,0,0,0
current_none,2.625,12.3862537651,10,0.999983266319,3.56284960255e-21,0.850531006008,0.371692909445,0,0,0
current_none,2.65,12.4112533886,10,0.999984939687,3.5628555646e-21,0.872231835081,0.389355984961,0,0,0
current_none,2.675,12.4362530497,10,0.999986445718,3.56286093046e-21,0.894026405752,0.407289576189,0,0,0
current_none,2.7,12.4612527447,10,0.999987801146,3.56286575972e-21,0.915911037245,0.425481301564,0,0,0
current_none,2.725,12.4862524703,10,0.999989021032,3.56287010607e-21,0.937882224972,0.443919361203,0,0,0
current_none,2.75,12.5112522232,10,0.999990118929,3.56287401777e-21,0.959936631063,0.462592517857,0,0,0
current_none,2.775,12.5362520009,10,0.999991107036,3.56287753831e-21,0.982071075424,0.481490076785,0,0,0
current_none,2.8,12.5612518008,10,0.999991996332,3.56288070679e-21,1.0042825273,0.500601864939,0,0,0
current_none,2.825,12.5862516207,10,0.999992796699,3.56288355842e-21,1.02656809729,0.519918209735,0,0,0
current_none,2.85,12.6112514587,10,0.999993517029,3.5628861249e-21,1.04892502986,0.5394299177,0,0,0
current_none,2.875,12.6362513128,10,0.999994165326,3.56288843472e-21,1.07135069623,0.559128253183,0,0,0
current_none,2.9,12.6612511815,10,0.999994748793,3.56289051356e-21,1.09384258767,0.579004917328,0,0,0
current_none,2.925,12.6862510634,10,0.999995273914,3.56289238452e-21,1.11639830923,0.599052027414,0,0,0
current_none,2.95,12.711250957,10,0.999995746523,3.56289406838e-21,1.13901557377,0.619262096717,0,0,0
current_none,2.975,12.7362508613,10,0.99999617187,3.56289558385e-21,1.16169219632,0.639628014927,0,0,0
current_none,3,12.7612507752,10,0.999996554683,3.56289694778e-21,1.18442608883,0.660143029233,0,0,0
current_none,3.025,12.7862506977,10,0.999996899215,3.56289817532e-21,1.20721525514,0.680800726076,0,0,0
current_none,3.05,12.8112506279,10,0.999997209294,3.5628992801e-21,1.2300577863,0.701595013635,0,0,0
current_none,3.075,12.8362505651,10,0.999997488364,3.5629002744e-21,1.25295185611,0.722520105043,0,0,0
current_none,3.1,12.8612505086,10,0.999997739528,3.56290116928e-21,1.27589571691,0.74357050234,0,0,0
current_none,3.125,12.8862504577,10,0.999997965575,3.56290197466e-21,1.29888769564,0.764740981175,0,0,0
current_none,3.15,12.911250412,10,0.999998169018,3.56290269951e-21,1.32192619011,0.786026576233,0,0,0
current_none,3.175,12.9362503708,10,0.999998352116,3.56290335187e-21,1.34500966545,0.807422567383,0,0,0
current_none,3.2,12.9612503337,10,0.999998516904,3.562903939e-21,1.36813665079,0.828924466524,0,0,0
current_none,3.225,12.9862503003,10,0.999998665214,3.56290446741e-21,1.39130573612,0.850528005115,0,0,0
current_none,3.25,13.0112502703,10,0.999998798692,3.56290494298e-21,1.4145155693,0.872229122352,0,0,0
current_none,3.275,13.0362502433,10,0.999998918823,3.562905371e-21,1.43776485327,0.894023953986,0,0,0
current_none,3.3,13.0612502189,10,0.999999026941,3.56290575621e-21,1.46105234336,0.915908821739,0,0,0
current_none,3.325,13.086250197,10,0.999999124247,3.5629061029e-21,1.48437684482,0.937880223302,0,0,0
current_none,3.35,13.1112501773,10,0.999999211822,3.56290641493e-21,1.50773721042,0.959934822884,0,0,0
current_none,3.375,13.1362501596,10,0.99999929064,3.56290669575e-21,1.53113233821,0.982069442283,0,0,0
current_none,3.4,13.1612501436,10,0.999999361576,3.56290694849e-21,1.55456116938,1.00428105246,0,0,0
current_none,3.425,13.1862501293,10,0.999999425418,3.56290717595e-21,1.57802268627,1.0265667656,0,0,0
current_none,3.45,13.2112501164,10,0.999999482876,3.56290738067e-21,1.60151591044,1.04892382758,0,0,0
current_none,3.475,13.2362501047,10,0.999999534589,3.56290756492e-21,1.6250399009,1.07134961092,0,0,0
current_none,3.5,13.2612500942,10,0.99999958113,3.56290773074e-21,1.64859375233,1.09384160806,0,0,0
current_none,3.525,13.2862500848,10,0.999999623017,3.56290787998e-21,1.67217659355,1.11639742514,0,0,0
current_none,3.55,13.3112500763,10,0.999999660715,3.56290801429e-21,1.69578758591,1.13901477595,0,0,0
current_none,3.575,13.3362500687,10,0.999999694644,3.56290813518e-21,1.71942592185,1.16169147644,0,0,0
current_none,3.6,13.3612500618,10,0.999999725179,3.56290824397e-21,1.74309082356,1.18442543933,0,0,0
current_none,3.625,13.3862500557,10,0.999999752661,3.56290834189e-21,1.76678154159,1.2072146692,0,0,0
current_none,3.65,13.4112500501,10,0.999999777395,3.56290843001e-21,1.79049735368,1.23005725774,0,0,0
current_none,3.675,13.4362500451,10,0.999999799656,3.56290850932e-21,1.81423756351,1.25295137935,0,0,0
current_none,3.7,13.4612500406,10,0.99999981969,3.56290858071e-21,1.83800149965,1.27589528691,0,0,0
current_none,3.725,13.4862500365,10,0.999999837721,3.56290864495e-21,1.86178851442,1.29888730784,0,0,0
current_none,3.75,13.5112500329,10,0.999999853949,3.56290870277e-21,1.88559798292,1.3219258404,0,0,0
current_none,3.775,13.5362500296,10,0.999999868554,3.5629087548e-21,1.90942930203,1.34500935011,0,0,0
current_none,3.8,13.5612500266,10,0.999999881699,3.56290880164e-21,1.93328188956,1.36813636646,0,0,0
current_none,3.825,13.586250024,10,0.999999893529,3.56290884379e-21,1.95715518329,1.39130547976,0,0,0
current_none,3.85,13.6112500216,10,0.999999904176,3.56290888172e-21,1.98104864019,1.41451533818,0,0,0
current_none,3.875,13.6362500194,10,0.999999913758,3.56290891586e-21,2.00496173563,1.43776464491,0,0,0
current_none,3.9,13.6612500175,10,0.999999922383,3.56290894659e-21,2.02889396261,1.46105215553,0,0,0
current_none,3.925,13.6862500157,10,0.999999930144,3.56290897424e-21,2.05284483105,1.48437667551,0,0,0
current_none,3.95,13.7112500141,10,0.99999993713,3.56290899913e-21,2.0768138671,1.50773705781,0,0,0
current_none,3.975,13.7362500127,10,0.999999943417,3.56290902153e-21,2.10080061249,1.53113220066,0,0,0
current_none,4,13.7612500115,10,0.999999949075,3.56290904169e-21,2.12480462393,1.55456104541,0,0,0
current_none,4.025,13.7862500103,10,0.999999954168,3.56290905984e-21,2.14882547249,1.57802257454,0,0,0
current_none,4.05,13.8112500093,10,0.999999958751,3.56290907617e-21,2.17286274305,1.60151580976,0,0,0
current_none,4.075,13.8362500084,10,0.999999962876,3.56290909086e-21,2.19691603373,1.62503981016,0,0,0
current_none,4.1,13.8612500075,10,0.999999966588,3.56290910409e-21,2.22098495545,1.64859367057,0,0,0
current_none,4.125,13.8862500068,10,0.999999969929,3.56290911599e-21,2.24506913135,1.67217651988,0,0,0
current_none,4.15,13.9112500061,10,0.999999972936,3.56290912671e-21,2.26916819637,1.69578751952,0,0,0
current_none,4.175,13.9362500055,10,0.999999975643,3.56290913635e-21,2.29328179679,1.71942586204,0,0,0
current_none,4.2,13.9612500049,10,0.999999978079,3.56290914503e-21,2.31740958982,1.74309076967,0,0,0
current_none,4.225,13.9862500044,10,0.999999980271,3.56290915284e-21,2.34155124315,1.76678149304,0,0,0
current_none,4.25,14.011250004,10,0.999999982244,3.56290915987e-21,2.36570643459,1.79049730993,0,0,0
current_none,4.275,14.0362500036,10,0.999999984019,3.56290916619e-21,2.3898748517,1.8142375241,0,0,0
current_none,4.3,14.0612500032,10,0.999999985617,3.56290917189e-21,2.4140561914,1.83800146415,0,0,0
current_none,4.325,14.0862500029,10,0.999999987056,3.56290917701e-21,2.43825015965,1.86178848244,0,0,0
current_none,4.35,14.1112500026,10,0.99999998835,3.56290918163e-21,2.46245647112,1.8855979541,0,0,0
current_none,4.375,14.1362500024,10,0.999999989515,3.56290918578e-21,2.48667484887,1.90942927608,0,0,0
current_none,4.4,14.1612500021,10,0.999999990564,3.56290918951e-21,2.51090502406,1.93328186618,0,0,0
current_none,4.425,14.1862500019,10,0.999999991507,3.56290919287e-21,2.53514673564,1.95715516223,0,0,0
current_none,4.45,14.2112500017,10,0.999999992356,3.5629091959e-21,2.55939973009,1.98104862122,0,0,0
current_none,4.475,14.2362500015,10,0.999999993121,3.56290919862e-21,2.58366376117,2.00496171855,0,0,0
current_none,4.5,14.2612500014,10,0.999999993809,3.56290920107e-21,2.60793858961,2.02889394722,0,0,0
current_none,4.525,14.2862500013,10,0.999999994428,3.56290920328e-21,2.63222398293,2.05284481719,0,0,0
current_none,4.55,14.3112500011,10,0.999999994985,3.56290920527e-21,2.65651971519,2.07681385461,0,0,0
current_none,4.575,14.336250001,10,0.999999995487,3.56290920705e-21,2.68082556672,2.10080060124,0,0,0
current_none,4.6,14.3612500009,10,0.999999995938,3.56290920866e-21,2.70514132398,2.1248046138,0,0,0
current_none,4.625,14.3862500008,10,0.999999996344,3.56290921011e-21,2.72946677927,2.14882546337,0,0,0
current_none,4.65,14.4112500007,10,0.99999999671,3.56290921141e-21,2.75380173063,2.17286273483,0,0,0
current_none,4.675,14.4362500007,10,0.999999997039,3.56290921258e-21,2.77814598154,2.19691602634,0,0,0
current_none,4.7,14.4612500006,10,0.999999997335,3.56290921364e-21,2.80249934084,2.22098494879,0,0,0
current_none,4.725,14.4862500005,10,0.999999997601,3.56290921459e-21,2.82686162247,2.24506912535,0,0,0
current_none,4.75,14.5112500005,10,0.999999997841,3.56290921544e-21,2.85123264535,2.26916819096,0,0,0
current_none,4.775,14.5362500004,10,0.999999998057,3.56290921621e-21,2.87561223321,2.29328179193,0,0,0
current_none,4.8,14.5612500004,10,0.999999998251,3.5629092169e-21,2.90000021442,2.31740958544,0,0,0
current_none,4.825,14.5862500004,10,0.999999998426,3.56290921753e-21,2.92439642187,2.3415512392,0,0,0
current_none,4.85,14.6112500003,10,0.999999998584,3.56290921809e-21,2.94880069277,2.36570643104,0,0,0
current_none,4.875,14.6362500003,10,0.999999998725,3.56290921859e-21,2.97321286856,2.3898748485,0,0,0
current_none,4.9,14.6612500003,10,0.999999998853,3.56290921905e-21,2.99763279476,2.41405618852,0,0,0
current_none,4.925,14.6862500002,10,0.999999998967,3.56290921945e-21,3.02206032086,2.43825015705,0,0,0
current_none,4.95,14.7112500002,10,0.999999999071,3.56290921982e-21,3.04649530015,2.46245646878,0,0,0
current_none,4.975,14.7362500002,10,0.999999999164,3.56290922015e-21,3.07093758964,2.48667484676,0,0,0
current_none,5,14.7612500002,10,0.999999999247,3.56290922045e-21,3.09538704993,2.51090502216,0,0,0
current_none,5.025,14.7862500002,10,0.999999999323,3.56290922072e-21,3.11984354511,2.53514673393,0,0,0
current_none,5.05,14.8112500001,10,0.99999999939,3.56290922096e-21,3.14430694265,2.55939972856,0,0,0
current_none,5.075,14.8362500001,10,0.999999999451,3.56290922118e-21,3.16877711326,2.58366375978,0,0,0
current_none,5.1,14.8612500001,10,0.999999999506,3.56290922137e-21,3.19325393087,2.60793858836,0,0,0
current_none,5.125,14.8862500001,10,0.999999999556,3.56290922155e-21,3.21773727246,2.63222398181,0,0,0
current_none,5.15,14.9112500001,10,0.9999999996,3.56290922171e-21,3.24222701799,2.65651971418,0,0,0
current_none,5.175,14.9362500001,10,0.99999999964,3.56290922185e-21,3.26672305034,2.68082556581,0,0,0
current_none,5.2,14.9612500001,10,0.999999999676,3.56290922198e-21,3.29122525518,2.70514132316,0,0,0
current_none,5.225,14.9862500001,10,0.999999999708,3.56290922209e-21,3.31573352091,2.72946677854,0,0,0
current_none,5.25,15.0112500001,10,0.999999999738,3.5629092222e-21,3.34024773858,2.75380172996,0,0,0
current_none,5.275,15.0362500001,10,0.999999999764,3.56290922229e-21,3.36476780182,2.77814598095,0,0,0
current_none,5.3,15.06125,10,0.999999999787,3.56290922238e-21,3.38929360675,2.8024993403,0,0,0
current_none,5.325,15.08625,10,0.999999999809,3.56290922245e-21,3.4138250519,2.82686162198,0,0,0
current_none,5.35,15.11125,10,0.999999999828,3.56290922252e-21,3.43836203817,2.85123264491,0,0,0
current_none,5.375,15.13625,10,0.999999999845,3.56290922258e-21,3.46290446875,2.87561223282,0,0,0
current_none,5.4,15.16125,10,0.999999999861,3.56290922264e-21,3.48745224902,2.90000021407,0,0,0
current_none,5.425,15.18625,10,0.999999999874,3.56290922269e-21,3.51200528657,2.92439642155,0,0,0
current_none,5.45,15.21125,10,0.999999999887,3.56290922273e-21,3.53656349104,2.94880069248,0,0,0
current_none,5.475,15.23625,10,0.999999999898,3.56290922277e-21,3.56112677414,2.9732128683,0,0,0
current_none,5.5,15.26125,10,0.999999999908,3.56290922281e-21,3.58569504955,2.99763279453,0,0,0
current_none,5.525,15.28625,10,0.999999999918,3.56290922284e-21,3.61026823288,3.02206032065,0,0,0
current_none,5.55,15.31125,10,0.999999999926,3.56290922287e-21,3.63484624162,3.04649529996,0,0,0
current_none,5.575,15.33625,10,0.999999999933,3.5629092229e-21,3.65942899508,3.07093758947,0,0,0
current_none,5.6,15.36125,10,0.99999999994,3.56290922292e-21,3.68401641434,3.09538704978,0,0,0
current_none,5.625,15.38625,10,0.999999999946,3.56290922294e-21,3.70860842221,3.11984354498,0,0,0
current_none,5.65,15.41125,10,0.999999999951,3.56290922296e-21,3.73320494318,3.14430694252,0,0,0
current_none,5.675,15.43625,10,0.999999999956,3.56290922298e-21,3.75780590338,3.16877711315,0,0,0
current_none,5.7,15.46125,10,0.999999999961,3.56290922299e-21,3.78241123052,3.19325393077,0,0,0
current_none,5.725,15.48625,10,0.999999999965,3.56290922301e-21,3.80702085387,3.21773727237,0,0,0
current_none,5.75,15.51125,10,0.999999999968,3.56290922302e-21,3.83163470418,3.24222701791,0,0,0
current_none,5.775,15.53625,10,0.999999999971,3.56290922303e-21,3.85625271371,3.26672305027,0,0,0
current_none,5.8,15.56125,10,0.999999999974,3.56290922304e-21,3.88087481612,3.29122525511,0,0,0
current_none,5.825,15.58625,10,0.999999999977,3.56290922305e-21,3.90550094647,3.31573352085,0,0,0
current_none,5.85,15.61125,10,0.999999999979,3.56290922306e-21,3.93013104117,3.34024773853,0,0,0
current_none,5.875,15.63625,10,0.999999999981,3.56290922307e-21,3.95476503797,3.36476780178,0,0,0
current_none,5.9,15.66125,10,0.999999999983,3.56290922307e-21,3.9794028759,3.38929360671,0,0,0
current_none,5.925,15.68625,10,0.999999999985,3.56290922308e-21,4.00404449522,3.41382505186,0,0,0
current_none,5.95,15.71125,10,0,0,4.02868983745,3.43836203814,0,0,1
current_none,5.975,15.71125,10,0,0,4.02868983745,3.43836203814,0,0,1
current_none,6,15.71125,10,0,0,4.02868983745,3.43836203814,0,0,1
current_none,6.025,15.71125,10,0,0,4.02868983745,3.43836203814,0,0,1
current_none,6.05,15.71125,10,0,0,4.02868983745,3.43836203814,0,0,1
current_none,6.075,15.71125,10,0,0,4.02868983745,3.43836203814,0,0,1
current_none,6.1,15.71125,10,0,0,4.02868983745,3.43836203814,0,0,1
current_none,6.125,15.71125,10,0,0,4.02868983745,3.43836203814,0,0,1
current_none,6.15,15.71125,10,0,0,4.02868983745,3.43836203814,0,0,1
current_none,6.175,15.71125,10,0,0,4.02868983745,3.43836203814,0,0,1
current_none,6.2,15.71125,10,0,0,4.02868983745,3.43836203814,0,0,1
current_none,6.225,15.71125,10,0,0,4.02868983745,3.43836203814,0,0,1
current_none,6.25,15.71125,10,0,0,4.02868983745,3.43836203814,0,0,1
current_none,6.275,15.71125,10,0,0,4.02868983745,3.43836203814,0,0,1
current_none,6.3,15.71125,10,0,0,4.02868983745,3.43836203814,0,0,1
current_none,6.325,15.71125,10,0,0,4.02868983745,3.43836203814,0,0,1
current_none,6.35,15.71125,10,0,0,4.02868983745,3.43836203814,0,0,1
current_none,6.375,15.71125,10,0,0,4.02868983745,3.43836203814,0,0,1
current_none,6.4,15.71125,10,0,0,4.02868983745,3.43836203814,0,0,1
current_none,6.425,15.71125,10,0,0,4.02868983745,3.43836203814,0,0,1
current_none,6.45,15.71125,10,0,0,4.02868983745,3.43836203814,0,0,1
current_none,6.475,15.71125,10,0,0,4.02868983745,3.43836203814,0,0,1
current_none,6.5,15.71125,10,0,0,4.02868983745,3.43836203814,0,0,1
current_none,6.525,15.71125,10,0,0,4.02868983745,3.43836203814,0,0,1
current_none,6.55,15.71125,10,0,0,4.02868983745,3.43836203814,0,0,1
current_none,6.575,15.71125,10,0,0,4.02868983745,3.43836203814,0,0,1
current_none,6.6,15.71125,10,0,0,4.02868983745,3.43836203814,0,0,1
current_none,6.625,15.71125,10,0,0,4.02868983745,3.43836203814,0,0,1
current_none,6.65,15.71125,10,0,0,4.02868983745,3.43836203814,0,0,1
current_none,6.675,15.71125,10,0,0,4.02868983745,3.43836203814,0,0,1
current_none,6.7,15.71125,10,0,0,4.02868983745,3.43836203814,0,0,1
current_none,6.725,15.71125,10,0,0,4.02868983745,3.43836203814,0,0,1
current_none,6.75,15.71125,10,0,0,4.02868983745,3.43836203814,0,0,1
current_none,6.775,15.71125,10,0,0,4.02868983745,3.43836203814,0,0,1
current_none,6.8,15.71125,10,0,0,4.02868983745,3.43836203814,0,0,1
current_none,6.825,15.71125,10,0,0,4.02868983745,3.43836203814,0,0,1
current_none,6.85,15.71125,10,0,0,4.02868983745,3.43836203814,0,0,1
current_none,6.875,15.71125,10,0,0,4.02868983745,3.43836203814,0,0,1
current_none,6.9,15.71125,10,0,0,4.02868983745,3.43836203814,0,0,1
current_none,6.925,15.71125,10,0,0,4.02868983745,3.43836203814,0,0,1
current_none,6.95,15.71125,10,0,0,4.02868983745,3.43836203814,0,0,1
current_none,6.975,15.71125,10,0,0,4.02868983745,3.43836203814,0,0,1
current_none,7,15.71125,10,0,0,4.02868983745,3.43836203814,0,0,1
current_none,7.025,15.71125,10,0,0,4.02868983745,3.43836203814,0,0,1
current_none,7.05,15.71125,10,0,0,4.02868983745,3.43836203814,0,0,1
current_none,7.075,15.71125,10,0,0,4.02868983745,3.43836203814,0,0,1
current_none,7.1,15.71125,10,0,0,4.02868983745,3.43836203814,0,0,1
current_none,7.125,15.71125,10,0,0,4.02868983745,3.43836203814,0,0,1
current_none,7.15,15.71125,10,0,0,4.02868983745,3.43836203814,0,0,1
current_none,7.175,15.71125,10,0,0,4.02868983745,3.43836203814,0,0,1
current_none,7.2,15.71125,10,0,0,4.02868983745,3.43836203814,0,0,1
current_none,7.225,15.71125,10,0,0,4.02868983745,3.43836203814,0,0,1
current_none,7.25,15.71125,10,0,0,4.02868983745,3.43836203814,0,0,1
current_none,7.275,15.71125,10,0,0,4.02868983745,3.43836203814,0,0,1
current_none,7.3,15.71125,10,0,0,4.02868983745,3.43836203814,0,0,1
current_none,7.325,15.71125,10,0,0,4.02868983745,3.43836203814,0,0,1
current_none,7.35,15.71125,10,0,0,4.02868983745,3.43836203814,0,0,1
current_none,7.375,15.71125,10,0,0,4.02868983745,3.43836203814,0,0,1
current_none,7.4,15.71125,10,0,0,4.02868983745,3.43836203814,0,0,1
current_none,7.425,15.71125,10,0,0,4.02868983745,3.43836203814,0,0,1
current_none,7.45,15.71125,10,0,0,4.02868983745,3.43836203814,0,0,1
current_none,7.475,15.71125,10,0,0,4.02868983745,3.43836203814,0,0,1
current_none,7.5,15.71125,10,0,0,4.02868983745,3.43836203814,0,0,1
current_none,7.525,15.71125,10,0,0,4.02868983745,3.43836203814,0,0,1
current_none,7.55,15.71125,10,0,0,4.02868983745,3.43836203814,0,0,1
current_none,7.575,15.71125,10,0,0,4.02868983745,3.43836203814,0,0,1
current_none,7.6,15.71125,10,0,0,4.02868983745,3.43836203814,0,0,1
current_none,7.625,15.71125,10,0,0,4.02868983745,3.43836203814,0,0,1
current_none,7.65,15.71125,10,0,0,4.02868983745,3.43836203814,0,0,1
current_none,7.675,15.71125,10,0,0,4.02868983745,3.43836203814,0,0,1
current_none,7.7,15.71125,10,0,0,4.02868983745,3.43836203814,0,0,1
current_none,7.725,15.71125,10,0,0,4.02868983745,3.43836203814,0,0,1
current_none,7.75,15.71125,10,0,0,4.02868983745,3.43836203814,0,0,1
current_none,7.775,15.71125,10,0,0,4.02868983745,3.43836203814,0,0,1
current_none,7.8,15.71125,10,0,0,4.02868983745,3.43836203814,0,0,1
current_none,7.825,15.71125,10,0,0,4.02868983745,3.43836203814,0,0,1
current_none,7.85,15.71125,10,0,0,4.02868983745,3.43836203814,0,0,1
current_none,7.875,15.71125,10,0,0,4.02868983745,3.43836203814,0,0,1
current_none,7.9,15.71125,10,0,0,4.02868983745,3.43836203814,0,0,1
current_none,7.925,15.71125,10,0,0,4.02868983745,3.43836203814,0,0,1
current_none,7.95,15.71125,10,0,0,4.02868983745,3.43836203814,0,0,1
current_none,7.975,15.71125,10,0,0,4.02868983745,3.43836203814,0,0,1
current_none,8,15.71125,10,0,0,4.02868983745,3.43836203814,0,0,1
current_none,8.025,15.71125,10,0,0,4.02868983745,3.43836203814,0,0,1
current_none,8.05,15.71125,10,0,0,4.02868983745,3.43836203814,0,0,1
current_none,8.075,15.71125,10,0,0,4.02868983745,3.43836203814,0,0,1
current_none,8.1,15.71125,10,0,0,4.02868983745,3.43836203814,0,0,1
current_none,8.125,15.71125,10,0,0,4.02868983745,3.43836203814,0,0,1
current_none,8.15,15.71125,10,0,0,4.02868983745,3.43836203814,0,0,1
current_none,8.175,15.71125,10,0,0,4.02868983745,3.43836203814,0,0,1
current_none,8.2,15.71125,10,0,0,4.02868983745,3.43836203814,0,0,1
current_none,8.225,15.71125,10,0,0,4.02868983745,3.43836203814,0,0,1
current_none,8.25,15.71125,10,0,0,4.02868983745,3.43836203814,0,0,1
current_none,8.275,15.71125,10,0,0,4.02868983745,3.43836203814,0,0,1
current_none,8.3,15.71125,10,0,0,4.02868983745,3.43836203814,0,0,1
current_none,8.325,15.71125,10,0,0,4.02868983745,3.43836203814,0,0,1
current_none,8.35,15.71125,10,0,0,4.02868983745,3.43836203814,0,0,1
current_none,8.375,15.71125,10,0,0,4.02868983745,3.43836203814,0,0,1
current_none,8.4,15.71125,10,0,0,4.02868983745,3.43836203814,0,0,1
current_none,8.425,15.71125,10,0,0,4.02868983745,3.43836203814,0,0,1
current_none,8.45,15.71125,10,0,0,4.02868983745,3.43836203814,0,0,1
current_none,8.475,15.71125,10,0,0,4.02868983745,3.43836203814,0,0,1
current_none,8.5,15.71125,10,0,0,4.02868983745,3.43836203814,0,0,1
current_none,8.525,15.71125,10,0,0,4.02868983745,3.43836203814,0,0,1
current_none,8.55,15.71125,10,0,0,4.02868983745,3.43836203814,0,0,1
current_none,8.575,15.71125,10,0,0,4.02868983745,3.43836203814,0,0,1
current_none,8.6,15.71125,10,0,0,4.02868983745,3.43836203814,0,0,1
current_none,8.625,15.71125,10,0,0,4.02868983745,3.43836203814,0,0,1
current_none,8.65,15.71125,10,0,0,4.02868983745,3.43836203814,0,0,1
current_none,8.675,15.71125,10,0,0,4.02868983745,3.43836203814,0,0,1
current_none,8.7,15.71125,10,0,0,4.02868983745,3.43836203814,0,0,1
current_none,8.725,15.71125,10,0,0,4.02868983745,3.43836203814,0,0,1
current_none,8.75,15.71125,10,0,0,4.02868983745,3.43836203814,0,0,1
current_none,8.775,15.71125,10,0,0,4.02868983745,3.43836203814,0,0,1
current_none,8.8,15.71125,10,0,0,4.02868983745,3.43836203814,0,0,1
current_none,8.825,15.71125,10,0,0,4.02868983745,3.43836203814,0,0,1
current_none,8.85,15.71125,10,0,0,4.02868983745,3.43836203814,0,0,1
current_none,8.875,15.71125,10,0,0,4.02868983745,3.43836203814,0,0,1
current_none,8.9,15.71125,10,0,0,4.02868983745,3.43836203814,0,0,1
current_none,8.925,15.71125,10,0,0,4.02868983745,3.43836203814,0,0,1
current_none,8.95,15.71125,10,0,0,4.02868983745,3.43836203814,0,0,1
current_none,8.975,15.71125,10,0,0,4.02868983745,3.43836203814,0,0,1
current_none,9,15.71125,10,0,0,4.02868983745,3.43836203814,0,0,1
current_none,9.025,15.71125,10,0,0,4.02868983745,3.43836203814,0,0,1
current_none,9.05,15.71125,10,0,0,4.02868983745,3.43836203814,0,0,1
current_none,9.075,15.71125,10,0,0,4.02868983745,3.43836203814,0,0,1
current_none,9.1,15.71125,10,0,0,4.02868983745,3.43836203814,0,0,1
current_none,9.125,15.71125,10,0,0,4.02868983745,3.43836203814,0,0,1
current_none,9.15,15.71125,10,0,0,4.02868983745,3.43836203814,0,0,1
current_none,9.175,15.71125,10,0,0,4.02868983745,3.43836203814,0,0,1
current_none,9.2,15.71125,10,0,0,4.02868983745,3.43836203814,0,0,1
current_none,9.225,15.71125,10,0,0,4.02868983745,3.43836203814,0,0,1
current_none,9.25,15.71125,10,0,0,4.02868983745,3.43836203814,0,0,1
current_none,9.275,15.71125,10,0,0,4.02868983745,3.43836203814,0,0,1
current_none,9.3,15.71125,10,0,0,4.02868983745,3.43836203814,0,0,1
current_none,9.325,15.71125,10,0,0,4.02868983745,3.43836203814,0,0,1
current_none,9.35,15.71125,10,0,0,4.02868983745,3.43836203814,0,0,1
current_none,9.375,15.71125,10,0,0,4.02868983745,3.43836203814,0,0,1
current_none,9.4,15.71125,10,0,0,4.02868983745,3.43836203814,0,0,1
current_none,9.425,15.71125,10,0,0,4.02868983745,3.43836203814,0,0,1
current_none,9.45,15.71125,10,0,0,4.02868983745,3.43836203814,0,0,1
current_none,9.475,15.71125,10,0,0,4.02868983745,3.43836203814,0,0,1
current_none,9.5,15.71125,10,0,0,4.02868983745,3.43836203814,0,0,1
current_none,9.525,15.71125,10,0,0,4.02868983745,3.43836203814,0,0,1
current_none,9.55,15.71125,10,0,0,4.02868983745,3.43836203814,0,0,1
current_none,9.575,15.71125,10,0,0,4.02868983745,3.43836203814,0,0,1
current_none,9.6,15.71125,10,0,0,4.02868983745,3.43836203814,0,0,1
current_none,9.625,15.71125,10,0,0,4.02868983745,3.43836203814,0,0,1
current_none,9.65,15.71125,10,0,0,4.02868983745,3.43836203814,0,0,1
current_none,9.675,15.71125,10,0,0,4.02868983745,3.43836203814,0,0,1
current_none,9.7,15.71125,10,0,0,4.02868983745,3.43836203814,0,0,1
current_none,9.725,15.71125,10,0,0,4.02868983745,3.43836203814,0,0,1
current_none,9.75,15.71125,10,0,0,4.02868983745,3.43836203814,0,0,1
current_none,9.775,15.71125,10,0,0,4.02868983745,3.43836203814,0,0,1
current_none,9.8,15.71125,10,0,0,4.02868983745,3.43836203814,0,0,1
current_none,9.825,15.71125,10,0,0,4.02868983745,3.43836203814,0,0,1
current_none,9.85,15.71125,10,0,0,4.02868983745,3.43836203814,0,0,1
current_none,9.875,15.71125,10,0,0,4.02868983745,3.43836203814,0,0,1
current_none,9.9,15.71125,10,0,0,4.02868983745,3.43836203814,0,0,1
current_none,9.925,15.71125,10,0,0,4.02868983745,3.43836203814,0,0,1
current_none,9.95,15.71125,10,0,0,4.02868983745,3.43836203814,0,0,1
current_none,9.975,15.71125,10,0,0,4.02868983745,3.43836203814,0,0,1
current_none,10,15.71125,10,0,0,4.02868983745,3.43836203814,0,0,1
current_none,10.025,15.71125,10,0,0,4.02868983745,3.43836203814,0,0,1
current_none,10.05,15.71125,10,0,0,4.02868983745,3.43836203814,0,0,1
current_none,10.075,15.71125,10,0,0,4.02868983745,3.43836203814,0,0,1
current_none,10.1,15.71125,10,0,0,4.02868983745,3.43836203814,0,0,1
current_none,10.125,15.71125,10,0,0,4.02868983745,3.43836203814,0,0,1
current_none,10.15,15.71125,10,0,0,4.02868983745,3.43836203814,0,0,1
current_none,10.175,15.71125,10,0,0,4.02868983745,3.43836203814,0,0,1
current_none,10.2,15.71125,10,0,0,4.02868983745,3.43836203814,0,0,1
current_none,10.225,15.71125,10,0,0,4.02868983745,3.43836203814,0,0,1
current_none,10.25,15.71125,10,0,0,4.02868983745,3.43836203814,0,0,1
current_none,10.275,15.71125,10,0,0,4.02868983745,3.43836203814,0,0,1
current_none,10.3,15.71125,10,0,0,4.02868983745,3.43836203814,0,0,1
current_none,10.325,15.71125,10,0,0,4.02868983745,3.43836203814,0,0,1
current_none,10.35,15.71125,10,0,0,4.02868983745,3.43836203814,0,0,1
current_none,10.375,15.71125,10,0,0,4.02868983745,3.43836203814,0,0,1
current_none,10.4,15.71125,10,0,0,4.02868983745,3.43836203814,0,0,1
current_none,10.425,15.71125,10,0,0,4.02868983745,3.43836203814,0,0,1
current_none,10.45,15.71125,10,0,0,4.02868983745,3.43836203814,0,0,1
current_none,10.475,15.71125,10,0,0,4.02868983745,3.43836203814,0,0,1
current_none,10.5,15.71125,10,0,0,4.02868983745,3.43836203814,0,0,1
current_none,10.525,15.71125,10,0,0,4.02868983745,3.43836203814,0,0,1
current_none,10.55,15.71125,10,0,0,4.02868983745,3.43836203814,0,0,1
current_none,10.575,15.71125,10,0,0,4.02868983745,3.43836203814,0,0,1
current_none,10.6,15.71125,10,0,0,4.02868983745,3.43836203814,0,0,1
current_none,10.625,15.71125,10,0,0,4.02868983745,3.43836203814,0,0,1
current_none,10.65,15.71125,10,0,0,4.02868983745,3.43836203814,0,0,1
current_none,10.675,15.71125,10,0,0,4.02868983745,3.43836203814,0,0,1
current_none,10.7,15.71125,10,0,0,4.02868983745,3.43836203814,0,0,1
current_none,10.725,15.71125,10,0,0,4.02868983745,3.43836203814,0,0,1
current_none,10.75,15.71125,10,0,0,4.02868983745,3.43836203814,0,0,1
current_none,10.775,15.71125,10,0,0,4.02868983745,3.43836203814,0,0,1
current_none,10.8,15.71125,10,0,0,4.02868983745,3.43836203814,0,0,1
current_none,10.825,15.71125,10,0,0,4.02868983745,3.43836203814,0,0,1
current_none,10.85,15.71125,10,0,0,4.02868983745,3.43836203814,0,0,1
current_none,10.875,15.71125,10,0,0,4.02868983745,3.43836203814,0,0,1
current_none,10.9,15.71125,10,0,0,4.02868983745,3.43836203814,0,0,1
current_none,10.925,15.71125,10,0,0,4.02868983745,3.43836203814,0,0,1
current_none,10.95,15.71125,10,0,0,4.02868983745,3.43836203814,0,0,1
current_none,10.975,15.71125,10,0,0,4.02868983745,3.43836203814,0,0,1
current_none,11,15.71125,10,0,0,4.02868983745,3.43836203814,0,0,1
current_none,11.025,15.71125,10,0,0,4.02868983745,3.43836203814,0,0,1
current_none,11.05,15.71125,10,0,0,4.02868983745,3.43836203814,0,0,1
current_none,11.075,15.71125,10,0,0,4.02868983745,3.43836203814,0,0,1
current_none,11.1,15.71125,10,0,0,4.02868983745,3.43836203814,0,0,1
current_none,11.125,15.71125,10,0,0,4.02868983745,3.43836203814,0,0,1
current_none,11.15,15.71125,10,0,0,4.02868983745,3.43836203814,0,0,1
current_none,11.175,15.71125,10,0,0,4.02868983745,3.43836203814,0,0,1
current_none,11.2,15.71125,10,0,0,4.02868983745,3.43836203814,0,0,1
current_none,11.225,15.71125,10,0,0,4.02868983745,3.43836203814,0,0,1
current_none,11.25,15.71125,10,0,0,4.02868983745,3.43836203814,0,0,1
current_none,11.275,15.71125,10,0,0,4.02868983745,3.43836203814,0,0,1
current_none,11.3,15.71125,10,0,0,4.02868983745,3.43836203814,0,0,1
current_none,11.325,15.71125,10,0,0,4.02868983745,3.43836203814,0,0,1
current_none,11.35,15.71125,10,0,0,4.02868983745,3.43836203814,0,0,1
current_none,11.375,15.71125,10,0,0,4.02868983745,3.43836203814,0,0,1
current_none,11.4,15.71125,10,0,0,4.02868983745,3.43836203814,0,0,1
current_none,11.425,15.71125,10,0,0,4.02868983745,3.43836203814,0,0,1
current_none,11.45,15.71125,10,0,0,4.02868983745,3.43836203814,0,0,1
current_none,11.475,15.71125,10,0,0,4.02868983745,3.43836203814,0,0,1
current_none,11.5,15.71125,10,0,0,4.02868983745,3.43836203814,0,0,1
current_none,11.525,15.71125,10,0,0,4.02868983745,3.43836203814,0,0,1
current_none,11.55,15.71125,10,0,0,4.02868983745,3.43836203814,0,0,1
current_none,11.575,15.71125,10,0,0,4.02868983745,3.43836203814,0,0,1
current_none,11.6,15.71125,10,0,0,4.02868983745,3.43836203814,0,0,1
current_none,11.625,15.71125,10,0,0,4.02868983745,3.43836203814,0,0,1
current_none,11.65,15.71125,10,0,0,4.02868983745,3.43836203814,0,0,1
current_none,11.675,15.71125,10,0,0,4.02868983745,3.43836203814,0,0,1
current_none,11.7,15.71125,10,0,0,4.02868983745,3.43836203814,0,0,1
current_none,11.725,15.71125,10,0,0,4.02868983745,3.43836203814,0,0,1
current_none,11.75,15.71125,10,0,0,4.02868983745,3.43836203814,0,0,1
current_none,11.775,15.71125,10,0,0,4.02868983745,3.43836203814,0,0,1
current_none,11.8,15.71125,10,0,0,4.02868983745,3.43836203814,0,0,1
current_none,11.825,15.71125,10,0,0,4.02868983745,3.43836203814,0,0,1
current_none,11.85,15.71125,10,0,0,4.02868983745,3.43836203814,0,0,1
current_none,11.875,15.71125,10,0,0,4.02868983745,3.43836203814,0,0,1
current_none,11.9,15.71125,10,0,0,4.02868983745,3.43836203814,0,0,1
current_none,11.925,15.71125,10,0,0,4.02868983745,3.43836203814,0,0,1
current_none,11.95,15.71125,10,0,0,4.02868983745,3.43836203814,0,0,1
current_none,11.975,15.71125,10,0,0,4.02868983745,3.43836203814,0,0,1
current_none,12,15.71125,10,0,0,4.02868983745,3.43836203814,0,0,1
current_none,12.025,15.71125,10,0,0,4.02868983745,3.43836203814,0,0,1
current_none,12.05,15.71125,10,0,0,4.02868983745,3.43836203814,0,0,1
current_none,12.075,15.71125,10,0,0,4.02868983745,3.43836203814,0,0,1
current_none,12.1,15.71125,10,0,0,4.02868983745,3.43836203814,0,0,1
current_none,12.125,15.71125,10,0,0,4.02868983745,3.43836203814,0,0,1
current_none,12.15,15.71125,10,0,0,4.02868983745,3.43836203814,0,0,1
current_none,12.175,15.71125,10,0,0,4.02868983745,3.43836203814,0,0,1
current_none,12.2,15.71125,10,0,0,4.02868983745,3.43836203814,0,0,1
current_none,12.225,15.71125,10,0,0,4.02868983745,3.43836203814,0,0,1
current_none,12.25,15.71125,10,0,0,4.02868983745,3.43836203814,0,0,1
current_none,12.275,15.71125,10,0,0,4.02868983745,3.43836203814,0,0,1
current_none,12.3,15.71125,10,0,0,4.02868983745,3.43836203814,0,0,1
current_none,12.325,15.71125,10,0,0,4.02868983745,3.43836203814,0,0,1
current_none,12.35,15.71125,10,0,0,4.02868983745,3.43836203814,0,0,1
current_none,12.375,15.71125,10,0,0,4.02868983745,3.43836203814,0,0,1
current_none,12.4,15.71125,10,0,0,4.02868983745,3.43836203814,0,0,1
current_none,12.425,15.71125,10,0,0,4.02868983745,3.43836203814,0,0,1
current_none,12.45,15.71125,10,0,0,4.02868983745,3.43836203814,0,0,1
current_none,12.475,15.71125,10,0,0,4.02868983745,3.43836203814,0,0,1
current_none,12.5,15.71125,10,0,0,4.02868983745,3.43836203814,0,0,1
current_none,12.525,15.71125,10,0,0,4.02868983745,3.43836203814,0,0,1
current_none,12.55,15.71125,10,0,0,4.02868983745,3.43836203814,0,0,1
current_none,12.575,15.71125,10,0,0,4.02868983745,3.43836203814,0,0,1
current_none,12.6,15.71125,10,0,0,4.02868983745,3.43836203814,0,0,1
current_none,12.625,15.71125,10,0,0,4.02868983745,3.43836203814,0,0,1
current_none,12.65,15.71125,10,0,0,4.02868983745,3.43836203814,0,0,1
current_none,12.675,15.71125,10,0,0,4.02868983745,3.43836203814,0,0,1
current_none,12.7,15.71125,10,0,0,4.02868983745,3.43836203814,0,0,1
current_none,12.725,15.71125,10,0,0,4.02868983745,3.43836203814,0,0,1
current_none,12.75,15.71125,10,0,0,4.02868983745,3.43836203814,0,0,1
current_none,12.775,15.71125,10,0,0,4.02868983745,3.43836203814,0,0,1
current_none,12.8,15.71125,10,0,0,4.02868983745,3.43836203814,0,0,1
current_none,12.825,15.71125,10,0,0,4.02868983745,3.43836203814,0,0,1
current_none,12.85,15.71125,10,0,0,4.02868983745,3.43836203814,0,0,1
current_none,12.875,15.71125,10,0,0,4.02868983745,3.43836203814,0,0,1
current_none,12.9,15.71125,10,0,0,4.02868983745,3.43836203814,0,0,1
current_none,12.925,15.71125,10,0,0,4.02868983745,3.43836203814,0,0,1
current_none,12.95,15.71125,10,0,0,4.02868983745,3.43836203814,0,0,1
current_none,12.975,15.71125,10,0,0,4.02868983745,3.43836203814,0,0,1
current_none,13,15.71125,10,0,0,4.02868983745,3.43836203814,0,0,1
current_none,13.025,15.71125,10,0,0,4.02868983745,3.43836203814,0,0,1
current_none,13.05,15.71125,10,0,0,4.02868983745,3.43836203814,0,0,1
current_none,13.075,15.71125,10,0,0,4.02868983745,3.43836203814,0,0,1
current_none,13.1,15.71125,10,0,0,4.02868983745,3.43836203814,0,0,1
current_none,13.125,15.71125,10,0,0,4.02868983745,3.43836203814,0,0,1
current_none,13.15,15.71125,10,0,0,4.02868983745,3.43836203814,0,0,1
current_none,13.175,15.71125,10,0,0,4.02868983745,3.43836203814,0,0,1
current_none,13.2,15.71125,10,0,0,4.02868983745,3.43836203814,0,0,1
current_none,13.225,15.71125,10,0,0,4.02868983745,3.43836203814,0,0,1
current_none,13.25,15.71125,10,0,0,4.02868983745,3.43836203814,0,0,1
current_none,13.275,15.71125,10,0,0,4.02868983745,3.43836203814,0,0,1
current_none,13.3,15.71125,10,0,0,4.02868983745,3.43836203814,0,0,1
current_none,13.325,15.71125,10,0,0,4.02868983745,3.43836203814,0,0,1
current_none,13.35,15.71125,10,0,0,4.02868983745,3.43836203814,0,0,1
current_none,13.375,15.71125,10,0,0,4.02868983745,3.43836203814,0,0,1
current_none,13.4,15.71125,10,0,0,4.02868983745,3.43836203814,0,0,1
current_none,13.425,15.71125,10,0,0,4.02868983745,3.43836203814,0,0,1
current_none,13.45,15.71125,10,0,0,4.02868983745,3.43836203814,0,0,1
current_none,13.475,15.71125,10,0,0,4.02868983745,3.43836203814,0,0,1
current_none,13.5,15.71125,10,0,0,4.02868983745,3.43836203814,0,0,1
current_none,13.525,15.71125,10,0,0,4.02868983745,3.43836203814,0,0,1
current_none,13.55,15.71125,10,0,0,4.02868983745,3.43836203814,0,0,1
current_none,13.575,15.71125,10,0,0,4.02868983745,3.43836203814,0,0,1
current_none,13.6,15.71125,10,0,0,4.02868983745,3.43836203814,0,0,1
current_none,13.625,15.71125,10,0,0,4.02868983745,3.43836203814,0,0,1
current_none,13.65,15.71125,10,0,0,4.02868983745,3.43836203814,0,0,1
current_none,13.675,15.71125,10,0,0,4.02868983745,3.43836203814,0,0,1
current_none,13.7,15.71125,10,0,0,4.02868983745,3.43836203814,0,0,1
current_none,13.725,15.71125,10,0,0,4.02868983745,3.43836203814,0,0,1
current_none,13.75,15.71125,10,0,0,4.02868983745,3.43836203814,0,0,1
current_none,13.775,15.71125,10,0,0,4.02868983745,3.43836203814,0,0,1
current_none,13.8,15.71125,10,0,0,4.02868983745,3.43836203814,0,0,1
current_none,13.825,15.71125,10,0,0,4.02868983745,3.43836203814,0,0,1
current_none,13.85,15.71125,10,0,0,4.02868983745,3.43836203814,0,0,1
current_none,13.875,15.71125,10,0,0,4.02868983745,3.43836203814,0,0,1
current_none,13.9,15.71125,10,0,0,4.02868983745,3.43836203814,0,0,1
current_none,13.925,15.71125,10,0,0,4.02868983745,3.43836203814,0,0,1
current_none,13.95,15.71125,10,0,0,4.02868983745,3.43836203814,0,0,1
current_none,13.975,15.71125,10,0,0,4.02868983745,3.43836203814,0,0,1
current_none,14,15.71125,10,0,0,4.02868983745,3.43836203814,0,0,1
current_none,14.025,15.71125,10,0,0,4.02868983745,3.43836203814,0,0,1
current_none,14.05,15.71125,10,0,0,4.02868983745,3.43836203814,0,0,1
current_none,14.075,15.71125,10,0,0,4.02868983745,3.43836203814,0,0,1
current_none,14.1,15.71125,10,0,0,4.02868983745,3.43836203814,0,0,1
current_none,14.125,15.71125,10,0,0,4.02868983745,3.43836203814,0,0,1
current_none,14.15,15.71125,10,0,0,4.02868983745,3.43836203814,0,0,1
current_none,14.175,15.71125,10,0,0,4.02868983745,3.43836203814,0,0,1
current_none,14.2,15.71125,10,0,0,4.02868983745,3.43836203814,0,0,1
current_none,14.225,15.71125,10,0,0,4.02868983745,3.43836203814,0,0,1
current_none,14.25,15.71125,10,0,0,4.02868983745,3.43836203814,0,0,1
current_none,14.275,15.71125,10,0,0,4.02868983745,3.43836203814,0,0,1
current_none,14.3,15.71125,10,0,0,4.02868983745,3.43836203814,0,0,1
current_none,14.325,15.71125,10,0,0,4.02868983745,3.43836203814,0,0,1
current_none,14.35,15.71125,10,0,0,4.02868983745,3.43836203814,0,0,1
current_none,14.375,15.71125,10,0,0,4.02868983745,3.43836203814,0,0,1
current_none,14.4,15.71125,10,0,0,4.02868983745,3.43836203814,0,0,1
current_none,14.425,15.71125,10,0,0,4.02868983745,3.43836203814,0,0,1
current_none,14.45,15.71125,10,0,0,4.02868983745,3.43836203814,0,0,1
current_none,14.475,15.71125,10,0,0,4.02868983745,3.43836203814,0,0,1
current_none,14.5,15.71125,10,0,0,4.02868983745,3.43836203814,0,0,1
current_none,14.525,15.71125,10,0,0,4.02868983745,3.43836203814,0,0,1
current_none,14.55,15.71125,10,0,0,4.02868983745,3.43836203814,0,0,1
current_none,14.575,15.71125,10,0,0,4.02868983745,3.43836203814,0,0,1
current_none,14.6,15.71125,10,0,0,4.02868983745,3.43836203814,0,0,1
current_none,14.625,15.71125,10,0,0,4.02868983745,3.43836203814,0,0,1
current_none,14.65,15.71125,10,0,0,4.02868983745,3.43836203814,0,0,1
current_none,14.675,15.71125,10,0,0,4.02868983745,3.43836203814,0,0,1
current_none,14.7,15.71125,10,0,0,4.02868983745,3.43836203814,0,0,1
current_none,14.725,15.71125,10,0,0,4.02868983745,3.43836203814,0,0,1
current_none,14.75,15.71125,10,0,0,4.02868983745,3.43836203814,0,0,1
current_none,14.775,15.71125,10,0,0,4.02868983745,3.43836203814,0,0,1
current_none,14.8,15.71125,10,0,0,4.02868983745,3.43836203814,0,0,1
current_none,14.825,15.71125,10,0,0,4.02868983745,3.43836203814,0,0,1
current_none,14.85,15.71125,10,0,0,4.02868983745,3.43836203814,0,0,1
current_none,14.875,15.71125,10,0,0,4.02868983745,3.43836203814,0,0,1
current_none,14.9,15.71125,10,0,0,4.02868983745,3.43836203814,0,0,1
current_none,14.925,15.71125,10,0,0,4.02868983745,3.43836203814,0,0,1
current_none,14.95,15.71125,10,0,0,4.02868983745,3.43836203814,0,0,1
current_none,14.975,15.71125,10,0,0,4.02868983745,3.43836203814,0,0,1
current_none,15,15.71125,10,0,0,4.02868983745,3.43836203814,0,0,1
current_none,15.025,15.71125,10,0,0,4.02868983745,3.43836203814,0,0,1
current_none,15.05,15.71125,10,0,0,4.02868983745,3.43836203814,0,0,1
current_none,15.075,15.71125,10,0,0,4.02868983745,3.43836203814,0,0,1
current_none,15.1,15.71125,10,0,0,4.02868983745,3.43836203814,0,0,1
current_none,15.125,15.71125,10,0,0,4.02868983745,3.43836203814,0,0,1
current_none,15.15,15.71125,10,0,0,4.02868983745,3.43836203814,0,0,1
current_none,15.175,15.71125,10,0,0,4.02868983745,3.43836203814,0,0,1
current_none,15.2,15.71125,10,0,0,4.02868983745,3.43836203814,0,0,1
current_none,15.225,15.71125,10,0,0,4.02868983745,3.43836203814,0,0,1
current_none,15.25,15.71125,10,0,0,4.02868983745,3.43836203814,0,0,1
current_none,15.275,15.71125,10,0,0,4.02868983745,3.43836203814,0,0,1
current_none,15.3,15.71125,10,0,0,4.02868983745,3.43836203814,0,0,1
current_none,15.325,15.71125,10,0,0,4.02868983745,3.43836203814,0,0,1
current_none,15.35,15.71125,10,0,0,4.02868983745,3.43836203814,0,0,1
current_none,15.375,15.71125,10,0,0,4.02868983745,3.43836203814,0,0,1
current_none,15.4,15.71125,10,0,0,4.02868983745,3.43836203814,0,0,1
current_none,15.425,15.71125,10,0,0,4.02868983745,3.43836203814,0,0,1
current_none,15.45,15.71125,10,0,0,4.02868983745,3.43836203814,0,0,1
current_none,15.475,15.71125,10,0,0,4.02868983745,3.43836203814,0,0,1
current_none,15.5,15.71125,10,0,0,4.02868983745,3.43836203814,0,0,1
current_none,15.525,15.71125,10,0,0,4.02868983745,3.43836203814,0,0,1
current_none,15.55,15.71125,10,0,0,4.02868983745,3.43836203814,0,0,1
current_none,15.575,15.71125,10,0,0,4.02868983745,3.43836203814,0,0,1
current_none,15.6,15.71125,10,0,0,4.02868983745,3.43836203814,0,0,1
current_none,15.625,15.71125,10,0,0,4.02868983745,3.43836203814,0,0,1
current_none,15.65,15.71125,10,0,0,4.02868983745,3.43836203814,0,0,1
current_none,15.675,15.71125,10,0,0,4.02868983745,3.43836203814,0,0,1
current_none,15.7,15.71125,10,0,0,4.02868983745,3.43836203814,0,0,1
current_none,15.725,15.71125,10,0,0,4.02868983745,3.43836203814,0,0,1
current_none,15.75,15.71125,10,0,0,4.02868983745,3.43836203814,0,0,1
current_none,15.775,15.71125,10,0,0,4.02868983745,3.43836203814,0,0,1
current_none,15.8,15.71125,10,0,0,4.02868983745,3.43836203814,0,0,1
current_none,15.825,15.71125,10,0,0,4.02868983745,3.43836203814,0,0,1
current_none,15.85,15.71125,10,0,0,4.02868983745,3.43836203814,0,0,1
current_none,15.875,15.71125,10,0,0,4.02868983745,3.43836203814,0,0,1
current_none,15.9,15.71125,10,0,0,4.02868983745,3.43836203814,0,0,1
current_none,15.925,15.71125,10,0,0,4.02868983745,3.43836203814,0,0,1
current_none,15.95,15.71125,10,0,0,4.02868983745,3.43836203814,0,0,1
current_none,15.975,15.71125,10,0,0,4.02868983745,3.43836203814,0,0,1
current_none,16,15.71125,10,0,0,4.02868983745,3.43836203814,0,0,1
current_none,16.025,15.71125,10,0,0,4.02868983745,3.43836203814,0,0,1
current_none,16.05,15.71125,10,0,0,4.02868983745,3.43836203814,0,0,1
current_none,16.075,15.71125,10,0,0,4.02868983745,3.43836203814,0,0,1
current_none,16.1,15.71125,10,0,0,4.02868983745,3.43836203814,0,0,1
current_none,16.125,15.71125,10,0,0,4.02868983745,3.43836203814,0,0,1
current_none,16.15,15.71125,10,0,0,4.02868983745,3.43836203814,0,0,1
current_none,16.175,15.71125,10,0,0,4.02868983745,3.43836203814,0,0,1
current_none,16.2,15.71125,10,0,0,4.02868983745,3.43836203814,0,0,1
current_none,16.225,15.71125,10,0,0,4.02868983745,3.43836203814,0,0,1
current_none,16.25,15.71125,10,0,0,4.02868983745,3.43836203814,0,0,1
current_none,16.275,15.71125,10,0,0,4.02868983745,3.43836203814,0,0,1
current_none,16.3,15.71125,10,0,0,4.02868983745,3.43836203814,0,0,1
current_none,16.325,15.71125,10,0,0,4.02868983745,3.43836203814,0,0,1
current_none,16.35,15.71125,10,0,0,4.02868983745,3.43836203814,0,0,1
current_none,16.375,15.71125,10,0,0,4.02868983745,3.43836203814,0,0,1
current_none,16.4,15.71125,10,0,0,4.02868983745,3.43836203814,0,0,1
current_none,16.425,15.71125,10,0,0,4.02868983745,3.43836203814,0,0,1
current_none,16.45,15.71125,10,0,0,4.02868983745,3.43836203814,0,0,1
current_none,16.475,15.71125,10,0,0,4.02868983745,3.43836203814,0,0,1
current_none,16.5,15.71125,10,0,0,4.02868983745,3.43836203814,0,0,1
current_none,16.525,15.71125,10,0,0,4.02868983745,3.43836203814,0,0,1
current_none,16.55,15.71125,10,0,0,4.02868983745,3.43836203814,0,0,1
current_none,16.575,15.71125,10,0,0,4.02868983745,3.43836203814,0,0,1
current_none,16.6,15.71125,10,0,0,4.02868983745,3.43836203814,0,0,1
current_none,16.625,15.71125,10,0,0,4.02868983745,3.43836203814,0,0,1
current_none,16.65,15.71125,10,0,0,4.02868983745,3.43836203814,0,0,1
current_none,16.675,15.71125,10,0,0,4.02868983745,3.43836203814,0,0,1
current_none,16.7,15.71125,10,0,0,4.02868983745,3.43836203814,0,0,1
current_none,16.725,15.71125,10,0,0,4.02868983745,3.43836203814,0,0,1
current_none,16.75,15.71125,10,0,0,4.02868983745,3.43836203814,0,0,1
current_none,16.775,15.71125,10,0,0,4.02868983745,3.43836203814,0,0,1
current_none,16.8,15.71125,10,0,0,4.02868983745,3.43836203814,0,0,1
current_none,16.825,15.71125,10,0,0,4.02868983745,3.43836203814,0,0,1
current_none,16.85,15.71125,10,0,0,4.02868983745,3.43836203814,0,0,1
current_none,16.875,15.71125,10,0,0,4.02868983745,3.43836203814,0,0,1
current_none,16.9,15.71125,10,0,0,4.02868983745,3.43836203814,0,0,1
current_none,16.925,15.71125,10,0,0,4.02868983745,3.43836203814,0,0,1
current_none,16.95,15.71125,10,0,0,4.02868983745,3.43836203814,0,0,1
current_none,16.975,15.71125,10,0,0,4.02868983745,3.43836203814,0,0,1
current_none,17,15.71125,10,0,0,4.02868983745,3.43836203814,0,0,1
current_none,17.025,15.71125,10,0,0,4.02868983745,3.43836203814,0,0,1
current_none,17.05,15.71125,10,0,0,4.02868983745,3.43836203814,0,0,1
current_none,17.075,15.71125,10,0,0,4.02868983745,3.43836203814,0,0,1
current_none,17.1,15.71125,10,0,0,4.02868983745,3.43836203814,0,0,1
current_none,17.125,15.71125,10,0,0,4.02868983745,3.43836203814,0,0,1
current_none,17.15,15.71125,10,0,0,4.02868983745,3.43836203814,0,0,1
current_none,17.175,15.71125,10,0,0,4.02868983745,3.43836203814,0,0,1
current_none,17.2,15.71125,10,0,0,4.02868983745,3.43836203814,0,0,1
current_none,17.225,15.71125,10,0,0,4.02868983745,3.43836203814,0,0,1
current_none,17.25,15.71125,10,0,0,4.02868983745,3.43836203814,0,0,1
current_none,17.275,15.71125,10,0,0,4.02868983745,3.43836203814,0,0,1
current_none,17.3,15.71125,10,0,0,4.02868983745,3.43836203814,0,0,1
current_none,17.325,15.71125,10,0,0,4.02868983745,3.43836203814,0,0,1
current_none,17.35,15.71125,10,0,0,4.02868983745,3.43836203814,0,0,1
current_none,17.375,15.71125,10,0,0,4.02868983745,3.43836203814,0,0,1
current_none,17.4,15.71125,10,0,0,4.02868983745,3.43836203814,0,0,1
current_none,17.425,15.71125,10,0,0,4.02868983745,3.43836203814,0,0,1
current_none,17.45,15.71125,10,0,0,4.02868983745,3.43836203814,0,0,1
current_none,17.475,15.71125,10,0,0,4.02868983745,3.43836203814,0,0,1
current_none,17.5,15.71125,10,0,0,4.02868983745,3.43836203814,0,0,1
current_none,17.525,15.71125,10,0,0,4.02868983745,3.43836203814,0,0,1
current_none,17.55,15.71125,10,0,0,4.02868983745,3.43836203814,0,0,1
current_none,17.575,15.71125,10,0,0,4.02868983745,3.43836203814,0,0,1
current_none,17.6,15.71125,10,0,0,4.02868983745,3.43836203814,0,0,1
current_none,17.625,15.71125,10,0,0,4.02868983745,3.43836203814,0,0,1
current_none,17.65,15.71125,10,0,0,4.02868983745,3.43836203814,0,0,1
current_none,17.675,15.71125,10,0,0,4.02868983745,3.43836203814,0,0,1
current_none,17.7,15.71125,10,0,0,4.02868983745,3.43836203814,0,0,1
current_none,17.725,15.71125,10,0,0,4.02868983745,3.43836203814,0,0,1
current_none,17.75,15.71125,10,0,0,4.02868983745,3.43836203814,0,0,1
current_none,17.775,15.71125,10,0,0,4.02868983745,3.43836203814,0,0,1
current_none,17.8,15.71125,10,0,0,4.02868983745,3.43836203814,0,0,1
current_none,17.825,15.71125,10,0,0,4.02868983745,3.43836203814,0,0,1
current_none,17.85,15.71125,10,0,0,4.02868983745,3.43836203814,0,0,1
current_none,17.875,15.71125,10,0,0,4.02868983745,3.43836203814,0,0,1
current_none,17.9,15.71125,10,0,0,4.02868983745,3.43836203814,0,0,1
current_none,17.925,15.71125,10,0,0,4.02868983745,3.43836203814,0,0,1
current_none,17.95,15.71125,10,0,0,4.02868983745,3.43836203814,0,0,1
current_none,17.975,15.71125,10,0,0,4.02868983745,3.43836203814,0,0,1
current_none,18,15.71125,10,0,0,4.02868983745,3.43836203814,0,0,1
current_none,18.025,15.71125,10,0,0,4.02868983745,3.43836203814,0,0,1
current_none,18.05,15.71125,10,0,0,4.02868983745,3.43836203814,0,0,1
current_none,18.075,15.71125,10,0,0,4.02868983745,3.43836203814,0,0,1
current_none,18.1,15.71125,10,0,0,4.02868983745,3.43836203814,0,0,1
current_none,18.125,15.71125,10,0,0,4.02868983745,3.43836203814,0,0,1
current_none,18.15,15.71125,10,0,0,4.02868983745,3.43836203814,0,0,1
current_none,18.175,15.71125,10,0,0,4.02868983745,3.43836203814,0,0,1
current_none,18.2,15.71125,10,0,0,4.02868983745,3.43836203814,0,0,1
current_none,18.225,15.71125,10,0,0,4.02868983745,3.43836203814,0,0,1
current_none,18.25,15.71125,10,0,0,4.02868983745,3.43836203814,0,0,1
current_none,18.275,15.71125,10,0,0,4.02868983745,3.43836203814,0,0,1
current_none,18.3,15.71125,10,0,0,4.02868983745,3.43836203814,0,0,1
current_none,18.325,15.71125,10,0,0,4.02868983745,3.43836203814,0,0,1
current_none,18.35,15.71125,10,0,0,4.02868983745,3.43836203814,0,0,1
current_none,18.375,15.71125,10,0,0,4.02868983745,3.43836203814,0,0,1
current_none,18.4,15.71125,10,0,0,4.02868983745,3.43836203814,0,0,1
current_none,18.425,15.71125,10,0,0,4.02868983745,3.43836203814,0,0,1
current_none,18.45,15.71125,10,0,0,4.02868983745,3.43836203814,0,0,1
current_none,18.475,15.71125,10,0,0,4.02868983745,3.43836203814,0,0,1
current_none,18.5,15.71125,10,0,0,4.02868983745,3.43836203814,0,0,1
current_none,18.525,15.71125,10,0,0,4.02868983745,3.43836203814,0,0,1
current_none,18.55,15.71125,10,0,0,4.02868983745,3.43836203814,0,0,1
current_none,18.575,15.71125,10,0,0,4.02868983745,3.43836203814,0,0,1
current_none,18.6,15.71125,10,0,0,4.02868983745,3.43836203814,0,0,1
current_none,18.625,15.71125,10,0,0,4.02868983745,3.43836203814,0,0,1
current_none,18.65,15.71125,10,0,0,4.02868983745,3.43836203814,0,0,1
current_none,18.675,15.71125,10,0,0,4.02868983745,3.43836203814,0,0,1
current_none,18.7,15.71125,10,0,0,4.02868983745,3.43836203814,0,0,1
current_none,18.725,15.71125,10,0,0,4.02868983745,3.43836203814,0,0,1
current_none,18.75,15.71125,10,0,0,4.02868983745,3.43836203814,0,0,1
current_none,18.775,15.71125,10,0,0,4.02868983745,3.43836203814,0,0,1
current_none,18.8,15.71125,10,0,0,4.02868983745,3.43836203814,0,0,1
current_none,18.825,15.71125,10,0,0,4.02868983745,3.43836203814,0,0,1
current_none,18.85,15.71125,10,0,0,4.02868983745,3.43836203814,0,0,1
current_none,18.875,15.71125,10,0,0,4.02868983745,3.43836203814,0,0,1
current_none,18.9,15.71125,10,0,0,4.02868983745,3.43836203814,0,0,1
current_none,18.925,15.71125,10,0,0,4.02868983745,3.43836203814,0,0,1
current_none,18.95,15.71125,10,0,0,4.02868983745,3.43836203814,0,0,1
current_none,18.975,15.71125,10,0,0,4.02868983745,3.43836203814,0,0,1
current_none,19,15.71125,10,0,0,4.02868983745,3.43836203814,0,0,1
current_none,19.025,15.71125,10,0,0,4.02868983745,3.43836203814,0,0,1
current_none,19.05,15.71125,10,0,0,4.02868983745,3.43836203814,0,0,1
current_none,19.075,15.71125,10,0,0,4.02868983745,3.43836203814,0,0,1
current_none,19.1,15.71125,10,0,0,4.02868983745,3.43836203814,0,0,1
current_none,19.125,15.71125,10,0,0,4.02868983745,3.43836203814,0,0,1
current_none,19.15,15.71125,10,0,0,4.02868983745,3.43836203814,0,0,1
current_none,19.175,15.71125,10,0,0,4.02868983745,3.43836203814,0,0,1
current_none,19.2,15.71125,10,0,0,4.02868983745,3.43836203814,0,0,1
current_none,19.225,15.71125,10,0,0,4.02868983745,3.43836203814,0,0,1
current_none,19.25,15.71125,10,0,0,4.02868983745,3.43836203814,0,0,1
current_none,19.275,15.71125,10,0,0,4.02868983745,3.43836203814,0,0,1
current_none,19.3,15.71125,10,0,0,4.02868983745,3.43836203814,0,0,1
current_none,19.325,15.71125,10,0,0,4.02868983745,3.43836203814,0,0,1
current_none,19.35,15.71125,10,0,0,4.02868983745,3.43836203814,0,0,1
current_none,19.375,15.71125,10,0,0,4.02868983745,3.43836203814,0,0,1
current_none,19.4,15.71125,10,0,0,4.02868983745,3.43836203814,0,0,1
current_none,19.425,15.71125,10,0,0,4.02868983745,3.43836203814,0,0,1
current_none,19.45,15.71125,10,0,0,4.02868983745,3.43836203814,0,0,1
current_none,19.475,15.71125,10,0,0,4.02868983745,3.43836203814,0,0,1
current_none,19.5,15.71125,10,0,0,4.02868983745,3.43836203814,0,0,1
current_none,19.525,15.71125,10,0,0,4.02868983745,3.43836203814,0,0,1
current_none,19.55,15.71125,10,0,0,4.02868983745,3.43836203814,0,0,1
current_none,19.575,15.71125,10,0,0,4.02868983745,3.43836203814,0,0,1
current_none,19.6,15.71125,10,0,0,4.02868983745,3.43836203814,0,0,1
current_none,19.625,15.71125,10,0,0,4.02868983745,3.43836203814,0,0,1
current_none,19.65,15.71125,10,0,0,4.02868983745,3.43836203814,0,0,1
current_none,19.675,15.71125,10,0,0,4.02868983745,3.43836203814,0,0,1
current_none,19.7,15.71125,10,0,0,4.02868983745,3.43836203814,0,0,1
current_none,19.725,15.71125,10,0,0,4.02868983745,3.43836203814,0,0,1
current_none,19.75,15.71125,10,0,0,4.02868983745,3.43836203814,0,0,1
current_none,19.775,15.71125,10,0,0,4.02868983745,3.43836203814,0,0,1
current_none,19.8,15.71125,10,0,0,4.02868983745,3.43836203814,0,0,1
current_none,19.825,15.71125,10,0,0,4.02868983745,3.43836203814,0,0,1
current_none,19.85,15.71125,10,0,0,4.02868983745,3.43836203814,0,0,1
current_none,19.875,15.71125,10,0,0,4.02868983745,3.43836203814,0,0,1
current_none,19.9,15.71125,10,0,0,4.02868983745,3.43836203814,0,0,1
current_none,19.925,15.71125,10,0,0,4.02868983745,3.43836203814,0,0,1
current_none,19.95,15.71125,10,0,0,4.02868983745,3.43836203814,0,0,1
current_none,19.975,15.71125,10,0,0,4.02868983745,3.43836203814,0,0,1
current_none,20,15.71125,10,0,0,4.02868983745,3.43836203814,0,0,1
current_none,20.025,15.71125,10,0,0,4.02868983745,3.43836203814,0,0,1
current_none,20.05,15.71125,10,0,0,4.02868983745,3.43836203814,0,0,1
current_none,20.075,15.71125,10,0,0,4.02868983745,3.43836203814,0,0,1
current_none,20.1,15.71125,10,0,0,4.02868983745,3.43836203814,0,0,1
current_none,20.125,15.71125,10,0,0,4.02868983745,3.43836203814,0,0,1
current_none,20.15,15.71125,10,0,0,4.02868983745,3.43836203814,0,0,1
current_none,20.175,15.71125,10,0,0,4.02868983745,3.43836203814,0,0,1
current_none,20.2,15.71125,10,0,0,4.02868983745,3.43836203814,0,0,1
current_none,20.225,15.71125,10,0,0,4.02868983745,3.43836203814,0,0,1
current_none,20.25,15.71125,10,0,0,4.02868983745,3.43836203814,0,0,1
current_none,20.275,15.71125,10,0,0,4.02868983745,3.43836203814,0,0,1
current_none,20.3,15.71125,10,0,0,4.02868983745,3.43836203814,0,0,1
current_none,20.325,15.71125,10,0,0,4.02868983745,3.43836203814,0,0,1
current_none,20.35,15.71125,10,0,0,4.02868983745,3.43836203814,0,0,1
current_none,20.375,15.71125,10,0,0,4.02868983745,3.43836203814,0,0,1
current_none,20.4,15.71125,10,0,0,4.02868983745,3.43836203814,0,0,1
current_none,20.425,15.71125,10,0,0,4.02868983745,3.43836203814,0,0,1
current_none,20.45,15.71125,10,0,0,4.02868983745,3.43836203814,0,0,1
current_none,20.475,15.71125,10,0,0,4.02868983745,3.43836203814,0,0,1
current_none,20.5,15.71125,10,0,0,4.02868983745,3.43836203814,0,0,1
current_none,20.525,15.71125,10,0,0,4.02868983745,3.43836203814,0,0,1
current_none,20.55,15.71125,10,0,0,4.02868983745,3.43836203814,0,0,1
current_none,20.575,15.71125,10,0,0,4.02868983745,3.43836203814,0,0,1
current_none,20.6,15.71125,10,0,0,4.02868983745,3.43836203814,0,0,1
current_none,20.625,15.71125,10,0,0,4.02868983745,3.43836203814,0,0,1
current_none,20.65,15.71125,10,0,0,4.02868983745,3.43836203814,0,0,1
current_none,20.675,15.71125,10,0,0,4.02868983745,3.43836203814,0,0,1
current_none,20.7,15.71125,10,0,0,4.02868983745,3.43836203814,0,0,1
current_none,20.725,15.71125,10,0,0,4.02868983745,3.43836203814,0,0,1
current_none,20.75,15.71125,10,0,0,4.02868983745,3.43836203814,0,0,1
current_none,20.775,15.71125,10,0,0,4.02868983745,3.43836203814,0,0,1
current_none,20.8,15.71125,10,0,0,4.02868983745,3.43836203814,0,0,1
current_none,20.825,15.71125,10,0,0,4.02868983745,3.43836203814,0,0,1
current_none,20.85,15.71125,10,0,0,4.02868983745,3.43836203814,0,0,1
current_none,20.875,15.71125,10,0,0,4.02868983745,3.43836203814,0,0,1
current_none,20.9,15.71125,10,0,0,4.02868983745,3.43836203814,0,0,1
current_none,20.925,15.71125,10,0,0,4.02868983745,3.43836203814,0,0,1
current_none,20.95,15.71125,10,0,0,4.02868983745,3.43836203814,0,0,1
current_none,20.975,15.71125,10,0,0,4.02868983745,3.43836203814,0,0,1
current_none,21,15.71125,10,0,0,4.02868983745,3.43836203814,0,0,1
current_none,21.025,15.71125,10,0,0,4.02868983745,3.43836203814,0,0,1
current_none,21.05,15.71125,10,0,0,4.02868983745,3.43836203814,0,0,1
current_none,21.075,15.71125,10,0,0,4.02868983745,3.43836203814,0,0,1
current_none,21.1,15.71125,10,0,0,4.02868983745,3.43836203814,0,0,1
current_none,21.125,15.71125,10,0,0,4.02868983745,3.43836203814,0,0,1
current_none,21.15,15.71125,10,0,0,4.02868983745,3.43836203814,0,0,1
current_none,21.175,15.71125,10,0,0,4.02868983745,3.43836203814,0,0,1
current_none,21.2,15.71125,10,0,0,4.02868983745,3.43836203814,0,0,1
current_none,21.225,15.71125,10,0,0,4.02868983745,3.43836203814,0,0,1
current_none,21.25,15.71125,10,0,0,4.02868983745,3.43836203814,0,0,1
current_none,21.275,15.71125,10,0,0,4.02868983745,3.43836203814,0,0,1
current_none,21.3,15.71125,10,0,0,4.02868983745,3.43836203814,0,0,1
current_none,21.325,15.71125,10,0,0,4.02868983745,3.43836203814,0,0,1
current_none,21.35,15.71125,10,0,0,4.02868983745,3.43836203814,0,0,1
current_none,21.375,15.71125,10,0,0,4.02868983745,3.43836203814,0,0,1
current_none,21.4,15.71125,10,0,0,4.02868983745,3.43836203814,0,0,1
current_none,21.425,15.71125,10,0,0,4.02868983745,3.43836203814,0,0,1
current_none,21.45,15.71125,10,0,0,4.02868983745,3.43836203814,0,0,1
current_none,21.475,15.71125,10,0,0,4.02868983745,3.43836203814,0,0,1
current_none,21.5,15.71125,10,0,0,4.02868983745,3.43836203814,0,0,1
current_none,21.525,15.71125,10,0,0,4.02868983745,3.43836203814,0,0,1
current_none,21.55,15.71125,10,0,0,4.02868983745,3.43836203814,0,0,1
current_none,21.575,15.71125,10,0,0,4.02868983745,3.43836203814,0,0,1
current_none,21.6,15.71125,10,0,0,4.02868983745,3.43836203814,0,0,1
current_none,21.625,15.71125,10,0,0,4.02868983745,3.43836203814,0,0,1
current_none,21.65,15.71125,10,0,0,4.02868983745,3.43836203814,0,0,1
current_none,21.675,15.71125,10,0,0,4.02868983745,3.43836203814,0,0,1
current_none,21.7,15.71125,10,0,0,4.02868983745,3.43836203814,0,0,1
current_none,21.725,15.71125,10,0,0,4.02868983745,3.43836203814,0,0,1
current_none,21.75,15.71125,10,0,0,4.02868983745,3.43836203814,0,0,1
current_none,21.775,15.71125,10,0,0,4.02868983745,3.43836203814,0,0,1
current_none,21.8,15.71125,10,0,0,4.02868983745,3.43836203814,0,0,1
current_none,21.825,15.71125,10,0,0,4.02868983745,3.43836203814,0,0,1
current_none,21.85,15.71125,10,0,0,4.02868983745,3.43836203814,0,0,1
current_none,21.875,15.71125,10,0,0,4.02868983745,3.43836203814,0,0,1
current_none,21.9,15.71125,10,0,0,4.02868983745,3.43836203814,0,0,1
current_none,21.925,15.71125,10,0,0,4.02868983745,3.43836203814,0,0,1
current_none,21.95,15.71125,10,0,0,4.02868983745,3.43836203814,0,0,1
current_none,21.975,15.71125,10,0,0,4.02868983745,3.43836203814,0,0,1
current_none,22,15.71125,10,0,0,4.02868983745,3.43836203814,0,0,1
current_none,22.025,15.71125,10,0,0,4.02868983745,3.43836203814,0,0,1
current_none,22.05,15.71125,10,0,0,4.02868983745,3.43836203814,0,0,1
current_none,22.075,15.71125,10,0,0,4.02868983745,3.43836203814,0,0,1
current_none,22.1,15.71125,10,0,0,4.02868983745,3.43836203814,0,0,1
current_none,22.125,15.71125,10,0,0,4.02868983745,3.43836203814,0,0,1
current_none,22.15,15.71125,10,0,0,4.02868983745,3.43836203814,0,0,1
current_none,22.175,15.71125,10,0,0,4.02868983745,3.43836203814,0,0,1
current_none,22.2,15.71125,10,0,0,4.02868983745,3.43836203814,0,0,1
current_none,22.225,15.71125,10,0,0,4.02868983745,3.43836203814,0,0,1
current_none,22.25,15.71125,10,0,0,4.02868983745,3.43836203814,0,0,1
current_none,22.275,15.71125,10,0,0,4.02868983745,3.43836203814,0,0,1
current_none,22.3,15.71125,10,0,0,4.02868983745,3.43836203814,0,0,1
current_none,22.325,15.71125,10,0,0,4.02868983745,3.43836203814,0,0,1
current_none,22.35,15.71125,10,0,0,4.02868983745,3.43836203814,0,0,1
current_none,22.375,15.71125,10,0,0,4.02868983745,3.43836203814,0,0,1
current_none,22.4,15.71125,10,0,0,4.02868983745,3.43836203814,0,0,1
current_none,22.425,15.71125,10,0,0,4.02868983745,3.43836203814,0,0,1
current_none,22.45,15.71125,10,0,0,4.02868983745,3.43836203814,0,0,1
current_none,22.475,15.71125,10,0,0,4.02868983745,3.43836203814,0,0,1
current_none,22.5,15.71125,10,0,0,4.02868983745,3.43836203814,0,0,1
current_none,22.525,15.71125,10,0,0,4.02868983745,3.43836203814,0,0,1
current_none,22.55,15.71125,10,0,0,4.02868983745,3.43836203814,0,0,1
current_none,22.575,15.71125,10,0,0,4.02868983745,3.43836203814,0,0,1
current_none,22.6,15.71125,10,0,0,4.02868983745,3.43836203814,0,0,1
current_none,22.625,15.71125,10,0,0,4.02868983745,3.43836203814,0,0,1
current_none,22.65,15.71125,10,0,0,4.02868983745,3.43836203814,0,0,1
current_none,22.675,15.71125,10,0,0,4.02868983745,3.43836203814,0,0,1
current_none,22.7,15.71125,10,0,0,4.02868983745,3.43836203814,0,0,1
current_none,22.725,15.71125,10,0,0,4.02868983745,3.43836203814,0,0,1
current_none,22.75,15.71125,10,0,0,4.02868983745,3.43836203814,0,0,1
current_none,22.775,15.71125,10,0,0,4.02868983745,3.43836203814,0,0,1
current_none,22.8,15.71125,10,0,0,4.02868983745,3.43836203814,0,0,1
current_none,22.825,15.71125,10,0,0,4.02868983745,3.43836203814,0,0,1
current_none,22.85,15.71125,10,0,0,4.02868983745,3.43836203814,0,0,1
current_none,22.875,15.71125,10,0,0,4.02868983745,3.43836203814,0,0,1
current_none,22.9,15.71125,10,0,0,4.02868983745,3.43836203814,0,0,1
current_none,22.925,15.71125,10,0,0,4.02868983745,3.43836203814,0,0,1
current_none,22.95,15.71125,10,0,0,4.02868983745,3.43836203814,0,0,1
current_none,22.975,15.71125,10,0,0,4.02868983745,3.43836203814,0,0,1
current_none,23,15.71125,10,0,0,4.02868983745,3.43836203814,0,0,1
current_none,23.025,15.71125,10,0,0,4.02868983745,3.43836203814,0,0,1
current_none,23.05,15.71125,10,0,0,4.02868983745,3.43836203814,0,0,1
current_none,23.075,15.71125,10,0,0,4.02868983745,3.43836203814,0,0,1
current_none,23.1,15.71125,10,0,0,4.02868983745,3.43836203814,0,0,1
current_none,23.125,15.71125,10,0,0,4.02868983745,3.43836203814,0,0,1
current_none,23.15,15.71125,10,0,0,4.02868983745,3.43836203814,0,0,1
current_none,23.175,15.71125,10,0,0,4.02868983745,3.43836203814,0,0,1
current_none,23.2,15.71125,10,0,0,4.02868983745,3.43836203814,0,0,1
current_none,23.225,15.71125,10,0,0,4.02868983745,3.43836203814,0,0,1
current_none,23.25,15.71125,10,0,0,4.02868983745,3.43836203814,0,0,1
current_none,23.275,15.71125,10,0,0,4.02868983745,3.43836203814,0,0,1
current_none,23.3,15.71125,10,0,0,4.02868983745,3.43836203814,0,0,1
current_none,23.325,15.71125,10,0,0,4.02868983745,3.43836203814,0,0,1
current_none,23.35,15.71125,10,0,0,4.02868983745,3.43836203814,0,0,1
current_none,23.375,15.71125,10,0,0,4.02868983745,3.43836203814,0,0,1
current_none,23.4,15.71125,10,0,0,4.02868983745,3.43836203814,0,0,1
current_none,23.425,15.71125,10,0,0,4.02868983745,3.43836203814,0,0,1
current_none,23.45,15.71125,10,0,0,4.02868983745,3.43836203814,0,0,1
current_none,23.475,15.71125,10,0,0,4.02868983745,3.43836203814,0,0,1
current_none,23.5,15.71125,10,0,0,4.02868983745,3.43836203814,0,0,1
current_none,23.525,15.71125,10,0,0,4.02868983745,3.43836203814,0,0,1
current_none,23.55,15.71125,10,0,0,4.02868983745,3.43836203814,0,0,1
current_none,23.575,15.71125,10,0,0,4.02868983745,3.43836203814,0,0,1
current_none,23.6,15.71125,10,0,0,4.02868983745,3.43836203814,0,0,1
current_none,23.625,15.71125,10,0,0,4.02868983745,3.43836203814,0,0,1
current_none,23.65,15.71125,10,0,0,4.02868983745,3.43836203814,0,0,1
current_none,23.675,15.71125,10,0,0,4.02868983745,3.43836203814,0,0,1
current_none,23.7,15.71125,10,0,0,4.02868983745,3.43836203814,0,0,1
current_none,23.725,15.71125,10,0,0,4.02868983745,3.43836203814,0,0,1
current_none,23.75,15.71125,10,0,0,4.02868983745,3.43836203814,0,0,1
current_none,23.775,15.71125,10,0,0,4.02868983745,3.43836203814,0,0,1
current_none,23.8,15.71125,10,0,0,4.02868983745,3.43836203814,0,0,1
current_none,23.825,15.71125,10,0,0,4.02868983745,3.43836203814,0,0,1
current_none,23.85,15.71125,10,0,0,4.02868983745,3.43836203814,0,0,1
current_none,23.875,15.71125,10,0,0,4.02868983745,3.43836203814,0,0,1
current_none,23.9,15.71125,10,0,0,4.02868983745,3.43836203814,0,0,1
current_none,23.925,15.71125,10,0,0,4.02868983745,3.43836203814,0,0,1
current_none,23.95,15.71125,10,0,0,4.02868983745,3.43836203814,0,0,1
current_none,23.975,15.71125,10,0,0,4.02868983745,3.43836203814,0,0,1
current_none,24,15.71125,10,0,0,4.02868983745,3.43836203814,0,0,1
current_none,24.025,15.71125,10,0,0,4.02868983745,3.43836203814,0,0,1
current_none,24.05,15.71125,10,0,0,4.02868983745,3.43836203814,0,0,1
current_none,24.075,15.71125,10,0,0,4.02868983745,3.43836203814,0,0,1
current_none,24.1,15.71125,10,0,0,4.02868983745,3.43836203814,0,0,1
current_none,24.125,15.71125,10,0,0,4.02868983745,3.43836203814,0,0,1
current_none,24.15,15.71125,10,0,0,4.02868983745,3.43836203814,0,0,1
current_none,24.175,15.71125,10,0,0,4.02868983745,3.43836203814,0,0,1
current_none,24.2,15.71125,10,0,0,4.02868983745,3.43836203814,0,0,1
current_none,24.225,15.71125,10,0,0,4.02868983745,3.43836203814,0,0,1
current_none,24.25,15.71125,10,0,0,4.02868983745,3.43836203814,0,0,1
current_none,24.275,15.71125,10,0,0,4.02868983745,3.43836203814,0,0,1
current_none,24.3,15.71125,10,0,0,4.02868983745,3.43836203814,0,0,1
current_none,24.325,15.71125,10,0,0,4.02868983745,3.43836203814,0,0,1
current_none,24.35,15.71125,10,0,0,4.02868983745,3.43836203814,0,0,1
current_none,24.375,15.71125,10,0,0,4.02868983745,3.43836203814,0,0,1
current_none,24.4,15.71125,10,0,0,4.02868983745,3.43836203814,0,0,1
current_none,24.425,15.71125,10,0,0,4.02868983745,3.43836203814,0,0,1
current_none,24.45,15.71125,10,0,0,4.02868983745,3.43836203814,0,0,1
current_none,24.475,15.71125,10,0,0,4.02868983745,3.43836203814,0,0,1
current_none,24.5,15.71125,10,0,0,4.02868983745,3.43836203814,0,0,1
current_none,24.525,15.71125,10,0,0,4.02868983745,3.43836203814,0,0,1
current_none,24.55,15.71125,10,0,0,4.02868983745,3.43836203814,0,0,1
current_none,24.575,15.71125,10,0,0,4.02868983745,3.43836203814,0,0,1
current_none,24.6,15.71125,10,0,0,4.02868983745,3.43836203814,0,0,1
current_none,24.625,15.71125,10,0,0,4.02868983745,3.43836203814,0,0,1
current_none,24.65,15.71125,10,0,0,4.02868983745,3.43836203814,0,0,1
current_none,24.675,15.71125,10,0,0,4.02868983745,3.43836203814,0,0,1
current_none,24.7,15.71125,10,0,0,4.02868983745,3.43836203814,0,0,1
current_none,24.725,15.71125,10,0,0,4.02868983745,3.43836203814,0,0,1
current_none,24.75,15.71125,10,0,0,4.02868983745,3.43836203814,0,0,1
current_none,24.775,15.71125,10,0,0,4.02868983745,3.43836203814,0,0,1
current_none,24.8,15.71125,10,0,0,4.02868983745,3.43836203814,0,0,1
current_none,24.825,15.71125,10,0,0,4.02868983745,3.43836203814,0,0,1
current_none,24.85,15.71125,10,0,0,4.02868983745,3.43836203814,0,0,1
current_none,24.875,15.71125,10,0,0,4.02868983745,3.43836203814,0,0,1
current_none,24.9,15.71125,10,0,0,4.02868983745,3.43836203814,0,0,1
current_none,24.925,15.71125,10,0,0,4.02868983745,3.43836203814,0,0,1
current_none,24.95,15.71125,10,0,0,4.02868983745,3.43836203814,0,0,1
current_none,24.975,15.71125,10,0,0,4.02868983745,3.43836203814,0,0,1
current_none,25,15.71125,10,0,0,4.02868983745,3.43836203814,0,0,1
current_none,25.025,15.71125,10,0,0,4.02868983745,3.43836203814,0,0,1
current_none,25.05,15.71125,10,0,0,4.02868983745,3.43836203814,0,0,1
current_none,25.075,15.71125,10,0,0,4.02868983745,3.43836203814,0,0,1
current_none,25.1,15.71125,10,0,0,4.02868983745,3.43836203814,0,0,1
current_none,25.125,15.71125,10,0,0,4.02868983745,3.43836203814,0,0,1
current_none,25.15,15.71125,10,0,0,4.02868983745,3.43836203814,0,0,1
current_none,25.175,15.71125,10,0,0,4.02868983745,3.43836203814,0,0,1
current_none,25.2,15.71125,10,0,0,4.02868983745,3.43836203814,0,0,1
current_none,25.225,15.71125,10,0,0,4.02868983745,3.43836203814,0,0,1
current_none,25.25,15.71125,10,0,0,4.02868983745,3.43836203814,0,0,1
current_none,25.275,15.71125,10,0,0,4.02868983745,3.43836203814,0,0,1
current_none,25.3,15.71125,10,0,0,4.02868983745,3.43836203814,0,0,1
current_none,25.325,15.71125,10,0,0,4.02868983745,3.43836203814,0,0,1
current_none,25.35,15.71125,10,0,0,4.02868983745,3.43836203814,0,0,1
current_none,25.375,15.71125,10,0,0,4.02868983745,3.43836203814,0,0,1
current_none,25.4,15.71125,10,0,0,4.02868983745,3.43836203814,0,0,1
current_none,25.425,15.71125,10,0,0,4.02868983745,3.43836203814,0,0,1
current_none,25.45,15.71125,10,0,0,4.02868983745,3.43836203814,0,0,1
current_none,25.475,15.71125,10,0,0,4.02868983745,3.43836203814,0,0,1
current_none,25.5,15.71125,10,0,0,4.02868983745,3.43836203814,0,0,1
current_none,25.525,15.71125,10,0,0,4.02868983745,3.43836203814,0,0,1
current_none,25.55,15.71125,10,0,0,4.02868983745,3.43836203814,0,0,1
current_none,25.575,15.71125,10,0,0,4.02868983745,3.43836203814,0,0,1
current_none,25.6,15.71125,10,0,0,4.02868983745,3.43836203814,0,0,1
current_none,25.625,15.71125,10,0,0,4.02868983745,3.43836203814,0,0,1
current_none,25.65,15.71125,10,0,0,4.02868983745,3.43836203814,0,0,1
current_none,25.675,15.71125,10,0,0,4.02868983745,3.43836203814,0,0,1
current_none,25.7,15.71125,10,0,0,4.02868983745,3.43836203814,0,0,1
current_none,25.725,15.71125,10,0,0,4.02868983745,3.43836203814,0,0,1
current_none,25.75,15.71125,10,0,0,4.02868983745,3.43836203814,0,0,1
current_none,25.775,15.71125,10,0,0,4.02868983745,3.43836203814,0,0,1
current_none,25.8,15.71125,10,0,0,4.02868983745,3.43836203814,0,0,1
current_none,25.825,15.71125,10,0,0,4.02868983745,3.43836203814,0,0,1
current_none,25.85,15.71125,10,0,0,4.02868983745,3.43836203814,0,0,1
current_none,25.875,15.71125,10,0,0,4.02868983745,3.43836203814,0,0,1
current_none,25.9,15.71125,10,0,0,4.02868983745,3.43836203814,0,0,1
current_none,25.925,15.71125,10,0,0,4.02868983745,3.43836203814,0,0,1
current_none,25.95,15.71125,10,0,0,4.02868983745,3.43836203814,0,0,1
current_none,25.975,15.71125,10,0,0,4.02868983745,3.43836203814,0,0,1
current_none,26,15.71125,10,0,0,4.02868983745,3.43836203814,0,0,1
current_none,26.025,15.71125,10,0,0,4.02868983745,3.43836203814,0,0,1
current_none,26.05,15.71125,10,0,0,4.02868983745,3.43836203814,0,0,1
current_none,26.075,15.71125,10,0,0,4.02868983745,3.43836203814,0,0,1
current_none,26.1,15.71125,10,0,0,4.02868983745,3.43836203814,0,0,1
current_none,26.125,15.71125,10,0,0,4.02868983745,3.43836203814,0,0,1
current_none,26.15,15.71125,10,0,0,4.02868983745,3.43836203814,0,0,1
current_none,26.175,15.71125,10,0,0,4.02868983745,3.43836203814,0,0,1
current_none,26.2,15.71125,10,0,0,4.02868983745,3.43836203814,0,0,1
current_none,26.225,15.71125,10,0,0,4.02868983745,3.43836203814,0,0,1
current_none,26.25,15.71125,10,0,0,4.02868983745,3.43836203814,0,0,1
current_none,26.275,15.71125,10,0,0,4.02868983745,3.43836203814,0,0,1
current_none,26.3,15.71125,10,0,0,4.02868983745,3.43836203814,0,0,1
current_none,26.325,15.71125,10,0,0,4.02868983745,3.43836203814,0,0,1
current_none,26.35,15.71125,10,0,0,4.02868983745,3.43836203814,0,0,1
current_none,26.375,15.71125,10,0,0,4.02868983745,3.43836203814,0,0,1
current_none,26.4,15.71125,10,0,0,4.02868983745,3.43836203814,0,0,1
current_none,26.425,15.71125,10,0,0,4.02868983745,3.43836203814,0,0,1
current_none,26.45,15.71125,10,0,0,4.02868983745,3.43836203814,0,0,1
current_none,26.475,15.71125,10,0,0,4.02868983745,3.43836203814,0,0,1
current_none,26.5,15.71125,10,0,0,4.02868983745,3.43836203814,0,0,1
current_none,26.525,15.71125,10,0,0,4.02868983745,3.43836203814,0,0,1
current_none,26.55,15.71125,10,0,0,4.02868983745,3.43836203814,0,0,1
current_none,26.575,15.71125,10,0,0,4.02868983745,3.43836203814,0,0,1
current_none,26.6,15.71125,10,0,0,4.02868983745,3.43836203814,0,0,1
current_none,26.625,15.71125,10,0,0,4.02868983745,3.43836203814,0,0,1
current_none,26.65,15.71125,10,0,0,4.02868983745,3.43836203814,0,0,1
current_none,26.675,15.71125,10,0,0,4.02868983745,3.43836203814,0,0,1
current_none,26.7,15.71125,10,0,0,4.02868983745,3.43836203814,0,0,1
current_none,26.725,15.71125,10,0,0,4.02868983745,3.43836203814,0,0,1
current_none,26.75,15.71125,10,0,0,4.02868983745,3.43836203814,0,0,1
current_none,26.775,15.71125,10,0,0,4.02868983745,3.43836203814,0,0,1
current_none,26.8,15.71125,10,0,0,4.02868983745,3.43836203814,0,0,1
current_none,26.825,15.71125,10,0,0,4.02868983745,3.43836203814,0,0,1
current_none,26.85,15.71125,10,0,0,4.02868983745,3.43836203814,0,0,1
current_none,26.875,15.71125,10,0,0,4.02868983745,3.43836203814,0,0,1
current_none,26.9,15.71125,10,0,0,4.02868983745,3.43836203814,0,0,1
current_none,26.925,15.71125,10,0,0,4.02868983745,3.43836203814,0,0,1
current_none,26.95,15.71125,10,0,0,4.02868983745,3.43836203814,0,0,1
current_none,26.975,15.71125,10,0,0,4.02868983745,3.43836203814,0,0,1
current_none,27,15.71125,10,0,0,4.02868983745,3.43836203814,0,0,1
current_none,27.025,15.71125,10,0,0,4.02868983745,3.43836203814,0,0,1
current_none,27.05,15.71125,10,0,0,4.02868983745,3.43836203814,0,0,1
current_none,27.075,15.71125,10,0,0,4.02868983745,3.43836203814,0,0,1
current_none,27.1,15.71125,10,0,0,4.02868983745,3.43836203814,0,0,1
current_none,27.125,15.71125,10,0,0,4.02868983745,3.43836203814,0,0,1
current_none,27.15,15.71125,10,0,0,4.02868983745,3.43836203814,0,0,1
current_none,27.175,15.71125,10,0,0,4.02868983745,3.43836203814,0,0,1
current_none,27.2,15.71125,10,0,0,4.02868983745,3.43836203814,0,0,1
current_none,27.225,15.71125,10,0,0,4.02868983745,3.43836203814,0,0,1
current_none,27.25,15.71125,10,0,0,4.02868983745,3.43836203814,0,0,1
current_none,27.275,15.71125,10,0,0,4.02868983745,3.43836203814,0,0,1
current_none,27.3,15.71125,10,0,0,4.02868983745,3.43836203814,0,0,1
current_none,27.325,15.71125,10,0,0,4.02868983745,3.43836203814,0,0,1
current_none,27.35,15.71125,10,0,0,4.02868983745,3.43836203814,0,0,1
current_none,27.375,15.71125,10,0,0,4.02868983745,3.43836203814,0,0,1
current_none,27.4,15.71125,10,0,0,4.02868983745,3.43836203814,0,0,1
current_none,27.425,15.71125,10,0,0,4.02868983745,3.43836203814,0,0,1
current_none,27.45,15.71125,10,0,0,4.02868983745,3.43836203814,0,0,1
current_none,27.475,15.71125,10,0,0,4.02868983745,3.43836203814,0,0,1
current_none,27.5,15.71125,10,0,0,4.02868983745,3.43836203814,0,0,1
current_none,27.525,15.71125,10,0,0,4.02868983745,3.43836203814,0,0,1
current_none,27.55,15.71125,10,0,0,4.02868983745,3.43836203814,0,0,1
current_none,27.575,15.71125,10,0,0,4.02868983745,3.43836203814,0,0,1
current_none,27.6,15.71125,10,0,0,4.02868983745,3.43836203814,0,0,1
current_none,27.625,15.71125,10,0,0,4.02868983745,3.43836203814,0,0,1
current_none,27.65,15.71125,10,0,0,4.02868983745,3.43836203814,0,0,1
current_none,27.675,15.71125,10,0,0,4.02868983745,3.43836203814,0,0,1
current_none,27.7,15.71125,10,0,0,4.02868983745,3.43836203814,0,0,1
current_none,27.725,15.71125,10,0,0,4.02868983745,3.43836203814,0,0,1
current_none,27.75,15.71125,10,0,0,4.02868983745,3.43836203814,0,0,1
current_none,27.775,15.71125,10,0,0,4.02868983745,3.43836203814,0,0,1
current_none,27.8,15.71125,10,0,0,4.02868983745,3.43836203814,0,0,1
current_none,27.825,15.71125,10,0,0,4.02868983745,3.43836203814,0,0,1
current_none,27.85,15.71125,10,0,0,4.02868983745,3.43836203814,0,0,1
current_none,27.875,15.71125,10,0,0,4.02868983745,3.43836203814,0,0,1
current_none,27.9,15.71125,10,0,0,4.02868983745,3.43836203814,0,0,1
current_none,27.925,15.71125,10,0,0,4.02868983745,3.43836203814,0,0,1
current_none,27.95,15.71125,10,0,0,4.02868983745,3.43836203814,0,0,1
current_none,27.975,15.71125,10,0,0,4.02868983745,3.43836203814,0,0,1
current_none,28,15.71125,10,0,0,4.02868983745,3.43836203814,0,0,1
current_none,28.025,15.71125,10,0,0,4.02868983745,3.43836203814,0,0,1
current_none,28.05,15.71125,10,0,0,4.02868983745,3.43836203814,0,0,1
current_none,28.075,15.71125,10,0,0,4.02868983745,3.43836203814,0,0,1
current_none,28.1,15.71125,10,0,0,4.02868983745,3.43836203814,0,0,1
current_none,28.125,15.71125,10,0,0,4.02868983745,3.43836203814,0,0,1
current_none,28.15,15.71125,10,0,0,4.02868983745,3.43836203814,0,0,1
current_none,28.175,15.71125,10,0,0,4.02868983745,3.43836203814,0,0,1
current_none,28.2,15.71125,10,0,0,4.02868983745,3.43836203814,0,0,1
current_none,28.225,15.71125,10,0,0,4.02868983745,3.43836203814,0,0,1
current_none,28.25,15.71125,10,0,0,4.02868983745,3.43836203814,0,0,1
current_none,28.275,15.71125,10,0,0,4.02868983745,3.43836203814,0,0,1
current_none,28.3,15.71125,10,0,0,4.02868983745,3.43836203814,0,0,1
current_none,28.325,15.71125,10,0,0,4.02868983745,3.43836203814,0,0,1
current_none,28.35,15.71125,10,0,0,4.02868983745,3.43836203814,0,0,1
current_none,28.375,15.71125,10,0,0,4.02868983745,3.43836203814,0,0,1
current_none,28.4,15.71125,10,0,0,4.02868983745,3.43836203814,0,0,1
current_none,28.425,15.71125,10,0,0,4.02868983745,3.43836203814,0,0,1
current_none,28.45,15.71125,10,0,0,4.02868983745,3.43836203814,0,0,1
current_none,28.475,15.71125,10,0,0,4.02868983745,3.43836203814,0,0,1
current_none,28.5,15.71125,10,0,0,4.02868983745,3.43836203814,0,0,1
current_none,28.525,15.71125,10,0,0,4.02868983745,3.43836203814,0,0,1
current_none,28.55,15.71125,10,0,0,4.02868983745,3.43836203814,0,0,1
current_none,28.575,15.71125,10,0,0,4.02868983745,3.43836203814,0,0,1
current_none,28.6,15.71125,10,0,0,4.02868983745,3.43836203814,0,0,1
current_none,28.625,15.71125,10,0,0,4.02868983745,3.43836203814,0,0,1
current_none,28.65,15.71125,10,0,0,4.02868983745,3.43836203814,0,0,1
current_none,28.675,15.71125,10,0,0,4.02868983745,3.43836203814,0,0,1
current_none,28.7,15.71125,10,0,0,4.02868983745,3.43836203814,0,0,1
current_none,28.725,15.71125,10,0,0,4.02868983745,3.43836203814,0,0,1
current_none,28.75,15.71125,10,0,0,4.02868983745,3.43836203814,0,0,1
current_none,28.775,15.71125,10,0,0,4.02868983745,3.43836203814,0,0,1
current_none,28.8,15.71125,10,0,0,4.02868983745,3.43836203814,0,0,1
current_none,28.825,15.71125,10,0,0,4.02868983745,3.43836203814,0,0,1
current_none,28.85,15.71125,10,0,0,4.02868983745,3.43836203814,0,0,1
current_none,28.875,15.71125,10,0,0,4.02868983745,3.43836203814,0,0,1
current_none,28.9,15.71125,10,0,0,4.02868983745,3.43836203814,0,0,1
current_none,28.925,15.71125,10,0,0,4.02868983745,3.43836203814,0,0,1
current_none,28.95,15.71125,10,0,0,4.02868983745,3.43836203814,0,0,1
current_none,28.975,15.71125,10,0,0,4.02868983745,3.43836203814,0,0,1
current_none,29,15.71125,10,0,0,4.02868983745,3.43836203814,0,0,1
current_none,29.025,15.71125,10,0,0,4.02868983745,3.43836203814,0,0,1
current_none,29.05,15.71125,10,0,0,4.02868983745,3.43836203814,0,0,1
current_none,29.075,15.71125,10,0,0,4.02868983745,3.43836203814,0,0,1
current_none,29.1,15.71125,10,0,0,4.02868983745,3.43836203814,0,0,1
current_none,29.125,15.71125,10,0,0,4.02868983745,3.43836203814,0,0,1
current_none,29.15,15.71125,10,0,0,4.02868983745,3.43836203814,0,0,1
current_none,29.175,15.71125,10,0,0,4.02868983745,3.43836203814,0,0,1
current_none,29.2,15.71125,10,0,0,4.02868983745,3.43836203814,0,0,1
current_none,29.225,15.71125,10,0,0,4.02868983745,3.43836203814,0,0,1
current_none,29.25,15.71125,10,0,0,4.02868983745,3.43836203814,0,0,1
current_none,29.275,15.71125,10,0,0,4.02868983745,3.43836203814,0,0,1
current_none,29.3,15.71125,10,0,0,4.02868983745,3.43836203814,0,0,1
current_none,29.325,15.71125,10,0,0,4.02868983745,3.43836203814,0,0,1
current_none,29.35,15.71125,10,0,0,4.02868983745,3.43836203814,0,0,1
current_none,29.375,15.71125,10,0,0,4.02868983745,3.43836203814,0,0,1
current_none,29.4,15.71125,10,0,0,4.02868983745,3.43836203814,0,0,1
current_none,29.425,15.71125,10,0,0,4.02868983745,3.43836203814,0,0,1
current_none,29.45,15.71125,10,0,0,4.02868983745,3.43836203814,0,0,1
current_none,29.475,15.71125,10,0,0,4.02868983745,3.43836203814,0,0,1
current_none,29.5,15.71125,10,0,0,4.02868983745,3.43836203814,0,0,1
current_none,29.525,15.71125,10,0,0,4.02868983745,3.43836203814,0,0,1
current_none,29.55,15.71125,10,0,0,4.02868983745,3.43836203814,0,0,1
current_none,29.575,15.71125,10,0,0,4.02868983745,3.43836203814,0,0,1
current_none,29.6,15.71125,10,0,0,4.02868983745,3.43836203814,0,0,1
current_none,29.625,15.71125,10,0,0,4.02868983745,3.43836203814,0,0,1
current_none,29.65,15.71125,10,0,0,4.02868983745,3.43836203814,0,0,1
current_none,29.675,15.71125,10,0,0,4.02868983745,3.43836203814,0,0,1
current_none,29.7,15.71125,10,0,0,4.02868983745,3.43836203814,0,0,1
current_none,29.725,15.71125,10,0,0,4.02868983745,3.43836203814,0,0,1
current_none,29.75,15.71125,10,0,0,4.02868983745,3.43836203814,0,0,1
current_none,29.775,15.71125,10,0,0,4.02868983745,3.43836203814,0,0,1
current_none,29.8,15.71125,10,0,0,4.02868983745,3.43836203814,0,0,1
current_none,29.825,15.71125,10,0,0,4.02868983745,3.43836203814,0,0,1
current_none,29.85,15.71125,10,0,0,4.02868983745,3.43836203814,0,0,1
current_none,29.875,15.71125,10,0,0,4.02868983745,3.43836203814,0,0,1
current_none,29.9,15.71125,10,0,0,4.02868983745,3.43836203814,0,0,1
current_none,29.925,15.71125,10,0,0,4.02868983745,3.43836203814,0,0,1
current_none,29.95,15.71125,10,0,0,4.02868983745,3.43836203814,0,0,1
current_none,29.975,15.71125,10,0,0,4.02868983745,3.43836203814,0,0,1
current_none,30,15.71125,10,0,0,4.02868983745,3.43836203814,0,0,1
