scripts/run_six_behaviors.sh: 成功
scripts/env.sh: 成功
install/arena_humble_compat/lib/python3.11/site-packages/arena_humble_compat/hunav_six_behaviors_bridge.py: 成功
config/generated/jackal.urdf: 成功
install/arena_simulation_setup/share/arena_simulation_setup/configs/nav2/nav2.yaml: 成功
install/arena_simulation_setup/share/arena_simulation_setup/entities/robots/jackal/model_params.yaml: 成功
.conda/arena_ros/lib/libcontroller_server_core.so: 成功
Arena workspace: /home/lpc/workspace/arena5_ws
ROS 2: humble (domain 225)
Isaac Sim: /home/lpc/miniforge3/envs/isaaclab/lib/python3.11/site-packages/isaacsim
WebRTC endpoint: 10.16.205.165:49350 (UDP 48350)
Foxglove WebSocket: 127.0.0.1:8794
Starting immutable Arena DWB 0.8/1.5 speed profile on GPU 1 (24037 MiB free)
DWB command chain: controller_server -> velocity_smoother -> /cmd_vel
Release: /home/lpc/workspace/arena5_ws/optional/mpc/releases/20260916-4ff2edd
Logs: /home/lpc/workspace/arena5_ws/logs/runs/20260917_191135_dwb_08_release_gpu1
[INFO] [launch]: All log files can be found below /home/lpc/workspace/arena5_ws/logs/runs/20260917_191135_dwb_08_release_gpu1/ros/2026-09-17-19-11-35-823157-root123-desktop-183161
[INFO] [launch]: Default logging verbosity is set to INFO
[WARNING] [launch_ros.actions.node]: Failed to load entry point 'NodeLogLevelExtension': No module named 'arena_bringup.extensions'
[WARNING] [launch_ros.actions.node]: Failed to load entry point 'NodeLogLevelExtension': No module named 'arena_bringup.extensions'
[WARNING] [launch_ros.actions.node]: Failed to load entry point 'NodeLogLevelExtension': No module named 'arena_bringup.extensions'
[WARNING] [launch_ros.actions.node]: Failed to load entry point 'NodeLogLevelExtension': No module named 'arena_bringup.extensions'
[WARNING] [launch_ros.actions.node]: Failed to load entry point 'NodeLogLevelExtension': No module named 'arena_bringup.extensions'
[WARNING] [launch_ros.actions.node]: Failed to load entry point 'NodeLogLevelExtension': No module named 'arena_bringup.extensions'
[WARNING] [launch_ros.actions.node]: Failed to load entry point 'NodeLogLevelExtension': No module named 'arena_bringup.extensions'
[WARNING] [launch_ros.actions.node]: Failed to load entry point 'NodeLogLevelExtension': No module named 'arena_bringup.extensions'
[WARNING] [launch_ros.actions.node]: Failed to load entry point 'NodeLogLevelExtension': No module named 'arena_bringup.extensions'
[WARNING] [launch_ros.actions.node]: Failed to load entry point 'NodeLogLevelExtension': No module named 'arena_bringup.extensions'
[WARNING] [launch_ros.actions.node]: Failed to load entry point 'NodeLogLevelExtension': No module named 'arena_bringup.extensions'
[WARNING] [launch_ros.actions.node]: Failed to load entry point 'NodeLogLevelExtension': No module named 'arena_bringup.extensions'
[WARNING] [launch_ros.actions.node]: Failed to load entry point 'NodeLogLevelExtension': No module named 'arena_bringup.extensions'
[WARNING] [launch_ros.actions.node]: Failed to load entry point 'NodeLogLevelExtension': No module named 'arena_bringup.extensions'
[WARNING] [launch_ros.actions.node]: Failed to load entry point 'NodeLogLevelExtension': No module named 'arena_bringup.extensions'
[WARNING] [launch_ros.actions.node]: Failed to load entry point 'NodeLogLevelExtension': No module named 'arena_bringup.extensions'
[WARNING] [launch_ros.actions.node]: Failed to load entry point 'NodeLogLevelExtension': No module named 'arena_bringup.extensions'
[WARNING] [launch_ros.actions.node]: Failed to load entry point 'NodeLogLevelExtension': No module named 'arena_bringup.extensions'
[WARNING] [launch_ros.actions.node]: Failed to load entry point 'NodeLogLevelExtension': No module named 'arena_bringup.extensions'
[WARNING] [launch_ros.actions.node]: Failed to load entry point 'NodeLogLevelExtension': No module named 'arena_bringup.extensions'
[WARNING] [launch_ros.actions.node]: Failed to load entry point 'NodeLogLevelExtension': No module named 'arena_bringup.extensions'
[WARNING] [launch_ros.actions.node]: Failed to load entry point 'NodeLogLevelExtension': No module named 'arena_bringup.extensions'
[WARNING] [launch_ros.actions.node]: Failed to load entry point 'NodeLogLevelExtension': No module named 'arena_bringup.extensions'
[WARNING] [launch_ros.actions.node]: Failed to load entry point 'NodeLogLevelExtension': No module named 'arena_bringup.extensions'
[WARNING] [launch_ros.actions.node]: Failed to load entry point 'NodeLogLevelExtension': No module named 'arena_bringup.extensions'
[WARNING] [launch_ros.actions.node]: Failed to load entry point 'NodeLogLevelExtension': No module named 'arena_bringup.extensions'
[WARNING] [launch_ros.actions.node]: Failed to load entry point 'NodeLogLevelExtension': No module named 'arena_bringup.extensions'
[WARNING] [launch_ros.actions.node]: Failed to load entry point 'NodeLogLevelExtension': No module named 'arena_bringup.extensions'
[WARNING] [launch_ros.actions.node]: Failed to load entry point 'NodeLogLevelExtension': No module named 'arena_bringup.extensions'
[WARNING] [launch_ros.actions.node]: Failed to load entry point 'NodeLogLevelExtension': No module named 'arena_bringup.extensions'
[WARNING] [launch_ros.actions.node]: Failed to load entry point 'NodeLogLevelExtension': No module named 'arena_bringup.extensions'
[WARNING] [launch_ros.actions.node]: Failed to load entry point 'NodeLogLevelExtension': No module named 'arena_bringup.extensions'
[WARNING] [launch_ros.actions.node]: Failed to load entry point 'NodeLogLevelExtension': No module named 'arena_bringup.extensions'
[WARNING] [launch_ros.actions.node]: Failed to load entry point 'NodeLogLevelExtension': No module named 'arena_bringup.extensions'
[WARNING] [launch_ros.actions.node]: Failed to load entry point 'NodeLogLevelExtension': No module named 'arena_bringup.extensions'
[WARNING] [launch_ros.actions.node]: Failed to load entry point 'NodeLogLevelExtension': No module named 'arena_bringup.extensions'
[WARNING] [launch_ros.actions.node]: Failed to load entry point 'NodeLogLevelExtension': No module named 'arena_bringup.extensions'
[WARNING] [launch_ros.actions.node]: Failed to load entry point 'NodeLogLevelExtension': No module named 'arena_bringup.extensions'
[WARNING] [launch_ros.actions.node]: Failed to load entry point 'NodeLogLevelExtension': No module named 'arena_bringup.extensions'
[WARNING] [launch_ros.actions.node]: Failed to load entry point 'NodeLogLevelExtension': No module named 'arena_bringup.extensions'
[WARNING] [launch_ros.actions.node]: Failed to load entry point 'NodeLogLevelExtension': No module named 'arena_bringup.extensions'
[WARNING] [launch_ros.actions.node]: Failed to load entry point 'NodeLogLevelExtension': No module named 'arena_bringup.extensions'
[WARNING] [launch_ros.actions.node]: Failed to load entry point 'NodeLogLevelExtension': No module named 'arena_bringup.extensions'
[WARNING] [launch_ros.actions.node]: Failed to load entry point 'NodeLogLevelExtension': No module named 'arena_bringup.extensions'
[WARNING] [launch_ros.actions.node]: Failed to load entry point 'NodeLogLevelExtension': No module named 'arena_bringup.extensions'
[WARNING] [launch_ros.actions.node]: Failed to load entry point 'NodeLogLevelExtension': No module named 'arena_bringup.extensions'
[WARNING] [launch_ros.actions.node]: Failed to load entry point 'NodeLogLevelExtension': No module named 'arena_bringup.extensions'
[WARNING] [launch_ros.actions.node]: Failed to load entry point 'NodeLogLevelExtension': No module named 'arena_bringup.extensions'
[WARNING] [launch_ros.actions.node]: Failed to load entry point 'NodeLogLevelExtension': No module named 'arena_bringup.extensions'
[WARNING] [launch_ros.actions.node]: Failed to load entry point 'NodeLogLevelExtension': No module named 'arena_bringup.extensions'
[WARNING] [launch_ros.actions.node]: Failed to load entry point 'NodeLogLevelExtension': No module named 'arena_bringup.extensions'
[WARNING] [launch_ros.actions.node]: Failed to load entry point 'NodeLogLevelExtension': No module named 'arena_bringup.extensions'
[WARNING] [launch_ros.actions.node]: Failed to load entry point 'NodeLogLevelExtension': No module named 'arena_bringup.extensions'
[WARNING] [launch_ros.actions.node]: Failed to load entry point 'NodeLogLevelExtension': No module named 'arena_bringup.extensions'
[INFO] [python-1]: process started with pid [183319]
[INFO] [hunav_loader-2]: process started with pid [183321]
[INFO] [hunav_agent_manager-3]: process started with pid [183323]
[INFO] [robot_state_publisher-4]: process started with pid [183325]
[INFO] [hunav_six_behaviors_bridge-5]: process started with pid [183327]
[INFO] [map_server-6]: process started with pid [183329]
[INFO] [lifecycle_manager-7]: process started with pid [183331]
[INFO] [controller_server-8]: process started with pid [183333]
[INFO] [smoother_server-9]: process started with pid [183335]
[INFO] [planner_server-10]: process started with pid [183337]
[INFO] [behavior_server-11]: process started with pid [183339]
[INFO] [bt_navigator-12]: process started with pid [183341]
[INFO] [waypoint_follower-13]: process started with pid [183343]
[INFO] [velocity_smoother-14]: process started with pid [183345]
[INFO] [lifecycle_manager-15]: process started with pid [183347]
[waypoint_follower-13] [INFO] [1789643496.459259400] [waypoint_follower]: 
[waypoint_follower-13] 	waypoint_follower lifecycle node launched. 
[waypoint_follower-13] 	Waiting on external lifecycle transitions to activate
[waypoint_follower-13] 	See https://design.ros2.org/articles/node_lifecycle.html for more information.
[waypoint_follower-13] [INFO] [1789643496.459835705] [waypoint_follower]: Creating
[robot_state_publisher-4] [WARN] [1789643496.461839996] [robot_state_publisher]: No robot_description parameter, but command-line argument available.  Assuming argument is name of URDF file.  This backwards compatibility fallback will be removed in the future.
[lifecycle_manager-7] [INFO] [1789643496.467289312] [lifecycle_manager_map]: Creating
[robot_state_publisher-4] [INFO] [1789643496.469224536] [robot_state_publisher]: got segment base_link
[robot_state_publisher-4] [INFO] [1789643496.469254808] [robot_state_publisher]: got segment chassis_link
[robot_state_publisher-4] [INFO] [1789643496.469261344] [robot_state_publisher]: got segment front_fender_link
[robot_state_publisher-4] [INFO] [1789643496.469266977] [robot_state_publisher]: got segment front_left_wheel_link
[robot_state_publisher-4] [INFO] [1789643496.469272536] [robot_state_publisher]: got segment front_mount
[robot_state_publisher-4] [INFO] [1789643496.469278030] [robot_state_publisher]: got segment front_right_wheel_link
[robot_state_publisher-4] [INFO] [1789643496.469283283] [robot_state_publisher]: got segment imu_link
[robot_state_publisher-4] [INFO] [1789643496.469288831] [robot_state_publisher]: got segment lidar_link
[robot_state_publisher-4] [INFO] [1789643496.469294019] [robot_state_publisher]: got segment mid_mount
[robot_state_publisher-4] [INFO] [1789643496.469299434] [robot_state_publisher]: got segment navsat_link
[robot_state_publisher-4] [INFO] [1789643496.469304543] [robot_state_publisher]: got segment rear_fender_link
[robot_state_publisher-4] [INFO] [1789643496.469310320] [robot_state_publisher]: got segment rear_left_wheel_link
[robot_state_publisher-4] [INFO] [1789643496.469315945] [robot_state_publisher]: got segment rear_mount
[robot_state_publisher-4] [INFO] [1789643496.469320913] [robot_state_publisher]: got segment rear_right_wheel_link
[lifecycle_manager-7] [INFO] [1789643496.469880840] [lifecycle_manager_map]: [34m[1mCreating and initializing lifecycle service clients[0m[0m
[map_server-6] [INFO] [1789643496.482894898] [map_server]: 
[map_server-6] 	map_server lifecycle node launched. 
[map_server-6] 	Waiting on external lifecycle transitions to activate
[map_server-6] 	See https://design.ros2.org/articles/node_lifecycle.html for more information.
[map_server-6] [INFO] [1789643496.482953764] [map_server]: Creating
[hunav_loader-2] [INFO] [1789643496.483415740] [hunav_loader]: map params: isaac_six_behaviors_warehouse
[hunav_loader-2] [INFO] [1789643496.483462926] [hunav_loader]: Agent name: regular
[hunav_loader-2] [INFO] [1789643496.483497867] [hunav_loader]: 	id: 1
[hunav_loader-2] [INFO] [1789643496.483517029] [hunav_loader]: 	skin: 0
[hunav_loader-2] [INFO] [1789643496.483537148] [hunav_loader]: 	group_id: -1
[hunav_loader-2] [INFO] [1789643496.483561816] [hunav_loader]: 	max_vel: 1.50
[hunav_loader-2] [INFO] [1789643496.483589205] [hunav_loader]: 	radius: 0.40
[hunav_loader-2] [INFO] [1789643496.483612026] [hunav_loader]: 	behavior type: 1
[hunav_loader-2] [INFO] [1789643496.483631791] [hunav_loader]: 	beh configuration: 1
[hunav_loader-2] [INFO] [1789643496.483770359] [hunav_loader]: 	beh duration: 40.00
[hunav_loader-2] [INFO] [1789643496.483783639] [hunav_loader]: 	beh vel: 0.60
[hunav_loader-2] [INFO] [1789643496.483790454] [hunav_loader]: 	beh just_once: 1
[hunav_loader-2] [INFO] [1789643496.483796069] [hunav_loader]: 	beh dist: 0.00
[hunav_loader-2] [INFO] [1789643496.483802180] [hunav_loader]: 	beh goalForceFactor: 2.00
[hunav_loader-2] [INFO] [1789643496.483808542] [hunav_loader]: 	beh obstacleForceFactor: 10.00
[hunav_loader-2] [INFO] [1789643496.483815574] [hunav_loader]: 	beh socialForceFactor: 5.00
[hunav_loader-2] [INFO] [1789643496.483821553] [hunav_loader]: 	beh otherForceFactor: 20.00
[hunav_loader-2] [INFO] [1789643496.483864433] [hunav_loader]: 	posex: 15.00
[hunav_loader-2] [INFO] [1789643496.483891329] [hunav_loader]: 	posey: 12.00
[hunav_loader-2] [INFO] [1789643496.483914559] [hunav_loader]: 	posez: 0.00
[hunav_loader-2] [INFO] [1789643496.483935651] [hunav_loader]: 	poseh: 3.14
[hunav_loader-2] [INFO] [1789643496.483959590] [hunav_loader]: 	goal_radius: 0.30
[hunav_loader-2] [INFO] [1789643496.483983040] [hunav_loader]: 	cyclic_goals: 1
[hunav_loader-2] [INFO] [1789643496.484009115] [hunav_loader]: 	Goal: g0
[hunav_loader-2] [INFO] [1789643496.484034768] [hunav_loader]: 		gx: 5.00
[hunav_loader-2] [INFO] [1789643496.484064892] [hunav_loader]: 		gy: 12.00
[hunav_loader-2] [INFO] [1789643496.484089734] [hunav_loader]: 		gh: 0.00
[hunav_loader-2] [INFO] [1789643496.484096805] [hunav_loader]: 	Goal: g1
[hunav_loader-2] [INFO] [1789643496.484137117] [hunav_loader]: 		gx: 15.00
[hunav_loader-2] [INFO] [1789643496.484165505] [hunav_loader]: 		gy: 12.00
[hunav_loader-2] [INFO] [1789643496.484191650] [hunav_loader]: 		gh: 0.00
[hunav_loader-2] [INFO] [1789643496.484199677] [hunav_loader]: Agent name: impassive
[hunav_loader-2] [INFO] [1789643496.484220630] [hunav_loader]: 	id: 2
[hunav_loader-2] [INFO] [1789643496.484243049] [hunav_loader]: 	skin: 4
[hunav_loader-2] [INFO] [1789643496.484264929] [hunav_loader]: 	group_id: -1
[hunav_loader-2] [INFO] [1789643496.484284768] [hunav_loader]: 	max_vel: 1.50
[hunav_loader-2] [INFO] [1789643496.484309439] [hunav_loader]: 	radius: 0.40
[hunav_loader-2] [INFO] [1789643496.484344013] [hunav_loader]: 	behavior type: 2
[hunav_loader-2] [INFO] [1789643496.484367879] [hunav_loader]: 	beh configuration: 1
[hunav_loader-2] [INFO] [1789643496.484548033] [hunav_loader]: 	beh duration: 40.00
[hunav_loader-2] [INFO] [1789643496.484557323] [hunav_loader]: 	beh vel: 0.60
[hunav_loader-2] [INFO] [1789643496.484563600] [hunav_loader]: 	beh just_once: 1
[hunav_loader-2] [INFO] [1789643496.484568928] [hunav_loader]: 	beh dist: 0.00
[hunav_loader-2] [INFO] [1789643496.484574913] [hunav_loader]: 	beh goalForceFactor: 2.00
[hunav_loader-2] [INFO] [1789643496.484580956] [hunav_loader]: 	beh obstacleForceFactor: 10.00
[hunav_loader-2] [INFO] [1789643496.484587728] [hunav_loader]: 	beh socialForceFactor: 5.00
[hunav_loader-2] [INFO] [1789643496.484593733] [hunav_loader]: 	beh otherForceFactor: 20.00
[hunav_loader-2] [INFO] [1789643496.484899107] [hunav_loader]: 	posex: 5.00
[hunav_loader-2] [INFO] [1789643496.484931904] [hunav_loader]: 	posey: 10.00
[hunav_loader-2] [INFO] [1789643496.484976293] [hunav_loader]: 	posez: 0.00
[hunav_loader-2] [INFO] [1789643496.484998446] [hunav_loader]: 	poseh: 0.00
[hunav_loader-2] [INFO] [1789643496.485030816] [hunav_loader]: 	goal_radius: 0.30
[hunav_loader-2] [INFO] [1789643496.485083466] [hunav_loader]: 	cyclic_goals: 1
[hunav_loader-2] [INFO] [1789643496.485110059] [hunav_loader]: 	Goal: g0
[hunav_loader-2] [INFO] [1789643496.485137418] [hunav_loader]: 		gx: 15.00
[hunav_loader-2] [INFO] [1789643496.485178033] [hunav_loader]: 		gy: 10.00
[hunav_loader-2] [INFO] [1789643496.485204345] [hunav_loader]: 		gh: 0.00
[hunav_loader-2] [INFO] [1789643496.485211060] [hunav_loader]: 	Goal: g1
[hunav_loader-2] [INFO] [1789643496.485228884] [hunav_loader]: 		gx: 5.00
[hunav_loader-2] [INFO] [1789643496.485250736] [hunav_loader]: 		gy: 10.00
[hunav_loader-2] [INFO] [1789643496.485273406] [hunav_loader]: 		gh: 0.00
[hunav_loader-2] [INFO] [1789643496.485280563] [hunav_loader]: Agent name: surprised
[hunav_loader-2] [INFO] [1789643496.485304230] [hunav_loader]: 	id: 3
[hunav_loader-2] [INFO] [1789643496.485332772] [hunav_loader]: 	skin: 2
[hunav_loader-2] [INFO] [1789643496.485355101] [hunav_loader]: 	group_id: -1
[hunav_loader-2] [INFO] [1789643496.485376808] [hunav_loader]: 	max_vel: 1.50
[hunav_loader-2] [INFO] [1789643496.485429347] [hunav_loader]: 	radius: 0.40
[hunav_loader-2] [INFO] [1789643496.485454788] [hunav_loader]: 	behavior type: 3
[hunav_loader-2] [INFO] [1789643496.485489896] [hunav_loader]: 	beh configuration: 1
[hunav_loader-2] [INFO] [1789643496.485610808] [hunav_loader]: 	beh duration: 30.00
[hunav_loader-2] [INFO] [1789643496.485620087] [hunav_loader]: 	beh vel: 0.60
[hunav_loader-2] [INFO] [1789643496.485627277] [hunav_loader]: 	beh just_once: 0
[hunav_loader-2] [INFO] [1789643496.485632857] [hunav_loader]: 	beh dist: 4.00
[hunav_loader-2] [INFO] [1789643496.485639068] [hunav_loader]: 	beh goalForceFactor: 2.00
[hunav_loader-2] [INFO] [1789643496.485644831] [hunav_loader]: 	beh obstacleForceFactor: 10.00
[hunav_loader-2] [INFO] [1789643496.485651102] [hunav_loader]: 	beh socialForceFactor: 5.00
[hunav_loader-2] [INFO] [1789643496.485656959] [hunav_loader]: 	beh otherForceFactor: 20.00
[hunav_loader-2] [INFO] [1789643496.485680134] [hunav_loader]: 	posex: 6.50
[hunav_loader-2] [INFO] [1789643496.485701892] [hunav_loader]: 	posey: 4.50
[hunav_loader-2] [INFO] [1789643496.485739428] [hunav_loader]: 	posez: 0.00
[hunav_loader-2] [INFO] [1789643496.485778439] [hunav_loader]: 	poseh: 3.14
[hunav_loader-2] [INFO] [1789643496.485828042] [hunav_loader]: 	goal_radius: 0.30
[hunav_loader-2] [INFO] [1789643496.485851699] [hunav_loader]: 	cyclic_goals: 1
[hunav_loader-2] [INFO] [1789643496.485875749] [hunav_loader]: 	Goal: g0
[hunav_loader-2] [INFO] [1789643496.485958525] [hunav_loader]: 		gx: 6.50
[hunav_loader-2] [INFO] [1789643496.485987632] [hunav_loader]: 		gy: 8.50
[hunav_loader-2] [INFO] [1789643496.486013258] [hunav_loader]: 		gh: 0.00
[hunav_loader-2] [INFO] [1789643496.486020027] [hunav_loader]: 	Goal: g1
[hunav_loader-2] [INFO] [1789643496.486041665] [hunav_loader]: 		gx: 6.50
[hunav_loader-2] [INFO] [1789643496.486077484] [hunav_loader]: 		gy: 4.50
[hunav_loader-2] [INFO] [1789643496.486105213] [hunav_loader]: 		gh: 0.00
[hunav_loader-2] [INFO] [1789643496.486112842] [hunav_loader]: Agent name: scared
[hunav_loader-2] [INFO] [1789643496.486130825] [hunav_loader]: 	id: 4
[hunav_loader-2] [INFO] [1789643496.486157125] [hunav_loader]: 	skin: 0
[hunav_loader-2] [INFO] [1789643496.486177720] [hunav_loader]: 	group_id: -1
[hunav_loader-2] [INFO] [1789643496.486195535] [hunav_loader]: 	max_vel: 1.50
[hunav_loader-2] [INFO] [1789643496.486230263] [hunav_loader]: 	radius: 0.40
[hunav_loader-2] [INFO] [1789643496.486265822] [hunav_loader]: 	behavior type: 4
[hunav_loader-2] [INFO] [1789643496.486296985] [hunav_loader]: 	beh configuration: 1
[hunav_loader-2] [INFO] [1789643496.486594009] [hunav_loader]: 	beh duration: 40.00
[hunav_loader-2] [INFO] [1789643496.486604933] [hunav_loader]: 	beh vel: 0.60
[hunav_loader-2] [INFO] [1789643496.486611948] [hunav_loader]: 	beh just_once: 0
[hunav_loader-2] [INFO] [1789643496.486619895] [hunav_loader]: 	beh dist: 3.00
[hunav_loader-2] [INFO] [1789643496.486625785] [hunav_loader]: 	beh goalForceFactor: 2.00
[hunav_loader-2] [INFO] [1789643496.486631679] [hunav_loader]: 	beh obstacleForceFactor: 10.00
[hunav_loader-2] [INFO] [1789643496.486639190] [hunav_loader]: 	beh socialForceFactor: 5.00
[hunav_loader-2] [INFO] [1789643496.486644979] [hunav_loader]: 	beh otherForceFactor: 20.00
[hunav_loader-2] [INFO] [1789643496.486676542] [hunav_loader]: 	posex: 4.50
[hunav_loader-2] [INFO] [1789643496.486702983] [hunav_loader]: 	posey: 5.00
[hunav_loader-2] [INFO] [1789643496.486728668] [hunav_loader]: 	posez: 0.00
[hunav_loader-2] [INFO] [1789643496.486755738] [hunav_loader]: 	poseh: -2.21
[hunav_loader-2] [INFO] [1789643496.486808091] [hunav_loader]: 	goal_radius: 0.30
[hunav_loader-2] [INFO] [1789643496.486837215] [hunav_loader]: 	cyclic_goals: 1
[hunav_loader-2] [INFO] [1789643496.486867596] [hunav_loader]: 	Goal: g0
[hunav_loader-2] [INFO] [1789643496.486893482] [hunav_loader]: 		gx: 1.50
[planner_server-10] [INFO] [1789643496.484684044] [planner_server]: 
[planner_server-10] 	planner_server lifecycle node launched. 
[planner_server-10] 	Waiting on external lifecycle transitions to activate
[planner_server-10] 	See https://design.ros2.org/articles/node_lifecycle.html for more information.
[planner_server-10] [INFO] [1789643496.485752224] [planner_server]: Creating
[hunav_loader-2] [INFO] [1789643496.486942055] [hunav_loader]: 		gy: 8.00
[hunav_loader-2] [INFO] [1789643496.486984922] [hunav_loader]: 		gh: 0.00
[hunav_loader-2] [INFO] [1789643496.486996603] [hunav_loader]: 	Goal: g1
[hunav_loader-2] [INFO] [1789643496.487042575] [hunav_loader]: 		gx: 4.50
[hunav_loader-2] [INFO] [1789643496.487104260] [hunav_loader]: 		gy: 5.00
[hunav_loader-2] [INFO] [1789643496.487138884] [hunav_loader]: 		gh: 0.00
[hunav_loader-2] [INFO] [1789643496.487146463] [hunav_loader]: Agent name: curious
[hunav_loader-2] [INFO] [1789643496.487184954] [hunav_loader]: 	id: 5
[hunav_loader-2] [INFO] [1789643496.487224404] [hunav_loader]: 	skin: 3
[hunav_loader-2] [INFO] [1789643496.487262042] [hunav_loader]: 	group_id: -1
[hunav_loader-2] [INFO] [1789643496.487290945] [hunav_loader]: 	max_vel: 1.50
[hunav_loader-2] [INFO] [1789643496.487321203] [hunav_loader]: 	radius: 0.40
[hunav_loader-2] [INFO] [1789643496.487347460] [hunav_loader]: 	behavior type: 5
[hunav_loader-2] [INFO] [1789643496.487375369] [hunav_loader]: 	beh configuration: 1
[hunav_loader-2] [INFO] [1789643496.487543655] [hunav_loader]: 	beh duration: 30.00
[hunav_loader-2] [INFO] [1789643496.487553062] [hunav_loader]: 	beh vel: 0.80
[hunav_loader-2] [INFO] [1789643496.487559676] [hunav_loader]: 	beh just_once: 0
[hunav_loader-2] [INFO] [1789643496.487579588] [hunav_loader]: 	beh dist: 1.50
[hunav_loader-2] [INFO] [1789643496.487586202] [hunav_loader]: 	beh goalForceFactor: 2.00
[hunav_loader-2] [INFO] [1789643496.487592064] [hunav_loader]: 	beh obstacleForceFactor: 10.00
[hunav_loader-2] [INFO] [1789643496.487598541] [hunav_loader]: 	beh socialForceFactor: 5.00
[hunav_loader-2] [INFO] [1789643496.487604315] [hunav_loader]: 	beh otherForceFactor: 20.00
[hunav_loader-2] [INFO] [1789643496.487637742] [hunav_loader]: 	posex: 1.00
[hunav_loader-2] [INFO] [1789643496.487665046] [hunav_loader]: 	posey: 8.00
[hunav_loader-2] [INFO] [1789643496.487693049] [hunav_loader]: 	posez: 0.00
[hunav_loader-2] [INFO] [1789643496.487723698] [hunav_loader]: 	poseh: -1.57
[hunav_loader-2] [INFO] [1789643496.487760089] [hunav_loader]: 	goal_radius: 0.30
[hunav_loader-2] [INFO] [1789643496.487788138] [hunav_loader]: 	cyclic_goals: 1
[hunav_loader-2] [INFO] [1789643496.487831733] [hunav_loader]: 	Goal: g0
[hunav_loader-2] [INFO] [1789643496.487861446] [hunav_loader]: 		gx: 1.00
[hunav_loader-2] [INFO] [1789643496.487914531] [hunav_loader]: 		gy: 4.00
[hunav_loader-2] [INFO] [1789643496.487961495] [hunav_loader]: 		gh: 0.00
[hunav_loader-2] [INFO] [1789643496.487969227] [hunav_loader]: 	Goal: g1
[hunav_loader-2] [INFO] [1789643496.488004718] [hunav_loader]: 		gx: 1.00
[hunav_loader-2] [INFO] [1789643496.488059938] [hunav_loader]: 		gy: 8.00
[hunav_loader-2] [INFO] [1789643496.488093366] [hunav_loader]: 		gh: 0.00
[hunav_loader-2] [INFO] [1789643496.488101236] [hunav_loader]: Agent name: threatening
[hunav_loader-2] [INFO] [1789643496.488130028] [hunav_loader]: 	id: 6
[hunav_loader-2] [INFO] [1789643496.488161139] [hunav_loader]: 	skin: 5
[hunav_loader-2] [INFO] [1789643496.488192163] [hunav_loader]: 	group_id: -1
[hunav_loader-2] [INFO] [1789643496.488231428] [hunav_loader]: 	max_vel: 1.50
[hunav_loader-2] [INFO] [1789643496.488259225] [hunav_loader]: 	radius: 0.40
[hunav_loader-2] [INFO] [1789643496.488285418] [hunav_loader]: 	behavior type: 6
[lifecycle_manager-15] [INFO] [1789643496.488098177] [lifecycle_manager_navigation]: Creating
[hunav_loader-2] [INFO] [1789643496.488331553] [hunav_loader]: 	beh configuration: 1
[hunav_loader-2] [INFO] [1789643496.488544940] [hunav_loader]: 	beh duration: 40.00
[hunav_loader-2] [INFO] [1789643496.488554092] [hunav_loader]: 	beh vel: 0.60
[hunav_loader-2] [INFO] [1789643496.488560728] [hunav_loader]: 	beh just_once: 0
[hunav_loader-2] [INFO] [1789643496.488566311] [hunav_loader]: 	beh dist: 1.40
[hunav_loader-2] [INFO] [1789643496.488572271] [hunav_loader]: 	beh goalForceFactor: 2.00
[hunav_loader-2] [INFO] [1789643496.488578050] [hunav_loader]: 	beh obstacleForceFactor: 10.00
[hunav_loader-2] [INFO] [1789643496.488584380] [hunav_loader]: 	beh socialForceFactor: 5.00
[hunav_loader-2] [INFO] [1789643496.488591107] [hunav_loader]: 	beh otherForceFactor: 20.00
[hunav_loader-2] [INFO] [1789643496.488665734] [hunav_loader]: 	posex: 6.00
[hunav_loader-2] [INFO] [1789643496.488705135] [hunav_loader]: 	posey: 3.00
[hunav_loader-2] [INFO] [1789643496.488740593] [hunav_loader]: 	posez: 0.00
[hunav_loader-2] [INFO] [1789643496.488775322] [hunav_loader]: 	poseh: 3.14
[hunav_loader-2] [INFO] [1789643496.488816565] [hunav_loader]: 	goal_radius: 0.30
[hunav_loader-2] [INFO] [1789643496.488872667] [hunav_loader]: 	cyclic_goals: 1
[hunav_loader-2] [INFO] [1789643496.488925662] [hunav_loader]: 	Goal: g0
[hunav_loader-2] [INFO] [1789643496.488957007] [hunav_loader]: 		gx: 10.00
[hunav_loader-2] [INFO] [1789643496.488988677] [hunav_loader]: 		gy: 3.00
[hunav_loader-2] [INFO] [1789643496.489018484] [hunav_loader]: 		gh: 0.00
[hunav_loader-2] [INFO] [1789643496.489025735] [hunav_loader]: 	Goal: g1
[hunav_loader-2] [INFO] [1789643496.489076666] [hunav_loader]: 		gx: 6.00
[hunav_loader-2] [INFO] [1789643496.489119449] [hunav_loader]: 		gy: 3.00
[hunav_loader-2] [INFO] [1789643496.489457751] [hunav_loader]: 		gh: 0.00
[bt_navigator-12] [INFO] [1789643496.488335816] [bt_navigator]: 
[bt_navigator-12] 	bt_navigator lifecycle node launched. 
[bt_navigator-12] 	Waiting on external lifecycle transitions to activate
[bt_navigator-12] 	See https://design.ros2.org/articles/node_lifecycle.html for more information.
[bt_navigator-12] [INFO] [1789643496.488389658] [bt_navigator]: Creating
[lifecycle_manager-15] [INFO] [1789643496.490937141] [lifecycle_manager_navigation]: [34m[1mCreating and initializing lifecycle service clients[0m[0m
[controller_server-8] [INFO] [1789643496.494166959] [controller_server]: 
[controller_server-8] 	controller_server lifecycle node launched. 
[controller_server-8] 	Waiting on external lifecycle transitions to activate
[controller_server-8] 	See https://design.ros2.org/articles/node_lifecycle.html for more information.
[planner_server-10] [INFO] [1789643496.495386247] [global_costmap.global_costmap]: 
[planner_server-10] 	global_costmap lifecycle node launched. 
[planner_server-10] 	Waiting on external lifecycle transitions to activate
[planner_server-10] 	See https://design.ros2.org/articles/node_lifecycle.html for more information.
[planner_server-10] [INFO] [1789643496.495814422] [global_costmap.global_costmap]: Creating Costmap
[smoother_server-9] [INFO] [1789643496.499155693] [smoother_server]: 
[smoother_server-9] 	smoother_server lifecycle node launched. 
[smoother_server-9] 	Waiting on external lifecycle transitions to activate
[smoother_server-9] 	See https://design.ros2.org/articles/node_lifecycle.html for more information.
[velocity_smoother-14] [INFO] [1789643496.501125191] [velocity_smoother]: 
[velocity_smoother-14] 	velocity_smoother lifecycle node launched. 
[velocity_smoother-14] 	Waiting on external lifecycle transitions to activate
[velocity_smoother-14] 	See https://design.ros2.org/articles/node_lifecycle.html for more information.
[smoother_server-9] [INFO] [1789643496.501484860] [smoother_server]: Creating smoother server
[behavior_server-11] [INFO] [1789643496.501545261] [behavior_server]: 
[behavior_server-11] 	behavior_server lifecycle node launched. 
[behavior_server-11] 	Waiting on external lifecycle transitions to activate
[behavior_server-11] 	See https://design.ros2.org/articles/node_lifecycle.html for more information.
[controller_server-8] [INFO] [1789643496.502825286] [controller_server]: Creating controller server
[lifecycle_manager-7] [INFO] [1789643496.523464544] [lifecycle_manager_map]: [34m[1mStarting managed nodes bringup...[0m[0m
[lifecycle_manager-7] [INFO] [1789643496.523560127] [lifecycle_manager_map]: [34m[1mConfiguring map_server[0m[0m
[map_server-6] [INFO] [1789643496.523807305] [map_server]: Configuring
[map_server-6] [INFO] [1789643496.523888901] [map_io]: Loading yaml file: /home/lpc/workspace/arena5_ws/install/arena_simulation_setup/share/arena_simulation_setup/worlds/map_empty/map/map.yaml
[map_server-6] [INFO] [1789643496.524382090] [map_io]: resolution: 0.05
[map_server-6] [INFO] [1789643496.524403226] [map_io]: origin[0]: 0
[map_server-6] [INFO] [1789643496.524414087] [map_io]: origin[1]: 0
[map_server-6] [INFO] [1789643496.524423747] [map_io]: origin[2]: 0
[map_server-6] [INFO] [1789643496.524434568] [map_io]: free_thresh: 0.196
[map_server-6] [INFO] [1789643496.524445596] [map_io]: occupied_thresh: 0.65
[map_server-6] [INFO] [1789643496.524455103] [map_io]: mode: trinary
[map_server-6] [INFO] [1789643496.524464450] [map_io]: negate: 0
[map_server-6] [INFO] [1789643496.524895752] [map_io]: Loading image_file: /home/lpc/workspace/arena5_ws/install/arena_simulation_setup/share/arena_simulation_setup/worlds/map_empty/map/map.png
[controller_server-8] [INFO] [1789643496.546707836] [local_costmap.local_costmap]: 
[controller_server-8] 	local_costmap lifecycle node launched. 
[controller_server-8] 	Waiting on external lifecycle transitions to activate
[controller_server-8] 	See https://design.ros2.org/articles/node_lifecycle.html for more information.
[controller_server-8] [INFO] [1789643496.549221986] [local_costmap.local_costmap]: Creating Costmap
[hunav_agent_manager-3] [INFO] [1789643496.581423914] [hunav_agent_manager]: Initializing hunav_agent_manager node...
[hunav_agent_manager-3] [INFO] [1789643496.581997438] [hunav_agent_manager]: BT nodes registered
[lifecycle_manager-15] [INFO] [1789643496.613679709] [lifecycle_manager_navigation]: [34m[1mStarting managed nodes bringup...[0m[0m
[lifecycle_manager-15] [INFO] [1789643496.613748284] [lifecycle_manager_navigation]: [34m[1mConfiguring controller_server[0m[0m
[controller_server-8] [INFO] [1789643496.614207592] [controller_server]: Configuring controller interface
[controller_server-8] [INFO] [1789643496.614377597] [controller_server]: getting goal checker plugins..
[controller_server-8] [INFO] [1789643496.614529476] [controller_server]: Controller frequency set to 10.0000Hz
[controller_server-8] [INFO] [1789643496.614574076] [local_costmap.local_costmap]: Configuring
[controller_server-8] [INFO] [1789643496.620988862] [local_costmap.local_costmap]: Using plugin "voxel_layer"
[controller_server-8] [INFO] [1789643496.625368446] [local_costmap.local_costmap]: Subscribed to Topics: lidar
[controller_server-8] [INFO] [1789643496.633450326] [local_costmap.local_costmap]: Initialized plugin "voxel_layer"
[controller_server-8] [INFO] [1789643496.633478817] [local_costmap.local_costmap]: Using plugin "inflation_layer"
[controller_server-8] [INFO] [1789643496.634031178] [local_costmap.local_costmap]: Initialized plugin "inflation_layer"
[controller_server-8] [INFO] [1789643496.642003524] [controller_server]: Created progress_checker : progress_checker of type nav2_controller::SimpleProgressChecker
[controller_server-8] [INFO] [1789643496.642867166] [controller_server]: Created goal checker : goal_checker of type nav2_controller::SimpleGoalChecker
[map_server-6] [INFO] [1789643496.643268033] [map_io]: Read map /home/lpc/workspace/arena5_ws/install/arena_simulation_setup/share/arena_simulation_setup/worlds/map_empty/map/map.png: 626 X 481 map @ 0.05 m/cell
[controller_server-8] [INFO] [1789643496.643376666] [controller_server]: Controller Server has goal_checker  goal checkers available.
[controller_server-8] [INFO] [1789643496.647259490] [controller_server]: Created controller : FollowPath of type dwb_core::DWBLocalPlanner
[controller_server-8] [INFO] [1789643496.648289387] [controller_server]: Setting transform_tolerance to 0.200000
[lifecycle_manager-7] [INFO] [1789643496.650823875] [lifecycle_manager_map]: [34m[1mActivating map_server[0m[0m
[map_server-6] [INFO] [1789643496.652506484] [map_server]: Activating
[map_server-6] [INFO] [1789643496.652976474] [map_server]: Creating bond (map_server) to lifecycle manager.
[controller_server-8] [INFO] [1789643496.658883507] [controller_server]: Using critic "RotateToGoal" (dwb_critics::RotateToGoalCritic)
[controller_server-8] [INFO] [1789643496.659283494] [controller_server]: Critic plugin initialized
[controller_server-8] [INFO] [1789643496.659392306] [controller_server]: Using critic "Oscillation" (dwb_critics::OscillationCritic)
[controller_server-8] [INFO] [1789643496.659859853] [controller_server]: Critic plugin initialized
[controller_server-8] [INFO] [1789643496.659972105] [controller_server]: Using critic "BaseObstacle" (dwb_critics::BaseObstacleCritic)
[controller_server-8] [INFO] [1789643496.660154114] [controller_server]: Critic plugin initialized
[controller_server-8] [INFO] [1789643496.660257001] [controller_server]: Using critic "GoalAlign" (dwb_critics::GoalAlignCritic)
[controller_server-8] [INFO] [1789643496.660716240] [controller_server]: Critic plugin initialized
[controller_server-8] [INFO] [1789643496.660828061] [controller_server]: Using critic "PathAlign" (dwb_critics::PathAlignCritic)
[controller_server-8] [INFO] [1789643496.661274977] [controller_server]: Critic plugin initialized
[controller_server-8] [INFO] [1789643496.661402029] [controller_server]: Using critic "PathDist" (dwb_critics::PathDistCritic)
[controller_server-8] [INFO] [1789643496.661762619] [controller_server]: Critic plugin initialized
[controller_server-8] [INFO] [1789643496.661870569] [controller_server]: Using critic "GoalDist" (dwb_critics::GoalDistCritic)
[controller_server-8] [INFO] [1789643496.662237739] [controller_server]: Critic plugin initialized
[controller_server-8] [INFO] [1789643496.662255505] [controller_server]: Controller Server has FollowPath  controllers available.
[lifecycle_manager-15] [INFO] [1789643496.669003909] [lifecycle_manager_navigation]: [34m[1mConfiguring smoother_server[0m[0m
[smoother_server-9] [INFO] [1789643496.669201608] [smoother_server]: Configuring smoother server
[smoother_server-9] [INFO] [1789643496.678053306] [smoother_server]: Created smoother : simple_smoother of type nav2_smoother::SimpleSmoother
[smoother_server-9] [INFO] [1789643496.678484209] [smoother_server]: Smoother Server has simple_smoother  smoothers available.
[lifecycle_manager-15] [INFO] [1789643496.682187525] [lifecycle_manager_navigation]: [34m[1mConfiguring planner_server[0m[0m
[planner_server-10] [INFO] [1789643496.682329663] [planner_server]: Configuring
[planner_server-10] [INFO] [1789643496.682380970] [global_costmap.global_costmap]: Configuring
[planner_server-10] [INFO] [1789643496.689065685] [global_costmap.global_costmap]: Using plugin "static_layer"
[planner_server-10] [INFO] [1789643496.693356368] [global_costmap.global_costmap]: Subscribing to the map topic (/task_generator_node/map) with transient local durability
[planner_server-10] [INFO] [1789643496.694909076] [global_costmap.global_costmap]: Initialized plugin "static_layer"
[planner_server-10] [INFO] [1789643496.694936212] [global_costmap.global_costmap]: Using plugin "inflation_layer"
[planner_server-10] [INFO] [1789643496.695534053] [global_costmap.global_costmap]: Initialized plugin "inflation_layer"
[planner_server-10] [INFO] [1789643496.706196385] [global_costmap.global_costmap]: StaticLayer: Resizing costmap to 626 X 481 at 0.050000 m/pix
[planner_server-10] [INFO] [1789643496.706630200] [planner_server]: Created global planner plugin GridBased of type nav2_navfn_planner/NavfnPlanner
[planner_server-10] [INFO] [1789643496.706664155] [planner_server]: Configuring plugin GridBased of type NavfnPlanner
[planner_server-10] [INFO] [1789643496.707484577] [planner_server]: Planner Server has GridBased  planners available.
[lifecycle_manager-15] [INFO] [1789643496.713482241] [lifecycle_manager_navigation]: [34m[1mConfiguring behavior_server[0m[0m
[behavior_server-11] [INFO] [1789643496.713615932] [behavior_server]: Configuring
[behavior_server-11] [INFO] [1789643496.719702592] [behavior_server]: Creating behavior plugin spin of type nav2_behaviors/Spin
[behavior_server-11] [INFO] [1789643496.720556487] [behavior_server]: Configuring spin
[behavior_server-11] [INFO] [1789643496.723218504] [behavior_server]: Creating behavior plugin backup of type nav2_behaviors/BackUp
[behavior_server-11] [INFO] [1789643496.724020537] [behavior_server]: Configuring backup
[behavior_server-11] [INFO] [1789643496.726010776] [behavior_server]: Creating behavior plugin drive_on_heading of type nav2_behaviors/DriveOnHeading
[behavior_server-11] [INFO] [1789643496.726791024] [behavior_server]: Configuring drive_on_heading
[behavior_server-11] [INFO] [1789643496.728825296] [behavior_server]: Creating behavior plugin wait of type nav2_behaviors/Wait
[behavior_server-11] [INFO] [1789643496.729543855] [behavior_server]: Configuring wait
[lifecycle_manager-15] [INFO] [1789643496.731741547] [lifecycle_manager_navigation]: [34m[1mConfiguring bt_navigator[0m[0m
[bt_navigator-12] [INFO] [1789643496.731890656] [bt_navigator]: Configuring
[lifecycle_manager-7] [INFO] [1789643496.757070004] [lifecycle_manager_map]: Server map_server connected with bond.
[lifecycle_manager-7] [INFO] [1789643496.757146965] [lifecycle_manager_map]: [34m[1mManaged nodes are active[0m[0m
[lifecycle_manager-7] [INFO] [1789643496.757173084] [lifecycle_manager_map]: [34m[1mCreating bond timer...[0m[0m
[lifecycle_manager-15] [INFO] [1789643496.830331064] [lifecycle_manager_navigation]: [34m[1mConfiguring waypoint_follower[0m[0m
[waypoint_follower-13] [INFO] [1789643496.830767458] [waypoint_follower]: Configuring
[waypoint_follower-13] [INFO] [1789643496.850414749] [waypoint_follower]: Created waypoint_task_executor : wait_at_waypoint of type nav2_waypoint_follower::WaitAtWaypoint
[waypoint_follower-13] [INFO] [1789643496.850674736] [waypoint_follower]: Waypoint pause duration is set to zero, disabling task executor plugin.
[lifecycle_manager-15] [INFO] [1789643496.851320395] [lifecycle_manager_navigation]: [34m[1mConfiguring velocity_smoother[0m[0m
[velocity_smoother-14] [INFO] [1789643496.851705934] [velocity_smoother]: Configuring velocity smoother
[lifecycle_manager-15] [INFO] [1789643496.857885328] [lifecycle_manager_navigation]: [34m[1mActivating controller_server[0m[0m
[controller_server-8] [INFO] [1789643496.858247876] [controller_server]: Activating
[controller_server-8] [INFO] [1789643496.858328477] [local_costmap.local_costmap]: Activating
[controller_server-8] [INFO] [1789643496.858352933] [local_costmap.local_costmap]: Checking transform
[controller_server-8] [INFO] [1789643496.858377587] [local_costmap.local_costmap]: Timed out waiting for transform from base_link to odom to become available, tf error: Invalid frame ID "odom" passed to canTransform argument target_frame - frame does not exist
[hunav_six_behaviors_bridge-5] [INFO] [1789643496.871024288] [arena_hunav_isaac_bridge]: SIX_BEHAVIORS_SCHEDULER compute_rate=40.0 display_rate=5.0 max_dt=0.025 scheduler_rate=100.0 ideal_chassis=True
[controller_server-8] [INFO] [1789643497.358506016] [local_costmap.local_costmap]: Timed out waiting for transform from base_link to odom to become available, tf error: Invalid frame ID "odom" passed to canTransform argument target_frame - frame does not exist
[python-1] [Info] [carb] Logging to file: /home/lpc/workspace/arena5_ws/logs/runs/20260917_191135_dwb_08_release_gpu1/isaac_kit.log
[python-1] 2026-09-17T11:11:36Z [3ms] [Warning] [carb.crashreporter-breakpad.plugin] [previous crash] preventing upload of minidump due to user opt-out: '/home/lpc/miniforge3/envs/isaaclab/lib/python3.11/site-packages/isaacsim/kit/data/Kit/Isaac-Sim Python/5.1/d0101944-202b-4b9c-3f7c8da8-988d6825.dmp'
[python-1] 2026-09-17T11:11:36Z [5ms] [Warning] [carb.crashreporter-breakpad.plugin] [previous crash] preventing upload of minidump due to user opt-out: '/home/lpc/miniforge3/envs/isaaclab/lib/python3.11/site-packages/isaacsim/kit/data/Kit/Isaac-Sim Python/5.1/0ac5911a-264e-47a3-2a16f79d-c5b7759a.dmp'
[python-1] 2026-09-17T11:11:36Z [6ms] [Warning] [carb.crashreporter-breakpad.plugin] [previous crash] preventing upload of minidump due to user opt-out: '/home/lpc/miniforge3/envs/isaaclab/lib/python3.11/site-packages/isaacsim/kit/data/Kit/Isaac-Sim Python/5.1/873d0d6d-b3e2-40f3-6eb3df86-85c4cb14.dmp'
[python-1] 2026-09-17T11:11:36Z [7ms] [Warning] [carb.crashreporter-breakpad.plugin] [previous crash] preventing upload of minidump due to user opt-out: '/home/lpc/miniforge3/envs/isaaclab/lib/python3.11/site-packages/isaacsim/kit/data/Kit/Isaac-Sim Python/5.1/54846835-9b12-4c85-5eb92bac-99ba56c4.dmp'
[python-1] 2026-09-17T11:11:36Z [8ms] [Warning] [carb.crashreporter-breakpad.plugin] [previous crash] preventing upload of minidump due to user opt-out: '/home/lpc/miniforge3/envs/isaaclab/lib/python3.11/site-packages/isaacsim/kit/data/Kit/Isaac-Sim Python/5.1/4c7676b1-3af0-4296-87341b84-52502d37.dmp'
[python-1] 2026-09-17T11:11:36Z [9ms] [Warning] [carb.crashreporter-breakpad.plugin] [previous crash] preventing upload of minidump due to user opt-out: '/home/lpc/miniforge3/envs/isaaclab/lib/python3.11/site-packages/isaacsim/kit/data/Kit/Isaac-Sim Python/5.1/4fb36b02-970f-460e-d915d5bf-47095803.dmp'
[python-1] [0.114s] [ext: omni.kit.async_engine-0.0.3] startup
[python-1] [0.277s] [ext: omni.metrics.core-0.0.3] startup
[python-1] [0.278s] [ext: omni.client.lib-1.1.0] startup
[python-1] [0.300s] [ext: omni.blobkey-1.1.2] startup
[python-1] [0.301s] [ext: omni.stats-1.0.1] startup
[python-1] [0.302s] [ext: omni.datastore-0.0.0] startup
[python-1] [0.312s] [ext: omni.client-1.3.0] startup
[python-1] [0.320s] [ext: omni.ujitso.default-1.0.0] startup
[python-1] [0.323s] [ext: omni.hsscclient-1.1.2] startup
[python-1] [0.345s] [ext: omni.gpu_foundation.shadercache.vulkan-1.0.0] startup
[python-1] [0.352s] [ext: omni.assets.plugins-0.0.0] startup
[python-1] [0.354s] [ext: omni.gpu_foundation-0.0.0] startup
[python-1] [0.368s] [ext: carb.windowing.plugins-1.0.0] startup
[python-1] 2026-09-17T11:11:36Z [330ms] [Warning] [carb.windowing-glfw.plugin] GLFW initialization failed.
[python-1] 2026-09-17T11:11:36Z [330ms] [Warning] [carb] Failed to startup plugin carb.windowing-glfw.plugin (interfaces: [carb::windowing::IGLContext v1.0],[carb::windowing::IWindowing v1.5]) (impl: carb.windowing-glfw.plugin)
[python-1] [0.370s] [ext: omni.kit.renderer.init-0.0.0] startup
[python-1] 2026-09-17T11:11:37Z [406ms] [Warning] [omni.platforminfo.plugin] failed to open the default display.  Can't verify X Server version.
[python-1] 2026-09-17T11:11:37Z [419ms] [Warning] [carb.cudainterop.plugin] CUDA_VISIBLE_DEVICES environment variable is set.
[python-1] 2026-09-17T11:11:37Z [419ms] [Warning] [carb.cudainterop.plugin] Note CUDA device enumeration and Omniverse device enumeration are different.
[python-1] 2026-09-17T11:11:37Z [419ms] [Warning] [carb.cudainterop.plugin] Setting CUDA_VISIBLE_DEVICES can lead to undesired behavior or crashes.
[python-1] 2026-09-17T11:11:37Z [1,215ms] [Warning] [gpu.foundation.plugin] Skipping NVIDIA GPU due CUDA being in bad state: NVIDIA GeForce RTX 4090
[python-1] 2026-09-17T11:11:37Z [1,215ms] [Warning] [gpu.foundation.plugin] Please restart your system if CUDA is known to work in your system.
[python-1] 2026-09-17T11:11:37Z [1,218ms] [Warning] [gpu.foundation.plugin] Skipping NVIDIA GPU due CUDA being in bad state: NVIDIA GeForce RTX 4090
[python-1] 2026-09-17T11:11:37Z [1,218ms] [Warning] [gpu.foundation.plugin] Please restart your system if CUDA is known to work in your system.
[python-1] 2026-09-17T11:11:37Z [1,219ms] [Warning] [gpu.foundation.plugin] Skipping NVIDIA GPU due CUDA being in bad state: NVIDIA GeForce RTX 4090
[python-1] 2026-09-17T11:11:37Z [1,219ms] [Warning] [gpu.foundation.plugin] Please restart your system if CUDA is known to work in your system.
[controller_server-8] [INFO] [1789643497.858564625] [local_costmap.local_costmap]: Timed out waiting for transform from base_link to odom to become available, tf error: Invalid frame ID "odom" passed to canTransform argument target_frame - frame does not exist
[controller_server-8] [INFO] [1789643498.358504689] [local_costmap.local_costmap]: Timed out waiting for transform from base_link to odom to become available, tf error: Invalid frame ID "odom" passed to canTransform argument target_frame - frame does not exist
[python-1] 2026-09-17T11:11:37Z [1,219ms] [Warning] [gpu.foundation.plugin] Skipping NVIDIA GPU due CUDA being in bad state: NVIDIA GeForce RTX 4090
[python-1] 2026-09-17T11:11:37Z [1,219ms] [Warning] [gpu.foundation.plugin] Please restart your system if CUDA is known to work in your system.
[python-1] 2026-09-17T11:11:37Z [1,220ms] [Warning] [gpu.foundation.plugin] Skipping NVIDIA GPU due CUDA being in bad state: NVIDIA GeForce RTX 4090
[python-1] 2026-09-17T11:11:37Z [1,220ms] [Warning] [gpu.foundation.plugin] Please restart your system if CUDA is known to work in your system.
[python-1] 2026-09-17T11:11:37Z [1,220ms] [Warning] [gpu.foundation.plugin] Skipping NVIDIA GPU due CUDA being in bad state: NVIDIA GeForce RTX 4090
[python-1] 2026-09-17T11:11:37Z [1,220ms] [Warning] [gpu.foundation.plugin] Please restart your system if CUDA is known to work in your system.
[python-1] 
[python-1] |---------------------------------------------------------------------------------------------|
[python-1] | Driver Version: 580.126.09    | Graphics API: Vulkan
[python-1] |=============================================================================================|
[python-1] | GPU | Name                             | Active | LDA | GPU Memory | Vendor-ID | LUID       |
[python-1] |     |                                  |        |     |            | Device-ID | UUID       |
[python-1] |     |                                  |        |     |            | Bus-ID    |            |
[python-1] |---------------------------------------------------------------------------------------------|
[python-1] | 0   | NVIDIA GeForce RTX 4090          |        |     | 24810   MB | 10de      | 0          |
[python-1] |     |                                  |        |     |            | 2684      | cff28fa1.. |
[python-1] |     |                                  |        |     |            | 31        |            |
[python-1] |---------------------------------------------------------------------------------------------|
[python-1] | 1   | NVIDIA GeForce RTX 4090          | Yes: 0 |     | 24810   MB | 10de      | 0          |
[python-1] |     |                                  |        |     |            | 2684      | 53d85912.. |
[python-1] |     |                                  |        |     |            | 4b        |            |
[python-1] |---------------------------------------------------------------------------------------------|
[python-1] | 2   | NVIDIA GeForce RTX 4090          |        |     | 24810   MB | 10de      | 0          |
[python-1] |     |                                  |        |     |            | 2684      | 2d2c45be.. |
[python-1] |     |                                  |        |     |            | b1        |            |
[python-1] |---------------------------------------------------------------------------------------------|
[python-1] | 3   | NVIDIA GeForce RTX 4090          |        |     | 24810   MB | 10de      | 0          |
[python-1] |     |                                  |        |     |            | 2684      | 6fc79961.. |
[python-1] |     |                                  |        |     |            | ca        |            |
[python-1] |=============================================================================================|
[python-1] | OS: 22.04.5 LTS (Jammy Jellyfish) ubuntu, Version: 22.04.5, Kernel: 6.8.0-136-generic
[python-1] | Processor: Intel(R) Xeon(R) Gold 6330 CPU @ 2.00GHz
[python-1] | Cores: 56 | Logical Cores: 112
[python-1] |---------------------------------------------------------------------------------------------|
[python-1] | Total Memory (MB): 257544 | Free Memory: 229433
[python-1] | Total Page/Swap (MB): 2047 | Free Page/Swap: 1484
[python-1] |---------------------------------------------------------------------------------------------|
[python-1] 2026-09-17T11:11:38Z [1,800ms] [Warning] [gpu.foundation.plugin] CPU performance profile is set to powersave. This profile sets the CPU to the lowest frequency reducing performance.
[python-1] 2026-09-17T11:11:38Z [1,812ms] [Warning] [gpu.foundation.plugin] IOMMU is enabled.
[python-1] 2026-09-17T11:11:38Z [1,812ms] [Warning] [gpu.foundation.plugin] Detected IOMMU is enabled. Running CUDA peer-to-peer bandwidth and latency validation.
[python-1] Unidirectional P2P=Enabled Bandwidth (P2P Writes) Matrix (GB/s)
[python-1]    D\D     0 
[python-1]      0 937.88 
[python-1] P2P=Enabled Latency (P2P Writes) Matrix (us)
[python-1]    GPU     0 
[python-1]      0   1.43 
[python-1] 
[python-1]    CPU     0 
[python-1]      0   5.48 
[controller_server-8] [INFO] [1789643498.858515364] [local_costmap.local_costmap]: Timed out waiting for transform from base_link to odom to become available, tf error: Invalid frame ID "odom" passed to canTransform argument target_frame - frame does not exist
[controller_server-8] [INFO] [1789643499.358465565] [local_costmap.local_costmap]: Timed out waiting for transform from base_link to odom to become available, tf error: Invalid frame ID "odom" passed to canTransform argument target_frame - frame does not exist
[controller_server-8] [INFO] [1789643499.858502773] [local_costmap.local_costmap]: Timed out waiting for transform from base_link to odom to become available, tf error: Invalid frame ID "odom" passed to canTransform argument target_frame - frame does not exist
[python-1] [2.227s] [ext: omni.materialx.libs-1.0.7] startup
[python-1] [2.242s] [ext: omni.kit.telemetry-0.5.2] startup
[python-1] [2.321s] [ext: omni.usd.config-1.0.6] startup
[python-1] [2.329s] [ext: omni.gpucompute.plugins-0.0.0] startup
[python-1] [2.331s] [ext: omni.usd.libs-1.0.1] startup
[python-1] [2.491s] [ext: omni.kit.loop-isaac-1.3.7] startup
[python-1] [2.493s] [ext: omni.kit.test-2.0.1] startup
[python-1] [2.587s] [ext: omni.mdl-56.0.3] startup
[python-1] [2.707s] [ext: omni.iray.libs-0.0.0] startup
[python-1] [2.716s] [ext: omni.mdl.neuraylib-0.2.12] startup
[python-1] [2.719s] [ext: omni.kit.usd.mdl-1.1.5] startup
[python-1] [2.887s] [ext: omni.kit.pipapi-0.0.0] startup
[python-1] [2.889s] [ext: omni.appwindow-1.1.10] startup
[python-1] 2026-09-17T11:11:39Z [2,851ms] [Warning] [carb.windowing-glfw.plugin] GLFW initialization failed.
[python-1] 2026-09-17T11:11:39Z [2,851ms] [Warning] [carb] Failed to startup plugin carb.windowing-glfw.plugin (interfaces: [carb::windowing::IGLContext v1.0],[carb::windowing::IWindowing v1.5]) (impl: carb.windowing-glfw.plugin)
[python-1] [2.894s] [ext: omni.kit.renderer.core-1.1.0] startup
[python-1] 2026-09-17T11:11:39Z [2,877ms] [Warning] [carb.windowing-glfw.plugin] GLFW initialization failed.
[python-1] 2026-09-17T11:11:39Z [2,877ms] [Warning] [carb] Failed to startup plugin carb.windowing-glfw.plugin (interfaces: [carb::windowing::IGLContext v1.0],[carb::windowing::IWindowing v1.5]) (impl: carb.windowing-glfw.plugin)
[python-1] 2026-09-17T11:11:39Z [2,889ms] [Warning] [carb.windowing-glfw.plugin] GLFW initialization failed.
[python-1] 2026-09-17T11:11:39Z [2,889ms] [Warning] [carb] Failed to startup plugin carb.windowing-glfw.plugin (interfaces: [carb::windowing::IGLContext v1.0],[carb::windowing::IWindowing v1.5]) (impl: carb.windowing-glfw.plugin)
[python-1] [2.931s] [ext: omni.kit.renderer.capture-0.0.0] startup
[python-1] [2.936s] [ext: omni.kit.renderer.imgui-2.0.5] startup
[python-1] 2026-09-17T11:11:39Z [2,903ms] [Warning] [carb.windowing-glfw.plugin] GLFW initialization failed.
[python-1] 2026-09-17T11:11:39Z [2,903ms] [Warning] [carb] Failed to startup plugin carb.windowing-glfw.plugin (interfaces: [carb::windowing::IGLContext v1.0],[carb::windowing::IWindowing v1.5]) (impl: carb.windowing-glfw.plugin)
[python-1] 2026-09-17T11:11:39Z [2,906ms] [Warning] [carb.windowing-glfw.plugin] GLFW initialization failed.
[python-1] 2026-09-17T11:11:39Z [2,906ms] [Warning] [carb] Failed to startup plugin carb.windowing-glfw.plugin (interfaces: [carb::windowing::IGLContext v1.0],[carb::windowing::IWindowing v1.5]) (impl: carb.windowing-glfw.plugin)
[python-1] 2026-09-17T11:11:39Z [2,907ms] [Warning] [carb.windowing-glfw.plugin] GLFW initialization failed.
[python-1] 2026-09-17T11:11:39Z [2,907ms] [Warning] [carb] Failed to startup plugin carb.windowing-glfw.plugin (interfaces: [carb::windowing::IGLContext v1.0],[carb::windowing::IWindowing v1.5]) (impl: carb.windowing-glfw.plugin)
[python-1] [3.064s] [ext: omni.ui-2.27.1] startup
[python-1] [3.083s] [ext: omni.kit.mainwindow-1.0.3] startup
[python-1] [3.085s] [ext: carb.audio-0.1.0] startup
[python-1] [3.094s] [ext: omni.uiaudio-1.0.0] startup
[python-1] [3.096s] [ext: omni.kit.uiapp-0.0.0] startup
[python-1] [3.096s] [ext: omni.usd.schema.metrics.assembler-107.3.1] startup
[python-1] [3.101s] [ext: omni.usd.schema.physx-107.3.26] startup
[python-1] [3.162s] [ext: omni.usd.schema.geospatial-0.0.0] startup
[python-1] [3.167s] [ext: omni.usd.schema.audio-0.0.0] startup
[python-1] [3.173s] [ext: omni.usd.schema.anim-0.0.0] startup
[python-1] [3.209s] [ext: omni.usd.schema.flow-107.1.1] startup
[python-1] [3.211s] [ext: omni.usd_resolver-1.0.0] startup
[python-1] [3.218s] [ext: omni.usd.core-1.5.3] startup
[python-1] [3.222s] [ext: omni.usd.schema.omni_sensors-0.0.0] startup
[python-1] [3.259s] [ext: omni.usd.schema.semantics-0.0.0] startup
[python-1] [3.263s] [ext: omni.usd.schema.omniscripting-1.0.0] startup
[python-1] [3.272s] [ext: omni.usd.schema.omni_lens_distortion-0.0.0] startup
[python-1] [3.273s] [ext: omni.usd.schema.omnigraph-1.0.0] startup
[python-1] [3.283s] [ext: omni.kit.window.popup_dialog-2.0.24] startup
[python-1] [3.290s] [ext: omni.graph.exec-0.9.6] startup
[python-1] [3.291s] [ext: omni.kit.widget.nucleus_connector-2.0.1] startup
[python-1] [3.295s] [ext: omni.kit.usd_undo-0.1.8] startup
[python-1] [3.295s] [ext: omni.kit.exec.core-0.13.4] startup
[python-1] [3.299s] [ext: omni.kit.actions.core-1.0.0] startup
[python-1] [3.305s] [ext: omni.resourcemonitor-107.0.1] startup
[python-1] [3.309s] [ext: omni.activity.core-1.0.3] startup
[python-1] [3.311s] [ext: omni.timeline-1.0.14] startup
[controller_server-8] [INFO] [1789643500.358484267] [local_costmap.local_costmap]: Timed out waiting for transform from base_link to odom to become available, tf error: Invalid frame ID "odom" passed to canTransform argument target_frame - frame does not exist
[python-1] [3.315s] [ext: omni.kit.commands-1.4.10] startup
[python-1] [3.321s] [ext: usdrt.scenegraph-7.6.1] startup
[python-1] [3.391s] [ext: omni.kit.audiodeviceenum-1.0.2] startup
[python-1] [3.394s] [ext: omni.hydra.usdrt_delegate-7.5.1] startup
[python-1] [3.406s] [ext: omni.hydra.scene_delegate-0.3.4] startup
[python-1] [3.414s] [ext: omni.usd-1.13.10] startup
[python-1] [3.464s] [ext: omni.inspect-1.0.2] startup
[python-1] [3.466s] [ext: omni.kit.notification_manager-1.0.10] startup
[python-1] [3.469s] [ext: omni.graph.core-2.184.5] startup
[python-1] [3.474s] [ext: isaacsim.core.deprecation_manager-0.2.7] startup
[python-1] [3.476s] [ext: omni.anim.graph.schema-107.3.3] startup
[python-1] [3.487s] [ext: omni.usd.schema.isaac-3.0.5] startup
[python-1] [3.487s] [ext: omni.anim.navigation.schema-107.3.3] startup
[python-1] [3.493s] [ext: omni.kit.asset_converter-5.0.17] startup
[python-1] [3.517s] [ext: isaacsim.robot.schema-3.6.0] startup
[python-1] [3.532s] [ext: omni.usd.schema.render_settings.rtx-0.0.0] startup
[python-1] [3.533s] [ext: omni.kit.menu.core-1.1.2] startup
[python-1] [3.534s] [ext: omni.kit.widget.path_field-2.0.11] startup
[python-1] [3.536s] [ext: omni.kit.widget.context_menu-1.2.5] startup
[python-1] [3.538s] [ext: omni.kit.widget.browser_bar-2.0.10] startup
[python-1] [3.539s] [ext: omni.kit.clipboard-1.0.5] startup
[python-1] [3.541s] [ext: omni.kit.numpy.common-0.1.3] startup
[python-1] [3.544s] [ext: omni.kit.widget.options_menu-1.1.6] startup
[python-1] [3.549s] [ext: omni.kit.helper.file_utils-0.1.9] startup
[python-1] [3.552s] [ext: omni.ui.scene-1.11.5] startup
[python-1] [3.560s] [ext: omni.kit.widget.options_button-1.0.3] startup
[python-1] [3.561s] [ext: omni.kit.widget.filebrowser-2.12.3] startup
[python-1] [3.569s] [ext: omni.kit.usd.layers-2.2.11] startup
[python-1] [3.583s] [ext: omni.kit.window.filepicker-2.13.4] startup
[python-1] [3.608s] [ext: omni.kit.hotkeys.core-1.3.10] startup
[python-1] [3.614s] [ext: omni.kit.context_menu-1.8.6] startup
[python-1] [3.618s] [ext: omni.kit.property.adapter.core-1.0.2] startup
[python-1] [3.621s] [ext: omni.kit.window.file_exporter-1.0.33] startup
[python-1] [3.625s] [ext: omni.kit.widget.searchfield-1.1.8] startup
[python-1] [3.627s] [ext: omni.kit.widget.filter-1.1.4] startup
[python-1] [3.629s] [ext: omni.kit.widget.graph-2.0.0] startup
[python-1] [3.638s] [ext: omni.kit.widget.stage-3.1.4] startup
[python-1] [3.656s] [ext: omni.kit.property.adapter.usd-1.0.2] startup
[python-1] [3.658s] [ext: omni.kit.property.adapter.fabric-1.0.3] startup
[python-1] [3.659s] [ext: omni.kit.graph.delegate.default-1.2.3] startup
[python-1] [3.660s] [ext: omni.kit.window.file_importer-1.1.18] startup
[python-1] [3.662s] [ext: omni.kit.stage_template.core-1.1.22] startup
[python-1] [3.663s] [ext: omni.kit.menu.utils-2.0.5] startup
[python-1] [3.671s] [ext: omni.kit.window.file-2.0.5] startup
[python-1] [3.675s] [ext: omni.kit.widget.highlight_label-1.0.3] startup
[python-1] [3.676s] [ext: omni.kit.window.drop_support-1.0.5] startup
[python-1] [3.677s] [ext: omni.kit.window.content_browser_registry-0.0.6] startup
[python-1] [3.678s] [ext: omni.kit.window.property-1.12.1] startup
[python-1] [3.682s] [ext: omni.kit.window.content_browser-3.1.3] startup
[python-1] [3.701s] [ext: isaacsim.core.version-2.0.6] startup
[python-1] [3.702s] [ext: omni.kit.property.usd-4.5.12] startup
[python-1] [3.719s] [ext: omni.kit.graph.editor.core-1.5.3] startup
[python-1] [3.722s] [ext: omni.kit.material.library-2.0.7] startup
[python-1] [3.730s] [ext: omni.kit.graph.usd.commands-1.3.1] startup
[python-1] [3.731s] [ext: omni.kvdb-107.3.26] startup
[python-1] [3.734s] [ext: omni.usdphysics-107.3.26] startup
[python-1] [3.737s] [ext: omni.physx.foundation-107.3.26] startup
[python-1] [3.740s] [ext: omni.localcache-107.3.26] startup
[python-1] [3.742s] [ext: omni.convexdecomposition-107.3.26] startup
[python-1] [3.746s] [ext: omni.physics-107.3.26] startup
[python-1] [3.751s] [ext: omni.physx.cooking-107.3.26] startup
[python-1] [3.756s] [ext: omni.physics.stageupdate-107.3.26] startup
[python-1] [3.759s] [ext: omni.physx-107.3.26] startup
[python-1] [3.775s] [ext: omni.index.libs-380600.8087.0] startup
[python-1] [3.775s] [ext: omni.physics.physx-107.3.26] startup
[python-1] 2026-09-17T11:11:40Z [3,738ms] [Warning] [carb] Acquiring non optional plugin interface which is not listed as dependency: [omni::physx::IPhysxBenchmarks v1.0] (plugin: <default plugin>), by client: omni.physics.physx.plugin. Add it to CARB_PLUGIN_IMPL_DEPS() macro of a client.
[python-1] [3.779s] [ext: omni.index-1.0.1] startup
[python-1] [3.780s] [ext: omni.volume-0.5.2] startup
[python-1] [3.784s] [ext: omni.ujitso.client-0.0.0] startup
[python-1] [3.785s] [ext: omni.hydra.rtx.shadercache.vulkan-1.0.0] startup
[python-1] [3.786s] [ext: omni.kit.widget.searchable_combobox-1.0.6] startup
[controller_server-8] [INFO] [1789643500.858486075] [local_costmap.local_costmap]: Timed out waiting for transform from base_link to odom to become available, tf error: Invalid frame ID "odom" passed to canTransform argument target_frame - frame does not exist
[controller_server-8] [INFO] [1789643501.358497103] [local_costmap.local_costmap]: Timed out waiting for transform from base_link to odom to become available, tf error: Invalid frame ID "odom" passed to canTransform argument target_frame - frame does not exist
[controller_server-8] [INFO] [1789643501.858489160] [local_costmap.local_costmap]: Timed out waiting for transform from base_link to odom to become available, tf error: Invalid frame ID "odom" passed to canTransform argument target_frame - frame does not exist
[controller_server-8] [INFO] [1789643502.358490273] [local_costmap.local_costmap]: Timed out waiting for transform from base_link to odom to become available, tf error: Invalid frame ID "odom" passed to canTransform argument target_frame - frame does not exist
[controller_server-8] [INFO] [1789643502.858483727] [local_costmap.local_costmap]: Timed out waiting for transform from base_link to odom to become available, tf error: Invalid frame ID "odom" passed to canTransform argument target_frame - frame does not exist
[controller_server-8] [INFO] [1789643503.358483905] [local_costmap.local_costmap]: Timed out waiting for transform from base_link to odom to become available, tf error: Invalid frame ID "odom" passed to canTransform argument target_frame - frame does not exist
[controller_server-8] [INFO] [1789643503.858486447] [local_costmap.local_costmap]: Timed out waiting for transform from base_link to odom to become available, tf error: Invalid frame ID "odom" passed to canTransform argument target_frame - frame does not exist
[controller_server-8] [INFO] [1789643504.358562065] [local_costmap.local_costmap]: Timed out waiting for transform from base_link to odom to become available, tf error: Invalid frame ID "odom" passed to canTransform argument target_frame - frame does not exist
[controller_server-8] [INFO] [1789643504.858464263] [local_costmap.local_costmap]: Timed out waiting for transform from base_link to odom to become available, tf error: Invalid frame ID "odom" passed to canTransform argument target_frame - frame does not exist
[controller_server-8] [INFO] [1789643505.358544539] [local_costmap.local_costmap]: Timed out waiting for transform from base_link to odom to become available, tf error: Invalid frame ID "odom" passed to canTransform argument target_frame - frame does not exist
[controller_server-8] [INFO] [1789643505.858507127] [local_costmap.local_costmap]: Timed out waiting for transform from base_link to odom to become available, tf error: Invalid frame ID "odom" passed to canTransform argument target_frame - frame does not exist
[controller_server-8] [INFO] [1789643506.358559927] [local_costmap.local_costmap]: Timed out waiting for transform from base_link to odom to become available, tf error: Invalid frame ID "odom" passed to canTransform argument target_frame - frame does not exist
[python-1] [3.788s] [ext: omni.hydra.rtx-1.0.0] startup
[python-1] 2026-09-17T11:11:40Z [3,780ms] [Warning] [omni.log] Source: omni.hydra was already registered.
[python-1] [3.849s] [ext: omni.kit.widget.settings-1.2.6] startup
[python-1] [3.852s] [ext: omni.kit.hydra_texture-1.4.6] startup
[python-1] [3.858s] [ext: omni.graph.tools-1.79.2] startup
[python-1] [3.897s] [ext: omni.kit.window.preferences-1.8.0] startup
[python-1] [3.905s] [ext: omni.kit.widget.material_preview-1.0.16] startup
[python-1] [3.908s] [ext: omni.graph-1.141.2] startup
[python-1] [3.979s] [ext: omni.kit.window.material_graph-1.9.1] startup
[python-1] [3.996s] [ext: omni.isaac.dynamic_control-2.0.7] startup
[python-1] 2026-09-17T11:11:40Z [3,966ms] [Warning] [omni.isaac.dynamic_control] omni.isaac.dynamic_control is deprecated as of Isaac Sim 4.5. No action is needed from end-users.
[python-1] [4.007s] [ext: isaacsim.storage.native-1.5.1] startup
[python-1] [4.014s] [ext: omni.graph.scriptnode-1.50.0] startup
[python-1] [4.019s] [ext: omni.hydra.engine.stats-1.0.3] startup
[python-1] [4.030s] [ext: omni.kit.viewport.legacy_gizmos-1.0.19] startup
[python-1] [4.035s] [ext: omni.kit.raycast.query-1.1.0] startup
[python-1] [4.045s] [ext: omni.graph.action_core-1.1.7] startup
[python-1] [4.055s] [ext: omni.kit.viewport.scene_camera_model-1.0.6] startup
[python-1] [4.063s] [ext: omni.graph.image.core-0.6.1] startup
[python-1] [4.067s] [ext: omni.kit.widget.viewport-107.1.3] startup
[python-1] [4.074s] [ext: omni.kit.viewport.registry-104.0.6] startup
[python-1] [4.083s] [ext: omni.usd.metrics.assembler-107.3.1] startup
[python-1] [4.104s] [ext: omni.kit.viewport.window-107.2.0] startup
[python-1] [4.159s] [ext: omni.kit.viewport.menubar.core-107.2.1] startup
[python-1] [4.183s] [ext: omni.graph.image.nodes-1.3.1] startup
[python-1] [4.185s] [ext: omni.usd.metrics.assembler.physics-107.3.26] startup
[python-1] [4.188s] [ext: omni.warp.core-1.8.2] startup
[python-1] [4.566s] [ext: omni.kit.viewport.utility-1.1.2] startup
[python-1] [4.569s] [ext: omni.physics.tensors-107.3.26] startup
[python-1] [4.580s] [ext: omni.syntheticdata-0.6.13] startup
[python-1] [4.623s] [ext: isaacsim.test.docstring-1.1.0] startup
[python-1] [4.637s] [ext: isaacsim.core.utils-3.5.1] startup
[python-1] [4.644s] [ext: omni.physx.tensors-107.3.26] startup
[python-1] [4.654s] [ext: omni.graph.nodes-1.170.10] startup
[python-1] [4.672s] [ext: omni.graph.action_nodes-1.50.4] startup
[python-1] [4.677s] [ext: omni.kit.primitive.mesh-1.0.17] startup
[python-1] [4.690s] [ext: isaacsim.core.simulation_manager-1.4.4] startup
[python-1] [7.586s] [ext: omni.graph.ui_nodes-1.50.5] startup
[python-1] [7.599s] [ext: omni.graph.action-1.130.0] startup
[python-1] [7.604s] [ext: omni.kit.stage_templates-2.0.0] startup
[python-1] [7.612s] [ext: isaacsim.core.prims-0.6.1] startup
[python-1] [7.672s] [ext: omni.warp-1.8.2] startup
[python-1] [7.690s] [ext: omni.videoencoding-0.1.2] startup
[python-1] [7.698s] [ext: isaacsim.core.api-4.8.0] startup
[python-1] [7.753s] [ext: isaacsim.core.experimental.utils-0.3.0] startup
[python-1] [7.772s] [ext: omni.replicator.core-1.12.27] startup
[python-1] 2026-09-17T11:11:44Z [7,764ms] [Warning] [pxr.Semantics] pxr.Semantics is deprecated - please use Semantics instead
[python-1] 2026-09-17T11:11:44Z [8,011ms] [Warning] [omni.graph.core.plugin] Found duplicate of category 'Replicator' - was 'Annotators', adding 'Fabric Reader'
[python-1] 2026-09-17T11:11:44Z [8,012ms] [Warning] [omni.graph.core.plugin] Category 'Replicator' not accepted on node type 'omni.replicator.core.FabricReader' in extension 'omni.replicator.core'
[python-1] 2026-09-17T11:11:44Z [8,038ms] [Warning] [omni.replicator.core.scripts.extension] No material configuration file, adding configuration to material settings directly.
[python-1] [8.131s] [ext: isaacsim.core.experimental.prims-0.8.1] startup
[python-1] [8.361s] [ext: omni.kit.window.extensions-1.4.27] startup
[python-1] [8.387s] [ext: isaacsim.core.experimental.objects-0.4.0] startup
[python-1] [8.404s] [ext: omni.ui_query-1.1.8] startup
[python-1] [8.424s] [ext: omni.kit.manipulator.viewport-107.0.1] startup
[python-1] [8.435s] [ext: isaacsim.robot.surface_gripper-3.3.1] startup
[python-1] [8.461s] [ext: omni.kit.ui_test-1.3.7] startup
[python-1] [8.499s] [ext: omni.graph.visualization.nodes-2.1.3] startup
[python-1] [9.139s] [ext: isaacsim.robot_motion.lula-4.0.8] startup
[python-1] [9.176s] [ext: isaacsim.core.nodes-3.4.3] startup
[python-1] [9.375s] [ext: isaacsim.gui.components-1.2.1] startup
[python-1] [9.579s] [ext: isaacsim.robot_motion.motion_generation-8.0.26] startup
[python-1] [9.751s] [ext: isaacsim.robot.manipulators-3.3.6] startup
[python-1] [9.809s] [ext: isaacsim.core.experimental.materials-0.4.0] startup
[controller_server-8] [INFO] [1789643506.858465594] [local_costmap.local_costmap]: Timed out waiting for transform from base_link to odom to become available, tf error: Invalid frame ID "odom" passed to canTransform argument target_frame - frame does not exist
[python-1] [9.938s] [ext: isaacsim.robot.manipulators.examples-1.1.2] startup
[python-1] [9.975s] [ext: isaacsim.cortex.framework-1.0.12] startup
[python-1] [10.036s] [ext: isaacsim.cortex.behaviors-2.0.14] startup
[python-1] [10.051s] [ext: omni.isaac.cortex.sample_behaviors-2.0.5] startup
[python-1] 2026-09-17T11:11:46Z [10,038ms] [Warning] [omni.isaac.cortex] omni.isaac.cortex has been deprecated in favor of isaacsim.cortex.framework. Please update your code accordingly.
[python-1] 2026-09-17T11:11:46Z [10,055ms] [Warning] [omni.isaac.cortex.sample_behaviors] omni.isaac.cortex.sample_behaviors has been deprecated in favor of isaacsim.cortex.behaviors. Please update your code accordingly.
[python-1] [10.096s] [ext: omni.kit.widget.zoombar-1.0.6] startup
[python-1] [10.140s] [ext: isaacsim.gui.content_browser-0.1.11] startup
[python-1] [10.160s] [ext: omni.kit.browser.core-2.3.13] startup
[python-1] [10.190s] [ext: omni.kit.widget.stage_icons-1.0.8] startup
[python-1] [10.213s] [ext: omni.kit.widget.prompt-1.0.7] startup
[python-1] [10.222s] [ext: omni.kit.usd.collect-2.4.5] startup
[python-1] [10.237s] [ext: omni.kit.browser.folder.core-1.10.9] startup
[python-1] [10.266s] [ext: omni.kit.window.stage-2.6.1] startup
[python-1] [10.332s] [ext: omni.kit.usdz_export-1.0.9] startup
[python-1] [10.348s] [ext: omni.kit.tool.collect-2.2.18] startup
[python-1] [10.363s] [ext: omni.kit.menu.stage-1.2.7] startup
[python-1] [10.379s] [ext: omni.kit.tool.asset_importer-4.3.2] startup
[python-1] [10.411s] [ext: isaacsim.robot.wheeled_robots-4.0.24] startup
[python-1] [10.433s] [ext: isaacsim.examples.browser-0.2.1] startup
[python-1] [10.451s] [ext: isaacsim.asset.importer.urdf-2.4.30] startup
[python-1] [10.603s] [ext: omni.isaac.wheeled_robots-3.0.7] startup
[python-1] 2026-09-17T11:11:47Z [10,563ms] [Warning] [omni.isaac.wheeled_robots] omni.isaac.wheeled_robots has been deprecated in favor of isaacsim.robot.wheeled_robots. Please update your code accordingly.
[python-1] 2026-09-17T11:11:47Z [10,564ms] [Warning] [omni.isaac.wheeled_robots.controllers] omni.isaac.wheeled_robots has been deprecated in favor of isaacsim.robot.wheeled_robots. Please update your code accordingly.
[python-1] 2026-09-17T11:11:47Z [10,567ms] [Warning] [omni.isaac.wheeled_robots.controllers.ackermann_controller] omni.isaac.wheeled_robots has been deprecated in favor of isaacsim.robot.wheeled_robots. Please update your code accordingly.
[python-1] 2026-09-17T11:11:47Z [10,568ms] [Warning] [omni.isaac.wheeled_robots.controllers.differential_controller] omni.isaac.wheeled_robots has been deprecated in favor of isaacsim.robot.wheeled_robots. Please update your code accordingly.
[python-1] 2026-09-17T11:11:47Z [10,569ms] [Warning] [omni.isaac.wheeled_robots.controllers.holonomic_controller] omni.isaac.wheeled_robots has been deprecated in favor of isaacsim.robot.wheeled_robots. Please update your code accordingly.
[python-1] 2026-09-17T11:11:47Z [10,569ms] [Warning] [omni.isaac.wheeled_robots.controllers.quintic_path_planner] omni.isaac.wheeled_robots has been deprecated in favor of isaacsim.robot.wheeled_robots. Please update your code accordingly.
[python-1] 2026-09-17T11:11:47Z [10,570ms] [Warning] [omni.isaac.wheeled_robots.controllers.stanley_control] omni.isaac.wheeled_robots has been deprecated in favor of isaacsim.robot.wheeled_robots. Please update your code accordingly.
[python-1] 2026-09-17T11:11:47Z [10,584ms] [Warning] [omni.isaac.wheeled_robots.controllers.wheel_base_pose_controller] omni.isaac.wheeled_robots has been deprecated in favor of isaacsim.robot.wheeled_robots. Please update your code accordingly.
[python-1] 2026-09-17T11:11:47Z [10,586ms] [Warning] [omni.isaac.wheeled_robots.impl] omni.isaac.wheeled_robots has been deprecated in favor of isaacsim.robot.wheeled_robots. Please update your code accordingly.
[python-1] 2026-09-17T11:11:47Z [10,590ms] [Warning] [omni.isaac.wheeled_robots.robots] omni.isaac.wheeled_robots has been deprecated in favor of isaacsim.robot.wheeled_robots. Please update your code accordingly.
[python-1] 2026-09-17T11:11:47Z [10,592ms] [Warning] [omni.isaac.wheeled_robots.robots.holonomic_robot_usd_setup] omni.isaac.wheeled_robots has been deprecated in favor of isaacsim.robot.wheeled_robots. Please update your code accordingly.
[python-1] 2026-09-17T11:11:47Z [10,603ms] [Warning] [omni.isaac.wheeled_robots.robots.wheeled_robot] omni.isaac.wheeled_robots has been deprecated in favor of isaacsim.robot.wheeled_robots. Please update your code accordingly.
[controller_server-8] [INFO] [1789643507.358485722] [local_costmap.local_costmap]: Timed out waiting for transform from base_link to odom to become available, tf error: Invalid frame ID "odom" passed to canTransform argument target_frame - frame does not exist
[python-1] [10.644s] [ext: isaacsim.simulation_app-2.12.2] startup
[python-1] [10.659s] [ext: omni.isaac.franka-1.0.7] startup
[python-1] 2026-09-17T11:11:47Z [10,628ms] [Warning] [omni.isaac.franka] omni.isaac.franka has been deprecated in favor of isaacsim.robot.manipulators.examples.franka. Please update your code accordingly.
[python-1] 2026-09-17T11:11:47Z [10,672ms] [Warning] [omni.isaac.franka.franka] omni.isaac.franka has been deprecated in favor of isaacsim.robot.manipulators.examples.franka. Please update your code accordingly.
[python-1] 2026-09-17T11:11:47Z [10,728ms] [Warning] [omni.isaac.franka.kinematics_solver] omni.isaac.franka has been deprecated in favor of isaacsim.robot.manipulators.examples.franka. Please update your code accordingly.
[python-1] [10.768s] [ext: omni.isaac.kit-2.0.6] startup
[python-1] 2026-09-17T11:11:47Z [10,728ms] [Warning] [omni.isaac.kit] omni.isaac.kit has been deprecated in favor of isaacsim.simulation_app. Please update your code accordingly.
[python-1] [10.768s] [ext: omni.kit.selection-0.1.6] startup
[python-1] [10.793s] [ext: omni.isaac.lula-4.0.6] startup
[python-1] 2026-09-17T11:11:47Z [10,756ms] [Warning] [omni.isaac.lula] omni.isaac.lula has been deprecated in favor of isaacsim.robot_motion.lula. Please update your code accordingly.
[python-1] [10.797s] [ext: isaacsim.robot_motion.lula_test_widget-1.0.12] startup
[python-1] [10.803s] [ext: isaacsim.asset.browser-1.3.23] startup
[python-1] [11.045s] [ext: omni.kit.viewport.actions-107.0.2] startup
[python-1] [11.059s] [ext: isaacsim.gui.menu-2.4.4] startup
[python-1] [11.072s] [ext: omni.isaac.manipulators-3.0.7] startup
[python-1] 2026-09-17T11:11:47Z [11,039ms] [Warning] [omni.isaac.manipulators] omni.isaac.manipulators has been deprecated in favor of isaacsim.robot.manipulators. Please update your code accordingly.
[python-1] 2026-09-17T11:11:47Z [11,039ms] [Warning] [omni.isaac.manipulators.controllers] omni.isaac.manipulators has been deprecated in favor of isaacsim.robot.manipulators. Please update your code accordingly.
[python-1] 2026-09-17T11:11:47Z [11,040ms] [Warning] [omni.isaac.manipulators.controllers.pick_place_controller] omni.isaac.manipulators has been deprecated in favor of isaacsim.robot.manipulators. Please update your code accordingly.
[python-1] 2026-09-17T11:11:47Z [11,041ms] [Warning] [omni.isaac.manipulators.controllers.stacking_controller] omni.isaac.manipulators has been deprecated in favor of isaacsim.robot.manipulators. Please update your code accordingly.
[python-1] 2026-09-17T11:11:47Z [11,041ms] [Warning] [omni.isaac.manipulators.grippers] omni.isaac.manipulators has been deprecated in favor of isaacsim.robot.manipulators. Please update your code accordingly.
[python-1] 2026-09-17T11:11:47Z [11,041ms] [Warning] [omni.isaac.manipulators.grippers.gripper] omni.isaac.manipulators has been deprecated in favor of isaacsim.robot.manipulators. Please update your code accordingly.
[python-1] 2026-09-17T11:11:47Z [11,041ms] [Warning] [omni.isaac.manipulators.grippers.parallel_gripper] omni.isaac.manipulators has been deprecated in favor of isaacsim.robot.manipulators. Please update your code accordingly.
[python-1] 2026-09-17T11:11:47Z [11,041ms] [Warning] [omni.isaac.manipulators.grippers.surface_gripper] omni.isaac.manipulators has been deprecated in favor of isaacsim.robot.manipulators. Please update your code accordingly.
[python-1] 2026-09-17T11:11:47Z [11,042ms] [Warning] [omni.isaac.manipulators.manipulators] omni.isaac.manipulators has been deprecated in favor of isaacsim.robot.manipulators. Please update your code accordingly.
[python-1] 2026-09-17T11:11:47Z [11,042ms] [Warning] [omni.isaac.manipulators.manipulators.single_manipulator] omni.isaac.manipulators has been deprecated in favor of isaacsim.robot.manipulators. Please update your code accordingly.
[python-1] [11.082s] [ext: omni.isaac.lula_test_widget-1.0.6] startup
[python-1] 2026-09-17T11:11:47Z [11,051ms] [Warning] [omni.isaac.lula_test_widget] omni.isaac.lula_test_widget has been deprecated in favor of isaacsim.robot_motion.lula_test_widget. Please update your code accordingly.
[python-1] [11.092s] [ext: omni.isaac.asset_browser-1.0.6] startup
[python-1] 2026-09-17T11:11:47Z [11,063ms] [Warning] [omni.isaac.asset_browser] omni.isaac.asset_browser has been deprecated in favor of isaacsim.asset.browser. Please update your code accordingly.
[python-1] [11.104s] [ext: omni.kit.viewport.menubar.display-107.0.3] startup
[python-1] [11.120s] [ext: omni.isaac.menu-1.0.6] startup
[python-1] 2026-09-17T11:11:47Z [11,081ms] [Warning] [omni.isaac.menu] omni.isaac.menu has been deprecated in favor of isaacsim.gui.menu. Please update your code accordingly.
[python-1] [11.122s] [ext: omni.isaac.motion_generation-8.0.7] startup
[python-1] 2026-09-17T11:11:47Z [11,101ms] [Warning] [omni.isaac.motion_generation] omni.isaac.motion_generation has been deprecated in favor of isaacsim.robot_motion.motion_generation. Please update your code accordingly.
[python-1] 2026-09-17T11:11:47Z [11,109ms] [Warning] [omni.isaac.motion_generation.articulation_kinematics_solver] omni.isaac.motion_generation has been deprecated in favor of isaacsim.robot_motion.motion_generation. Please update your code accordingly.
[python-1] 2026-09-17T11:11:47Z [11,110ms] [Warning] [omni.isaac.motion_generation.articulation_motion_policy] omni.isaac.motion_generation has been deprecated in favor of isaacsim.robot_motion.motion_generation. Please update your code accordingly.
[python-1] 2026-09-17T11:11:47Z [11,111ms] [Warning] [omni.isaac.motion_generation.articulation_trajectory] omni.isaac.motion_generation has been deprecated in favor of isaacsim.robot_motion.motion_generation. Please update your code accordingly.
[python-1] 2026-09-17T11:11:47Z [11,111ms] [Warning] [omni.isaac.motion_generation.kinematics_interface] omni.isaac.motion_generation has been deprecated in favor of isaacsim.robot_motion.motion_generation. Please update your code accordingly.
[python-1] 2026-09-17T11:11:47Z [11,119ms] [Warning] [omni.isaac.motion_generation.lula] omni.isaac.motion_generation has been deprecated in favor of isaacsim.robot_motion.motion_generation. Please update your code accordingly.
[python-1] 2026-09-17T11:11:47Z [11,121ms] [Warning] [omni.isaac.motion_generation.lula.kinematics] omni.isaac.motion_generation has been deprecated in favor of isaacsim.robot_motion.motion_generation. Please update your code accordingly.
[python-1] 2026-09-17T11:11:47Z [11,121ms] [Warning] [omni.isaac.motion_generation.lula.motion_policies] omni.isaac.motion_generation has been deprecated in favor of isaacsim.robot_motion.motion_generation. Please update your code accordingly.
[python-1] 2026-09-17T11:11:47Z [11,122ms] [Warning] [omni.isaac.motion_generation.lula.path_planners] omni.isaac.motion_generation has been deprecated in favor of isaacsim.robot_motion.motion_generation. Please update your code accordingly.
[python-1] 2026-09-17T11:11:47Z [11,122ms] [Warning] [omni.isaac.motion_generation.lula.trajectory_generator] omni.isaac.motion_generation has been deprecated in favor of isaacsim.robot_motion.motion_generation. Please update your code accordingly.
[python-1] 2026-09-17T11:11:47Z [11,123ms] [Warning] [omni.isaac.motion_generation.motion_policy_controller] omni.isaac.motion_generation has been deprecated in favor of isaacsim.robot_motion.motion_generation. Please update your code accordingly.
[python-1] 2026-09-17T11:11:47Z [11,123ms] [Warning] [omni.isaac.motion_generation.motion_policy_interface] omni.isaac.motion_generation has been deprecated in favor of isaacsim.robot_motion.motion_generation. Please update your code accordingly.
[python-1] 2026-09-17T11:11:47Z [11,123ms] [Warning] [omni.isaac.motion_generation.path_planner_visualizer] omni.isaac.motion_generation has been deprecated in favor of isaacsim.robot_motion.motion_generation. Please update your code accordingly.
[python-1] 2026-09-17T11:11:47Z [11,124ms] [Warning] [omni.isaac.motion_generation.path_planning_interface] omni.isaac.motion_generation has been deprecated in favor of isaacsim.robot_motion.motion_generation. Please update your code accordingly.
[python-1] 2026-09-17T11:11:47Z [11,124ms] [Warning] [omni.isaac.motion_generation.trajectory] omni.isaac.motion_generation has been deprecated in favor of isaacsim.robot_motion.motion_generation. Please update your code accordingly.
[python-1] 2026-09-17T11:11:47Z [11,124ms] [Warning] [omni.isaac.motion_generation.world_interface] omni.isaac.motion_generation has been deprecated in favor of isaacsim.robot_motion.motion_generation. Please update your code accordingly.
[controller_server-8] [INFO] [1789643507.858484608] [local_costmap.local_costmap]: Timed out waiting for transform from base_link to odom to become available, tf error: Invalid frame ID "odom" passed to canTransform argument target_frame - frame does not exist
[python-1] [11.165s] [ext: omni.isaac.assets_check-0.3.13] startup
[python-1] 2026-09-17T11:11:47Z [11,133ms] [Warning] [omni.isaac.assets_check] omni.isaac.assets_check has been deprecated in favor of isaacsim.asset.browser. Please update your code accordingly.
[python-1] [11.173s] [ext: isaacsim.gui.sensors.icon-2.0.3] startup
[python-1] [11.218s] [ext: isaacsim.asset.importer.mjcf-2.5.13] startup
[python-1] [11.235s] [ext: omni.sensors.nv.common-3.0.0] startup
[python-1] [11.252s] [ext: isaacsim.sensors.physics-0.4.3] startup
[python-1] [11.262s] [ext: omni.sensors.net-1.0.0] startup
[python-1] [11.272s] [ext: omni.isaac.nucleus-1.0.6] startup
[python-1] 2026-09-17T11:11:47Z [11,234ms] [Warning] [omni.isaac.nucleus] omni.isaac.nucleus has been deprecated in favor of isaacsim.storage.native. Please update your code accordingly.
[python-1] 2026-09-17T11:11:47Z [11,234ms] [Warning] [omni.isaac.nucleus.nucleus] omni.isaac.nucleus.nucleus has been deprecated in favor of isaacsim.storage.native. Please update your code accordingly.
[python-1] [11.274s] [ext: omni.sensors.nv.materials-2.0.0] startup
[python-1] [11.283s] [ext: isaacsim.robot.policy.examples-4.1.11] startup
[python-1] [11.287s] [ext: omni.sensors.nv.wpm-3.0.0] startup
[python-1] [11.304s] [ext: omni.sensors.nv.lidar-3.0.0] startup
[python-1] [11.323s] [ext: isaacsim.util.debug_draw-3.1.0] startup
[python-1] [11.334s] [ext: omni.sensors.nv.radar-3.0.0] startup
[python-1] [11.344s] [ext: omni.sensors.nv.ids-2.0.0] startup
[python-1] [11.349s] [ext: isaacsim.core.cloner-1.4.10] startup
[python-1] [11.363s] [ext: isaacsim.sensors.physx-2.3.2] startup
[python-1] [11.380s] [ext: isaacsim.sensors.rtx-15.8.4] startup
[python-1] [11.422s] [ext: isaacsim.sensors.camera-1.3.6] startup
[python-1] [11.454s] [ext: omni.isaac.quadruped-3.0.7] startup
[python-1] 2026-09-17T11:11:48Z [11,415ms] [Warning] [omni.isaac.quadruped] omni.isaac.quadruped has been deprecated in favor of isaacsim.robot.policy.examples. Please update your code accordingly.
[python-1] [11.475s] [ext: omni.isaac.cloner-1.0.7] startup
[python-1] 2026-09-17T11:11:48Z [11,445ms] [Warning] [omni.isaac.cloner] omni.isaac.cloner has been deprecated in favor of isaacsim.core.cloner. Please update your code accordingly.
[python-1] [11.488s] [ext: omni.isaac.range_sensor-4.0.6] startup
[python-1] 2026-09-17T11:11:48Z [11,463ms] [Warning] [omni.isaac.range_sensor] omni.isaac.range_sensor has been deprecated in favor of isaacsim.sensors.physx. Please update your code accordingly.
[python-1] 2026-09-17T11:11:48Z [11,464ms] [Warning] [omni.isaac.range_sensor.commands] omni.isaac.range_sensor.commands has been deprecated in favor of isaacsim.sensors.physx.commands. Please update your code accordingly.
[python-1] [11.513s] [ext: omni.isaac.sensor-13.0.7] startup
[python-1] 2026-09-17T11:11:48Z [11,483ms] [Warning] [omni.isaac.sensor] omni.isaac.sensor has been deprecated in favor of isaacsim.sensors.camera, isaacsim.sensors.physics, isaacsim.sensors.physx, and isaacsim.sensors.rtx. Please update your code accordingly.
[python-1] 2026-09-17T11:11:48Z [11,484ms] [Warning] [omni.isaac.sensor.camera] omni.isaac.sensor.camera has been deprecated in favor of isaacsim.sensors.camera.camera. Please update your code accordingly.
[python-1] 2026-09-17T11:11:48Z [11,484ms] [Warning] [omni.isaac.sensor.camera_view] omni.isaac.sensor.camera_view has been deprecated in favor of isaacsim.sensors.camera.camera_view. Please update your code accordingly.
[python-1] 2026-09-17T11:11:48Z [11,486ms] [Warning] [omni.isaac.sensor.commands] omni.isaac.sensor.commands has been deprecated in favor of isaacsim.sensors.physics.commands, isaacsim.sensors.physx.commands, and isaacsim.sensors.rtx.commands. Please update your code accordingly.
[python-1] 2026-09-17T11:11:48Z [11,487ms] [Warning] [omni.isaac.sensor.contact_sensor] omni.isaac.sensor.contact_sensor has been deprecated in favor of isaacsim.sensors.physics.contact_sensor. Please update your code accordingly.
[python-1] 2026-09-17T11:11:48Z [11,488ms] [Warning] [omni.isaac.sensor.imu_sensor] omni.isaac.sensor.imu_sensor has been deprecated in favor of isaacsim.sensors.physics.imu_sensor. Please update your code accordingly.
[python-1] 2026-09-17T11:11:48Z [11,498ms] [Warning] [omni.isaac.sensor.lidar_rtx] omni.isaac.sensor.lidar_rtx has been deprecated in favor of isaacsim.sensors.rtx.lidar_rtx. Please update your code accordingly.
[python-1] 2026-09-17T11:11:48Z [11,509ms] [Warning] [omni.isaac.sensor.rotating_lidar_physX] omni.isaac.sensor.imu_sensor has been deprecated in favor of isaacsim.sensors.physix.rotating_lidar_physX. Please update your code accordingly.
[controller_server-8] [INFO] [1789643508.358549617] [local_costmap.local_costmap]: Timed out waiting for transform from base_link to odom to become available, tf error: Invalid frame ID "odom" passed to canTransform argument target_frame - frame does not exist
[python-1] 2026-09-17T11:11:48Z [11,530ms] [Warning] [omni.isaac.sensor.scripts.samples.contact_sensor] omni.isaac.sensor.scripts.samples.contact_sensor has been deprecated in favor of isaacsim.sensors.physics.scripts.samples.contact_sensor. Please update your code accordingly.
[python-1] 2026-09-17T11:11:48Z [11,530ms] [Warning] [omni.isaac.sensor.scripts.samples.imu_sensor] omni.isaac.sensor.scripts.samples.imu_sensor has been deprecated in favor of isaacsim.sensors.physics.scripts.samples.imu_sensor. Please update your code accordingly.
[python-1] 2026-09-17T11:11:48Z [11,531ms] [Warning] [omni.isaac.sensor.scripts.samples.lightbeam_sensor] omni.isaac.sensor.scripts.samples.lightbeam_sensor has been deprecated in favor of isaacsim.sensors.physx.scripts.samples.lightbeam_sensor. Please update your code accordingly.
[python-1] [11.572s] [ext: omni.kit.menu.create-2.0.1] startup
[python-1] [11.591s] [ext: omni.kit.widget.toolbar-2.0.1] startup
[python-1] [11.652s] [ext: omni.kit.manipulator.transform-107.0.0] startup
[python-1] [11.666s] [ext: omni.isaac.core-4.0.7] startup
[python-1] 2026-09-17T11:11:48Z [11,630ms] [Warning] [omni.isaac.core.physics_context.physics_context] omni.isaac.core.physics_context.physics_context has been deprecated in favor of isaacsim.core.api.physics_context.physics_context. Please update your code accordingly.
[python-1] 2026-09-17T11:11:48Z [11,631ms] [Warning] [omni.isaac.core.simulation_context.simulation_context] omni.isaac.core.simulation_context.simulation_context has been deprecated in favor of isaacsim.core.api.simulation_context.simulation_context. Please update your code accordingly.
[python-1] 2026-09-17T11:11:48Z [11,631ms] [Warning] [omni.isaac.core.world.world] omni.isaac.core.world.world has been deprecated in favor of isaacsim.core.api.world.world. Please update your code accordingly.
[python-1] 2026-09-17T11:11:48Z [11,631ms] [Warning] [omni.isaac.core] omni.isaac.core has been deprecated in favor of isaacsim.core.api. Please update your code accordingly.
[python-1] [11.672s] [ext: omni.kit.scripting-107.3.2] startup
[python-1] [11.693s] [ext: omni.kit.manipulator.tool.snap-1.5.13] startup
[python-1] [11.707s] [ext: omni.kit.manipulator.selector-1.1.3] startup
[python-1] [11.714s] [ext: isaacsim.app.about-2.0.11] startup
[python-1] [11.728s] [ext: isaacsim.replicator.behavior-1.1.16] startup
[python-1] [11.732s] [ext: omni.kit.viewport.manipulator.transform-107.0.4] startup
[python-1] [11.739s] [ext: omni.isaac.window.about-2.0.7] startup
[python-1] 2026-09-17T11:11:48Z [11,706ms] [Warning] [omni.isaac.window.about] omni.isaac.window.about has been deprecated in favor of isaacsim.app.about. Please update your code accordingly.
[python-1] 2026-09-17T11:11:48Z [11,706ms] [Warning] [omni.isaac.window.about.about] omni.isaac.window.about.about has been deprecated in favor of isaacsim.app.about.about. Please update your code accordingly.
[python-1] [11.746s] [ext: omni.fabric.commands-1.1.6] startup
[python-1] [11.757s] [ext: omni.kit.manipulator.prim.core-107.0.8] startup
[python-1] [11.775s] [ext: omni.kit.property.audio-1.0.16] startup
[python-1] [11.781s] [ext: omni.kit.property.camera-1.0.10] startup
[python-1] [11.787s] [ext: omni.kit.property.geometry-2.0.4] startup
[python-1] [11.797s] [ext: omni.hydra.scene_api-0.1.2] startup
[python-1] [11.807s] [ext: omni.kit.property.light-1.0.12] startup
[python-1] [11.843s] [ext: omni.kit.manipulator.prim.fabric-107.0.4] startup
[python-1] [11.849s] [ext: omni.kit.manipulator.prim.usd-107.0.3] startup
[python-1] [11.855s] [ext: omni.kit.property.material-1.11.9] startup
[python-1] [11.868s] [ext: omni.kit.property.render-1.2.1] startup
[python-1] [11.873s] [ext: omni.kit.property.transform-1.5.13] startup
[python-1] [11.882s] [ext: isaacsim.gui.property-1.1.3] startup
[python-1] [11.889s] [ext: omni.kit.manipulator.camera-106.0.4] startup
[python-1] [11.903s] [ext: omni.kit.manipulator.prim-107.0.0] startup
[python-1] [11.903s] [ext: omni.isaac.surface_gripper-2.0.6] startup
[python-1] 2026-09-17T11:11:48Z [11,864ms] [Warning] [omni.isaac.surface_gripper] omni.isaac.surface_gripper has been deprecated in favor of isaacsim.robot.surface_gripper. Please update your code accordingly.
[python-1] [11.905s] [ext: omni.kit.manipulator.selection-106.0.1] startup
[python-1] [11.915s] [ext: omni.kit.property.bundle-1.4.1] startup
[python-1] [11.922s] [ext: omni.kit.property.isaac-1.0.6] startup
[python-1] 2026-09-17T11:11:48Z [11,886ms] [Warning] [omni.kit.property.isaac] omni.kit.property.isaac has been deprecated in favor of isaacsim.gui.property. Please update your code accordingly.
[controller_server-8] [INFO] [1789643508.858508634] [local_costmap.local_costmap]: Timed out waiting for transform from base_link to odom to become available, tf error: Invalid frame ID "odom" passed to canTransform argument target_frame - frame does not exist
[controller_server-8] [INFO] [1789643509.358486577] [local_costmap.local_costmap]: Timed out waiting for transform from base_link to odom to become available, tf error: Invalid frame ID "odom" passed to canTransform argument target_frame - frame does not exist
[python-1] 2026-09-17T11:11:48Z [11,887ms] [Warning] [omni.kit.property.isaac.widgets] omni.kit.property.isaac.widgets has been deprecated in favor of isaacsim.gui.property.widgets. Please update your code accordingly.
[python-1] [11.927s] [ext: omni.isaac.universal_robots-1.0.6] startup
[python-1] 2026-09-17T11:11:48Z [11,888ms] [Warning] [omni.isaac.universal_robots] omni.isaac.universal_robots has been deprecated in favor of isaacsim.robot.manipulators.examples.universal_robots. Please update your code accordingly.
[python-1] 2026-09-17T11:11:48Z [11,889ms] [Warning] [omni.isaac.universal_robots.kinematics_solver] omni.isaac.franka has been deprecated in favor of isaacsim.robot.manipulators.examples.universal_robots. Please update your code accordingly.
[python-1] 2026-09-17T11:11:48Z [11,896ms] [Warning] [omni.isaac.universal_robots.ur10] omni.isaac.franka has been deprecated in favor of isaacsim.robot.manipulators.examples.universal_robots. Please update your code accordingly.
[python-1] [11.936s] [ext: omni.isaac.core_nodes-2.0.6] startup
[python-1] 2026-09-17T11:11:48Z [11,907ms] [Warning] [omni.isaac.core_nodes] omni.isaac.core_nodes has been deprecated in favor of isaacsim.core.nodes. Please update your code accordingly.
[python-1] [11.948s] [ext: omni.kit.viewport.menubar.camera-107.0.6] startup
[python-1] [12.001s] [ext: omni.kit.viewport.menubar.lighting-107.3.1] startup
[python-1] [12.011s] [ext: isaacsim.replicator.writers-1.0.17] startup
[python-1] [12.046s] [ext: omni.kit.viewport.menubar.render-107.0.10] startup
[python-1] [12.059s] [ext: omni.kit.viewport.menubar.settings-107.0.3] startup
[python-1] [12.070s] [ext: omni.kit.window.console-1.1.4] startup
[python-1] [12.080s] [ext: isaacsim.replicator.domain_randomization-1.0.16] startup
[python-1] [12.086s] [ext: isaacsim.replicator.examples-1.3.6] startup
[python-1] [12.095s] [ext: omni.ocio-0.1.1] startup
[python-1] [12.098s] [ext: omni.rtx.window.settings-0.6.19] startup
[python-1] [12.120s] [ext: omni.kit.window.status_bar-0.1.9] startup
[python-1] [12.139s] [ext: omni.kit.window.toolbar-2.0.0] startup
[python-1] [12.154s] [ext: omni.replicator.isaac-2.0.8] startup
[python-1] 2026-09-17T11:11:48Z [12,120ms] [Warning] [omni.replicator.isaac] omni.replicator.isaac has been deprecated in favor of isaacsim.replicator.domain_randomization, isaacsim.replicator.examples, isaacsim.replicator.writers. Please update your code accordingly.
[python-1] [12.176s] [ext: omni.replicator.replicator_yaml-2.0.11] startup
[python-1] [12.322s] [ext: omni.rtx.settings.core-0.6.5] startup
[python-1] [12.409s] [ext: omni.usd.metrics.assembler.ui-107.3.1] startup
[python-1] [12.468s] [ext: omni.isaac.utils-2.0.6] startup
[python-1] [12.473s] [ext: semantics.schema.editor-2.0.2] startup
[python-1] [12.495s] [ext: omni.kit.ui.actions-1.0.5] startup
[python-1] [12.503s] [ext: semantics.schema.property-2.0.1] startup
[python-1] [12.510s] [ext: omni.isaac.version-2.0.7] startup
[python-1] 2026-09-17T11:11:49Z [12,474ms] [Warning] [omni.isaac.version] omni.isaac.version has been deprecated in favor of isaacsim.core.version. Please update your code accordingly.
[python-1] [12.515s] [ext: omni.isaac.cortex-1.0.5] startup
[python-1] [12.520s] [ext: omni.anim.curve.core-1.3.1] startup
[python-1] [12.549s] [ext: isaacsim.core.throttling-2.2.2] startup
[python-1] [12.555s] [ext: omni.kit.menu.common-2.0.1] startup
[python-1] [12.563s] [ext: isaacsim.exp.base-5.1.0] startup
[python-1] [12.564s] [ext: isaacsim.exp.base.python-5.1.0] startup
[python-1] [12.570s] Simulation App Starting
[python-1] 2026-09-17T11:11:49Z [12,705ms] [Warning] [omni.fabric.plugin] Warning: attribute viewportHandle not found for bucket id 9
[python-1] 
[python-1] 2026-09-17T11:11:49Z [12,754ms] [Warning] [usdrt.population.plugin] [UsdNoticeHandler] Unhandled attribute type VtArray<std::string> (prim attribute: omni:rtx:material:db:flattener:reflection_roughness_constant)
[python-1] 2026-09-17T11:11:49Z [12,754ms] [Warning] [usdrt.population.plugin] [UsdNoticeHandler] Unhandled attribute type VtArray<std::string> (prim attribute: omni:rtx:material:db:flattener:ior_constant)
[python-1] 2026-09-17T11:11:49Z [12,754ms] [Warning] [usdrt.population.plugin] [UsdNoticeHandler] Unhandled attribute type VtArray<std::string> (prim attribute: omni:rtx:material:db:flattener:transmittance_color)
[python-1] [12.813s] app ready
[controller_server-8] [INFO] [1789643509.858490835] [local_costmap.local_costmap]: Timed out waiting for transform from base_link to odom to become available, tf error: Invalid frame ID "odom" passed to canTransform argument target_frame - frame does not exist
[controller_server-8] [INFO] [1789643510.358487455] [local_costmap.local_costmap]: Timed out waiting for transform from base_link to odom to become available, tf error: Invalid frame ID "odom" passed to canTransform argument target_frame - frame does not exist
[controller_server-8] [INFO] [1789643510.858487143] [local_costmap.local_costmap]: Timed out waiting for transform from base_link to odom to become available, tf error: Invalid frame ID "odom" passed to canTransform argument target_frame - frame does not exist
[controller_server-8] [INFO] [1789643511.358495046] [local_costmap.local_costmap]: Timed out waiting for transform from base_link to odom to become available, tf error: Invalid frame ID "odom" passed to canTransform argument target_frame - frame does not exist
[controller_server-8] [INFO] [1789643511.858463403] [local_costmap.local_costmap]: Timed out waiting for transform from base_link to odom to become available, tf error: Invalid frame ID "odom" passed to canTransform argument target_frame - frame does not exist
[controller_server-8] [INFO] [1789643512.358478971] [local_costmap.local_costmap]: Timed out waiting for transform from base_link to odom to become available, tf error: Invalid frame ID "odom" passed to canTransform argument target_frame - frame does not exist
[controller_server-8] [INFO] [1789643512.858484886] [local_costmap.local_costmap]: Timed out waiting for transform from base_link to odom to become available, tf error: Invalid frame ID "odom" passed to canTransform argument target_frame - frame does not exist
[controller_server-8] [INFO] [1789643513.358535653] [local_costmap.local_costmap]: Timed out waiting for transform from base_link to odom to become available, tf error: Invalid frame ID "odom" passed to canTransform argument target_frame - frame does not exist
[controller_server-8] [INFO] [1789643513.858492192] [local_costmap.local_costmap]: Timed out waiting for transform from base_link to odom to become available, tf error: Invalid frame ID "odom" passed to canTransform argument target_frame - frame does not exist
[controller_server-8] [INFO] [1789643514.358490340] [local_costmap.local_costmap]: Timed out waiting for transform from base_link to odom to become available, tf error: Invalid frame ID "odom" passed to canTransform argument target_frame - frame does not exist
[python-1] Warning: Possible version incompatibility. Attempting to load omni::fabric::IStageReaderWriter with version v0.14 against v0.13.
[controller_server-8] [INFO] [1789643514.858486579] [local_costmap.local_costmap]: Timed out waiting for transform from base_link to odom to become available, tf error: Invalid frame ID "odom" passed to canTransform argument target_frame - frame does not exist
[controller_server-8] [INFO] [1789643515.358487054] [local_costmap.local_costmap]: Timed out waiting for transform from base_link to odom to become available, tf error: Invalid frame ID "odom" passed to canTransform argument target_frame - frame does not exist
[controller_server-8] [INFO] [1789643515.858524427] [local_costmap.local_costmap]: Timed out waiting for transform from base_link to odom to become available, tf error: Invalid frame ID "odom" passed to canTransform argument target_frame - frame does not exist
[controller_server-8] [INFO] [1789643516.358487676] [local_costmap.local_costmap]: Timed out waiting for transform from base_link to odom to become available, tf error: Invalid frame ID "odom" passed to canTransform argument target_frame - frame does not exist
[controller_server-8] [INFO] [1789643516.858485682] [local_costmap.local_costmap]: Timed out waiting for transform from base_link to odom to become available, tf error: Invalid frame ID "odom" passed to canTransform argument target_frame - frame does not exist
[controller_server-8] [INFO] [1789643517.358466191] [local_costmap.local_costmap]: Timed out waiting for transform from base_link to odom to become available, tf error: Invalid frame ID "odom" passed to canTransform argument target_frame - frame does not exist
[controller_server-8] [INFO] [1789643517.858523924] [local_costmap.local_costmap]: Timed out waiting for transform from base_link to odom to become available, tf error: Invalid frame ID "odom" passed to canTransform argument target_frame - frame does not exist
[controller_server-8] [INFO] [1789643518.358484449] [local_costmap.local_costmap]: Timed out waiting for transform from base_link to odom to become available, tf error: Invalid frame ID "odom" passed to canTransform argument target_frame - frame does not exist
[controller_server-8] [INFO] [1789643518.858485633] [local_costmap.local_costmap]: Timed out waiting for transform from base_link to odom to become available, tf error: Invalid frame ID "odom" passed to canTransform argument target_frame - frame does not exist
[controller_server-8] [INFO] [1789643519.358476287] [local_costmap.local_costmap]: Timed out waiting for transform from base_link to odom to become available, tf error: Invalid frame ID "odom" passed to canTransform argument target_frame - frame does not exist
[controller_server-8] [INFO] [1789643519.858466525] [local_costmap.local_costmap]: Timed out waiting for transform from base_link to odom to become available, tf error: Invalid frame ID "odom" passed to canTransform argument target_frame - frame does not exist
[controller_server-8] [INFO] [1789643520.358444867] [local_costmap.local_costmap]: Timed out waiting for transform from base_link to odom to become available, tf error: Invalid frame ID "odom" passed to canTransform argument target_frame - frame does not exist
[python-1] [INFO] [1789643520.377528755] [isaac]: Ideal planar chassis enabled: physics_dt=0.016667, limits=(1.500 m/s, 2.000 rad/s), accelerations=(2.000 m/s^2, 4.000 rad/s^2)
[controller_server-8] [INFO] [1789643520.858484187] [local_costmap.local_costmap]: Timed out waiting for transform from base_link to odom to become available, tf error: Invalid frame ID "odom" passed to canTransform argument target_frame - frame does not exist
[python-1] [17.457s] Simulation App Startup Complete
[python-1] [17.489s] [ext: omni.anim.behavior.schema-107.3.0] startup
[python-1] [17.505s] [ext: omni.anim.asset-107.3.0] startup
[python-1] [17.510s] [ext: omni.debugdraw-0.1.4] startup
[python-1] [17.518s] [ext: omni.anim.retarget.core-107.3.3] startup
[python-1] [17.529s] [ext: omni.anim.graph.core-107.3.4] startup
[python-1] 2026-09-17T11:11:54Z [17,518ms] [Warning] [omni.graph.core._impl._registration.register_python_ogn] Python import process in omni.anim.graph.core failed - 'NoneType' object is not subscriptable. Aborting Python node registration
[python-1] [17.558s] [ext: omni.kit.quicklayout-1.0.8] startup
[python-1] [17.634s] [ext: omni.anim.navigation.core-107.3.8] startup
[python-1] [17.646s] [ext: omni.metropolis.utils-0.1.20] startup
[python-1] [17.732s] [ext: omni.anim.people-0.7.9] startup
[python-1] [17.762s] [ext: omni.usd.schema.scene.visualization-2.0.2] startup
[python-1] [17.770s] [ext: omni.curve.creator-107.0.1] startup
[python-1] [17.775s] [ext: omni.kit.browser.sample-1.4.9] startup
[python-1] [17.847s] [ext: omni.scene.visualization.core-107.0.2] startup
[python-1] [17.860s] [ext: omni.curve.manipulator-107.0.4] startup
[python-1] [17.957s] [ext: omni.anim.navigation.ui-107.3.6] startup
[python-1] [18.106s] [ext: omni.anim.navigation.bundle-107.3.3] startup
[python-1] [18.121s] [ext: omni.anim.timeline-107.0.0] startup
[python-1] [18.143s] [ext: omni.kit.widget.text_editor-1.1.1] startup
[python-1] [18.154s] [ext: omni.graph.ui-1.101.6] startup
[python-1] [18.251s] [ext: omni.kit.widget.imageview-1.0.4] startup
[python-1] [18.252s] [ext: omni.ramp-107.0.1] startup
[python-1] [18.535s] [ext: omni.kit.window.quicksearch-2.4.4] startup
[python-1] [18.543s] [ext: omni.genproc.core-107.0.3] startup
[python-1] [18.568s] [ext: omni.kit.graph.widget.variables-2.1.0] startup
[python-1] [18.572s] [ext: omni.graph.io-1.30.1] startup
[python-1] 2026-09-17T11:11:55Z [18,533ms] [Warning] [omni.graph.io._impl.extension] omni.graph.io is deprecated. Nodes in this extension have been moved to omni.graph.nodes. Update any dependencies accordingly.
[python-1] [18.575s] [ext: omni.graph.bundle.action-2.30.0] startup
[python-1] [18.581s] [ext: omni.kit.graph.delegate.modern-1.10.9] startup
[python-1] [18.584s] [ext: omni.anim.graph.ui-107.3.3] startup
[python-1] [18.754s] [ext: omni.anim.graph.bundle-107.3.3] startup
[python-1] [18.782s] [ext: omni.kit.preferences.animation-1.2.0] startup
[python-1] [18.793s] [ext: omni.anim.skelJoint-107.3.3] startup
[python-1] [18.807s] [ext: omni.anim.widget.timeline-0.1.14] startup
[python-1] 2026-09-17T11:11:55Z [18,777ms] [Warning] [omni.anim.widget.timeline.views.timeline_view] Could not import omni.kit.window.cursor
[python-1] [18.819s] [ext: omni.kit.widget.layers-1.8.6] startup
[python-1] [18.916s] [ext: omni.anim.retarget.preview-107.3.3] startup
[python-1] [19.047s] [ext: omni.anim.retarget.ui-107.3.3] startup
[python-1] [19.140s] [ext: omni.anim.retarget.bundle-107.3.3] startup
[python-1] 2026-09-17T11:11:57Z [21,184ms] [Warning] [omni.anim.graph.core.plugin] CharacterManager::Shutdown() called without a prior successful call to CharacterManager::Initialize().
[python-1] [21.326s] [ext: isaacsim.ros2.bridge-4.12.4] startup
[python-1] [21.418s] Attempting to load system rclpy
[python-1] [21.434s] rclpy loaded
[python-1] 2026-09-17T11:12:00Z [23,391ms] [Warning] [carb.windowing-glfw.plugin] GLFW initialization failed.
[python-1] 2026-09-17T11:12:00Z [23,391ms] [Warning] [carb] Failed to startup plugin carb.windowing-glfw.plugin (interfaces: [carb::windowing::IGLContext v1.0],[carb::windowing::IWindowing v1.5]) (impl: carb.windowing-glfw.plugin)
[python-1] 2026-09-17T11:12:00Z [23,397ms] [Warning] [carb.windowing-glfw.plugin] GLFW initialization failed.
[python-1] 2026-09-17T11:12:00Z [23,397ms] [Warning] [carb] Failed to startup plugin carb.windowing-glfw.plugin (interfaces: [carb::windowing::IGLContext v1.0],[carb::windowing::IWindowing v1.5]) (impl: carb.windowing-glfw.plugin)
[python-1] 2026-09-17T11:12:00Z [23,399ms] [Warning] [carb.windowing-glfw.plugin] GLFW initialization failed.
[python-1] 2026-09-17T11:12:00Z [23,399ms] [Warning] [carb] Failed to startup plugin carb.windowing-glfw.plugin (interfaces: [carb::windowing::IGLContext v1.0],[carb::windowing::IWindowing v1.5]) (impl: carb.windowing-glfw.plugin)
[python-1] 2026-09-17T11:12:00Z [23,863ms] [Warning] [omni.timeline.plugin] Deprecated: direct use of ITimeline callbacks is deprecated. Use ITimeline::getTimeline (Python: omni.timeline.get_timeline_interface) instead.
[python-1] 2026-09-17T11:12:01Z [24,570ms] [Warning] [omni.kit.viewport.menubar.lighting.actions] Not able to set the lighting mode, no lighting rig found for Stage Lights
[controller_server-8] [INFO] [1789643521.358483974] [local_costmap.local_costmap]: Timed out waiting for transform from base_link to odom to become available, tf error: Invalid frame ID "odom" passed to canTransform argument target_frame - frame does not exist
[hunav_six_behaviors_bridge-5] [INFO] [1789643521.473568625] [arena_hunav_isaac_bridge]: SIX_BEHAVIORS_WALLS_OK count=4
[controller_server-8] [INFO] [1789643521.858487158] [local_costmap.local_costmap]: Timed out waiting for transform from base_link to odom to become available, tf error: Invalid frame ID "odom" passed to canTransform argument target_frame - frame does not exist
[controller_server-8] [INFO] [1789643522.358477123] [local_costmap.local_costmap]: Timed out waiting for transform from base_link to odom to become available, tf error: Invalid frame ID "odom" passed to canTransform argument target_frame - frame does not exist
[controller_server-8] [INFO] [1789643522.858470841] [local_costmap.local_costmap]: Timed out waiting for transform from base_link to odom to become available, tf error: Invalid frame ID "odom" passed to canTransform argument target_frame - frame does not exist
[controller_server-8] [INFO] [1789643523.358484588] [local_costmap.local_costmap]: Timed out waiting for transform from base_link to odom to become available, tf error: Invalid frame ID "odom" passed to canTransform argument target_frame - frame does not exist
[controller_server-8] [INFO] [1789643523.858483678] [local_costmap.local_costmap]: Timed out waiting for transform from base_link to odom to become available, tf error: Invalid frame ID "odom" passed to canTransform argument target_frame - frame does not exist
[controller_server-8] [INFO] [1789643524.358520707] [local_costmap.local_costmap]: Timed out waiting for transform from base_link to odom to become available, tf error: Invalid frame ID "odom" passed to canTransform argument target_frame - frame does not exist
[hunav_six_behaviors_bridge-5] [INFO] [1789643524.360338135] [arena_hunav_isaac_bridge]: SIX_BEHAVIORS_SPAWN_OK count=6 types=regular:1,impassive:2,surprised:3,scared:4,curious:5,threatening:6
[controller_server-8] [INFO] [1789643524.858461078] [local_costmap.local_costmap]: Timed out waiting for transform from base_link to odom to become available, tf error: Invalid frame ID "odom" passed to canTransform argument target_frame - frame does not exist
[controller_server-8] [INFO] [1789643525.358484701] [local_costmap.local_costmap]: Timed out waiting for transform from base_link to odom to become available, tf error: Invalid frame ID "odom" passed to canTransform argument target_frame - frame does not exist
[controller_server-8] [INFO] [1789643525.858483663] [local_costmap.local_costmap]: Timed out waiting for transform from base_link to odom to become available, tf error: Invalid frame ID "odom" passed to canTransform argument target_frame - frame does not exist
[controller_server-8] [INFO] [1789643526.358488242] [local_costmap.local_costmap]: Timed out waiting for transform from base_link to odom to become available, tf error: Invalid frame ID "odom" passed to canTransform argument target_frame - frame does not exist
[controller_server-8] [INFO] [1789643526.858460394] [local_costmap.local_costmap]: Timed out waiting for transform from base_link to odom to become available, tf error: Invalid frame ID "odom" passed to canTransform argument target_frame - frame does not exist
[python-1] 2026-09-17T11:12:06Z [29,808ms] [Warning] [omni.anim.skelJoint.plugin] Obsolete SkelJoint persistent data existed in this USD stage for Skeleton /World/Characters/Biped_Setup/biped_demo_meters/Root in layer https://omniverse-content-production.s3-us-west-2.amazonaws.com/Assets/Isaac/5.1/Isaac/People/Characters/biped_demo/biped_demo_meters.usd
[python-1] 2026-09-17T11:12:07Z [30,666ms] [Warning] [omni.usd] Coding Error: in SetEditTarget at line 3849 of /builds/omniverse/usd-ci/USD/pxr/usd/usd/stage.cpp -- Layer @metrics:UnitsAdjust-03fea6b0ea74a553d040b4c75e1f6627.metricsAssembler@ is not in the local LayerStack rooted at @anon:0x5be014839f50:World1.usd@
[python-1] 
[python-1] 2026-09-17T11:12:07Z [30,666ms] [Warning] [omni.usd] Coding Error: in SetEditTarget at line 3849 of /builds/omniverse/usd-ci/USD/pxr/usd/usd/stage.cpp -- Layer @metrics:UnitsAdjust-03fea6b0ea74a553d040b4c75e1f6627.metricsAssembler@ is not in the local LayerStack rooted at @anon:0x5be014839f50:World1.usd@
[python-1] 
[python-1] 2026-09-17T11:12:07Z [30,666ms] [Warning] [omni.usd] Coding Error: in SetEditTarget at line 3849 of /builds/omniverse/usd-ci/USD/pxr/usd/usd/stage.cpp -- Layer @metrics:UnitsAdjust-03fea6b0ea74a553d040b4c75e1f6627.metricsAssembler@ is not in the local LayerStack rooted at @anon:0x5be014839f50:World1.usd@
[python-1] 
[python-1] 2026-09-17T11:12:07Z [30,666ms] [Warning] [omni.usd] Coding Error: in SetEditTarget at line 3849 of /builds/omniverse/usd-ci/USD/pxr/usd/usd/stage.cpp -- Layer @metrics:UnitsAdjust-03fea6b0ea74a553d040b4c75e1f6627.metricsAssembler@ is not in the local LayerStack rooted at @anon:0x5be014839f50:World1.usd@
[python-1] 
[python-1] 2026-09-17T11:12:07Z [30,666ms] [Warning] [omni.usd] Coding Error: in SetEditTarget at line 3849 of /builds/omniverse/usd-ci/USD/pxr/usd/usd/stage.cpp -- Layer @metrics:UnitsAdjust-03fea6b0ea74a553d040b4c75e1f6627.metricsAssembler@ is not in the local LayerStack rooted at @anon:0x5be014839f50:World1.usd@
[python-1] 
[python-1] 2026-09-17T11:12:07Z [30,666ms] [Warning] [omni.usd] Coding Error: in SetEditTarget at line 3849 of /builds/omniverse/usd-ci/USD/pxr/usd/usd/stage.cpp -- Layer @metrics:UnitsAdjust-03fea6b0ea74a553d040b4c75e1f6627.metricsAssembler@ is not in the local LayerStack rooted at @anon:0x5be014839f50:World1.usd@
[python-1] 
[python-1] 2026-09-17T11:12:07Z [30,666ms] [Warning] [omni.usd] Coding Error: in SetEditTarget at line 3849 of /builds/omniverse/usd-ci/USD/pxr/usd/usd/stage.cpp -- Layer @metrics:UnitsAdjust-03fea6b0ea74a553d040b4c75e1f6627.metricsAssembler@ is not in the local LayerStack rooted at @anon:0x5be014839f50:World1.usd@
[python-1] 
[python-1] 2026-09-17T11:12:07Z [30,666ms] [Warning] [omni.usd] Coding Error: in SetEditTarget at line 3849 of /builds/omniverse/usd-ci/USD/pxr/usd/usd/stage.cpp -- Layer @metrics:UnitsAdjust-03fea6b0ea74a553d040b4c75e1f6627.metricsAssembler@ is not in the local LayerStack rooted at @anon:0x5be014839f50:World1.usd@
[python-1] 
[python-1] 2026-09-17T11:12:07Z [30,666ms] [Warning] [omni.usd] Coding Error: in SetEditTarget at line 3849 of /builds/omniverse/usd-ci/USD/pxr/usd/usd/stage.cpp -- Layer @metrics:UnitsAdjust-03fea6b0ea74a553d040b4c75e1f6627.metricsAssembler@ is not in the local LayerStack rooted at @anon:0x5be014839f50:World1.usd@
[python-1] 
[python-1] 2026-09-17T11:12:07Z [30,666ms] [Warning] [omni.usd] Coding Error: in SetEditTarget at line 3849 of /builds/omniverse/usd-ci/USD/pxr/usd/usd/stage.cpp -- Layer @metrics:UnitsAdjust-03fea6b0ea74a553d040b4c75e1f6627.metricsAssembler@ is not in the local LayerStack rooted at @anon:0x5be014839f50:World1.usd@
[python-1] 
[python-1] 2026-09-17T11:12:07Z [30,666ms] [Warning] [omni.usd] Coding Error: in SetEditTarget at line 3849 of /builds/omniverse/usd-ci/USD/pxr/usd/usd/stage.cpp -- Layer @metrics:UnitsAdjust-03fea6b0ea74a553d040b4c75e1f6627.metricsAssembler@ is not in the local LayerStack rooted at @anon:0x5be014839f50:World1.usd@
[python-1] 
[python-1] 2026-09-17T11:12:07Z [30,666ms] [Warning] [omni.usd] Coding Error: in SetEditTarget at line 3849 of /builds/omniverse/usd-ci/USD/pxr/usd/usd/stage.cpp -- Layer @metrics:UnitsAdjust-03fea6b0ea74a553d040b4c75e1f6627.metricsAssembler@ is not in the local LayerStack rooted at @anon:0x5be014839f50:World1.usd@
[python-1] 
[python-1] 2026-09-17T11:12:07Z [30,666ms] [Warning] [omni.usd] Coding Error: in SetEditTarget at line 3849 of /builds/omniverse/usd-ci/USD/pxr/usd/usd/stage.cpp -- Layer @metrics:UnitsAdjust-03fea6b0ea74a553d040b4c75e1f6627.metricsAssembler@ is not in the local LayerStack rooted at @anon:0x5be014839f50:World1.usd@
[python-1] 
[python-1] 2026-09-17T11:12:07Z [30,666ms] [Warning] [omni.usd] Coding Error: in SetEditTarget at line 3849 of /builds/omniverse/usd-ci/USD/pxr/usd/usd/stage.cpp -- Layer @metrics:UnitsAdjust-03fea6b0ea74a553d040b4c75e1f6627.metricsAssembler@ is not in the local LayerStack rooted at @anon:0x5be014839f50:World1.usd@
[python-1] 
[python-1] 2026-09-17T11:12:07Z [30,666ms] [Warning] [omni.usd] Coding Error: in SetEditTarget at line 3849 of /builds/omniverse/usd-ci/USD/pxr/usd/usd/stage.cpp -- Layer @metrics:UnitsAdjust-03fea6b0ea74a553d040b4c75e1f6627.metricsAssembler@ is not in the local LayerStack rooted at @anon:0x5be014839f50:World1.usd@
[python-1] 
[python-1] 2026-09-17T11:12:07Z [30,666ms] [Warning] [omni.usd] Coding Error: in SetEditTarget at line 3849 of /builds/omniverse/usd-ci/USD/pxr/usd/usd/stage.cpp -- Layer @metrics:UnitsAdjust-03fea6b0ea74a553d040b4c75e1f6627.metricsAssembler@ is not in the local LayerStack rooted at @anon:0x5be014839f50:World1.usd@
[python-1] 
[python-1] 2026-09-17T11:12:07Z [30,666ms] [Warning] [omni.usd] Coding Error: in SetEditTarget at line 3849 of /builds/omniverse/usd-ci/USD/pxr/usd/usd/stage.cpp -- Layer @metrics:UnitsAdjust-03fea6b0ea74a553d040b4c75e1f6627.metricsAssembler@ is not in the local LayerStack rooted at @anon:0x5be014839f50:World1.usd@
[python-1] 
[python-1] 2026-09-17T11:12:07Z [30,666ms] [Warning] [omni.usd] Coding Error: in SetEditTarget at line 3849 of /builds/omniverse/usd-ci/USD/pxr/usd/usd/stage.cpp -- Layer @metrics:UnitsAdjust-03fea6b0ea74a553d040b4c75e1f6627.metricsAssembler@ is not in the local LayerStack rooted at @anon:0x5be014839f50:World1.usd@
[python-1] 
[python-1] 2026-09-17T11:12:07Z [30,666ms] [Warning] [omni.usd] Coding Error: in SetEditTarget at line 3849 of /builds/omniverse/usd-ci/USD/pxr/usd/usd/stage.cpp -- Layer @metrics:UnitsAdjust-03fea6b0ea74a553d040b4c75e1f6627.metricsAssembler@ is not in the local LayerStack rooted at @anon:0x5be014839f50:World1.usd@
[python-1] 
[python-1] 2026-09-17T11:12:07Z [30,666ms] [Warning] [omni.usd] Coding Error: in SetEditTarget at line 3849 of /builds/omniverse/usd-ci/USD/pxr/usd/usd/stage.cpp -- Layer @metrics:UnitsAdjust-03fea6b0ea74a553d040b4c75e1f6627.metricsAssembler@ is not in the local LayerStack rooted at @anon:0x5be014839f50:World1.usd@
[python-1] 
[python-1] 2026-09-17T11:12:07Z [30,666ms] [Warning] [omni.usd] Coding Error: in SetEditTarget at line 3849 of /builds/omniverse/usd-ci/USD/pxr/usd/usd/stage.cpp -- Layer @metrics:UnitsAdjust-03fea6b0ea74a553d040b4c75e1f6627.metricsAssembler@ is not in the local LayerStack rooted at @anon:0x5be014839f50:World1.usd@
[python-1] 
[python-1] 2026-09-17T11:12:07Z [30,666ms] [Warning] [omni.usd] Coding Error: in SetEditTarget at line 3849 of /builds/omniverse/usd-ci/USD/pxr/usd/usd/stage.cpp -- Layer @metrics:UnitsAdjust-03fea6b0ea74a553d040b4c75e1f6627.metricsAssembler@ is not in the local LayerStack rooted at @anon:0x5be014839f50:World1.usd@
[python-1] 
[python-1] 2026-09-17T11:12:07Z [30,666ms] [Warning] [omni.usd] Coding Error: in SetEditTarget at line 3849 of /builds/omniverse/usd-ci/USD/pxr/usd/usd/stage.cpp -- Layer @metrics:UnitsAdjust-03fea6b0ea74a553d040b4c75e1f6627.metricsAssembler@ is not in the local LayerStack rooted at @anon:0x5be014839f50:World1.usd@
[python-1] 
[python-1] 2026-09-17T11:12:07Z [30,666ms] [Warning] [omni.usd] Coding Error: in SetEditTarget at line 3849 of /builds/omniverse/usd-ci/USD/pxr/usd/usd/stage.cpp -- Layer @metrics:UnitsAdjust-03fea6b0ea74a553d040b4c75e1f6627.metricsAssembler@ is not in the local LayerStack rooted at @anon:0x5be014839f50:World1.usd@
[python-1] 
[python-1] 2026-09-17T11:12:07Z [30,666ms] [Warning] [omni.usd] Coding Error: in SetEditTarget at line 3849 of /builds/omniverse/usd-ci/USD/pxr/usd/usd/stage.cpp -- Layer @metrics:UnitsAdjust-03fea6b0ea74a553d040b4c75e1f6627.metricsAssembler@ is not in the local LayerStack rooted at @anon:0x5be014839f50:World1.usd@
[python-1] 
[python-1] 2026-09-17T11:12:07Z [30,666ms] [Warning] [omni.usd] Coding Error: in SetEditTarget at line 3849 of /builds/omniverse/usd-ci/USD/pxr/usd/usd/stage.cpp -- Layer @metrics:UnitsAdjust-03fea6b0ea74a553d040b4c75e1f6627.metricsAssembler@ is not in the local LayerStack rooted at @anon:0x5be014839f50:World1.usd@
[python-1] 
[python-1] 2026-09-17T11:12:07Z [30,666ms] [Warning] [omni.usd] Coding Error: in SetEditTarget at line 3849 of /builds/omniverse/usd-ci/USD/pxr/usd/usd/stage.cpp -- Layer @metrics:UnitsAdjust-03fea6b0ea74a553d040b4c75e1f6627.metricsAssembler@ is not in the local LayerStack rooted at @anon:0x5be014839f50:World1.usd@
[python-1] 
[python-1] 2026-09-17T11:12:07Z [30,666ms] [Warning] [omni.usd] Coding Error: in SetEditTarget at line 3849 of /builds/omniverse/usd-ci/USD/pxr/usd/usd/stage.cpp -- Layer @metrics:UnitsAdjust-03fea6b0ea74a553d040b4c75e1f6627.metricsAssembler@ is not in the local LayerStack rooted at @anon:0x5be014839f50:World1.usd@
[python-1] 
[python-1] 2026-09-17T11:12:07Z [30,666ms] [Warning] [omni.usd] Coding Error: in SetEditTarget at line 3849 of /builds/omniverse/usd-ci/USD/pxr/usd/usd/stage.cpp -- Layer @metrics:UnitsAdjust-03fea6b0ea74a553d040b4c75e1f6627.metricsAssembler@ is not in the local LayerStack rooted at @anon:0x5be014839f50:World1.usd@
[python-1] 
[python-1] 2026-09-17T11:12:07Z [30,666ms] [Warning] [omni.usd] Coding Error: in SetEditTarget at line 3849 of /builds/omniverse/usd-ci/USD/pxr/usd/usd/stage.cpp -- Layer @metrics:UnitsAdjust-03fea6b0ea74a553d040b4c75e1f6627.metricsAssembler@ is not in the local LayerStack rooted at @anon:0x5be014839f50:World1.usd@
[python-1] 
[python-1] 2026-09-17T11:12:07Z [30,666ms] [Warning] [omni.usd] Coding Error: in SetEditTarget at line 3849 of /builds/omniverse/usd-ci/USD/pxr/usd/usd/stage.cpp -- Layer @metrics:UnitsAdjust-03fea6b0ea74a553d040b4c75e1f6627.metricsAssembler@ is not in the local LayerStack rooted at @anon:0x5be014839f50:World1.usd@
[python-1] 
[python-1] 2026-09-17T11:12:07Z [30,666ms] [Warning] [omni.usd] Coding Error: in SetEditTarget at line 3849 of /builds/omniverse/usd-ci/USD/pxr/usd/usd/stage.cpp -- Layer @metrics:UnitsAdjust-03fea6b0ea74a553d040b4c75e1f6627.metricsAssembler@ is not in the local LayerStack rooted at @anon:0x5be014839f50:World1.usd@
[python-1] 
[python-1] 2026-09-17T11:12:07Z [30,666ms] [Warning] [omni.usd] Coding Error: in SetEditTarget at line 3849 of /builds/omniverse/usd-ci/USD/pxr/usd/usd/stage.cpp -- Layer @metrics:UnitsAdjust-03fea6b0ea74a553d040b4c75e1f6627.metricsAssembler@ is not in the local LayerStack rooted at @anon:0x5be014839f50:World1.usd@
[python-1] 
[python-1] 2026-09-17T11:12:07Z [30,666ms] [Warning] [omni.usd] Coding Error: in SetEditTarget at line 3849 of /builds/omniverse/usd-ci/USD/pxr/usd/usd/stage.cpp -- Layer @metrics:UnitsAdjust-03fea6b0ea74a553d040b4c75e1f6627.metricsAssembler@ is not in the local LayerStack rooted at @anon:0x5be014839f50:World1.usd@
[python-1] 
[python-1] 2026-09-17T11:12:07Z [30,666ms] [Warning] [omni.usd] Coding Error: in SetEditTarget at line 3849 of /builds/omniverse/usd-ci/USD/pxr/usd/usd/stage.cpp -- Layer @metrics:UnitsAdjust-03fea6b0ea74a553d040b4c75e1f6627.metricsAssembler@ is not in the local LayerStack rooted at @anon:0x5be014839f50:World1.usd@
[python-1] 
[python-1] 2026-09-17T11:12:07Z [30,666ms] [Warning] [omni.usd] Coding Error: in SetEditTarget at line 3849 of /builds/omniverse/usd-ci/USD/pxr/usd/usd/stage.cpp -- Layer @metrics:UnitsAdjust-03fea6b0ea74a553d040b4c75e1f6627.metricsAssembler@ is not in the local LayerStack rooted at @anon:0x5be014839f50:World1.usd@
[python-1] 
[python-1] 2026-09-17T11:12:07Z [30,666ms] [Warning] [omni.usd] Coding Error: in SetEditTarget at line 3849 of /builds/omniverse/usd-ci/USD/pxr/usd/usd/stage.cpp -- Layer @metrics:UnitsAdjust-03fea6b0ea74a553d040b4c75e1f6627.metricsAssembler@ is not in the local LayerStack rooted at @anon:0x5be014839f50:World1.usd@
[python-1] 
[python-1] 2026-09-17T11:12:07Z [30,666ms] [Warning] [omni.usd] Coding Error: in SetEditTarget at line 3849 of /builds/omniverse/usd-ci/USD/pxr/usd/usd/stage.cpp -- Layer @metrics:UnitsAdjust-03fea6b0ea74a553d040b4c75e1f6627.metricsAssembler@ is not in the local LayerStack rooted at @anon:0x5be014839f50:World1.usd@
[python-1] 
[python-1] 2026-09-17T11:12:07Z [30,666ms] [Warning] [omni.usd] Coding Error: in SetEditTarget at line 3849 of /builds/omniverse/usd-ci/USD/pxr/usd/usd/stage.cpp -- Layer @metrics:UnitsAdjust-03fea6b0ea74a553d040b4c75e1f6627.metricsAssembler@ is not in the local LayerStack rooted at @anon:0x5be014839f50:World1.usd@
[python-1] 
[python-1] 2026-09-17T11:12:07Z [30,666ms] [Warning] [omni.usd] Coding Error: in SetEditTarget at line 3849 of /builds/omniverse/usd-ci/USD/pxr/usd/usd/stage.cpp -- Layer @metrics:UnitsAdjust-03fea6b0ea74a553d040b4c75e1f6627.metricsAssembler@ is not in the local LayerStack rooted at @anon:0x5be014839f50:World1.usd@
[python-1] 
[python-1] 2026-09-17T11:12:07Z [30,666ms] [Warning] [omni.usd] Coding Error: in SetEditTarget at line 3849 of /builds/omniverse/usd-ci/USD/pxr/usd/usd/stage.cpp -- Layer @metrics:UnitsAdjust-03fea6b0ea74a553d040b4c75e1f6627.metricsAssembler@ is not in the local LayerStack rooted at @anon:0x5be014839f50:World1.usd@
[python-1] 
[python-1] 2026-09-17T11:12:07Z [30,666ms] [Warning] [omni.usd] Coding Error: in SetEditTarget at line 3849 of /builds/omniverse/usd-ci/USD/pxr/usd/usd/stage.cpp -- Layer @metrics:UnitsAdjust-03fea6b0ea74a553d040b4c75e1f6627.metricsAssembler@ is not in the local LayerStack rooted at @anon:0x5be014839f50:World1.usd@
[python-1] 
[python-1] 2026-09-17T11:12:07Z [30,666ms] [Warning] [omni.usd] Coding Error: in SetEditTarget at line 3849 of /builds/omniverse/usd-ci/USD/pxr/usd/usd/stage.cpp -- Layer @metrics:UnitsAdjust-03fea6b0ea74a553d040b4c75e1f6627.metricsAssembler@ is not in the local LayerStack rooted at @anon:0x5be014839f50:World1.usd@
[python-1] 
[python-1] 2026-09-17T11:12:07Z [30,666ms] [Warning] [omni.usd] Coding Error: in SetEditTarget at line 3849 of /builds/omniverse/usd-ci/USD/pxr/usd/usd/stage.cpp -- Layer @metrics:UnitsAdjust-03fea6b0ea74a553d040b4c75e1f6627.metricsAssembler@ is not in the local LayerStack rooted at @anon:0x5be014839f50:World1.usd@
[python-1] 
[python-1] 2026-09-17T11:12:07Z [30,666ms] [Warning] [omni.usd] Coding Error: in SetEditTarget at line 3849 of /builds/omniverse/usd-ci/USD/pxr/usd/usd/stage.cpp -- Layer @metrics:UnitsAdjust-03fea6b0ea74a553d040b4c75e1f6627.metricsAssembler@ is not in the local LayerStack rooted at @anon:0x5be014839f50:World1.usd@
[python-1] 
[python-1] 2026-09-17T11:12:07Z [30,667ms] [Warning] [omni.usd] Coding Error: in SetEditTarget at line 3849 of /builds/omniverse/usd-ci/USD/pxr/usd/usd/stage.cpp -- Layer @metrics:UnitsAdjust-03fea6b0ea74a553d040b4c75e1f6627.metricsAssembler@ is not in the local LayerStack rooted at @anon:0x5be014839f50:World1.usd@
[python-1] 
[python-1] 2026-09-17T11:12:07Z [30,667ms] [Warning] [omni.usd] Coding Error: in SetEditTarget at line 3849 of /builds/omniverse/usd-ci/USD/pxr/usd/usd/stage.cpp -- Layer @metrics:UnitsAdjust-03fea6b0ea74a553d040b4c75e1f6627.metricsAssembler@ is not in the local LayerStack rooted at @anon:0x5be014839f50:World1.usd@
[python-1] 
[python-1] 2026-09-17T11:12:07Z [30,667ms] [Warning] [omni.usd] Coding Error: in SetEditTarget at line 3849 of /builds/omniverse/usd-ci/USD/pxr/usd/usd/stage.cpp -- Layer @metrics:UnitsAdjust-03fea6b0ea74a553d040b4c75e1f6627.metricsAssembler@ is not in the local LayerStack rooted at @anon:0x5be014839f50:World1.usd@
[python-1] 
[python-1] 2026-09-17T11:12:07Z [30,667ms] [Warning] [omni.usd] Coding Error: in SetEditTarget at line 3849 of /builds/omniverse/usd-ci/USD/pxr/usd/usd/stage.cpp -- Layer @metrics:UnitsAdjust-03fea6b0ea74a553d040b4c75e1f6627.metricsAssembler@ is not in the local LayerStack rooted at @anon:0x5be014839f50:World1.usd@
[python-1] 
[python-1] 2026-09-17T11:12:07Z [30,667ms] [Warning] [omni.usd] Coding Error: in SetEditTarget at line 3849 of /builds/omniverse/usd-ci/USD/pxr/usd/usd/stage.cpp -- Layer @metrics:UnitsAdjust-03fea6b0ea74a553d040b4c75e1f6627.metricsAssembler@ is not in the local LayerStack rooted at @anon:0x5be014839f50:World1.usd@
[python-1] 
[python-1] 2026-09-17T11:12:07Z [30,667ms] [Warning] [omni.usd] Coding Error: in SetEditTarget at line 3849 of /builds/omniverse/usd-ci/USD/pxr/usd/usd/stage.cpp -- Layer @metrics:UnitsAdjust-03fea6b0ea74a553d040b4c75e1f6627.metricsAssembler@ is not in the local LayerStack rooted at @anon:0x5be014839f50:World1.usd@
[python-1] 
[python-1] 2026-09-17T11:12:07Z [30,667ms] [Warning] [omni.usd] Coding Error: in SetEditTarget at line 3849 of /builds/omniverse/usd-ci/USD/pxr/usd/usd/stage.cpp -- Layer @metrics:UnitsAdjust-03fea6b0ea74a553d040b4c75e1f6627.metricsAssembler@ is not in the local LayerStack rooted at @anon:0x5be014839f50:World1.usd@
[python-1] 
[python-1] 2026-09-17T11:12:07Z [30,667ms] [Warning] [omni.usd] Coding Error: in SetEditTarget at line 3849 of /builds/omniverse/usd-ci/USD/pxr/usd/usd/stage.cpp -- Layer @metrics:UnitsAdjust-03fea6b0ea74a553d040b4c75e1f6627.metricsAssembler@ is not in the local LayerStack rooted at @anon:0x5be014839f50:World1.usd@
[python-1] 
[python-1] 2026-09-17T11:12:07Z [30,667ms] [Warning] [omni.usd] Coding Error: in SetEditTarget at line 3849 of /builds/omniverse/usd-ci/USD/pxr/usd/usd/stage.cpp -- Layer @metrics:UnitsAdjust-03fea6b0ea74a553d040b4c75e1f6627.metricsAssembler@ is not in the local LayerStack rooted at @anon:0x5be014839f50:World1.usd@
[python-1] 
[python-1] 2026-09-17T11:12:07Z [30,667ms] [Warning] [omni.usd] Coding Error: in SetEditTarget at line 3849 of /builds/omniverse/usd-ci/USD/pxr/usd/usd/stage.cpp -- Layer @metrics:UnitsAdjust-03fea6b0ea74a553d040b4c75e1f6627.metricsAssembler@ is not in the local LayerStack rooted at @anon:0x5be014839f50:World1.usd@
[python-1] 
[python-1] 2026-09-17T11:12:07Z [30,667ms] [Warning] [omni.usd] Coding Error: in SetEditTarget at line 3849 of /builds/omniverse/usd-ci/USD/pxr/usd/usd/stage.cpp -- Layer @metrics:UnitsAdjust-03fea6b0ea74a553d040b4c75e1f6627.metricsAssembler@ is not in the local LayerStack rooted at @anon:0x5be014839f50:World1.usd@
[python-1] 
[python-1] 2026-09-17T11:12:07Z [30,667ms] [Warning] [omni.usd] Coding Error: in SetEditTarget at line 3849 of /builds/omniverse/usd-ci/USD/pxr/usd/usd/stage.cpp -- Layer @metrics:UnitsAdjust-03fea6b0ea74a553d040b4c75e1f6627.metricsAssembler@ is not in the local LayerStack rooted at @anon:0x5be014839f50:World1.usd@
[python-1] 
[python-1] 2026-09-17T11:12:07Z [30,667ms] [Warning] [omni.usd] Coding Error: in SetEditTarget at line 3849 of /builds/omniverse/usd-ci/USD/pxr/usd/usd/stage.cpp -- Layer @metrics:UnitsAdjust-03fea6b0ea74a553d040b4c75e1f6627.metricsAssembler@ is not in the local LayerStack rooted at @anon:0x5be014839f50:World1.usd@
[python-1] 
[python-1] 2026-09-17T11:12:07Z [30,667ms] [Warning] [omni.usd] Coding Error: in SetEditTarget at line 3849 of /builds/omniverse/usd-ci/USD/pxr/usd/usd/stage.cpp -- Layer @metrics:UnitsAdjust-03fea6b0ea74a553d040b4c75e1f6627.metricsAssembler@ is not in the local LayerStack rooted at @anon:0x5be014839f50:World1.usd@
[python-1] 
[python-1] 2026-09-17T11:12:07Z [30,667ms] [Warning] [omni.usd] Coding Error: in SetEditTarget at line 3849 of /builds/omniverse/usd-ci/USD/pxr/usd/usd/stage.cpp -- Layer @metrics:UnitsAdjust-03fea6b0ea74a553d040b4c75e1f6627.metricsAssembler@ is not in the local LayerStack rooted at @anon:0x5be014839f50:World1.usd@
[python-1] 
[python-1] 2026-09-17T11:12:07Z [30,667ms] [Warning] [omni.usd] Coding Error: in SetEditTarget at line 3849 of /builds/omniverse/usd-ci/USD/pxr/usd/usd/stage.cpp -- Layer @metrics:UnitsAdjust-03fea6b0ea74a553d040b4c75e1f6627.metricsAssembler@ is not in the local LayerStack rooted at @anon:0x5be014839f50:World1.usd@
[python-1] 
[python-1] 2026-09-17T11:12:07Z [30,667ms] [Warning] [omni.usd] Coding Error: in SetEditTarget at line 3849 of /builds/omniverse/usd-ci/USD/pxr/usd/usd/stage.cpp -- Layer @metrics:UnitsAdjust-03fea6b0ea74a553d040b4c75e1f6627.metricsAssembler@ is not in the local LayerStack rooted at @anon:0x5be014839f50:World1.usd@
[python-1] 
[python-1] 2026-09-17T11:12:07Z [30,667ms] [Warning] [omni.usd] Coding Error: in SetEditTarget at line 3849 of /builds/omniverse/usd-ci/USD/pxr/usd/usd/stage.cpp -- Layer @metrics:UnitsAdjust-03fea6b0ea74a553d040b4c75e1f6627.metricsAssembler@ is not in the local LayerStack rooted at @anon:0x5be014839f50:World1.usd@
[python-1] 
[python-1] 2026-09-17T11:12:07Z [30,667ms] [Warning] [omni.usd] Coding Error: in SetEditTarget at line 3849 of /builds/omniverse/usd-ci/USD/pxr/usd/usd/stage.cpp -- Layer @metrics:UnitsAdjust-03fea6b0ea74a553d040b4c75e1f6627.metricsAssembler@ is not in the local LayerStack rooted at @anon:0x5be014839f50:World1.usd@
[python-1] 
[python-1] 2026-09-17T11:12:07Z [30,667ms] [Warning] [omni.usd] Coding Error: in SetEditTarget at line 3849 of /builds/omniverse/usd-ci/USD/pxr/usd/usd/stage.cpp -- Layer @metrics:UnitsAdjust-03fea6b0ea74a553d040b4c75e1f6627.metricsAssembler@ is not in the local LayerStack rooted at @anon:0x5be014839f50:World1.usd@
[python-1] 
[python-1] 2026-09-17T11:12:07Z [30,667ms] [Warning] [omni.usd] Coding Error: in SetEditTarget at line 3849 of /builds/omniverse/usd-ci/USD/pxr/usd/usd/stage.cpp -- Layer @metrics:UnitsAdjust-03fea6b0ea74a553d040b4c75e1f6627.metricsAssembler@ is not in the local LayerStack rooted at @anon:0x5be014839f50:World1.usd@
[python-1] 
[python-1] 2026-09-17T11:12:07Z [30,667ms] [Warning] [omni.usd] Coding Error: in SetEditTarget at line 3849 of /builds/omniverse/usd-ci/USD/pxr/usd/usd/stage.cpp -- Layer @metrics:UnitsAdjust-03fea6b0ea74a553d040b4c75e1f6627.metricsAssembler@ is not in the local LayerStack rooted at @anon:0x5be014839f50:World1.usd@
[python-1] 
[python-1] 2026-09-17T11:12:07Z [30,667ms] [Warning] [omni.usd] Coding Error: in SetEditTarget at line 3849 of /builds/omniverse/usd-ci/USD/pxr/usd/usd/stage.cpp -- Layer @metrics:UnitsAdjust-03fea6b0ea74a553d040b4c75e1f6627.metricsAssembler@ is not in the local LayerStack rooted at @anon:0x5be014839f50:World1.usd@
[python-1] 
[python-1] 2026-09-17T11:12:07Z [30,667ms] [Warning] [omni.usd] Coding Error: in SetEditTarget at line 3849 of /builds/omniverse/usd-ci/USD/pxr/usd/usd/stage.cpp -- Layer @metrics:UnitsAdjust-03fea6b0ea74a553d040b4c75e1f6627.metricsAssembler@ is not in the local LayerStack rooted at @anon:0x5be014839f50:World1.usd@
[python-1] 
[python-1] 2026-09-17T11:12:07Z [30,667ms] [Warning] [omni.usd] Coding Error: in SetEditTarget at line 3849 of /builds/omniverse/usd-ci/USD/pxr/usd/usd/stage.cpp -- Layer @metrics:UnitsAdjust-03fea6b0ea74a553d040b4c75e1f6627.metricsAssembler@ is not in the local LayerStack rooted at @anon:0x5be014839f50:World1.usd@
[python-1] 
[python-1] 2026-09-17T11:12:07Z [30,667ms] [Warning] [omni.usd] Coding Error: in SetEditTarget at line 3849 of /builds/omniverse/usd-ci/USD/pxr/usd/usd/stage.cpp -- Layer @metrics:UnitsAdjust-03fea6b0ea74a553d040b4c75e1f6627.metricsAssembler@ is not in the local LayerStack rooted at @anon:0x5be014839f50:World1.usd@
[python-1] 
[python-1] 2026-09-17T11:12:07Z [30,667ms] [Warning] [omni.usd] Coding Error: in SetEditTarget at line 3849 of /builds/omniverse/usd-ci/USD/pxr/usd/usd/stage.cpp -- Layer @metrics:UnitsAdjust-03fea6b0ea74a553d040b4c75e1f6627.metricsAssembler@ is not in the local LayerStack rooted at @anon:0x5be014839f50:World1.usd@
[python-1] 
[python-1] 2026-09-17T11:12:07Z [30,667ms] [Warning] [omni.usd] Coding Error: in SetEditTarget at line 3849 of /builds/omniverse/usd-ci/USD/pxr/usd/usd/stage.cpp -- Layer @metrics:UnitsAdjust-03fea6b0ea74a553d040b4c75e1f6627.metricsAssembler@ is not in the local LayerStack rooted at @anon:0x5be014839f50:World1.usd@
[python-1] 
[python-1] 2026-09-17T11:12:07Z [30,667ms] [Warning] [omni.usd] Coding Error: in SetEditTarget at line 3849 of /builds/omniverse/usd-ci/USD/pxr/usd/usd/stage.cpp -- Layer @metrics:UnitsAdjust-03fea6b0ea74a553d040b4c75e1f6627.metricsAssembler@ is not in the local LayerStack rooted at @anon:0x5be014839f50:World1.usd@
[python-1] 
[python-1] 2026-09-17T11:12:07Z [30,667ms] [Warning] [omni.usd] Coding Error: in SetEditTarget at line 3849 of /builds/omniverse/usd-ci/USD/pxr/usd/usd/stage.cpp -- Layer @metrics:UnitsAdjust-03fea6b0ea74a553d040b4c75e1f6627.metricsAssembler@ is not in the local LayerStack rooted at @anon:0x5be014839f50:World1.usd@
[python-1] 
[python-1] 2026-09-17T11:12:07Z [30,667ms] [Warning] [omni.usd] Coding Error: in SetEditTarget at line 3849 of /builds/omniverse/usd-ci/USD/pxr/usd/usd/stage.cpp -- Layer @metrics:UnitsAdjust-03fea6b0ea74a553d040b4c75e1f6627.metricsAssembler@ is not in the local LayerStack rooted at @anon:0x5be014839f50:World1.usd@
[python-1] 
[python-1] 2026-09-17T11:12:07Z [30,667ms] [Warning] [omni.usd] Coding Error: in SetEditTarget at line 3849 of /builds/omniverse/usd-ci/USD/pxr/usd/usd/stage.cpp -- Layer @metrics:UnitsAdjust-03fea6b0ea74a553d040b4c75e1f6627.metricsAssembler@ is not in the local LayerStack rooted at @anon:0x5be014839f50:World1.usd@
[python-1] 
[python-1] 2026-09-17T11:12:07Z [30,667ms] [Warning] [omni.usd] Coding Error: in SetEditTarget at line 3849 of /builds/omniverse/usd-ci/USD/pxr/usd/usd/stage.cpp -- Layer @metrics:UnitsAdjust-03fea6b0ea74a553d040b4c75e1f6627.metricsAssembler@ is not in the local LayerStack rooted at @anon:0x5be014839f50:World1.usd@
[python-1] 
[python-1] 2026-09-17T11:12:07Z [30,667ms] [Warning] [omni.usd] Coding Error: in SetEditTarget at line 3849 of /builds/omniverse/usd-ci/USD/pxr/usd/usd/stage.cpp -- Layer @metrics:UnitsAdjust-03fea6b0ea74a553d040b4c75e1f6627.metricsAssembler@ is not in the local LayerStack rooted at @anon:0x5be014839f50:World1.usd@
[python-1] 
[python-1] 2026-09-17T11:12:07Z [30,667ms] [Warning] [omni.usd] Coding Error: in SetEditTarget at line 3849 of /builds/omniverse/usd-ci/USD/pxr/usd/usd/stage.cpp -- Layer @metrics:UnitsAdjust-03fea6b0ea74a553d040b4c75e1f6627.metricsAssembler@ is not in the local LayerStack rooted at @anon:0x5be014839f50:World1.usd@
[python-1] 
[python-1] 2026-09-17T11:12:07Z [30,667ms] [Warning] [omni.usd] Coding Error: in SetEditTarget at line 3849 of /builds/omniverse/usd-ci/USD/pxr/usd/usd/stage.cpp -- Layer @metrics:UnitsAdjust-03fea6b0ea74a553d040b4c75e1f6627.metricsAssembler@ is not in the local LayerStack rooted at @anon:0x5be014839f50:World1.usd@
[python-1] 
[python-1] 2026-09-17T11:12:07Z [30,667ms] [Warning] [omni.usd] Coding Error: in SetEditTarget at line 3849 of /builds/omniverse/usd-ci/USD/pxr/usd/usd/stage.cpp -- Layer @metrics:UnitsAdjust-03fea6b0ea74a553d040b4c75e1f6627.metricsAssembler@ is not in the local LayerStack rooted at @anon:0x5be014839f50:World1.usd@
[python-1] 
[python-1] 2026-09-17T11:12:07Z [30,667ms] [Warning] [omni.usd] Coding Error: in SetEditTarget at line 3849 of /builds/omniverse/usd-ci/USD/pxr/usd/usd/stage.cpp -- Layer @metrics:UnitsAdjust-03fea6b0ea74a553d040b4c75e1f6627.metricsAssembler@ is not in the local LayerStack rooted at @anon:0x5be014839f50:World1.usd@
[python-1] 
[python-1] 2026-09-17T11:12:07Z [30,667ms] [Warning] [omni.usd] Coding Error: in SetEditTarget at line 3849 of /builds/omniverse/usd-ci/USD/pxr/usd/usd/stage.cpp -- Layer @metrics:UnitsAdjust-03fea6b0ea74a553d040b4c75e1f6627.metricsAssembler@ is not in the local LayerStack rooted at @anon:0x5be014839f50:World1.usd@
[python-1] 
[python-1] 2026-09-17T11:12:07Z [30,667ms] [Warning] [omni.usd] Coding Error: in SetEditTarget at line 3849 of /builds/omniverse/usd-ci/USD/pxr/usd/usd/stage.cpp -- Layer @metrics:UnitsAdjust-03fea6b0ea74a553d040b4c75e1f6627.metricsAssembler@ is not in the local LayerStack rooted at @anon:0x5be014839f50:World1.usd@
[python-1] 
[python-1] 2026-09-17T11:12:07Z [30,667ms] [Warning] [omni.usd] Coding Error: in SetEditTarget at line 3849 of /builds/omniverse/usd-ci/USD/pxr/usd/usd/stage.cpp -- Layer @metrics:UnitsAdjust-03fea6b0ea74a553d040b4c75e1f6627.metricsAssembler@ is not in the local LayerStack rooted at @anon:0x5be014839f50:World1.usd@
[python-1] 
[python-1] 2026-09-17T11:12:07Z [30,667ms] [Warning] [omni.usd] Coding Error: in SetEditTarget at line 3849 of /builds/omniverse/usd-ci/USD/pxr/usd/usd/stage.cpp -- Layer @metrics:UnitsAdjust-03fea6b0ea74a553d040b4c75e1f6627.metricsAssembler@ is not in the local LayerStack rooted at @anon:0x5be014839f50:World1.usd@
[python-1] 
[python-1] 2026-09-17T11:12:07Z [30,667ms] [Warning] [omni.usd] Coding Error: in SetEditTarget at line 3849 of /builds/omniverse/usd-ci/USD/pxr/usd/usd/stage.cpp -- Layer @metrics:UnitsAdjust-03fea6b0ea74a553d040b4c75e1f6627.metricsAssembler@ is not in the local LayerStack rooted at @anon:0x5be014839f50:World1.usd@
[python-1] 
[python-1] 2026-09-17T11:12:07Z [30,667ms] [Warning] [omni.usd] Coding Error: in SetEditTarget at line 3849 of /builds/omniverse/usd-ci/USD/pxr/usd/usd/stage.cpp -- Layer @metrics:UnitsAdjust-03fea6b0ea74a553d040b4c75e1f6627.metricsAssembler@ is not in the local LayerStack rooted at @anon:0x5be014839f50:World1.usd@
[python-1] 
[python-1] 2026-09-17T11:12:07Z [30,667ms] [Warning] [omni.usd] Coding Error: in SetEditTarget at line 3849 of /builds/omniverse/usd-ci/USD/pxr/usd/usd/stage.cpp -- Layer @metrics:UnitsAdjust-03fea6b0ea74a553d040b4c75e1f6627.metricsAssembler@ is not in the local LayerStack rooted at @anon:0x5be014839f50:World1.usd@
[python-1] 
[python-1] 2026-09-17T11:12:07Z [30,667ms] [Warning] [omni.usd] Coding Error: in SetEditTarget at line 3849 of /builds/omniverse/usd-ci/USD/pxr/usd/usd/stage.cpp -- Layer @metrics:UnitsAdjust-03fea6b0ea74a553d040b4c75e1f6627.metricsAssembler@ is not in the local LayerStack rooted at @anon:0x5be014839f50:World1.usd@
[python-1] 
[python-1] 2026-09-17T11:12:07Z [30,667ms] [Warning] [omni.usd] Coding Error: in SetEditTarget at line 3849 of /builds/omniverse/usd-ci/USD/pxr/usd/usd/stage.cpp -- Layer @metrics:UnitsAdjust-03fea6b0ea74a553d040b4c75e1f6627.metricsAssembler@ is not in the local LayerStack rooted at @anon:0x5be014839f50:World1.usd@
[python-1] 
[python-1] 2026-09-17T11:12:07Z [30,667ms] [Warning] [omni.usd] Coding Error: in SetEditTarget at line 3849 of /builds/omniverse/usd-ci/USD/pxr/usd/usd/stage.cpp -- Layer @metrics:UnitsAdjust-03fea6b0ea74a553d040b4c75e1f6627.metricsAssembler@ is not in the local LayerStack rooted at @anon:0x5be014839f50:World1.usd@
[python-1] 
[python-1] 2026-09-17T11:12:07Z [30,667ms] [Warning] [omni.usd] Coding Error: in SetEditTarget at line 3849 of /builds/omniverse/usd-ci/USD/pxr/usd/usd/stage.cpp -- Layer @metrics:UnitsAdjust-03fea6b0ea74a553d040b4c75e1f6627.metricsAssembler@ is not in the local LayerStack rooted at @anon:0x5be014839f50:World1.usd@
[python-1] 
[python-1] 2026-09-17T11:12:07Z [30,667ms] [Warning] [omni.usd] Coding Error: in SetEditTarget at line 3849 of /builds/omniverse/usd-ci/USD/pxr/usd/usd/stage.cpp -- Layer @metrics:UnitsAdjust-03fea6b0ea74a553d040b4c75e1f6627.metricsAssembler@ is not in the local LayerStack rooted at @anon:0x5be014839f50:World1.usd@
[python-1] 
[python-1] 2026-09-17T11:12:07Z [30,667ms] [Warning] [omni.usd] Coding Error: in SetEditTarget at line 3849 of /builds/omniverse/usd-ci/USD/pxr/usd/usd/stage.cpp -- Layer @metrics:UnitsAdjust-03fea6b0ea74a553d040b4c75e1f6627.metricsAssembler@ is not in the local LayerStack rooted at @anon:0x5be014839f50:World1.usd@
[python-1] 
[python-1] 2026-09-17T11:12:07Z [30,667ms] [Warning] [omni.usd] Coding Error: in SetEditTarget at line 3849 of /builds/omniverse/usd-ci/USD/pxr/usd/usd/stage.cpp -- Layer @metrics:UnitsAdjust-03fea6b0ea74a553d040b4c75e1f6627.metricsAssembler@ is not in the local LayerStack rooted at @anon:0x5be014839f50:World1.usd@
[python-1] 
[python-1] 2026-09-17T11:12:07Z [30,667ms] [Warning] [omni.usd] Coding Error: in SetEditTarget at line 3849 of /builds/omniverse/usd-ci/USD/pxr/usd/usd/stage.cpp -- Layer @metrics:UnitsAdjust-03fea6b0ea74a553d040b4c75e1f6627.metricsAssembler@ is not in the local LayerStack rooted at @anon:0x5be014839f50:World1.usd@
[python-1] 
[python-1] 2026-09-17T11:12:07Z [30,667ms] [Warning] [omni.usd] Coding Error: in SetEditTarget at line 3849 of /builds/omniverse/usd-ci/USD/pxr/usd/usd/stage.cpp -- Layer @metrics:UnitsAdjust-03fea6b0ea74a553d040b4c75e1f6627.metricsAssembler@ is not in the local LayerStack rooted at @anon:0x5be014839f50:World1.usd@
[python-1] 
[python-1] 2026-09-17T11:12:07Z [30,667ms] [Warning] [omni.usd] Coding Error: in SetEditTarget at line 3849 of /builds/omniverse/usd-ci/USD/pxr/usd/usd/stage.cpp -- Layer @metrics:UnitsAdjust-03fea6b0ea74a553d040b4c75e1f6627.metricsAssembler@ is not in the local LayerStack rooted at @anon:0x5be014839f50:World1.usd@
[python-1] 
[python-1] 2026-09-17T11:12:07Z [30,667ms] [Warning] [omni.usd] Coding Error: in SetEditTarget at line 3849 of /builds/omniverse/usd-ci/USD/pxr/usd/usd/stage.cpp -- Layer @metrics:UnitsAdjust-03fea6b0ea74a553d040b4c75e1f6627.metricsAssembler@ is not in the local LayerStack rooted at @anon:0x5be014839f50:World1.usd@
[python-1] 
[python-1] 2026-09-17T11:12:07Z [30,667ms] [Warning] [omni.usd] Coding Error: in SetEditTarget at line 3849 of /builds/omniverse/usd-ci/USD/pxr/usd/usd/stage.cpp -- Layer @metrics:UnitsAdjust-03fea6b0ea74a553d040b4c75e1f6627.metricsAssembler@ is not in the local LayerStack rooted at @anon:0x5be014839f50:World1.usd@
[python-1] 
[python-1] 2026-09-17T11:12:07Z [30,667ms] [Warning] [omni.usd] Coding Error: in SetEditTarget at line 3849 of /builds/omniverse/usd-ci/USD/pxr/usd/usd/stage.cpp -- Layer @metrics:UnitsAdjust-03fea6b0ea74a553d040b4c75e1f6627.metricsAssembler@ is not in the local LayerStack rooted at @anon:0x5be014839f50:World1.usd@
[python-1] 
[python-1] 2026-09-17T11:12:07Z [30,667ms] [Warning] [omni.usd] Coding Error: in SetEditTarget at line 3849 of /builds/omniverse/usd-ci/USD/pxr/usd/usd/stage.cpp -- Layer @metrics:UnitsAdjust-03fea6b0ea74a553d040b4c75e1f6627.metricsAssembler@ is not in the local LayerStack rooted at @anon:0x5be014839f50:World1.usd@
[python-1] 
[python-1] 2026-09-17T11:12:07Z [30,667ms] [Warning] [omni.usd] Coding Error: in SetEditTarget at line 3849 of /builds/omniverse/usd-ci/USD/pxr/usd/usd/stage.cpp -- Layer @metrics:UnitsAdjust-03fea6b0ea74a553d040b4c75e1f6627.metricsAssembler@ is not in the local LayerStack rooted at @anon:0x5be014839f50:World1.usd@
[python-1] 
[python-1] 2026-09-17T11:12:07Z [30,667ms] [Warning] [omni.usd] Coding Error: in SetEditTarget at line 3849 of /builds/omniverse/usd-ci/USD/pxr/usd/usd/stage.cpp -- Layer @metrics:UnitsAdjust-03fea6b0ea74a553d040b4c75e1f6627.metricsAssembler@ is not in the local LayerStack rooted at @anon:0x5be014839f50:World1.usd@
[python-1] 
[python-1] 2026-09-17T11:12:07Z [30,667ms] [Warning] [omni.usd] Coding Error: in SetEditTarget at line 3849 of /builds/omniverse/usd-ci/USD/pxr/usd/usd/stage.cpp -- Layer @metrics:UnitsAdjust-03fea6b0ea74a553d040b4c75e1f6627.metricsAssembler@ is not in the local LayerStack rooted at @anon:0x5be014839f50:World1.usd@
[python-1] 
[python-1] 2026-09-17T11:12:07Z [30,667ms] [Warning] [omni.usd] Coding Error: in SetEditTarget at line 3849 of /builds/omniverse/usd-ci/USD/pxr/usd/usd/stage.cpp -- Layer @metrics:UnitsAdjust-03fea6b0ea74a553d040b4c75e1f6627.metricsAssembler@ is not in the local LayerStack rooted at @anon:0x5be014839f50:World1.usd@
[python-1] 
[python-1] 2026-09-17T11:12:07Z [30,667ms] [Warning] [omni.usd] Coding Error: in SetEditTarget at line 3849 of /builds/omniverse/usd-ci/USD/pxr/usd/usd/stage.cpp -- Layer @metrics:UnitsAdjust-03fea6b0ea74a553d040b4c75e1f6627.metricsAssembler@ is not in the local LayerStack rooted at @anon:0x5be014839f50:World1.usd@
[python-1] 
[python-1] 2026-09-17T11:12:07Z [30,667ms] [Warning] [omni.usd] Coding Error: in SetEditTarget at line 3849 of /builds/omniverse/usd-ci/USD/pxr/usd/usd/stage.cpp -- Layer @metrics:UnitsAdjust-03fea6b0ea74a553d040b4c75e1f6627.metricsAssembler@ is not in the local LayerStack rooted at @anon:0x5be014839f50:World1.usd@
[python-1] 
[python-1] 2026-09-17T11:12:07Z [30,667ms] [Warning] [omni.usd] Coding Error: in SetEditTarget at line 3849 of /builds/omniverse/usd-ci/USD/pxr/usd/usd/stage.cpp -- Layer @metrics:UnitsAdjust-03fea6b0ea74a553d040b4c75e1f6627.metricsAssembler@ is not in the local LayerStack rooted at @anon:0x5be014839f50:World1.usd@
[python-1] 
[python-1] 2026-09-17T11:12:07Z [30,667ms] [Warning] [omni.usd] Coding Error: in SetEditTarget at line 3849 of /builds/omniverse/usd-ci/USD/pxr/usd/usd/stage.cpp -- Layer @metrics:UnitsAdjust-03fea6b0ea74a553d040b4c75e1f6627.metricsAssembler@ is not in the local LayerStack rooted at @anon:0x5be014839f50:World1.usd@
[python-1] 
[python-1] 2026-09-17T11:12:07Z [30,667ms] [Warning] [omni.usd] Coding Error: in SetEditTarget at line 3849 of /builds/omniverse/usd-ci/USD/pxr/usd/usd/stage.cpp -- Layer @metrics:UnitsAdjust-03fea6b0ea74a553d040b4c75e1f6627.metricsAssembler@ is not in the local LayerStack rooted at @anon:0x5be014839f50:World1.usd@
[python-1] 
[python-1] 2026-09-17T11:12:07Z [30,667ms] [Warning] [omni.usd] Coding Error: in SetEditTarget at line 3849 of /builds/omniverse/usd-ci/USD/pxr/usd/usd/stage.cpp -- Layer @metrics:UnitsAdjust-03fea6b0ea74a553d040b4c75e1f6627.metricsAssembler@ is not in the local LayerStack rooted at @anon:0x5be014839f50:World1.usd@
[python-1] 
[python-1] 2026-09-17T11:12:07Z [30,667ms] [Warning] [omni.usd] Coding Error: in SetEditTarget at line 3849 of /builds/omniverse/usd-ci/USD/pxr/usd/usd/stage.cpp -- Layer @metrics:UnitsAdjust-03fea6b0ea74a553d040b4c75e1f6627.metricsAssembler@ is not in the local LayerStack rooted at @anon:0x5be014839f50:World1.usd@
[python-1] 
[python-1] 2026-09-17T11:12:07Z [30,667ms] [Warning] [omni.usd] Coding Error: in SetEditTarget at line 3849 of /builds/omniverse/usd-ci/USD/pxr/usd/usd/stage.cpp -- Layer @metrics:UnitsAdjust-03fea6b0ea74a553d040b4c75e1f6627.metricsAssembler@ is not in the local LayerStack rooted at @anon:0x5be014839f50:World1.usd@
[python-1] 
[python-1] 2026-09-17T11:12:07Z [30,667ms] [Warning] [omni.usd] Coding Error: in SetEditTarget at line 3849 of /builds/omniverse/usd-ci/USD/pxr/usd/usd/stage.cpp -- Layer @metrics:UnitsAdjust-03fea6b0ea74a553d040b4c75e1f6627.metricsAssembler@ is not in the local LayerStack rooted at @anon:0x5be014839f50:World1.usd@
[python-1] 
[python-1] 2026-09-17T11:12:07Z [30,667ms] [Warning] [omni.usd] Coding Error: in SetEditTarget at line 3849 of /builds/omniverse/usd-ci/USD/pxr/usd/usd/stage.cpp -- Layer @metrics:UnitsAdjust-03fea6b0ea74a553d040b4c75e1f6627.metricsAssembler@ is not in the local LayerStack rooted at @anon:0x5be014839f50:World1.usd@
[python-1] 
[python-1] 2026-09-17T11:12:07Z [30,667ms] [Warning] [omni.usd] Coding Error: in SetEditTarget at line 3849 of /builds/omniverse/usd-ci/USD/pxr/usd/usd/stage.cpp -- Layer @metrics:UnitsAdjust-03fea6b0ea74a553d040b4c75e1f6627.metricsAssembler@ is not in the local LayerStack rooted at @anon:0x5be014839f50:World1.usd@
[python-1] 
[python-1] 2026-09-17T11:12:07Z [30,667ms] [Warning] [omni.usd] Coding Error: in SetEditTarget at line 3849 of /builds/omniverse/usd-ci/USD/pxr/usd/usd/stage.cpp -- Layer @metrics:UnitsAdjust-03fea6b0ea74a553d040b4c75e1f6627.metricsAssembler@ is not in the local LayerStack rooted at @anon:0x5be014839f50:World1.usd@
[python-1] 
[python-1] 2026-09-17T11:12:07Z [30,667ms] [Warning] [omni.usd] Coding Error: in SetEditTarget at line 3849 of /builds/omniverse/usd-ci/USD/pxr/usd/usd/stage.cpp -- Layer @metrics:UnitsAdjust-03fea6b0ea74a553d040b4c75e1f6627.metricsAssembler@ is not in the local LayerStack rooted at @anon:0x5be014839f50:World1.usd@
[python-1] 
[python-1] 2026-09-17T11:12:07Z [30,667ms] [Warning] [omni.usd] Coding Error: in SetEditTarget at line 3849 of /builds/omniverse/usd-ci/USD/pxr/usd/usd/stage.cpp -- Layer @metrics:UnitsAdjust-03fea6b0ea74a553d040b4c75e1f6627.metricsAssembler@ is not in the local LayerStack rooted at @anon:0x5be014839f50:World1.usd@
[python-1] 
[python-1] 2026-09-17T11:12:07Z [30,667ms] [Warning] [omni.usd] Coding Error: in SetEditTarget at line 3849 of /builds/omniverse/usd-ci/USD/pxr/usd/usd/stage.cpp -- Layer @metrics:UnitsAdjust-03fea6b0ea74a553d040b4c75e1f6627.metricsAssembler@ is not in the local LayerStack rooted at @anon:0x5be014839f50:World1.usd@
[python-1] 
[python-1] 2026-09-17T11:12:07Z [30,667ms] [Warning] [omni.usd] Coding Error: in SetEditTarget at line 3849 of /builds/omniverse/usd-ci/USD/pxr/usd/usd/stage.cpp -- Layer @metrics:UnitsAdjust-03fea6b0ea74a553d040b4c75e1f6627.metricsAssembler@ is not in the local LayerStack rooted at @anon:0x5be014839f50:World1.usd@
[python-1] 
[python-1] 2026-09-17T11:12:07Z [30,667ms] [Warning] [omni.usd] Coding Error: in SetEditTarget at line 3849 of /builds/omniverse/usd-ci/USD/pxr/usd/usd/stage.cpp -- Layer @metrics:UnitsAdjust-03fea6b0ea74a553d040b4c75e1f6627.metricsAssembler@ is not in the local LayerStack rooted at @anon:0x5be014839f50:World1.usd@
[python-1] 
[python-1] 2026-09-17T11:12:07Z [30,667ms] [Warning] [omni.usd] Coding Error: in SetEditTarget at line 3849 of /builds/omniverse/usd-ci/USD/pxr/usd/usd/stage.cpp -- Layer @metrics:UnitsAdjust-03fea6b0ea74a553d040b4c75e1f6627.metricsAssembler@ is not in the local LayerStack rooted at @anon:0x5be014839f50:World1.usd@
[python-1] 
[python-1] 2026-09-17T11:12:07Z [30,668ms] [Warning] [omni.usd] Coding Error: in SetEditTarget at line 3849 of /builds/omniverse/usd-ci/USD/pxr/usd/usd/stage.cpp -- Layer @metrics:UnitsAdjust-03fea6b0ea74a553d040b4c75e1f6627.metricsAssembler@ is not in the local LayerStack rooted at @anon:0x5be014839f50:World1.usd@
[python-1] 
[python-1] 2026-09-17T11:12:07Z [30,668ms] [Warning] [omni.usd] Coding Error: in SetEditTarget at line 3849 of /builds/omniverse/usd-ci/USD/pxr/usd/usd/stage.cpp -- Layer @metrics:UnitsAdjust-03fea6b0ea74a553d040b4c75e1f6627.metricsAssembler@ is not in the local LayerStack rooted at @anon:0x5be014839f50:World1.usd@
[python-1] 
[python-1] 2026-09-17T11:12:07Z [30,668ms] [Warning] [omni.usd] Coding Error: in SetEditTarget at line 3849 of /builds/omniverse/usd-ci/USD/pxr/usd/usd/stage.cpp -- Layer @metrics:UnitsAdjust-03fea6b0ea74a553d040b4c75e1f6627.metricsAssembler@ is not in the local LayerStack rooted at @anon:0x5be014839f50:World1.usd@
[python-1] 
[python-1] 2026-09-17T11:12:07Z [30,668ms] [Warning] [omni.usd] Coding Error: in SetEditTarget at line 3849 of /builds/omniverse/usd-ci/USD/pxr/usd/usd/stage.cpp -- Layer @metrics:UnitsAdjust-03fea6b0ea74a553d040b4c75e1f6627.metricsAssembler@ is not in the local LayerStack rooted at @anon:0x5be014839f50:World1.usd@
[python-1] 
[python-1] 2026-09-17T11:12:07Z [30,668ms] [Warning] [omni.usd] Coding Error: in SetEditTarget at line 3849 of /builds/omniverse/usd-ci/USD/pxr/usd/usd/stage.cpp -- Layer @metrics:UnitsAdjust-03fea6b0ea74a553d040b4c75e1f6627.metricsAssembler@ is not in the local LayerStack rooted at @anon:0x5be014839f50:World1.usd@
[python-1] 
[python-1] 2026-09-17T11:12:07Z [30,668ms] [Warning] [omni.usd] Coding Error: in SetEditTarget at line 3849 of /builds/omniverse/usd-ci/USD/pxr/usd/usd/stage.cpp -- Layer @metrics:UnitsAdjust-03fea6b0ea74a553d040b4c75e1f6627.metricsAssembler@ is not in the local LayerStack rooted at @anon:0x5be014839f50:World1.usd@
[python-1] 
[python-1] 2026-09-17T11:12:07Z [30,668ms] [Warning] [omni.usd] Coding Error: in SetEditTarget at line 3849 of /builds/omniverse/usd-ci/USD/pxr/usd/usd/stage.cpp -- Layer @metrics:UnitsAdjust-03fea6b0ea74a553d040b4c75e1f6627.metricsAssembler@ is not in the local LayerStack rooted at @anon:0x5be014839f50:World1.usd@
[python-1] 
[python-1] 2026-09-17T11:12:07Z [30,668ms] [Warning] [omni.usd] Coding Error: in SetEditTarget at line 3849 of /builds/omniverse/usd-ci/USD/pxr/usd/usd/stage.cpp -- Layer @metrics:UnitsAdjust-03fea6b0ea74a553d040b4c75e1f6627.metricsAssembler@ is not in the local LayerStack rooted at @anon:0x5be014839f50:World1.usd@
[python-1] 
[python-1] 2026-09-17T11:12:07Z [30,668ms] [Warning] [omni.usd] Coding Error: in SetEditTarget at line 3849 of /builds/omniverse/usd-ci/USD/pxr/usd/usd/stage.cpp -- Layer @metrics:UnitsAdjust-03fea6b0ea74a553d040b4c75e1f6627.metricsAssembler@ is not in the local LayerStack rooted at @anon:0x5be014839f50:World1.usd@
[python-1] 
[python-1] 2026-09-17T11:12:07Z [30,668ms] [Warning] [omni.usd] Coding Error: in SetEditTarget at line 3849 of /builds/omniverse/usd-ci/USD/pxr/usd/usd/stage.cpp -- Layer @metrics:UnitsAdjust-03fea6b0ea74a553d040b4c75e1f6627.metricsAssembler@ is not in the local LayerStack rooted at @anon:0x5be014839f50:World1.usd@
[python-1] 
[python-1] 2026-09-17T11:12:07Z [30,668ms] [Warning] [omni.usd] Coding Error: in SetEditTarget at line 3849 of /builds/omniverse/usd-ci/USD/pxr/usd/usd/stage.cpp -- Layer @metrics:UnitsAdjust-03fea6b0ea74a553d040b4c75e1f6627.metricsAssembler@ is not in the local LayerStack rooted at @anon:0x5be014839f50:World1.usd@
[python-1] 
[python-1] 2026-09-17T11:12:07Z [30,668ms] [Warning] [omni.usd] Coding Error: in SetEditTarget at line 3849 of /builds/omniverse/usd-ci/USD/pxr/usd/usd/stage.cpp -- Layer @metrics:UnitsAdjust-03fea6b0ea74a553d040b4c75e1f6627.metricsAssembler@ is not in the local LayerStack rooted at @anon:0x5be014839f50:World1.usd@
[python-1] 
[python-1] 2026-09-17T11:12:07Z [30,668ms] [Warning] [omni.usd] Coding Error: in SetEditTarget at line 3849 of /builds/omniverse/usd-ci/USD/pxr/usd/usd/stage.cpp -- Layer @metrics:UnitsAdjust-03fea6b0ea74a553d040b4c75e1f6627.metricsAssembler@ is not in the local LayerStack rooted at @anon:0x5be014839f50:World1.usd@
[python-1] 
[python-1] 2026-09-17T11:12:07Z [30,669ms] [Warning] [omni.usd] Coding Error: in SetEditTarget at line 3849 of /builds/omniverse/usd-ci/USD/pxr/usd/usd/stage.cpp -- Layer @metrics:UnitsAdjust-03fea6b0ea74a553d040b4c75e1f6627.metricsAssembler@ is not in the local LayerStack rooted at @anon:0x5be014839f50:World1.usd@
[python-1] 
[python-1] 2026-09-17T11:12:07Z [30,669ms] [Warning] [omni.usd] Coding Error: in SetEditTarget at line 3849 of /builds/omniverse/usd-ci/USD/pxr/usd/usd/stage.cpp -- Layer @metrics:UnitsAdjust-03fea6b0ea74a553d040b4c75e1f6627.metricsAssembler@ is not in the local LayerStack rooted at @anon:0x5be014839f50:World1.usd@
[python-1] 
[python-1] 2026-09-17T11:12:07Z [30,669ms] [Warning] [omni.usd] Coding Error: in SetEditTarget at line 3849 of /builds/omniverse/usd-ci/USD/pxr/usd/usd/stage.cpp -- Layer @metrics:UnitsAdjust-03fea6b0ea74a553d040b4c75e1f6627.metricsAssembler@ is not in the local LayerStack rooted at @anon:0x5be014839f50:World1.usd@
[python-1] 
[python-1] 2026-09-17T11:12:07Z [30,669ms] [Warning] [omni.usd] Coding Error: in SetEditTarget at line 3849 of /builds/omniverse/usd-ci/USD/pxr/usd/usd/stage.cpp -- Layer @metrics:UnitsAdjust-03fea6b0ea74a553d040b4c75e1f6627.metricsAssembler@ is not in the local LayerStack rooted at @anon:0x5be014839f50:World1.usd@
[python-1] 
[python-1] 2026-09-17T11:12:07Z [30,669ms] [Warning] [omni.usd] Coding Error: in SetEditTarget at line 3849 of /builds/omniverse/usd-ci/USD/pxr/usd/usd/stage.cpp -- Layer @metrics:UnitsAdjust-03fea6b0ea74a553d040b4c75e1f6627.metricsAssembler@ is not in the local LayerStack rooted at @anon:0x5be014839f50:World1.usd@
[python-1] 
[python-1] 2026-09-17T11:12:07Z [30,669ms] [Warning] [omni.usd] Coding Error: in SetEditTarget at line 3849 of /builds/omniverse/usd-ci/USD/pxr/usd/usd/stage.cpp -- Layer @metrics:UnitsAdjust-03fea6b0ea74a553d040b4c75e1f6627.metricsAssembler@ is not in the local LayerStack rooted at @anon:0x5be014839f50:World1.usd@
[python-1] 
[python-1] 2026-09-17T11:12:07Z [30,669ms] [Warning] [omni.usd] Coding Error: in SetEditTarget at line 3849 of /builds/omniverse/usd-ci/USD/pxr/usd/usd/stage.cpp -- Layer @metrics:UnitsAdjust-03fea6b0ea74a553d040b4c75e1f6627.metricsAssembler@ is not in the local LayerStack rooted at @anon:0x5be014839f50:World1.usd@
[python-1] 
[python-1] 2026-09-17T11:12:07Z [30,669ms] [Warning] [omni.usd] Coding Error: in SetEditTarget at line 3849 of /builds/omniverse/usd-ci/USD/pxr/usd/usd/stage.cpp -- Layer @metrics:UnitsAdjust-03fea6b0ea74a553d040b4c75e1f6627.metricsAssembler@ is not in the local LayerStack rooted at @anon:0x5be014839f50:World1.usd@
[python-1] 
[python-1] 2026-09-17T11:12:07Z [30,669ms] [Warning] [omni.usd] Coding Error: in SetEditTarget at line 3849 of /builds/omniverse/usd-ci/USD/pxr/usd/usd/stage.cpp -- Layer @metrics:UnitsAdjust-03fea6b0ea74a553d040b4c75e1f6627.metricsAssembler@ is not in the local LayerStack rooted at @anon:0x5be014839f50:World1.usd@
[python-1] 
[python-1] 2026-09-17T11:12:07Z [30,669ms] [Warning] [omni.usd] Coding Error: in SetEditTarget at line 3849 of /builds/omniverse/usd-ci/USD/pxr/usd/usd/stage.cpp -- Layer @metrics:UnitsAdjust-03fea6b0ea74a553d040b4c75e1f6627.metricsAssembler@ is not in the local LayerStack rooted at @anon:0x5be014839f50:World1.usd@
[python-1] 
[python-1] 2026-09-17T11:12:07Z [30,669ms] [Warning] [omni.usd] Coding Error: in SetEditTarget at line 3849 of /builds/omniverse/usd-ci/USD/pxr/usd/usd/stage.cpp -- Layer @metrics:UnitsAdjust-03fea6b0ea74a553d040b4c75e1f6627.metricsAssembler@ is not in the local LayerStack rooted at @anon:0x5be014839f50:World1.usd@
[python-1] 
[python-1] 2026-09-17T11:12:07Z [30,669ms] [Warning] [omni.usd] Coding Error: in SetEditTarget at line 3849 of /builds/omniverse/usd-ci/USD/pxr/usd/usd/stage.cpp -- Layer @metrics:UnitsAdjust-03fea6b0ea74a553d040b4c75e1f6627.metricsAssembler@ is not in the local LayerStack rooted at @anon:0x5be014839f50:World1.usd@
[python-1] 
[python-1] 2026-09-17T11:12:07Z [30,669ms] [Warning] [omni.usd] Coding Error: in SetEditTarget at line 3849 of /builds/omniverse/usd-ci/USD/pxr/usd/usd/stage.cpp -- Layer @metrics:UnitsAdjust-03fea6b0ea74a553d040b4c75e1f6627.metricsAssembler@ is not in the local LayerStack rooted at @anon:0x5be014839f50:World1.usd@
[python-1] 
[python-1] 2026-09-17T11:12:07Z [30,669ms] [Warning] [omni.usd] Coding Error: in SetEditTarget at line 3849 of /builds/omniverse/usd-ci/USD/pxr/usd/usd/stage.cpp -- Layer @metrics:UnitsAdjust-03fea6b0ea74a553d040b4c75e1f6627.metricsAssembler@ is not in the local LayerStack rooted at @anon:0x5be014839f50:World1.usd@
[python-1] 
[python-1] 2026-09-17T11:12:07Z [30,669ms] [Warning] [omni.usd] Coding Error: in SetEditTarget at line 3849 of /builds/omniverse/usd-ci/USD/pxr/usd/usd/stage.cpp -- Layer @metrics:UnitsAdjust-03fea6b0ea74a553d040b4c75e1f6627.metricsAssembler@ is not in the local LayerStack rooted at @anon:0x5be014839f50:World1.usd@
[python-1] 
[python-1] 2026-09-17T11:12:07Z [30,669ms] [Warning] [omni.usd] Coding Error: in SetEditTarget at line 3849 of /builds/omniverse/usd-ci/USD/pxr/usd/usd/stage.cpp -- Layer @metrics:UnitsAdjust-03fea6b0ea74a553d040b4c75e1f6627.metricsAssembler@ is not in the local LayerStack rooted at @anon:0x5be014839f50:World1.usd@
[python-1] 
[python-1] 2026-09-17T11:12:07Z [30,669ms] [Warning] [omni.usd] Coding Error: in SetEditTarget at line 3849 of /builds/omniverse/usd-ci/USD/pxr/usd/usd/stage.cpp -- Layer @metrics:UnitsAdjust-03fea6b0ea74a553d040b4c75e1f6627.metricsAssembler@ is not in the local LayerStack rooted at @anon:0x5be014839f50:World1.usd@
[python-1] 
[python-1] 2026-09-17T11:12:07Z [30,669ms] [Warning] [omni.usd] Coding Error: in SetEditTarget at line 3849 of /builds/omniverse/usd-ci/USD/pxr/usd/usd/stage.cpp -- Layer @metrics:UnitsAdjust-03fea6b0ea74a553d040b4c75e1f6627.metricsAssembler@ is not in the local LayerStack rooted at @anon:0x5be014839f50:World1.usd@
[python-1] 
[python-1] 2026-09-17T11:12:07Z [30,669ms] [Warning] [omni.usd] Coding Error: in SetEditTarget at line 3849 of /builds/omniverse/usd-ci/USD/pxr/usd/usd/stage.cpp -- Layer @metrics:UnitsAdjust-03fea6b0ea74a553d040b4c75e1f6627.metricsAssembler@ is not in the local LayerStack rooted at @anon:0x5be014839f50:World1.usd@
[python-1] 
[python-1] 2026-09-17T11:12:07Z [30,669ms] [Warning] [omni.usd] Coding Error: in SetEditTarget at line 3849 of /builds/omniverse/usd-ci/USD/pxr/usd/usd/stage.cpp -- Layer @metrics:UnitsAdjust-03fea6b0ea74a553d040b4c75e1f6627.metricsAssembler@ is not in the local LayerStack rooted at @anon:0x5be014839f50:World1.usd@
[python-1] 
[python-1] 2026-09-17T11:12:07Z [30,669ms] [Warning] [omni.usd] Coding Error: in SetEditTarget at line 3849 of /builds/omniverse/usd-ci/USD/pxr/usd/usd/stage.cpp -- Layer @metrics:UnitsAdjust-03fea6b0ea74a553d040b4c75e1f6627.metricsAssembler@ is not in the local LayerStack rooted at @anon:0x5be014839f50:World1.usd@
[python-1] 
[python-1] 2026-09-17T11:12:07Z [30,669ms] [Warning] [omni.usd] Coding Error: in SetEditTarget at line 3849 of /builds/omniverse/usd-ci/USD/pxr/usd/usd/stage.cpp -- Layer @metrics:UnitsAdjust-03fea6b0ea74a553d040b4c75e1f6627.metricsAssembler@ is not in the local LayerStack rooted at @anon:0x5be014839f50:World1.usd@
[python-1] 
[python-1] 2026-09-17T11:12:07Z [30,669ms] [Warning] [omni.usd] Coding Error: in SetEditTarget at line 3849 of /builds/omniverse/usd-ci/USD/pxr/usd/usd/stage.cpp -- Layer @metrics:UnitsAdjust-03fea6b0ea74a553d040b4c75e1f6627.metricsAssembler@ is not in the local LayerStack rooted at @anon:0x5be014839f50:World1.usd@
[python-1] 
[python-1] 2026-09-17T11:12:07Z [30,669ms] [Warning] [omni.usd] Coding Error: in SetEditTarget at line 3849 of /builds/omniverse/usd-ci/USD/pxr/usd/usd/stage.cpp -- Layer @metrics:UnitsAdjust-03fea6b0ea74a553d040b4c75e1f6627.metricsAssembler@ is not in the local LayerStack rooted at @anon:0x5be014839f50:World1.usd@
[python-1] 
[python-1] 2026-09-17T11:12:07Z [30,669ms] [Warning] [omni.usd] Coding Error: in SetEditTarget at line 3849 of /builds/omniverse/usd-ci/USD/pxr/usd/usd/stage.cpp -- Layer @metrics:UnitsAdjust-03fea6b0ea74a553d040b4c75e1f6627.metricsAssembler@ is not in the local LayerStack rooted at @anon:0x5be014839f50:World1.usd@
[python-1] 
[python-1] 2026-09-17T11:12:07Z [30,669ms] [Warning] [omni.usd] Coding Error: in SetEditTarget at line 3849 of /builds/omniverse/usd-ci/USD/pxr/usd/usd/stage.cpp -- Layer @metrics:UnitsAdjust-03fea6b0ea74a553d040b4c75e1f6627.metricsAssembler@ is not in the local LayerStack rooted at @anon:0x5be014839f50:World1.usd@
[python-1] 
[python-1] 2026-09-17T11:12:07Z [30,669ms] [Warning] [omni.usd] Coding Error: in SetEditTarget at line 3849 of /builds/omniverse/usd-ci/USD/pxr/usd/usd/stage.cpp -- Layer @metrics:UnitsAdjust-03fea6b0ea74a553d040b4c75e1f6627.metricsAssembler@ is not in the local LayerStack rooted at @anon:0x5be014839f50:World1.usd@
[python-1] 
[python-1] 2026-09-17T11:12:07Z [30,669ms] [Warning] [omni.usd] Coding Error: in SetEditTarget at line 3849 of /builds/omniverse/usd-ci/USD/pxr/usd/usd/stage.cpp -- Layer @metrics:UnitsAdjust-03fea6b0ea74a553d040b4c75e1f6627.metricsAssembler@ is not in the local LayerStack rooted at @anon:0x5be014839f50:World1.usd@
[python-1] 
[python-1] 2026-09-17T11:12:07Z [30,669ms] [Warning] [omni.usd] Coding Error: in SetEditTarget at line 3849 of /builds/omniverse/usd-ci/USD/pxr/usd/usd/stage.cpp -- Layer @metrics:UnitsAdjust-03fea6b0ea74a553d040b4c75e1f6627.metricsAssembler@ is not in the local LayerStack rooted at @anon:0x5be014839f50:World1.usd@
[python-1] 
[python-1] 2026-09-17T11:12:07Z [30,669ms] [Warning] [omni.usd] Coding Error: in SetEditTarget at line 3849 of /builds/omniverse/usd-ci/USD/pxr/usd/usd/stage.cpp -- Layer @metrics:UnitsAdjust-03fea6b0ea74a553d040b4c75e1f6627.metricsAssembler@ is not in the local LayerStack rooted at @anon:0x5be014839f50:World1.usd@
[python-1] 
[python-1] 2026-09-17T11:12:07Z [30,669ms] [Warning] [omni.usd] Coding Error: in SetEditTarget at line 3849 of /builds/omniverse/usd-ci/USD/pxr/usd/usd/stage.cpp -- Layer @metrics:UnitsAdjust-03fea6b0ea74a553d040b4c75e1f6627.metricsAssembler@ is not in the local LayerStack rooted at @anon:0x5be014839f50:World1.usd@
[python-1] 
[python-1] 2026-09-17T11:12:07Z [30,669ms] [Warning] [omni.usd] Coding Error: in SetEditTarget at line 3849 of /builds/omniverse/usd-ci/USD/pxr/usd/usd/stage.cpp -- Layer @metrics:UnitsAdjust-03fea6b0ea74a553d040b4c75e1f6627.metricsAssembler@ is not in the local LayerStack rooted at @anon:0x5be014839f50:World1.usd@
[python-1] 
[python-1] 2026-09-17T11:12:07Z [30,669ms] [Warning] [omni.usd] Coding Error: in SetEditTarget at line 3849 of /builds/omniverse/usd-ci/USD/pxr/usd/usd/stage.cpp -- Layer @metrics:UnitsAdjust-03fea6b0ea74a553d040b4c75e1f6627.metricsAssembler@ is not in the local LayerStack rooted at @anon:0x5be014839f50:World1.usd@
[python-1] 
[python-1] 2026-09-17T11:12:07Z [30,669ms] [Warning] [omni.usd] Coding Error: in SetEditTarget at line 3849 of /builds/omniverse/usd-ci/USD/pxr/usd/usd/stage.cpp -- Layer @metrics:UnitsAdjust-03fea6b0ea74a553d040b4c75e1f6627.metricsAssembler@ is not in the local LayerStack rooted at @anon:0x5be014839f50:World1.usd@
[python-1] 
[python-1] 2026-09-17T11:12:07Z [30,669ms] [Warning] [omni.usd] Coding Error: in SetEditTarget at line 3849 of /builds/omniverse/usd-ci/USD/pxr/usd/usd/stage.cpp -- Layer @metrics:UnitsAdjust-03fea6b0ea74a553d040b4c75e1f6627.metricsAssembler@ is not in the local LayerStack rooted at @anon:0x5be014839f50:World1.usd@
[python-1] 
[python-1] 2026-09-17T11:12:07Z [30,669ms] [Warning] [omni.usd] Coding Error: in SetEditTarget at line 3849 of /builds/omniverse/usd-ci/USD/pxr/usd/usd/stage.cpp -- Layer @metrics:UnitsAdjust-03fea6b0ea74a553d040b4c75e1f6627.metricsAssembler@ is not in the local LayerStack rooted at @anon:0x5be014839f50:World1.usd@
[python-1] 
[python-1] 2026-09-17T11:12:07Z [30,669ms] [Warning] [omni.usd] Coding Error: in SetEditTarget at line 3849 of /builds/omniverse/usd-ci/USD/pxr/usd/usd/stage.cpp -- Layer @metrics:UnitsAdjust-03fea6b0ea74a553d040b4c75e1f6627.metricsAssembler@ is not in the local LayerStack rooted at @anon:0x5be014839f50:World1.usd@
[python-1] 
[python-1] 2026-09-17T11:12:07Z [30,669ms] [Warning] [omni.usd] Coding Error: in SetEditTarget at line 3849 of /builds/omniverse/usd-ci/USD/pxr/usd/usd/stage.cpp -- Layer @metrics:UnitsAdjust-03fea6b0ea74a553d040b4c75e1f6627.metricsAssembler@ is not in the local LayerStack rooted at @anon:0x5be014839f50:World1.usd@
[python-1] 
[python-1] 2026-09-17T11:12:07Z [30,669ms] [Warning] [omni.usd] Coding Error: in SetEditTarget at line 3849 of /builds/omniverse/usd-ci/USD/pxr/usd/usd/stage.cpp -- Layer @metrics:UnitsAdjust-03fea6b0ea74a553d040b4c75e1f6627.metricsAssembler@ is not in the local LayerStack rooted at @anon:0x5be014839f50:World1.usd@
[python-1] 
[python-1] 2026-09-17T11:12:07Z [30,669ms] [Warning] [omni.usd] Coding Error: in SetEditTarget at line 3849 of /builds/omniverse/usd-ci/USD/pxr/usd/usd/stage.cpp -- Layer @metrics:UnitsAdjust-03fea6b0ea74a553d040b4c75e1f6627.metricsAssembler@ is not in the local LayerStack rooted at @anon:0x5be014839f50:World1.usd@
[python-1] 
[python-1] 2026-09-17T11:12:07Z [30,669ms] [Warning] [omni.usd] Coding Error: in SetEditTarget at line 3849 of /builds/omniverse/usd-ci/USD/pxr/usd/usd/stage.cpp -- Layer @metrics:UnitsAdjust-03fea6b0ea74a553d040b4c75e1f6627.metricsAssembler@ is not in the local LayerStack rooted at @anon:0x5be014839f50:World1.usd@
[python-1] 
[python-1] 2026-09-17T11:12:07Z [30,669ms] [Warning] [omni.usd] Coding Error: in SetEditTarget at line 3849 of /builds/omniverse/usd-ci/USD/pxr/usd/usd/stage.cpp -- Layer @metrics:UnitsAdjust-03fea6b0ea74a553d040b4c75e1f6627.metricsAssembler@ is not in the local LayerStack rooted at @anon:0x5be014839f50:World1.usd@
[python-1] 
[python-1] 2026-09-17T11:12:07Z [30,669ms] [Warning] [omni.usd] Coding Error: in SetEditTarget at line 3849 of /builds/omniverse/usd-ci/USD/pxr/usd/usd/stage.cpp -- Layer @metrics:UnitsAdjust-03fea6b0ea74a553d040b4c75e1f6627.metricsAssembler@ is not in the local LayerStack rooted at @anon:0x5be014839f50:World1.usd@
[python-1] 
[python-1] 2026-09-17T11:12:07Z [30,669ms] [Warning] [omni.usd] Coding Error: in SetEditTarget at line 3849 of /builds/omniverse/usd-ci/USD/pxr/usd/usd/stage.cpp -- Layer @metrics:UnitsAdjust-03fea6b0ea74a553d040b4c75e1f6627.metricsAssembler@ is not in the local LayerStack rooted at @anon:0x5be014839f50:World1.usd@
[python-1] 
[python-1] 2026-09-17T11:12:07Z [30,669ms] [Warning] [omni.usd] Coding Error: in SetEditTarget at line 3849 of /builds/omniverse/usd-ci/USD/pxr/usd/usd/stage.cpp -- Layer @metrics:UnitsAdjust-03fea6b0ea74a553d040b4c75e1f6627.metricsAssembler@ is not in the local LayerStack rooted at @anon:0x5be014839f50:World1.usd@
[python-1] 
[python-1] 2026-09-17T11:12:07Z [30,669ms] [Warning] [omni.usd] Coding Error: in SetEditTarget at line 3849 of /builds/omniverse/usd-ci/USD/pxr/usd/usd/stage.cpp -- Layer @metrics:UnitsAdjust-03fea6b0ea74a553d040b4c75e1f6627.metricsAssembler@ is not in the local LayerStack rooted at @anon:0x5be014839f50:World1.usd@
[python-1] 
[python-1] 2026-09-17T11:12:07Z [30,669ms] [Warning] [omni.usd] Coding Error: in SetEditTarget at line 3849 of /builds/omniverse/usd-ci/USD/pxr/usd/usd/stage.cpp -- Layer @metrics:UnitsAdjust-03fea6b0ea74a553d040b4c75e1f6627.metricsAssembler@ is not in the local LayerStack rooted at @anon:0x5be014839f50:World1.usd@
[python-1] 
[python-1] 2026-09-17T11:12:07Z [30,669ms] [Warning] [omni.usd] Coding Error: in SetEditTarget at line 3849 of /builds/omniverse/usd-ci/USD/pxr/usd/usd/stage.cpp -- Layer @metrics:UnitsAdjust-03fea6b0ea74a553d040b4c75e1f6627.metricsAssembler@ is not in the local LayerStack rooted at @anon:0x5be014839f50:World1.usd@
[python-1] 
[python-1] 2026-09-17T11:12:07Z [30,669ms] [Warning] [omni.usd] Coding Error: in SetEditTarget at line 3849 of /builds/omniverse/usd-ci/USD/pxr/usd/usd/stage.cpp -- Layer @metrics:UnitsAdjust-03fea6b0ea74a553d040b4c75e1f6627.metricsAssembler@ is not in the local LayerStack rooted at @anon:0x5be014839f50:World1.usd@
[python-1] 
[python-1] 2026-09-17T11:12:07Z [30,669ms] [Warning] [omni.usd] Coding Error: in SetEditTarget at line 3849 of /builds/omniverse/usd-ci/USD/pxr/usd/usd/stage.cpp -- Layer @metrics:UnitsAdjust-03fea6b0ea74a553d040b4c75e1f6627.metricsAssembler@ is not in the local LayerStack rooted at @anon:0x5be014839f50:World1.usd@
[python-1] 
[python-1] 2026-09-17T11:12:07Z [30,669ms] [Warning] [omni.usd] Coding Error: in SetEditTarget at line 3849 of /builds/omniverse/usd-ci/USD/pxr/usd/usd/stage.cpp -- Layer @metrics:UnitsAdjust-03fea6b0ea74a553d040b4c75e1f6627.metricsAssembler@ is not in the local LayerStack rooted at @anon:0x5be014839f50:World1.usd@
[python-1] 
[python-1] 2026-09-17T11:12:07Z [30,669ms] [Warning] [omni.usd] Coding Error: in SetEditTarget at line 3849 of /builds/omniverse/usd-ci/USD/pxr/usd/usd/stage.cpp -- Layer @metrics:UnitsAdjust-03fea6b0ea74a553d040b4c75e1f6627.metricsAssembler@ is not in the local LayerStack rooted at @anon:0x5be014839f50:World1.usd@
[python-1] 
[python-1] 2026-09-17T11:12:07Z [30,669ms] [Warning] [omni.usd] Coding Error: in SetEditTarget at line 3849 of /builds/omniverse/usd-ci/USD/pxr/usd/usd/stage.cpp -- Layer @metrics:UnitsAdjust-03fea6b0ea74a553d040b4c75e1f6627.metricsAssembler@ is not in the local LayerStack rooted at @anon:0x5be014839f50:World1.usd@
[python-1] 
[python-1] 2026-09-17T11:12:07Z [30,669ms] [Warning] [omni.usd] Coding Error: in SetEditTarget at line 3849 of /builds/omniverse/usd-ci/USD/pxr/usd/usd/stage.cpp -- Layer @metrics:UnitsAdjust-03fea6b0ea74a553d040b4c75e1f6627.metricsAssembler@ is not in the local LayerStack rooted at @anon:0x5be014839f50:World1.usd@
[python-1] 
[python-1] 2026-09-17T11:12:07Z [30,669ms] [Warning] [omni.usd] Coding Error: in SetEditTarget at line 3849 of /builds/omniverse/usd-ci/USD/pxr/usd/usd/stage.cpp -- Layer @metrics:UnitsAdjust-03fea6b0ea74a553d040b4c75e1f6627.metricsAssembler@ is not in the local LayerStack rooted at @anon:0x5be014839f50:World1.usd@
[python-1] 
[python-1] 2026-09-17T11:12:07Z [30,669ms] [Warning] [omni.usd] Coding Error: in SetEditTarget at line 3849 of /builds/omniverse/usd-ci/USD/pxr/usd/usd/stage.cpp -- Layer @metrics:UnitsAdjust-03fea6b0ea74a553d040b4c75e1f6627.metricsAssembler@ is not in the local LayerStack rooted at @anon:0x5be014839f50:World1.usd@
[python-1] 
[python-1] 2026-09-17T11:12:07Z [30,669ms] [Warning] [omni.usd] Coding Error: in SetEditTarget at line 3849 of /builds/omniverse/usd-ci/USD/pxr/usd/usd/stage.cpp -- Layer @metrics:UnitsAdjust-03fea6b0ea74a553d040b4c75e1f6627.metricsAssembler@ is not in the local LayerStack rooted at @anon:0x5be014839f50:World1.usd@
[python-1] 
[python-1] 2026-09-17T11:12:07Z [30,669ms] [Warning] [omni.usd] Coding Error: in SetEditTarget at line 3849 of /builds/omniverse/usd-ci/USD/pxr/usd/usd/stage.cpp -- Layer @metrics:UnitsAdjust-03fea6b0ea74a553d040b4c75e1f6627.metricsAssembler@ is not in the local LayerStack rooted at @anon:0x5be014839f50:World1.usd@
[python-1] 
[python-1] 2026-09-17T11:12:07Z [30,669ms] [Warning] [omni.usd] Coding Error: in SetEditTarget at line 3849 of /builds/omniverse/usd-ci/USD/pxr/usd/usd/stage.cpp -- Layer @metrics:UnitsAdjust-03fea6b0ea74a553d040b4c75e1f6627.metricsAssembler@ is not in the local LayerStack rooted at @anon:0x5be014839f50:World1.usd@
[python-1] 
[python-1] 2026-09-17T11:12:07Z [30,669ms] [Warning] [omni.usd] Coding Error: in SetEditTarget at line 3849 of /builds/omniverse/usd-ci/USD/pxr/usd/usd/stage.cpp -- Layer @metrics:UnitsAdjust-03fea6b0ea74a553d040b4c75e1f6627.metricsAssembler@ is not in the local LayerStack rooted at @anon:0x5be014839f50:World1.usd@
[python-1] 
[python-1] 2026-09-17T11:12:07Z [30,669ms] [Warning] [omni.usd] Coding Error: in SetEditTarget at line 3849 of /builds/omniverse/usd-ci/USD/pxr/usd/usd/stage.cpp -- Layer @metrics:UnitsAdjust-03fea6b0ea74a553d040b4c75e1f6627.metricsAssembler@ is not in the local LayerStack rooted at @anon:0x5be014839f50:World1.usd@
[python-1] 
[python-1] 2026-09-17T11:12:07Z [30,670ms] [Warning] [omni.usd] Coding Error: in SetEditTarget at line 3849 of /builds/omniverse/usd-ci/USD/pxr/usd/usd/stage.cpp -- Layer @metrics:UnitsAdjust-03fea6b0ea74a553d040b4c75e1f6627.metricsAssembler@ is not in the local LayerStack rooted at @anon:0x5be014839f50:World1.usd@
[python-1] 
[python-1] 2026-09-17T11:12:07Z [30,670ms] [Warning] [omni.usd] Coding Error: in SetEditTarget at line 3849 of /builds/omniverse/usd-ci/USD/pxr/usd/usd/stage.cpp -- Layer @metrics:UnitsAdjust-03fea6b0ea74a553d040b4c75e1f6627.metricsAssembler@ is not in the local LayerStack rooted at @anon:0x5be014839f50:World1.usd@
[python-1] 
[python-1] 2026-09-17T11:12:07Z [30,670ms] [Warning] [omni.usd] Coding Error: in SetEditTarget at line 3849 of /builds/omniverse/usd-ci/USD/pxr/usd/usd/stage.cpp -- Layer @metrics:UnitsAdjust-03fea6b0ea74a553d040b4c75e1f6627.metricsAssembler@ is not in the local LayerStack rooted at @anon:0x5be014839f50:World1.usd@
[python-1] 
[python-1] 2026-09-17T11:12:07Z [30,670ms] [Warning] [omni.usd] Coding Error: in SetEditTarget at line 3849 of /builds/omniverse/usd-ci/USD/pxr/usd/usd/stage.cpp -- Layer @metrics:UnitsAdjust-03fea6b0ea74a553d040b4c75e1f6627.metricsAssembler@ is not in the local LayerStack rooted at @anon:0x5be014839f50:World1.usd@
[python-1] 
[python-1] 2026-09-17T11:12:07Z [30,670ms] [Warning] [omni.usd] Coding Error: in SetEditTarget at line 3849 of /builds/omniverse/usd-ci/USD/pxr/usd/usd/stage.cpp -- Layer @metrics:UnitsAdjust-03fea6b0ea74a553d040b4c75e1f6627.metricsAssembler@ is not in the local LayerStack rooted at @anon:0x5be014839f50:World1.usd@
[python-1] 
[python-1] 2026-09-17T11:12:07Z [30,670ms] [Warning] [omni.usd] Coding Error: in SetEditTarget at line 3849 of /builds/omniverse/usd-ci/USD/pxr/usd/usd/stage.cpp -- Layer @metrics:UnitsAdjust-03fea6b0ea74a553d040b4c75e1f6627.metricsAssembler@ is not in the local LayerStack rooted at @anon:0x5be014839f50:World1.usd@
[python-1] 
[python-1] 2026-09-17T11:12:07Z [30,670ms] [Warning] [omni.usd] Coding Error: in SetEditTarget at line 3849 of /builds/omniverse/usd-ci/USD/pxr/usd/usd/stage.cpp -- Layer @metrics:UnitsAdjust-03fea6b0ea74a553d040b4c75e1f6627.metricsAssembler@ is not in the local LayerStack rooted at @anon:0x5be014839f50:World1.usd@
[python-1] 
[python-1] 2026-09-17T11:12:07Z [30,670ms] [Warning] [omni.usd] Coding Error: in SetEditTarget at line 3849 of /builds/omniverse/usd-ci/USD/pxr/usd/usd/stage.cpp -- Layer @metrics:UnitsAdjust-03fea6b0ea74a553d040b4c75e1f6627.metricsAssembler@ is not in the local LayerStack rooted at @anon:0x5be014839f50:World1.usd@
[python-1] 
[python-1] 2026-09-17T11:12:07Z [30,670ms] [Warning] [omni.usd] Coding Error: in SetEditTarget at line 3849 of /builds/omniverse/usd-ci/USD/pxr/usd/usd/stage.cpp -- Layer @metrics:UnitsAdjust-03fea6b0ea74a553d040b4c75e1f6627.metricsAssembler@ is not in the local LayerStack rooted at @anon:0x5be014839f50:World1.usd@
[python-1] 
[python-1] 2026-09-17T11:12:07Z [30,670ms] [Warning] [omni.usd] Coding Error: in SetEditTarget at line 3849 of /builds/omniverse/usd-ci/USD/pxr/usd/usd/stage.cpp -- Layer @metrics:UnitsAdjust-03fea6b0ea74a553d040b4c75e1f6627.metricsAssembler@ is not in the local LayerStack rooted at @anon:0x5be014839f50:World1.usd@
[python-1] 
[python-1] 2026-09-17T11:12:07Z [30,670ms] [Warning] [omni.usd] Coding Error: in SetEditTarget at line 3849 of /builds/omniverse/usd-ci/USD/pxr/usd/usd/stage.cpp -- Layer @metrics:UnitsAdjust-03fea6b0ea74a553d040b4c75e1f6627.metricsAssembler@ is not in the local LayerStack rooted at @anon:0x5be014839f50:World1.usd@
[python-1] 
[python-1] 2026-09-17T11:12:07Z [30,670ms] [Warning] [omni.usd] Coding Error: in SetEditTarget at line 3849 of /builds/omniverse/usd-ci/USD/pxr/usd/usd/stage.cpp -- Layer @metrics:UnitsAdjust-03fea6b0ea74a553d040b4c75e1f6627.metricsAssembler@ is not in the local LayerStack rooted at @anon:0x5be014839f50:World1.usd@
[python-1] 
[python-1] 2026-09-17T11:12:07Z [30,670ms] [Warning] [omni.usd] Coding Error: in SetEditTarget at line 3849 of /builds/omniverse/usd-ci/USD/pxr/usd/usd/stage.cpp -- Layer @metrics:UnitsAdjust-03fea6b0ea74a553d040b4c75e1f6627.metricsAssembler@ is not in the local LayerStack rooted at @anon:0x5be014839f50:World1.usd@
[python-1] 
[python-1] 2026-09-17T11:12:07Z [30,670ms] [Warning] [omni.usd] Coding Error: in SetEditTarget at line 3849 of /builds/omniverse/usd-ci/USD/pxr/usd/usd/stage.cpp -- Layer @metrics:UnitsAdjust-03fea6b0ea74a553d040b4c75e1f6627.metricsAssembler@ is not in the local LayerStack rooted at @anon:0x5be014839f50:World1.usd@
[python-1] 
[python-1] 2026-09-17T11:12:07Z [30,670ms] [Warning] [omni.usd] Coding Error: in SetEditTarget at line 3849 of /builds/omniverse/usd-ci/USD/pxr/usd/usd/stage.cpp -- Layer @metrics:UnitsAdjust-03fea6b0ea74a553d040b4c75e1f6627.metricsAssembler@ is not in the local LayerStack rooted at @anon:0x5be014839f50:World1.usd@
[python-1] 
[python-1] 2026-09-17T11:12:07Z [30,670ms] [Warning] [omni.usd] Coding Error: in SetEditTarget at line 3849 of /builds/omniverse/usd-ci/USD/pxr/usd/usd/stage.cpp -- Layer @metrics:UnitsAdjust-03fea6b0ea74a553d040b4c75e1f6627.metricsAssembler@ is not in the local LayerStack rooted at @anon:0x5be014839f50:World1.usd@
[python-1] 
[python-1] 2026-09-17T11:12:07Z [30,670ms] [Warning] [omni.usd] Coding Error: in SetEditTarget at line 3849 of /builds/omniverse/usd-ci/USD/pxr/usd/usd/stage.cpp -- Layer @metrics:UnitsAdjust-03fea6b0ea74a553d040b4c75e1f6627.metricsAssembler@ is not in the local LayerStack rooted at @anon:0x5be014839f50:World1.usd@
[python-1] 
[python-1] 2026-09-17T11:12:07Z [30,670ms] [Warning] [omni.usd] Coding Error: in SetEditTarget at line 3849 of /builds/omniverse/usd-ci/USD/pxr/usd/usd/stage.cpp -- Layer @metrics:UnitsAdjust-03fea6b0ea74a553d040b4c75e1f6627.metricsAssembler@ is not in the local LayerStack rooted at @anon:0x5be014839f50:World1.usd@
[python-1] 
[python-1] 2026-09-17T11:12:07Z [30,670ms] [Warning] [omni.usd] Coding Error: in SetEditTarget at line 3849 of /builds/omniverse/usd-ci/USD/pxr/usd/usd/stage.cpp -- Layer @metrics:UnitsAdjust-03fea6b0ea74a553d040b4c75e1f6627.metricsAssembler@ is not in the local LayerStack rooted at @anon:0x5be014839f50:World1.usd@
[python-1] 
[python-1] 2026-09-17T11:12:07Z [30,670ms] [Warning] [omni.usd] Coding Error: in SetEditTarget at line 3849 of /builds/omniverse/usd-ci/USD/pxr/usd/usd/stage.cpp -- Layer @metrics:UnitsAdjust-03fea6b0ea74a553d040b4c75e1f6627.metricsAssembler@ is not in the local LayerStack rooted at @anon:0x5be014839f50:World1.usd@
[python-1] 
[python-1] 2026-09-17T11:12:07Z [30,670ms] [Warning] [omni.usd] Coding Error: in SetEditTarget at line 3849 of /builds/omniverse/usd-ci/USD/pxr/usd/usd/stage.cpp -- Layer @metrics:UnitsAdjust-03fea6b0ea74a553d040b4c75e1f6627.metricsAssembler@ is not in the local LayerStack rooted at @anon:0x5be014839f50:World1.usd@
[python-1] 
[python-1] 2026-09-17T11:12:07Z [30,670ms] [Warning] [omni.usd] Coding Error: in SetEditTarget at line 3849 of /builds/omniverse/usd-ci/USD/pxr/usd/usd/stage.cpp -- Layer @metrics:UnitsAdjust-03fea6b0ea74a553d040b4c75e1f6627.metricsAssembler@ is not in the local LayerStack rooted at @anon:0x5be014839f50:World1.usd@
[python-1] 
[python-1] 2026-09-17T11:12:07Z [30,670ms] [Warning] [omni.usd] Coding Error: in SetEditTarget at line 3849 of /builds/omniverse/usd-ci/USD/pxr/usd/usd/stage.cpp -- Layer @metrics:UnitsAdjust-03fea6b0ea74a553d040b4c75e1f6627.metricsAssembler@ is not in the local LayerStack rooted at @anon:0x5be014839f50:World1.usd@
[python-1] 
[python-1] 2026-09-17T11:12:07Z [30,670ms] [Warning] [omni.usd] Coding Error: in SetEditTarget at line 3849 of /builds/omniverse/usd-ci/USD/pxr/usd/usd/stage.cpp -- Layer @metrics:UnitsAdjust-03fea6b0ea74a553d040b4c75e1f6627.metricsAssembler@ is not in the local LayerStack rooted at @anon:0x5be014839f50:World1.usd@
[python-1] 
[python-1] 2026-09-17T11:12:07Z [30,670ms] [Warning] [omni.usd] Coding Error: in SetEditTarget at line 3849 of /builds/omniverse/usd-ci/USD/pxr/usd/usd/stage.cpp -- Layer @metrics:UnitsAdjust-03fea6b0ea74a553d040b4c75e1f6627.metricsAssembler@ is not in the local LayerStack rooted at @anon:0x5be014839f50:World1.usd@
[python-1] 
[python-1] 2026-09-17T11:12:07Z [30,670ms] [Warning] [omni.usd] Coding Error: in SetEditTarget at line 3849 of /builds/omniverse/usd-ci/USD/pxr/usd/usd/stage.cpp -- Layer @metrics:UnitsAdjust-03fea6b0ea74a553d040b4c75e1f6627.metricsAssembler@ is not in the local LayerStack rooted at @anon:0x5be014839f50:World1.usd@
[python-1] 
[python-1] 2026-09-17T11:12:07Z [30,670ms] [Warning] [omni.usd] Coding Error: in SetEditTarget at line 3849 of /builds/omniverse/usd-ci/USD/pxr/usd/usd/stage.cpp -- Layer @metrics:UnitsAdjust-03fea6b0ea74a553d040b4c75e1f6627.metricsAssembler@ is not in the local LayerStack rooted at @anon:0x5be014839f50:World1.usd@
[python-1] 
[python-1] 2026-09-17T11:12:07Z [30,670ms] [Warning] [omni.usd] Coding Error: in SetEditTarget at line 3849 of /builds/omniverse/usd-ci/USD/pxr/usd/usd/stage.cpp -- Layer @metrics:UnitsAdjust-03fea6b0ea74a553d040b4c75e1f6627.metricsAssembler@ is not in the local LayerStack rooted at @anon:0x5be014839f50:World1.usd@
[python-1] 
[python-1] 2026-09-17T11:12:07Z [30,670ms] [Warning] [omni.usd] Coding Error: in SetEditTarget at line 3849 of /builds/omniverse/usd-ci/USD/pxr/usd/usd/stage.cpp -- Layer @metrics:UnitsAdjust-03fea6b0ea74a553d040b4c75e1f6627.metricsAssembler@ is not in the local LayerStack rooted at @anon:0x5be014839f50:World1.usd@
[python-1] 
[python-1] 2026-09-17T11:12:07Z [30,670ms] [Warning] [omni.usd] Coding Error: in SetEditTarget at line 3849 of /builds/omniverse/usd-ci/USD/pxr/usd/usd/stage.cpp -- Layer @metrics:UnitsAdjust-03fea6b0ea74a553d040b4c75e1f6627.metricsAssembler@ is not in the local LayerStack rooted at @anon:0x5be014839f50:World1.usd@
[python-1] 
[python-1] 2026-09-17T11:12:07Z [30,670ms] [Warning] [omni.usd] Coding Error: in SetEditTarget at line 3849 of /builds/omniverse/usd-ci/USD/pxr/usd/usd/stage.cpp -- Layer @metrics:UnitsAdjust-03fea6b0ea74a553d040b4c75e1f6627.metricsAssembler@ is not in the local LayerStack rooted at @anon:0x5be014839f50:World1.usd@
[python-1] 
[python-1] 2026-09-17T11:12:07Z [30,670ms] [Warning] [omni.usd] Coding Error: in SetEditTarget at line 3849 of /builds/omniverse/usd-ci/USD/pxr/usd/usd/stage.cpp -- Layer @metrics:UnitsAdjust-03fea6b0ea74a553d040b4c75e1f6627.metricsAssembler@ is not in the local LayerStack rooted at @anon:0x5be014839f50:World1.usd@
[python-1] 
[python-1] 2026-09-17T11:12:07Z [30,670ms] [Warning] [omni.usd] Coding Error: in SetEditTarget at line 3849 of /builds/omniverse/usd-ci/USD/pxr/usd/usd/stage.cpp -- Layer @metrics:UnitsAdjust-03fea6b0ea74a553d040b4c75e1f6627.metricsAssembler@ is not in the local LayerStack rooted at @anon:0x5be014839f50:World1.usd@
[python-1] 
[python-1] 2026-09-17T11:12:07Z [30,670ms] [Warning] [omni.usd] Coding Error: in SetEditTarget at line 3849 of /builds/omniverse/usd-ci/USD/pxr/usd/usd/stage.cpp -- Layer @metrics:UnitsAdjust-03fea6b0ea74a553d040b4c75e1f6627.metricsAssembler@ is not in the local LayerStack rooted at @anon:0x5be014839f50:World1.usd@
[python-1] 
[python-1] 2026-09-17T11:12:07Z [30,670ms] [Warning] [omni.usd] Coding Error: in SetEditTarget at line 3849 of /builds/omniverse/usd-ci/USD/pxr/usd/usd/stage.cpp -- Layer @metrics:UnitsAdjust-03fea6b0ea74a553d040b4c75e1f6627.metricsAssembler@ is not in the local LayerStack rooted at @anon:0x5be014839f50:World1.usd@
[python-1] 
[python-1] 2026-09-17T11:12:07Z [30,670ms] [Warning] [omni.usd] Coding Error: in SetEditTarget at line 3849 of /builds/omniverse/usd-ci/USD/pxr/usd/usd/stage.cpp -- Layer @metrics:UnitsAdjust-03fea6b0ea74a553d040b4c75e1f6627.metricsAssembler@ is not in the local LayerStack rooted at @anon:0x5be014839f50:World1.usd@
[python-1] 
[python-1] 2026-09-17T11:12:07Z [30,670ms] [Warning] [omni.usd] Coding Error: in SetEditTarget at line 3849 of /builds/omniverse/usd-ci/USD/pxr/usd/usd/stage.cpp -- Layer @metrics:UnitsAdjust-03fea6b0ea74a553d040b4c75e1f6627.metricsAssembler@ is not in the local LayerStack rooted at @anon:0x5be014839f50:World1.usd@
[python-1] 
[python-1] 2026-09-17T11:12:07Z [30,670ms] [Warning] [omni.usd] Coding Error: in SetEditTarget at line 3849 of /builds/omniverse/usd-ci/USD/pxr/usd/usd/stage.cpp -- Layer @metrics:UnitsAdjust-03fea6b0ea74a553d040b4c75e1f6627.metricsAssembler@ is not in the local LayerStack rooted at @anon:0x5be014839f50:World1.usd@
[python-1] 
[python-1] 2026-09-17T11:12:07Z [30,670ms] [Warning] [omni.usd] Coding Error: in SetEditTarget at line 3849 of /builds/omniverse/usd-ci/USD/pxr/usd/usd/stage.cpp -- Layer @metrics:UnitsAdjust-03fea6b0ea74a553d040b4c75e1f6627.metricsAssembler@ is not in the local LayerStack rooted at @anon:0x5be014839f50:World1.usd@
[python-1] 
[python-1] 2026-09-17T11:12:07Z [30,670ms] [Warning] [omni.usd] Coding Error: in SetEditTarget at line 3849 of /builds/omniverse/usd-ci/USD/pxr/usd/usd/stage.cpp -- Layer @metrics:UnitsAdjust-03fea6b0ea74a553d040b4c75e1f6627.metricsAssembler@ is not in the local LayerStack rooted at @anon:0x5be014839f50:World1.usd@
[python-1] 
[python-1] 2026-09-17T11:12:07Z [30,670ms] [Warning] [omni.usd] Coding Error: in SetEditTarget at line 3849 of /builds/omniverse/usd-ci/USD/pxr/usd/usd/stage.cpp -- Layer @metrics:UnitsAdjust-03fea6b0ea74a553d040b4c75e1f6627.metricsAssembler@ is not in the local LayerStack rooted at @anon:0x5be014839f50:World1.usd@
[python-1] 
[python-1] 2026-09-17T11:12:07Z [30,670ms] [Warning] [omni.usd] Coding Error: in SetEditTarget at line 3849 of /builds/omniverse/usd-ci/USD/pxr/usd/usd/stage.cpp -- Layer @metrics:UnitsAdjust-03fea6b0ea74a553d040b4c75e1f6627.metricsAssembler@ is not in the local LayerStack rooted at @anon:0x5be014839f50:World1.usd@
[python-1] 
[python-1] 2026-09-17T11:12:07Z [30,670ms] [Warning] [omni.usd] Coding Error: in SetEditTarget at line 3849 of /builds/omniverse/usd-ci/USD/pxr/usd/usd/stage.cpp -- Layer @metrics:UnitsAdjust-03fea6b0ea74a553d040b4c75e1f6627.metricsAssembler@ is not in the local LayerStack rooted at @anon:0x5be014839f50:World1.usd@
[python-1] 
[python-1] 2026-09-17T11:12:07Z [30,670ms] [Warning] [omni.usd] Coding Error: in SetEditTarget at line 3849 of /builds/omniverse/usd-ci/USD/pxr/usd/usd/stage.cpp -- Layer @metrics:UnitsAdjust-03fea6b0ea74a553d040b4c75e1f6627.metricsAssembler@ is not in the local LayerStack rooted at @anon:0x5be014839f50:World1.usd@
[python-1] 
[python-1] 2026-09-17T11:12:07Z [30,670ms] [Warning] [omni.usd] Coding Error: in SetEditTarget at line 3849 of /builds/omniverse/usd-ci/USD/pxr/usd/usd/stage.cpp -- Layer @metrics:UnitsAdjust-03fea6b0ea74a553d040b4c75e1f6627.metricsAssembler@ is not in the local LayerStack rooted at @anon:0x5be014839f50:World1.usd@
[python-1] 
[python-1] 2026-09-17T11:12:07Z [30,670ms] [Warning] [omni.usd] Coding Error: in SetEditTarget at line 3849 of /builds/omniverse/usd-ci/USD/pxr/usd/usd/stage.cpp -- Layer @metrics:UnitsAdjust-03fea6b0ea74a553d040b4c75e1f6627.metricsAssembler@ is not in the local LayerStack rooted at @anon:0x5be014839f50:World1.usd@
[python-1] 
[python-1] 2026-09-17T11:12:07Z [30,670ms] [Warning] [omni.usd] Coding Error: in SetEditTarget at line 3849 of /builds/omniverse/usd-ci/USD/pxr/usd/usd/stage.cpp -- Layer @metrics:UnitsAdjust-03fea6b0ea74a553d040b4c75e1f6627.metricsAssembler@ is not in the local LayerStack rooted at @anon:0x5be014839f50:World1.usd@
[python-1] 
[python-1] 2026-09-17T11:12:07Z [30,670ms] [Warning] [omni.usd] Coding Error: in SetEditTarget at line 3849 of /builds/omniverse/usd-ci/USD/pxr/usd/usd/stage.cpp -- Layer @metrics:UnitsAdjust-03fea6b0ea74a553d040b4c75e1f6627.metricsAssembler@ is not in the local LayerStack rooted at @anon:0x5be014839f50:World1.usd@
[python-1] 
[python-1] 2026-09-17T11:12:07Z [30,670ms] [Warning] [omni.usd] Coding Error: in SetEditTarget at line 3849 of /builds/omniverse/usd-ci/USD/pxr/usd/usd/stage.cpp -- Layer @metrics:UnitsAdjust-03fea6b0ea74a553d040b4c75e1f6627.metricsAssembler@ is not in the local LayerStack rooted at @anon:0x5be014839f50:World1.usd@
[python-1] 
[python-1] 2026-09-17T11:12:07Z [30,670ms] [Warning] [omni.usd] Coding Error: in SetEditTarget at line 3849 of /builds/omniverse/usd-ci/USD/pxr/usd/usd/stage.cpp -- Layer @metrics:UnitsAdjust-03fea6b0ea74a553d040b4c75e1f6627.metricsAssembler@ is not in the local LayerStack rooted at @anon:0x5be014839f50:World1.usd@
[python-1] 
[python-1] 2026-09-17T11:12:07Z [30,670ms] [Warning] [omni.usd] Coding Error: in SetEditTarget at line 3849 of /builds/omniverse/usd-ci/USD/pxr/usd/usd/stage.cpp -- Layer @metrics:UnitsAdjust-03fea6b0ea74a553d040b4c75e1f6627.metricsAssembler@ is not in the local LayerStack rooted at @anon:0x5be014839f50:World1.usd@
[python-1] 
[python-1] 2026-09-17T11:12:07Z [30,670ms] [Warning] [omni.usd] Coding Error: in SetEditTarget at line 3849 of /builds/omniverse/usd-ci/USD/pxr/usd/usd/stage.cpp -- Layer @metrics:UnitsAdjust-03fea6b0ea74a553d040b4c75e1f6627.metricsAssembler@ is not in the local LayerStack rooted at @anon:0x5be014839f50:World1.usd@
[python-1] 
[python-1] 2026-09-17T11:12:07Z [30,670ms] [Warning] [omni.usd] Coding Error: in SetEditTarget at line 3849 of /builds/omniverse/usd-ci/USD/pxr/usd/usd/stage.cpp -- Layer @metrics:UnitsAdjust-03fea6b0ea74a553d040b4c75e1f6627.metricsAssembler@ is not in the local LayerStack rooted at @anon:0x5be014839f50:World1.usd@
[python-1] 
[python-1] 2026-09-17T11:12:07Z [30,670ms] [Warning] [omni.usd] Coding Error: in SetEditTarget at line 3849 of /builds/omniverse/usd-ci/USD/pxr/usd/usd/stage.cpp -- Layer @metrics:UnitsAdjust-03fea6b0ea74a553d040b4c75e1f6627.metricsAssembler@ is not in the local LayerStack rooted at @anon:0x5be014839f50:World1.usd@
[python-1] 
[python-1] 2026-09-17T11:12:07Z [30,670ms] [Warning] [omni.usd] Coding Error: in SetEditTarget at line 3849 of /builds/omniverse/usd-ci/USD/pxr/usd/usd/stage.cpp -- Layer @metrics:UnitsAdjust-03fea6b0ea74a553d040b4c75e1f6627.metricsAssembler@ is not in the local LayerStack rooted at @anon:0x5be014839f50:World1.usd@
[python-1] 
[python-1] 2026-09-17T11:12:07Z [30,670ms] [Warning] [omni.usd] Coding Error: in SetEditTarget at line 3849 of /builds/omniverse/usd-ci/USD/pxr/usd/usd/stage.cpp -- Layer @metrics:UnitsAdjust-03fea6b0ea74a553d040b4c75e1f6627.metricsAssembler@ is not in the local LayerStack rooted at @anon:0x5be014839f50:World1.usd@
[python-1] 
[python-1] 2026-09-17T11:12:07Z [30,670ms] [Warning] [omni.usd] Coding Error: in SetEditTarget at line 3849 of /builds/omniverse/usd-ci/USD/pxr/usd/usd/stage.cpp -- Layer @metrics:UnitsAdjust-03fea6b0ea74a553d040b4c75e1f6627.metricsAssembler@ is not in the local LayerStack rooted at @anon:0x5be014839f50:World1.usd@
[python-1] 
[python-1] 2026-09-17T11:12:07Z [30,670ms] [Warning] [omni.usd] Coding Error: in SetEditTarget at line 3849 of /builds/omniverse/usd-ci/USD/pxr/usd/usd/stage.cpp -- Layer @metrics:UnitsAdjust-03fea6b0ea74a553d040b4c75e1f6627.metricsAssembler@ is not in the local LayerStack rooted at @anon:0x5be014839f50:World1.usd@
[python-1] 
[python-1] 2026-09-17T11:12:07Z [30,670ms] [Warning] [omni.usd] Coding Error: in SetEditTarget at line 3849 of /builds/omniverse/usd-ci/USD/pxr/usd/usd/stage.cpp -- Layer @metrics:UnitsAdjust-03fea6b0ea74a553d040b4c75e1f6627.metricsAssembler@ is not in the local LayerStack rooted at @anon:0x5be014839f50:World1.usd@
[python-1] 
[python-1] 2026-09-17T11:12:07Z [30,670ms] [Warning] [omni.usd] Coding Error: in SetEditTarget at line 3849 of /builds/omniverse/usd-ci/USD/pxr/usd/usd/stage.cpp -- Layer @metrics:UnitsAdjust-03fea6b0ea74a553d040b4c75e1f6627.metricsAssembler@ is not in the local LayerStack rooted at @anon:0x5be014839f50:World1.usd@
[python-1] 
[python-1] 2026-09-17T11:12:07Z [30,670ms] [Warning] [omni.usd] Coding Error: in SetEditTarget at line 3849 of /builds/omniverse/usd-ci/USD/pxr/usd/usd/stage.cpp -- Layer @metrics:UnitsAdjust-03fea6b0ea74a553d040b4c75e1f6627.metricsAssembler@ is not in the local LayerStack rooted at @anon:0x5be014839f50:World1.usd@
[python-1] 
[python-1] 2026-09-17T11:12:07Z [30,670ms] [Warning] [omni.usd] Coding Error: in SetEditTarget at line 3849 of /builds/omniverse/usd-ci/USD/pxr/usd/usd/stage.cpp -- Layer @metrics:UnitsAdjust-03fea6b0ea74a553d040b4c75e1f6627.metricsAssembler@ is not in the local LayerStack rooted at @anon:0x5be014839f50:World1.usd@
[python-1] 
[python-1] 2026-09-17T11:12:07Z [30,670ms] [Warning] [omni.usd] Coding Error: in SetEditTarget at line 3849 of /builds/omniverse/usd-ci/USD/pxr/usd/usd/stage.cpp -- Layer @metrics:UnitsAdjust-03fea6b0ea74a553d040b4c75e1f6627.metricsAssembler@ is not in the local LayerStack rooted at @anon:0x5be014839f50:World1.usd@
[python-1] 
[python-1] 2026-09-17T11:12:07Z [30,670ms] [Warning] [omni.usd] Coding Error: in SetEditTarget at line 3849 of /builds/omniverse/usd-ci/USD/pxr/usd/usd/stage.cpp -- Layer @metrics:UnitsAdjust-03fea6b0ea74a553d040b4c75e1f6627.metricsAssembler@ is not in the local LayerStack rooted at @anon:0x5be014839f50:World1.usd@
[python-1] 
[python-1] 2026-09-17T11:12:07Z [30,670ms] [Warning] [omni.usd] Coding Error: in SetEditTarget at line 3849 of /builds/omniverse/usd-ci/USD/pxr/usd/usd/stage.cpp -- Layer @metrics:UnitsAdjust-03fea6b0ea74a553d040b4c75e1f6627.metricsAssembler@ is not in the local LayerStack rooted at @anon:0x5be014839f50:World1.usd@
[python-1] 
[python-1] 2026-09-17T11:12:07Z [30,680ms] [Warning] [omni.usd] Coding Error: in SetEditTarget at line 3849 of /builds/omniverse/usd-ci/USD/pxr/usd/usd/stage.cpp -- Layer @metrics:UnitsAdjust-03fea6b0ea74a553d040b4c75e1f6627.metricsAssembler@ is not in the local LayerStack rooted at @anon:0x5be014839f50:World1.usd@
[python-1] 
[python-1] 2026-09-17T11:12:07Z [30,680ms] [Warning] [omni.usd] Coding Error: in SetEditTarget at line 3849 of /builds/omniverse/usd-ci/USD/pxr/usd/usd/stage.cpp -- Layer @metrics:UnitsAdjust-03fea6b0ea74a553d040b4c75e1f6627.metricsAssembler@ is not in the local LayerStack rooted at @anon:0x5be014839f50:World1.usd@
[python-1] 
[python-1] 2026-09-17T11:12:07Z [30,680ms] [Warning] [omni.usd] Coding Error: in SetEditTarget at line 3849 of /builds/omniverse/usd-ci/USD/pxr/usd/usd/stage.cpp -- Layer @metrics:UnitsAdjust-03fea6b0ea74a553d040b4c75e1f6627.metricsAssembler@ is not in the local LayerStack rooted at @anon:0x5be014839f50:World1.usd@
[python-1] 
[python-1] 2026-09-17T11:12:07Z [30,681ms] [Warning] [omni.usd] Coding Error: in SetEditTarget at line 3849 of /builds/omniverse/usd-ci/USD/pxr/usd/usd/stage.cpp -- Layer @metrics:UnitsAdjust-03fea6b0ea74a553d040b4c75e1f6627.metricsAssembler@ is not in the local LayerStack rooted at @anon:0x5be014839f50:World1.usd@
[python-1] 
[python-1] 2026-09-17T11:12:07Z [30,681ms] [Warning] [omni.usd] Coding Error: in SetEditTarget at line 3849 of /builds/omniverse/usd-ci/USD/pxr/usd/usd/stage.cpp -- Layer @metrics:UnitsAdjust-03fea6b0ea74a553d040b4c75e1f6627.metricsAssembler@ is not in the local LayerStack rooted at @anon:0x5be014839f50:World1.usd@
[python-1] 
[python-1] 2026-09-17T11:12:07Z [30,681ms] [Warning] [omni.usd] Coding Error: in SetEditTarget at line 3849 of /builds/omniverse/usd-ci/USD/pxr/usd/usd/stage.cpp -- Layer @metrics:UnitsAdjust-03fea6b0ea74a553d040b4c75e1f6627.metricsAssembler@ is not in the local LayerStack rooted at @anon:0x5be014839f50:World1.usd@
[python-1] 
[python-1] 2026-09-17T11:12:07Z [30,681ms] [Warning] [omni.usd] Coding Error: in SetEditTarget at line 3849 of /builds/omniverse/usd-ci/USD/pxr/usd/usd/stage.cpp -- Layer @metrics:UnitsAdjust-03fea6b0ea74a553d040b4c75e1f6627.metricsAssembler@ is not in the local LayerStack rooted at @anon:0x5be014839f50:World1.usd@
[python-1] 
[python-1] 2026-09-17T11:12:07Z [30,681ms] [Warning] [omni.usd] Coding Error: in SetEditTarget at line 3849 of /builds/omniverse/usd-ci/USD/pxr/usd/usd/stage.cpp -- Layer @metrics:UnitsAdjust-03fea6b0ea74a553d040b4c75e1f6627.metricsAssembler@ is not in the local LayerStack rooted at @anon:0x5be014839f50:World1.usd@
[python-1] 
[python-1] 2026-09-17T11:12:07Z [30,681ms] [Warning] [omni.usd] Coding Error: in SetEditTarget at line 3849 of /builds/omniverse/usd-ci/USD/pxr/usd/usd/stage.cpp -- Layer @metrics:UnitsAdjust-03fea6b0ea74a553d040b4c75e1f6627.metricsAssembler@ is not in the local LayerStack rooted at @anon:0x5be014839f50:World1.usd@
[python-1] 
[python-1] 2026-09-17T11:12:07Z [30,681ms] [Warning] [omni.usd] Coding Error: in SetEditTarget at line 3849 of /builds/omniverse/usd-ci/USD/pxr/usd/usd/stage.cpp -- Layer @metrics:UnitsAdjust-03fea6b0ea74a553d040b4c75e1f6627.metricsAssembler@ is not in the local LayerStack rooted at @anon:0x5be014839f50:World1.usd@
[python-1] 
[python-1] 2026-09-17T11:12:07Z [30,681ms] [Warning] [omni.usd] Coding Error: in SetEditTarget at line 3849 of /builds/omniverse/usd-ci/USD/pxr/usd/usd/stage.cpp -- Layer @metrics:UnitsAdjust-03fea6b0ea74a553d040b4c75e1f6627.metricsAssembler@ is not in the local LayerStack rooted at @anon:0x5be014839f50:World1.usd@
[python-1] 
[python-1] 2026-09-17T11:12:07Z [30,681ms] [Warning] [omni.usd] Coding Error: in SetEditTarget at line 3849 of /builds/omniverse/usd-ci/USD/pxr/usd/usd/stage.cpp -- Layer @metrics:UnitsAdjust-03fea6b0ea74a553d040b4c75e1f6627.metricsAssembler@ is not in the local LayerStack rooted at @anon:0x5be014839f50:World1.usd@
[python-1] 
[python-1] 2026-09-17T11:12:07Z [30,681ms] [Warning] [omni.usd] Coding Error: in SetEditTarget at line 3849 of /builds/omniverse/usd-ci/USD/pxr/usd/usd/stage.cpp -- Layer @metrics:UnitsAdjust-03fea6b0ea74a553d040b4c75e1f6627.metricsAssembler@ is not in the local LayerStack rooted at @anon:0x5be014839f50:World1.usd@
[python-1] 
[python-1] 2026-09-17T11:12:07Z [30,681ms] [Warning] [omni.usd] Coding Error: in SetEditTarget at line 3849 of /builds/omniverse/usd-ci/USD/pxr/usd/usd/stage.cpp -- Layer @metrics:UnitsAdjust-03fea6b0ea74a553d040b4c75e1f6627.metricsAssembler@ is not in the local LayerStack rooted at @anon:0x5be014839f50:World1.usd@
[python-1] 
[python-1] 2026-09-17T11:12:07Z [30,681ms] [Warning] [omni.usd] Coding Error: in SetEditTarget at line 3849 of /builds/omniverse/usd-ci/USD/pxr/usd/usd/stage.cpp -- Layer @metrics:UnitsAdjust-03fea6b0ea74a553d040b4c75e1f6627.metricsAssembler@ is not in the local LayerStack rooted at @anon:0x5be014839f50:World1.usd@
[python-1] 
[python-1] 2026-09-17T11:12:07Z [30,681ms] [Warning] [omni.usd] Coding Error: in SetEditTarget at line 3849 of /builds/omniverse/usd-ci/USD/pxr/usd/usd/stage.cpp -- Layer @metrics:UnitsAdjust-03fea6b0ea74a553d040b4c75e1f6627.metricsAssembler@ is not in the local LayerStack rooted at @anon:0x5be014839f50:World1.usd@
[python-1] 
[python-1] 2026-09-17T11:12:07Z [30,681ms] [Warning] [omni.usd] Coding Error: in SetEditTarget at line 3849 of /builds/omniverse/usd-ci/USD/pxr/usd/usd/stage.cpp -- Layer @metrics:UnitsAdjust-03fea6b0ea74a553d040b4c75e1f6627.metricsAssembler@ is not in the local LayerStack rooted at @anon:0x5be014839f50:World1.usd@
[python-1] 
[python-1] 2026-09-17T11:12:07Z [30,681ms] [Warning] [omni.usd] Coding Error: in SetEditTarget at line 3849 of /builds/omniverse/usd-ci/USD/pxr/usd/usd/stage.cpp -- Layer @metrics:UnitsAdjust-03fea6b0ea74a553d040b4c75e1f6627.metricsAssembler@ is not in the local LayerStack rooted at @anon:0x5be014839f50:World1.usd@
[python-1] 
[python-1] 2026-09-17T11:12:07Z [30,681ms] [Warning] [omni.usd] Coding Error: in SetEditTarget at line 3849 of /builds/omniverse/usd-ci/USD/pxr/usd/usd/stage.cpp -- Layer @metrics:UnitsAdjust-03fea6b0ea74a553d040b4c75e1f6627.metricsAssembler@ is not in the local LayerStack rooted at @anon:0x5be014839f50:World1.usd@
[python-1] 
[python-1] 2026-09-17T11:12:07Z [30,681ms] [Warning] [omni.usd] Coding Error: in SetEditTarget at line 3849 of /builds/omniverse/usd-ci/USD/pxr/usd/usd/stage.cpp -- Layer @metrics:UnitsAdjust-03fea6b0ea74a553d040b4c75e1f6627.metricsAssembler@ is not in the local LayerStack rooted at @anon:0x5be014839f50:World1.usd@
[python-1] 
[python-1] 2026-09-17T11:12:07Z [30,681ms] [Warning] [omni.usd] Coding Error: in SetEditTarget at line 3849 of /builds/omniverse/usd-ci/USD/pxr/usd/usd/stage.cpp -- Layer @metrics:UnitsAdjust-03fea6b0ea74a553d040b4c75e1f6627.metricsAssembler@ is not in the local LayerStack rooted at @anon:0x5be014839f50:World1.usd@
[python-1] 
[python-1] 2026-09-17T11:12:07Z [30,681ms] [Warning] [omni.usd] Coding Error: in SetEditTarget at line 3849 of /builds/omniverse/usd-ci/USD/pxr/usd/usd/stage.cpp -- Layer @metrics:UnitsAdjust-03fea6b0ea74a553d040b4c75e1f6627.metricsAssembler@ is not in the local LayerStack rooted at @anon:0x5be014839f50:World1.usd@
[python-1] 
[python-1] 2026-09-17T11:12:07Z [30,681ms] [Warning] [omni.usd] Coding Error: in SetEditTarget at line 3849 of /builds/omniverse/usd-ci/USD/pxr/usd/usd/stage.cpp -- Layer @metrics:UnitsAdjust-03fea6b0ea74a553d040b4c75e1f6627.metricsAssembler@ is not in the local LayerStack rooted at @anon:0x5be014839f50:World1.usd@
[python-1] 
[python-1] 2026-09-17T11:12:07Z [30,681ms] [Warning] [omni.usd] Coding Error: in SetEditTarget at line 3849 of /builds/omniverse/usd-ci/USD/pxr/usd/usd/stage.cpp -- Layer @metrics:UnitsAdjust-03fea6b0ea74a553d040b4c75e1f6627.metricsAssembler@ is not in the local LayerStack rooted at @anon:0x5be014839f50:World1.usd@
[python-1] 
[python-1] 2026-09-17T11:12:07Z [30,681ms] [Warning] [omni.usd] Coding Error: in SetEditTarget at line 3849 of /builds/omniverse/usd-ci/USD/pxr/usd/usd/stage.cpp -- Layer @metrics:UnitsAdjust-03fea6b0ea74a553d040b4c75e1f6627.metricsAssembler@ is not in the local LayerStack rooted at @anon:0x5be014839f50:World1.usd@
[python-1] 
[python-1] 2026-09-17T11:12:07Z [30,681ms] [Warning] [omni.usd] Coding Error: in SetEditTarget at line 3849 of /builds/omniverse/usd-ci/USD/pxr/usd/usd/stage.cpp -- Layer @metrics:UnitsAdjust-03fea6b0ea74a553d040b4c75e1f6627.metricsAssembler@ is not in the local LayerStack rooted at @anon:0x5be014839f50:World1.usd@
[python-1] 
[python-1] 2026-09-17T11:12:07Z [30,681ms] [Warning] [omni.usd] Coding Error: in SetEditTarget at line 3849 of /builds/omniverse/usd-ci/USD/pxr/usd/usd/stage.cpp -- Layer @metrics:UnitsAdjust-03fea6b0ea74a553d040b4c75e1f6627.metricsAssembler@ is not in the local LayerStack rooted at @anon:0x5be014839f50:World1.usd@
[python-1] 
[python-1] 2026-09-17T11:12:07Z [30,681ms] [Warning] [omni.usd] Coding Error: in SetEditTarget at line 3849 of /builds/omniverse/usd-ci/USD/pxr/usd/usd/stage.cpp -- Layer @metrics:UnitsAdjust-03fea6b0ea74a553d040b4c75e1f6627.metricsAssembler@ is not in the local LayerStack rooted at @anon:0x5be014839f50:World1.usd@
[python-1] 
[python-1] 2026-09-17T11:12:07Z [30,681ms] [Warning] [omni.usd] Coding Error: in SetEditTarget at line 3849 of /builds/omniverse/usd-ci/USD/pxr/usd/usd/stage.cpp -- Layer @metrics:UnitsAdjust-03fea6b0ea74a553d040b4c75e1f6627.metricsAssembler@ is not in the local LayerStack rooted at @anon:0x5be014839f50:World1.usd@
[python-1] 
[python-1] 2026-09-17T11:12:07Z [30,681ms] [Warning] [omni.usd] Coding Error: in SetEditTarget at line 3849 of /builds/omniverse/usd-ci/USD/pxr/usd/usd/stage.cpp -- Layer @metrics:UnitsAdjust-03fea6b0ea74a553d040b4c75e1f6627.metricsAssembler@ is not in the local LayerStack rooted at @anon:0x5be014839f50:World1.usd@
[python-1] 
[python-1] 2026-09-17T11:12:07Z [30,681ms] [Warning] [omni.usd] Coding Error: in SetEditTarget at line 3849 of /builds/omniverse/usd-ci/USD/pxr/usd/usd/stage.cpp -- Layer @metrics:UnitsAdjust-03fea6b0ea74a553d040b4c75e1f6627.metricsAssembler@ is not in the local LayerStack rooted at @anon:0x5be014839f50:World1.usd@
[python-1] 
[python-1] 2026-09-17T11:12:07Z [30,681ms] [Warning] [omni.usd] Coding Error: in SetEditTarget at line 3849 of /builds/omniverse/usd-ci/USD/pxr/usd/usd/stage.cpp -- Layer @metrics:UnitsAdjust-03fea6b0ea74a553d040b4c75e1f6627.metricsAssembler@ is not in the local LayerStack rooted at @anon:0x5be014839f50:World1.usd@
[python-1] 
[python-1] 2026-09-17T11:12:07Z [30,681ms] [Warning] [omni.usd] Coding Error: in SetEditTarget at line 3849 of /builds/omniverse/usd-ci/USD/pxr/usd/usd/stage.cpp -- Layer @metrics:UnitsAdjust-03fea6b0ea74a553d040b4c75e1f6627.metricsAssembler@ is not in the local LayerStack rooted at @anon:0x5be014839f50:World1.usd@
[python-1] 
[python-1] 2026-09-17T11:12:07Z [30,681ms] [Warning] [omni.usd] Coding Error: in SetEditTarget at line 3849 of /builds/omniverse/usd-ci/USD/pxr/usd/usd/stage.cpp -- Layer @metrics:UnitsAdjust-03fea6b0ea74a553d040b4c75e1f6627.metricsAssembler@ is not in the local LayerStack rooted at @anon:0x5be014839f50:World1.usd@
[python-1] 
[python-1] 2026-09-17T11:12:07Z [30,681ms] [Warning] [omni.usd] Coding Error: in SetEditTarget at line 3849 of /builds/omniverse/usd-ci/USD/pxr/usd/usd/stage.cpp -- Layer @metrics:UnitsAdjust-03fea6b0ea74a553d040b4c75e1f6627.metricsAssembler@ is not in the local LayerStack rooted at @anon:0x5be014839f50:World1.usd@
[python-1] 
[python-1] 2026-09-17T11:12:07Z [30,681ms] [Warning] [omni.usd] Coding Error: in SetEditTarget at line 3849 of /builds/omniverse/usd-ci/USD/pxr/usd/usd/stage.cpp -- Layer @metrics:UnitsAdjust-03fea6b0ea74a553d040b4c75e1f6627.metricsAssembler@ is not in the local LayerStack rooted at @anon:0x5be014839f50:World1.usd@
[python-1] 
[python-1] 2026-09-17T11:12:07Z [30,681ms] [Warning] [omni.usd] Coding Error: in SetEditTarget at line 3849 of /builds/omniverse/usd-ci/USD/pxr/usd/usd/stage.cpp -- Layer @metrics:UnitsAdjust-03fea6b0ea74a553d040b4c75e1f6627.metricsAssembler@ is not in the local LayerStack rooted at @anon:0x5be014839f50:World1.usd@
[python-1] 
[python-1] 2026-09-17T11:12:07Z [30,681ms] [Warning] [omni.usd] Coding Error: in SetEditTarget at line 3849 of /builds/omniverse/usd-ci/USD/pxr/usd/usd/stage.cpp -- Layer @metrics:UnitsAdjust-03fea6b0ea74a553d040b4c75e1f6627.metricsAssembler@ is not in the local LayerStack rooted at @anon:0x5be014839f50:World1.usd@
[python-1] 
[python-1] 2026-09-17T11:12:07Z [30,681ms] [Warning] [omni.usd] Coding Error: in SetEditTarget at line 3849 of /builds/omniverse/usd-ci/USD/pxr/usd/usd/stage.cpp -- Layer @metrics:UnitsAdjust-03fea6b0ea74a553d040b4c75e1f6627.metricsAssembler@ is not in the local LayerStack rooted at @anon:0x5be014839f50:World1.usd@
[python-1] 
[python-1] 2026-09-17T11:12:07Z [30,681ms] [Warning] [omni.usd] Coding Error: in SetEditTarget at line 3849 of /builds/omniverse/usd-ci/USD/pxr/usd/usd/stage.cpp -- Layer @metrics:UnitsAdjust-03fea6b0ea74a553d040b4c75e1f6627.metricsAssembler@ is not in the local LayerStack rooted at @anon:0x5be014839f50:World1.usd@
[python-1] 
[python-1] 2026-09-17T11:12:07Z [30,681ms] [Warning] [omni.usd] Coding Error: in SetEditTarget at line 3849 of /builds/omniverse/usd-ci/USD/pxr/usd/usd/stage.cpp -- Layer @metrics:UnitsAdjust-03fea6b0ea74a553d040b4c75e1f6627.metricsAssembler@ is not in the local LayerStack rooted at @anon:0x5be014839f50:World1.usd@
[python-1] 
[python-1] 2026-09-17T11:12:07Z [30,681ms] [Warning] [omni.usd] Coding Error: in SetEditTarget at line 3849 of /builds/omniverse/usd-ci/USD/pxr/usd/usd/stage.cpp -- Layer @metrics:UnitsAdjust-03fea6b0ea74a553d040b4c75e1f6627.metricsAssembler@ is not in the local LayerStack rooted at @anon:0x5be014839f50:World1.usd@
[python-1] 
[python-1] 2026-09-17T11:12:07Z [30,681ms] [Warning] [omni.usd] Coding Error: in SetEditTarget at line 3849 of /builds/omniverse/usd-ci/USD/pxr/usd/usd/stage.cpp -- Layer @metrics:UnitsAdjust-03fea6b0ea74a553d040b4c75e1f6627.metricsAssembler@ is not in the local LayerStack rooted at @anon:0x5be014839f50:World1.usd@
[python-1] 
[python-1] 2026-09-17T11:12:07Z [30,681ms] [Warning] [omni.usd] Coding Error: in SetEditTarget at line 3849 of /builds/omniverse/usd-ci/USD/pxr/usd/usd/stage.cpp -- Layer @metrics:UnitsAdjust-03fea6b0ea74a553d040b4c75e1f6627.metricsAssembler@ is not in the local LayerStack rooted at @anon:0x5be014839f50:World1.usd@
[python-1] 
[python-1] 2026-09-17T11:12:07Z [30,681ms] [Warning] [omni.usd] Coding Error: in SetEditTarget at line 3849 of /builds/omniverse/usd-ci/USD/pxr/usd/usd/stage.cpp -- Layer @metrics:UnitsAdjust-03fea6b0ea74a553d040b4c75e1f6627.metricsAssembler@ is not in the local LayerStack rooted at @anon:0x5be014839f50:World1.usd@
[python-1] 
[python-1] 2026-09-17T11:12:07Z [30,681ms] [Warning] [omni.usd] Coding Error: in SetEditTarget at line 3849 of /builds/omniverse/usd-ci/USD/pxr/usd/usd/stage.cpp -- Layer @metrics:UnitsAdjust-03fea6b0ea74a553d040b4c75e1f6627.metricsAssembler@ is not in the local LayerStack rooted at @anon:0x5be014839f50:World1.usd@
[python-1] 
[python-1] 2026-09-17T11:12:07Z [30,681ms] [Warning] [omni.usd] Coding Error: in SetEditTarget at line 3849 of /builds/omniverse/usd-ci/USD/pxr/usd/usd/stage.cpp -- Layer @metrics:UnitsAdjust-03fea6b0ea74a553d040b4c75e1f6627.metricsAssembler@ is not in the local LayerStack rooted at @anon:0x5be014839f50:World1.usd@
[python-1] 
[python-1] 2026-09-17T11:12:07Z [30,681ms] [Warning] [omni.usd] Coding Error: in SetEditTarget at line 3849 of /builds/omniverse/usd-ci/USD/pxr/usd/usd/stage.cpp -- Layer @metrics:UnitsAdjust-03fea6b0ea74a553d040b4c75e1f6627.metricsAssembler@ is not in the local LayerStack rooted at @anon:0x5be014839f50:World1.usd@
[python-1] 
[python-1] 2026-09-17T11:12:07Z [30,681ms] [Warning] [omni.usd] Coding Error: in SetEditTarget at line 3849 of /builds/omniverse/usd-ci/USD/pxr/usd/usd/stage.cpp -- Layer @metrics:UnitsAdjust-03fea6b0ea74a553d040b4c75e1f6627.metricsAssembler@ is not in the local LayerStack rooted at @anon:0x5be014839f50:World1.usd@
[python-1] 
[python-1] 2026-09-17T11:12:07Z [30,681ms] [Warning] [omni.usd] Coding Error: in SetEditTarget at line 3849 of /builds/omniverse/usd-ci/USD/pxr/usd/usd/stage.cpp -- Layer @metrics:UnitsAdjust-03fea6b0ea74a553d040b4c75e1f6627.metricsAssembler@ is not in the local LayerStack rooted at @anon:0x5be014839f50:World1.usd@
[python-1] 
[python-1] 2026-09-17T11:12:07Z [30,681ms] [Warning] [omni.usd] Coding Error: in SetEditTarget at line 3849 of /builds/omniverse/usd-ci/USD/pxr/usd/usd/stage.cpp -- Layer @metrics:UnitsAdjust-03fea6b0ea74a553d040b4c75e1f6627.metricsAssembler@ is not in the local LayerStack rooted at @anon:0x5be014839f50:World1.usd@
[python-1] 
[python-1] 2026-09-17T11:12:07Z [30,681ms] [Warning] [omni.usd] Coding Error: in SetEditTarget at line 3849 of /builds/omniverse/usd-ci/USD/pxr/usd/usd/stage.cpp -- Layer @metrics:UnitsAdjust-03fea6b0ea74a553d040b4c75e1f6627.metricsAssembler@ is not in the local LayerStack rooted at @anon:0x5be014839f50:World1.usd@
[python-1] 
[python-1] 2026-09-17T11:12:07Z [30,681ms] [Warning] [omni.usd] Coding Error: in SetEditTarget at line 3849 of /builds/omniverse/usd-ci/USD/pxr/usd/usd/stage.cpp -- Layer @metrics:UnitsAdjust-03fea6b0ea74a553d040b4c75e1f6627.metricsAssembler@ is not in the local LayerStack rooted at @anon:0x5be014839f50:World1.usd@
[python-1] 
[python-1] 2026-09-17T11:12:07Z [30,681ms] [Warning] [omni.usd] Coding Error: in SetEditTarget at line 3849 of /builds/omniverse/usd-ci/USD/pxr/usd/usd/stage.cpp -- Layer @metrics:UnitsAdjust-03fea6b0ea74a553d040b4c75e1f6627.metricsAssembler@ is not in the local LayerStack rooted at @anon:0x5be014839f50:World1.usd@
[python-1] 
[python-1] 2026-09-17T11:12:07Z [30,681ms] [Warning] [omni.usd] Coding Error: in SetEditTarget at line 3849 of /builds/omniverse/usd-ci/USD/pxr/usd/usd/stage.cpp -- Layer @metrics:UnitsAdjust-03fea6b0ea74a553d040b4c75e1f6627.metricsAssembler@ is not in the local LayerStack rooted at @anon:0x5be014839f50:World1.usd@
[python-1] 
[python-1] 2026-09-17T11:12:07Z [30,681ms] [Warning] [omni.usd] Coding Error: in SetEditTarget at line 3849 of /builds/omniverse/usd-ci/USD/pxr/usd/usd/stage.cpp -- Layer @metrics:UnitsAdjust-03fea6b0ea74a553d040b4c75e1f6627.metricsAssembler@ is not in the local LayerStack rooted at @anon:0x5be014839f50:World1.usd@
[python-1] 
[python-1] 2026-09-17T11:12:07Z [30,681ms] [Warning] [omni.usd] Coding Error: in SetEditTarget at line 3849 of /builds/omniverse/usd-ci/USD/pxr/usd/usd/stage.cpp -- Layer @metrics:UnitsAdjust-03fea6b0ea74a553d040b4c75e1f6627.metricsAssembler@ is not in the local LayerStack rooted at @anon:0x5be014839f50:World1.usd@
[python-1] 
[python-1] 2026-09-17T11:12:07Z [30,681ms] [Warning] [omni.usd] Coding Error: in SetEditTarget at line 3849 of /builds/omniverse/usd-ci/USD/pxr/usd/usd/stage.cpp -- Layer @metrics:UnitsAdjust-03fea6b0ea74a553d040b4c75e1f6627.metricsAssembler@ is not in the local LayerStack rooted at @anon:0x5be014839f50:World1.usd@
[python-1] 
[python-1] 2026-09-17T11:12:07Z [30,681ms] [Warning] [omni.usd] Coding Error: in SetEditTarget at line 3849 of /builds/omniverse/usd-ci/USD/pxr/usd/usd/stage.cpp -- Layer @metrics:UnitsAdjust-03fea6b0ea74a553d040b4c75e1f6627.metricsAssembler@ is not in the local LayerStack rooted at @anon:0x5be014839f50:World1.usd@
[python-1] 
[python-1] 2026-09-17T11:12:07Z [30,681ms] [Warning] [omni.usd] Coding Error: in SetEditTarget at line 3849 of /builds/omniverse/usd-ci/USD/pxr/usd/usd/stage.cpp -- Layer @metrics:UnitsAdjust-03fea6b0ea74a553d040b4c75e1f6627.metricsAssembler@ is not in the local LayerStack rooted at @anon:0x5be014839f50:World1.usd@
[python-1] 
[python-1] 2026-09-17T11:12:07Z [30,681ms] [Warning] [omni.usd] Coding Error: in SetEditTarget at line 3849 of /builds/omniverse/usd-ci/USD/pxr/usd/usd/stage.cpp -- Layer @metrics:UnitsAdjust-03fea6b0ea74a553d040b4c75e1f6627.metricsAssembler@ is not in the local LayerStack rooted at @anon:0x5be014839f50:World1.usd@
[python-1] 
[python-1] 2026-09-17T11:12:07Z [30,681ms] [Warning] [omni.usd] Coding Error: in SetEditTarget at line 3849 of /builds/omniverse/usd-ci/USD/pxr/usd/usd/stage.cpp -- Layer @metrics:UnitsAdjust-03fea6b0ea74a553d040b4c75e1f6627.metricsAssembler@ is not in the local LayerStack rooted at @anon:0x5be014839f50:World1.usd@
[python-1] 
[python-1] 2026-09-17T11:12:07Z [30,681ms] [Warning] [omni.usd] Coding Error: in SetEditTarget at line 3849 of /builds/omniverse/usd-ci/USD/pxr/usd/usd/stage.cpp -- Layer @metrics:UnitsAdjust-03fea6b0ea74a553d040b4c75e1f6627.metricsAssembler@ is not in the local LayerStack rooted at @anon:0x5be014839f50:World1.usd@
[python-1] 
[python-1] 2026-09-17T11:12:07Z [30,681ms] [Warning] [omni.usd] Coding Error: in SetEditTarget at line 3849 of /builds/omniverse/usd-ci/USD/pxr/usd/usd/stage.cpp -- Layer @metrics:UnitsAdjust-03fea6b0ea74a553d040b4c75e1f6627.metricsAssembler@ is not in the local LayerStack rooted at @anon:0x5be014839f50:World1.usd@
[python-1] 
[python-1] 2026-09-17T11:12:07Z [30,681ms] [Warning] [omni.usd] Coding Error: in SetEditTarget at line 3849 of /builds/omniverse/usd-ci/USD/pxr/usd/usd/stage.cpp -- Layer @metrics:UnitsAdjust-03fea6b0ea74a553d040b4c75e1f6627.metricsAssembler@ is not in the local LayerStack rooted at @anon:0x5be014839f50:World1.usd@
[python-1] 
[python-1] 2026-09-17T11:12:07Z [30,681ms] [Warning] [omni.usd] Coding Error: in SetEditTarget at line 3849 of /builds/omniverse/usd-ci/USD/pxr/usd/usd/stage.cpp -- Layer @metrics:UnitsAdjust-03fea6b0ea74a553d040b4c75e1f6627.metricsAssembler@ is not in the local LayerStack rooted at @anon:0x5be014839f50:World1.usd@
[python-1] 
[python-1] 2026-09-17T11:12:07Z [30,681ms] [Warning] [omni.usd] Coding Error: in SetEditTarget at line 3849 of /builds/omniverse/usd-ci/USD/pxr/usd/usd/stage.cpp -- Layer @metrics:UnitsAdjust-03fea6b0ea74a553d040b4c75e1f6627.metricsAssembler@ is not in the local LayerStack rooted at @anon:0x5be014839f50:World1.usd@
[python-1] 
[python-1] 2026-09-17T11:12:07Z [30,682ms] [Warning] [omni.usd] Coding Error: in SetEditTarget at line 3849 of /builds/omniverse/usd-ci/USD/pxr/usd/usd/stage.cpp -- Layer @metrics:UnitsAdjust-03fea6b0ea74a553d040b4c75e1f6627.metricsAssembler@ is not in the local LayerStack rooted at @anon:0x5be014839f50:World1.usd@
[python-1] 
[python-1] 2026-09-17T11:12:07Z [30,682ms] [Warning] [omni.usd] Coding Error: in SetEditTarget at line 3849 of /builds/omniverse/usd-ci/USD/pxr/usd/usd/stage.cpp -- Layer @metrics:UnitsAdjust-03fea6b0ea74a553d040b4c75e1f6627.metricsAssembler@ is not in the local LayerStack rooted at @anon:0x5be014839f50:World1.usd@
[python-1] 
[python-1] 2026-09-17T11:12:07Z [30,682ms] [Warning] [omni.usd] Coding Error: in SetEditTarget at line 3849 of /builds/omniverse/usd-ci/USD/pxr/usd/usd/stage.cpp -- Layer @metrics:UnitsAdjust-03fea6b0ea74a553d040b4c75e1f6627.metricsAssembler@ is not in the local LayerStack rooted at @anon:0x5be014839f50:World1.usd@
[python-1] 
[python-1] 2026-09-17T11:12:07Z [30,682ms] [Warning] [omni.usd] Coding Error: in SetEditTarget at line 3849 of /builds/omniverse/usd-ci/USD/pxr/usd/usd/stage.cpp -- Layer @metrics:UnitsAdjust-03fea6b0ea74a553d040b4c75e1f6627.metricsAssembler@ is not in the local LayerStack rooted at @anon:0x5be014839f50:World1.usd@
[python-1] 
[python-1] 2026-09-17T11:12:07Z [30,682ms] [Warning] [omni.usd] Coding Error: in SetEditTarget at line 3849 of /builds/omniverse/usd-ci/USD/pxr/usd/usd/stage.cpp -- Layer @metrics:UnitsAdjust-03fea6b0ea74a553d040b4c75e1f6627.metricsAssembler@ is not in the local LayerStack rooted at @anon:0x5be014839f50:World1.usd@
[python-1] 
[python-1] 2026-09-17T11:12:07Z [30,682ms] [Warning] [omni.usd] Coding Error: in SetEditTarget at line 3849 of /builds/omniverse/usd-ci/USD/pxr/usd/usd/stage.cpp -- Layer @metrics:UnitsAdjust-03fea6b0ea74a553d040b4c75e1f6627.metricsAssembler@ is not in the local LayerStack rooted at @anon:0x5be014839f50:World1.usd@
[python-1] 
[python-1] 2026-09-17T11:12:07Z [30,682ms] [Warning] [omni.usd] Coding Error: in SetEditTarget at line 3849 of /builds/omniverse/usd-ci/USD/pxr/usd/usd/stage.cpp -- Layer @metrics:UnitsAdjust-03fea6b0ea74a553d040b4c75e1f6627.metricsAssembler@ is not in the local LayerStack rooted at @anon:0x5be014839f50:World1.usd@
[python-1] 
[python-1] 2026-09-17T11:12:07Z [30,682ms] [Warning] [omni.usd] Coding Error: in SetEditTarget at line 3849 of /builds/omniverse/usd-ci/USD/pxr/usd/usd/stage.cpp -- Layer @metrics:UnitsAdjust-03fea6b0ea74a553d040b4c75e1f6627.metricsAssembler@ is not in the local LayerStack rooted at @anon:0x5be014839f50:World1.usd@
[python-1] 
[python-1] 2026-09-17T11:12:07Z [30,682ms] [Warning] [omni.usd] Coding Error: in SetEditTarget at line 3849 of /builds/omniverse/usd-ci/USD/pxr/usd/usd/stage.cpp -- Layer @metrics:UnitsAdjust-03fea6b0ea74a553d040b4c75e1f6627.metricsAssembler@ is not in the local LayerStack rooted at @anon:0x5be014839f50:World1.usd@
[python-1] 
[python-1] 2026-09-17T11:12:07Z [30,682ms] [Warning] [omni.usd] Coding Error: in SetEditTarget at line 3849 of /builds/omniverse/usd-ci/USD/pxr/usd/usd/stage.cpp -- Layer @metrics:UnitsAdjust-03fea6b0ea74a553d040b4c75e1f6627.metricsAssembler@ is not in the local LayerStack rooted at @anon:0x5be014839f50:World1.usd@
[python-1] 
[python-1] 2026-09-17T11:12:07Z [30,682ms] [Warning] [omni.usd] Coding Error: in SetEditTarget at line 3849 of /builds/omniverse/usd-ci/USD/pxr/usd/usd/stage.cpp -- Layer @metrics:UnitsAdjust-03fea6b0ea74a553d040b4c75e1f6627.metricsAssembler@ is not in the local LayerStack rooted at @anon:0x5be014839f50:World1.usd@
[python-1] 
[python-1] 2026-09-17T11:12:07Z [30,682ms] [Warning] [omni.usd] Coding Error: in SetEditTarget at line 3849 of /builds/omniverse/usd-ci/USD/pxr/usd/usd/stage.cpp -- Layer @metrics:UnitsAdjust-03fea6b0ea74a553d040b4c75e1f6627.metricsAssembler@ is not in the local LayerStack rooted at @anon:0x5be014839f50:World1.usd@
[python-1] 
[python-1] 2026-09-17T11:12:07Z [30,682ms] [Warning] [omni.usd] Coding Error: in SetEditTarget at line 3849 of /builds/omniverse/usd-ci/USD/pxr/usd/usd/stage.cpp -- Layer @metrics:UnitsAdjust-03fea6b0ea74a553d040b4c75e1f6627.metricsAssembler@ is not in the local LayerStack rooted at @anon:0x5be014839f50:World1.usd@
[python-1] 
[python-1] 2026-09-17T11:12:07Z [30,682ms] [Warning] [omni.usd] Coding Error: in SetEditTarget at line 3849 of /builds/omniverse/usd-ci/USD/pxr/usd/usd/stage.cpp -- Layer @metrics:UnitsAdjust-03fea6b0ea74a553d040b4c75e1f6627.metricsAssembler@ is not in the local LayerStack rooted at @anon:0x5be014839f50:World1.usd@
[python-1] 
[python-1] 2026-09-17T11:12:07Z [30,682ms] [Warning] [omni.usd] Coding Error: in SetEditTarget at line 3849 of /builds/omniverse/usd-ci/USD/pxr/usd/usd/stage.cpp -- Layer @metrics:UnitsAdjust-03fea6b0ea74a553d040b4c75e1f6627.metricsAssembler@ is not in the local LayerStack rooted at @anon:0x5be014839f50:World1.usd@
[python-1] 
[python-1] 2026-09-17T11:12:07Z [30,682ms] [Warning] [omni.usd] Coding Error: in SetEditTarget at line 3849 of /builds/omniverse/usd-ci/USD/pxr/usd/usd/stage.cpp -- Layer @metrics:UnitsAdjust-03fea6b0ea74a553d040b4c75e1f6627.metricsAssembler@ is not in the local LayerStack rooted at @anon:0x5be014839f50:World1.usd@
[python-1] 
[python-1] 2026-09-17T11:12:07Z [30,682ms] [Warning] [omni.usd] Coding Error: in SetEditTarget at line 3849 of /builds/omniverse/usd-ci/USD/pxr/usd/usd/stage.cpp -- Layer @metrics:UnitsAdjust-03fea6b0ea74a553d040b4c75e1f6627.metricsAssembler@ is not in the local LayerStack rooted at @anon:0x5be014839f50:World1.usd@
[python-1] 
[python-1] 2026-09-17T11:12:07Z [30,682ms] [Warning] [omni.usd] Coding Error: in SetEditTarget at line 3849 of /builds/omniverse/usd-ci/USD/pxr/usd/usd/stage.cpp -- Layer @metrics:UnitsAdjust-03fea6b0ea74a553d040b4c75e1f6627.metricsAssembler@ is not in the local LayerStack rooted at @anon:0x5be014839f50:World1.usd@
[python-1] 
[python-1] 2026-09-17T11:12:07Z [30,682ms] [Warning] [omni.usd] Coding Error: in SetEditTarget at line 3849 of /builds/omniverse/usd-ci/USD/pxr/usd/usd/stage.cpp -- Layer @metrics:UnitsAdjust-03fea6b0ea74a553d040b4c75e1f6627.metricsAssembler@ is not in the local LayerStack rooted at @anon:0x5be014839f50:World1.usd@
[python-1] 
[python-1] 2026-09-17T11:12:07Z [30,682ms] [Warning] [omni.usd] Coding Error: in SetEditTarget at line 3849 of /builds/omniverse/usd-ci/USD/pxr/usd/usd/stage.cpp -- Layer @metrics:UnitsAdjust-03fea6b0ea74a553d040b4c75e1f6627.metricsAssembler@ is not in the local LayerStack rooted at @anon:0x5be014839f50:World1.usd@
[python-1] 
[python-1] 2026-09-17T11:12:07Z [30,682ms] [Warning] [omni.usd] Coding Error: in SetEditTarget at line 3849 of /builds/omniverse/usd-ci/USD/pxr/usd/usd/stage.cpp -- Layer @metrics:UnitsAdjust-03fea6b0ea74a553d040b4c75e1f6627.metricsAssembler@ is not in the local LayerStack rooted at @anon:0x5be014839f50:World1.usd@
[python-1] 
[python-1] 2026-09-17T11:12:07Z [30,682ms] [Warning] [omni.usd] Coding Error: in SetEditTarget at line 3849 of /builds/omniverse/usd-ci/USD/pxr/usd/usd/stage.cpp -- Layer @metrics:UnitsAdjust-03fea6b0ea74a553d040b4c75e1f6627.metricsAssembler@ is not in the local LayerStack rooted at @anon:0x5be014839f50:World1.usd@
[python-1] 
[python-1] 2026-09-17T11:12:07Z [30,682ms] [Warning] [omni.usd] Coding Error: in SetEditTarget at line 3849 of /builds/omniverse/usd-ci/USD/pxr/usd/usd/stage.cpp -- Layer @metrics:UnitsAdjust-03fea6b0ea74a553d040b4c75e1f6627.metricsAssembler@ is not in the local LayerStack rooted at @anon:0x5be014839f50:World1.usd@
[python-1] 
[python-1] 2026-09-17T11:12:07Z [30,682ms] [Warning] [omni.usd] Coding Error: in SetEditTarget at line 3849 of /builds/omniverse/usd-ci/USD/pxr/usd/usd/stage.cpp -- Layer @metrics:UnitsAdjust-03fea6b0ea74a553d040b4c75e1f6627.metricsAssembler@ is not in the local LayerStack rooted at @anon:0x5be014839f50:World1.usd@
[python-1] 
[python-1] 2026-09-17T11:12:07Z [30,682ms] [Warning] [omni.usd] Coding Error: in SetEditTarget at line 3849 of /builds/omniverse/usd-ci/USD/pxr/usd/usd/stage.cpp -- Layer @metrics:UnitsAdjust-03fea6b0ea74a553d040b4c75e1f6627.metricsAssembler@ is not in the local LayerStack rooted at @anon:0x5be014839f50:World1.usd@
[python-1] 
[python-1] 2026-09-17T11:12:07Z [30,682ms] [Warning] [omni.usd] Coding Error: in SetEditTarget at line 3849 of /builds/omniverse/usd-ci/USD/pxr/usd/usd/stage.cpp -- Layer @metrics:UnitsAdjust-03fea6b0ea74a553d040b4c75e1f6627.metricsAssembler@ is not in the local LayerStack rooted at @anon:0x5be014839f50:World1.usd@
[python-1] 
[python-1] 2026-09-17T11:12:07Z [30,682ms] [Warning] [omni.usd] Coding Error: in SetEditTarget at line 3849 of /builds/omniverse/usd-ci/USD/pxr/usd/usd/stage.cpp -- Layer @metrics:UnitsAdjust-03fea6b0ea74a553d040b4c75e1f6627.metricsAssembler@ is not in the local LayerStack rooted at @anon:0x5be014839f50:World1.usd@
[python-1] 
[python-1] 2026-09-17T11:12:07Z [30,682ms] [Warning] [omni.usd] Coding Error: in SetEditTarget at line 3849 of /builds/omniverse/usd-ci/USD/pxr/usd/usd/stage.cpp -- Layer @metrics:UnitsAdjust-03fea6b0ea74a553d040b4c75e1f6627.metricsAssembler@ is not in the local LayerStack rooted at @anon:0x5be014839f50:World1.usd@
[python-1] 
[python-1] 2026-09-17T11:12:07Z [30,682ms] [Warning] [omni.usd] Coding Error: in SetEditTarget at line 3849 of /builds/omniverse/usd-ci/USD/pxr/usd/usd/stage.cpp -- Layer @metrics:UnitsAdjust-03fea6b0ea74a553d040b4c75e1f6627.metricsAssembler@ is not in the local LayerStack rooted at @anon:0x5be014839f50:World1.usd@
[python-1] 
[python-1] 2026-09-17T11:12:07Z [30,682ms] [Warning] [omni.usd] Coding Error: in SetEditTarget at line 3849 of /builds/omniverse/usd-ci/USD/pxr/usd/usd/stage.cpp -- Layer @metrics:UnitsAdjust-03fea6b0ea74a553d040b4c75e1f6627.metricsAssembler@ is not in the local LayerStack rooted at @anon:0x5be014839f50:World1.usd@
[python-1] 
[python-1] 2026-09-17T11:12:07Z [30,682ms] [Warning] [omni.usd] Coding Error: in SetEditTarget at line 3849 of /builds/omniverse/usd-ci/USD/pxr/usd/usd/stage.cpp -- Layer @metrics:UnitsAdjust-03fea6b0ea74a553d040b4c75e1f6627.metricsAssembler@ is not in the local LayerStack rooted at @anon:0x5be014839f50:World1.usd@
[python-1] 
[python-1] 2026-09-17T11:12:07Z [30,682ms] [Warning] [omni.usd] Coding Error: in SetEditTarget at line 3849 of /builds/omniverse/usd-ci/USD/pxr/usd/usd/stage.cpp -- Layer @metrics:UnitsAdjust-03fea6b0ea74a553d040b4c75e1f6627.metricsAssembler@ is not in the local LayerStack rooted at @anon:0x5be014839f50:World1.usd@
[python-1] 
[python-1] 2026-09-17T11:12:07Z [30,682ms] [Warning] [omni.usd] Coding Error: in SetEditTarget at line 3849 of /builds/omniverse/usd-ci/USD/pxr/usd/usd/stage.cpp -- Layer @metrics:UnitsAdjust-03fea6b0ea74a553d040b4c75e1f6627.metricsAssembler@ is not in the local LayerStack rooted at @anon:0x5be014839f50:World1.usd@
[python-1] 
[python-1] 2026-09-17T11:12:07Z [30,682ms] [Warning] [omni.usd] Coding Error: in SetEditTarget at line 3849 of /builds/omniverse/usd-ci/USD/pxr/usd/usd/stage.cpp -- Layer @metrics:UnitsAdjust-03fea6b0ea74a553d040b4c75e1f6627.metricsAssembler@ is not in the local LayerStack rooted at @anon:0x5be014839f50:World1.usd@
[python-1] 
[python-1] 2026-09-17T11:12:07Z [30,682ms] [Warning] [omni.usd] Coding Error: in SetEditTarget at line 3849 of /builds/omniverse/usd-ci/USD/pxr/usd/usd/stage.cpp -- Layer @metrics:UnitsAdjust-03fea6b0ea74a553d040b4c75e1f6627.metricsAssembler@ is not in the local LayerStack rooted at @anon:0x5be014839f50:World1.usd@
[python-1] 
[python-1] 2026-09-17T11:12:07Z [30,682ms] [Warning] [omni.usd] Coding Error: in SetEditTarget at line 3849 of /builds/omniverse/usd-ci/USD/pxr/usd/usd/stage.cpp -- Layer @metrics:UnitsAdjust-03fea6b0ea74a553d040b4c75e1f6627.metricsAssembler@ is not in the local LayerStack rooted at @anon:0x5be014839f50:World1.usd@
[python-1] 
[python-1] 2026-09-17T11:12:07Z [30,682ms] [Warning] [omni.usd] Coding Error: in SetEditTarget at line 3849 of /builds/omniverse/usd-ci/USD/pxr/usd/usd/stage.cpp -- Layer @metrics:UnitsAdjust-03fea6b0ea74a553d040b4c75e1f6627.metricsAssembler@ is not in the local LayerStack rooted at @anon:0x5be014839f50:World1.usd@
[python-1] 
[python-1] 2026-09-17T11:12:07Z [30,682ms] [Warning] [omni.usd] Coding Error: in SetEditTarget at line 3849 of /builds/omniverse/usd-ci/USD/pxr/usd/usd/stage.cpp -- Layer @metrics:UnitsAdjust-03fea6b0ea74a553d040b4c75e1f6627.metricsAssembler@ is not in the local LayerStack rooted at @anon:0x5be014839f50:World1.usd@
[python-1] 
[python-1] 2026-09-17T11:12:07Z [30,682ms] [Warning] [omni.usd] Coding Error: in SetEditTarget at line 3849 of /builds/omniverse/usd-ci/USD/pxr/usd/usd/stage.cpp -- Layer @metrics:UnitsAdjust-03fea6b0ea74a553d040b4c75e1f6627.metricsAssembler@ is not in the local LayerStack rooted at @anon:0x5be014839f50:World1.usd@
[python-1] 
[python-1] 2026-09-17T11:12:07Z [30,682ms] [Warning] [omni.usd] Coding Error: in SetEditTarget at line 3849 of /builds/omniverse/usd-ci/USD/pxr/usd/usd/stage.cpp -- Layer @metrics:UnitsAdjust-03fea6b0ea74a553d040b4c75e1f6627.metricsAssembler@ is not in the local LayerStack rooted at @anon:0x5be014839f50:World1.usd@
[python-1] 
[python-1] 2026-09-17T11:12:07Z [30,682ms] [Warning] [omni.usd] Coding Error: in SetEditTarget at line 3849 of /builds/omniverse/usd-ci/USD/pxr/usd/usd/stage.cpp -- Layer @metrics:UnitsAdjust-03fea6b0ea74a553d040b4c75e1f6627.metricsAssembler@ is not in the local LayerStack rooted at @anon:0x5be014839f50:World1.usd@
[python-1] 
[python-1] 2026-09-17T11:12:07Z [30,682ms] [Warning] [omni.usd] Coding Error: in SetEditTarget at line 3849 of /builds/omniverse/usd-ci/USD/pxr/usd/usd/stage.cpp -- Layer @metrics:UnitsAdjust-03fea6b0ea74a553d040b4c75e1f6627.metricsAssembler@ is not in the local LayerStack rooted at @anon:0x5be014839f50:World1.usd@
[python-1] 
[python-1] 2026-09-17T11:12:07Z [30,682ms] [Warning] [omni.usd] Coding Error: in SetEditTarget at line 3849 of /builds/omniverse/usd-ci/USD/pxr/usd/usd/stage.cpp -- Layer @metrics:UnitsAdjust-03fea6b0ea74a553d040b4c75e1f6627.metricsAssembler@ is not in the local LayerStack rooted at @anon:0x5be014839f50:World1.usd@
[python-1] 
[python-1] 2026-09-17T11:12:07Z [30,682ms] [Warning] [omni.usd] Coding Error: in SetEditTarget at line 3849 of /builds/omniverse/usd-ci/USD/pxr/usd/usd/stage.cpp -- Layer @metrics:UnitsAdjust-03fea6b0ea74a553d040b4c75e1f6627.metricsAssembler@ is not in the local LayerStack rooted at @anon:0x5be014839f50:World1.usd@
[python-1] 
[python-1] 2026-09-17T11:12:07Z [30,682ms] [Warning] [omni.usd] Coding Error: in SetEditTarget at line 3849 of /builds/omniverse/usd-ci/USD/pxr/usd/usd/stage.cpp -- Layer @metrics:UnitsAdjust-03fea6b0ea74a553d040b4c75e1f6627.metricsAssembler@ is not in the local LayerStack rooted at @anon:0x5be014839f50:World1.usd@
[python-1] 
[python-1] 2026-09-17T11:12:07Z [30,682ms] [Warning] [omni.usd] Coding Error: in SetEditTarget at line 3849 of /builds/omniverse/usd-ci/USD/pxr/usd/usd/stage.cpp -- Layer @metrics:UnitsAdjust-03fea6b0ea74a553d040b4c75e1f6627.metricsAssembler@ is not in the local LayerStack rooted at @anon:0x5be014839f50:World1.usd@
[python-1] 
[python-1] 2026-09-17T11:12:07Z [30,682ms] [Warning] [omni.usd] Coding Error: in SetEditTarget at line 3849 of /builds/omniverse/usd-ci/USD/pxr/usd/usd/stage.cpp -- Layer @metrics:UnitsAdjust-03fea6b0ea74a553d040b4c75e1f6627.metricsAssembler@ is not in the local LayerStack rooted at @anon:0x5be014839f50:World1.usd@
[python-1] 
[python-1] 2026-09-17T11:12:07Z [30,682ms] [Warning] [omni.usd] Coding Error: in SetEditTarget at line 3849 of /builds/omniverse/usd-ci/USD/pxr/usd/usd/stage.cpp -- Layer @metrics:UnitsAdjust-03fea6b0ea74a553d040b4c75e1f6627.metricsAssembler@ is not in the local LayerStack rooted at @anon:0x5be014839f50:World1.usd@
[python-1] 
[python-1] 2026-09-17T11:12:07Z [30,682ms] [Warning] [omni.usd] Coding Error: in SetEditTarget at line 3849 of /builds/omniverse/usd-ci/USD/pxr/usd/usd/stage.cpp -- Layer @metrics:UnitsAdjust-03fea6b0ea74a553d040b4c75e1f6627.metricsAssembler@ is not in the local LayerStack rooted at @anon:0x5be014839f50:World1.usd@
[python-1] 
[python-1] 2026-09-17T11:12:07Z [30,682ms] [Warning] [omni.usd] Coding Error: in SetEditTarget at line 3849 of /builds/omniverse/usd-ci/USD/pxr/usd/usd/stage.cpp -- Layer @metrics:UnitsAdjust-03fea6b0ea74a553d040b4c75e1f6627.metricsAssembler@ is not in the local LayerStack rooted at @anon:0x5be014839f50:World1.usd@
[python-1] 
[python-1] 2026-09-17T11:12:07Z [30,682ms] [Warning] [omni.usd] Coding Error: in SetEditTarget at line 3849 of /builds/omniverse/usd-ci/USD/pxr/usd/usd/stage.cpp -- Layer @metrics:UnitsAdjust-03fea6b0ea74a553d040b4c75e1f6627.metricsAssembler@ is not in the local LayerStack rooted at @anon:0x5be014839f50:World1.usd@
[python-1] 
[python-1] 2026-09-17T11:12:07Z [30,682ms] [Warning] [omni.usd] Coding Error: in SetEditTarget at line 3849 of /builds/omniverse/usd-ci/USD/pxr/usd/usd/stage.cpp -- Layer @metrics:UnitsAdjust-03fea6b0ea74a553d040b4c75e1f6627.metricsAssembler@ is not in the local LayerStack rooted at @anon:0x5be014839f50:World1.usd@
[python-1] 
[python-1] 2026-09-17T11:12:07Z [30,682ms] [Warning] [omni.usd] Coding Error: in SetEditTarget at line 3849 of /builds/omniverse/usd-ci/USD/pxr/usd/usd/stage.cpp -- Layer @metrics:UnitsAdjust-03fea6b0ea74a553d040b4c75e1f6627.metricsAssembler@ is not in the local LayerStack rooted at @anon:0x5be014839f50:World1.usd@
[python-1] 
[python-1] 2026-09-17T11:12:07Z [30,682ms] [Warning] [omni.usd] Coding Error: in SetEditTarget at line 3849 of /builds/omniverse/usd-ci/USD/pxr/usd/usd/stage.cpp -- Layer @metrics:UnitsAdjust-03fea6b0ea74a553d040b4c75e1f6627.metricsAssembler@ is not in the local LayerStack rooted at @anon:0x5be014839f50:World1.usd@
[python-1] 
[python-1] 2026-09-17T11:12:07Z [30,682ms] [Warning] [omni.usd] Coding Error: in SetEditTarget at line 3849 of /builds/omniverse/usd-ci/USD/pxr/usd/usd/stage.cpp -- Layer @metrics:UnitsAdjust-03fea6b0ea74a553d040b4c75e1f6627.metricsAssembler@ is not in the local LayerStack rooted at @anon:0x5be014839f50:World1.usd@
[python-1] 
[python-1] 2026-09-17T11:12:07Z [30,682ms] [Warning] [omni.usd] Coding Error: in SetEditTarget at line 3849 of /builds/omniverse/usd-ci/USD/pxr/usd/usd/stage.cpp -- Layer @metrics:UnitsAdjust-03fea6b0ea74a553d040b4c75e1f6627.metricsAssembler@ is not in the local LayerStack rooted at @anon:0x5be014839f50:World1.usd@
[python-1] 
[python-1] 2026-09-17T11:12:07Z [30,682ms] [Warning] [omni.usd] Coding Error: in SetEditTarget at line 3849 of /builds/omniverse/usd-ci/USD/pxr/usd/usd/stage.cpp -- Layer @metrics:UnitsAdjust-03fea6b0ea74a553d040b4c75e1f6627.metricsAssembler@ is not in the local LayerStack rooted at @anon:0x5be014839f50:World1.usd@
[python-1] 
[python-1] 2026-09-17T11:12:07Z [30,682ms] [Warning] [omni.usd] Coding Error: in SetEditTarget at line 3849 of /builds/omniverse/usd-ci/USD/pxr/usd/usd/stage.cpp -- Layer @metrics:UnitsAdjust-03fea6b0ea74a553d040b4c75e1f6627.metricsAssembler@ is not in the local LayerStack rooted at @anon:0x5be014839f50:World1.usd@
[python-1] 
[python-1] 2026-09-17T11:12:07Z [30,682ms] [Warning] [omni.usd] Coding Error: in SetEditTarget at line 3849 of /builds/omniverse/usd-ci/USD/pxr/usd/usd/stage.cpp -- Layer @metrics:UnitsAdjust-03fea6b0ea74a553d040b4c75e1f6627.metricsAssembler@ is not in the local LayerStack rooted at @anon:0x5be014839f50:World1.usd@
[python-1] 
[python-1] 2026-09-17T11:12:07Z [30,682ms] [Warning] [omni.usd] Coding Error: in SetEditTarget at line 3849 of /builds/omniverse/usd-ci/USD/pxr/usd/usd/stage.cpp -- Layer @metrics:UnitsAdjust-03fea6b0ea74a553d040b4c75e1f6627.metricsAssembler@ is not in the local LayerStack rooted at @anon:0x5be014839f50:World1.usd@
[python-1] 
[python-1] 2026-09-17T11:12:07Z [30,682ms] [Warning] [omni.usd] Coding Error: in SetEditTarget at line 3849 of /builds/omniverse/usd-ci/USD/pxr/usd/usd/stage.cpp -- Layer @metrics:UnitsAdjust-03fea6b0ea74a553d040b4c75e1f6627.metricsAssembler@ is not in the local LayerStack rooted at @anon:0x5be014839f50:World1.usd@
[python-1] 
[python-1] 2026-09-17T11:12:07Z [30,682ms] [Warning] [omni.usd] Coding Error: in SetEditTarget at line 3849 of /builds/omniverse/usd-ci/USD/pxr/usd/usd/stage.cpp -- Layer @metrics:UnitsAdjust-03fea6b0ea74a553d040b4c75e1f6627.metricsAssembler@ is not in the local LayerStack rooted at @anon:0x5be014839f50:World1.usd@
[python-1] 
[python-1] 2026-09-17T11:12:07Z [30,682ms] [Warning] [omni.usd] Coding Error: in SetEditTarget at line 3849 of /builds/omniverse/usd-ci/USD/pxr/usd/usd/stage.cpp -- Layer @metrics:UnitsAdjust-03fea6b0ea74a553d040b4c75e1f6627.metricsAssembler@ is not in the local LayerStack rooted at @anon:0x5be014839f50:World1.usd@
[python-1] 
[python-1] 2026-09-17T11:12:07Z [30,682ms] [Warning] [omni.usd] Coding Error: in SetEditTarget at line 3849 of /builds/omniverse/usd-ci/USD/pxr/usd/usd/stage.cpp -- Layer @metrics:UnitsAdjust-03fea6b0ea74a553d040b4c75e1f6627.metricsAssembler@ is not in the local LayerStack rooted at @anon:0x5be014839f50:World1.usd@
[python-1] 
[python-1] 2026-09-17T11:12:07Z [30,682ms] [Warning] [omni.usd] Coding Error: in SetEditTarget at line 3849 of /builds/omniverse/usd-ci/USD/pxr/usd/usd/stage.cpp -- Layer @metrics:UnitsAdjust-03fea6b0ea74a553d040b4c75e1f6627.metricsAssembler@ is not in the local LayerStack rooted at @anon:0x5be014839f50:World1.usd@
[python-1] 
[python-1] 2026-09-17T11:12:07Z [30,682ms] [Warning] [omni.usd] Coding Error: in SetEditTarget at line 3849 of /builds/omniverse/usd-ci/USD/pxr/usd/usd/stage.cpp -- Layer @metrics:UnitsAdjust-03fea6b0ea74a553d040b4c75e1f6627.metricsAssembler@ is not in the local LayerStack rooted at @anon:0x5be014839f50:World1.usd@
[python-1] 
[python-1] 2026-09-17T11:12:07Z [30,682ms] [Warning] [omni.usd] Coding Error: in SetEditTarget at line 3849 of /builds/omniverse/usd-ci/USD/pxr/usd/usd/stage.cpp -- Layer @metrics:UnitsAdjust-03fea6b0ea74a553d040b4c75e1f6627.metricsAssembler@ is not in the local LayerStack rooted at @anon:0x5be014839f50:World1.usd@
[python-1] 
[python-1] 2026-09-17T11:12:07Z [30,683ms] [Warning] [omni.usd] Coding Error: in SetEditTarget at line 3849 of /builds/omniverse/usd-ci/USD/pxr/usd/usd/stage.cpp -- Layer @metrics:UnitsAdjust-03fea6b0ea74a553d040b4c75e1f6627.metricsAssembler@ is not in the local LayerStack rooted at @anon:0x5be014839f50:World1.usd@
[python-1] 
[python-1] 2026-09-17T11:12:07Z [30,683ms] [Warning] [omni.usd] Coding Error: in SetEditTarget at line 3849 of /builds/omniverse/usd-ci/USD/pxr/usd/usd/stage.cpp -- Layer @metrics:UnitsAdjust-03fea6b0ea74a553d040b4c75e1f6627.metricsAssembler@ is not in the local LayerStack rooted at @anon:0x5be014839f50:World1.usd@
[python-1] 
[python-1] 2026-09-17T11:12:07Z [30,683ms] [Warning] [omni.usd] Coding Error: in SetEditTarget at line 3849 of /builds/omniverse/usd-ci/USD/pxr/usd/usd/stage.cpp -- Layer @metrics:UnitsAdjust-03fea6b0ea74a553d040b4c75e1f6627.metricsAssembler@ is not in the local LayerStack rooted at @anon:0x5be014839f50:World1.usd@
[python-1] 
[python-1] 2026-09-17T11:12:07Z [30,683ms] [Warning] [omni.usd] Coding Error: in SetEditTarget at line 3849 of /builds/omniverse/usd-ci/USD/pxr/usd/usd/stage.cpp -- Layer @metrics:UnitsAdjust-03fea6b0ea74a553d040b4c75e1f6627.metricsAssembler@ is not in the local LayerStack rooted at @anon:0x5be014839f50:World1.usd@
[python-1] 
[python-1] 2026-09-17T11:12:07Z [30,683ms] [Warning] [omni.usd] Coding Error: in SetEditTarget at line 3849 of /builds/omniverse/usd-ci/USD/pxr/usd/usd/stage.cpp -- Layer @metrics:UnitsAdjust-03fea6b0ea74a553d040b4c75e1f6627.metricsAssembler@ is not in the local LayerStack rooted at @anon:0x5be014839f50:World1.usd@
[python-1] 
[python-1] 2026-09-17T11:12:07Z [30,683ms] [Warning] [omni.usd] Coding Error: in SetEditTarget at line 3849 of /builds/omniverse/usd-ci/USD/pxr/usd/usd/stage.cpp -- Layer @metrics:UnitsAdjust-03fea6b0ea74a553d040b4c75e1f6627.metricsAssembler@ is not in the local LayerStack rooted at @anon:0x5be014839f50:World1.usd@
[python-1] 
[python-1] 2026-09-17T11:12:07Z [30,683ms] [Warning] [omni.usd] Coding Error: in SetEditTarget at line 3849 of /builds/omniverse/usd-ci/USD/pxr/usd/usd/stage.cpp -- Layer @metrics:UnitsAdjust-03fea6b0ea74a553d040b4c75e1f6627.metricsAssembler@ is not in the local LayerStack rooted at @anon:0x5be014839f50:World1.usd@
[python-1] 
[python-1] 2026-09-17T11:12:07Z [30,683ms] [Warning] [omni.usd] Coding Error: in SetEditTarget at line 3849 of /builds/omniverse/usd-ci/USD/pxr/usd/usd/stage.cpp -- Layer @metrics:UnitsAdjust-03fea6b0ea74a553d040b4c75e1f6627.metricsAssembler@ is not in the local LayerStack rooted at @anon:0x5be014839f50:World1.usd@
[python-1] 
[python-1] 2026-09-17T11:12:07Z [30,683ms] [Warning] [omni.usd] Coding Error: in SetEditTarget at line 3849 of /builds/omniverse/usd-ci/USD/pxr/usd/usd/stage.cpp -- Layer @metrics:UnitsAdjust-03fea6b0ea74a553d040b4c75e1f6627.metricsAssembler@ is not in the local LayerStack rooted at @anon:0x5be014839f50:World1.usd@
[python-1] 
[python-1] 2026-09-17T11:12:07Z [30,683ms] [Warning] [omni.usd] Coding Error: in SetEditTarget at line 3849 of /builds/omniverse/usd-ci/USD/pxr/usd/usd/stage.cpp -- Layer @metrics:UnitsAdjust-03fea6b0ea74a553d040b4c75e1f6627.metricsAssembler@ is not in the local LayerStack rooted at @anon:0x5be014839f50:World1.usd@
[python-1] 
[python-1] 2026-09-17T11:12:07Z [30,683ms] [Warning] [omni.usd] Coding Error: in SetEditTarget at line 3849 of /builds/omniverse/usd-ci/USD/pxr/usd/usd/stage.cpp -- Layer @metrics:UnitsAdjust-03fea6b0ea74a553d040b4c75e1f6627.metricsAssembler@ is not in the local LayerStack rooted at @anon:0x5be014839f50:World1.usd@
[python-1] 
[python-1] 2026-09-17T11:12:07Z [30,683ms] [Warning] [omni.usd] Coding Error: in SetEditTarget at line 3849 of /builds/omniverse/usd-ci/USD/pxr/usd/usd/stage.cpp -- Layer @metrics:UnitsAdjust-03fea6b0ea74a553d040b4c75e1f6627.metricsAssembler@ is not in the local LayerStack rooted at @anon:0x5be014839f50:World1.usd@
[python-1] 
[python-1] 2026-09-17T11:12:07Z [30,683ms] [Warning] [omni.usd] Coding Error: in SetEditTarget at line 3849 of /builds/omniverse/usd-ci/USD/pxr/usd/usd/stage.cpp -- Layer @metrics:UnitsAdjust-03fea6b0ea74a553d040b4c75e1f6627.metricsAssembler@ is not in the local LayerStack rooted at @anon:0x5be014839f50:World1.usd@
[python-1] 
[python-1] 2026-09-17T11:12:07Z [30,683ms] [Warning] [omni.usd] Coding Error: in SetEditTarget at line 3849 of /builds/omniverse/usd-ci/USD/pxr/usd/usd/stage.cpp -- Layer @metrics:UnitsAdjust-03fea6b0ea74a553d040b4c75e1f6627.metricsAssembler@ is not in the local LayerStack rooted at @anon:0x5be014839f50:World1.usd@
[python-1] 
[python-1] 2026-09-17T11:12:07Z [30,683ms] [Warning] [omni.usd] Coding Error: in SetEditTarget at line 3849 of /builds/omniverse/usd-ci/USD/pxr/usd/usd/stage.cpp -- Layer @metrics:UnitsAdjust-03fea6b0ea74a553d040b4c75e1f6627.metricsAssembler@ is not in the local LayerStack rooted at @anon:0x5be014839f50:World1.usd@
[python-1] 
[python-1] 2026-09-17T11:12:07Z [30,683ms] [Warning] [omni.usd] Coding Error: in SetEditTarget at line 3849 of /builds/omniverse/usd-ci/USD/pxr/usd/usd/stage.cpp -- Layer @metrics:UnitsAdjust-03fea6b0ea74a553d040b4c75e1f6627.metricsAssembler@ is not in the local LayerStack rooted at @anon:0x5be014839f50:World1.usd@
[python-1] 
[python-1] 2026-09-17T11:12:07Z [30,683ms] [Warning] [omni.usd] Coding Error: in SetEditTarget at line 3849 of /builds/omniverse/usd-ci/USD/pxr/usd/usd/stage.cpp -- Layer @metrics:UnitsAdjust-03fea6b0ea74a553d040b4c75e1f6627.metricsAssembler@ is not in the local LayerStack rooted at @anon:0x5be014839f50:World1.usd@
[python-1] 
[python-1] 2026-09-17T11:12:07Z [30,683ms] [Warning] [omni.usd] Coding Error: in SetEditTarget at line 3849 of /builds/omniverse/usd-ci/USD/pxr/usd/usd/stage.cpp -- Layer @metrics:UnitsAdjust-03fea6b0ea74a553d040b4c75e1f6627.metricsAssembler@ is not in the local LayerStack rooted at @anon:0x5be014839f50:World1.usd@
[python-1] 
[python-1] 2026-09-17T11:12:07Z [30,683ms] [Warning] [omni.usd] Coding Error: in SetEditTarget at line 3849 of /builds/omniverse/usd-ci/USD/pxr/usd/usd/stage.cpp -- Layer @metrics:UnitsAdjust-03fea6b0ea74a553d040b4c75e1f6627.metricsAssembler@ is not in the local LayerStack rooted at @anon:0x5be014839f50:World1.usd@
[python-1] 
[python-1] 2026-09-17T11:12:07Z [30,683ms] [Warning] [omni.usd] Coding Error: in SetEditTarget at line 3849 of /builds/omniverse/usd-ci/USD/pxr/usd/usd/stage.cpp -- Layer @metrics:UnitsAdjust-03fea6b0ea74a553d040b4c75e1f6627.metricsAssembler@ is not in the local LayerStack rooted at @anon:0x5be014839f50:World1.usd@
[python-1] 
[controller_server-8] [INFO] [1789643527.358488018] [local_costmap.local_costmap]: Timed out waiting for transform from base_link to odom to become available, tf error: Invalid frame ID "odom" passed to canTransform argument target_frame - frame does not exist
[controller_server-8] [INFO] [1789643527.858486520] [local_costmap.local_costmap]: Timed out waiting for transform from base_link to odom to become available, tf error: Invalid frame ID "odom" passed to canTransform argument target_frame - frame does not exist
[controller_server-8] [INFO] [1789643528.358488084] [local_costmap.local_costmap]: Timed out waiting for transform from base_link to odom to become available, tf error: Invalid frame ID "odom" passed to canTransform argument target_frame - frame does not exist
[python-1] 2026-09-17T11:12:07Z [30,683ms] [Warning] [omni.usd] Coding Error: in SetEditTarget at line 3849 of /builds/omniverse/usd-ci/USD/pxr/usd/usd/stage.cpp -- Layer @metrics:UnitsAdjust-03fea6b0ea74a553d040b4c75e1f6627.metricsAssembler@ is not in the local LayerStack rooted at @anon:0x5be014839f50:World1.usd@
[python-1] 
[python-1] 2026-09-17T11:12:07Z [30,683ms] [Warning] [omni.usd] Coding Error: in SetEditTarget at line 3849 of /builds/omniverse/usd-ci/USD/pxr/usd/usd/stage.cpp -- Layer @metrics:UnitsAdjust-03fea6b0ea74a553d040b4c75e1f6627.metricsAssembler@ is not in the local LayerStack rooted at @anon:0x5be014839f50:World1.usd@
[python-1] 
[python-1] 2026-09-17T11:12:07Z [30,683ms] [Warning] [omni.usd] Coding Error: in SetEditTarget at line 3849 of /builds/omniverse/usd-ci/USD/pxr/usd/usd/stage.cpp -- Layer @metrics:UnitsAdjust-03fea6b0ea74a553d040b4c75e1f6627.metricsAssembler@ is not in the local LayerStack rooted at @anon:0x5be014839f50:World1.usd@
[python-1] 
[python-1] 2026-09-17T11:12:07Z [30,683ms] [Warning] [omni.usd] Coding Error: in SetEditTarget at line 3849 of /builds/omniverse/usd-ci/USD/pxr/usd/usd/stage.cpp -- Layer @metrics:UnitsAdjust-03fea6b0ea74a553d040b4c75e1f6627.metricsAssembler@ is not in the local LayerStack rooted at @anon:0x5be014839f50:World1.usd@
[python-1] 
[python-1] 2026-09-17T11:12:07Z [30,683ms] [Warning] [omni.usd] Coding Error: in SetEditTarget at line 3849 of /builds/omniverse/usd-ci/USD/pxr/usd/usd/stage.cpp -- Layer @metrics:UnitsAdjust-03fea6b0ea74a553d040b4c75e1f6627.metricsAssembler@ is not in the local LayerStack rooted at @anon:0x5be014839f50:World1.usd@
[python-1] 
[python-1] 2026-09-17T11:12:07Z [30,683ms] [Warning] [omni.usd] Coding Error: in SetEditTarget at line 3849 of /builds/omniverse/usd-ci/USD/pxr/usd/usd/stage.cpp -- Layer @metrics:UnitsAdjust-03fea6b0ea74a553d040b4c75e1f6627.metricsAssembler@ is not in the local LayerStack rooted at @anon:0x5be014839f50:World1.usd@
[python-1] 
[python-1] 2026-09-17T11:12:07Z [30,683ms] [Warning] [omni.usd] Coding Error: in SetEditTarget at line 3849 of /builds/omniverse/usd-ci/USD/pxr/usd/usd/stage.cpp -- Layer @metrics:UnitsAdjust-03fea6b0ea74a553d040b4c75e1f6627.metricsAssembler@ is not in the local LayerStack rooted at @anon:0x5be014839f50:World1.usd@
[python-1] 
[python-1] 2026-09-17T11:12:07Z [30,683ms] [Warning] [omni.usd] Coding Error: in SetEditTarget at line 3849 of /builds/omniverse/usd-ci/USD/pxr/usd/usd/stage.cpp -- Layer @metrics:UnitsAdjust-03fea6b0ea74a553d040b4c75e1f6627.metricsAssembler@ is not in the local LayerStack rooted at @anon:0x5be014839f50:World1.usd@
[python-1] 
[python-1] 2026-09-17T11:12:07Z [30,683ms] [Warning] [omni.usd] Coding Error: in SetEditTarget at line 3849 of /builds/omniverse/usd-ci/USD/pxr/usd/usd/stage.cpp -- Layer @metrics:UnitsAdjust-03fea6b0ea74a553d040b4c75e1f6627.metricsAssembler@ is not in the local LayerStack rooted at @anon:0x5be014839f50:World1.usd@
[python-1] 
[python-1] 2026-09-17T11:12:07Z [30,683ms] [Warning] [omni.usd] Coding Error: in SetEditTarget at line 3849 of /builds/omniverse/usd-ci/USD/pxr/usd/usd/stage.cpp -- Layer @metrics:UnitsAdjust-03fea6b0ea74a553d040b4c75e1f6627.metricsAssembler@ is not in the local LayerStack rooted at @anon:0x5be014839f50:World1.usd@
[python-1] 
[python-1] 2026-09-17T11:12:07Z [30,683ms] [Warning] [omni.usd] Coding Error: in SetEditTarget at line 3849 of /builds/omniverse/usd-ci/USD/pxr/usd/usd/stage.cpp -- Layer @metrics:UnitsAdjust-03fea6b0ea74a553d040b4c75e1f6627.metricsAssembler@ is not in the local LayerStack rooted at @anon:0x5be014839f50:World1.usd@
[python-1] 
[python-1] 2026-09-17T11:12:07Z [30,683ms] [Warning] [omni.usd] Coding Error: in SetEditTarget at line 3849 of /builds/omniverse/usd-ci/USD/pxr/usd/usd/stage.cpp -- Layer @metrics:UnitsAdjust-03fea6b0ea74a553d040b4c75e1f6627.metricsAssembler@ is not in the local LayerStack rooted at @anon:0x5be014839f50:World1.usd@
[python-1] 
[python-1] 2026-09-17T11:12:07Z [30,683ms] [Warning] [omni.usd] Coding Error: in SetEditTarget at line 3849 of /builds/omniverse/usd-ci/USD/pxr/usd/usd/stage.cpp -- Layer @metrics:UnitsAdjust-03fea6b0ea74a553d040b4c75e1f6627.metricsAssembler@ is not in the local LayerStack rooted at @anon:0x5be014839f50:World1.usd@
[python-1] 
[python-1] 2026-09-17T11:12:08Z [32,068ms] [Warning] [omni.fabric.plugin] Warning: attribute evaluatedTranslations not found for bucket id 398
[python-1] 
[controller_server-8] [INFO] [1789643528.858487523] [local_costmap.local_costmap]: Timed out waiting for transform from base_link to odom to become available, tf error: Invalid frame ID "odom" passed to canTransform argument target_frame - frame does not exist
[controller_server-8] [INFO] [1789643529.358479102] [local_costmap.local_costmap]: Timed out waiting for transform from base_link to odom to become available, tf error: Invalid frame ID "odom" passed to canTransform argument target_frame - frame does not exist
[controller_server-8] [INFO] [1789643529.858483032] [local_costmap.local_costmap]: Timed out waiting for transform from base_link to odom to become available, tf error: Invalid frame ID "odom" passed to canTransform argument target_frame - frame does not exist
[controller_server-8] [INFO] [1789643530.358489658] [local_costmap.local_costmap]: Timed out waiting for transform from base_link to odom to become available, tf error: Invalid frame ID "odom" passed to canTransform argument target_frame - frame does not exist
[controller_server-8] [INFO] [1789643530.858489622] [local_costmap.local_costmap]: Timed out waiting for transform from base_link to odom to become available, tf error: Invalid frame ID "odom" passed to canTransform argument target_frame - frame does not exist
[controller_server-8] [INFO] [1789643531.358478037] [local_costmap.local_costmap]: Timed out waiting for transform from base_link to odom to become available, tf error: Invalid frame ID "odom" passed to canTransform argument target_frame - frame does not exist
[controller_server-8] [INFO] [1789643531.858484338] [local_costmap.local_costmap]: Timed out waiting for transform from base_link to odom to become available, tf error: Invalid frame ID "odom" passed to canTransform argument target_frame - frame does not exist
[controller_server-8] [INFO] [1789643532.358488100] [local_costmap.local_costmap]: Timed out waiting for transform from base_link to odom to become available, tf error: Invalid frame ID "odom" passed to canTransform argument target_frame - frame does not exist
[controller_server-8] [INFO] [1789643532.858485563] [local_costmap.local_costmap]: Timed out waiting for transform from base_link to odom to become available, tf error: Invalid frame ID "odom" passed to canTransform argument target_frame - frame does not exist
[controller_server-8] [INFO] [1789643533.358479734] [local_costmap.local_costmap]: Timed out waiting for transform from base_link to odom to become available, tf error: Invalid frame ID "odom" passed to canTransform argument target_frame - frame does not exist
[controller_server-8] [INFO] [1789643533.858481839] [local_costmap.local_costmap]: Timed out waiting for transform from base_link to odom to become available, tf error: Invalid frame ID "odom" passed to canTransform argument target_frame - frame does not exist
[controller_server-8] [INFO] [1789643534.358467095] [local_costmap.local_costmap]: Timed out waiting for transform from base_link to odom to become available, tf error: Invalid frame ID "odom" passed to canTransform argument target_frame - frame does not exist
[python-1] 2026-09-17T11:12:14Z [37,507ms] [Warning] [isaacsim.asset.importer.urdf] Creating Asset in an in-memory stage, will not create layered structure
[python-1] 2026-09-17T11:12:14Z [37,582ms] [Warning] [isaacsim.asset.importer.urdf] No mass specified for link base_link
[python-1] 2026-09-17T11:12:14Z [37,582ms] [Warning] [omni.usd] Warning: in _ReportErrors at line 3172 of /builds/omniverse/usd-ci/USD/pxr/usd/usd/stage.cpp -- In </jackal/base_link/visuals>: Unresolved reference prim path @anon:0x5be014839f50:World1.usd@</visuals/base_link> introduced by @anon:0x5be014839f50:World1.usd@</jackal/base_link/visuals> (recomposing stage on stage @anon:0x5be014839f50:World1.usd@ <0x5be014bbbc20>)
[python-1] 
[python-1] 2026-09-17T11:12:14Z [37,582ms] [Warning] [omni.usd] Warning: in _ReportErrors at line 3172 of /builds/omniverse/usd-ci/USD/pxr/usd/usd/stage.cpp -- In </jackal/base_link/visuals>: Unresolved reference prim path @anon:0x5be014839f50:World1.usd@</visuals/base_link> introduced by @anon:0x5be014839f50:World1.usd@</jackal/base_link/visuals> (recomposing stage on stage @anon:0x5be014839f50:World1.usd@ <0x5be014bbbc20>)
[python-1] 
[python-1] 2026-09-17T11:12:14Z [37,582ms] [Warning] [omni.usd] Warning: in _ReportErrors at line 3172 of /builds/omniverse/usd-ci/USD/pxr/usd/usd/stage.cpp -- In </jackal/base_link/visuals>: Unresolved reference prim path @anon:0x5be014839f50:World1.usd@</visuals/base_link> introduced by @anon:0x5be014839f50:World1.usd@</jackal/base_link/visuals> (recomposing stage on stage @anon:0x5be014839f50:World1.usd@ <0x5be014bbbc20>)
[python-1] 
[python-1] 2026-09-17T11:12:14Z [37,583ms] [Warning] [omni.usd] Warning: in _ReportErrors at line 3172 of /builds/omniverse/usd-ci/USD/pxr/usd/usd/stage.cpp -- In </jackal/base_link/visuals>: Unresolved reference prim path @anon:0x5be014839f50:World1.usd@</visuals/base_link> introduced by @anon:0x5be014839f50:World1.usd@</jackal/base_link/visuals> (recomposing stage on stage @anon:0x5be014839f50:World1.usd@ <0x5be014bbbc20>)
[python-1] 
[python-1] 2026-09-17T11:12:14Z [37,583ms] [Warning] [omni.usd] Warning: in _ReportErrors at line 3172 of /builds/omniverse/usd-ci/USD/pxr/usd/usd/stage.cpp -- In </jackal/base_link/visuals>: Unresolved reference prim path @anon:0x5be014839f50:World1.usd@</visuals/base_link> introduced by @anon:0x5be014839f50:World1.usd@</jackal/base_link/visuals> (recomposing stage on stage @anon:0x5be014839f50:World1.usd@ <0x5be014bbbc20>)
[python-1] 
[python-1] 2026-09-17T11:12:14Z [37,583ms] [Warning] [omni.usd] Warning: in _ReportErrors at line 3172 of /builds/omniverse/usd-ci/USD/pxr/usd/usd/stage.cpp -- In </jackal/base_link/visuals>: Unresolved reference prim path @anon:0x5be014839f50:World1.usd@</visuals/base_link> introduced by @anon:0x5be014839f50:World1.usd@</jackal/base_link/visuals> (recomposing stage on stage @anon:0x5be014839f50:World1.usd@ <0x5be014bbbc20>)
[python-1] 
[python-1] 2026-09-17T11:12:14Z [37,584ms] [Warning] [isaacsim.asset.importer.urdf] Link base_link has no colliders, and no inertia was imported; assigning a small isotropic inertia matrix
[python-1] 2026-09-17T11:12:14Z [37,640ms] [Warning] [isaacsim.asset.importer.urdf] No mass specified for link front_fender_link
[python-1] 2026-09-17T11:12:14Z [37,662ms] [Warning] [isaacsim.asset.importer.urdf] Link front_fender_link has no colliders, and no inertia was imported; assigning a small isotropic inertia matrix
[python-1] 2026-09-17T11:12:14Z [37,770ms] [Warning] [isaacsim.asset.importer.urdf] No mass specified for link imu_link
[python-1] 2026-09-17T11:12:14Z [37,770ms] [Warning] [omni.usd] Warning: in _ReportErrors at line 3172 of /builds/omniverse/usd-ci/USD/pxr/usd/usd/stage.cpp -- In </jackal/imu_link/visuals>: Unresolved reference prim path @anon:0x5be014839f50:World1.usd@</visuals/imu_link> introduced by @anon:0x5be014839f50:World1.usd@</jackal/imu_link/visuals> (recomposing stage on stage @anon:0x5be014839f50:World1.usd@ <0x5be014bbbc20>)
[python-1] 
[python-1] 2026-09-17T11:12:14Z [37,770ms] [Warning] [omni.usd] Warning: in _ReportErrors at line 3172 of /builds/omniverse/usd-ci/USD/pxr/usd/usd/stage.cpp -- In </jackal/imu_link/visuals>: Unresolved reference prim path @anon:0x5be014839f50:World1.usd@</visuals/imu_link> introduced by @anon:0x5be014839f50:World1.usd@</jackal/imu_link/visuals> (recomposing stage on stage @anon:0x5be014839f50:World1.usd@ <0x5be014bbbc20>)
[python-1] 
[python-1] 2026-09-17T11:12:14Z [37,770ms] [Warning] [omni.usd] Warning: in _ReportErrors at line 3172 of /builds/omniverse/usd-ci/USD/pxr/usd/usd/stage.cpp -- In </jackal/imu_link/visuals>: Unresolved reference prim path @anon:0x5be014839f50:World1.usd@</visuals/imu_link> introduced by @anon:0x5be014839f50:World1.usd@</jackal/imu_link/visuals> (recomposing stage on stage @anon:0x5be014839f50:World1.usd@ <0x5be014bbbc20>)
[python-1] 
[python-1] 2026-09-17T11:12:14Z [37,771ms] [Warning] [omni.usd] Warning: in _ReportErrors at line 3172 of /builds/omniverse/usd-ci/USD/pxr/usd/usd/stage.cpp -- In </jackal/imu_link/visuals>: Unresolved reference prim path @anon:0x5be014839f50:World1.usd@</visuals/imu_link> introduced by @anon:0x5be014839f50:World1.usd@</jackal/imu_link/visuals> (recomposing stage on stage @anon:0x5be014839f50:World1.usd@ <0x5be014bbbc20>)
[python-1] 
[python-1] 2026-09-17T11:12:14Z [37,771ms] [Warning] [omni.usd] Warning: in _ReportErrors at line 3172 of /builds/omniverse/usd-ci/USD/pxr/usd/usd/stage.cpp -- In </jackal/imu_link/visuals>: Unresolved reference prim path @anon:0x5be014839f50:World1.usd@</visuals/imu_link> introduced by @anon:0x5be014839f50:World1.usd@</jackal/imu_link/visuals> (recomposing stage on stage @anon:0x5be014839f50:World1.usd@ <0x5be014bbbc20>)
[python-1] 
[python-1] 2026-09-17T11:12:14Z [37,771ms] [Warning] [omni.usd] Warning: in _ReportErrors at line 3172 of /builds/omniverse/usd-ci/USD/pxr/usd/usd/stage.cpp -- In </jackal/imu_link/visuals>: Unresolved reference prim path @anon:0x5be014839f50:World1.usd@</visuals/imu_link> introduced by @anon:0x5be014839f50:World1.usd@</jackal/imu_link/visuals> (recomposing stage on stage @anon:0x5be014839f50:World1.usd@ <0x5be014bbbc20>)
[python-1] 
[python-1] 2026-09-17T11:12:14Z [37,772ms] [Warning] [isaacsim.asset.importer.urdf] Link imu_link has no colliders, and no inertia was imported; assigning a small isotropic inertia matrix
[python-1] 2026-09-17T11:12:14Z [37,785ms] [Warning] [isaacsim.asset.importer.urdf] No mass specified for link lidar_link
[python-1] 2026-09-17T11:12:14Z [37,814ms] [Warning] [isaacsim.asset.importer.urdf] No mass specified for link mid_mount
[python-1] 2026-09-17T11:12:14Z [37,815ms] [Warning] [omni.usd] Warning: in _ReportErrors at line 3172 of /builds/omniverse/usd-ci/USD/pxr/usd/usd/stage.cpp -- In </jackal/mid_mount/visuals>: Unresolved reference prim path @anon:0x5be014839f50:World1.usd@</visuals/mid_mount> introduced by @anon:0x5be014839f50:World1.usd@</jackal/mid_mount/visuals> (recomposing stage on stage @anon:0x5be014839f50:World1.usd@ <0x5be014bbbc20>)
[python-1] 
[python-1] 2026-09-17T11:12:14Z [37,815ms] [Warning] [omni.usd] Warning: in _ReportErrors at line 3172 of /builds/omniverse/usd-ci/USD/pxr/usd/usd/stage.cpp -- In </jackal/mid_mount/visuals>: Unresolved reference prim path @anon:0x5be014839f50:World1.usd@</visuals/mid_mount> introduced by @anon:0x5be014839f50:World1.usd@</jackal/mid_mount/visuals> (recomposing stage on stage @anon:0x5be014839f50:World1.usd@ <0x5be014bbbc20>)
[python-1] 
[python-1] 2026-09-17T11:12:14Z [37,815ms] [Warning] [omni.usd] Warning: in _ReportErrors at line 3172 of /builds/omniverse/usd-ci/USD/pxr/usd/usd/stage.cpp -- In </jackal/mid_mount/visuals>: Unresolved reference prim path @anon:0x5be014839f50:World1.usd@</visuals/mid_mount> introduced by @anon:0x5be014839f50:World1.usd@</jackal/mid_mount/visuals> (recomposing stage on stage @anon:0x5be014839f50:World1.usd@ <0x5be014bbbc20>)
[python-1] 
[python-1] 2026-09-17T11:12:14Z [37,816ms] [Warning] [omni.usd] Warning: in _ReportErrors at line 3172 of /builds/omniverse/usd-ci/USD/pxr/usd/usd/stage.cpp -- In </jackal/mid_mount/visuals>: Unresolved reference prim path @anon:0x5be014839f50:World1.usd@</visuals/mid_mount> introduced by @anon:0x5be014839f50:World1.usd@</jackal/mid_mount/visuals> (recomposing stage on stage @anon:0x5be014839f50:World1.usd@ <0x5be014bbbc20>)
[python-1] 
[python-1] 2026-09-17T11:12:14Z [37,816ms] [Warning] [omni.usd] Warning: in _ReportErrors at line 3172 of /builds/omniverse/usd-ci/USD/pxr/usd/usd/stage.cpp -- In </jackal/mid_mount/visuals>: Unresolved reference prim path @anon:0x5be014839f50:World1.usd@</visuals/mid_mount> introduced by @anon:0x5be014839f50:World1.usd@</jackal/mid_mount/visuals> (recomposing stage on stage @anon:0x5be014839f50:World1.usd@ <0x5be014bbbc20>)
[python-1] 
[python-1] 2026-09-17T11:12:14Z [37,816ms] [Warning] [omni.usd] Warning: in _ReportErrors at line 3172 of /builds/omniverse/usd-ci/USD/pxr/usd/usd/stage.cpp -- In </jackal/mid_mount/visuals>: Unresolved reference prim path @anon:0x5be014839f50:World1.usd@</visuals/mid_mount> introduced by @anon:0x5be014839f50:World1.usd@</jackal/mid_mount/visuals> (recomposing stage on stage @anon:0x5be014839f50:World1.usd@ <0x5be014bbbc20>)
[python-1] 
[python-1] 2026-09-17T11:12:14Z [37,817ms] [Warning] [isaacsim.asset.importer.urdf] Link mid_mount has no colliders, and no inertia was imported; assigning a small isotropic inertia matrix
[python-1] 2026-09-17T11:12:14Z [37,832ms] [Warning] [isaacsim.asset.importer.urdf] No mass specified for link front_mount
[python-1] 2026-09-17T11:12:14Z [37,833ms] [Warning] [omni.usd] Warning: in _ReportErrors at line 3172 of /builds/omniverse/usd-ci/USD/pxr/usd/usd/stage.cpp -- In </jackal/front_mount/visuals>: Unresolved reference prim path @anon:0x5be014839f50:World1.usd@</visuals/front_mount> introduced by @anon:0x5be014839f50:World1.usd@</jackal/front_mount/visuals> (recomposing stage on stage @anon:0x5be014839f50:World1.usd@ <0x5be014bbbc20>)
[python-1] 
[python-1] 2026-09-17T11:12:14Z [37,833ms] [Warning] [omni.usd] Warning: in _ReportErrors at line 3172 of /builds/omniverse/usd-ci/USD/pxr/usd/usd/stage.cpp -- In </jackal/front_mount/visuals>: Unresolved reference prim path @anon:0x5be014839f50:World1.usd@</visuals/front_mount> introduced by @anon:0x5be014839f50:World1.usd@</jackal/front_mount/visuals> (recomposing stage on stage @anon:0x5be014839f50:World1.usd@ <0x5be014bbbc20>)
[python-1] 
[python-1] 2026-09-17T11:12:14Z [37,833ms] [Warning] [omni.usd] Warning: in _ReportErrors at line 3172 of /builds/omniverse/usd-ci/USD/pxr/usd/usd/stage.cpp -- In </jackal/front_mount/visuals>: Unresolved reference prim path @anon:0x5be014839f50:World1.usd@</visuals/front_mount> introduced by @anon:0x5be014839f50:World1.usd@</jackal/front_mount/visuals> (recomposing stage on stage @anon:0x5be014839f50:World1.usd@ <0x5be014bbbc20>)
[python-1] 
[python-1] 2026-09-17T11:12:14Z [37,833ms] [Warning] [omni.usd] Warning: in _ReportErrors at line 3172 of /builds/omniverse/usd-ci/USD/pxr/usd/usd/stage.cpp -- In </jackal/front_mount/visuals>: Unresolved reference prim path @anon:0x5be014839f50:World1.usd@</visuals/front_mount> introduced by @anon:0x5be014839f50:World1.usd@</jackal/front_mount/visuals> (recomposing stage on stage @anon:0x5be014839f50:World1.usd@ <0x5be014bbbc20>)
[python-1] 
[python-1] 2026-09-17T11:12:14Z [37,833ms] [Warning] [omni.usd] Warning: in _ReportErrors at line 3172 of /builds/omniverse/usd-ci/USD/pxr/usd/usd/stage.cpp -- In </jackal/front_mount/visuals>: Unresolved reference prim path @anon:0x5be014839f50:World1.usd@</visuals/front_mount> introduced by @anon:0x5be014839f50:World1.usd@</jackal/front_mount/visuals> (recomposing stage on stage @anon:0x5be014839f50:World1.usd@ <0x5be014bbbc20>)
[python-1] 
[python-1] 2026-09-17T11:12:14Z [37,833ms] [Warning] [omni.usd] Warning: in _ReportErrors at line 3172 of /builds/omniverse/usd-ci/USD/pxr/usd/usd/stage.cpp -- In </jackal/front_mount/visuals>: Unresolved reference prim path @anon:0x5be014839f50:World1.usd@</visuals/front_mount> introduced by @anon:0x5be014839f50:World1.usd@</jackal/front_mount/visuals> (recomposing stage on stage @anon:0x5be014839f50:World1.usd@ <0x5be014bbbc20>)
[python-1] 
[python-1] 2026-09-17T11:12:14Z [37,834ms] [Warning] [isaacsim.asset.importer.urdf] Link front_mount has no colliders, and no inertia was imported; assigning a small isotropic inertia matrix
[python-1] 2026-09-17T11:12:14Z [37,848ms] [Warning] [isaacsim.asset.importer.urdf] No mass specified for link rear_mount
[python-1] 2026-09-17T11:12:14Z [37,849ms] [Warning] [omni.usd] Warning: in _ReportErrors at line 3172 of /builds/omniverse/usd-ci/USD/pxr/usd/usd/stage.cpp -- In </jackal/rear_mount/visuals>: Unresolved reference prim path @anon:0x5be014839f50:World1.usd@</visuals/rear_mount> introduced by @anon:0x5be014839f50:World1.usd@</jackal/rear_mount/visuals> (recomposing stage on stage @anon:0x5be014839f50:World1.usd@ <0x5be014bbbc20>)
[python-1] 
[python-1] 2026-09-17T11:12:14Z [37,849ms] [Warning] [omni.usd] Warning: in _ReportErrors at line 3172 of /builds/omniverse/usd-ci/USD/pxr/usd/usd/stage.cpp -- In </jackal/rear_mount/visuals>: Unresolved reference prim path @anon:0x5be014839f50:World1.usd@</visuals/rear_mount> introduced by @anon:0x5be014839f50:World1.usd@</jackal/rear_mount/visuals> (recomposing stage on stage @anon:0x5be014839f50:World1.usd@ <0x5be014bbbc20>)
[python-1] 
[python-1] 2026-09-17T11:12:14Z [37,849ms] [Warning] [omni.usd] Warning: in _ReportErrors at line 3172 of /builds/omniverse/usd-ci/USD/pxr/usd/usd/stage.cpp -- In </jackal/rear_mount/visuals>: Unresolved reference prim path @anon:0x5be014839f50:World1.usd@</visuals/rear_mount> introduced by @anon:0x5be014839f50:World1.usd@</jackal/rear_mount/visuals> (recomposing stage on stage @anon:0x5be014839f50:World1.usd@ <0x5be014bbbc20>)
[python-1] 
[python-1] 2026-09-17T11:12:14Z [37,849ms] [Warning] [omni.usd] Warning: in _ReportErrors at line 3172 of /builds/omniverse/usd-ci/USD/pxr/usd/usd/stage.cpp -- In </jackal/rear_mount/visuals>: Unresolved reference prim path @anon:0x5be014839f50:World1.usd@</visuals/rear_mount> introduced by @anon:0x5be014839f50:World1.usd@</jackal/rear_mount/visuals> (recomposing stage on stage @anon:0x5be014839f50:World1.usd@ <0x5be014bbbc20>)
[python-1] 
[python-1] 2026-09-17T11:12:14Z [37,849ms] [Warning] [omni.usd] Warning: in _ReportErrors at line 3172 of /builds/omniverse/usd-ci/USD/pxr/usd/usd/stage.cpp -- In </jackal/rear_mount/visuals>: Unresolved reference prim path @anon:0x5be014839f50:World1.usd@</visuals/rear_mount> introduced by @anon:0x5be014839f50:World1.usd@</jackal/rear_mount/visuals> (recomposing stage on stage @anon:0x5be014839f50:World1.usd@ <0x5be014bbbc20>)
[python-1] 
[python-1] 2026-09-17T11:12:14Z [37,849ms] [Warning] [omni.usd] Warning: in _ReportErrors at line 3172 of /builds/omniverse/usd-ci/USD/pxr/usd/usd/stage.cpp -- In </jackal/rear_mount/visuals>: Unresolved reference prim path @anon:0x5be014839f50:World1.usd@</visuals/rear_mount> introduced by @anon:0x5be014839f50:World1.usd@</jackal/rear_mount/visuals> (recomposing stage on stage @anon:0x5be014839f50:World1.usd@ <0x5be014bbbc20>)
[python-1] 
[python-1] 2026-09-17T11:12:14Z [37,850ms] [Warning] [isaacsim.asset.importer.urdf] Link rear_mount has no colliders, and no inertia was imported; assigning a small isotropic inertia matrix
[python-1] 2026-09-17T11:12:14Z [37,864ms] [Warning] [isaacsim.asset.importer.urdf] No mass specified for link navsat_link
[python-1] 2026-09-17T11:12:14Z [37,873ms] [Warning] [isaacsim.asset.importer.urdf] Link navsat_link has no colliders, and no inertia was imported; assigning a small isotropic inertia matrix
[python-1] 2026-09-17T11:12:14Z [37,886ms] [Warning] [isaacsim.asset.importer.urdf] No mass specified for link rear_fender_link
[python-1] 2026-09-17T11:12:14Z [37,894ms] [Warning] [isaacsim.asset.importer.urdf] Link rear_fender_link has no colliders, and no inertia was imported; assigning a small isotropic inertia matrix
[python-1] 2026-09-17T11:12:14Z [37,985ms] [Warning] [omni.usd] Warning: in _ReportErrors at line 3172 of /builds/omniverse/usd-ci/USD/pxr/usd/usd/stage.cpp -- In </World/arena_robot/rear_mount/visuals>: Unresolved reference prim path @anon:0x5be014839f50:World1.usd@</visuals/rear_mount> introduced by @anon:0x5be014839f50:World1.usd@</World/arena_robot/rear_mount/visuals> (recomposing stage on stage @anon:0x5be014839f50:World1.usd@ <0x5be014bbbc20>)
[python-1] 
[python-1] 2026-09-17T11:12:14Z [37,985ms] [Warning] [omni.usd] Warning: in _ReportErrors at line 3172 of /builds/omniverse/usd-ci/USD/pxr/usd/usd/stage.cpp -- In </World/arena_robot/rear_mount/visuals>: Unresolved reference prim path @anon:0x5be014839f50:World1.usd@</visuals/rear_mount> introduced by @anon:0x5be014839f50:World1.usd@</World/arena_robot/rear_mount/visuals> (recomposing stage on stage @anon:0x5be014839f50:World1.usd@ <0x5be014bbbc20>)
[python-1] 
[python-1] 2026-09-17T11:12:14Z [37,985ms] [Warning] [omni.usd] Warning: in _ReportErrors at line 3172 of /builds/omniverse/usd-ci/USD/pxr/usd/usd/stage.cpp -- In </World/arena_robot/rear_mount/visuals>: Unresolved reference prim path @anon:0x5be014839f50:World1.usd@</visuals/rear_mount> introduced by @anon:0x5be014839f50:World1.usd@</World/arena_robot/rear_mount/visuals> (recomposing stage on stage @anon:0x5be014839f50:World1.usd@ <0x5be014bbbc20>)
[python-1] 
[python-1] 2026-09-17T11:12:14Z [37,985ms] [Warning] [omni.usd] Warning: in _ReportErrors at line 3172 of /builds/omniverse/usd-ci/USD/pxr/usd/usd/stage.cpp -- In </World/arena_robot/front_mount/visuals>: Unresolved reference prim path @anon:0x5be014839f50:World1.usd@</visuals/front_mount> introduced by @anon:0x5be014839f50:World1.usd@</World/arena_robot/front_mount/visuals> (recomposing stage on stage @anon:0x5be014839f50:World1.usd@ <0x5be014bbbc20>)
[python-1] 
[python-1] 2026-09-17T11:12:14Z [37,985ms] [Warning] [omni.usd] Warning: in _ReportErrors at line 3172 of /builds/omniverse/usd-ci/USD/pxr/usd/usd/stage.cpp -- In </World/arena_robot/front_mount/visuals>: Unresolved reference prim path @anon:0x5be014839f50:World1.usd@</visuals/front_mount> introduced by @anon:0x5be014839f50:World1.usd@</World/arena_robot/front_mount/visuals> (recomposing stage on stage @anon:0x5be014839f50:World1.usd@ <0x5be014bbbc20>)
[python-1] 
[python-1] 2026-09-17T11:12:14Z [37,985ms] [Warning] [omni.usd] Warning: in _ReportErrors at line 3172 of /builds/omniverse/usd-ci/USD/pxr/usd/usd/stage.cpp -- In </World/arena_robot/front_mount/visuals>: Unresolved reference prim path @anon:0x5be014839f50:World1.usd@</visuals/front_mount> introduced by @anon:0x5be014839f50:World1.usd@</World/arena_robot/front_mount/visuals> (recomposing stage on stage @anon:0x5be014839f50:World1.usd@ <0x5be014bbbc20>)
[python-1] 
[python-1] 2026-09-17T11:12:14Z [37,985ms] [Warning] [omni.usd] Warning: in _ReportErrors at line 3172 of /builds/omniverse/usd-ci/USD/pxr/usd/usd/stage.cpp -- In </World/arena_robot/mid_mount/visuals>: Unresolved reference prim path @anon:0x5be014839f50:World1.usd@</visuals/mid_mount> introduced by @anon:0x5be014839f50:World1.usd@</World/arena_robot/mid_mount/visuals> (recomposing stage on stage @anon:0x5be014839f50:World1.usd@ <0x5be014bbbc20>)
[python-1] 
[python-1] 2026-09-17T11:12:14Z [37,985ms] [Warning] [omni.usd] Warning: in _ReportErrors at line 3172 of /builds/omniverse/usd-ci/USD/pxr/usd/usd/stage.cpp -- In </World/arena_robot/mid_mount/visuals>: Unresolved reference prim path @anon:0x5be014839f50:World1.usd@</visuals/mid_mount> introduced by @anon:0x5be014839f50:World1.usd@</World/arena_robot/mid_mount/visuals> (recomposing stage on stage @anon:0x5be014839f50:World1.usd@ <0x5be014bbbc20>)
[python-1] 
[python-1] 2026-09-17T11:12:14Z [37,985ms] [Warning] [omni.usd] Warning: in _ReportErrors at line 3172 of /builds/omniverse/usd-ci/USD/pxr/usd/usd/stage.cpp -- In </World/arena_robot/mid_mount/visuals>: Unresolved reference prim path @anon:0x5be014839f50:World1.usd@</visuals/mid_mount> introduced by @anon:0x5be014839f50:World1.usd@</World/arena_robot/mid_mount/visuals> (recomposing stage on stage @anon:0x5be014839f50:World1.usd@ <0x5be014bbbc20>)
[python-1] 
[python-1] 2026-09-17T11:12:14Z [37,985ms] [Warning] [omni.usd] Warning: in _ReportErrors at line 3172 of /builds/omniverse/usd-ci/USD/pxr/usd/usd/stage.cpp -- In </World/arena_robot/base_link/visuals>: Unresolved reference prim path @anon:0x5be014839f50:World1.usd@</visuals/base_link> introduced by @anon:0x5be014839f50:World1.usd@</World/arena_robot/base_link/visuals> (recomposing stage on stage @anon:0x5be014839f50:World1.usd@ <0x5be014bbbc20>)
[python-1] 
[python-1] 2026-09-17T11:12:14Z [37,985ms] [Warning] [omni.usd] Warning: in _ReportErrors at line 3172 of /builds/omniverse/usd-ci/USD/pxr/usd/usd/stage.cpp -- In </World/arena_robot/base_link/visuals>: Unresolved reference prim path @anon:0x5be014839f50:World1.usd@</visuals/base_link> introduced by @anon:0x5be014839f50:World1.usd@</World/arena_robot/base_link/visuals> (recomposing stage on stage @anon:0x5be014839f50:World1.usd@ <0x5be014bbbc20>)
[python-1] 
[python-1] 2026-09-17T11:12:14Z [37,985ms] [Warning] [omni.usd] Warning: in _ReportErrors at line 3172 of /builds/omniverse/usd-ci/USD/pxr/usd/usd/stage.cpp -- In </World/arena_robot/base_link/visuals>: Unresolved reference prim path @anon:0x5be014839f50:World1.usd@</visuals/base_link> introduced by @anon:0x5be014839f50:World1.usd@</World/arena_robot/base_link/visuals> (recomposing stage on stage @anon:0x5be014839f50:World1.usd@ <0x5be014bbbc20>)
[python-1] 
[python-1] 2026-09-17T11:12:14Z [37,985ms] [Warning] [omni.usd] Warning: in _ReportErrors at line 3172 of /builds/omniverse/usd-ci/USD/pxr/usd/usd/stage.cpp -- In </World/arena_robot/imu_link/visuals>: Unresolved reference prim path @anon:0x5be014839f50:World1.usd@</visuals/imu_link> introduced by @anon:0x5be014839f50:World1.usd@</World/arena_robot/imu_link/visuals> (recomposing stage on stage @anon:0x5be014839f50:World1.usd@ <0x5be014bbbc20>)
[python-1] 
[python-1] 2026-09-17T11:12:14Z [37,985ms] [Warning] [omni.usd] Warning: in _ReportErrors at line 3172 of /builds/omniverse/usd-ci/USD/pxr/usd/usd/stage.cpp -- In </World/arena_robot/imu_link/visuals>: Unresolved reference prim path @anon:0x5be014839f50:World1.usd@</visuals/imu_link> introduced by @anon:0x5be014839f50:World1.usd@</World/arena_robot/imu_link/visuals> (recomposing stage on stage @anon:0x5be014839f50:World1.usd@ <0x5be014bbbc20>)
[python-1] 
[controller_server-8] [INFO] [1789643534.858486881] [local_costmap.local_costmap]: Timed out waiting for transform from base_link to odom to become available, tf error: Invalid frame ID "odom" passed to canTransform argument target_frame - frame does not exist
[controller_server-8] [INFO] [1789643535.358464517] [local_costmap.local_costmap]: Timed out waiting for transform from base_link to odom to become available, tf error: Invalid frame ID "odom" passed to canTransform argument target_frame - frame does not exist
[controller_server-8] [INFO] [1789643535.858478564] [local_costmap.local_costmap]: Timed out waiting for transform from base_link to odom to become available, tf error: Invalid frame ID "odom" passed to canTransform argument target_frame - frame does not exist
[controller_server-8] [INFO] [1789643536.358485878] [local_costmap.local_costmap]: Timed out waiting for transform from base_link to odom to become available, tf error: Invalid frame ID "odom" passed to canTransform argument target_frame - frame does not exist
[controller_server-8] [INFO] [1789643536.858480080] [local_costmap.local_costmap]: Timed out waiting for transform from base_link to odom to become available, tf error: Invalid frame ID "odom" passed to canTransform argument target_frame - frame does not exist
[controller_server-8] [INFO] [1789643537.358484247] [local_costmap.local_costmap]: Timed out waiting for transform from base_link to odom to become available, tf error: Invalid frame ID "odom" passed to canTransform argument target_frame - frame does not exist
[controller_server-8] [INFO] [1789643537.858464233] [local_costmap.local_costmap]: Timed out waiting for transform from base_link to odom to become available, tf error: Invalid frame ID "odom" passed to canTransform argument target_frame - frame does not exist
[controller_server-8] [INFO] [1789643538.358486218] [local_costmap.local_costmap]: Timed out waiting for transform from base_link to odom to become available, tf error: Invalid frame ID "odom" passed to canTransform argument target_frame - frame does not exist
[controller_server-8] [INFO] [1789643538.858487507] [local_costmap.local_costmap]: Timed out waiting for transform from base_link to odom to become available, tf error: Invalid frame ID "odom" passed to canTransform argument target_frame - frame does not exist
[controller_server-8] [INFO] [1789643539.358468515] [local_costmap.local_costmap]: Timed out waiting for transform from base_link to odom to become available, tf error: Invalid frame ID "odom" passed to canTransform argument target_frame - frame does not exist
[hunav_six_behaviors_bridge-5] [INFO] [1789643539.691797553] [arena_hunav_isaac_bridge]: SIX_BEHAVIORS_ROBOT_OK path=/World/arena_robot
[hunav_six_behaviors_bridge-5] [INFO] [1789643539.836797843] [arena_hunav_isaac_bridge]: SIX_BEHAVIORS_HUNAV_SERVICE_OK service=/compute_agents
[controller_server-8] [INFO] [1789643539.858466348] [local_costmap.local_costmap]: Timed out waiting for transform from base_link to odom to become available, tf error: Invalid frame ID "odom" passed to canTransform argument target_frame - frame does not exist
[hunav_agent_manager-3] [AgentManager.init] All agents cleared and flags reset 
[hunav_agent_manager-3] 	robot 0, x:3.00, y:3.00
[hunav_agent_manager-3] SFM Robot initialized
[hunav_agent_manager-3] Initializing SFM Agents...
[hunav_agent_manager-3] 	agent regular, x:15.00, y:12.00, th:-3.14
[hunav_agent_manager-3] 	agent impassive, x:5.00, y:10.00, th:0.00
[hunav_agent_manager-3] 	agent surprised, x:6.50, y:4.50, th:-3.14
[hunav_agent_manager-3] 	agent scared, x:4.50, y:5.00, th:-2.21
[hunav_agent_manager-3] 	agent curious, x:1.00, y:8.00, th:-1.57
[hunav_agent_manager-3] 	agent threatening, x:6.00, y:3.00, th:-3.14
[hunav_agent_manager-3] SFM Agents initialized
[hunav_agent_manager-3] [ERROR] [1789643540.302108947] [hunav_agent_manager]: First service call received!
[hunav_agent_manager-3] [ERROR] [1789643540.302169650] [hunav_agent_manager]: robot pose x:3.00, y:3.00, th:0.00
[hunav_agent_manager-3] [ERROR] [1789643540.302185548] [hunav_agent_manager]: Agents received: 6
[hunav_agent_manager-3] [ERROR] [1789643540.302196011] [hunav_agent_manager]: Initializing Behavior Trees of 6 agents...
[hunav_agent_manager-3] [INFO] [1789643540.302206843] [hunav_agent_manager]: Initializing Behavior tree of Agent regular, id: 1, behavior: 1
[hunav_agent_manager-3] [INFO] [1789643540.302229850] [hunav_agent_manager]: Loading BTRegularNav.xml tree
[hunav_agent_manager-3] [INFO] [1789643540.302530321] [hunav_agent_manager]: Behavior Tree for agent regular [id:1] loaded!
[hunav_agent_manager-3] [INFO] [1789643540.302597619] [hunav_agent_manager]: Initializing Behavior tree of Agent impassive, id: 2, behavior: 2
[hunav_agent_manager-3] [INFO] [1789643540.302612071] [hunav_agent_manager]: Loading BTRegularNav.xml tree (with impassive behavior)
[hunav_agent_manager-3] [INFO] [1789643540.302792070] [hunav_agent_manager]: Behavior Tree for agent impassive [id:2] loaded!
[hunav_agent_manager-3] [INFO] [1789643540.302822394] [hunav_agent_manager]: Initializing Behavior tree of Agent surprised, id: 3, behavior: 3
[hunav_agent_manager-3] [INFO] [1789643540.302838619] [hunav_agent_manager]: Loading BTSurprisedNav.xml tree
[hunav_agent_manager-3] [INFO] [1789643540.303241077] [hunav_agent_manager]: Behavior Tree for agent surprised [id:3] loaded!
[hunav_agent_manager-3] [INFO] [1789643540.303294084] [hunav_agent_manager]: Initializing Behavior tree of Agent scared, id: 4, behavior: 4
[hunav_agent_manager-3] [INFO] [1789643540.303312964] [hunav_agent_manager]: Loading BTScaredNav.xml tree
[hunav_agent_manager-3] [INFO] [1789643540.303667800] [hunav_agent_manager]: Behavior Tree for agent scared [id:4] loaded!
[hunav_agent_manager-3] [INFO] [1789643540.303717755] [hunav_agent_manager]: Initializing Behavior tree of Agent curious, id: 5, behavior: 5
[hunav_agent_manager-3] [INFO] [1789643540.303734172] [hunav_agent_manager]: Loading BTCuriousNav.xml tree
[hunav_agent_manager-3] [INFO] [1789643540.304078376] [hunav_agent_manager]: Behavior Tree for agent curious [id:5] loaded!
[hunav_agent_manager-3] [INFO] [1789643540.304128596] [hunav_agent_manager]: Initializing Behavior tree of Agent threatening, id: 6, behavior: 6
[hunav_agent_manager-3] [INFO] [1789643540.304144397] [hunav_agent_manager]: Loading BTThreatening.xml tree
[hunav_agent_manager-3] ----------------
[hunav_agent_manager-3] RegularNavFallback
[hunav_agent_manager-3]    RegularNavigation
[hunav_agent_manager-3]       Inverter
[hunav_agent_manager-3]          IsGoalReached
[hunav_agent_manager-3]       RegularNav
[hunav_agent_manager-3]    UpdateGoal
[hunav_agent_manager-3] ----------------
[hunav_agent_manager-3] ----------------
[hunav_agent_manager-3] RegularNavFallback
[hunav_agent_manager-3]    RegularNavigation
[hunav_agent_manager-3]       Inverter
[hunav_agent_manager-3]          IsGoalReached
[hunav_agent_manager-3]       RegularNav
[hunav_agent_manager-3]    UpdateGoal
[hunav_agent_manager-3] ----------------
[hunav_agent_manager-3] TimeExpiredCondition initiated!
[hunav_agent_manager-3]  seconds:30.00, dt:0.000, only_once:0
[hunav_agent_manager-3] ----------------
[hunav_agent_manager-3] SurprisedFallback
[hunav_agent_manager-3]    SurNav
[hunav_agent_manager-3]       IsRobotVisible
[hunav_agent_manager-3]       Inverter
[hunav_agent_manager-3]          TimeExpiredCondition
[hunav_agent_manager-3]       SurprisedNav
[hunav_agent_manager-3]    RegNav
[hunav_agent_manager-3]       SetBlackboard
[hunav_agent_manager-3]       SetBlackboard
[hunav_agent_manager-3]       RegularNavTree
[hunav_agent_manager-3]          RegularNavFallback
[hunav_agent_manager-3]             RegularNavigation
[hunav_agent_manager-3]                Inverter
[hunav_agent_manager-3]                   IsGoalReached
[hunav_agent_manager-3]                RegularNav
[hunav_agent_manager-3]             UpdateGoal
[hunav_agent_manager-3] ----------------
[hunav_agent_manager-3] TimeExpiredCondition initiated!
[hunav_agent_manager-3]  seconds:40.00, dt:0.000, only_once:0
[hunav_agent_manager-3] ----------------
[hunav_agent_manager-3] ScaredFallback
[hunav_agent_manager-3]    ScaNav
[hunav_agent_manager-3]       IsRobotVisible
[hunav_agent_manager-3]       Inverter
[hunav_agent_manager-3]          TimeExpiredCondition
[hunav_agent_manager-3]       ScaredNav
[hunav_agent_manager-3]    RegNav
[hunav_agent_manager-3]       SetBlackboard
[hunav_agent_manager-3]       SetBlackboard
[hunav_agent_manager-3]       RegularNavTree
[hunav_agent_manager-3]          RegularNavFallback
[hunav_agent_manager-3]             RegularNavigation
[hunav_agent_manager-3]                Inverter
[hunav_agent_manager-3]                   IsGoalReached
[hunav_agent_manager-3]                RegularNav
[hunav_agent_manager-3]             UpdateGoal
[hunav_agent_manager-3] ----------------
[hunav_agent_manager-3] TimeExpiredCondition initiated!
[hunav_agent_manager-3]  seconds:30.00, dt:0.000, only_once:0
[hunav_agent_manager-3] ----------------
[hunav_agent_manager-3] CuriousFallback
[hunav_agent_manager-3]    CurNav
[hunav_agent_manager-3]       IsRobotVisible
[hunav_agent_manager-3]       Inverter
[hunav_agent_manager-3]          TimeExpiredCondition
[hunav_agent_manager-3]       CuriousNav
[hunav_agent_manager-3]    RegNav
[hunav_agent_manager-3]       SetBlackboard
[hunav_agent_manager-3]       SetBlackboard
[hunav_agent_manager-3]       RegularNavTree
[hunav_agent_manager-3]          RegularNavFallback
[hunav_agent_manager-3]             RegularNavigation
[hunav_agent_manager-3]                Inverter
[hunav_agent_manager-3]                   IsGoalReached
[hunav_agent_manager-3]                RegularNav
[hunav_agent_manager-3]             UpdateGoal
[hunav_agent_manager-3] ----------------
[hunav_agent_manager-3] [INFO] [1789643540.304480396] [hunav_agent_manager]: Behavior Tree for agent threatening [id:6] loaded!
[hunav_agent_manager-3] [ERROR] [1789643540.304531597] [hunav_agent_manager]: Behavior trees succesfully initiated!
[hunav_agent_manager-3] TimeExpiredCondition initiated!
[hunav_agent_manager-3]  seconds:40.00, dt:0.000, only_once:0
[hunav_agent_manager-3] ----------------
[hunav_agent_manager-3] ThreateningFallback
[hunav_agent_manager-3]    ThreadNav
[hunav_agent_manager-3]       IsRobotVisible
[hunav_agent_manager-3]       ThreadTimerNav
[hunav_agent_manager-3]          Inverter
[hunav_agent_manager-3]             TimeExpiredCondition
[hunav_agent_manager-3]          ThreateningNav
[hunav_agent_manager-3]    RegNav
[hunav_agent_manager-3]       SetBlackboard
[hunav_agent_manager-3]       SetBlackboard
[hunav_agent_manager-3]       RegularNavTree
[hunav_agent_manager-3]          RegularNavFallback
[hunav_agent_manager-3]             RegularNavigation
[hunav_agent_manager-3]                Inverter
[hunav_agent_manager-3]                   IsGoalReached
[hunav_agent_manager-3]                RegularNav
[hunav_agent_manager-3]             UpdateGoal
[hunav_agent_manager-3] ----------------
[controller_server-8] [INFO] [1789643540.358682636] [local_costmap.local_costmap]: start
[controller_server-8] [INFO] [1789643540.460214922] [controller_server]: Creating bond (controller_server) to lifecycle manager.
[lifecycle_manager-15] [INFO] [1789643540.568178209] [lifecycle_manager_navigation]: Server controller_server connected with bond.
[lifecycle_manager-15] [INFO] [1789643540.568303276] [lifecycle_manager_navigation]: [34m[1mActivating smoother_server[0m[0m
[smoother_server-9] [INFO] [1789643540.568847377] [smoother_server]: Activating
[smoother_server-9] [INFO] [1789643540.568929541] [smoother_server]: Creating bond (smoother_server) to lifecycle manager.
[lifecycle_manager-15] [INFO] [1789643540.675407647] [lifecycle_manager_navigation]: Server smoother_server connected with bond.
[lifecycle_manager-15] [INFO] [1789643540.675496233] [lifecycle_manager_navigation]: [34m[1mActivating planner_server[0m[0m
[planner_server-10] [INFO] [1789643540.676112154] [planner_server]: Activating
[planner_server-10] [INFO] [1789643540.676201154] [global_costmap.global_costmap]: Activating
[planner_server-10] [INFO] [1789643540.676225871] [global_costmap.global_costmap]: Checking transform
[planner_server-10] [INFO] [1789643540.676422037] [global_costmap.global_costmap]: start
[planner_server-10] [INFO] [1789643540.726551104] [planner_server]: Activating plugin GridBased of type NavfnPlanner
[planner_server-10] [INFO] [1789643540.728456925] [planner_server]: Creating bond (planner_server) to lifecycle manager.
[lifecycle_manager-15] [INFO] [1789643540.835364183] [lifecycle_manager_navigation]: Server planner_server connected with bond.
[lifecycle_manager-15] [INFO] [1789643540.835430233] [lifecycle_manager_navigation]: [34m[1mActivating behavior_server[0m[0m
[behavior_server-11] [INFO] [1789643540.835809316] [behavior_server]: Activating
[behavior_server-11] [INFO] [1789643540.835850542] [behavior_server]: Activating spin
[behavior_server-11] [INFO] [1789643540.835859471] [behavior_server]: Activating backup
[behavior_server-11] [INFO] [1789643540.835865475] [behavior_server]: Activating drive_on_heading
[behavior_server-11] [INFO] [1789643540.835871113] [behavior_server]: Activating wait
[behavior_server-11] [INFO] [1789643540.835878892] [behavior_server]: Creating bond (behavior_server) to lifecycle manager.
[lifecycle_manager-15] [INFO] [1789643540.940770455] [lifecycle_manager_navigation]: Server behavior_server connected with bond.
[lifecycle_manager-15] [INFO] [1789643540.940846357] [lifecycle_manager_navigation]: [34m[1mActivating bt_navigator[0m[0m
[bt_navigator-12] [INFO] [1789643540.941314536] [bt_navigator]: Activating
[bt_navigator-12] [INFO] [1789643540.956857341] [bt_navigator]: Creating bond (bt_navigator) to lifecycle manager.
[lifecycle_manager-15] [INFO] [1789643541.063462711] [lifecycle_manager_navigation]: Server bt_navigator connected with bond.
[lifecycle_manager-15] [INFO] [1789643541.063539235] [lifecycle_manager_navigation]: [34m[1mActivating waypoint_follower[0m[0m
[waypoint_follower-13] [INFO] [1789643541.063956519] [waypoint_follower]: Activating
[waypoint_follower-13] [INFO] [1789643541.064032901] [waypoint_follower]: Creating bond (waypoint_follower) to lifecycle manager.
[lifecycle_manager-15] [INFO] [1789643541.173761101] [lifecycle_manager_navigation]: Server waypoint_follower connected with bond.
[lifecycle_manager-15] [INFO] [1789643541.173856737] [lifecycle_manager_navigation]: [34m[1mActivating velocity_smoother[0m[0m
[velocity_smoother-14] [INFO] [1789643541.174432137] [velocity_smoother]: Activating
[velocity_smoother-14] [INFO] [1789643541.174514152] [velocity_smoother]: Creating bond (velocity_smoother) to lifecycle manager.
[lifecycle_manager-15] [INFO] [1789643541.282923858] [lifecycle_manager_navigation]: Server velocity_smoother connected with bond.
[lifecycle_manager-15] [INFO] [1789643541.283011004] [lifecycle_manager_navigation]: [34m[1mManaged nodes are active[0m[0m
[lifecycle_manager-15] [INFO] [1789643541.283032151] [lifecycle_manager_navigation]: [34m[1mCreating bond timer...[0m[0m
[hunav_six_behaviors_bridge-5] [INFO] [1789643542.181295337] [arena_hunav_isaac_bridge]: SIX_BEHAVIORS_READY pedestrians=6 behavior_types=1,2,3,4,5,6 compute_rate=40.0 max_dt=0.025 robot_state=odom hunav=/compute_agents isaac=/isaac/UpdatePedestrians
[hunav_agent_manager-3] Updating goal for agent 4
[hunav_agent_manager-3] 
[hunav_six_behaviors_bridge-5] [INFO] [1789643552.706289097] [arena_hunav_isaac_bridge]: SIX_BEHAVIORS_RUNNING compute=200 updates=60 compute_hz=16.1 display_hz=4.8 max_dt=0.025 lag=0.008 substeps=199 states=regular:1/0,impassive:2/0,surprised:3/1,scared:4/0,curious:5/0,threatening:6/0
[hunav_agent_manager-3] Updating goal for agent 6
[hunav_agent_manager-3] 
[hunav_agent_manager-3] Updating goal for agent 2
[hunav_agent_manager-3] 
[hunav_agent_manager-3] Updating goal for agent 1
[hunav_agent_manager-3] 
[hunav_agent_manager-3] Updating goal for agent 6
[hunav_agent_manager-3] 
[hunav_six_behaviors_bridge-5] [INFO] [1789643565.253232056] [arena_hunav_isaac_bridge]: SIX_BEHAVIORS_RUNNING compute=400 updates=121 compute_hz=16.0 display_hz=4.8 max_dt=0.025 lag=0.008 substeps=399 states=regular:1/0,impassive:2/0,surprised:3/1,scared:4/0,curious:5/0,threatening:6/0
[hunav_agent_manager-3] Updating goal for agent 4
[hunav_agent_manager-3] 
[hunav_agent_manager-3] Updating goal for agent 6
[hunav_agent_manager-3] 
[bt_navigator-12] [INFO] [1789643572.814136275] [bt_navigator]: Begin navigating from current location (3.00, 3.00) to (3.60, 3.00)
[controller_server-8] [INFO] [1789643573.015568308] [controller_server]: Received a goal, begin computing control effort.
[controller_server-8] [WARN] [1789643573.015728651] [controller_server]: No goal checker was specified in parameter 'current_goal_checker'. Server will use only plugin loaded goal_checker . This warning will appear once.
[controller_server-8] [INFO] [1789643573.517088737] [controller_server]: Passing new path to controller.
[hunav_agent_manager-3] Updating goal for agent 2
[hunav_agent_manager-3] 
[hunav_agent_manager-3] Updating goal for agent 1
[hunav_agent_manager-3] 
[controller_server-8] [INFO] [1789643574.017062876] [controller_server]: Passing new path to controller.
[controller_server-8] [INFO] [1789643574.517070011] [controller_server]: Passing new path to controller.
[controller_server-8] [INFO] [1789643575.017059398] [controller_server]: Passing new path to controller.
[controller_server-8] [INFO] [1789643575.517081474] [controller_server]: Passing new path to controller.
[controller_server-8] [INFO] [1789643576.017082309] [controller_server]: Passing new path to controller.
[controller_server-8] [INFO] [1789643576.517081923] [controller_server]: Passing new path to controller.
[controller_server-8] [INFO] [1789643577.017069854] [controller_server]: Passing new path to controller.
[controller_server-8] [INFO] [1789643577.439569971] [controller_server]: Reached the goal!
[controller_server-8] [INFO] [1789643577.514974375] [controller_server]: Received a goal, begin computing control effort.
[controller_server-8] [INFO] [1789643577.535228963] [controller_server]: Reached the goal!
[bt_navigator-12] [INFO] [1789643577.914457417] [bt_navigator]: Goal succeeded
[hunav_six_behaviors_bridge-5] [INFO] [1789643578.283860271] [arena_hunav_isaac_bridge]: SIX_BEHAVIORS_RUNNING compute=600 updates=184 compute_hz=15.8 display_hz=4.8 max_dt=0.025 lag=0.008 substeps=599 states=regular:1/0,impassive:2/0,surprised:3/1,scared:4/0,curious:5/0,threatening:6/0
[WARNING] [launch]: user interrupted with ctrl-c (SIGINT)
[waypoint_follower-13] [INFO] [1789643581.505774007] [rclcpp]: signal_handler(signum=2)
[waypoint_follower-13] [INFO] [1789643581.505989064] [waypoint_follower]: Running Nav2 LifecycleNode rcl preshutdown (waypoint_follower)
[robot_state_publisher-4] [INFO] [1789643581.505805564] [rclcpp]: signal_handler(signum=2)
[INFO] [lifecycle_manager-15]: sending signal 'SIGINT' to process[lifecycle_manager-15]
[INFO] [velocity_smoother-14]: sending signal 'SIGINT' to process[velocity_smoother-14]
[INFO] [waypoint_follower-13]: sending signal 'SIGINT' to process[waypoint_follower-13]
[INFO] [bt_navigator-12]: sending signal 'SIGINT' to process[bt_navigator-12]
[INFO] [behavior_server-11]: sending signal 'SIGINT' to process[behavior_server-11]
[INFO] [planner_server-10]: sending signal 'SIGINT' to process[planner_server-10]
[ERROR] [velocity_smoother-14]: process has died [pid 183345, exit code -2, cmd '/home/lpc/workspace/arena5_ws/.conda/arena_ros/lib/nav2_velocity_smoother/velocity_smoother --ros-args --log-level info --ros-args -r __node:=velocity_smoother --params-file /tmp/launch_params_8ii0quf5 -r /tf:=tf -r /tf_static:=tf_static -r cmd_vel:=cmd_vel_nav -r cmd_vel_smoothed:=cmd_vel'].
[INFO] [smoother_server-9]: sending signal 'SIGINT' to process[smoother_server-9]
[INFO] [controller_server-8]: sending signal 'SIGINT' to process[controller_server-8]
[INFO] [lifecycle_manager-7]: sending signal 'SIGINT' to process[lifecycle_manager-7]
[INFO] [map_server-6]: sending signal 'SIGINT' to process[map_server-6]
[INFO] [hunav_six_behaviors_bridge-5]: sending signal 'SIGINT' to process[hunav_six_behaviors_bridge-5]
[INFO] [robot_state_publisher-4]: sending signal 'SIGINT' to process[robot_state_publisher-4]
[INFO] [hunav_agent_manager-3]: sending signal 'SIGINT' to process[hunav_agent_manager-3]
[ERROR] [smoother_server-9]: process has died [pid 183335, exit code -2, cmd '/home/lpc/workspace/arena5_ws/.conda/arena_ros/lib/nav2_smoother/smoother_server --ros-args --log-level info --ros-args -r __node:=smoother_server --params-file /tmp/launch_params_8ii0quf5 -r /tf:=tf -r /tf_static:=tf_static'].
[ERROR] [lifecycle_manager-7]: process has died [pid 183331, exit code -2, cmd '/home/lpc/workspace/arena5_ws/.conda/arena_ros/lib/nav2_lifecycle_manager/lifecycle_manager --ros-args -r __node:=lifecycle_manager_map --params-file /tmp/launch_params_wjx082dt --params-file /tmp/launch_params_8w432v8i --params-file /tmp/launch_params_6_0rk8m1'].
[INFO] [hunav_loader-2]: sending signal 'SIGINT' to process[hunav_loader-2]
[INFO] [python-1]: sending signal 'SIGINT' to process[python-1]
[hunav_loader-2] [INFO] [1789643581.505814926] [rclcpp]: signal_handler(signum=2)
[ERROR] [map_server-6]: process has died [pid 183329, exit code -2, cmd '/home/lpc/workspace/arena5_ws/.conda/arena_ros/lib/nav2_map_server/map_server --ros-args -r __node:=map_server --params-file /tmp/launch_params_t_72enun -r map:=/task_generator_node/map'].
[ERROR] [robot_state_publisher-4]: process has died [pid 183325, exit code -2, cmd '/home/lpc/workspace/arena5_ws/.conda/arena_ros/lib/robot_state_publisher/robot_state_publisher /home/lpc/workspace/arena5_ws/config/generated/jackal.urdf --ros-args -r __node:=robot_state_publisher --params-file /tmp/launch_params_nrt_lq2a'].
[hunav_agent_manager-3] [INFO] [1789643581.505827313] [rclcpp]: signal_handler(signum=2)
[lifecycle_manager-15] [INFO] [1789643581.505885069] [rclcpp]: signal_handler(signum=2)
[lifecycle_manager-15] [INFO] [1789643581.506019488] [lifecycle_manager_navigation]: Running Nav2 LifecycleManager rcl preshutdown (lifecycle_manager_navigation)
[lifecycle_manager-15] [INFO] [1789643581.506075514] [lifecycle_manager_navigation]: [34m[1mTerminating bond timer...[0m[0m
[ERROR] [hunav_six_behaviors_bridge-5]: process has died [pid 183327, exit code -2, cmd '/home/lpc/workspace/arena5_ws/install/arena_humble_compat/lib/arena_humble_compat/hunav_six_behaviors_bridge --ros-args -r __node:=arena_hunav_isaac_bridge --params-file /home/lpc/workspace/arena5_ws/install/arena_bringup/share/arena_bringup/configs/hunav_agents/isaac_six_behaviors_warehouse.yaml --params-file /tmp/launch_params_ch_2cw2b'].
[behavior_server-11] [INFO] [1789643581.505846636] [rclcpp]: signal_handler(signum=2)
[behavior_server-11] [INFO] [1789643581.506399381] [behavior_server]: Running Nav2 LifecycleNode rcl preshutdown (behavior_server)
[behavior_server-11] [INFO] [1789643581.506670112] [behavior_server]: Deactivating
[lifecycle_manager-7] [INFO] [1789643581.505886897] [rclcpp]: signal_handler(signum=2)
[lifecycle_manager-7] [INFO] [1789643581.506168799] [lifecycle_manager_map]: Running Nav2 LifecycleManager rcl preshutdown (lifecycle_manager_map)
[lifecycle_manager-7] [INFO] [1789643581.506387880] [lifecycle_manager_map]: [34m[1mTerminating bond timer...[0m[0m
[map_server-6] [INFO] [1789643581.505891739] [rclcpp]: signal_handler(signum=2)
[map_server-6] [INFO] [1789643581.506125011] [map_server]: Running Nav2 LifecycleNode rcl preshutdown (map_server)
[map_server-6] [INFO] [1789643581.506301268] [map_server]: Deactivating
[map_server-6] [INFO] [1789643581.506333562] [map_server]: Destroying bond (map_server) to lifecycle manager.
[planner_server-10] [INFO] [1789643581.505896689] [rclcpp]: signal_handler(signum=2)
[planner_server-10] [INFO] [1789643581.506115094] [planner_server]: Running Nav2 LifecycleNode rcl preshutdown (planner_server)
[planner_server-10] [INFO] [1789643581.506446271] [planner_server]: Deactivating
[planner_server-10] [INFO] [1789643581.506552537] [global_costmap.global_costmap]: Deactivating
[bt_navigator-12] [INFO] [1789643581.505922519] [rclcpp]: signal_handler(signum=2)
[bt_navigator-12] [INFO] [1789643581.506186114] [bt_navigator]: Running Nav2 LifecycleNode rcl preshutdown (bt_navigator)
[bt_navigator-12] [INFO] [1789643581.506621076] [bt_navigator]: Deactivating
[bt_navigator-12] [INFO] [1789643581.506764354] [bt_navigator]: Destroying bond (bt_navigator) to lifecycle manager.
[controller_server-8] [INFO] [1789643581.505926411] [rclcpp]: signal_handler(signum=2)
[controller_server-8] [INFO] [1789643581.506120486] [controller_server]: Running Nav2 LifecycleNode rcl preshutdown (controller_server)
[controller_server-8] [INFO] [1789643581.506297646] [controller_server]: Deactivating
[controller_server-8] [INFO] [1789643581.506386842] [local_costmap.local_costmap]: Deactivating
[smoother_server-9] [INFO] [1789643581.505925585] [rclcpp]: signal_handler(signum=2)
[smoother_server-9] [INFO] [1789643581.506201484] [smoother_server]: Running Nav2 LifecycleNode rcl preshutdown (smoother_server)
[smoother_server-9] [INFO] [1789643581.506466382] [smoother_server]: Deactivating
[smoother_server-9] [INFO] [1789643581.506510591] [smoother_server]: Destroying bond (smoother_server) to lifecycle manager.
[velocity_smoother-14] [INFO] [1789643581.505946844] [rclcpp]: signal_handler(signum=2)
[velocity_smoother-14] [INFO] [1789643581.506263253] [velocity_smoother]: Running Nav2 LifecycleNode rcl preshutdown (velocity_smoother)
[velocity_smoother-14] [INFO] [1789643581.506459416] [velocity_smoother]: Deactivating
[velocity_smoother-14] [INFO] [1789643581.506502538] [velocity_smoother]: Destroying bond (velocity_smoother) to lifecycle manager.
[waypoint_follower-13] [INFO] [1789643581.506211275] [waypoint_follower]: Deactivating
[waypoint_follower-13] [INFO] [1789643581.506252919] [waypoint_follower]: Destroying bond (waypoint_follower) to lifecycle manager.
[waypoint_follower-13] [INFO] [1789643581.516593370] [waypoint_follower]: Cleaning up
[ERROR] [hunav_loader-2]: process has died [pid 183321, exit code -2, cmd '/home/lpc/workspace/arena5_ws/install/hunav_agent_manager/lib/hunav_agent_manager/hunav_loader --ros-args -r __node:=hunav_loader --params-file /home/lpc/workspace/arena5_ws/install/arena_bringup/share/arena_bringup/configs/hunav_agents/isaac_six_behaviors_warehouse.yaml --params-file /tmp/launch_params_b3py3nrq'].
[behavior_server-11] [INFO] [1789643581.506754152] [behavior_server]: Destroying bond (behavior_server) to lifecycle manager.
[behavior_server-11] [INFO] [1789643581.517100882] [behavior_server]: Cleaning up
[map_server-6] [INFO] [1789643581.516725619] [map_server]: Cleaning up
[map_server-6] [INFO] [1789643581.516923436] [map_server]: Destroying bond (map_server) to lifecycle manager.
[smoother_server-9] [INFO] [1789643581.516883661] [smoother_server]: Cleaning up
[velocity_smoother-14] [INFO] [1789643581.516898079] [velocity_smoother]: Cleaning up
[velocity_smoother-14] [INFO] [1789643581.516956469] [velocity_smoother]: Destroying bond (velocity_smoother) to lifecycle manager.
[bt_navigator-12] [INFO] [1789643581.517280688] [bt_navigator]: Cleaning up
[waypoint_follower-13] [INFO] [1789643581.522770457] [waypoint_follower]: Destroying bond (waypoint_follower) to lifecycle manager.
[lifecycle_manager-7] [INFO] [1789643581.522844575] [lifecycle_manager_map]: Destroying lifecycle_manager_map
[velocity_smoother-14] [INFO] [1789643581.523205995] [velocity_smoother]: Destroying
[map_server-6] [INFO] [1789643581.523645122] [map_server]: Destroying
[lifecycle_manager-15] [INFO] [1789643581.523932757] [rclcpp]: signal_handler(signum=2)
[smoother_server-9] [INFO] [1789643581.525361351] [smoother_server]: Destroying bond (smoother_server) to lifecycle manager.
[behavior_server-11] [INFO] [1789643581.525434934] [behavior_server]: Destroying bond (behavior_server) to lifecycle manager.
[waypoint_follower-13] [INFO] [1789643581.529115648] [rclcpp]: signal_handler(signum=2)
[ERROR] [hunav_agent_manager-3]: process has died [pid 183323, exit code -2, cmd '/home/lpc/workspace/arena5_ws/install/hunav_agent_manager/lib/hunav_agent_manager/hunav_agent_manager --ros-args -r __node:=hunav_agent_manager --params-file /tmp/launch_params_42gqf04g'].
[smoother_server-9] [INFO] [1789643581.529909987] [smoother_server]: Destroying
[bt_navigator-12] [INFO] [1789643581.531192966] [rclcpp]: signal_handler(signum=2)
[waypoint_follower-13] [INFO] [1789643581.531462981] [waypoint_follower]: Destroying
[behavior_server-11] [INFO] [1789643581.533905892] [rclcpp]: signal_handler(signum=2)
[planner_server-10] [INFO] [1789643581.536804845] [rclcpp]: signal_handler(signum=2)
[controller_server-8] [INFO] [1789643581.540308961] [rclcpp]: signal_handler(signum=2)
[behavior_server-11] [INFO] [1789643581.548832840] [behavior_server]: Destroying
[controller_server-8] [INFO] [1789643581.559103566] [controller_server]: Destroying bond (controller_server) to lifecycle manager.
[bt_navigator-12] [INFO] [1789643581.565322419] [bt_navigator]: Completed Cleaning up
[bt_navigator-12] [INFO] [1789643581.565392645] [bt_navigator]: Destroying bond (bt_navigator) to lifecycle manager.
[bt_navigator-12] [INFO] [1789643581.568572451] [bt_navigator]: Destroying
[controller_server-8] [INFO] [1789643581.569526938] [controller_server]: Cleaning up
[controller_server-8] [INFO] [1789643581.571615340] [local_costmap.local_costmap]: Cleaning up
[controller_server-8] [INFO] [1789643581.590696038] [controller_server]: Destroying bond (controller_server) to lifecycle manager.
[controller_server-8] [INFO] [1789643581.598811912] [local_costmap.local_costmap]: Destroying
[lifecycle_manager-15] [INFO] [1789643581.599869552] [lifecycle_manager_navigation]: Destroying lifecycle_manager_navigation
[controller_server-8] [INFO] [1789643581.610862613] [controller_server]: Destroying
[INFO] [waypoint_follower-13]: process has finished cleanly [pid 183343]
[INFO] [behavior_server-11]: process has finished cleanly [pid 183339]
[planner_server-10] [INFO] [1789643581.676924982] [planner_server]: Deactivating plugin GridBased of type NavfnPlanner
[planner_server-10] [INFO] [1789643581.677076204] [planner_server]: Destroying bond (planner_server) to lifecycle manager.
[planner_server-10] [INFO] [1789643581.687265568] [planner_server]: Cleaning up
[INFO] [bt_navigator-12]: process has finished cleanly [pid 183341]
[planner_server-10] [INFO] [1789643581.697131403] [global_costmap.global_costmap]: Cleaning up
[planner_server-10] [INFO] [1789643581.700638260] [planner_server]: Cleaning up plugin GridBased of type NavfnPlanner
[planner_server-10] [INFO] [1789643581.700874460] [planner_server]: Destroying plugin GridBased of type NavfnPlanner
[planner_server-10] [INFO] [1789643581.709539888] [planner_server]: Destroying bond (planner_server) to lifecycle manager.
[planner_server-10] [INFO] [1789643581.715074398] [global_costmap.global_costmap]: Destroying
[planner_server-10] [INFO] [1789643581.724596942] [planner_server]: Destroying
[INFO] [lifecycle_manager-15]: process has finished cleanly [pid 183347]
[INFO] [controller_server-8]: process has finished cleanly [pid 183333]
[INFO] [planner_server-10]: process has finished cleanly [pid 183337]
[python-1] 2026-09-17T11:12:14Z [37,985ms] [Warning] [omni.usd] Warning: in _ReportErrors at line 3172 of /builds/omniverse/usd-ci/USD/pxr/usd/usd/stage.cpp -- In </World/arena_robot/imu_link/visuals>: Unresolved reference prim path @anon:0x5be014839f50:World1.usd@</visuals/imu_link> introduced by @anon:0x5be014839f50:World1.usd@</World/arena_robot/imu_link/visuals> (recomposing stage on stage @anon:0x5be014839f50:World1.usd@ <0x5be014bbbc20>)
[python-1] 
[python-1] 2026-09-17T11:12:15Z [38,468ms] [Warning] [omni.replicator.core.scripts.functional.create_batch] World/arena_robot/lidar_link/gpu_lidar_points is an invalid prim path. Renaming to World_arena_robot_lidar_link_gpu_lidar_points.
[python-1] 2026-09-17T11:12:15Z [38,492ms] [Warning] [omni.replicator.core.scripts.functional.create_batch] World/arena_robot/lidar_link/gpu_lidar_scan is an invalid prim path. Renaming to World_arena_robot_lidar_link_gpu_lidar_scan.
[python-1] 2026-09-17T11:12:17Z [40,906ms] [Warning] [omni.fabric.plugin] getAttributeCount called on non-existent path /World/arena_robot/rear_right_wheel_link/collisions/mesh_0
[python-1] 2026-09-17T11:12:17Z [40,906ms] [Warning] [omni.fabric.plugin] getTypes called on non-existent path /World/arena_robot/rear_right_wheel_link/collisions/mesh_0
[python-1] 2026-09-17T11:12:17Z [41,303ms] [Warning] [omni.sensors.nv.lidar.lidar_core.plugin] MotionBVH for lidar model not enabled. This will result in an incorrect point cloud without motion effects!
[python-1] 2026-09-17T11:12:17Z [41,317ms] [Warning] [carb] Client omni.sensors.nv.materials.composite_material has acquired [omni::sensors::materials::IMaterialReaderFactory v0.1] 100 times. Consider accessing this interface with carb::getCachedInterface() (Performance warning)
[python-1] 2026-09-17T11:12:18Z [41,579ms] [Warning] [omni.anim.graph.core.plugin] getCharacter - /World/regular/ManRoot/female_adult_business_02 is not a SkelRoot prim or does not apply AnimationGraphAPI
[python-1] 2026-09-17T11:12:18Z [41,592ms] [Warning] [omni.fabric.plugin] Warning: attribute animationGraph not found for path /World/scared/ManRoot/male_adult_construction_01
[python-1] 
[python-1] 2026-09-17T11:12:18Z [41,644ms] [Warning] [carb] Plugin interface for a client: omni.hydratexture.plugin was already released.
[python-1] 2026-09-17T11:12:18Z [41,646ms] [Warning] [carb] Plugin interface for a client: omni.hydratexture.plugin was already released.
[python-1] 2026-09-17T11:12:19Z [42,653ms] [Warning] [omni.graph.core.plugin] /World/arena_robot/imu_link/IMUPublisher/read_imu: [/World/arena_robot/imu_link/IMUPublisher] no valid sensor reading, is the sensor enabled?
[python-1] 2026-09-17T11:12:19Z [43,054ms] [Warning] [omni.timeline.plugin] Deprecated: direct use of ITimeline callbacks is deprecated. Use ITimeline::getTimeline (Python: omni.timeline.get_timeline_interface) instead.
[python-1] 2026-09-17T11:12:19Z [43,241ms] [Warning] [isaacsim.core.simulation_manager.plugin] No adjacent samples found for interpolation at time 167/30
[python-1] 2026-09-17T11:12:19Z [43,241ms] [Warning] [isaacsim.core.simulation_manager.plugin] getSimulationTimeMonotonicAtTime: no data found for time 167/30, returning current sim time
[python-1] 2026-09-17T11:12:19Z [43,241ms] [Warning] [isaacsim.core.simulation_manager.plugin] No adjacent samples found for interpolation at time 167/30
[python-1] 2026-09-17T11:12:19Z [43,241ms] [Warning] [isaacsim.core.simulation_manager.plugin] getSimulationTimeMonotonicAtTime: no data found for time 167/30, returning current sim time
[python-1] 2026-09-17T11:12:22Z [45,613ms] [Warning] [carb] Client gpu.foundation.plugin has acquired [gpu::unstable::IMemoryBudgetManagerFactory v0.1] 100 times. Consider accessing this interface with carb::getCachedInterface() (Performance warning)
[INFO] [python-1]: process has finished cleanly [pid 183319]
