scripts/run_six_behaviors.sh: 成功
scripts/env.sh: 成功
install/arena_humble_compat/lib/python3.11/site-packages/arena_humble_compat/hunav_six_behaviors_bridge.py: 成功
config/generated/jackal.urdf: 成功
install/arena_simulation_setup/share/arena_simulation_setup/configs/nav2/nav2.yaml: 成功
install/arena_simulation_setup/share/arena_simulation_setup/entities/robots/jackal/model_params.yaml: 成功
.conda/arena_ros/lib/libcontroller_server_core.so: 成功
Arena workspace: /home/lpc/workspace/arena5_ws
ROS 2: humble (domain 91)
Isaac Sim: /home/lpc/miniforge3/envs/isaaclab/lib/python3.11/site-packages/isaacsim
WebRTC endpoint: 10.16.205.165:49391 (UDP 48391)
Foxglove WebSocket: 127.0.0.1:8991
Starting Arena MPC on GPU 0 (22658 MiB free), ROS domain 91
MPC command chain: controller_server -> velocity_smoother -> watchdog -> /cmd_vel
MPC scenario: empty
Logs: /home/lpc/workspace/arena5_mpc_ws/logs/runs/20260908_205955_mpc_gpu0
[INFO] [launch]: All log files can be found below /home/lpc/workspace/arena5_mpc_ws/logs/runs/20260908_205955_mpc_gpu0/ros/2026-09-08-20-59-56-058142-root123-desktop-2447706
[INFO] [launch]: Default logging verbosity is set to INFO
[WARNING] [launch_ros.actions.node]: Failed to load entry point 'NodeLogLevelExtension': No module named 'arena_bringup.extensions'
[WARNING] [launch_ros.actions.node]: Failed to load entry point 'NodeLogLevelExtension': No module named 'arena_bringup.extensions'
[WARNING] [launch_ros.actions.node]: Failed to load entry point 'NodeLogLevelExtension': No module named 'arena_bringup.extensions'
[WARNING] [launch_ros.actions.node]: Failed to load entry point 'NodeLogLevelExtension': No module named 'arena_bringup.extensions'
[WARNING] [launch_ros.actions.node]: Failed to load entry point 'NodeLogLevelExtension': No module named 'arena_bringup.extensions'
[WARNING] [launch_ros.actions.node]: Failed to load entry point 'NodeLogLevelExtension': No module named 'arena_bringup.extensions'
[WARNING] [launch_ros.actions.node]: Failed to load entry point 'NodeLogLevelExtension': No module named 'arena_bringup.extensions'
[WARNING] [launch_ros.actions.node]: Failed to load entry point 'NodeLogLevelExtension': No module named 'arena_bringup.extensions'
[WARNING] [launch_ros.actions.node]: Failed to load entry point 'NodeLogLevelExtension': No module named 'arena_bringup.extensions'
[WARNING] [launch_ros.actions.node]: Failed to load entry point 'NodeLogLevelExtension': No module named 'arena_bringup.extensions'
[WARNING] [launch_ros.actions.node]: Failed to load entry point 'NodeLogLevelExtension': No module named 'arena_bringup.extensions'
[WARNING] [launch_ros.actions.node]: Failed to load entry point 'NodeLogLevelExtension': No module named 'arena_bringup.extensions'
[WARNING] [launch_ros.actions.node]: Failed to load entry point 'NodeLogLevelExtension': No module named 'arena_bringup.extensions'
[WARNING] [launch_ros.actions.node]: Failed to load entry point 'NodeLogLevelExtension': No module named 'arena_bringup.extensions'
[WARNING] [launch_ros.actions.node]: Failed to load entry point 'NodeLogLevelExtension': No module named 'arena_bringup.extensions'
[WARNING] [launch_ros.actions.node]: Failed to load entry point 'NodeLogLevelExtension': No module named 'arena_bringup.extensions'
[WARNING] [launch_ros.actions.node]: Failed to load entry point 'NodeLogLevelExtension': No module named 'arena_bringup.extensions'
[WARNING] [launch_ros.actions.node]: Failed to load entry point 'NodeLogLevelExtension': No module named 'arena_bringup.extensions'
[WARNING] [launch_ros.actions.node]: Failed to load entry point 'NodeLogLevelExtension': No module named 'arena_bringup.extensions'
[WARNING] [launch_ros.actions.node]: Failed to load entry point 'NodeLogLevelExtension': No module named 'arena_bringup.extensions'
[WARNING] [launch_ros.actions.node]: Failed to load entry point 'NodeLogLevelExtension': No module named 'arena_bringup.extensions'
[WARNING] [launch_ros.actions.node]: Failed to load entry point 'NodeLogLevelExtension': No module named 'arena_bringup.extensions'
[WARNING] [launch_ros.actions.node]: Failed to load entry point 'NodeLogLevelExtension': No module named 'arena_bringup.extensions'
[INFO] [python-1]: process started with pid [2447975]
[INFO] [scene_bridge-2]: process started with pid [2447977]
[INFO] [robot_state_publisher-3]: process started with pid [2447979]
[INFO] [empty_human_states.py-4]: process started with pid [2447981]
[INFO] [map_server-5]: process started with pid [2447983]
[INFO] [lifecycle_manager-6]: process started with pid [2447985]
[INFO] [controller_server-7]: process started with pid [2447987]
[INFO] [smoother_server-8]: process started with pid [2447989]
[INFO] [planner_server-9]: process started with pid [2447991]
[INFO] [behavior_server-10]: process started with pid [2447993]
[INFO] [bt_navigator-11]: process started with pid [2447995]
[INFO] [waypoint_follower-12]: process started with pid [2447997]
[INFO] [velocity_smoother-13]: process started with pid [2447999]
[INFO] [lifecycle_manager-14]: process started with pid [2448001]
[INFO] [mpc_command_watchdog-15]: process started with pid [2448004]
[robot_state_publisher-3] [WARN] [1788872396.650258519] [robot_state_publisher]: No robot_description parameter, but command-line argument available.  Assuming argument is name of URDF file.  This backwards compatibility fallback will be removed in the future.
[robot_state_publisher-3] [INFO] [1788872396.654624873] [robot_state_publisher]: got segment base_link
[robot_state_publisher-3] [INFO] [1788872396.654655676] [robot_state_publisher]: got segment chassis_link
[robot_state_publisher-3] [INFO] [1788872396.654662875] [robot_state_publisher]: got segment front_fender_link
[robot_state_publisher-3] [INFO] [1788872396.654668390] [robot_state_publisher]: got segment front_left_wheel_link
[robot_state_publisher-3] [INFO] [1788872396.654674284] [robot_state_publisher]: got segment front_mount
[robot_state_publisher-3] [INFO] [1788872396.654680088] [robot_state_publisher]: got segment front_right_wheel_link
[robot_state_publisher-3] [INFO] [1788872396.654686270] [robot_state_publisher]: got segment imu_link
[robot_state_publisher-3] [INFO] [1788872396.654691982] [robot_state_publisher]: got segment lidar_link
[robot_state_publisher-3] [INFO] [1788872396.654697316] [robot_state_publisher]: got segment mid_mount
[robot_state_publisher-3] [INFO] [1788872396.654702586] [robot_state_publisher]: got segment navsat_link
[robot_state_publisher-3] [INFO] [1788872396.654707540] [robot_state_publisher]: got segment rear_fender_link
[robot_state_publisher-3] [INFO] [1788872396.654713433] [robot_state_publisher]: got segment rear_left_wheel_link
[robot_state_publisher-3] [INFO] [1788872396.654718686] [robot_state_publisher]: got segment rear_mount
[robot_state_publisher-3] [INFO] [1788872396.654723841] [robot_state_publisher]: got segment rear_right_wheel_link
[lifecycle_manager-14] [INFO] [1788872396.670520572] [lifecycle_manager_navigation]: Creating
[lifecycle_manager-6] [INFO] [1788872396.672678146] [lifecycle_manager_map]: Creating
[lifecycle_manager-14] [INFO] [1788872396.673892584] [lifecycle_manager_navigation]: [34m[1mCreating and initializing lifecycle service clients[0m[0m
[lifecycle_manager-6] [INFO] [1788872396.675720543] [lifecycle_manager_map]: [34m[1mCreating and initializing lifecycle service clients[0m[0m
[waypoint_follower-12] [INFO] [1788872396.676708183] [waypoint_follower]: 
[waypoint_follower-12] 	waypoint_follower lifecycle node launched. 
[waypoint_follower-12] 	Waiting on external lifecycle transitions to activate
[waypoint_follower-12] 	See https://design.ros2.org/articles/node_lifecycle.html for more information.
[map_server-5] [INFO] [1788872396.676765018] [map_server]: 
[map_server-5] 	map_server lifecycle node launched. 
[map_server-5] 	Waiting on external lifecycle transitions to activate
[map_server-5] 	See https://design.ros2.org/articles/node_lifecycle.html for more information.
[map_server-5] [INFO] [1788872396.676811167] [map_server]: Creating
[waypoint_follower-12] [INFO] [1788872396.677346190] [waypoint_follower]: Creating
[controller_server-7] [INFO] [1788872396.677539949] [controller_server]: 
[controller_server-7] 	controller_server lifecycle node launched. 
[controller_server-7] 	Waiting on external lifecycle transitions to activate
[controller_server-7] 	See https://design.ros2.org/articles/node_lifecycle.html for more information.
[smoother_server-8] [INFO] [1788872396.678275572] [smoother_server]: 
[smoother_server-8] 	smoother_server lifecycle node launched. 
[smoother_server-8] 	Waiting on external lifecycle transitions to activate
[smoother_server-8] 	See https://design.ros2.org/articles/node_lifecycle.html for more information.
[controller_server-7] [INFO] [1788872396.681559667] [controller_server]: Creating controller server
[bt_navigator-11] [INFO] [1788872396.681562115] [bt_navigator]: 
[bt_navigator-11] 	bt_navigator lifecycle node launched. 
[bt_navigator-11] 	Waiting on external lifecycle transitions to activate
[bt_navigator-11] 	See https://design.ros2.org/articles/node_lifecycle.html for more information.
[bt_navigator-11] [INFO] [1788872396.681621606] [bt_navigator]: Creating
[smoother_server-8] [INFO] [1788872396.681740529] [smoother_server]: Creating smoother server
[planner_server-9] [INFO] [1788872396.683498637] [planner_server]: 
[planner_server-9] 	planner_server lifecycle node launched. 
[planner_server-9] 	Waiting on external lifecycle transitions to activate
[planner_server-9] 	See https://design.ros2.org/articles/node_lifecycle.html for more information.
[planner_server-9] [INFO] [1788872396.686259372] [planner_server]: Creating
[controller_server-7] [INFO] [1788872396.691043857] [local_costmap.local_costmap]: 
[controller_server-7] 	local_costmap lifecycle node launched. 
[controller_server-7] 	Waiting on external lifecycle transitions to activate
[controller_server-7] 	See https://design.ros2.org/articles/node_lifecycle.html for more information.
[velocity_smoother-13] [INFO] [1788872396.691423224] [velocity_smoother]: 
[velocity_smoother-13] 	velocity_smoother lifecycle node launched. 
[velocity_smoother-13] 	Waiting on external lifecycle transitions to activate
[velocity_smoother-13] 	See https://design.ros2.org/articles/node_lifecycle.html for more information.
[controller_server-7] [INFO] [1788872396.691607568] [local_costmap.local_costmap]: Creating Costmap
[behavior_server-10] [INFO] [1788872396.691650635] [behavior_server]: 
[behavior_server-10] 	behavior_server lifecycle node launched. 
[behavior_server-10] 	Waiting on external lifecycle transitions to activate
[behavior_server-10] 	See https://design.ros2.org/articles/node_lifecycle.html for more information.
[planner_server-9] [INFO] [1788872396.695469614] [global_costmap.global_costmap]: 
[planner_server-9] 	global_costmap lifecycle node launched. 
[planner_server-9] 	Waiting on external lifecycle transitions to activate
[planner_server-9] 	See https://design.ros2.org/articles/node_lifecycle.html for more information.
[planner_server-9] [INFO] [1788872396.695981959] [global_costmap.global_costmap]: Creating Costmap
[lifecycle_manager-6] [INFO] [1788872396.708455465] [lifecycle_manager_map]: [34m[1mStarting managed nodes bringup...[0m[0m
[lifecycle_manager-6] [INFO] [1788872396.708548817] [lifecycle_manager_map]: [34m[1mConfiguring map_server[0m[0m
[map_server-5] [INFO] [1788872396.708870510] [map_server]: Configuring
[map_server-5] [INFO] [1788872396.708950724] [map_io]: Loading yaml file: /home/lpc/workspace/arena5_ws/install/arena_simulation_setup/share/arena_simulation_setup/worlds/map_empty/map/map.yaml
[map_server-5] [INFO] [1788872396.709550321] [map_io]: resolution: 0.05
[map_server-5] [INFO] [1788872396.709580317] [map_io]: origin[0]: 0
[map_server-5] [INFO] [1788872396.709595832] [map_io]: origin[1]: 0
[map_server-5] [INFO] [1788872396.709609824] [map_io]: origin[2]: 0
[map_server-5] [INFO] [1788872396.709625878] [map_io]: free_thresh: 0.196
[map_server-5] [INFO] [1788872396.709643749] [map_io]: occupied_thresh: 0.65
[map_server-5] [INFO] [1788872396.709658680] [map_io]: mode: trinary
[map_server-5] [INFO] [1788872396.709672812] [map_io]: negate: 0
[map_server-5] [INFO] [1788872396.710135770] [map_io]: Loading image_file: /home/lpc/workspace/arena5_ws/install/arena_simulation_setup/share/arena_simulation_setup/worlds/map_empty/map/map.png
[mpc_command_watchdog-15] [WARN] [1788872396.740352843] [mpc_command_watchdog]: publishing zero command: controller_status
[lifecycle_manager-14] [INFO] [1788872396.794306192] [lifecycle_manager_navigation]: [34m[1mStarting managed nodes bringup...[0m[0m
[lifecycle_manager-14] [INFO] [1788872396.794377608] [lifecycle_manager_navigation]: [34m[1mConfiguring controller_server[0m[0m
[controller_server-7] [INFO] [1788872396.794549407] [controller_server]: Configuring controller interface
[controller_server-7] [INFO] [1788872396.795139539] [controller_server]: getting goal checker plugins..
[controller_server-7] [INFO] [1788872396.795327518] [controller_server]: Controller frequency set to 10.0000Hz
[controller_server-7] [INFO] [1788872396.795382772] [local_costmap.local_costmap]: Configuring
[controller_server-7] [INFO] [1788872396.807300037] [local_costmap.local_costmap]: Using plugin "voxel_layer"
[controller_server-7] [INFO] [1788872396.810670235] [local_costmap.local_costmap]: Subscribed to Topics: lidar
[map_server-5] [INFO] [1788872396.816420852] [map_io]: Read map /home/lpc/workspace/arena5_ws/install/arena_simulation_setup/share/arena_simulation_setup/worlds/map_empty/map/map.png: 626 X 481 map @ 0.05 m/cell
[controller_server-7] [INFO] [1788872396.817094624] [local_costmap.local_costmap]: Initialized plugin "voxel_layer"
[controller_server-7] [INFO] [1788872396.817119110] [local_costmap.local_costmap]: Using plugin "inflation_layer"
[controller_server-7] [INFO] [1788872396.817546398] [local_costmap.local_costmap]: Initialized plugin "inflation_layer"
[lifecycle_manager-6] [INFO] [1788872396.822171527] [lifecycle_manager_map]: [34m[1mActivating map_server[0m[0m
[map_server-5] [INFO] [1788872396.822361832] [map_server]: Activating
[map_server-5] [INFO] [1788872396.822702766] [map_server]: Creating bond (map_server) to lifecycle manager.
[controller_server-7] [INFO] [1788872396.825931626] [controller_server]: Created progress_checker : progress_checker of type nav2_controller::SimpleProgressChecker
[controller_server-7] [INFO] [1788872396.826791332] [controller_server]: Created goal checker : goal_checker of type nav2_controller::SimpleGoalChecker
[controller_server-7] [INFO] [1788872396.827155823] [controller_server]: Controller Server has goal_checker  goal checkers available.
[controller_server-7] [INFO] [1788872396.887354308] [controller_server]: Created controller : FollowPath of type arena_mpc_controller::MpcController
[lifecycle_manager-6] [INFO] [1788872396.928085454] [lifecycle_manager_map]: Server map_server connected with bond.
[lifecycle_manager-6] [INFO] [1788872396.928148700] [lifecycle_manager_map]: [34m[1mManaged nodes are active[0m[0m
[lifecycle_manager-6] [INFO] [1788872396.928165002] [lifecycle_manager_map]: [34m[1mCreating bond timer...[0m[0m
[controller_server-7] [INFO] [1788872397.528167081] [controller_server]: Configured FollowPath: CasADi graph N=25 dynamic_slots=8 build occurs outside control loop
[controller_server-7] [INFO] [1788872397.528211940] [controller_server]: Controller Server has FollowPath  controllers available.
[lifecycle_manager-14] [INFO] [1788872397.532653534] [lifecycle_manager_navigation]: [34m[1mConfiguring smoother_server[0m[0m
[smoother_server-8] [INFO] [1788872397.532955983] [smoother_server]: Configuring smoother server
[smoother_server-8] [INFO] [1788872397.551059302] [smoother_server]: Created smoother : simple_smoother of type nav2_smoother::SimpleSmoother
[smoother_server-8] [INFO] [1788872397.551600583] [smoother_server]: Smoother Server has simple_smoother  smoothers available.
[lifecycle_manager-14] [INFO] [1788872397.558595001] [lifecycle_manager_navigation]: [34m[1mConfiguring planner_server[0m[0m
[planner_server-9] [INFO] [1788872397.558832978] [planner_server]: Configuring
[planner_server-9] [INFO] [1788872397.558913602] [global_costmap.global_costmap]: Configuring
[planner_server-9] [INFO] [1788872397.570058688] [global_costmap.global_costmap]: Using plugin "static_layer"
[planner_server-9] [INFO] [1788872397.576628558] [global_costmap.global_costmap]: Subscribing to the map topic (/task_generator_node/map) with transient local durability
[planner_server-9] [INFO] [1788872397.579078300] [global_costmap.global_costmap]: Initialized plugin "static_layer"
[planner_server-9] [INFO] [1788872397.579128596] [global_costmap.global_costmap]: Using plugin "obstacle_layer"
[planner_server-9] [INFO] [1788872397.579820273] [global_costmap.global_costmap]: Subscribed to Topics: lidar
[planner_server-9] [INFO] [1788872397.584005159] [global_costmap.global_costmap]: Initialized plugin "obstacle_layer"
[planner_server-9] [INFO] [1788872397.584039748] [global_costmap.global_costmap]: Using plugin "inflation_layer"
[planner_server-9] [INFO] [1788872397.584965407] [global_costmap.global_costmap]: Initialized plugin "inflation_layer"
[planner_server-9] [INFO] [1788872397.594492376] [planner_server]: Created global planner plugin GridBased of type nav2_navfn_planner/NavfnPlanner
[planner_server-9] [INFO] [1788872397.594519876] [planner_server]: Configuring plugin GridBased of type NavfnPlanner
[planner_server-9] [INFO] [1788872397.594670358] [global_costmap.global_costmap]: StaticLayer: Resizing costmap to 626 X 481 at 0.050000 m/pix
[planner_server-9] [INFO] [1788872397.595129985] [planner_server]: Planner Server has GridBased  planners available.
[lifecycle_manager-14] [INFO] [1788872397.601442957] [lifecycle_manager_navigation]: [34m[1mConfiguring behavior_server[0m[0m
[behavior_server-10] [INFO] [1788872397.601732423] [behavior_server]: Configuring
[behavior_server-10] [INFO] [1788872397.619572484] [behavior_server]: Creating behavior plugin spin of type nav2_behaviors/Spin
[behavior_server-10] [INFO] [1788872397.621612250] [behavior_server]: Configuring spin
[behavior_server-10] [INFO] [1788872397.627040638] [behavior_server]: Creating behavior plugin backup of type nav2_behaviors/BackUp
[behavior_server-10] [INFO] [1788872397.628581020] [behavior_server]: Configuring backup
[behavior_server-10] [INFO] [1788872397.632195545] [behavior_server]: Creating behavior plugin drive_on_heading of type nav2_behaviors/DriveOnHeading
[behavior_server-10] [INFO] [1788872397.633243479] [behavior_server]: Configuring drive_on_heading
[behavior_server-10] [INFO] [1788872397.636131273] [behavior_server]: Creating behavior plugin wait of type nav2_behaviors/Wait
[behavior_server-10] [INFO] [1788872397.637128789] [behavior_server]: Configuring wait
[lifecycle_manager-14] [INFO] [1788872397.640498570] [lifecycle_manager_navigation]: [34m[1mConfiguring bt_navigator[0m[0m
[bt_navigator-11] [INFO] [1788872397.640768137] [bt_navigator]: Configuring
[lifecycle_manager-14] [INFO] [1788872397.710119681] [lifecycle_manager_navigation]: [34m[1mConfiguring waypoint_follower[0m[0m
[waypoint_follower-12] [INFO] [1788872397.710383148] [waypoint_follower]: Configuring
[waypoint_follower-12] [INFO] [1788872397.730656066] [waypoint_follower]: Created waypoint_task_executor : wait_at_waypoint of type nav2_waypoint_follower::WaitAtWaypoint
[waypoint_follower-12] [INFO] [1788872397.730910146] [waypoint_follower]: Waypoint pause duration is set to zero, disabling task executor plugin.
[lifecycle_manager-14] [INFO] [1788872397.731270448] [lifecycle_manager_navigation]: [34m[1mConfiguring velocity_smoother[0m[0m
[velocity_smoother-13] [INFO] [1788872397.731522936] [velocity_smoother]: Configuring velocity smoother
[lifecycle_manager-14] [INFO] [1788872397.737443235] [lifecycle_manager_navigation]: [34m[1mActivating controller_server[0m[0m
[controller_server-7] [INFO] [1788872397.737684662] [controller_server]: Activating
[controller_server-7] [INFO] [1788872397.737761516] [local_costmap.local_costmap]: Activating
[controller_server-7] [INFO] [1788872397.737783821] [local_costmap.local_costmap]: Checking transform
[controller_server-7] [INFO] [1788872397.737808271] [local_costmap.local_costmap]: Timed out waiting for transform from base_link to odom to become available, tf error: Invalid frame ID "odom" passed to canTransform argument target_frame - frame does not exist
[python-1] [Info] [carb] Logging to file: /home/lpc/workspace/arena5_mpc_ws/logs/runs/20260908_205955_mpc_gpu0/isaac_kit.log
[python-1] 2026-09-08T12:59:56Z [3ms] [Warning] [carb.crashreporter-breakpad.plugin] [previous crash] preventing upload of minidump due to user opt-out: '/home/lpc/miniforge3/envs/isaaclab/lib/python3.11/site-packages/isaacsim/kit/data/Kit/Isaac-Sim Python/5.1/0ac5911a-264e-47a3-2a16f79d-c5b7759a.dmp'
[python-1] 2026-09-08T12:59:56Z [5ms] [Warning] [carb.crashreporter-breakpad.plugin] [previous crash] preventing upload of minidump due to user opt-out: '/home/lpc/miniforge3/envs/isaaclab/lib/python3.11/site-packages/isaacsim/kit/data/Kit/Isaac-Sim Python/5.1/873d0d6d-b3e2-40f3-6eb3df86-85c4cb14.dmp'
[python-1] 2026-09-08T12:59:56Z [6ms] [Warning] [carb.crashreporter-breakpad.plugin] [previous crash] preventing upload of minidump due to user opt-out: '/home/lpc/miniforge3/envs/isaaclab/lib/python3.11/site-packages/isaacsim/kit/data/Kit/Isaac-Sim Python/5.1/54846835-9b12-4c85-5eb92bac-99ba56c4.dmp'
[python-1] 2026-09-08T12:59:56Z [7ms] [Warning] [carb.crashreporter-breakpad.plugin] [previous crash] preventing upload of minidump due to user opt-out: '/home/lpc/miniforge3/envs/isaaclab/lib/python3.11/site-packages/isaacsim/kit/data/Kit/Isaac-Sim Python/5.1/4c7676b1-3af0-4296-87341b84-52502d37.dmp'
[python-1] 2026-09-08T12:59:56Z [8ms] [Warning] [carb.crashreporter-breakpad.plugin] [previous crash] preventing upload of minidump due to user opt-out: '/home/lpc/miniforge3/envs/isaaclab/lib/python3.11/site-packages/isaacsim/kit/data/Kit/Isaac-Sim Python/5.1/4fb36b02-970f-460e-d915d5bf-47095803.dmp'
[python-1] [0.134s] [ext: omni.kit.async_engine-0.0.3] startup
[python-1] [0.305s] [ext: omni.metrics.core-0.0.3] startup
[python-1] [0.305s] [ext: omni.client.lib-1.1.0] startup
[python-1] [0.328s] [ext: omni.blobkey-1.1.2] startup
[python-1] [0.329s] [ext: omni.stats-1.0.1] startup
[python-1] [0.330s] [ext: omni.datastore-0.0.0] startup
[python-1] [0.341s] [ext: omni.client-1.3.0] startup
[python-1] [0.348s] [ext: omni.ujitso.default-1.0.0] startup
[python-1] [0.351s] [ext: omni.hsscclient-1.1.2] startup
[python-1] [0.368s] [ext: omni.gpu_foundation.shadercache.vulkan-1.0.0] startup
[python-1] [0.374s] [ext: omni.assets.plugins-0.0.0] startup
[python-1] [0.377s] [ext: omni.gpu_foundation-0.0.0] startup
[python-1] [0.390s] [ext: carb.windowing.plugins-1.0.0] startup
[python-1] 2026-09-08T12:59:57Z [338ms] [Warning] [carb.windowing-glfw.plugin] GLFW initialization failed.
[python-1] 2026-09-08T12:59:57Z [338ms] [Warning] [carb] Failed to startup plugin carb.windowing-glfw.plugin (interfaces: [carb::windowing::IGLContext v1.0],[carb::windowing::IWindowing v1.5]) (impl: carb.windowing-glfw.plugin)
[python-1] [0.392s] [ext: omni.kit.renderer.init-0.0.0] startup
[python-1] 2026-09-08T12:59:57Z [413ms] [Warning] [omni.platforminfo.plugin] failed to open the default display.  Can't verify X Server version.
[python-1] 2026-09-08T12:59:57Z [425ms] [Warning] [carb.cudainterop.plugin] CUDA_VISIBLE_DEVICES environment variable is set.
[python-1] 2026-09-08T12:59:57Z [425ms] [Warning] [carb.cudainterop.plugin] Note CUDA device enumeration and Omniverse device enumeration are different.
[python-1] 2026-09-08T12:59:57Z [425ms] [Warning] [carb.cudainterop.plugin] Setting CUDA_VISIBLE_DEVICES can lead to undesired behavior or crashes.
[python-1] 2026-09-08T12:59:57Z [1,016ms] [Warning] [gpu.foundation.plugin] Skipping NVIDIA GPU due CUDA being in bad state: NVIDIA GeForce RTX 4090
[python-1] 2026-09-08T12:59:57Z [1,016ms] [Warning] [gpu.foundation.plugin] Please restart your system if CUDA is known to work in your system.
[python-1] 2026-09-08T12:59:57Z [1,017ms] [Warning] [gpu.foundation.plugin] Skipping NVIDIA GPU due CUDA being in bad state: NVIDIA GeForce RTX 4090
[python-1] 2026-09-08T12:59:57Z [1,017ms] [Warning] [gpu.foundation.plugin] Please restart your system if CUDA is known to work in your system.
[python-1] 2026-09-08T12:59:57Z [1,018ms] [Warning] [gpu.foundation.plugin] Skipping NVIDIA GPU due CUDA being in bad state: NVIDIA GeForce RTX 4090
[python-1] 2026-09-08T12:59:57Z [1,018ms] [Warning] [gpu.foundation.plugin] Please restart your system if CUDA is known to work in your system.
[python-1] 2026-09-08T12:59:57Z [1,018ms] [Warning] [gpu.foundation.plugin] Skipping NVIDIA GPU due CUDA being in bad state: NVIDIA GeForce RTX 4090
[python-1] 2026-09-08T12:59:57Z [1,018ms] [Warning] [gpu.foundation.plugin] Please restart your system if CUDA is known to work in your system.
[controller_server-7] [INFO] [1788872398.237912124] [local_costmap.local_costmap]: Timed out waiting for transform from base_link to odom to become available, tf error: Invalid frame ID "odom" passed to canTransform argument target_frame - frame does not exist
[controller_server-7] [INFO] [1788872398.737893875] [local_costmap.local_costmap]: Timed out waiting for transform from base_link to odom to become available, tf error: Invalid frame ID "odom" passed to canTransform argument target_frame - frame does not exist
[controller_server-7] [INFO] [1788872399.237918364] [local_costmap.local_costmap]: Timed out waiting for transform from base_link to odom to become available, tf error: Invalid frame ID "odom" passed to canTransform argument target_frame - frame does not exist
[python-1] 2026-09-08T12:59:57Z [1,018ms] [Warning] [gpu.foundation.plugin] Skipping NVIDIA GPU due CUDA being in bad state: NVIDIA GeForce RTX 4090
[python-1] 2026-09-08T12:59:57Z [1,018ms] [Warning] [gpu.foundation.plugin] Please restart your system if CUDA is known to work in your system.
[python-1] 2026-09-08T12:59:57Z [1,018ms] [Warning] [gpu.foundation.plugin] Skipping NVIDIA GPU due CUDA being in bad state: NVIDIA GeForce RTX 4090
[python-1] 2026-09-08T12:59:57Z [1,018ms] [Warning] [gpu.foundation.plugin] Please restart your system if CUDA is known to work in your system.
[python-1] 
[python-1] |---------------------------------------------------------------------------------------------|
[python-1] | Driver Version: 580.126.09    | Graphics API: Vulkan
[python-1] |=============================================================================================|
[python-1] | GPU | Name                             | Active | LDA | GPU Memory | Vendor-ID | LUID       |
[python-1] |     |                                  |        |     |            | Device-ID | UUID       |
[python-1] |     |                                  |        |     |            | Bus-ID    |            |
[python-1] |---------------------------------------------------------------------------------------------|
[python-1] | 0   | NVIDIA GeForce RTX 4090          | Yes: 0 |     | 24810   MB | 10de      | 0          |
[python-1] |     |                                  |        |     |            | 2684      | cff28fa1.. |
[python-1] |     |                                  |        |     |            | 31        |            |
[python-1] |---------------------------------------------------------------------------------------------|
[python-1] | 1   | NVIDIA GeForce RTX 4090          |        |     | 24810   MB | 10de      | 0          |
[python-1] |     |                                  |        |     |            | 2684      | 53d85912.. |
[python-1] |     |                                  |        |     |            | 4b        |            |
[python-1] |---------------------------------------------------------------------------------------------|
[python-1] | 2   | NVIDIA GeForce RTX 4090          |        |     | 24810   MB | 10de      | 0          |
[python-1] |     |                                  |        |     |            | 2684      | 2d2c45be.. |
[python-1] |     |                                  |        |     |            | b1        |            |
[python-1] |---------------------------------------------------------------------------------------------|
[python-1] | 3   | NVIDIA GeForce RTX 4090          |        |     | 24810   MB | 10de      | 0          |
[python-1] |     |                                  |        |     |            | 2684      | 6fc79961.. |
[python-1] |     |                                  |        |     |            | ca        |            |
[python-1] |=============================================================================================|
[python-1] | OS: 22.04.5 LTS (Jammy Jellyfish) ubuntu, Version: 22.04.5, Kernel: 6.8.0-136-generic
[python-1] | Processor: Intel(R) Xeon(R) Gold 6330 CPU @ 2.00GHz
[python-1] | Cores: 56 | Logical Cores: 112
[python-1] |---------------------------------------------------------------------------------------------|
[python-1] | Total Memory (MB): 257544 | Free Memory: 226025
[python-1] | Total Page/Swap (MB): 2047 | Free Page/Swap: 2020
[python-1] |---------------------------------------------------------------------------------------------|
[python-1] 2026-09-08T12:59:58Z [1,921ms] [Warning] [gpu.foundation.plugin] CPU performance profile is set to powersave. This profile sets the CPU to the lowest frequency reducing performance.
[python-1] 2026-09-08T12:59:58Z [1,932ms] [Warning] [gpu.foundation.plugin] IOMMU is enabled.
[python-1] 2026-09-08T12:59:58Z [1,932ms] [Warning] [gpu.foundation.plugin] Detected IOMMU is enabled. Running CUDA peer-to-peer bandwidth and latency validation.
[python-1] Unidirectional P2P=Enabled Bandwidth (P2P Writes) Matrix (GB/s)
[python-1]    D\D     0 
[python-1]      0 937.88 
[python-1] P2P=Enabled Latency (P2P Writes) Matrix (us)
[python-1]    GPU     0 
[python-1]      0   1.40 
[python-1] 
[python-1]    CPU     0 
[python-1]      0   4.03 
[python-1] [2.249s] [ext: omni.materialx.libs-1.0.7] startup
[python-1] [2.263s] [ext: omni.kit.telemetry-0.5.2] startup
[python-1] [2.324s] [ext: omni.usd.config-1.0.6] startup
[python-1] [2.332s] [ext: omni.gpucompute.plugins-0.0.0] startup
[python-1] [2.333s] [ext: omni.usd.libs-1.0.1] startup
[python-1] [2.492s] [ext: omni.kit.loop-isaac-1.3.7] startup
[controller_server-7] [INFO] [1788872399.737928259] [local_costmap.local_costmap]: Timed out waiting for transform from base_link to odom to become available, tf error: Invalid frame ID "odom" passed to canTransform argument target_frame - frame does not exist
[controller_server-7] [INFO] [1788872400.237889354] [local_costmap.local_costmap]: Timed out waiting for transform from base_link to odom to become available, tf error: Invalid frame ID "odom" passed to canTransform argument target_frame - frame does not exist
[python-1] [2.494s] [ext: omni.kit.test-2.0.1] startup
[python-1] [2.590s] [ext: omni.mdl-56.0.3] startup
[python-1] [2.708s] [ext: omni.iray.libs-0.0.0] startup
[python-1] [2.717s] [ext: omni.mdl.neuraylib-0.2.12] startup
[python-1] [2.720s] [ext: omni.kit.usd.mdl-1.1.5] startup
[python-1] [2.890s] [ext: omni.kit.pipapi-0.0.0] startup
[python-1] [2.891s] [ext: omni.appwindow-1.1.10] startup
[python-1] 2026-09-08T12:59:59Z [2,839ms] [Warning] [carb.windowing-glfw.plugin] GLFW initialization failed.
[python-1] 2026-09-08T12:59:59Z [2,839ms] [Warning] [carb] Failed to startup plugin carb.windowing-glfw.plugin (interfaces: [carb::windowing::IGLContext v1.0],[carb::windowing::IWindowing v1.5]) (impl: carb.windowing-glfw.plugin)
[python-1] [2.895s] [ext: omni.kit.renderer.core-1.1.0] startup
[python-1] 2026-09-08T13:00:00Z [3,185ms] [Warning] [carb.windowing-glfw.plugin] GLFW initialization failed.
[python-1] 2026-09-08T13:00:00Z [3,186ms] [Warning] [carb] Failed to startup plugin carb.windowing-glfw.plugin (interfaces: [carb::windowing::IGLContext v1.0],[carb::windowing::IWindowing v1.5]) (impl: carb.windowing-glfw.plugin)
[python-1] 2026-09-08T13:00:00Z [3,199ms] [Warning] [carb.windowing-glfw.plugin] GLFW initialization failed.
[python-1] 2026-09-08T13:00:00Z [3,199ms] [Warning] [carb] Failed to startup plugin carb.windowing-glfw.plugin (interfaces: [carb::windowing::IGLContext v1.0],[carb::windowing::IWindowing v1.5]) (impl: carb.windowing-glfw.plugin)
[python-1] [3.255s] [ext: omni.kit.renderer.capture-0.0.0] startup
[python-1] [3.259s] [ext: omni.kit.renderer.imgui-2.0.5] startup
[python-1] 2026-09-08T13:00:00Z [3,211ms] [Warning] [carb.windowing-glfw.plugin] GLFW initialization failed.
[python-1] 2026-09-08T13:00:00Z [3,211ms] [Warning] [carb] Failed to startup plugin carb.windowing-glfw.plugin (interfaces: [carb::windowing::IGLContext v1.0],[carb::windowing::IWindowing v1.5]) (impl: carb.windowing-glfw.plugin)
[python-1] 2026-09-08T13:00:00Z [3,214ms] [Warning] [carb.windowing-glfw.plugin] GLFW initialization failed.
[python-1] 2026-09-08T13:00:00Z [3,214ms] [Warning] [carb] Failed to startup plugin carb.windowing-glfw.plugin (interfaces: [carb::windowing::IGLContext v1.0],[carb::windowing::IWindowing v1.5]) (impl: carb.windowing-glfw.plugin)
[python-1] 2026-09-08T13:00:00Z [3,215ms] [Warning] [carb.windowing-glfw.plugin] GLFW initialization failed.
[python-1] 2026-09-08T13:00:00Z [3,215ms] [Warning] [carb] Failed to startup plugin carb.windowing-glfw.plugin (interfaces: [carb::windowing::IGLContext v1.0],[carb::windowing::IWindowing v1.5]) (impl: carb.windowing-glfw.plugin)
[python-1] [3.371s] [ext: omni.ui-2.27.1] startup
[python-1] [3.388s] [ext: omni.kit.mainwindow-1.0.3] startup
[python-1] [3.389s] [ext: carb.audio-0.1.0] startup
[python-1] [3.397s] [ext: omni.uiaudio-1.0.0] startup
[python-1] [3.399s] [ext: omni.kit.uiapp-0.0.0] startup
[python-1] [3.399s] [ext: omni.usd.schema.metrics.assembler-107.3.1] startup
[python-1] [3.403s] [ext: omni.usd.schema.physx-107.3.26] startup
[python-1] [3.459s] [ext: omni.usd.schema.geospatial-0.0.0] startup
[python-1] [3.463s] [ext: omni.usd.schema.audio-0.0.0] startup
[python-1] [3.468s] [ext: omni.usd.schema.anim-0.0.0] startup
[python-1] [3.501s] [ext: omni.usd.schema.flow-107.1.1] startup
[python-1] [3.502s] [ext: omni.usd_resolver-1.0.0] startup
[python-1] [3.508s] [ext: omni.usd.core-1.5.3] startup
[python-1] [3.512s] [ext: omni.usd.schema.omni_sensors-0.0.0] startup
[python-1] [3.545s] [ext: omni.usd.schema.semantics-0.0.0] startup
[python-1] [3.549s] [ext: omni.usd.schema.omniscripting-1.0.0] startup
[python-1] [3.556s] [ext: omni.usd.schema.omni_lens_distortion-0.0.0] startup
[python-1] [3.557s] [ext: omni.usd.schema.omnigraph-1.0.0] startup
[python-1] [3.566s] [ext: omni.kit.window.popup_dialog-2.0.24] startup
[python-1] [3.571s] [ext: omni.graph.exec-0.9.6] startup
[python-1] [3.572s] [ext: omni.kit.widget.nucleus_connector-2.0.1] startup
[python-1] [3.575s] [ext: omni.kit.usd_undo-0.1.8] startup
[python-1] [3.576s] [ext: omni.kit.exec.core-0.13.4] startup
[python-1] [3.578s] [ext: omni.kit.actions.core-1.0.0] startup
[python-1] [3.583s] [ext: omni.resourcemonitor-107.0.1] startup
[python-1] [3.586s] [ext: omni.activity.core-1.0.3] startup
[python-1] [3.588s] [ext: omni.timeline-1.0.14] startup
[python-1] [3.591s] [ext: omni.kit.commands-1.4.10] startup
[python-1] [3.597s] [ext: usdrt.scenegraph-7.6.1] startup
[python-1] [3.657s] [ext: omni.kit.audiodeviceenum-1.0.2] startup
[python-1] [3.660s] [ext: omni.hydra.usdrt_delegate-7.5.1] startup
[python-1] [3.670s] [ext: omni.hydra.scene_delegate-0.3.4] startup
[python-1] [3.678s] [ext: omni.usd-1.13.10] startup
[controller_server-7] [INFO] [1788872400.737894228] [local_costmap.local_costmap]: Timed out waiting for transform from base_link to odom to become available, tf error: Invalid frame ID "odom" passed to canTransform argument target_frame - frame does not exist
[python-1] [3.717s] [ext: omni.inspect-1.0.2] startup
[python-1] [3.719s] [ext: omni.kit.notification_manager-1.0.10] startup
[python-1] [3.721s] [ext: omni.graph.core-2.184.5] startup
[python-1] [3.726s] [ext: isaacsim.core.deprecation_manager-0.2.7] startup
[python-1] [3.727s] [ext: omni.anim.graph.schema-107.3.3] startup
[python-1] [3.737s] [ext: omni.usd.schema.isaac-3.0.5] startup
[python-1] [3.737s] [ext: omni.anim.navigation.schema-107.3.3] startup
[python-1] [3.742s] [ext: omni.kit.asset_converter-5.0.17] startup
[python-1] [3.761s] [ext: isaacsim.robot.schema-3.6.0] startup
[python-1] [3.774s] [ext: omni.usd.schema.render_settings.rtx-0.0.0] startup
[python-1] [3.776s] [ext: omni.kit.menu.core-1.1.2] startup
[python-1] [3.777s] [ext: omni.kit.widget.path_field-2.0.11] startup
[python-1] [3.778s] [ext: omni.kit.widget.context_menu-1.2.5] startup
[python-1] [3.780s] [ext: omni.kit.widget.browser_bar-2.0.10] startup
[python-1] [3.781s] [ext: omni.kit.clipboard-1.0.5] startup
[python-1] [3.782s] [ext: omni.kit.numpy.common-0.1.3] startup
[python-1] [3.784s] [ext: omni.kit.widget.options_menu-1.1.6] startup
[python-1] [3.789s] [ext: omni.kit.helper.file_utils-0.1.9] startup
[python-1] [3.791s] [ext: omni.ui.scene-1.11.5] startup
[python-1] [3.798s] [ext: omni.kit.widget.options_button-1.0.3] startup
[python-1] [3.799s] [ext: omni.kit.widget.filebrowser-2.12.3] startup
[python-1] [3.806s] [ext: omni.kit.usd.layers-2.2.11] startup
[python-1] [3.819s] [ext: omni.kit.window.filepicker-2.13.4] startup
[python-1] [3.841s] [ext: omni.kit.hotkeys.core-1.3.10] startup
[python-1] [3.847s] [ext: omni.kit.context_menu-1.8.6] startup
[python-1] [3.850s] [ext: omni.kit.property.adapter.core-1.0.2] startup
[python-1] [3.853s] [ext: omni.kit.window.file_exporter-1.0.33] startup
[python-1] [3.856s] [ext: omni.kit.widget.searchfield-1.1.8] startup
[python-1] [3.858s] [ext: omni.kit.widget.filter-1.1.4] startup
[python-1] [3.859s] [ext: omni.kit.widget.graph-2.0.0] startup
[python-1] [3.868s] [ext: omni.kit.widget.stage-3.1.4] startup
[python-1] [3.885s] [ext: omni.kit.property.adapter.usd-1.0.2] startup
[python-1] [3.886s] [ext: omni.kit.property.adapter.fabric-1.0.3] startup
[python-1] [3.888s] [ext: omni.kit.graph.delegate.default-1.2.3] startup
[python-1] [3.889s] [ext: omni.kit.window.file_importer-1.1.18] startup
[python-1] [3.890s] [ext: omni.kit.stage_template.core-1.1.22] startup
[python-1] [3.891s] [ext: omni.kit.menu.utils-2.0.5] startup
[python-1] [3.898s] [ext: omni.kit.window.file-2.0.5] startup
[python-1] [3.903s] [ext: omni.kit.widget.highlight_label-1.0.3] startup
[python-1] [3.904s] [ext: omni.kit.window.drop_support-1.0.5] startup
[python-1] [3.904s] [ext: omni.kit.window.content_browser_registry-0.0.6] startup
[python-1] [3.905s] [ext: omni.kit.window.property-1.12.1] startup
[python-1] [3.910s] [ext: omni.kit.window.content_browser-3.1.3] startup
[python-1] [3.929s] [ext: isaacsim.core.version-2.0.6] startup
[python-1] [3.929s] [ext: omni.kit.property.usd-4.5.12] startup
[python-1] [3.945s] [ext: omni.kit.graph.editor.core-1.5.3] startup
[python-1] [3.949s] [ext: omni.kit.material.library-2.0.7] startup
[python-1] [3.956s] [ext: omni.kit.graph.usd.commands-1.3.1] startup
[python-1] [3.957s] [ext: omni.kvdb-107.3.26] startup
[python-1] [3.960s] [ext: omni.usdphysics-107.3.26] startup
[python-1] [3.963s] [ext: omni.physx.foundation-107.3.26] startup
[python-1] [3.966s] [ext: omni.localcache-107.3.26] startup
[python-1] [3.968s] [ext: omni.convexdecomposition-107.3.26] startup
[python-1] [3.972s] [ext: omni.physics-107.3.26] startup
[python-1] [3.977s] [ext: omni.physx.cooking-107.3.26] startup
[python-1] [3.982s] [ext: omni.physics.stageupdate-107.3.26] startup
[python-1] [3.985s] [ext: omni.physx-107.3.26] startup
[python-1] [4.001s] [ext: omni.index.libs-380600.8087.0] startup
[python-1] [4.001s] [ext: omni.physics.physx-107.3.26] startup
[python-1] 2026-09-08T13:00:00Z [3,949ms] [Warning] [carb] Acquiring non optional plugin interface which is not listed as dependency: [omni::physx::IPhysxBenchmarks v1.0] (plugin: <default plugin>), by client: omni.physics.physx.plugin. Add it to CARB_PLUGIN_IMPL_DEPS() macro of a client.
[python-1] [4.004s] [ext: omni.index-1.0.1] startup
[python-1] [4.005s] [ext: omni.volume-0.5.2] startup
[python-1] [4.009s] [ext: omni.ujitso.client-0.0.0] startup
[python-1] [4.010s] [ext: omni.hydra.rtx.shadercache.vulkan-1.0.0] startup
[python-1] [4.012s] [ext: omni.kit.widget.searchable_combobox-1.0.6] startup
[python-1] [4.013s] [ext: omni.hydra.rtx-1.0.0] startup
[python-1] 2026-09-08T13:00:00Z [3,990ms] [Warning] [omni.log] Source: omni.hydra was already registered.
[python-1] [4.071s] [ext: omni.kit.widget.settings-1.2.6] startup
[python-1] [4.074s] [ext: omni.kit.hydra_texture-1.4.6] startup
[python-1] [4.080s] [ext: omni.graph.tools-1.79.2] startup
[controller_server-7] [INFO] [1788872401.237890293] [local_costmap.local_costmap]: Timed out waiting for transform from base_link to odom to become available, tf error: Invalid frame ID "odom" passed to canTransform argument target_frame - frame does not exist
[controller_server-7] [INFO] [1788872401.737881479] [local_costmap.local_costmap]: Timed out waiting for transform from base_link to odom to become available, tf error: Invalid frame ID "odom" passed to canTransform argument target_frame - frame does not exist
[controller_server-7] [INFO] [1788872402.237887261] [local_costmap.local_costmap]: Timed out waiting for transform from base_link to odom to become available, tf error: Invalid frame ID "odom" passed to canTransform argument target_frame - frame does not exist
[controller_server-7] [INFO] [1788872402.737912681] [local_costmap.local_costmap]: Timed out waiting for transform from base_link to odom to become available, tf error: Invalid frame ID "odom" passed to canTransform argument target_frame - frame does not exist
[controller_server-7] [INFO] [1788872403.237912911] [local_costmap.local_costmap]: Timed out waiting for transform from base_link to odom to become available, tf error: Invalid frame ID "odom" passed to canTransform argument target_frame - frame does not exist
[controller_server-7] [INFO] [1788872403.737875013] [local_costmap.local_costmap]: Timed out waiting for transform from base_link to odom to become available, tf error: Invalid frame ID "odom" passed to canTransform argument target_frame - frame does not exist
[controller_server-7] [INFO] [1788872404.237870869] [local_costmap.local_costmap]: Timed out waiting for transform from base_link to odom to become available, tf error: Invalid frame ID "odom" passed to canTransform argument target_frame - frame does not exist
[controller_server-7] [INFO] [1788872404.737911033] [local_costmap.local_costmap]: Timed out waiting for transform from base_link to odom to become available, tf error: Invalid frame ID "odom" passed to canTransform argument target_frame - frame does not exist
[controller_server-7] [INFO] [1788872405.237891020] [local_costmap.local_costmap]: Timed out waiting for transform from base_link to odom to become available, tf error: Invalid frame ID "odom" passed to canTransform argument target_frame - frame does not exist
[controller_server-7] [INFO] [1788872405.737892241] [local_costmap.local_costmap]: Timed out waiting for transform from base_link to odom to become available, tf error: Invalid frame ID "odom" passed to canTransform argument target_frame - frame does not exist
[controller_server-7] [INFO] [1788872406.237879278] [local_costmap.local_costmap]: Timed out waiting for transform from base_link to odom to become available, tf error: Invalid frame ID "odom" passed to canTransform argument target_frame - frame does not exist
[controller_server-7] [INFO] [1788872406.737888216] [local_costmap.local_costmap]: Timed out waiting for transform from base_link to odom to become available, tf error: Invalid frame ID "odom" passed to canTransform argument target_frame - frame does not exist
[python-1] [4.119s] [ext: omni.kit.window.preferences-1.8.0] startup
[python-1] [4.127s] [ext: omni.kit.widget.material_preview-1.0.16] startup
[python-1] [4.130s] [ext: omni.graph-1.141.2] startup
[python-1] [4.200s] [ext: omni.kit.window.material_graph-1.9.1] startup
[python-1] [4.217s] [ext: omni.isaac.dynamic_control-2.0.7] startup
[python-1] 2026-09-08T13:00:01Z [4,173ms] [Warning] [omni.isaac.dynamic_control] omni.isaac.dynamic_control is deprecated as of Isaac Sim 4.5. No action is needed from end-users.
[python-1] [4.228s] [ext: isaacsim.storage.native-1.5.1] startup
[python-1] [4.235s] [ext: omni.graph.scriptnode-1.50.0] startup
[python-1] [4.240s] [ext: omni.hydra.engine.stats-1.0.3] startup
[python-1] [4.249s] [ext: omni.kit.viewport.legacy_gizmos-1.0.19] startup
[python-1] [4.254s] [ext: omni.kit.raycast.query-1.1.0] startup
[python-1] [4.264s] [ext: omni.graph.action_core-1.1.7] startup
[python-1] [4.272s] [ext: omni.kit.viewport.scene_camera_model-1.0.6] startup
[python-1] [4.280s] [ext: omni.graph.image.core-0.6.1] startup
[python-1] [4.282s] [ext: omni.kit.widget.viewport-107.1.3] startup
[python-1] [4.297s] [ext: omni.kit.viewport.registry-104.0.6] startup
[python-1] [4.302s] [ext: omni.usd.metrics.assembler-107.3.1] startup
[python-1] [4.328s] [ext: omni.kit.viewport.window-107.2.0] startup
[python-1] [4.371s] [ext: omni.kit.viewport.menubar.core-107.2.1] startup
[python-1] [4.394s] [ext: omni.graph.image.nodes-1.3.1] startup
[python-1] [4.397s] [ext: omni.usd.metrics.assembler.physics-107.3.26] startup
[python-1] [4.400s] [ext: omni.warp.core-1.8.2] startup
[python-1] [4.778s] [ext: omni.kit.viewport.utility-1.1.2] startup
[python-1] [4.782s] [ext: omni.physics.tensors-107.3.26] startup
[python-1] [4.793s] [ext: omni.syntheticdata-0.6.13] startup
[python-1] [4.839s] [ext: isaacsim.test.docstring-1.1.0] startup
[python-1] [4.850s] [ext: isaacsim.core.utils-3.5.1] startup
[python-1] [4.859s] [ext: omni.physx.tensors-107.3.26] startup
[python-1] [4.868s] [ext: omni.graph.nodes-1.170.10] startup
[python-1] [4.887s] [ext: omni.graph.action_nodes-1.50.4] startup
[python-1] [4.893s] [ext: omni.kit.primitive.mesh-1.0.17] startup
[python-1] [4.909s] [ext: isaacsim.core.simulation_manager-1.4.4] startup
[python-1] [8.008s] [ext: omni.graph.ui_nodes-1.50.5] startup
[python-1] [8.024s] [ext: omni.graph.action-1.130.0] startup
[python-1] [8.029s] [ext: omni.kit.stage_templates-2.0.0] startup
[python-1] [8.042s] [ext: isaacsim.core.prims-0.6.1] startup
[python-1] [8.115s] [ext: omni.warp-1.8.2] startup
[python-1] [8.137s] [ext: omni.videoencoding-0.1.2] startup
[python-1] [8.149s] [ext: isaacsim.core.api-4.8.0] startup
[python-1] [8.177s] [ext: isaacsim.core.experimental.utils-0.3.0] startup
[python-1] [8.194s] [ext: omni.replicator.core-1.12.27] startup
[python-1] 2026-09-08T13:00:05Z [8,167ms] [Warning] [pxr.Semantics] pxr.Semantics is deprecated - please use Semantics instead
[python-1] 2026-09-08T13:00:05Z [8,574ms] [Warning] [omni.graph.core.plugin] Found duplicate of category 'Replicator' - was 'Annotators', adding 'Fabric Reader'
[python-1] 2026-09-08T13:00:05Z [8,574ms] [Warning] [omni.graph.core.plugin] Category 'Replicator' not accepted on node type 'omni.replicator.core.FabricReader' in extension 'omni.replicator.core'
[python-1] 2026-09-08T13:00:05Z [8,582ms] [Warning] [omni.replicator.core.scripts.extension] No material configuration file, adding configuration to material settings directly.
[python-1] [8.652s] [ext: isaacsim.core.experimental.prims-0.8.1] startup
[python-1] [8.777s] [ext: omni.kit.window.extensions-1.4.27] startup
[python-1] [8.805s] [ext: isaacsim.core.experimental.objects-0.4.0] startup
[python-1] [8.816s] [ext: omni.ui_query-1.1.8] startup
[python-1] [8.828s] [ext: omni.kit.manipulator.viewport-107.0.1] startup
[python-1] [8.836s] [ext: isaacsim.robot.surface_gripper-3.3.1] startup
[python-1] [8.847s] [ext: omni.kit.ui_test-1.3.7] startup
[python-1] [8.865s] [ext: omni.graph.visualization.nodes-2.1.3] startup
[python-1] [9.013s] [ext: isaacsim.robot_motion.lula-4.0.8] startup
[python-1] [9.101s] [ext: isaacsim.core.nodes-3.4.3] startup
[python-1] [9.321s] [ext: isaacsim.gui.components-1.2.1] startup
[python-1] [9.885s] [ext: isaacsim.robot_motion.motion_generation-8.0.26] startup
[python-1] [10.125s] [ext: isaacsim.robot.manipulators-3.3.6] startup
[python-1] [10.170s] [ext: isaacsim.core.experimental.materials-0.4.0] startup
[python-1] [10.254s] [ext: isaacsim.robot.manipulators.examples-1.1.2] startup
[python-1] [10.280s] [ext: isaacsim.cortex.framework-1.0.12] startup
[python-1] [10.296s] [ext: isaacsim.cortex.behaviors-2.0.14] startup
[python-1] [10.318s] [ext: omni.isaac.cortex.sample_behaviors-2.0.5] startup
[python-1] 2026-09-08T13:00:07Z [10,267ms] [Warning] [omni.isaac.cortex] omni.isaac.cortex has been deprecated in favor of isaacsim.cortex.framework. Please update your code accordingly.
[controller_server-7] [INFO] [1788872407.237900709] [local_costmap.local_costmap]: Timed out waiting for transform from base_link to odom to become available, tf error: Invalid frame ID "odom" passed to canTransform argument target_frame - frame does not exist
[python-1] 2026-09-08T13:00:07Z [10,271ms] [Warning] [omni.isaac.cortex.sample_behaviors] omni.isaac.cortex.sample_behaviors has been deprecated in favor of isaacsim.cortex.behaviors. Please update your code accordingly.
[python-1] [10.325s] [ext: omni.kit.widget.zoombar-1.0.6] startup
[python-1] [10.373s] [ext: isaacsim.gui.content_browser-0.1.11] startup
[python-1] [10.398s] [ext: omni.kit.browser.core-2.3.13] startup
[python-1] [10.429s] [ext: omni.kit.widget.stage_icons-1.0.8] startup
[python-1] [10.454s] [ext: omni.kit.widget.prompt-1.0.7] startup
[python-1] [10.462s] [ext: omni.kit.usd.collect-2.4.5] startup
[python-1] [10.491s] [ext: omni.kit.browser.folder.core-1.10.9] startup
[python-1] [10.526s] [ext: omni.kit.window.stage-2.6.1] startup
[python-1] [10.562s] [ext: omni.kit.usdz_export-1.0.9] startup
[python-1] [10.574s] [ext: omni.kit.tool.collect-2.2.18] startup
[python-1] [10.589s] [ext: omni.kit.menu.stage-1.2.7] startup
[python-1] [10.597s] [ext: omni.kit.tool.asset_importer-4.3.2] startup
[python-1] [10.648s] [ext: isaacsim.robot.wheeled_robots-4.0.24] startup
[python-1] [10.665s] [ext: isaacsim.examples.browser-0.2.1] startup
[python-1] [10.677s] [ext: isaacsim.asset.importer.urdf-2.4.30] startup
[python-1] [10.829s] [ext: omni.isaac.wheeled_robots-3.0.7] startup
[python-1] 2026-09-08T13:00:07Z [10,782ms] [Warning] [omni.isaac.wheeled_robots] omni.isaac.wheeled_robots has been deprecated in favor of isaacsim.robot.wheeled_robots. Please update your code accordingly.
[python-1] 2026-09-08T13:00:07Z [10,782ms] [Warning] [omni.isaac.wheeled_robots.controllers] omni.isaac.wheeled_robots has been deprecated in favor of isaacsim.robot.wheeled_robots. Please update your code accordingly.
[python-1] 2026-09-08T13:00:07Z [10,783ms] [Warning] [omni.isaac.wheeled_robots.controllers.ackermann_controller] omni.isaac.wheeled_robots has been deprecated in favor of isaacsim.robot.wheeled_robots. Please update your code accordingly.
[python-1] 2026-09-08T13:00:07Z [10,783ms] [Warning] [omni.isaac.wheeled_robots.controllers.differential_controller] omni.isaac.wheeled_robots has been deprecated in favor of isaacsim.robot.wheeled_robots. Please update your code accordingly.
[python-1] 2026-09-08T13:00:07Z [10,783ms] [Warning] [omni.isaac.wheeled_robots.controllers.holonomic_controller] omni.isaac.wheeled_robots has been deprecated in favor of isaacsim.robot.wheeled_robots. Please update your code accordingly.
[python-1] 2026-09-08T13:00:07Z [10,783ms] [Warning] [omni.isaac.wheeled_robots.controllers.quintic_path_planner] omni.isaac.wheeled_robots has been deprecated in favor of isaacsim.robot.wheeled_robots. Please update your code accordingly.
[python-1] 2026-09-08T13:00:07Z [10,784ms] [Warning] [omni.isaac.wheeled_robots.controllers.stanley_control] omni.isaac.wheeled_robots has been deprecated in favor of isaacsim.robot.wheeled_robots. Please update your code accordingly.
[python-1] 2026-09-08T13:00:07Z [10,784ms] [Warning] [omni.isaac.wheeled_robots.controllers.wheel_base_pose_controller] omni.isaac.wheeled_robots has been deprecated in favor of isaacsim.robot.wheeled_robots. Please update your code accordingly.
[python-1] 2026-09-08T13:00:07Z [10,785ms] [Warning] [omni.isaac.wheeled_robots.impl] omni.isaac.wheeled_robots has been deprecated in favor of isaacsim.robot.wheeled_robots. Please update your code accordingly.
[python-1] 2026-09-08T13:00:07Z [10,785ms] [Warning] [omni.isaac.wheeled_robots.robots] omni.isaac.wheeled_robots has been deprecated in favor of isaacsim.robot.wheeled_robots. Please update your code accordingly.
[python-1] 2026-09-08T13:00:07Z [10,785ms] [Warning] [omni.isaac.wheeled_robots.robots.holonomic_robot_usd_setup] omni.isaac.wheeled_robots has been deprecated in favor of isaacsim.robot.wheeled_robots. Please update your code accordingly.
[python-1] 2026-09-08T13:00:07Z [10,785ms] [Warning] [omni.isaac.wheeled_robots.robots.wheeled_robot] omni.isaac.wheeled_robots has been deprecated in favor of isaacsim.robot.wheeled_robots. Please update your code accordingly.
[python-1] [10.840s] [ext: isaacsim.simulation_app-2.12.2] startup
[python-1] [10.841s] [ext: omni.isaac.franka-1.0.7] startup
[python-1] 2026-09-08T13:00:07Z [10,796ms] [Warning] [omni.isaac.franka] omni.isaac.franka has been deprecated in favor of isaacsim.robot.manipulators.examples.franka. Please update your code accordingly.
[python-1] 2026-09-08T13:00:07Z [10,797ms] [Warning] [omni.isaac.franka.franka] omni.isaac.franka has been deprecated in favor of isaacsim.robot.manipulators.examples.franka. Please update your code accordingly.
[controller_server-7] [INFO] [1788872407.737901084] [local_costmap.local_costmap]: Timed out waiting for transform from base_link to odom to become available, tf error: Invalid frame ID "odom" passed to canTransform argument target_frame - frame does not exist
[python-1] 2026-09-08T13:00:07Z [10,835ms] [Warning] [omni.isaac.franka.kinematics_solver] omni.isaac.franka has been deprecated in favor of isaacsim.robot.manipulators.examples.franka. Please update your code accordingly.
[python-1] [10.889s] [ext: omni.isaac.kit-2.0.6] startup
[python-1] 2026-09-08T13:00:07Z [10,840ms] [Warning] [omni.isaac.kit] omni.isaac.kit has been deprecated in favor of isaacsim.simulation_app. Please update your code accordingly.
[python-1] [10.899s] [ext: omni.kit.selection-0.1.6] startup
[python-1] [10.910s] [ext: omni.isaac.lula-4.0.6] startup
[python-1] 2026-09-08T13:00:07Z [10,864ms] [Warning] [omni.isaac.lula] omni.isaac.lula has been deprecated in favor of isaacsim.robot_motion.lula. Please update your code accordingly.
[python-1] [10.923s] [ext: isaacsim.robot_motion.lula_test_widget-1.0.12] startup
[python-1] [10.947s] [ext: isaacsim.asset.browser-1.3.23] startup
[python-1] [11.115s] [ext: omni.kit.viewport.actions-107.0.2] startup
[python-1] [11.129s] [ext: isaacsim.gui.menu-2.4.4] startup
[python-1] [11.150s] [ext: omni.isaac.manipulators-3.0.7] startup
[python-1] 2026-09-08T13:00:07Z [11,097ms] [Warning] [omni.isaac.manipulators] omni.isaac.manipulators has been deprecated in favor of isaacsim.robot.manipulators. Please update your code accordingly.
[python-1] 2026-09-08T13:00:07Z [11,097ms] [Warning] [omni.isaac.manipulators.controllers] omni.isaac.manipulators has been deprecated in favor of isaacsim.robot.manipulators. Please update your code accordingly.
[python-1] 2026-09-08T13:00:07Z [11,097ms] [Warning] [omni.isaac.manipulators.controllers.pick_place_controller] omni.isaac.manipulators has been deprecated in favor of isaacsim.robot.manipulators. Please update your code accordingly.
[python-1] 2026-09-08T13:00:07Z [11,099ms] [Warning] [omni.isaac.manipulators.controllers.stacking_controller] omni.isaac.manipulators has been deprecated in favor of isaacsim.robot.manipulators. Please update your code accordingly.
[python-1] 2026-09-08T13:00:07Z [11,099ms] [Warning] [omni.isaac.manipulators.grippers] omni.isaac.manipulators has been deprecated in favor of isaacsim.robot.manipulators. Please update your code accordingly.
[python-1] 2026-09-08T13:00:07Z [11,099ms] [Warning] [omni.isaac.manipulators.grippers.gripper] omni.isaac.manipulators has been deprecated in favor of isaacsim.robot.manipulators. Please update your code accordingly.
[python-1] 2026-09-08T13:00:07Z [11,099ms] [Warning] [omni.isaac.manipulators.grippers.parallel_gripper] omni.isaac.manipulators has been deprecated in favor of isaacsim.robot.manipulators. Please update your code accordingly.
[python-1] 2026-09-08T13:00:07Z [11,100ms] [Warning] [omni.isaac.manipulators.grippers.surface_gripper] omni.isaac.manipulators has been deprecated in favor of isaacsim.robot.manipulators. Please update your code accordingly.
[python-1] 2026-09-08T13:00:07Z [11,100ms] [Warning] [omni.isaac.manipulators.manipulators] omni.isaac.manipulators has been deprecated in favor of isaacsim.robot.manipulators. Please update your code accordingly.
[python-1] 2026-09-08T13:00:07Z [11,100ms] [Warning] [omni.isaac.manipulators.manipulators.single_manipulator] omni.isaac.manipulators has been deprecated in favor of isaacsim.robot.manipulators. Please update your code accordingly.
[python-1] [11.155s] [ext: omni.isaac.lula_test_widget-1.0.6] startup
[python-1] 2026-09-08T13:00:07Z [11,105ms] [Warning] [omni.isaac.lula_test_widget] omni.isaac.lula_test_widget has been deprecated in favor of isaacsim.robot_motion.lula_test_widget. Please update your code accordingly.
[python-1] [11.159s] [ext: omni.isaac.asset_browser-1.0.6] startup
[python-1] 2026-09-08T13:00:07Z [11,113ms] [Warning] [omni.isaac.asset_browser] omni.isaac.asset_browser has been deprecated in favor of isaacsim.asset.browser. Please update your code accordingly.
[python-1] [11.175s] [ext: omni.kit.viewport.menubar.display-107.0.3] startup
[python-1] [11.200s] [ext: omni.isaac.menu-1.0.6] startup
[python-1] 2026-09-08T13:00:08Z [11,150ms] [Warning] [omni.isaac.menu] omni.isaac.menu has been deprecated in favor of isaacsim.gui.menu. Please update your code accordingly.
[python-1] [11.205s] [ext: omni.isaac.motion_generation-8.0.7] startup
[python-1] 2026-09-08T13:00:08Z [11,159ms] [Warning] [omni.isaac.motion_generation] omni.isaac.motion_generation has been deprecated in favor of isaacsim.robot_motion.motion_generation. Please update your code accordingly.
[python-1] 2026-09-08T13:00:08Z [11,160ms] [Warning] [omni.isaac.motion_generation.articulation_kinematics_solver] omni.isaac.motion_generation has been deprecated in favor of isaacsim.robot_motion.motion_generation. Please update your code accordingly.
[python-1] 2026-09-08T13:00:08Z [11,160ms] [Warning] [omni.isaac.motion_generation.articulation_motion_policy] omni.isaac.motion_generation has been deprecated in favor of isaacsim.robot_motion.motion_generation. Please update your code accordingly.
[python-1] 2026-09-08T13:00:08Z [11,161ms] [Warning] [omni.isaac.motion_generation.articulation_trajectory] omni.isaac.motion_generation has been deprecated in favor of isaacsim.robot_motion.motion_generation. Please update your code accordingly.
[python-1] 2026-09-08T13:00:08Z [11,167ms] [Warning] [omni.isaac.motion_generation.kinematics_interface] omni.isaac.motion_generation has been deprecated in favor of isaacsim.robot_motion.motion_generation. Please update your code accordingly.
[python-1] 2026-09-08T13:00:08Z [11,168ms] [Warning] [omni.isaac.motion_generation.lula] omni.isaac.motion_generation has been deprecated in favor of isaacsim.robot_motion.motion_generation. Please update your code accordingly.
[python-1] 2026-09-08T13:00:08Z [11,169ms] [Warning] [omni.isaac.motion_generation.lula.kinematics] omni.isaac.motion_generation has been deprecated in favor of isaacsim.robot_motion.motion_generation. Please update your code accordingly.
[python-1] 2026-09-08T13:00:08Z [11,169ms] [Warning] [omni.isaac.motion_generation.lula.motion_policies] omni.isaac.motion_generation has been deprecated in favor of isaacsim.robot_motion.motion_generation. Please update your code accordingly.
[python-1] 2026-09-08T13:00:08Z [11,169ms] [Warning] [omni.isaac.motion_generation.lula.path_planners] omni.isaac.motion_generation has been deprecated in favor of isaacsim.robot_motion.motion_generation. Please update your code accordingly.
[python-1] 2026-09-08T13:00:08Z [11,170ms] [Warning] [omni.isaac.motion_generation.lula.trajectory_generator] omni.isaac.motion_generation has been deprecated in favor of isaacsim.robot_motion.motion_generation. Please update your code accordingly.
[python-1] 2026-09-08T13:00:08Z [11,170ms] [Warning] [omni.isaac.motion_generation.motion_policy_controller] omni.isaac.motion_generation has been deprecated in favor of isaacsim.robot_motion.motion_generation. Please update your code accordingly.
[python-1] 2026-09-08T13:00:08Z [11,171ms] [Warning] [omni.isaac.motion_generation.motion_policy_interface] omni.isaac.motion_generation has been deprecated in favor of isaacsim.robot_motion.motion_generation. Please update your code accordingly.
[python-1] 2026-09-08T13:00:08Z [11,171ms] [Warning] [omni.isaac.motion_generation.path_planner_visualizer] omni.isaac.motion_generation has been deprecated in favor of isaacsim.robot_motion.motion_generation. Please update your code accordingly.
[python-1] 2026-09-08T13:00:08Z [11,171ms] [Warning] [omni.isaac.motion_generation.path_planning_interface] omni.isaac.motion_generation has been deprecated in favor of isaacsim.robot_motion.motion_generation. Please update your code accordingly.
[python-1] 2026-09-08T13:00:08Z [11,172ms] [Warning] [omni.isaac.motion_generation.trajectory] omni.isaac.motion_generation has been deprecated in favor of isaacsim.robot_motion.motion_generation. Please update your code accordingly.
[python-1] 2026-09-08T13:00:08Z [11,172ms] [Warning] [omni.isaac.motion_generation.world_interface] omni.isaac.motion_generation has been deprecated in favor of isaacsim.robot_motion.motion_generation. Please update your code accordingly.
[python-1] [11.227s] [ext: omni.isaac.assets_check-0.3.13] startup
[python-1] 2026-09-08T13:00:08Z [11,180ms] [Warning] [omni.isaac.assets_check] omni.isaac.assets_check has been deprecated in favor of isaacsim.asset.browser. Please update your code accordingly.
[python-1] [11.235s] [ext: isaacsim.gui.sensors.icon-2.0.3] startup
[python-1] [11.282s] [ext: isaacsim.asset.importer.mjcf-2.5.13] startup
[python-1] [11.299s] [ext: omni.sensors.nv.common-3.0.0] startup
[python-1] [11.316s] [ext: isaacsim.sensors.physics-0.4.3] startup
[python-1] [11.325s] [ext: omni.sensors.net-1.0.0] startup
[python-1] [11.335s] [ext: omni.isaac.nucleus-1.0.6] startup
[python-1] 2026-09-08T13:00:08Z [11,284ms] [Warning] [omni.isaac.nucleus] omni.isaac.nucleus has been deprecated in favor of isaacsim.storage.native. Please update your code accordingly.
[controller_server-7] [INFO] [1788872408.237904160] [local_costmap.local_costmap]: Timed out waiting for transform from base_link to odom to become available, tf error: Invalid frame ID "odom" passed to canTransform argument target_frame - frame does not exist
[python-1] 2026-09-08T13:00:08Z [11,284ms] [Warning] [omni.isaac.nucleus.nucleus] omni.isaac.nucleus.nucleus has been deprecated in favor of isaacsim.storage.native. Please update your code accordingly.
[python-1] [11.338s] [ext: omni.sensors.nv.materials-2.0.0] startup
[python-1] [11.347s] [ext: isaacsim.robot.policy.examples-4.1.11] startup
[python-1] [11.352s] [ext: omni.sensors.nv.wpm-3.0.0] startup
[python-1] [11.386s] [ext: omni.sensors.nv.lidar-3.0.0] startup
[python-1] [11.403s] [ext: isaacsim.util.debug_draw-3.1.0] startup
[python-1] [11.410s] [ext: omni.sensors.nv.radar-3.0.0] startup
[python-1] [11.423s] [ext: omni.sensors.nv.ids-2.0.0] startup
[python-1] [11.426s] [ext: isaacsim.core.cloner-1.4.10] startup
[python-1] [11.432s] [ext: isaacsim.sensors.physx-2.3.2] startup
[python-1] [11.444s] [ext: isaacsim.sensors.rtx-15.8.4] startup
[python-1] [11.463s] [ext: isaacsim.sensors.camera-1.3.6] startup
[python-1] [11.496s] [ext: omni.isaac.quadruped-3.0.7] startup
[python-1] 2026-09-08T13:00:08Z [11,453ms] [Warning] [omni.isaac.quadruped] omni.isaac.quadruped has been deprecated in favor of isaacsim.robot.policy.examples. Please update your code accordingly.
[python-1] [11.517s] [ext: omni.isaac.cloner-1.0.7] startup
[python-1] 2026-09-08T13:00:08Z [11,480ms] [Warning] [omni.isaac.cloner] omni.isaac.cloner has been deprecated in favor of isaacsim.core.cloner. Please update your code accordingly.
[python-1] [11.537s] [ext: omni.isaac.range_sensor-4.0.6] startup
[python-1] 2026-09-08T13:00:08Z [11,501ms] [Warning] [omni.isaac.range_sensor] omni.isaac.range_sensor has been deprecated in favor of isaacsim.sensors.physx. Please update your code accordingly.
[python-1] 2026-09-08T13:00:08Z [11,502ms] [Warning] [omni.isaac.range_sensor.commands] omni.isaac.range_sensor.commands has been deprecated in favor of isaacsim.sensors.physx.commands. Please update your code accordingly.
[python-1] [11.565s] [ext: omni.isaac.sensor-13.0.7] startup
[python-1] 2026-09-08T13:00:08Z [11,519ms] [Warning] [omni.isaac.sensor] omni.isaac.sensor has been deprecated in favor of isaacsim.sensors.camera, isaacsim.sensors.physics, isaacsim.sensors.physx, and isaacsim.sensors.rtx. Please update your code accordingly.
[python-1] 2026-09-08T13:00:08Z [11,520ms] [Warning] [omni.isaac.sensor.camera] omni.isaac.sensor.camera has been deprecated in favor of isaacsim.sensors.camera.camera. Please update your code accordingly.
[python-1] 2026-09-08T13:00:08Z [11,521ms] [Warning] [omni.isaac.sensor.camera_view] omni.isaac.sensor.camera_view has been deprecated in favor of isaacsim.sensors.camera.camera_view. Please update your code accordingly.
[python-1] 2026-09-08T13:00:08Z [11,527ms] [Warning] [omni.isaac.sensor.commands] omni.isaac.sensor.commands has been deprecated in favor of isaacsim.sensors.physics.commands, isaacsim.sensors.physx.commands, and isaacsim.sensors.rtx.commands. Please update your code accordingly.
[python-1] 2026-09-08T13:00:08Z [11,529ms] [Warning] [omni.isaac.sensor.contact_sensor] omni.isaac.sensor.contact_sensor has been deprecated in favor of isaacsim.sensors.physics.contact_sensor. Please update your code accordingly.
[python-1] 2026-09-08T13:00:08Z [11,529ms] [Warning] [omni.isaac.sensor.imu_sensor] omni.isaac.sensor.imu_sensor has been deprecated in favor of isaacsim.sensors.physics.imu_sensor. Please update your code accordingly.
[python-1] 2026-09-08T13:00:08Z [11,530ms] [Warning] [omni.isaac.sensor.lidar_rtx] omni.isaac.sensor.lidar_rtx has been deprecated in favor of isaacsim.sensors.rtx.lidar_rtx. Please update your code accordingly.
[python-1] 2026-09-08T13:00:08Z [11,531ms] [Warning] [omni.isaac.sensor.rotating_lidar_physX] omni.isaac.sensor.imu_sensor has been deprecated in favor of isaacsim.sensors.physix.rotating_lidar_physX. Please update your code accordingly.
[python-1] 2026-09-08T13:00:08Z [11,532ms] [Warning] [omni.isaac.sensor.scripts.samples.contact_sensor] omni.isaac.sensor.scripts.samples.contact_sensor has been deprecated in favor of isaacsim.sensors.physics.scripts.samples.contact_sensor. Please update your code accordingly.
[python-1] 2026-09-08T13:00:08Z [11,533ms] [Warning] [omni.isaac.sensor.scripts.samples.imu_sensor] omni.isaac.sensor.scripts.samples.imu_sensor has been deprecated in favor of isaacsim.sensors.physics.scripts.samples.imu_sensor. Please update your code accordingly.
[python-1] 2026-09-08T13:00:08Z [11,533ms] [Warning] [omni.isaac.sensor.scripts.samples.lightbeam_sensor] omni.isaac.sensor.scripts.samples.lightbeam_sensor has been deprecated in favor of isaacsim.sensors.physx.scripts.samples.lightbeam_sensor. Please update your code accordingly.
[controller_server-7] [INFO] [1788872408.737890775] [local_costmap.local_costmap]: Timed out waiting for transform from base_link to odom to become available, tf error: Invalid frame ID "odom" passed to canTransform argument target_frame - frame does not exist
[python-1] [11.588s] [ext: omni.kit.menu.create-2.0.1] startup
[python-1] [11.604s] [ext: omni.kit.widget.toolbar-2.0.1] startup
[python-1] [11.657s] [ext: omni.kit.manipulator.transform-107.0.0] startup
[python-1] [11.669s] [ext: omni.isaac.core-4.0.7] startup
[python-1] 2026-09-08T13:00:08Z [11,619ms] [Warning] [omni.isaac.core.physics_context.physics_context] omni.isaac.core.physics_context.physics_context has been deprecated in favor of isaacsim.core.api.physics_context.physics_context. Please update your code accordingly.
[python-1] 2026-09-08T13:00:08Z [11,619ms] [Warning] [omni.isaac.core.simulation_context.simulation_context] omni.isaac.core.simulation_context.simulation_context has been deprecated in favor of isaacsim.core.api.simulation_context.simulation_context. Please update your code accordingly.
[python-1] 2026-09-08T13:00:08Z [11,619ms] [Warning] [omni.isaac.core.world.world] omni.isaac.core.world.world has been deprecated in favor of isaacsim.core.api.world.world. Please update your code accordingly.
[python-1] 2026-09-08T13:00:08Z [11,619ms] [Warning] [omni.isaac.core] omni.isaac.core has been deprecated in favor of isaacsim.core.api. Please update your code accordingly.
[python-1] [11.674s] [ext: omni.kit.scripting-107.3.2] startup
[python-1] [11.694s] [ext: omni.kit.manipulator.tool.snap-1.5.13] startup
[python-1] [11.710s] [ext: omni.kit.manipulator.selector-1.1.3] startup
[python-1] [11.715s] [ext: isaacsim.app.about-2.0.11] startup
[python-1] [11.730s] [ext: isaacsim.replicator.behavior-1.1.16] startup
[python-1] [11.734s] [ext: omni.kit.viewport.manipulator.transform-107.0.4] startup
[python-1] [11.741s] [ext: omni.isaac.window.about-2.0.7] startup
[python-1] 2026-09-08T13:00:08Z [11,693ms] [Warning] [omni.isaac.window.about] omni.isaac.window.about has been deprecated in favor of isaacsim.app.about. Please update your code accordingly.
[python-1] 2026-09-08T13:00:08Z [11,694ms] [Warning] [omni.isaac.window.about.about] omni.isaac.window.about.about has been deprecated in favor of isaacsim.app.about.about. Please update your code accordingly.
[python-1] [11.748s] [ext: omni.fabric.commands-1.1.6] startup
[python-1] [11.759s] [ext: omni.kit.manipulator.prim.core-107.0.8] startup
[python-1] [11.779s] [ext: omni.kit.property.audio-1.0.16] startup
[python-1] [11.785s] [ext: omni.kit.property.camera-1.0.10] startup
[python-1] [11.790s] [ext: omni.kit.property.geometry-2.0.4] startup
[python-1] [11.800s] [ext: omni.hydra.scene_api-0.1.2] startup
[python-1] [11.811s] [ext: omni.kit.property.light-1.0.12] startup
[python-1] [11.845s] [ext: omni.kit.manipulator.prim.fabric-107.0.4] startup
[python-1] [11.850s] [ext: omni.kit.manipulator.prim.usd-107.0.3] startup
[python-1] [11.855s] [ext: omni.kit.property.material-1.11.9] startup
[python-1] [11.866s] [ext: omni.kit.property.render-1.2.1] startup
[python-1] [11.872s] [ext: omni.kit.property.transform-1.5.13] startup
[python-1] [11.881s] [ext: isaacsim.gui.property-1.1.3] startup
[python-1] [11.888s] [ext: omni.kit.manipulator.camera-106.0.4] startup
[python-1] [11.903s] [ext: omni.kit.manipulator.prim-107.0.0] startup
[python-1] [11.904s] [ext: omni.isaac.surface_gripper-2.0.6] startup
[python-1] 2026-09-08T13:00:08Z [11,850ms] [Warning] [omni.isaac.surface_gripper] omni.isaac.surface_gripper has been deprecated in favor of isaacsim.robot.surface_gripper. Please update your code accordingly.
[python-1] [11.905s] [ext: omni.kit.manipulator.selection-106.0.1] startup
[python-1] [11.915s] [ext: omni.kit.property.bundle-1.4.1] startup
[python-1] [11.924s] [ext: omni.kit.property.isaac-1.0.6] startup
[python-1] 2026-09-08T13:00:08Z [11,875ms] [Warning] [omni.kit.property.isaac] omni.kit.property.isaac has been deprecated in favor of isaacsim.gui.property. Please update your code accordingly.
[python-1] 2026-09-08T13:00:08Z [11,875ms] [Warning] [omni.kit.property.isaac.widgets] omni.kit.property.isaac.widgets has been deprecated in favor of isaacsim.gui.property.widgets. Please update your code accordingly.
[python-1] [11.929s] [ext: omni.isaac.universal_robots-1.0.6] startup
[python-1] 2026-09-08T13:00:08Z [11,880ms] [Warning] [omni.isaac.universal_robots] omni.isaac.universal_robots has been deprecated in favor of isaacsim.robot.manipulators.examples.universal_robots. Please update your code accordingly.
[python-1] 2026-09-08T13:00:08Z [11,880ms] [Warning] [omni.isaac.universal_robots.kinematics_solver] omni.isaac.franka has been deprecated in favor of isaacsim.robot.manipulators.examples.universal_robots. Please update your code accordingly.
[controller_server-7] [INFO] [1788872409.237907341] [local_costmap.local_costmap]: Timed out waiting for transform from base_link to odom to become available, tf error: Invalid frame ID "odom" passed to canTransform argument target_frame - frame does not exist
[python-1] 2026-09-08T13:00:08Z [11,883ms] [Warning] [omni.isaac.universal_robots.ur10] omni.isaac.franka has been deprecated in favor of isaacsim.robot.manipulators.examples.universal_robots. Please update your code accordingly.
[python-1] [11.937s] [ext: omni.isaac.core_nodes-2.0.6] startup
[python-1] 2026-09-08T13:00:08Z [11,895ms] [Warning] [omni.isaac.core_nodes] omni.isaac.core_nodes has been deprecated in favor of isaacsim.core.nodes. Please update your code accordingly.
[python-1] [11.950s] [ext: omni.kit.viewport.menubar.camera-107.0.6] startup
[python-1] [11.985s] [ext: omni.kit.viewport.menubar.lighting-107.3.1] startup
[python-1] [11.995s] [ext: isaacsim.replicator.writers-1.0.17] startup
[python-1] [12.029s] [ext: omni.kit.viewport.menubar.render-107.0.10] startup
[python-1] [12.043s] [ext: omni.kit.viewport.menubar.settings-107.0.3] startup
[python-1] [12.055s] [ext: omni.kit.window.console-1.1.4] startup
[python-1] [12.072s] [ext: isaacsim.replicator.domain_randomization-1.0.16] startup
[python-1] [12.090s] [ext: isaacsim.replicator.examples-1.3.6] startup
[python-1] [12.106s] [ext: omni.ocio-0.1.1] startup
[python-1] [12.122s] [ext: omni.rtx.window.settings-0.6.19] startup
[python-1] [12.155s] [ext: omni.kit.window.status_bar-0.1.9] startup
[python-1] [12.184s] [ext: omni.kit.window.toolbar-2.0.0] startup
[python-1] [12.224s] [ext: omni.replicator.isaac-2.0.8] startup
[python-1] 2026-09-08T13:00:09Z [12,174ms] [Warning] [omni.replicator.isaac] omni.replicator.isaac has been deprecated in favor of isaacsim.replicator.domain_randomization, isaacsim.replicator.examples, isaacsim.replicator.writers. Please update your code accordingly.
[python-1] [12.229s] [ext: omni.replicator.replicator_yaml-2.0.11] startup
[python-1] [12.290s] [ext: omni.rtx.settings.core-0.6.5] startup
[python-1] [12.306s] [ext: omni.usd.metrics.assembler.ui-107.3.1] startup
[python-1] [12.342s] [ext: omni.isaac.utils-2.0.6] startup
[python-1] [12.347s] [ext: semantics.schema.editor-2.0.2] startup
[python-1] [12.367s] [ext: omni.kit.ui.actions-1.0.5] startup
[python-1] [12.374s] [ext: semantics.schema.property-2.0.1] startup
[python-1] [12.380s] [ext: omni.isaac.version-2.0.7] startup
[python-1] 2026-09-08T13:00:09Z [12,331ms] [Warning] [omni.isaac.version] omni.isaac.version has been deprecated in favor of isaacsim.core.version. Please update your code accordingly.
[python-1] [12.385s] [ext: omni.isaac.cortex-1.0.5] startup
[python-1] [12.390s] [ext: omni.anim.curve.core-1.3.1] startup
[python-1] [12.419s] [ext: isaacsim.core.throttling-2.2.2] startup
[python-1] [12.424s] [ext: omni.kit.menu.common-2.0.1] startup
[python-1] [12.431s] [ext: isaacsim.exp.base-5.1.0] startup
[python-1] [12.434s] [ext: isaacsim.exp.base.python-5.1.0] startup
[python-1] [12.440s] Simulation App Starting
[python-1] 2026-09-08T13:00:09Z [12,574ms] [Warning] [omni.fabric.plugin] Warning: attribute viewportHandle not found for bucket id 9
[python-1] 
[python-1] 2026-09-08T13:00:09Z [12,629ms] [Warning] [usdrt.population.plugin] [UsdNoticeHandler] Unhandled attribute type VtArray<std::string> (prim attribute: omni:rtx:material:db:flattener:ior_constant)
[python-1] 2026-09-08T13:00:09Z [12,629ms] [Warning] [usdrt.population.plugin] [UsdNoticeHandler] Unhandled attribute type VtArray<std::string> (prim attribute: omni:rtx:material:db:flattener:transmittance_color)
[python-1] 2026-09-08T13:00:09Z [12,629ms] [Warning] [usdrt.population.plugin] [UsdNoticeHandler] Unhandled attribute type VtArray<std::string> (prim attribute: omni:rtx:material:db:flattener:reflection_roughness_constant)
[python-1] [12.705s] app ready
[controller_server-7] [INFO] [1788872409.737893761] [local_costmap.local_costmap]: Timed out waiting for transform from base_link to odom to become available, tf error: Invalid frame ID "odom" passed to canTransform argument target_frame - frame does not exist
[controller_server-7] [INFO] [1788872410.237888585] [local_costmap.local_costmap]: Timed out waiting for transform from base_link to odom to become available, tf error: Invalid frame ID "odom" passed to canTransform argument target_frame - frame does not exist
[controller_server-7] [INFO] [1788872410.737890295] [local_costmap.local_costmap]: Timed out waiting for transform from base_link to odom to become available, tf error: Invalid frame ID "odom" passed to canTransform argument target_frame - frame does not exist
[controller_server-7] [INFO] [1788872411.237892784] [local_costmap.local_costmap]: Timed out waiting for transform from base_link to odom to become available, tf error: Invalid frame ID "odom" passed to canTransform argument target_frame - frame does not exist
[controller_server-7] [INFO] [1788872411.737892530] [local_costmap.local_costmap]: Timed out waiting for transform from base_link to odom to become available, tf error: Invalid frame ID "odom" passed to canTransform argument target_frame - frame does not exist
[controller_server-7] [INFO] [1788872412.237901701] [local_costmap.local_costmap]: Timed out waiting for transform from base_link to odom to become available, tf error: Invalid frame ID "odom" passed to canTransform argument target_frame - frame does not exist
[controller_server-7] [INFO] [1788872412.737893014] [local_costmap.local_costmap]: Timed out waiting for transform from base_link to odom to become available, tf error: Invalid frame ID "odom" passed to canTransform argument target_frame - frame does not exist
[controller_server-7] [INFO] [1788872413.237925062] [local_costmap.local_costmap]: Timed out waiting for transform from base_link to odom to become available, tf error: Invalid frame ID "odom" passed to canTransform argument target_frame - frame does not exist
[controller_server-7] [INFO] [1788872413.737923701] [local_costmap.local_costmap]: Timed out waiting for transform from base_link to odom to become available, tf error: Invalid frame ID "odom" passed to canTransform argument target_frame - frame does not exist
[controller_server-7] [INFO] [1788872414.237890492] [local_costmap.local_costmap]: Timed out waiting for transform from base_link to odom to become available, tf error: Invalid frame ID "odom" passed to canTransform argument target_frame - frame does not exist
[controller_server-7] [INFO] [1788872414.737895522] [local_costmap.local_costmap]: Timed out waiting for transform from base_link to odom to become available, tf error: Invalid frame ID "odom" passed to canTransform argument target_frame - frame does not exist
[python-1] Warning: Possible version incompatibility. Attempting to load omni::fabric::IStageReaderWriter with version v0.14 against v0.13.
[controller_server-7] [INFO] [1788872415.237900816] [local_costmap.local_costmap]: Timed out waiting for transform from base_link to odom to become available, tf error: Invalid frame ID "odom" passed to canTransform argument target_frame - frame does not exist
[controller_server-7] [INFO] [1788872415.737904443] [local_costmap.local_costmap]: Timed out waiting for transform from base_link to odom to become available, tf error: Invalid frame ID "odom" passed to canTransform argument target_frame - frame does not exist
[controller_server-7] [INFO] [1788872416.237894647] [local_costmap.local_costmap]: Timed out waiting for transform from base_link to odom to become available, tf error: Invalid frame ID "odom" passed to canTransform argument target_frame - frame does not exist
[controller_server-7] [INFO] [1788872416.737896943] [local_costmap.local_costmap]: Timed out waiting for transform from base_link to odom to become available, tf error: Invalid frame ID "odom" passed to canTransform argument target_frame - frame does not exist
[controller_server-7] [INFO] [1788872417.237897006] [local_costmap.local_costmap]: Timed out waiting for transform from base_link to odom to become available, tf error: Invalid frame ID "odom" passed to canTransform argument target_frame - frame does not exist
[controller_server-7] [INFO] [1788872417.737897457] [local_costmap.local_costmap]: Timed out waiting for transform from base_link to odom to become available, tf error: Invalid frame ID "odom" passed to canTransform argument target_frame - frame does not exist
[controller_server-7] [INFO] [1788872418.237894683] [local_costmap.local_costmap]: Timed out waiting for transform from base_link to odom to become available, tf error: Invalid frame ID "odom" passed to canTransform argument target_frame - frame does not exist
[controller_server-7] [INFO] [1788872418.737894985] [local_costmap.local_costmap]: Timed out waiting for transform from base_link to odom to become available, tf error: Invalid frame ID "odom" passed to canTransform argument target_frame - frame does not exist
[controller_server-7] [INFO] [1788872419.237897033] [local_costmap.local_costmap]: Timed out waiting for transform from base_link to odom to become available, tf error: Invalid frame ID "odom" passed to canTransform argument target_frame - frame does not exist
[controller_server-7] [INFO] [1788872419.737895290] [local_costmap.local_costmap]: Timed out waiting for transform from base_link to odom to become available, tf error: Invalid frame ID "odom" passed to canTransform argument target_frame - frame does not exist
[controller_server-7] [INFO] [1788872420.237901755] [local_costmap.local_costmap]: Timed out waiting for transform from base_link to odom to become available, tf error: Invalid frame ID "odom" passed to canTransform argument target_frame - frame does not exist
[controller_server-7] [INFO] [1788872420.737892063] [local_costmap.local_costmap]: Timed out waiting for transform from base_link to odom to become available, tf error: Invalid frame ID "odom" passed to canTransform argument target_frame - frame does not exist
[controller_server-7] [INFO] [1788872421.237900834] [local_costmap.local_costmap]: Timed out waiting for transform from base_link to odom to become available, tf error: Invalid frame ID "odom" passed to canTransform argument target_frame - frame does not exist
[python-1] [INFO] [1788872421.516682892] [isaac]: Ideal planar chassis enabled: physics_dt=0.016667, limits=(1.500 m/s, 2.000 rad/s), accelerations=(2.000 m/s^2, 4.000 rad/s^2)
[controller_server-7] [INFO] [1788872421.737892000] [local_costmap.local_costmap]: Timed out waiting for transform from base_link to odom to become available, tf error: Invalid frame ID "odom" passed to canTransform argument target_frame - frame does not exist
[python-1] [17.807s] Simulation App Startup Complete
[python-1] [17.848s] [ext: omni.anim.behavior.schema-107.3.0] startup
[python-1] [17.864s] [ext: omni.anim.asset-107.3.0] startup
[python-1] [17.869s] [ext: omni.debugdraw-0.1.4] startup
[python-1] [17.876s] [ext: omni.anim.retarget.core-107.3.3] startup
[python-1] [17.888s] [ext: omni.anim.graph.core-107.3.4] startup
[python-1] 2026-09-08T13:00:14Z [17,863ms] [Warning] [omni.graph.core._impl._registration.register_python_ogn] Python import process in omni.anim.graph.core failed - 'NoneType' object is not subscriptable. Aborting Python node registration
[python-1] [17.917s] [ext: omni.kit.quicklayout-1.0.8] startup
[python-1] [17.993s] [ext: omni.anim.navigation.core-107.3.8] startup
[python-1] [18.005s] [ext: omni.metropolis.utils-0.1.20] startup
[python-1] [18.093s] [ext: omni.anim.people-0.7.9] startup
[python-1] [18.121s] [ext: omni.usd.schema.scene.visualization-2.0.2] startup
[python-1] [18.129s] [ext: omni.curve.creator-107.0.1] startup
[python-1] [18.134s] [ext: omni.kit.browser.sample-1.4.9] startup
[python-1] [18.207s] [ext: omni.scene.visualization.core-107.0.2] startup
[python-1] [18.219s] [ext: omni.curve.manipulator-107.0.4] startup
[python-1] [18.319s] [ext: omni.anim.navigation.ui-107.3.6] startup
[python-1] [18.470s] [ext: omni.anim.navigation.bundle-107.3.3] startup
[python-1] [18.485s] [ext: omni.anim.timeline-107.0.0] startup
[python-1] [18.507s] [ext: omni.kit.widget.text_editor-1.1.1] startup
[python-1] [18.517s] [ext: omni.graph.ui-1.101.6] startup
[python-1] [18.617s] [ext: omni.kit.widget.imageview-1.0.4] startup
[python-1] [18.618s] [ext: omni.ramp-107.0.1] startup
[python-1] [18.934s] [ext: omni.kit.window.quicksearch-2.4.4] startup
[python-1] [18.941s] [ext: omni.genproc.core-107.0.3] startup
[python-1] [18.966s] [ext: omni.kit.graph.widget.variables-2.1.0] startup
[python-1] [18.970s] [ext: omni.graph.io-1.30.1] startup
[python-1] 2026-09-08T13:00:15Z [18,918ms] [Warning] [omni.graph.io._impl.extension] omni.graph.io is deprecated. Nodes in this extension have been moved to omni.graph.nodes. Update any dependencies accordingly.
[python-1] [18.974s] [ext: omni.graph.bundle.action-2.30.0] startup
[python-1] [18.980s] [ext: omni.kit.graph.delegate.modern-1.10.9] startup
[python-1] [18.983s] [ext: omni.anim.graph.ui-107.3.3] startup
[python-1] [19.153s] [ext: omni.anim.graph.bundle-107.3.3] startup
[python-1] [19.181s] [ext: omni.kit.preferences.animation-1.2.0] startup
[python-1] [19.192s] [ext: omni.anim.skelJoint-107.3.3] startup
[python-1] [19.206s] [ext: omni.anim.widget.timeline-0.1.14] startup
[python-1] 2026-09-08T13:00:16Z [19,162ms] [Warning] [omni.anim.widget.timeline.views.timeline_view] Could not import omni.kit.window.cursor
[python-1] [19.218s] [ext: omni.kit.widget.layers-1.8.6] startup
[python-1] [19.315s] [ext: omni.anim.retarget.preview-107.3.3] startup
[python-1] [19.447s] [ext: omni.anim.retarget.ui-107.3.3] startup
[python-1] [19.540s] [ext: omni.anim.retarget.bundle-107.3.3] startup
[python-1] 2026-09-08T13:00:18Z [21,624ms] [Warning] [omni.anim.graph.core.plugin] CharacterManager::Shutdown() called without a prior successful call to CharacterManager::Initialize().
[python-1] [22.112s] [ext: isaacsim.ros2.bridge-4.12.4] startup
[python-1] [22.212s] Attempting to load system rclpy
[python-1] [22.229s] rclpy loaded
[python-1] 2026-09-08T13:00:21Z [24,257ms] [Warning] [carb.windowing-glfw.plugin] GLFW initialization failed.
[python-1] 2026-09-08T13:00:21Z [24,257ms] [Warning] [carb] Failed to startup plugin carb.windowing-glfw.plugin (interfaces: [carb::windowing::IGLContext v1.0],[carb::windowing::IWindowing v1.5]) (impl: carb.windowing-glfw.plugin)
[python-1] 2026-09-08T13:00:21Z [24,266ms] [Warning] [carb.windowing-glfw.plugin] GLFW initialization failed.
[python-1] 2026-09-08T13:00:21Z [24,266ms] [Warning] [carb] Failed to startup plugin carb.windowing-glfw.plugin (interfaces: [carb::windowing::IGLContext v1.0],[carb::windowing::IWindowing v1.5]) (impl: carb.windowing-glfw.plugin)
[python-1] 2026-09-08T13:00:21Z [24,267ms] [Warning] [carb.windowing-glfw.plugin] GLFW initialization failed.
[python-1] 2026-09-08T13:00:21Z [24,267ms] [Warning] [carb] Failed to startup plugin carb.windowing-glfw.plugin (interfaces: [carb::windowing::IGLContext v1.0],[carb::windowing::IWindowing v1.5]) (impl: carb.windowing-glfw.plugin)
[python-1] 2026-09-08T13:00:21Z [24,866ms] [Warning] [omni.timeline.plugin] Deprecated: direct use of ITimeline callbacks is deprecated. Use ITimeline::getTimeline (Python: omni.timeline.get_timeline_interface) instead.
[python-1] 2026-09-08T13:00:22Z [25,214ms] [Warning] [omni.kit.viewport.menubar.lighting.actions] Not able to set the lighting mode, no lighting rig found for Stage Lights
[controller_server-7] [INFO] [1788872422.237895784] [local_costmap.local_costmap]: Timed out waiting for transform from base_link to odom to become available, tf error: Invalid frame ID "odom" passed to canTransform argument target_frame - frame does not exist
[scene_bridge-2] [INFO] [1788872422.355664434] [arena_scene_bridge]: SCENE_WALLS_OK count=4 world=map_empty
[python-1] 2026-09-08T13:00:22Z [25,527ms] [Warning] [isaacsim.asset.importer.urdf] Creating Asset in an in-memory stage, will not create layered structure
[python-1] 2026-09-08T13:00:22Z [25,571ms] [Warning] [isaacsim.asset.importer.urdf] No mass specified for link base_link
[python-1] 2026-09-08T13:00:22Z [25,572ms] [Warning] [omni.usd] Warning: in _ReportErrors at line 3172 of /builds/omniverse/usd-ci/USD/pxr/usd/usd/stage.cpp -- In </jackal/base_link/visuals>: Unresolved reference prim path @anon:0x5c01ffd5c090:World1.usd@</visuals/base_link> introduced by @anon:0x5c01ffd5c090:World1.usd@</jackal/base_link/visuals> (recomposing stage on stage @anon:0x5c01ffd5c090:World1.usd@ <0x5c01fc462580>)
[python-1] 
[python-1] 2026-09-08T13:00:22Z [25,572ms] [Warning] [omni.usd] Warning: in _ReportErrors at line 3172 of /builds/omniverse/usd-ci/USD/pxr/usd/usd/stage.cpp -- In </jackal/base_link/visuals>: Unresolved reference prim path @anon:0x5c01ffd5c090:World1.usd@</visuals/base_link> introduced by @anon:0x5c01ffd5c090:World1.usd@</jackal/base_link/visuals> (recomposing stage on stage @anon:0x5c01ffd5c090:World1.usd@ <0x5c01fc462580>)
[python-1] 
[python-1] 2026-09-08T13:00:22Z [25,572ms] [Warning] [omni.usd] Warning: in _ReportErrors at line 3172 of /builds/omniverse/usd-ci/USD/pxr/usd/usd/stage.cpp -- In </jackal/base_link/visuals>: Unresolved reference prim path @anon:0x5c01ffd5c090:World1.usd@</visuals/base_link> introduced by @anon:0x5c01ffd5c090:World1.usd@</jackal/base_link/visuals> (recomposing stage on stage @anon:0x5c01ffd5c090:World1.usd@ <0x5c01fc462580>)
[python-1] 
[python-1] 2026-09-08T13:00:22Z [25,572ms] [Warning] [omni.usd] Warning: in _ReportErrors at line 3172 of /builds/omniverse/usd-ci/USD/pxr/usd/usd/stage.cpp -- In </jackal/base_link/visuals>: Unresolved reference prim path @anon:0x5c01ffd5c090:World1.usd@</visuals/base_link> introduced by @anon:0x5c01ffd5c090:World1.usd@</jackal/base_link/visuals> (recomposing stage on stage @anon:0x5c01ffd5c090:World1.usd@ <0x5c01fc462580>)
[python-1] 
[python-1] 2026-09-08T13:00:22Z [25,572ms] [Warning] [omni.usd] Warning: in _ReportErrors at line 3172 of /builds/omniverse/usd-ci/USD/pxr/usd/usd/stage.cpp -- In </jackal/base_link/visuals>: Unresolved reference prim path @anon:0x5c01ffd5c090:World1.usd@</visuals/base_link> introduced by @anon:0x5c01ffd5c090:World1.usd@</jackal/base_link/visuals> (recomposing stage on stage @anon:0x5c01ffd5c090:World1.usd@ <0x5c01fc462580>)
[python-1] 
[python-1] 2026-09-08T13:00:22Z [25,572ms] [Warning] [omni.usd] Warning: in _ReportErrors at line 3172 of /builds/omniverse/usd-ci/USD/pxr/usd/usd/stage.cpp -- In </jackal/base_link/visuals>: Unresolved reference prim path @anon:0x5c01ffd5c090:World1.usd@</visuals/base_link> introduced by @anon:0x5c01ffd5c090:World1.usd@</jackal/base_link/visuals> (recomposing stage on stage @anon:0x5c01ffd5c090:World1.usd@ <0x5c01fc462580>)
[python-1] 
[python-1] 2026-09-08T13:00:22Z [25,574ms] [Warning] [isaacsim.asset.importer.urdf] Link base_link has no colliders, and no inertia was imported; assigning a small isotropic inertia matrix
[python-1] 2026-09-08T13:00:22Z [25,630ms] [Warning] [isaacsim.asset.importer.urdf] No mass specified for link front_fender_link
[python-1] 2026-09-08T13:00:22Z [25,654ms] [Warning] [isaacsim.asset.importer.urdf] Link front_fender_link has no colliders, and no inertia was imported; assigning a small isotropic inertia matrix
[python-1] 2026-09-08T13:00:22Z [25,764ms] [Warning] [isaacsim.asset.importer.urdf] No mass specified for link imu_link
[python-1] 2026-09-08T13:00:22Z [25,765ms] [Warning] [omni.usd] Warning: in _ReportErrors at line 3172 of /builds/omniverse/usd-ci/USD/pxr/usd/usd/stage.cpp -- In </jackal/imu_link/visuals>: Unresolved reference prim path @anon:0x5c01ffd5c090:World1.usd@</visuals/imu_link> introduced by @anon:0x5c01ffd5c090:World1.usd@</jackal/imu_link/visuals> (recomposing stage on stage @anon:0x5c01ffd5c090:World1.usd@ <0x5c01fc462580>)
[python-1] 
[python-1] 2026-09-08T13:00:22Z [25,765ms] [Warning] [omni.usd] Warning: in _ReportErrors at line 3172 of /builds/omniverse/usd-ci/USD/pxr/usd/usd/stage.cpp -- In </jackal/imu_link/visuals>: Unresolved reference prim path @anon:0x5c01ffd5c090:World1.usd@</visuals/imu_link> introduced by @anon:0x5c01ffd5c090:World1.usd@</jackal/imu_link/visuals> (recomposing stage on stage @anon:0x5c01ffd5c090:World1.usd@ <0x5c01fc462580>)
[python-1] 
[python-1] 2026-09-08T13:00:22Z [25,765ms] [Warning] [omni.usd] Warning: in _ReportErrors at line 3172 of /builds/omniverse/usd-ci/USD/pxr/usd/usd/stage.cpp -- In </jackal/imu_link/visuals>: Unresolved reference prim path @anon:0x5c01ffd5c090:World1.usd@</visuals/imu_link> introduced by @anon:0x5c01ffd5c090:World1.usd@</jackal/imu_link/visuals> (recomposing stage on stage @anon:0x5c01ffd5c090:World1.usd@ <0x5c01fc462580>)
[python-1] 
[python-1] 2026-09-08T13:00:22Z [25,766ms] [Warning] [omni.usd] Warning: in _ReportErrors at line 3172 of /builds/omniverse/usd-ci/USD/pxr/usd/usd/stage.cpp -- In </jackal/imu_link/visuals>: Unresolved reference prim path @anon:0x5c01ffd5c090:World1.usd@</visuals/imu_link> introduced by @anon:0x5c01ffd5c090:World1.usd@</jackal/imu_link/visuals> (recomposing stage on stage @anon:0x5c01ffd5c090:World1.usd@ <0x5c01fc462580>)
[python-1] 
[python-1] 2026-09-08T13:00:22Z [25,766ms] [Warning] [omni.usd] Warning: in _ReportErrors at line 3172 of /builds/omniverse/usd-ci/USD/pxr/usd/usd/stage.cpp -- In </jackal/imu_link/visuals>: Unresolved reference prim path @anon:0x5c01ffd5c090:World1.usd@</visuals/imu_link> introduced by @anon:0x5c01ffd5c090:World1.usd@</jackal/imu_link/visuals> (recomposing stage on stage @anon:0x5c01ffd5c090:World1.usd@ <0x5c01fc462580>)
[python-1] 
[python-1] 2026-09-08T13:00:22Z [25,766ms] [Warning] [omni.usd] Warning: in _ReportErrors at line 3172 of /builds/omniverse/usd-ci/USD/pxr/usd/usd/stage.cpp -- In </jackal/imu_link/visuals>: Unresolved reference prim path @anon:0x5c01ffd5c090:World1.usd@</visuals/imu_link> introduced by @anon:0x5c01ffd5c090:World1.usd@</jackal/imu_link/visuals> (recomposing stage on stage @anon:0x5c01ffd5c090:World1.usd@ <0x5c01fc462580>)
[python-1] 
[python-1] 2026-09-08T13:00:22Z [25,767ms] [Warning] [isaacsim.asset.importer.urdf] Link imu_link has no colliders, and no inertia was imported; assigning a small isotropic inertia matrix
[python-1] 2026-09-08T13:00:22Z [25,780ms] [Warning] [isaacsim.asset.importer.urdf] No mass specified for link lidar_link
[python-1] 2026-09-08T13:00:22Z [25,810ms] [Warning] [isaacsim.asset.importer.urdf] No mass specified for link mid_mount
[python-1] 2026-09-08T13:00:22Z [25,811ms] [Warning] [omni.usd] Warning: in _ReportErrors at line 3172 of /builds/omniverse/usd-ci/USD/pxr/usd/usd/stage.cpp -- In </jackal/mid_mount/visuals>: Unresolved reference prim path @anon:0x5c01ffd5c090:World1.usd@</visuals/mid_mount> introduced by @anon:0x5c01ffd5c090:World1.usd@</jackal/mid_mount/visuals> (recomposing stage on stage @anon:0x5c01ffd5c090:World1.usd@ <0x5c01fc462580>)
[python-1] 
[python-1] 2026-09-08T13:00:22Z [25,811ms] [Warning] [omni.usd] Warning: in _ReportErrors at line 3172 of /builds/omniverse/usd-ci/USD/pxr/usd/usd/stage.cpp -- In </jackal/mid_mount/visuals>: Unresolved reference prim path @anon:0x5c01ffd5c090:World1.usd@</visuals/mid_mount> introduced by @anon:0x5c01ffd5c090:World1.usd@</jackal/mid_mount/visuals> (recomposing stage on stage @anon:0x5c01ffd5c090:World1.usd@ <0x5c01fc462580>)
[python-1] 
[python-1] 2026-09-08T13:00:22Z [25,811ms] [Warning] [omni.usd] Warning: in _ReportErrors at line 3172 of /builds/omniverse/usd-ci/USD/pxr/usd/usd/stage.cpp -- In </jackal/mid_mount/visuals>: Unresolved reference prim path @anon:0x5c01ffd5c090:World1.usd@</visuals/mid_mount> introduced by @anon:0x5c01ffd5c090:World1.usd@</jackal/mid_mount/visuals> (recomposing stage on stage @anon:0x5c01ffd5c090:World1.usd@ <0x5c01fc462580>)
[python-1] 
[python-1] 2026-09-08T13:00:22Z [25,812ms] [Warning] [omni.usd] Warning: in _ReportErrors at line 3172 of /builds/omniverse/usd-ci/USD/pxr/usd/usd/stage.cpp -- In </jackal/mid_mount/visuals>: Unresolved reference prim path @anon:0x5c01ffd5c090:World1.usd@</visuals/mid_mount> introduced by @anon:0x5c01ffd5c090:World1.usd@</jackal/mid_mount/visuals> (recomposing stage on stage @anon:0x5c01ffd5c090:World1.usd@ <0x5c01fc462580>)
[python-1] 
[python-1] 2026-09-08T13:00:22Z [25,812ms] [Warning] [omni.usd] Warning: in _ReportErrors at line 3172 of /builds/omniverse/usd-ci/USD/pxr/usd/usd/stage.cpp -- In </jackal/mid_mount/visuals>: Unresolved reference prim path @anon:0x5c01ffd5c090:World1.usd@</visuals/mid_mount> introduced by @anon:0x5c01ffd5c090:World1.usd@</jackal/mid_mount/visuals> (recomposing stage on stage @anon:0x5c01ffd5c090:World1.usd@ <0x5c01fc462580>)
[python-1] 
[python-1] 2026-09-08T13:00:22Z [25,812ms] [Warning] [omni.usd] Warning: in _ReportErrors at line 3172 of /builds/omniverse/usd-ci/USD/pxr/usd/usd/stage.cpp -- In </jackal/mid_mount/visuals>: Unresolved reference prim path @anon:0x5c01ffd5c090:World1.usd@</visuals/mid_mount> introduced by @anon:0x5c01ffd5c090:World1.usd@</jackal/mid_mount/visuals> (recomposing stage on stage @anon:0x5c01ffd5c090:World1.usd@ <0x5c01fc462580>)
[python-1] 
[python-1] 2026-09-08T13:00:22Z [25,813ms] [Warning] [isaacsim.asset.importer.urdf] Link mid_mount has no colliders, and no inertia was imported; assigning a small isotropic inertia matrix
[python-1] 2026-09-08T13:00:22Z [25,826ms] [Warning] [isaacsim.asset.importer.urdf] No mass specified for link front_mount
[python-1] 2026-09-08T13:00:22Z [25,827ms] [Warning] [omni.usd] Warning: in _ReportErrors at line 3172 of /builds/omniverse/usd-ci/USD/pxr/usd/usd/stage.cpp -- In </jackal/front_mount/visuals>: Unresolved reference prim path @anon:0x5c01ffd5c090:World1.usd@</visuals/front_mount> introduced by @anon:0x5c01ffd5c090:World1.usd@</jackal/front_mount/visuals> (recomposing stage on stage @anon:0x5c01ffd5c090:World1.usd@ <0x5c01fc462580>)
[python-1] 
[python-1] 2026-09-08T13:00:22Z [25,827ms] [Warning] [omni.usd] Warning: in _ReportErrors at line 3172 of /builds/omniverse/usd-ci/USD/pxr/usd/usd/stage.cpp -- In </jackal/front_mount/visuals>: Unresolved reference prim path @anon:0x5c01ffd5c090:World1.usd@</visuals/front_mount> introduced by @anon:0x5c01ffd5c090:World1.usd@</jackal/front_mount/visuals> (recomposing stage on stage @anon:0x5c01ffd5c090:World1.usd@ <0x5c01fc462580>)
[python-1] 
[python-1] 2026-09-08T13:00:22Z [25,827ms] [Warning] [omni.usd] Warning: in _ReportErrors at line 3172 of /builds/omniverse/usd-ci/USD/pxr/usd/usd/stage.cpp -- In </jackal/front_mount/visuals>: Unresolved reference prim path @anon:0x5c01ffd5c090:World1.usd@</visuals/front_mount> introduced by @anon:0x5c01ffd5c090:World1.usd@</jackal/front_mount/visuals> (recomposing stage on stage @anon:0x5c01ffd5c090:World1.usd@ <0x5c01fc462580>)
[python-1] 
[python-1] 2026-09-08T13:00:22Z [25,827ms] [Warning] [omni.usd] Warning: in _ReportErrors at line 3172 of /builds/omniverse/usd-ci/USD/pxr/usd/usd/stage.cpp -- In </jackal/front_mount/visuals>: Unresolved reference prim path @anon:0x5c01ffd5c090:World1.usd@</visuals/front_mount> introduced by @anon:0x5c01ffd5c090:World1.usd@</jackal/front_mount/visuals> (recomposing stage on stage @anon:0x5c01ffd5c090:World1.usd@ <0x5c01fc462580>)
[python-1] 
[python-1] 2026-09-08T13:00:22Z [25,827ms] [Warning] [omni.usd] Warning: in _ReportErrors at line 3172 of /builds/omniverse/usd-ci/USD/pxr/usd/usd/stage.cpp -- In </jackal/front_mount/visuals>: Unresolved reference prim path @anon:0x5c01ffd5c090:World1.usd@</visuals/front_mount> introduced by @anon:0x5c01ffd5c090:World1.usd@</jackal/front_mount/visuals> (recomposing stage on stage @anon:0x5c01ffd5c090:World1.usd@ <0x5c01fc462580>)
[python-1] 
[python-1] 2026-09-08T13:00:22Z [25,827ms] [Warning] [omni.usd] Warning: in _ReportErrors at line 3172 of /builds/omniverse/usd-ci/USD/pxr/usd/usd/stage.cpp -- In </jackal/front_mount/visuals>: Unresolved reference prim path @anon:0x5c01ffd5c090:World1.usd@</visuals/front_mount> introduced by @anon:0x5c01ffd5c090:World1.usd@</jackal/front_mount/visuals> (recomposing stage on stage @anon:0x5c01ffd5c090:World1.usd@ <0x5c01fc462580>)
[python-1] 
[python-1] 2026-09-08T13:00:22Z [25,829ms] [Warning] [isaacsim.asset.importer.urdf] Link front_mount has no colliders, and no inertia was imported; assigning a small isotropic inertia matrix
[python-1] 2026-09-08T13:00:22Z [25,842ms] [Warning] [isaacsim.asset.importer.urdf] No mass specified for link rear_mount
[python-1] 2026-09-08T13:00:22Z [25,843ms] [Warning] [omni.usd] Warning: in _ReportErrors at line 3172 of /builds/omniverse/usd-ci/USD/pxr/usd/usd/stage.cpp -- In </jackal/rear_mount/visuals>: Unresolved reference prim path @anon:0x5c01ffd5c090:World1.usd@</visuals/rear_mount> introduced by @anon:0x5c01ffd5c090:World1.usd@</jackal/rear_mount/visuals> (recomposing stage on stage @anon:0x5c01ffd5c090:World1.usd@ <0x5c01fc462580>)
[python-1] 
[python-1] 2026-09-08T13:00:22Z [25,843ms] [Warning] [omni.usd] Warning: in _ReportErrors at line 3172 of /builds/omniverse/usd-ci/USD/pxr/usd/usd/stage.cpp -- In </jackal/rear_mount/visuals>: Unresolved reference prim path @anon:0x5c01ffd5c090:World1.usd@</visuals/rear_mount> introduced by @anon:0x5c01ffd5c090:World1.usd@</jackal/rear_mount/visuals> (recomposing stage on stage @anon:0x5c01ffd5c090:World1.usd@ <0x5c01fc462580>)
[python-1] 
[controller_server-7] [INFO] [1788872422.737908758] [local_costmap.local_costmap]: Timed out waiting for transform from base_link to odom to become available, tf error: Invalid frame ID "odom" passed to canTransform argument target_frame - frame does not exist
[python-1] 2026-09-08T13:00:22Z [25,843ms] [Warning] [omni.usd] Warning: in _ReportErrors at line 3172 of /builds/omniverse/usd-ci/USD/pxr/usd/usd/stage.cpp -- In </jackal/rear_mount/visuals>: Unresolved reference prim path @anon:0x5c01ffd5c090:World1.usd@</visuals/rear_mount> introduced by @anon:0x5c01ffd5c090:World1.usd@</jackal/rear_mount/visuals> (recomposing stage on stage @anon:0x5c01ffd5c090:World1.usd@ <0x5c01fc462580>)
[python-1] 
[python-1] 2026-09-08T13:00:22Z [25,843ms] [Warning] [omni.usd] Warning: in _ReportErrors at line 3172 of /builds/omniverse/usd-ci/USD/pxr/usd/usd/stage.cpp -- In </jackal/rear_mount/visuals>: Unresolved reference prim path @anon:0x5c01ffd5c090:World1.usd@</visuals/rear_mount> introduced by @anon:0x5c01ffd5c090:World1.usd@</jackal/rear_mount/visuals> (recomposing stage on stage @anon:0x5c01ffd5c090:World1.usd@ <0x5c01fc462580>)
[python-1] 
[python-1] 2026-09-08T13:00:22Z [25,843ms] [Warning] [omni.usd] Warning: in _ReportErrors at line 3172 of /builds/omniverse/usd-ci/USD/pxr/usd/usd/stage.cpp -- In </jackal/rear_mount/visuals>: Unresolved reference prim path @anon:0x5c01ffd5c090:World1.usd@</visuals/rear_mount> introduced by @anon:0x5c01ffd5c090:World1.usd@</jackal/rear_mount/visuals> (recomposing stage on stage @anon:0x5c01ffd5c090:World1.usd@ <0x5c01fc462580>)
[python-1] 
[python-1] 2026-09-08T13:00:22Z [25,843ms] [Warning] [omni.usd] Warning: in _ReportErrors at line 3172 of /builds/omniverse/usd-ci/USD/pxr/usd/usd/stage.cpp -- In </jackal/rear_mount/visuals>: Unresolved reference prim path @anon:0x5c01ffd5c090:World1.usd@</visuals/rear_mount> introduced by @anon:0x5c01ffd5c090:World1.usd@</jackal/rear_mount/visuals> (recomposing stage on stage @anon:0x5c01ffd5c090:World1.usd@ <0x5c01fc462580>)
[python-1] 
[python-1] 2026-09-08T13:00:22Z [25,845ms] [Warning] [isaacsim.asset.importer.urdf] Link rear_mount has no colliders, and no inertia was imported; assigning a small isotropic inertia matrix
[python-1] 2026-09-08T13:00:22Z [25,858ms] [Warning] [isaacsim.asset.importer.urdf] No mass specified for link navsat_link
[python-1] 2026-09-08T13:00:22Z [25,867ms] [Warning] [isaacsim.asset.importer.urdf] Link navsat_link has no colliders, and no inertia was imported; assigning a small isotropic inertia matrix
[python-1] 2026-09-08T13:00:22Z [25,880ms] [Warning] [isaacsim.asset.importer.urdf] No mass specified for link rear_fender_link
[python-1] 2026-09-08T13:00:22Z [25,889ms] [Warning] [isaacsim.asset.importer.urdf] Link rear_fender_link has no colliders, and no inertia was imported; assigning a small isotropic inertia matrix
[python-1] 2026-09-08T13:00:22Z [25,985ms] [Warning] [omni.usd] Warning: in _ReportErrors at line 3172 of /builds/omniverse/usd-ci/USD/pxr/usd/usd/stage.cpp -- In </World/arena_robot/mid_mount/visuals>: Unresolved reference prim path @anon:0x5c01ffd5c090:World1.usd@</visuals/mid_mount> introduced by @anon:0x5c01ffd5c090:World1.usd@</World/arena_robot/mid_mount/visuals> (recomposing stage on stage @anon:0x5c01ffd5c090:World1.usd@ <0x5c01fc462580>)
[python-1] 
[python-1] 2026-09-08T13:00:22Z [25,985ms] [Warning] [omni.usd] Warning: in _ReportErrors at line 3172 of /builds/omniverse/usd-ci/USD/pxr/usd/usd/stage.cpp -- In </World/arena_robot/mid_mount/visuals>: Unresolved reference prim path @anon:0x5c01ffd5c090:World1.usd@</visuals/mid_mount> introduced by @anon:0x5c01ffd5c090:World1.usd@</World/arena_robot/mid_mount/visuals> (recomposing stage on stage @anon:0x5c01ffd5c090:World1.usd@ <0x5c01fc462580>)
[python-1] 
[python-1] 2026-09-08T13:00:22Z [25,985ms] [Warning] [omni.usd] Warning: in _ReportErrors at line 3172 of /builds/omniverse/usd-ci/USD/pxr/usd/usd/stage.cpp -- In </World/arena_robot/mid_mount/visuals>: Unresolved reference prim path @anon:0x5c01ffd5c090:World1.usd@</visuals/mid_mount> introduced by @anon:0x5c01ffd5c090:World1.usd@</World/arena_robot/mid_mount/visuals> (recomposing stage on stage @anon:0x5c01ffd5c090:World1.usd@ <0x5c01fc462580>)
[python-1] 
[python-1] 2026-09-08T13:00:22Z [25,985ms] [Warning] [omni.usd] Warning: in _ReportErrors at line 3172 of /builds/omniverse/usd-ci/USD/pxr/usd/usd/stage.cpp -- In </World/arena_robot/imu_link/visuals>: Unresolved reference prim path @anon:0x5c01ffd5c090:World1.usd@</visuals/imu_link> introduced by @anon:0x5c01ffd5c090:World1.usd@</World/arena_robot/imu_link/visuals> (recomposing stage on stage @anon:0x5c01ffd5c090:World1.usd@ <0x5c01fc462580>)
[python-1] 
[python-1] 2026-09-08T13:00:22Z [25,985ms] [Warning] [omni.usd] Warning: in _ReportErrors at line 3172 of /builds/omniverse/usd-ci/USD/pxr/usd/usd/stage.cpp -- In </World/arena_robot/imu_link/visuals>: Unresolved reference prim path @anon:0x5c01ffd5c090:World1.usd@</visuals/imu_link> introduced by @anon:0x5c01ffd5c090:World1.usd@</World/arena_robot/imu_link/visuals> (recomposing stage on stage @anon:0x5c01ffd5c090:World1.usd@ <0x5c01fc462580>)
[python-1] 
[python-1] 2026-09-08T13:00:22Z [25,985ms] [Warning] [omni.usd] Warning: in _ReportErrors at line 3172 of /builds/omniverse/usd-ci/USD/pxr/usd/usd/stage.cpp -- In </World/arena_robot/imu_link/visuals>: Unresolved reference prim path @anon:0x5c01ffd5c090:World1.usd@</visuals/imu_link> introduced by @anon:0x5c01ffd5c090:World1.usd@</World/arena_robot/imu_link/visuals> (recomposing stage on stage @anon:0x5c01ffd5c090:World1.usd@ <0x5c01fc462580>)
[python-1] 
[python-1] 2026-09-08T13:00:22Z [25,985ms] [Warning] [omni.usd] Warning: in _ReportErrors at line 3172 of /builds/omniverse/usd-ci/USD/pxr/usd/usd/stage.cpp -- In </World/arena_robot/rear_mount/visuals>: Unresolved reference prim path @anon:0x5c01ffd5c090:World1.usd@</visuals/rear_mount> introduced by @anon:0x5c01ffd5c090:World1.usd@</World/arena_robot/rear_mount/visuals> (recomposing stage on stage @anon:0x5c01ffd5c090:World1.usd@ <0x5c01fc462580>)
[python-1] 
[python-1] 2026-09-08T13:00:22Z [25,985ms] [Warning] [omni.usd] Warning: in _ReportErrors at line 3172 of /builds/omniverse/usd-ci/USD/pxr/usd/usd/stage.cpp -- In </World/arena_robot/rear_mount/visuals>: Unresolved reference prim path @anon:0x5c01ffd5c090:World1.usd@</visuals/rear_mount> introduced by @anon:0x5c01ffd5c090:World1.usd@</World/arena_robot/rear_mount/visuals> (recomposing stage on stage @anon:0x5c01ffd5c090:World1.usd@ <0x5c01fc462580>)
[python-1] 
[python-1] 2026-09-08T13:00:22Z [25,985ms] [Warning] [omni.usd] Warning: in _ReportErrors at line 3172 of /builds/omniverse/usd-ci/USD/pxr/usd/usd/stage.cpp -- In </World/arena_robot/rear_mount/visuals>: Unresolved reference prim path @anon:0x5c01ffd5c090:World1.usd@</visuals/rear_mount> introduced by @anon:0x5c01ffd5c090:World1.usd@</World/arena_robot/rear_mount/visuals> (recomposing stage on stage @anon:0x5c01ffd5c090:World1.usd@ <0x5c01fc462580>)
[python-1] 
[python-1] 2026-09-08T13:00:22Z [25,985ms] [Warning] [omni.usd] Warning: in _ReportErrors at line 3172 of /builds/omniverse/usd-ci/USD/pxr/usd/usd/stage.cpp -- In </World/arena_robot/base_link/visuals>: Unresolved reference prim path @anon:0x5c01ffd5c090:World1.usd@</visuals/base_link> introduced by @anon:0x5c01ffd5c090:World1.usd@</World/arena_robot/base_link/visuals> (recomposing stage on stage @anon:0x5c01ffd5c090:World1.usd@ <0x5c01fc462580>)
[python-1] 
[python-1] 2026-09-08T13:00:22Z [25,985ms] [Warning] [omni.usd] Warning: in _ReportErrors at line 3172 of /builds/omniverse/usd-ci/USD/pxr/usd/usd/stage.cpp -- In </World/arena_robot/base_link/visuals>: Unresolved reference prim path @anon:0x5c01ffd5c090:World1.usd@</visuals/base_link> introduced by @anon:0x5c01ffd5c090:World1.usd@</World/arena_robot/base_link/visuals> (recomposing stage on stage @anon:0x5c01ffd5c090:World1.usd@ <0x5c01fc462580>)
[python-1] 
[python-1] 2026-09-08T13:00:22Z [25,985ms] [Warning] [omni.usd] Warning: in _ReportErrors at line 3172 of /builds/omniverse/usd-ci/USD/pxr/usd/usd/stage.cpp -- In </World/arena_robot/base_link/visuals>: Unresolved reference prim path @anon:0x5c01ffd5c090:World1.usd@</visuals/base_link> introduced by @anon:0x5c01ffd5c090:World1.usd@</World/arena_robot/base_link/visuals> (recomposing stage on stage @anon:0x5c01ffd5c090:World1.usd@ <0x5c01fc462580>)
[python-1] 
[python-1] 2026-09-08T13:00:22Z [25,985ms] [Warning] [omni.usd] Warning: in _ReportErrors at line 3172 of /builds/omniverse/usd-ci/USD/pxr/usd/usd/stage.cpp -- In </World/arena_robot/front_mount/visuals>: Unresolved reference prim path @anon:0x5c01ffd5c090:World1.usd@</visuals/front_mount> introduced by @anon:0x5c01ffd5c090:World1.usd@</World/arena_robot/front_mount/visuals> (recomposing stage on stage @anon:0x5c01ffd5c090:World1.usd@ <0x5c01fc462580>)
[python-1] 
[python-1] 2026-09-08T13:00:22Z [25,985ms] [Warning] [omni.usd] Warning: in _ReportErrors at line 3172 of /builds/omniverse/usd-ci/USD/pxr/usd/usd/stage.cpp -- In </World/arena_robot/front_mount/visuals>: Unresolved reference prim path @anon:0x5c01ffd5c090:World1.usd@</visuals/front_mount> introduced by @anon:0x5c01ffd5c090:World1.usd@</World/arena_robot/front_mount/visuals> (recomposing stage on stage @anon:0x5c01ffd5c090:World1.usd@ <0x5c01fc462580>)
[python-1] 
[controller_server-7] [INFO] [1788872423.237915277] [local_costmap.local_costmap]: Timed out waiting for transform from base_link to odom to become available, tf error: Invalid frame ID "odom" passed to canTransform argument target_frame - frame does not exist
[controller_server-7] [INFO] [1788872423.737889394] [local_costmap.local_costmap]: Timed out waiting for transform from base_link to odom to become available, tf error: Invalid frame ID "odom" passed to canTransform argument target_frame - frame does not exist
[controller_server-7] [INFO] [1788872424.237886809] [local_costmap.local_costmap]: Timed out waiting for transform from base_link to odom to become available, tf error: Invalid frame ID "odom" passed to canTransform argument target_frame - frame does not exist
[controller_server-7] [INFO] [1788872424.737896160] [local_costmap.local_costmap]: Timed out waiting for transform from base_link to odom to become available, tf error: Invalid frame ID "odom" passed to canTransform argument target_frame - frame does not exist
[controller_server-7] [INFO] [1788872425.237891821] [local_costmap.local_costmap]: Timed out waiting for transform from base_link to odom to become available, tf error: Invalid frame ID "odom" passed to canTransform argument target_frame - frame does not exist
[controller_server-7] [INFO] [1788872425.737889160] [local_costmap.local_costmap]: Timed out waiting for transform from base_link to odom to become available, tf error: Invalid frame ID "odom" passed to canTransform argument target_frame - frame does not exist
[controller_server-7] [INFO] [1788872426.237917834] [local_costmap.local_costmap]: Timed out waiting for transform from base_link to odom to become available, tf error: Invalid frame ID "odom" passed to canTransform argument target_frame - frame does not exist
[controller_server-7] [INFO] [1788872426.737903894] [local_costmap.local_costmap]: Timed out waiting for transform from base_link to odom to become available, tf error: Invalid frame ID "odom" passed to canTransform argument target_frame - frame does not exist
[controller_server-7] [INFO] [1788872427.237888465] [local_costmap.local_costmap]: Timed out waiting for transform from base_link to odom to become available, tf error: Invalid frame ID "odom" passed to canTransform argument target_frame - frame does not exist
[controller_server-7] [INFO] [1788872427.738001748] [local_costmap.local_costmap]: Timed out waiting for transform from base_link to odom to become available, tf error: Invalid frame ID "odom" passed to canTransform argument target_frame - frame does not exist
[scene_bridge-2] [INFO] [1788872427.791309226] [arena_scene_bridge]: SCENE_ROBOT_OK path=/World/arena_robot model=jackal
[controller_server-7] [INFO] [1788872428.238056958] [local_costmap.local_costmap]: start
[controller_server-7] [INFO] [1788872428.339657933] [controller_server]: Creating bond (controller_server) to lifecycle manager.
[lifecycle_manager-14] [INFO] [1788872428.447400734] [lifecycle_manager_navigation]: Server controller_server connected with bond.
[lifecycle_manager-14] [INFO] [1788872428.447518389] [lifecycle_manager_navigation]: [34m[1mActivating smoother_server[0m[0m
[smoother_server-8] [INFO] [1788872428.447935342] [smoother_server]: Activating
[smoother_server-8] [INFO] [1788872428.447990169] [smoother_server]: Creating bond (smoother_server) to lifecycle manager.
[lifecycle_manager-14] [INFO] [1788872428.553566564] [lifecycle_manager_navigation]: Server smoother_server connected with bond.
[lifecycle_manager-14] [INFO] [1788872428.553649538] [lifecycle_manager_navigation]: [34m[1mActivating planner_server[0m[0m
[planner_server-9] [INFO] [1788872428.554125310] [planner_server]: Activating
[planner_server-9] [INFO] [1788872428.554218235] [global_costmap.global_costmap]: Activating
[planner_server-9] [INFO] [1788872428.554283847] [global_costmap.global_costmap]: Checking transform
[planner_server-9] [INFO] [1788872428.554310930] [global_costmap.global_costmap]: Timed out waiting for transform from base_link to map to become available, tf error: Invalid frame ID "map" passed to canTransform argument target_frame - frame does not exist
[controller_server-7] [WARN] [1788872428.638375136] [local_costmap.local_costmap]: The /lidar observation buffer has not been updated for 0.33 seconds, and it should be updated every 0.30 seconds.
[controller_server-7] [WARN] [1788872428.638491756] [local_costmap.local_costmap]: The /lidar observation buffer has not been updated for 0.33 seconds, and it should be updated every 0.30 seconds.
[controller_server-7] [WARN] [1788872428.738347703] [local_costmap.local_costmap]: The /lidar observation buffer has not been updated for 0.42 seconds, and it should be updated every 0.30 seconds.
[controller_server-7] [WARN] [1788872428.738409683] [local_costmap.local_costmap]: The /lidar observation buffer has not been updated for 0.42 seconds, and it should be updated every 0.30 seconds.
[controller_server-7] [WARN] [1788872428.838399623] [local_costmap.local_costmap]: The /lidar observation buffer has not been updated for 0.45 seconds, and it should be updated every 0.30 seconds.
[controller_server-7] [WARN] [1788872428.838464845] [local_costmap.local_costmap]: The /lidar observation buffer has not been updated for 0.45 seconds, and it should be updated every 0.30 seconds.
[controller_server-7] [WARN] [1788872428.938400687] [local_costmap.local_costmap]: The /lidar observation buffer has not been updated for 0.52 seconds, and it should be updated every 0.30 seconds.
[controller_server-7] [WARN] [1788872428.938477786] [local_costmap.local_costmap]: The /lidar observation buffer has not been updated for 0.52 seconds, and it should be updated every 0.30 seconds.
[planner_server-9] [INFO] [1788872429.054522504] [global_costmap.global_costmap]: start
[planner_server-9] [INFO] [1788872429.306112837] [planner_server]: Activating plugin GridBased of type NavfnPlanner
[planner_server-9] [INFO] [1788872429.308070311] [planner_server]: Creating bond (planner_server) to lifecycle manager.
[lifecycle_manager-14] [INFO] [1788872429.416091450] [lifecycle_manager_navigation]: Server planner_server connected with bond.
[lifecycle_manager-14] [INFO] [1788872429.416179179] [lifecycle_manager_navigation]: [34m[1mActivating behavior_server[0m[0m
[behavior_server-10] [INFO] [1788872429.416743272] [behavior_server]: Activating
[behavior_server-10] [INFO] [1788872429.416797724] [behavior_server]: Activating spin
[behavior_server-10] [INFO] [1788872429.416816613] [behavior_server]: Activating backup
[behavior_server-10] [INFO] [1788872429.416832663] [behavior_server]: Activating drive_on_heading
[behavior_server-10] [INFO] [1788872429.416849888] [behavior_server]: Activating wait
[behavior_server-10] [INFO] [1788872429.416866911] [behavior_server]: Creating bond (behavior_server) to lifecycle manager.
[lifecycle_manager-14] [INFO] [1788872429.524204929] [lifecycle_manager_navigation]: Server behavior_server connected with bond.
[lifecycle_manager-14] [INFO] [1788872429.524300315] [lifecycle_manager_navigation]: [34m[1mActivating bt_navigator[0m[0m
[bt_navigator-11] [INFO] [1788872429.524663817] [bt_navigator]: Activating
[bt_navigator-11] [INFO] [1788872429.539996047] [bt_navigator]: Creating bond (bt_navigator) to lifecycle manager.
[lifecycle_manager-14] [INFO] [1788872429.647103603] [lifecycle_manager_navigation]: Server bt_navigator connected with bond.
[lifecycle_manager-14] [INFO] [1788872429.647207053] [lifecycle_manager_navigation]: [34m[1mActivating waypoint_follower[0m[0m
[waypoint_follower-12] [INFO] [1788872429.647821117] [waypoint_follower]: Activating
[waypoint_follower-12] [INFO] [1788872429.647919285] [waypoint_follower]: Creating bond (waypoint_follower) to lifecycle manager.
[planner_server-9] [INFO] [1788872429.732039929] [global_costmap.global_costmap]: Received request to clear entirely the global_costmap
[controller_server-7] [INFO] [1788872429.733657584] [local_costmap.local_costmap]: Received request to clear entirely the local_costmap
[lifecycle_manager-14] [INFO] [1788872429.756487311] [lifecycle_manager_navigation]: Server waypoint_follower connected with bond.
[lifecycle_manager-14] [INFO] [1788872429.756570089] [lifecycle_manager_navigation]: [34m[1mActivating velocity_smoother[0m[0m
[velocity_smoother-13] [INFO] [1788872429.757335455] [velocity_smoother]: Activating
[velocity_smoother-13] [INFO] [1788872429.757430535] [velocity_smoother]: Creating bond (velocity_smoother) to lifecycle manager.
[lifecycle_manager-14] [INFO] [1788872429.866278060] [lifecycle_manager_navigation]: Server velocity_smoother connected with bond.
[lifecycle_manager-14] [INFO] [1788872429.866361474] [lifecycle_manager_navigation]: [34m[1mManaged nodes are active[0m[0m
[lifecycle_manager-14] [INFO] [1788872429.866393180] [lifecycle_manager_navigation]: [34m[1mCreating bond timer...[0m[0m
[bt_navigator-11] [INFO] [1788872431.659909590] [bt_navigator]: Begin navigating from current location (3.00, 3.00) to (3.20, 4.50)
[controller_server-7] [INFO] [1788872431.861518240] [controller_server]: Received a goal, begin computing control effort.
[controller_server-7] [WARN] [1788872431.861632789] [controller_server]: No goal checker was specified in parameter 'current_goal_checker'. Server will use only plugin loaded goal_checker . This warning will appear once.
[mpc_command_watchdog-15] [WARN] [1788872431.938262159] [mpc_command_watchdog]: publishing zero command: command_sequence
[mpc_command_watchdog-15] [INFO] [1788872431.958258236] [mpc_command_watchdog]: command forwarding enabled
[controller_server-7] [INFO] [1788872432.361789351] [controller_server]: Passing new path to controller.
[controller_server-7] [INFO] [1788872432.861798044] [controller_server]: Passing new path to controller.
[controller_server-7] [INFO] [1788872433.361784326] [controller_server]: Passing new path to controller.
[controller_server-7] [INFO] [1788872433.861773754] [controller_server]: Passing new path to controller.
[controller_server-7] [INFO] [1788872434.361743488] [controller_server]: Passing new path to controller.
[controller_server-7] [INFO] [1788872434.861787775] [controller_server]: Passing new path to controller.
[controller_server-7] [INFO] [1788872435.361785292] [controller_server]: Passing new path to controller.
[controller_server-7] [INFO] [1788872435.861780929] [controller_server]: Passing new path to controller.
[controller_server-7] [INFO] [1788872436.361791786] [controller_server]: Passing new path to controller.
[controller_server-7] [INFO] [1788872436.861785529] [controller_server]: Passing new path to controller.
[controller_server-7] [INFO] [1788872437.361793698] [controller_server]: Passing new path to controller.
[controller_server-7] [INFO] [1788872437.861778871] [controller_server]: Passing new path to controller.
[controller_server-7] [INFO] [1788872438.361789130] [controller_server]: Passing new path to controller.
[controller_server-7] [INFO] [1788872438.861784212] [controller_server]: Passing new path to controller.
[controller_server-7] [INFO] [1788872439.361791531] [controller_server]: Passing new path to controller.
[controller_server-7] [INFO] [1788872439.861789515] [controller_server]: Passing new path to controller.
[controller_server-7] [INFO] [1788872440.361787711] [controller_server]: Passing new path to controller.
[controller_server-7] [INFO] [1788872440.861799069] [controller_server]: Passing new path to controller.
[controller_server-7] [INFO] [1788872441.361788918] [controller_server]: Passing new path to controller.
[controller_server-7] [INFO] [1788872441.861777986] [controller_server]: Passing new path to controller.
[controller_server-7] [INFO] [1788872442.361803459] [controller_server]: Passing new path to controller.
[controller_server-7] [INFO] [1788872442.599547913] [controller_server]: Reached the goal!
[mpc_command_watchdog-15] [WARN] [1788872442.858442440] [mpc_command_watchdog]: publishing zero command: status_lease
[bt_navigator-11] [INFO] [1788872443.060363798] [bt_navigator]: Goal succeeded
[bt_navigator-11] [INFO] [1788872443.062887390] [bt_navigator]: Begin navigating from current location (3.14, 4.31) to (4.60, 4.50)
[controller_server-7] [INFO] [1788872443.263878156] [controller_server]: Received a goal, begin computing control effort.
[controller_server-7] [INFO] [1788872443.264020438] [controller_server]: Passing new path to controller.
[mpc_command_watchdog-15] [WARN] [1788872443.318456442] [mpc_command_watchdog]: publishing zero command: smooth_lease
[mpc_command_watchdog-15] [INFO] [1788872443.358365470] [mpc_command_watchdog]: command forwarding enabled
[controller_server-7] [INFO] [1788872443.764097771] [controller_server]: Passing new path to controller.
[controller_server-7] [INFO] [1788872444.264102581] [controller_server]: Passing new path to controller.
[controller_server-7] [INFO] [1788872444.764107391] [controller_server]: Passing new path to controller.
[controller_server-7] [INFO] [1788872445.264102411] [controller_server]: Passing new path to controller.
[controller_server-7] [INFO] [1788872445.764108809] [controller_server]: Passing new path to controller.
[controller_server-7] [INFO] [1788872446.264104046] [controller_server]: Passing new path to controller.
[controller_server-7] [INFO] [1788872446.764093576] [controller_server]: Passing new path to controller.
[controller_server-7] [INFO] [1788872447.264102850] [controller_server]: Passing new path to controller.
[controller_server-7] [INFO] [1788872447.764115870] [controller_server]: Passing new path to controller.
[controller_server-7] [INFO] [1788872448.264115678] [controller_server]: Passing new path to controller.
[controller_server-7] [INFO] [1788872448.764112684] [controller_server]: Passing new path to controller.
[controller_server-7] [INFO] [1788872449.264092978] [controller_server]: Passing new path to controller.
[controller_server-7] [INFO] [1788872449.764099602] [controller_server]: Passing new path to controller.
[controller_server-7] [INFO] [1788872450.264183446] [controller_server]: Passing new path to controller.
[controller_server-7] [INFO] [1788872450.764107177] [controller_server]: Passing new path to controller.
[controller_server-7] [INFO] [1788872451.264110039] [controller_server]: Passing new path to controller.
[controller_server-7] [INFO] [1788872451.764111902] [controller_server]: Passing new path to controller.
[controller_server-7] [INFO] [1788872452.264184920] [controller_server]: Passing new path to controller.
[controller_server-7] [INFO] [1788872452.764188112] [controller_server]: Passing new path to controller.
[controller_server-7] [INFO] [1788872453.264187884] [controller_server]: Passing new path to controller.
[controller_server-7] [INFO] [1788872453.764113075] [controller_server]: Passing new path to controller.
[controller_server-7] [INFO] [1788872454.264124145] [controller_server]: Passing new path to controller.
[controller_server-7] [INFO] [1788872454.301262690] [controller_server]: Reached the goal!
[mpc_command_watchdog-15] [WARN] [1788872454.558679634] [mpc_command_watchdog]: publishing zero command: status_lease
[bt_navigator-11] [INFO] [1788872454.763458350] [bt_navigator]: Goal succeeded
[bt_navigator-11] [INFO] [1788872454.767357634] [bt_navigator]: Begin navigating from current location (4.40, 4.55) to (5.80, 4.50)
[controller_server-7] [INFO] [1788872454.968513840] [controller_server]: Received a goal, begin computing control effort.
[mpc_command_watchdog-15] [WARN] [1788872455.018626144] [mpc_command_watchdog]: publishing zero command: smooth_lease
[mpc_command_watchdog-15] [INFO] [1788872455.058534543] [mpc_command_watchdog]: command forwarding enabled
[controller_server-7] [INFO] [1788872455.468744084] [controller_server]: Passing new path to controller.
[controller_server-7] [INFO] [1788872455.968738689] [controller_server]: Passing new path to controller.
[controller_server-7] [INFO] [1788872456.468740503] [controller_server]: Passing new path to controller.
[controller_server-7] [INFO] [1788872456.968738632] [controller_server]: Passing new path to controller.
[controller_server-7] [INFO] [1788872457.468739382] [controller_server]: Passing new path to controller.
[controller_server-7] [INFO] [1788872457.968754642] [controller_server]: Passing new path to controller.
[controller_server-7] [INFO] [1788872458.468737447] [controller_server]: Passing new path to controller.
[controller_server-7] [INFO] [1788872458.968737674] [controller_server]: Passing new path to controller.
[controller_server-7] [INFO] [1788872459.468738277] [controller_server]: Passing new path to controller.
[controller_server-7] [INFO] [1788872459.968740062] [controller_server]: Passing new path to controller.
[controller_server-7] [INFO] [1788872460.468739894] [controller_server]: Passing new path to controller.
[controller_server-7] [INFO] [1788872460.968760112] [controller_server]: Passing new path to controller.
[controller_server-7] [INFO] [1788872461.468737925] [controller_server]: Passing new path to controller.
[controller_server-7] [INFO] [1788872461.968736956] [controller_server]: Passing new path to controller.
[controller_server-7] [INFO] [1788872462.468743559] [controller_server]: Passing new path to controller.
[controller_server-7] [INFO] [1788872462.968734663] [controller_server]: Passing new path to controller.
[controller_server-7] [INFO] [1788872463.003836736] [controller_server]: Reached the goal!
[mpc_command_watchdog-15] [WARN] [1788872463.258684991] [mpc_command_watchdog]: publishing zero command: status_lease
[bt_navigator-11] [INFO] [1788872463.467748758] [bt_navigator]: Goal succeeded
[bt_navigator-11] [INFO] [1788872463.470376990] [bt_navigator]: Begin navigating from current location (5.60, 4.54) to (5.80, 3.20)
[controller_server-7] [INFO] [1788872463.671175357] [controller_server]: Received a goal, begin computing control effort.
[mpc_command_watchdog-15] [WARN] [1788872463.718737738] [mpc_command_watchdog]: publishing zero command: smooth_lease
[mpc_command_watchdog-15] [INFO] [1788872463.758678773] [mpc_command_watchdog]: command forwarding enabled
[controller_server-7] [INFO] [1788872464.171415448] [controller_server]: Passing new path to controller.
[controller_server-7] [INFO] [1788872464.671417062] [controller_server]: Passing new path to controller.
[controller_server-7] [INFO] [1788872465.171423376] [controller_server]: Passing new path to controller.
[controller_server-7] [INFO] [1788872465.671417786] [controller_server]: Passing new path to controller.
[controller_server-7] [INFO] [1788872466.171415148] [controller_server]: Passing new path to controller.
[controller_server-7] [INFO] [1788872466.671415935] [controller_server]: Passing new path to controller.
[controller_server-7] [INFO] [1788872467.171423593] [controller_server]: Passing new path to controller.
[controller_server-7] [INFO] [1788872467.671417033] [controller_server]: Passing new path to controller.
[controller_server-7] [INFO] [1788872468.171428084] [controller_server]: Passing new path to controller.
[controller_server-7] [INFO] [1788872468.671417480] [controller_server]: Passing new path to controller.
[controller_server-7] [INFO] [1788872469.171420871] [controller_server]: Passing new path to controller.
[controller_server-7] [INFO] [1788872469.671416437] [controller_server]: Passing new path to controller.
[controller_server-7] [INFO] [1788872470.171423704] [controller_server]: Passing new path to controller.
[controller_server-7] [INFO] [1788872470.671419786] [controller_server]: Passing new path to controller.
[controller_server-7] [INFO] [1788872471.171409617] [controller_server]: Passing new path to controller.
[controller_server-7] [INFO] [1788872471.671417558] [controller_server]: Passing new path to controller.
[controller_server-7] [INFO] [1788872472.171415229] [controller_server]: Passing new path to controller.
[controller_server-7] [INFO] [1788872472.671424132] [controller_server]: Passing new path to controller.
[controller_server-7] [INFO] [1788872472.908352181] [controller_server]: Reached the goal!
[mpc_command_watchdog-15] [WARN] [1788872473.158830899] [mpc_command_watchdog]: publishing zero command: status_lease
[bt_navigator-11] [INFO] [1788872473.370732640] [bt_navigator]: Goal succeeded
[bt_navigator-11] [INFO] [1788872473.372348852] [bt_navigator]: Begin navigating from current location (5.87, 3.38) to (5.80, 2.20)
[controller_server-7] [INFO] [1788872473.573140263] [controller_server]: Received a goal, begin computing control effort.
[controller_server-7] [INFO] [1788872473.573300411] [controller_server]: Passing new path to controller.
[mpc_command_watchdog-15] [WARN] [1788872473.618842877] [mpc_command_watchdog]: publishing zero command: smooth_lease
[mpc_command_watchdog-15] [INFO] [1788872473.658822354] [mpc_command_watchdog]: command forwarding enabled
[controller_server-7] [INFO] [1788872474.073382805] [controller_server]: Passing new path to controller.
[controller_server-7] [INFO] [1788872474.573384170] [controller_server]: Passing new path to controller.
[controller_server-7] [INFO] [1788872475.073382832] [controller_server]: Passing new path to controller.
[controller_server-7] [INFO] [1788872475.573377240] [controller_server]: Passing new path to controller.
[controller_server-7] [INFO] [1788872476.073377211] [controller_server]: Passing new path to controller.
[controller_server-7] [INFO] [1788872476.573383518] [controller_server]: Passing new path to controller.
[controller_server-7] [INFO] [1788872477.073380829] [controller_server]: Passing new path to controller.
[controller_server-7] [INFO] [1788872477.573384643] [controller_server]: Passing new path to controller.
[controller_server-7] [INFO] [1788872478.073380110] [controller_server]: Passing new path to controller.
[controller_server-7] [INFO] [1788872478.573379703] [controller_server]: Passing new path to controller.
[controller_server-7] [INFO] [1788872479.073391951] [controller_server]: Passing new path to controller.
[controller_server-7] [INFO] [1788872479.573397529] [controller_server]: Passing new path to controller.
[controller_server-7] [INFO] [1788872479.811021817] [controller_server]: Reached the goal!
[mpc_command_watchdog-15] [WARN] [1788872480.078934013] [mpc_command_watchdog]: publishing zero command: status_lease
[bt_navigator-11] [INFO] [1788872480.272751141] [bt_navigator]: Goal succeeded
[velocity_smoother-13] [INFO] [1788872480.495669558] [rclcpp]: signal_handler(signum=2)
[lifecycle_manager-14] [INFO] [1788872480.495659019] [rclcpp]: signal_handler(signum=2)
[lifecycle_manager-14] [INFO] [1788872480.495821931] [lifecycle_manager_navigation]: Running Nav2 LifecycleManager rcl preshutdown (lifecycle_manager_navigation)
[mpc_command_watchdog-15] [INFO] [1788872480.495673980] [rclcpp]: signal_handler(signum=2)
[waypoint_follower-12] [INFO] [1788872480.495678757] [rclcpp]: signal_handler(signum=2)
[lifecycle_manager-6] [INFO] [1788872480.495686893] [rclcpp]: signal_handler(signum=2)
[lifecycle_manager-6] [INFO] [1788872480.495990468] [lifecycle_manager_map]: Running Nav2 LifecycleManager rcl preshutdown (lifecycle_manager_map)
[map_server-5] [INFO] [1788872480.495688775] [rclcpp]: signal_handler(signum=2)
[map_server-5] [INFO] [1788872480.495863790] [map_server]: Running Nav2 LifecycleNode rcl preshutdown (map_server)
[map_server-5] [INFO] [1788872480.496099671] [map_server]: Deactivating
[behavior_server-10] [INFO] [1788872480.495684616] [rclcpp]: signal_handler(signum=2)
[behavior_server-10] [INFO] [1788872480.495938757] [behavior_server]: Running Nav2 LifecycleNode rcl preshutdown (behavior_server)
[robot_state_publisher-3] [INFO] [1788872480.495691712] [rclcpp]: signal_handler(signum=2)
[bt_navigator-11] [INFO] [1788872480.495685684] [rclcpp]: signal_handler(signum=2)
[bt_navigator-11] [INFO] [1788872480.495875859] [bt_navigator]: Running Nav2 LifecycleNode rcl preshutdown (bt_navigator)
[bt_navigator-11] [INFO] [1788872480.496093462] [bt_navigator]: Deactivating
[bt_navigator-11] [INFO] [1788872480.496133577] [bt_navigator]: Destroying bond (bt_navigator) to lifecycle manager.
[smoother_server-8] [INFO] [1788872480.495714935] [rclcpp]: signal_handler(signum=2)
[smoother_server-8] [INFO] [1788872480.496103368] [smoother_server]: Running Nav2 LifecycleNode rcl preshutdown (smoother_server)
[planner_server-9] [INFO] [1788872480.495711707] [rclcpp]: signal_handler(signum=2)
[planner_server-9] [INFO] [1788872480.495998000] [planner_server]: Running Nav2 LifecycleNode rcl preshutdown (planner_server)
[map_server-5] [INFO] [1788872480.496129007] [map_server]: Destroying bond (map_server) to lifecycle manager.
[behavior_server-10] [INFO] [1788872480.496154108] [behavior_server]: Deactivating
[behavior_server-10] [INFO] [1788872480.496265175] [behavior_server]: Destroying bond (behavior_server) to lifecycle manager.
[controller_server-7] [INFO] [1788872480.495852290] [rclcpp]: signal_handler(signum=2)
[controller_server-7] [INFO] [1788872480.496158789] [controller_server]: Running Nav2 LifecycleNode rcl preshutdown (controller_server)
[controller_server-7] [INFO] [1788872480.496335665] [controller_server]: Deactivating
[controller_server-7] [INFO] [1788872480.496406931] [local_costmap.local_costmap]: Deactivating
[lifecycle_manager-14] [INFO] [1788872480.495907668] [lifecycle_manager_navigation]: [34m[1mTerminating bond timer...[0m[0m
[waypoint_follower-12] [INFO] [1788872480.495937012] [waypoint_follower]: Running Nav2 LifecycleNode rcl preshutdown (waypoint_follower)
[waypoint_follower-12] [INFO] [1788872480.496126085] [waypoint_follower]: Deactivating
[waypoint_follower-12] [INFO] [1788872480.496170305] [waypoint_follower]: Destroying bond (waypoint_follower) to lifecycle manager.
[velocity_smoother-13] [INFO] [1788872480.496018091] [velocity_smoother]: Running Nav2 LifecycleNode rcl preshutdown (velocity_smoother)
[velocity_smoother-13] [INFO] [1788872480.496368143] [velocity_smoother]: Deactivating
[velocity_smoother-13] [INFO] [1788872480.496437429] [velocity_smoother]: Destroying bond (velocity_smoother) to lifecycle manager.
[lifecycle_manager-6] [INFO] [1788872480.496322434] [lifecycle_manager_map]: [34m[1mTerminating bond timer...[0m[0m
[smoother_server-8] [INFO] [1788872480.496337499] [smoother_server]: Deactivating
[smoother_server-8] [INFO] [1788872480.496385046] [smoother_server]: Destroying bond (smoother_server) to lifecycle manager.
[planner_server-9] [INFO] [1788872480.496414948] [planner_server]: Deactivating
[planner_server-9] [INFO] [1788872480.496601241] [global_costmap.global_costmap]: Deactivating
[map_server-5] [INFO] [1788872480.506430736] [map_server]: Cleaning up
[map_server-5] [INFO] [1788872480.506568334] [map_server]: Destroying bond (map_server) to lifecycle manager.
[waypoint_follower-12] [INFO] [1788872480.506552547] [waypoint_follower]: Cleaning up
[behavior_server-10] [INFO] [1788872480.506683724] [behavior_server]: Cleaning up
[bt_navigator-11] [INFO] [1788872480.506732253] [bt_navigator]: Cleaning up
[velocity_smoother-13] [INFO] [1788872480.506826281] [velocity_smoother]: Cleaning up
[velocity_smoother-13] [INFO] [1788872480.506919929] [velocity_smoother]: Destroying bond (velocity_smoother) to lifecycle manager.
[smoother_server-8] [INFO] [1788872480.506953744] [smoother_server]: Cleaning up
[behavior_server-10] [INFO] [1788872480.511798428] [behavior_server]: Destroying bond (behavior_server) to lifecycle manager.
[velocity_smoother-13] [INFO] [1788872480.512006689] [velocity_smoother]: Destroying
[waypoint_follower-12] [INFO] [1788872480.513934871] [waypoint_follower]: Destroying bond (waypoint_follower) to lifecycle manager.
[lifecycle_manager-6] [INFO] [1788872480.514600101] [lifecycle_manager_map]: Destroying lifecycle_manager_map
[map_server-5] [INFO] [1788872480.515244996] [map_server]: Destroying
[waypoint_follower-12] [INFO] [1788872480.521861026] [waypoint_follower]: Destroying
[scene_bridge-2] Traceback (most recent call last):
[scene_bridge-2]   File "/home/lpc/workspace/arena5_ws/install/arena_humble_compat/lib/arena_humble_compat/scene_bridge", line 33, in <module>
[smoother_server-8] [INFO] [1788872480.526746531] [smoother_server]: Destroying bond (smoother_server) to lifecycle manager.
[scene_bridge-2]     sys.exit(load_entry_point('arena_humble_compat==0.0.0', 'console_scripts', 'scene_bridge')())
[scene_bridge-2]              ^^^^^^^^^^^^^^^^^^^^^^^^^^^^^^^^^^^^^^^^^^^^^^^^^^^^^^^^^^^^^^^^^^^^^^^^^^^^^^^^^^^
[scene_bridge-2]   File "/home/lpc/workspace/arena5_ws/install/arena_humble_compat/lib/python3.11/site-packages/arena_humble_compat/scene_bridge.py", line 215, in main
[scene_bridge-2]     rclpy.shutdown()
[scene_bridge-2]   File "/home/lpc/workspace/arena5_ws/.conda/arena_ros/lib/python3.11/site-packages/rclpy/__init__.py", line 130, in shutdown
[scene_bridge-2]     _shutdown(context=context)
[scene_bridge-2]   File "/home/lpc/workspace/arena5_ws/.conda/arena_ros/lib/python3.11/site-packages/rclpy/utilities.py", line 58, in shutdown
[scene_bridge-2]     return context.shutdown()
[scene_bridge-2]            ^^^^^^^^^^^^^^^^^^
[scene_bridge-2]   File "/home/lpc/workspace/arena5_ws/.conda/arena_ros/lib/python3.11/site-packages/rclpy/context.py", line 102, in shutdown
[scene_bridge-2]     self.__context.shutdown()
[scene_bridge-2] rclpy._rclpy_pybind11.RCLError: failed to shutdown: rcl_shutdown already called on the given context, at /home/runner/conda-bld/bld/rattler-build_ros-humble-rcl_1753312600/work/ros-humble-rcl/src/work/src/rcl/init.c:241
[smoother_server-8] [INFO] [1788872480.531062615] [smoother_server]: Destroying
[controller_server-7] [INFO] [1788872480.538560201] [controller_server]: Destroying bond (controller_server) to lifecycle manager.
[behavior_server-10] [INFO] [1788872480.538844058] [behavior_server]: Destroying
[controller_server-7] [INFO] [1788872480.548930931] [controller_server]: Cleaning up
[bt_navigator-11] [INFO] [1788872480.564389075] [bt_navigator]: Completed Cleaning up
[bt_navigator-11] [INFO] [1788872480.564455644] [bt_navigator]: Destroying bond (bt_navigator) to lifecycle manager.
[bt_navigator-11] [INFO] [1788872480.569793192] [bt_navigator]: Destroying
[lifecycle_manager-14] [INFO] [1788872480.588784562] [lifecycle_manager_navigation]: Destroying lifecycle_manager_navigation
[controller_server-7] [INFO] [1788872480.600891732] [local_costmap.local_costmap]: Cleaning up
[controller_server-7] [INFO] [1788872480.624686774] [controller_server]: Destroying bond (controller_server) to lifecycle manager.
[INFO] [robot_state_publisher-3]: process has finished cleanly [pid 2447979]
[controller_server-7] [INFO] [1788872480.630296773] [local_costmap.local_costmap]: Destroying
[INFO] [mpc_command_watchdog-15]: process has finished cleanly [pid 2448004]
[controller_server-7] [INFO] [1788872480.638204566] [controller_server]: Destroying
[INFO] [velocity_smoother-13]: process has finished cleanly [pid 2447999]
[INFO] [map_server-5]: process has finished cleanly [pid 2447983]
[INFO] [lifecycle_manager-6]: process has finished cleanly [pid 2447985]
[INFO] [waypoint_follower-12]: process has finished cleanly [pid 2447997]
[planner_server-9] [INFO] [1788872480.654804782] [planner_server]: Deactivating plugin GridBased of type NavfnPlanner
[planner_server-9] [INFO] [1788872480.654894916] [planner_server]: Destroying bond (planner_server) to lifecycle manager.
[INFO] [smoother_server-8]: process has finished cleanly [pid 2447989]
[INFO] [behavior_server-10]: process has finished cleanly [pid 2447993]
[planner_server-9] [INFO] [1788872480.665069583] [planner_server]: Cleaning up
[planner_server-9] [INFO] [1788872480.674062551] [global_costmap.global_costmap]: Cleaning up
[planner_server-9] [INFO] [1788872480.679214724] [planner_server]: Cleaning up plugin GridBased of type NavfnPlanner
[planner_server-9] [INFO] [1788872480.679526438] [planner_server]: Destroying plugin GridBased of type NavfnPlanner
[planner_server-9] [INFO] [1788872480.686207587] [planner_server]: Destroying bond (planner_server) to lifecycle manager.
[planner_server-9] [INFO] [1788872480.690772215] [global_costmap.global_costmap]: Destroying
[ERROR] [scene_bridge-2]: process has died [pid 2447977, exit code 1, cmd '/home/lpc/workspace/arena5_ws/install/arena_humble_compat/lib/arena_humble_compat/scene_bridge --ros-args -r __node:=arena_scene_bridge --params-file /tmp/launch_params_udkptum1'].
[planner_server-9] [INFO] [1788872480.700097093] [planner_server]: Destroying
[INFO] [bt_navigator-11]: process has finished cleanly [pid 2447995]
[INFO] [lifecycle_manager-14]: process has finished cleanly [pid 2448001]
[INFO] [empty_human_states.py-4]: process has finished cleanly [pid 2447981]
[INFO] [controller_server-7]: process has finished cleanly [pid 2447987]
[INFO] [planner_server-9]: process has finished cleanly [pid 2447991]
[python-1] 2026-09-08T13:00:22Z [25,985ms] [Warning] [omni.usd] Warning: in _ReportErrors at line 3172 of /builds/omniverse/usd-ci/USD/pxr/usd/usd/stage.cpp -- In </World/arena_robot/front_mount/visuals>: Unresolved reference prim path @anon:0x5c01ffd5c090:World1.usd@</visuals/front_mount> introduced by @anon:0x5c01ffd5c090:World1.usd@</World/arena_robot/front_mount/visuals> (recomposing stage on stage @anon:0x5c01ffd5c090:World1.usd@ <0x5c01fc462580>)
[python-1] 
[python-1] 2026-09-08T13:00:23Z [26,600ms] [Warning] [omni.replicator.core.scripts.functional.create_batch] World/arena_robot/lidar_link/gpu_lidar_points is an invalid prim path. Renaming to World_arena_robot_lidar_link_gpu_lidar_points.
[python-1] 2026-09-08T13:00:23Z [26,618ms] [Warning] [omni.replicator.core.scripts.functional.create_batch] World/arena_robot/lidar_link/gpu_lidar_scan is an invalid prim path. Renaming to World_arena_robot_lidar_link_gpu_lidar_scan.
[python-1] 2026-09-08T13:00:24Z [27,686ms] [Warning] [omni.fabric.plugin] getAttributeCount called on non-existent path /World/arena_robot/chassis_link/collisions/mesh_0
[python-1] 2026-09-08T13:00:24Z [27,687ms] [Warning] [omni.fabric.plugin] getTypes called on non-existent path /World/arena_robot/chassis_link/collisions/mesh_0
[python-1] 2026-09-08T13:00:26Z [29,652ms] [Warning] [omni.sensors.nv.lidar.lidar_core.plugin] MotionBVH for lidar model not enabled. This will result in an incorrect point cloud without motion effects!
[python-1] 2026-09-08T13:00:26Z [29,668ms] [Warning] [carb] Client omni.sensors.nv.materials.composite_material has acquired [omni::sensors::materials::IMaterialReaderFactory v0.1] 100 times. Consider accessing this interface with carb::getCachedInterface() (Performance warning)
[python-1] 2026-09-08T13:00:26Z [30,021ms] [Warning] [carb] Plugin interface for a client: omni.hydratexture.plugin was already released.
[python-1] 2026-09-08T13:00:26Z [30,024ms] [Warning] [carb] Plugin interface for a client: omni.hydratexture.plugin was already released.
[python-1] 2026-09-08T13:00:27Z [30,446ms] [Warning] [omni.graph.core.plugin] /World/arena_robot/imu_link/IMUPublisher/read_imu: [/World/arena_robot/imu_link/IMUPublisher] no valid sensor reading, is the sensor enabled?
[python-1] 2026-09-08T13:00:27Z [30,921ms] [Warning] [omni.timeline.plugin] Deprecated: direct use of ITimeline callbacks is deprecated. Use ITimeline::getTimeline (Python: omni.timeline.get_timeline_interface) instead.
[python-1] 2026-09-08T13:00:27Z [31,033ms] [Warning] [isaacsim.core.simulation_manager.plugin] No adjacent samples found for interpolation at time 173/30
[python-1] 2026-09-08T13:00:27Z [31,033ms] [Warning] [isaacsim.core.simulation_manager.plugin] getSimulationTimeMonotonicAtTime: no data found for time 173/30, returning current sim time
[python-1] 2026-09-08T13:00:27Z [31,033ms] [Warning] [isaacsim.core.simulation_manager.plugin] No adjacent samples found for interpolation at time 173/30
[python-1] 2026-09-08T13:00:27Z [31,034ms] [Warning] [isaacsim.core.simulation_manager.plugin] getSimulationTimeMonotonicAtTime: no data found for time 173/30, returning current sim time
[python-1] 2026-09-08T13:00:30Z [33,573ms] [Warning] [carb] Plugin interface for a client: omni.hydratexture.plugin was already released.
[python-1] 2026-09-08T13:00:30Z [33,577ms] [Warning] [carb] Plugin interface for a client: omni.hydratexture.plugin was already released.
[python-1] 2026-09-08T13:00:30Z [33,599ms] [Warning] [omni.graph.core.plugin] /World/arena_robot/imu_link/IMUPublisher/read_imu: [/World/arena_robot/imu_link/IMUPublisher] no valid sensor reading, is the sensor enabled?
[python-1] 2026-09-08T13:00:30Z [33,636ms] [Warning] [isaacsim.core.prims.impl.articulation] Physics Simulation View is not created yet in order to use get_linear_velocities
[python-1] 2026-09-08T13:00:30Z [33,636ms] [Warning] [isaacsim.core.prims.impl.articulation] Physics Simulation View is not created yet in order to use get_angular_velocities
[python-1] 2026-09-08T13:00:30Z [33,636ms] [Warning] [arena_isaac.run_isaacsim] Ideal chassis articulation view invalidated: too many indices for array: array is 0-dimensional, but 1 were indexed
[INFO] [python-1]: process has finished cleanly [pid 2447975]
