scripts/run_six_behaviors.sh: 成功
scripts/env.sh: 成功
install/arena_humble_compat/lib/python3.11/site-packages/arena_humble_compat/hunav_six_behaviors_bridge.py: 成功
config/generated/jackal.urdf: 成功
install/arena_simulation_setup/share/arena_simulation_setup/configs/nav2/nav2.yaml: 成功
install/arena_simulation_setup/share/arena_simulation_setup/entities/robots/jackal/model_params.yaml: 成功
.conda/arena_ros/lib/libcontroller_server_core.so: 成功
Arena workspace: /home/lpc/workspace/arena5_ws
ROS 2: humble (domain 107)
Isaac Sim: /home/lpc/miniforge3/envs/isaaclab/lib/python3.11/site-packages/isaacsim
WebRTC endpoint: 10.16.205.165:49407 (UDP 48407)
Foxglove WebSocket: 127.0.0.1:9007
Starting Arena MPC on GPU 0 (22658 MiB free), ROS domain 107
MPC command chain: controller_server -> velocity_smoother -> watchdog -> /cmd_vel
MPC scenario: empty
Logs: /home/lpc/workspace/arena5_mpc_ws/logs/runs/20260908_212947_mpc_gpu0
[INFO] [launch]: All log files can be found below /home/lpc/workspace/arena5_mpc_ws/logs/runs/20260908_212947_mpc_gpu0/ros/2026-09-08-21-29-47-523393-root123-desktop-2525956
[INFO] [launch]: Default logging verbosity is set to INFO
[WARNING] [launch_ros.actions.node]: Failed to load entry point 'NodeLogLevelExtension': No module named 'arena_bringup.extensions'
[WARNING] [launch_ros.actions.node]: Failed to load entry point 'NodeLogLevelExtension': No module named 'arena_bringup.extensions'
[WARNING] [launch_ros.actions.node]: Failed to load entry point 'NodeLogLevelExtension': No module named 'arena_bringup.extensions'
[WARNING] [launch_ros.actions.node]: Failed to load entry point 'NodeLogLevelExtension': No module named 'arena_bringup.extensions'
[WARNING] [launch_ros.actions.node]: Failed to load entry point 'NodeLogLevelExtension': No module named 'arena_bringup.extensions'
[WARNING] [launch_ros.actions.node]: Failed to load entry point 'NodeLogLevelExtension': No module named 'arena_bringup.extensions'
[WARNING] [launch_ros.actions.node]: Failed to load entry point 'NodeLogLevelExtension': No module named 'arena_bringup.extensions'
[WARNING] [launch_ros.actions.node]: Failed to load entry point 'NodeLogLevelExtension': No module named 'arena_bringup.extensions'
[WARNING] [launch_ros.actions.node]: Failed to load entry point 'NodeLogLevelExtension': No module named 'arena_bringup.extensions'
[WARNING] [launch_ros.actions.node]: Failed to load entry point 'NodeLogLevelExtension': No module named 'arena_bringup.extensions'
[WARNING] [launch_ros.actions.node]: Failed to load entry point 'NodeLogLevelExtension': No module named 'arena_bringup.extensions'
[WARNING] [launch_ros.actions.node]: Failed to load entry point 'NodeLogLevelExtension': No module named 'arena_bringup.extensions'
[WARNING] [launch_ros.actions.node]: Failed to load entry point 'NodeLogLevelExtension': No module named 'arena_bringup.extensions'
[WARNING] [launch_ros.actions.node]: Failed to load entry point 'NodeLogLevelExtension': No module named 'arena_bringup.extensions'
[WARNING] [launch_ros.actions.node]: Failed to load entry point 'NodeLogLevelExtension': No module named 'arena_bringup.extensions'
[WARNING] [launch_ros.actions.node]: Failed to load entry point 'NodeLogLevelExtension': No module named 'arena_bringup.extensions'
[WARNING] [launch_ros.actions.node]: Failed to load entry point 'NodeLogLevelExtension': No module named 'arena_bringup.extensions'
[WARNING] [launch_ros.actions.node]: Failed to load entry point 'NodeLogLevelExtension': No module named 'arena_bringup.extensions'
[WARNING] [launch_ros.actions.node]: Failed to load entry point 'NodeLogLevelExtension': No module named 'arena_bringup.extensions'
[WARNING] [launch_ros.actions.node]: Failed to load entry point 'NodeLogLevelExtension': No module named 'arena_bringup.extensions'
[WARNING] [launch_ros.actions.node]: Failed to load entry point 'NodeLogLevelExtension': No module named 'arena_bringup.extensions'
[WARNING] [launch_ros.actions.node]: Failed to load entry point 'NodeLogLevelExtension': No module named 'arena_bringup.extensions'
[WARNING] [launch_ros.actions.node]: Failed to load entry point 'NodeLogLevelExtension': No module named 'arena_bringup.extensions'
[INFO] [python-1]: process started with pid [2526215]
[INFO] [scene_bridge-2]: process started with pid [2526217]
[INFO] [robot_state_publisher-3]: process started with pid [2526219]
[INFO] [empty_human_states.py-4]: process started with pid [2526221]
[INFO] [map_server-5]: process started with pid [2526223]
[INFO] [lifecycle_manager-6]: process started with pid [2526225]
[INFO] [controller_server-7]: process started with pid [2526227]
[INFO] [smoother_server-8]: process started with pid [2526229]
[INFO] [planner_server-9]: process started with pid [2526231]
[INFO] [behavior_server-10]: process started with pid [2526233]
[INFO] [bt_navigator-11]: process started with pid [2526235]
[INFO] [waypoint_follower-12]: process started with pid [2526237]
[INFO] [velocity_smoother-13]: process started with pid [2526239]
[INFO] [lifecycle_manager-14]: process started with pid [2526241]
[INFO] [mpc_command_watchdog-15]: process started with pid [2526243]
[robot_state_publisher-3] [WARN] [1788874188.118564530] [robot_state_publisher]: No robot_description parameter, but command-line argument available.  Assuming argument is name of URDF file.  This backwards compatibility fallback will be removed in the future.
[robot_state_publisher-3] [INFO] [1788874188.122840266] [robot_state_publisher]: got segment base_link
[robot_state_publisher-3] [INFO] [1788874188.122869105] [robot_state_publisher]: got segment chassis_link
[robot_state_publisher-3] [INFO] [1788874188.122875753] [robot_state_publisher]: got segment front_fender_link
[robot_state_publisher-3] [INFO] [1788874188.122881256] [robot_state_publisher]: got segment front_left_wheel_link
[robot_state_publisher-3] [INFO] [1788874188.122887171] [robot_state_publisher]: got segment front_mount
[robot_state_publisher-3] [INFO] [1788874188.122892707] [robot_state_publisher]: got segment front_right_wheel_link
[robot_state_publisher-3] [INFO] [1788874188.122898735] [robot_state_publisher]: got segment imu_link
[robot_state_publisher-3] [INFO] [1788874188.122904600] [robot_state_publisher]: got segment lidar_link
[robot_state_publisher-3] [INFO] [1788874188.122909755] [robot_state_publisher]: got segment mid_mount
[robot_state_publisher-3] [INFO] [1788874188.122915123] [robot_state_publisher]: got segment navsat_link
[robot_state_publisher-3] [INFO] [1788874188.122920440] [robot_state_publisher]: got segment rear_fender_link
[robot_state_publisher-3] [INFO] [1788874188.122925945] [robot_state_publisher]: got segment rear_left_wheel_link
[robot_state_publisher-3] [INFO] [1788874188.122931376] [robot_state_publisher]: got segment rear_mount
[robot_state_publisher-3] [INFO] [1788874188.122936465] [robot_state_publisher]: got segment rear_right_wheel_link
[lifecycle_manager-6] [INFO] [1788874188.138619479] [lifecycle_manager_map]: Creating
[smoother_server-8] [INFO] [1788874188.141170311] [smoother_server]: 
[smoother_server-8] 	smoother_server lifecycle node launched. 
[smoother_server-8] 	Waiting on external lifecycle transitions to activate
[smoother_server-8] 	See https://design.ros2.org/articles/node_lifecycle.html for more information.
[lifecycle_manager-6] [INFO] [1788874188.142375117] [lifecycle_manager_map]: [34m[1mCreating and initializing lifecycle service clients[0m[0m
[smoother_server-8] [INFO] [1788874188.142871386] [smoother_server]: Creating smoother server
[planner_server-9] [INFO] [1788874188.145173408] [planner_server]: 
[planner_server-9] 	planner_server lifecycle node launched. 
[planner_server-9] 	Waiting on external lifecycle transitions to activate
[planner_server-9] 	See https://design.ros2.org/articles/node_lifecycle.html for more information.
[planner_server-9] [INFO] [1788874188.146730246] [planner_server]: Creating
[lifecycle_manager-14] [INFO] [1788874188.147814917] [lifecycle_manager_navigation]: Creating
[behavior_server-10] [INFO] [1788874188.148352366] [behavior_server]: 
[behavior_server-10] 	behavior_server lifecycle node launched. 
[behavior_server-10] 	Waiting on external lifecycle transitions to activate
[behavior_server-10] 	See https://design.ros2.org/articles/node_lifecycle.html for more information.
[controller_server-7] [INFO] [1788874188.149413511] [controller_server]: 
[controller_server-7] 	controller_server lifecycle node launched. 
[controller_server-7] 	Waiting on external lifecycle transitions to activate
[controller_server-7] 	See https://design.ros2.org/articles/node_lifecycle.html for more information.
[lifecycle_manager-14] [INFO] [1788874188.151484860] [lifecycle_manager_navigation]: [34m[1mCreating and initializing lifecycle service clients[0m[0m
[velocity_smoother-13] [INFO] [1788874188.151576313] [velocity_smoother]: 
[velocity_smoother-13] 	velocity_smoother lifecycle node launched. 
[velocity_smoother-13] 	Waiting on external lifecycle transitions to activate
[velocity_smoother-13] 	See https://design.ros2.org/articles/node_lifecycle.html for more information.
[waypoint_follower-12] [INFO] [1788874188.151736409] [waypoint_follower]: 
[waypoint_follower-12] 	waypoint_follower lifecycle node launched. 
[waypoint_follower-12] 	Waiting on external lifecycle transitions to activate
[waypoint_follower-12] 	See https://design.ros2.org/articles/node_lifecycle.html for more information.
[waypoint_follower-12] [INFO] [1788874188.152341843] [waypoint_follower]: Creating
[controller_server-7] [INFO] [1788874188.153244806] [controller_server]: Creating controller server
[map_server-5] [INFO] [1788874188.153496349] [map_server]: 
[map_server-5] 	map_server lifecycle node launched. 
[map_server-5] 	Waiting on external lifecycle transitions to activate
[map_server-5] 	See https://design.ros2.org/articles/node_lifecycle.html for more information.
[map_server-5] [INFO] [1788874188.153550189] [map_server]: Creating
[bt_navigator-11] [INFO] [1788874188.156604979] [bt_navigator]: 
[bt_navigator-11] 	bt_navigator lifecycle node launched. 
[bt_navigator-11] 	Waiting on external lifecycle transitions to activate
[bt_navigator-11] 	See https://design.ros2.org/articles/node_lifecycle.html for more information.
[bt_navigator-11] [INFO] [1788874188.156662426] [bt_navigator]: Creating
[controller_server-7] [INFO] [1788874188.163017187] [local_costmap.local_costmap]: 
[controller_server-7] 	local_costmap lifecycle node launched. 
[controller_server-7] 	Waiting on external lifecycle transitions to activate
[controller_server-7] 	See https://design.ros2.org/articles/node_lifecycle.html for more information.
[controller_server-7] [INFO] [1788874188.163546586] [local_costmap.local_costmap]: Creating Costmap
[planner_server-9] [INFO] [1788874188.172544907] [global_costmap.global_costmap]: 
[planner_server-9] 	global_costmap lifecycle node launched. 
[planner_server-9] 	Waiting on external lifecycle transitions to activate
[planner_server-9] 	See https://design.ros2.org/articles/node_lifecycle.html for more information.
[planner_server-9] [INFO] [1788874188.173253699] [global_costmap.global_costmap]: Creating Costmap
[mpc_command_watchdog-15] [WARN] [1788874188.224790991] [mpc_command_watchdog]: publishing zero command: controller_status
[lifecycle_manager-6] [INFO] [1788874188.245618679] [lifecycle_manager_map]: [34m[1mStarting managed nodes bringup...[0m[0m
[lifecycle_manager-6] [INFO] [1788874188.245686590] [lifecycle_manager_map]: [34m[1mConfiguring map_server[0m[0m
[map_server-5] [INFO] [1788874188.245948987] [map_server]: Configuring
[map_server-5] [INFO] [1788874188.246023293] [map_io]: Loading yaml file: /home/lpc/workspace/arena5_ws/install/arena_simulation_setup/share/arena_simulation_setup/worlds/map_empty/map/map.yaml
[map_server-5] [INFO] [1788874188.246405270] [map_io]: resolution: 0.05
[map_server-5] [INFO] [1788874188.246421479] [map_io]: origin[0]: 0
[map_server-5] [INFO] [1788874188.246430251] [map_io]: origin[1]: 0
[map_server-5] [INFO] [1788874188.246438273] [map_io]: origin[2]: 0
[map_server-5] [INFO] [1788874188.246447068] [map_io]: free_thresh: 0.196
[map_server-5] [INFO] [1788874188.246455759] [map_io]: occupied_thresh: 0.65
[map_server-5] [INFO] [1788874188.246463979] [map_io]: mode: trinary
[map_server-5] [INFO] [1788874188.246471929] [map_io]: negate: 0
[map_server-5] [INFO] [1788874188.246747867] [map_io]: Loading image_file: /home/lpc/workspace/arena5_ws/install/arena_simulation_setup/share/arena_simulation_setup/worlds/map_empty/map/map.png
[lifecycle_manager-14] [INFO] [1788874188.331114904] [lifecycle_manager_navigation]: [34m[1mStarting managed nodes bringup...[0m[0m
[lifecycle_manager-14] [INFO] [1788874188.331180085] [lifecycle_manager_navigation]: [34m[1mConfiguring controller_server[0m[0m
[controller_server-7] [INFO] [1788874188.331405771] [controller_server]: Configuring controller interface
[controller_server-7] [INFO] [1788874188.331979868] [controller_server]: getting goal checker plugins..
[controller_server-7] [INFO] [1788874188.332167566] [controller_server]: Controller frequency set to 10.0000Hz
[controller_server-7] [INFO] [1788874188.332211108] [local_costmap.local_costmap]: Configuring
[controller_server-7] [INFO] [1788874188.342417179] [local_costmap.local_costmap]: Using plugin "voxel_layer"
[controller_server-7] [INFO] [1788874188.346206682] [local_costmap.local_costmap]: Subscribed to Topics: lidar
[controller_server-7] [INFO] [1788874188.352334315] [local_costmap.local_costmap]: Initialized plugin "voxel_layer"
[controller_server-7] [INFO] [1788874188.352357805] [local_costmap.local_costmap]: Using plugin "inflation_layer"
[controller_server-7] [INFO] [1788874188.352765494] [local_costmap.local_costmap]: Initialized plugin "inflation_layer"
[controller_server-7] [INFO] [1788874188.358672385] [controller_server]: Created progress_checker : progress_checker of type nav2_controller::SimpleProgressChecker
[controller_server-7] [INFO] [1788874188.359296862] [controller_server]: Created goal checker : goal_checker of type nav2_controller::SimpleGoalChecker
[controller_server-7] [INFO] [1788874188.359481336] [controller_server]: Controller Server has goal_checker  goal checkers available.
[map_server-5] [INFO] [1788874188.362394373] [map_io]: Read map /home/lpc/workspace/arena5_ws/install/arena_simulation_setup/share/arena_simulation_setup/worlds/map_empty/map/map.png: 626 X 481 map @ 0.05 m/cell
[lifecycle_manager-6] [INFO] [1788874188.367635174] [lifecycle_manager_map]: [34m[1mActivating map_server[0m[0m
[map_server-5] [INFO] [1788874188.367741628] [map_server]: Activating
[map_server-5] [INFO] [1788874188.368048417] [map_server]: Creating bond (map_server) to lifecycle manager.
[controller_server-7] [INFO] [1788874188.403420098] [controller_server]: Created controller : FollowPath of type arena_mpc_controller::MpcController
[lifecycle_manager-6] [INFO] [1788874188.471041354] [lifecycle_manager_map]: Server map_server connected with bond.
[lifecycle_manager-6] [INFO] [1788874188.471125129] [lifecycle_manager_map]: [34m[1mManaged nodes are active[0m[0m
[lifecycle_manager-6] [INFO] [1788874188.471150304] [lifecycle_manager_map]: [34m[1mCreating bond timer...[0m[0m
[controller_server-7] [INFO] [1788874188.900555859] [controller_server]: Configured FollowPath: CasADi graph N=25 dynamic_slots=8 build occurs outside control loop
[controller_server-7] [INFO] [1788874188.900601460] [controller_server]: Controller Server has FollowPath  controllers available.
[lifecycle_manager-14] [INFO] [1788874188.904442473] [lifecycle_manager_navigation]: [34m[1mConfiguring smoother_server[0m[0m
[smoother_server-8] [INFO] [1788874188.904739231] [smoother_server]: Configuring smoother server
[smoother_server-8] [INFO] [1788874188.922565887] [smoother_server]: Created smoother : simple_smoother of type nav2_smoother::SimpleSmoother
[smoother_server-8] [INFO] [1788874188.923052767] [smoother_server]: Smoother Server has simple_smoother  smoothers available.
[lifecycle_manager-14] [INFO] [1788874188.929164952] [lifecycle_manager_navigation]: [34m[1mConfiguring planner_server[0m[0m
[planner_server-9] [INFO] [1788874188.929497773] [planner_server]: Configuring
[planner_server-9] [INFO] [1788874188.929582577] [global_costmap.global_costmap]: Configuring
[planner_server-9] [INFO] [1788874188.940600438] [global_costmap.global_costmap]: Using plugin "static_layer"
[planner_server-9] [INFO] [1788874188.946779011] [global_costmap.global_costmap]: Subscribing to the map topic (/task_generator_node/map) with transient local durability
[planner_server-9] [INFO] [1788874188.948791030] [global_costmap.global_costmap]: Initialized plugin "static_layer"
[planner_server-9] [INFO] [1788874188.948829780] [global_costmap.global_costmap]: Using plugin "obstacle_layer"
[planner_server-9] [INFO] [1788874188.949452797] [global_costmap.global_costmap]: Subscribed to Topics: lidar
[planner_server-9] [INFO] [1788874188.953668465] [global_costmap.global_costmap]: Initialized plugin "obstacle_layer"
[planner_server-9] [INFO] [1788874188.953707658] [global_costmap.global_costmap]: Using plugin "inflation_layer"
[planner_server-9] [INFO] [1788874188.954581091] [global_costmap.global_costmap]: Initialized plugin "inflation_layer"
[planner_server-9] [INFO] [1788874188.963677425] [planner_server]: Created global planner plugin GridBased of type nav2_navfn_planner/NavfnPlanner
[planner_server-9] [INFO] [1788874188.963709749] [planner_server]: Configuring plugin GridBased of type NavfnPlanner
[planner_server-9] [INFO] [1788874188.963731790] [global_costmap.global_costmap]: StaticLayer: Resizing costmap to 626 X 481 at 0.050000 m/pix
[planner_server-9] [INFO] [1788874188.964250493] [planner_server]: Planner Server has GridBased  planners available.
[lifecycle_manager-14] [INFO] [1788874188.970580436] [lifecycle_manager_navigation]: [34m[1mConfiguring behavior_server[0m[0m
[behavior_server-10] [INFO] [1788874188.970820813] [behavior_server]: Configuring
[behavior_server-10] [INFO] [1788874188.989100815] [behavior_server]: Creating behavior plugin spin of type nav2_behaviors/Spin
[behavior_server-10] [INFO] [1788874188.990836000] [behavior_server]: Configuring spin
[behavior_server-10] [INFO] [1788874188.996710236] [behavior_server]: Creating behavior plugin backup of type nav2_behaviors/BackUp
[behavior_server-10] [INFO] [1788874188.998056182] [behavior_server]: Configuring backup
[behavior_server-10] [INFO] [1788874189.001408372] [behavior_server]: Creating behavior plugin drive_on_heading of type nav2_behaviors/DriveOnHeading
[behavior_server-10] [INFO] [1788874189.002590820] [behavior_server]: Configuring drive_on_heading
[behavior_server-10] [INFO] [1788874189.005960772] [behavior_server]: Creating behavior plugin wait of type nav2_behaviors/Wait
[behavior_server-10] [INFO] [1788874189.007033896] [behavior_server]: Configuring wait
[lifecycle_manager-14] [INFO] [1788874189.010436815] [lifecycle_manager_navigation]: [34m[1mConfiguring bt_navigator[0m[0m
[bt_navigator-11] [INFO] [1788874189.010715216] [bt_navigator]: Configuring
[lifecycle_manager-14] [INFO] [1788874189.077741833] [lifecycle_manager_navigation]: [34m[1mConfiguring waypoint_follower[0m[0m
[waypoint_follower-12] [INFO] [1788874189.078050312] [waypoint_follower]: Configuring
[waypoint_follower-12] [INFO] [1788874189.098538719] [waypoint_follower]: Created waypoint_task_executor : wait_at_waypoint of type nav2_waypoint_follower::WaitAtWaypoint
[waypoint_follower-12] [INFO] [1788874189.098763791] [waypoint_follower]: Waypoint pause duration is set to zero, disabling task executor plugin.
[lifecycle_manager-14] [INFO] [1788874189.099213666] [lifecycle_manager_navigation]: [34m[1mConfiguring velocity_smoother[0m[0m
[velocity_smoother-13] [INFO] [1788874189.099483728] [velocity_smoother]: Configuring velocity smoother
[lifecycle_manager-14] [INFO] [1788874189.105266782] [lifecycle_manager_navigation]: [34m[1mActivating controller_server[0m[0m
[controller_server-7] [INFO] [1788874189.105511654] [controller_server]: Activating
[controller_server-7] [INFO] [1788874189.105593565] [local_costmap.local_costmap]: Activating
[controller_server-7] [INFO] [1788874189.105618218] [local_costmap.local_costmap]: Checking transform
[controller_server-7] [INFO] [1788874189.105643269] [local_costmap.local_costmap]: Timed out waiting for transform from base_link to odom to become available, tf error: Invalid frame ID "odom" passed to canTransform argument target_frame - frame does not exist
[controller_server-7] [INFO] [1788874189.605750099] [local_costmap.local_costmap]: Timed out waiting for transform from base_link to odom to become available, tf error: Invalid frame ID "odom" passed to canTransform argument target_frame - frame does not exist
[python-1] [Info] [carb] Logging to file: /home/lpc/workspace/arena5_mpc_ws/logs/runs/20260908_212947_mpc_gpu0/isaac_kit.log
[python-1] 2026-09-08T13:29:48Z [3ms] [Warning] [carb.crashreporter-breakpad.plugin] [previous crash] preventing upload of minidump due to user opt-out: '/home/lpc/miniforge3/envs/isaaclab/lib/python3.11/site-packages/isaacsim/kit/data/Kit/Isaac-Sim Python/5.1/0ac5911a-264e-47a3-2a16f79d-c5b7759a.dmp'
[python-1] 2026-09-08T13:29:48Z [5ms] [Warning] [carb.crashreporter-breakpad.plugin] [previous crash] preventing upload of minidump due to user opt-out: '/home/lpc/miniforge3/envs/isaaclab/lib/python3.11/site-packages/isaacsim/kit/data/Kit/Isaac-Sim Python/5.1/873d0d6d-b3e2-40f3-6eb3df86-85c4cb14.dmp'
[python-1] 2026-09-08T13:29:48Z [6ms] [Warning] [carb.crashreporter-breakpad.plugin] [previous crash] preventing upload of minidump due to user opt-out: '/home/lpc/miniforge3/envs/isaaclab/lib/python3.11/site-packages/isaacsim/kit/data/Kit/Isaac-Sim Python/5.1/54846835-9b12-4c85-5eb92bac-99ba56c4.dmp'
[python-1] 2026-09-08T13:29:48Z [6ms] [Warning] [carb.crashreporter-breakpad.plugin] [previous crash] preventing upload of minidump due to user opt-out: '/home/lpc/miniforge3/envs/isaaclab/lib/python3.11/site-packages/isaacsim/kit/data/Kit/Isaac-Sim Python/5.1/4c7676b1-3af0-4296-87341b84-52502d37.dmp'
[python-1] 2026-09-08T13:29:48Z [7ms] [Warning] [carb.crashreporter-breakpad.plugin] [previous crash] preventing upload of minidump due to user opt-out: '/home/lpc/miniforge3/envs/isaaclab/lib/python3.11/site-packages/isaacsim/kit/data/Kit/Isaac-Sim Python/5.1/4fb36b02-970f-460e-d915d5bf-47095803.dmp'
[python-1] [0.118s] [ext: omni.kit.async_engine-0.0.3] startup
[python-1] [0.282s] [ext: omni.metrics.core-0.0.3] startup
[python-1] [0.282s] [ext: omni.client.lib-1.1.0] startup
[python-1] [0.305s] [ext: omni.blobkey-1.1.2] startup
[python-1] [0.305s] [ext: omni.stats-1.0.1] startup
[python-1] [0.306s] [ext: omni.datastore-0.0.0] startup
[python-1] [0.316s] [ext: omni.client-1.3.0] startup
[python-1] [0.324s] [ext: omni.ujitso.default-1.0.0] startup
[python-1] [0.327s] [ext: omni.hsscclient-1.1.2] startup
[python-1] [0.343s] [ext: omni.gpu_foundation.shadercache.vulkan-1.0.0] startup
[python-1] [0.350s] [ext: omni.assets.plugins-0.0.0] startup
[python-1] [0.352s] [ext: omni.gpu_foundation-0.0.0] startup
[python-1] [0.365s] [ext: carb.windowing.plugins-1.0.0] startup
[python-1] 2026-09-08T13:29:48Z [312ms] [Warning] [carb.windowing-glfw.plugin] GLFW initialization failed.
[python-1] 2026-09-08T13:29:48Z [312ms] [Warning] [carb] Failed to startup plugin carb.windowing-glfw.plugin (interfaces: [carb::windowing::IGLContext v1.0],[carb::windowing::IWindowing v1.5]) (impl: carb.windowing-glfw.plugin)
[python-1] [0.367s] [ext: omni.kit.renderer.init-0.0.0] startup
[python-1] 2026-09-08T13:29:48Z [389ms] [Warning] [omni.platforminfo.plugin] failed to open the default display.  Can't verify X Server version.
[python-1] 2026-09-08T13:29:48Z [402ms] [Warning] [carb.cudainterop.plugin] CUDA_VISIBLE_DEVICES environment variable is set.
[python-1] 2026-09-08T13:29:48Z [402ms] [Warning] [carb.cudainterop.plugin] Note CUDA device enumeration and Omniverse device enumeration are different.
[python-1] 2026-09-08T13:29:48Z [402ms] [Warning] [carb.cudainterop.plugin] Setting CUDA_VISIBLE_DEVICES can lead to undesired behavior or crashes.
[python-1] 2026-09-08T13:29:49Z [1,315ms] [Warning] [gpu.foundation.plugin] Skipping NVIDIA GPU due CUDA being in bad state: NVIDIA GeForce RTX 4090
[python-1] 2026-09-08T13:29:49Z [1,315ms] [Warning] [gpu.foundation.plugin] Please restart your system if CUDA is known to work in your system.
[python-1] 2026-09-08T13:29:49Z [1,316ms] [Warning] [gpu.foundation.plugin] Skipping NVIDIA GPU due CUDA being in bad state: NVIDIA GeForce RTX 4090
[python-1] 2026-09-08T13:29:49Z [1,316ms] [Warning] [gpu.foundation.plugin] Please restart your system if CUDA is known to work in your system.
[python-1] 2026-09-08T13:29:49Z [1,317ms] [Warning] [gpu.foundation.plugin] Skipping NVIDIA GPU due CUDA being in bad state: NVIDIA GeForce RTX 4090
[python-1] 2026-09-08T13:29:49Z [1,317ms] [Warning] [gpu.foundation.plugin] Please restart your system if CUDA is known to work in your system.
[python-1] 2026-09-08T13:29:49Z [1,318ms] [Warning] [gpu.foundation.plugin] Skipping NVIDIA GPU due CUDA being in bad state: NVIDIA GeForce RTX 4090
[python-1] 2026-09-08T13:29:49Z [1,318ms] [Warning] [gpu.foundation.plugin] Please restart your system if CUDA is known to work in your system.
[controller_server-7] [INFO] [1788874190.105750868] [local_costmap.local_costmap]: Timed out waiting for transform from base_link to odom to become available, tf error: Invalid frame ID "odom" passed to canTransform argument target_frame - frame does not exist
[controller_server-7] [INFO] [1788874190.605754248] [local_costmap.local_costmap]: Timed out waiting for transform from base_link to odom to become available, tf error: Invalid frame ID "odom" passed to canTransform argument target_frame - frame does not exist
[python-1] 2026-09-08T13:29:49Z [1,318ms] [Warning] [gpu.foundation.plugin] Skipping NVIDIA GPU due CUDA being in bad state: NVIDIA GeForce RTX 4090
[python-1] 2026-09-08T13:29:49Z [1,318ms] [Warning] [gpu.foundation.plugin] Please restart your system if CUDA is known to work in your system.
[python-1] 2026-09-08T13:29:49Z [1,318ms] [Warning] [gpu.foundation.plugin] Skipping NVIDIA GPU due CUDA being in bad state: NVIDIA GeForce RTX 4090
[python-1] 2026-09-08T13:29:49Z [1,318ms] [Warning] [gpu.foundation.plugin] Please restart your system if CUDA is known to work in your system.
[python-1] 
[python-1] |---------------------------------------------------------------------------------------------|
[python-1] | Driver Version: 580.126.09    | Graphics API: Vulkan
[python-1] |=============================================================================================|
[python-1] | GPU | Name                             | Active | LDA | GPU Memory | Vendor-ID | LUID       |
[python-1] |     |                                  |        |     |            | Device-ID | UUID       |
[python-1] |     |                                  |        |     |            | Bus-ID    |            |
[python-1] |---------------------------------------------------------------------------------------------|
[python-1] | 0   | NVIDIA GeForce RTX 4090          | Yes: 0 |     | 24810   MB | 10de      | 0          |
[python-1] |     |                                  |        |     |            | 2684      | cff28fa1.. |
[python-1] |     |                                  |        |     |            | 31        |            |
[python-1] |---------------------------------------------------------------------------------------------|
[python-1] | 1   | NVIDIA GeForce RTX 4090          |        |     | 24810   MB | 10de      | 0          |
[python-1] |     |                                  |        |     |            | 2684      | 53d85912.. |
[python-1] |     |                                  |        |     |            | 4b        |            |
[python-1] |---------------------------------------------------------------------------------------------|
[python-1] | 2   | NVIDIA GeForce RTX 4090          |        |     | 24810   MB | 10de      | 0          |
[python-1] |     |                                  |        |     |            | 2684      | 2d2c45be.. |
[python-1] |     |                                  |        |     |            | b1        |            |
[python-1] |---------------------------------------------------------------------------------------------|
[python-1] | 3   | NVIDIA GeForce RTX 4090          |        |     | 24810   MB | 10de      | 0          |
[python-1] |     |                                  |        |     |            | 2684      | 6fc79961.. |
[python-1] |     |                                  |        |     |            | ca        |            |
[python-1] |=============================================================================================|
[python-1] | OS: 22.04.5 LTS (Jammy Jellyfish) ubuntu, Version: 22.04.5, Kernel: 6.8.0-136-generic
[python-1] | Processor: Intel(R) Xeon(R) Gold 6330 CPU @ 2.00GHz
[python-1] | Cores: 56 | Logical Cores: 112
[python-1] |---------------------------------------------------------------------------------------------|
[python-1] | Total Memory (MB): 257544 | Free Memory: 225997
[python-1] | Total Page/Swap (MB): 2047 | Free Page/Swap: 2020
[python-1] |---------------------------------------------------------------------------------------------|
[python-1] 2026-09-08T13:29:50Z [1,828ms] [Warning] [gpu.foundation.plugin] CPU performance profile is set to powersave. This profile sets the CPU to the lowest frequency reducing performance.
[python-1] 2026-09-08T13:29:50Z [1,839ms] [Warning] [gpu.foundation.plugin] IOMMU is enabled.
[python-1] 2026-09-08T13:29:50Z [1,839ms] [Warning] [gpu.foundation.plugin] Detected IOMMU is enabled. Running CUDA peer-to-peer bandwidth and latency validation.
[python-1] Unidirectional P2P=Enabled Bandwidth (P2P Writes) Matrix (GB/s)
[python-1]    D\D     0 
[python-1]      0 936.24 
[python-1] P2P=Enabled Latency (P2P Writes) Matrix (us)
[python-1]    GPU     0 
[python-1]      0   1.40 
[python-1] 
[python-1]    CPU     0 
[python-1]      0   4.36 
[python-1] [2.168s] [ext: omni.materialx.libs-1.0.7] startup
[python-1] [2.181s] [ext: omni.kit.telemetry-0.5.2] startup
[python-1] [2.254s] [ext: omni.usd.config-1.0.6] startup
[python-1] [2.262s] [ext: omni.gpucompute.plugins-0.0.0] startup
[python-1] [2.263s] [ext: omni.usd.libs-1.0.1] startup
[python-1] [2.422s] [ext: omni.kit.loop-isaac-1.3.7] startup
[controller_server-7] [INFO] [1788874191.105733731] [local_costmap.local_costmap]: Timed out waiting for transform from base_link to odom to become available, tf error: Invalid frame ID "odom" passed to canTransform argument target_frame - frame does not exist
[python-1] [2.424s] [ext: omni.kit.test-2.0.1] startup
[python-1] [2.520s] [ext: omni.mdl-56.0.3] startup
[python-1] [2.638s] [ext: omni.iray.libs-0.0.0] startup
[python-1] [2.646s] [ext: omni.mdl.neuraylib-0.2.12] startup
[python-1] [2.649s] [ext: omni.kit.usd.mdl-1.1.5] startup
[python-1] [2.814s] [ext: omni.kit.pipapi-0.0.0] startup
[python-1] [2.815s] [ext: omni.appwindow-1.1.10] startup
[python-1] 2026-09-08T13:29:51Z [2,762ms] [Warning] [carb.windowing-glfw.plugin] GLFW initialization failed.
[python-1] 2026-09-08T13:29:51Z [2,762ms] [Warning] [carb] Failed to startup plugin carb.windowing-glfw.plugin (interfaces: [carb::windowing::IGLContext v1.0],[carb::windowing::IWindowing v1.5]) (impl: carb.windowing-glfw.plugin)
[python-1] [2.820s] [ext: omni.kit.renderer.core-1.1.0] startup
[python-1] 2026-09-08T13:29:51Z [2,785ms] [Warning] [carb.windowing-glfw.plugin] GLFW initialization failed.
[python-1] 2026-09-08T13:29:51Z [2,785ms] [Warning] [carb] Failed to startup plugin carb.windowing-glfw.plugin (interfaces: [carb::windowing::IGLContext v1.0],[carb::windowing::IWindowing v1.5]) (impl: carb.windowing-glfw.plugin)
[python-1] 2026-09-08T13:29:51Z [2,796ms] [Warning] [carb.windowing-glfw.plugin] GLFW initialization failed.
[python-1] 2026-09-08T13:29:51Z [2,796ms] [Warning] [carb] Failed to startup plugin carb.windowing-glfw.plugin (interfaces: [carb::windowing::IGLContext v1.0],[carb::windowing::IWindowing v1.5]) (impl: carb.windowing-glfw.plugin)
[python-1] [2.853s] [ext: omni.kit.renderer.capture-0.0.0] startup
[python-1] [2.857s] [ext: omni.kit.renderer.imgui-2.0.5] startup
[python-1] 2026-09-08T13:29:51Z [2,808ms] [Warning] [carb.windowing-glfw.plugin] GLFW initialization failed.
[python-1] 2026-09-08T13:29:51Z [2,808ms] [Warning] [carb] Failed to startup plugin carb.windowing-glfw.plugin (interfaces: [carb::windowing::IGLContext v1.0],[carb::windowing::IWindowing v1.5]) (impl: carb.windowing-glfw.plugin)
[python-1] 2026-09-08T13:29:51Z [2,810ms] [Warning] [carb.windowing-glfw.plugin] GLFW initialization failed.
[python-1] 2026-09-08T13:29:51Z [2,810ms] [Warning] [carb] Failed to startup plugin carb.windowing-glfw.plugin (interfaces: [carb::windowing::IGLContext v1.0],[carb::windowing::IWindowing v1.5]) (impl: carb.windowing-glfw.plugin)
[python-1] 2026-09-08T13:29:51Z [2,812ms] [Warning] [carb.windowing-glfw.plugin] GLFW initialization failed.
[python-1] 2026-09-08T13:29:51Z [2,812ms] [Warning] [carb] Failed to startup plugin carb.windowing-glfw.plugin (interfaces: [carb::windowing::IGLContext v1.0],[carb::windowing::IWindowing v1.5]) (impl: carb.windowing-glfw.plugin)
[python-1] [2.964s] [ext: omni.ui-2.27.1] startup
[python-1] [2.980s] [ext: omni.kit.mainwindow-1.0.3] startup
[python-1] [2.982s] [ext: carb.audio-0.1.0] startup
[python-1] [2.990s] [ext: omni.uiaudio-1.0.0] startup
[python-1] [2.992s] [ext: omni.kit.uiapp-0.0.0] startup
[python-1] [2.992s] [ext: omni.usd.schema.metrics.assembler-107.3.1] startup
[python-1] [2.996s] [ext: omni.usd.schema.physx-107.3.26] startup
[python-1] [3.050s] [ext: omni.usd.schema.geospatial-0.0.0] startup
[python-1] [3.054s] [ext: omni.usd.schema.audio-0.0.0] startup
[python-1] [3.059s] [ext: omni.usd.schema.anim-0.0.0] startup
[python-1] [3.091s] [ext: omni.usd.schema.flow-107.1.1] startup
[python-1] [3.092s] [ext: omni.usd_resolver-1.0.0] startup
[python-1] [3.098s] [ext: omni.usd.core-1.5.3] startup
[python-1] [3.102s] [ext: omni.usd.schema.omni_sensors-0.0.0] startup
[python-1] [3.135s] [ext: omni.usd.schema.semantics-0.0.0] startup
[python-1] [3.138s] [ext: omni.usd.schema.omniscripting-1.0.0] startup
[python-1] [3.145s] [ext: omni.usd.schema.omni_lens_distortion-0.0.0] startup
[python-1] [3.146s] [ext: omni.usd.schema.omnigraph-1.0.0] startup
[python-1] [3.155s] [ext: omni.kit.window.popup_dialog-2.0.24] startup
[python-1] [3.161s] [ext: omni.graph.exec-0.9.6] startup
[python-1] [3.162s] [ext: omni.kit.widget.nucleus_connector-2.0.1] startup
[python-1] [3.165s] [ext: omni.kit.usd_undo-0.1.8] startup
[python-1] [3.166s] [ext: omni.kit.exec.core-0.13.4] startup
[python-1] [3.168s] [ext: omni.kit.actions.core-1.0.0] startup
[python-1] [3.173s] [ext: omni.resourcemonitor-107.0.1] startup
[python-1] [3.176s] [ext: omni.activity.core-1.0.3] startup
[python-1] [3.178s] [ext: omni.timeline-1.0.14] startup
[python-1] [3.181s] [ext: omni.kit.commands-1.4.10] startup
[python-1] [3.187s] [ext: usdrt.scenegraph-7.6.1] startup
[python-1] [3.246s] [ext: omni.kit.audiodeviceenum-1.0.2] startup
[python-1] [3.249s] [ext: omni.hydra.usdrt_delegate-7.5.1] startup
[python-1] [3.259s] [ext: omni.hydra.scene_delegate-0.3.4] startup
[python-1] [3.267s] [ext: omni.usd-1.13.10] startup
[controller_server-7] [INFO] [1788874191.605748249] [local_costmap.local_costmap]: Timed out waiting for transform from base_link to odom to become available, tf error: Invalid frame ID "odom" passed to canTransform argument target_frame - frame does not exist
[python-1] [3.320s] [ext: omni.inspect-1.0.2] startup
[python-1] [3.322s] [ext: omni.kit.notification_manager-1.0.10] startup
[python-1] [3.324s] [ext: omni.graph.core-2.184.5] startup
[python-1] [3.329s] [ext: isaacsim.core.deprecation_manager-0.2.7] startup
[python-1] [3.330s] [ext: omni.anim.graph.schema-107.3.3] startup
[python-1] [3.340s] [ext: omni.usd.schema.isaac-3.0.5] startup
[python-1] [3.340s] [ext: omni.anim.navigation.schema-107.3.3] startup
[python-1] [3.345s] [ext: omni.kit.asset_converter-5.0.17] startup
[python-1] [3.364s] [ext: isaacsim.robot.schema-3.6.0] startup
[python-1] [3.377s] [ext: omni.usd.schema.render_settings.rtx-0.0.0] startup
[python-1] [3.379s] [ext: omni.kit.menu.core-1.1.2] startup
[python-1] [3.380s] [ext: omni.kit.widget.path_field-2.0.11] startup
[python-1] [3.381s] [ext: omni.kit.widget.context_menu-1.2.5] startup
[python-1] [3.383s] [ext: omni.kit.widget.browser_bar-2.0.10] startup
[python-1] [3.384s] [ext: omni.kit.clipboard-1.0.5] startup
[python-1] [3.385s] [ext: omni.kit.numpy.common-0.1.3] startup
[python-1] [3.387s] [ext: omni.kit.widget.options_menu-1.1.6] startup
[python-1] [3.392s] [ext: omni.kit.helper.file_utils-0.1.9] startup
[python-1] [3.394s] [ext: omni.ui.scene-1.11.5] startup
[python-1] [3.401s] [ext: omni.kit.widget.options_button-1.0.3] startup
[python-1] [3.402s] [ext: omni.kit.widget.filebrowser-2.12.3] startup
[python-1] [3.409s] [ext: omni.kit.usd.layers-2.2.11] startup
[python-1] [3.422s] [ext: omni.kit.window.filepicker-2.13.4] startup
[python-1] [3.444s] [ext: omni.kit.hotkeys.core-1.3.10] startup
[python-1] [3.450s] [ext: omni.kit.context_menu-1.8.6] startup
[python-1] [3.452s] [ext: omni.kit.property.adapter.core-1.0.2] startup
[python-1] [3.456s] [ext: omni.kit.window.file_exporter-1.0.33] startup
[python-1] [3.459s] [ext: omni.kit.widget.searchfield-1.1.8] startup
[python-1] [3.460s] [ext: omni.kit.widget.filter-1.1.4] startup
[python-1] [3.462s] [ext: omni.kit.widget.graph-2.0.0] startup
[python-1] [3.470s] [ext: omni.kit.widget.stage-3.1.4] startup
[python-1] [3.487s] [ext: omni.kit.property.adapter.usd-1.0.2] startup
[python-1] [3.489s] [ext: omni.kit.property.adapter.fabric-1.0.3] startup
[python-1] [3.490s] [ext: omni.kit.graph.delegate.default-1.2.3] startup
[python-1] [3.491s] [ext: omni.kit.window.file_importer-1.1.18] startup
[python-1] [3.493s] [ext: omni.kit.stage_template.core-1.1.22] startup
[python-1] [3.493s] [ext: omni.kit.menu.utils-2.0.5] startup
[python-1] [3.501s] [ext: omni.kit.window.file-2.0.5] startup
[python-1] [3.505s] [ext: omni.kit.widget.highlight_label-1.0.3] startup
[python-1] [3.506s] [ext: omni.kit.window.drop_support-1.0.5] startup
[python-1] [3.507s] [ext: omni.kit.window.content_browser_registry-0.0.6] startup
[python-1] [3.507s] [ext: omni.kit.window.property-1.12.1] startup
[python-1] [3.512s] [ext: omni.kit.window.content_browser-3.1.3] startup
[python-1] [3.530s] [ext: isaacsim.core.version-2.0.6] startup
[python-1] [3.531s] [ext: omni.kit.property.usd-4.5.12] startup
[python-1] [3.547s] [ext: omni.kit.graph.editor.core-1.5.3] startup
[python-1] [3.551s] [ext: omni.kit.material.library-2.0.7] startup
[python-1] [3.558s] [ext: omni.kit.graph.usd.commands-1.3.1] startup
[python-1] [3.559s] [ext: omni.kvdb-107.3.26] startup
[python-1] [3.561s] [ext: omni.usdphysics-107.3.26] startup
[python-1] [3.565s] [ext: omni.physx.foundation-107.3.26] startup
[python-1] [3.567s] [ext: omni.localcache-107.3.26] startup
[python-1] [3.569s] [ext: omni.convexdecomposition-107.3.26] startup
[python-1] [3.574s] [ext: omni.physics-107.3.26] startup
[python-1] [3.578s] [ext: omni.physx.cooking-107.3.26] startup
[python-1] [3.583s] [ext: omni.physics.stageupdate-107.3.26] startup
[python-1] [3.586s] [ext: omni.physx-107.3.26] startup
[python-1] [3.602s] [ext: omni.index.libs-380600.8087.0] startup
[python-1] [3.602s] [ext: omni.physics.physx-107.3.26] startup
[python-1] 2026-09-08T13:29:51Z [3,549ms] [Warning] [carb] Acquiring non optional plugin interface which is not listed as dependency: [omni::physx::IPhysxBenchmarks v1.0] (plugin: <default plugin>), by client: omni.physics.physx.plugin. Add it to CARB_PLUGIN_IMPL_DEPS() macro of a client.
[python-1] [3.605s] [ext: omni.index-1.0.1] startup
[python-1] [3.606s] [ext: omni.volume-0.5.2] startup
[python-1] [3.610s] [ext: omni.ujitso.client-0.0.0] startup
[python-1] [3.611s] [ext: omni.hydra.rtx.shadercache.vulkan-1.0.0] startup
[python-1] [3.613s] [ext: omni.kit.widget.searchable_combobox-1.0.6] startup
[python-1] [3.614s] [ext: omni.hydra.rtx-1.0.0] startup
[python-1] 2026-09-08T13:29:51Z [3,590ms] [Warning] [omni.log] Source: omni.hydra was already registered.
[python-1] [3.673s] [ext: omni.kit.widget.settings-1.2.6] startup
[python-1] [3.676s] [ext: omni.kit.hydra_texture-1.4.6] startup
[python-1] [3.682s] [ext: omni.graph.tools-1.79.2] startup
[controller_server-7] [INFO] [1788874192.105776047] [local_costmap.local_costmap]: Timed out waiting for transform from base_link to odom to become available, tf error: Invalid frame ID "odom" passed to canTransform argument target_frame - frame does not exist
[controller_server-7] [INFO] [1788874192.605752276] [local_costmap.local_costmap]: Timed out waiting for transform from base_link to odom to become available, tf error: Invalid frame ID "odom" passed to canTransform argument target_frame - frame does not exist
[controller_server-7] [INFO] [1788874193.105730264] [local_costmap.local_costmap]: Timed out waiting for transform from base_link to odom to become available, tf error: Invalid frame ID "odom" passed to canTransform argument target_frame - frame does not exist
[controller_server-7] [INFO] [1788874193.605729779] [local_costmap.local_costmap]: Timed out waiting for transform from base_link to odom to become available, tf error: Invalid frame ID "odom" passed to canTransform argument target_frame - frame does not exist
[controller_server-7] [INFO] [1788874194.105719299] [local_costmap.local_costmap]: Timed out waiting for transform from base_link to odom to become available, tf error: Invalid frame ID "odom" passed to canTransform argument target_frame - frame does not exist
[controller_server-7] [INFO] [1788874194.605713186] [local_costmap.local_costmap]: Timed out waiting for transform from base_link to odom to become available, tf error: Invalid frame ID "odom" passed to canTransform argument target_frame - frame does not exist
[controller_server-7] [INFO] [1788874195.105699793] [local_costmap.local_costmap]: Timed out waiting for transform from base_link to odom to become available, tf error: Invalid frame ID "odom" passed to canTransform argument target_frame - frame does not exist
[controller_server-7] [INFO] [1788874195.605700170] [local_costmap.local_costmap]: Timed out waiting for transform from base_link to odom to become available, tf error: Invalid frame ID "odom" passed to canTransform argument target_frame - frame does not exist
[controller_server-7] [INFO] [1788874196.105716708] [local_costmap.local_costmap]: Timed out waiting for transform from base_link to odom to become available, tf error: Invalid frame ID "odom" passed to canTransform argument target_frame - frame does not exist
[controller_server-7] [INFO] [1788874196.605717926] [local_costmap.local_costmap]: Timed out waiting for transform from base_link to odom to become available, tf error: Invalid frame ID "odom" passed to canTransform argument target_frame - frame does not exist
[controller_server-7] [INFO] [1788874197.105714432] [local_costmap.local_costmap]: Timed out waiting for transform from base_link to odom to become available, tf error: Invalid frame ID "odom" passed to canTransform argument target_frame - frame does not exist
[controller_server-7] [INFO] [1788874197.605712670] [local_costmap.local_costmap]: Timed out waiting for transform from base_link to odom to become available, tf error: Invalid frame ID "odom" passed to canTransform argument target_frame - frame does not exist
[python-1] [3.721s] [ext: omni.kit.window.preferences-1.8.0] startup
[python-1] [3.729s] [ext: omni.kit.widget.material_preview-1.0.16] startup
[python-1] [3.732s] [ext: omni.graph-1.141.2] startup
[python-1] [3.802s] [ext: omni.kit.window.material_graph-1.9.1] startup
[python-1] [3.819s] [ext: omni.isaac.dynamic_control-2.0.7] startup
[python-1] 2026-09-08T13:29:52Z [3,773ms] [Warning] [omni.isaac.dynamic_control] omni.isaac.dynamic_control is deprecated as of Isaac Sim 4.5. No action is needed from end-users.
[python-1] [3.829s] [ext: isaacsim.storage.native-1.5.1] startup
[python-1] [3.841s] [ext: omni.graph.scriptnode-1.50.0] startup
[python-1] [3.842s] [ext: omni.hydra.engine.stats-1.0.3] startup
[python-1] [3.846s] [ext: omni.kit.viewport.legacy_gizmos-1.0.19] startup
[python-1] [3.854s] [ext: omni.kit.raycast.query-1.1.0] startup
[python-1] [3.863s] [ext: omni.graph.action_core-1.1.7] startup
[python-1] [3.868s] [ext: omni.kit.viewport.scene_camera_model-1.0.6] startup
[python-1] [3.876s] [ext: omni.graph.image.core-0.6.1] startup
[python-1] [3.879s] [ext: omni.kit.widget.viewport-107.1.3] startup
[python-1] [3.888s] [ext: omni.kit.viewport.registry-104.0.6] startup
[python-1] [3.893s] [ext: omni.usd.metrics.assembler-107.3.1] startup
[python-1] [3.910s] [ext: omni.kit.viewport.window-107.2.0] startup
[python-1] [3.983s] [ext: omni.kit.viewport.menubar.core-107.2.1] startup
[python-1] [4.007s] [ext: omni.graph.image.nodes-1.3.1] startup
[python-1] [4.009s] [ext: omni.usd.metrics.assembler.physics-107.3.26] startup
[python-1] [4.013s] [ext: omni.warp.core-1.8.2] startup
[python-1] [4.388s] [ext: omni.kit.viewport.utility-1.1.2] startup
[python-1] [4.392s] [ext: omni.physics.tensors-107.3.26] startup
[python-1] [4.403s] [ext: omni.syntheticdata-0.6.13] startup
[python-1] [4.446s] [ext: isaacsim.test.docstring-1.1.0] startup
[python-1] [4.461s] [ext: isaacsim.core.utils-3.5.1] startup
[python-1] [4.469s] [ext: omni.physx.tensors-107.3.26] startup
[python-1] [4.479s] [ext: omni.graph.nodes-1.170.10] startup
[python-1] [4.498s] [ext: omni.graph.action_nodes-1.50.4] startup
[python-1] [4.507s] [ext: omni.kit.primitive.mesh-1.0.17] startup
[python-1] [4.543s] [ext: isaacsim.core.simulation_manager-1.4.4] startup
[python-1] [7.396s] [ext: omni.graph.ui_nodes-1.50.5] startup
[python-1] [7.411s] [ext: omni.graph.action-1.130.0] startup
[python-1] [7.416s] [ext: omni.kit.stage_templates-2.0.0] startup
[python-1] [7.427s] [ext: isaacsim.core.prims-0.6.1] startup
[python-1] [7.496s] [ext: omni.warp-1.8.2] startup
[python-1] [7.516s] [ext: omni.videoencoding-0.1.2] startup
[python-1] [7.524s] [ext: isaacsim.core.api-4.8.0] startup
[python-1] [7.553s] [ext: isaacsim.core.experimental.utils-0.3.0] startup
[python-1] [7.568s] [ext: omni.replicator.core-1.12.27] startup
[python-1] 2026-09-08T13:29:55Z [7,538ms] [Warning] [pxr.Semantics] pxr.Semantics is deprecated - please use Semantics instead
[python-1] 2026-09-08T13:29:56Z [7,911ms] [Warning] [omni.graph.core.plugin] Found duplicate of category 'Replicator' - was 'Annotators', adding 'Fabric Reader'
[python-1] 2026-09-08T13:29:56Z [7,912ms] [Warning] [omni.graph.core.plugin] Category 'Replicator' not accepted on node type 'omni.replicator.core.FabricReader' in extension 'omni.replicator.core'
[python-1] 2026-09-08T13:29:56Z [7,916ms] [Warning] [omni.replicator.core.scripts.extension] No material configuration file, adding configuration to material settings directly.
[python-1] [7.989s] [ext: isaacsim.core.experimental.prims-0.8.1] startup
[python-1] [8.131s] [ext: omni.kit.window.extensions-1.4.27] startup
[python-1] [8.160s] [ext: isaacsim.core.experimental.objects-0.4.0] startup
[python-1] [8.172s] [ext: omni.ui_query-1.1.8] startup
[python-1] [8.184s] [ext: omni.kit.manipulator.viewport-107.0.1] startup
[python-1] [8.191s] [ext: isaacsim.robot.surface_gripper-3.3.1] startup
[python-1] [8.201s] [ext: omni.kit.ui_test-1.3.7] startup
[python-1] [8.213s] [ext: omni.graph.visualization.nodes-2.1.3] startup
[python-1] [8.311s] [ext: isaacsim.robot_motion.lula-4.0.8] startup
[python-1] [8.348s] [ext: isaacsim.core.nodes-3.4.3] startup
[python-1] [8.409s] [ext: isaacsim.gui.components-1.2.1] startup
[python-1] [8.666s] [ext: isaacsim.robot_motion.motion_generation-8.0.26] startup
[python-1] [9.342s] [ext: isaacsim.robot.manipulators-3.3.6] startup
[python-1] [9.426s] [ext: isaacsim.core.experimental.materials-0.4.0] startup
[python-1] [9.544s] [ext: isaacsim.robot.manipulators.examples-1.1.2] startup
[python-1] [9.562s] [ext: isaacsim.cortex.framework-1.0.12] startup
[python-1] [9.580s] [ext: isaacsim.cortex.behaviors-2.0.14] startup
[python-1] [9.604s] [ext: omni.isaac.cortex.sample_behaviors-2.0.5] startup
[python-1] 2026-09-08T13:29:57Z [9,551ms] [Warning] [omni.isaac.cortex] omni.isaac.cortex has been deprecated in favor of isaacsim.cortex.framework. Please update your code accordingly.
[controller_server-7] [INFO] [1788874198.105712411] [local_costmap.local_costmap]: Timed out waiting for transform from base_link to odom to become available, tf error: Invalid frame ID "odom" passed to canTransform argument target_frame - frame does not exist
[python-1] 2026-09-08T13:29:57Z [9,556ms] [Warning] [omni.isaac.cortex.sample_behaviors] omni.isaac.cortex.sample_behaviors has been deprecated in favor of isaacsim.cortex.behaviors. Please update your code accordingly.
[python-1] [9.612s] [ext: omni.kit.widget.zoombar-1.0.6] startup
[python-1] [9.646s] [ext: isaacsim.gui.content_browser-0.1.11] startup
[python-1] [9.664s] [ext: omni.kit.browser.core-2.3.13] startup
[python-1] [9.735s] [ext: omni.kit.widget.stage_icons-1.0.8] startup
[python-1] [9.744s] [ext: omni.kit.widget.prompt-1.0.7] startup
[python-1] [9.753s] [ext: omni.kit.usd.collect-2.4.5] startup
[python-1] [9.771s] [ext: omni.kit.browser.folder.core-1.10.9] startup
[python-1] [9.817s] [ext: omni.kit.window.stage-2.6.1] startup
[python-1] [9.862s] [ext: omni.kit.usdz_export-1.0.9] startup
[python-1] [9.877s] [ext: omni.kit.tool.collect-2.2.18] startup
[python-1] [9.893s] [ext: omni.kit.menu.stage-1.2.7] startup
[python-1] [9.902s] [ext: omni.kit.tool.asset_importer-4.3.2] startup
[python-1] [9.936s] [ext: isaacsim.robot.wheeled_robots-4.0.24] startup
[python-1] [9.965s] [ext: isaacsim.examples.browser-0.2.1] startup
[python-1] [10.015s] [ext: isaacsim.asset.importer.urdf-2.4.30] startup
[python-1] [10.181s] [ext: omni.isaac.wheeled_robots-3.0.7] startup
[python-1] 2026-09-08T13:29:58Z [10,131ms] [Warning] [omni.isaac.wheeled_robots] omni.isaac.wheeled_robots has been deprecated in favor of isaacsim.robot.wheeled_robots. Please update your code accordingly.
[python-1] 2026-09-08T13:29:58Z [10,132ms] [Warning] [omni.isaac.wheeled_robots.controllers] omni.isaac.wheeled_robots has been deprecated in favor of isaacsim.robot.wheeled_robots. Please update your code accordingly.
[python-1] 2026-09-08T13:29:58Z [10,132ms] [Warning] [omni.isaac.wheeled_robots.controllers.ackermann_controller] omni.isaac.wheeled_robots has been deprecated in favor of isaacsim.robot.wheeled_robots. Please update your code accordingly.
[python-1] 2026-09-08T13:29:58Z [10,132ms] [Warning] [omni.isaac.wheeled_robots.controllers.differential_controller] omni.isaac.wheeled_robots has been deprecated in favor of isaacsim.robot.wheeled_robots. Please update your code accordingly.
[python-1] 2026-09-08T13:29:58Z [10,133ms] [Warning] [omni.isaac.wheeled_robots.controllers.holonomic_controller] omni.isaac.wheeled_robots has been deprecated in favor of isaacsim.robot.wheeled_robots. Please update your code accordingly.
[python-1] 2026-09-08T13:29:58Z [10,133ms] [Warning] [omni.isaac.wheeled_robots.controllers.quintic_path_planner] omni.isaac.wheeled_robots has been deprecated in favor of isaacsim.robot.wheeled_robots. Please update your code accordingly.
[python-1] 2026-09-08T13:29:58Z [10,133ms] [Warning] [omni.isaac.wheeled_robots.controllers.stanley_control] omni.isaac.wheeled_robots has been deprecated in favor of isaacsim.robot.wheeled_robots. Please update your code accordingly.
[python-1] 2026-09-08T13:29:58Z [10,133ms] [Warning] [omni.isaac.wheeled_robots.controllers.wheel_base_pose_controller] omni.isaac.wheeled_robots has been deprecated in favor of isaacsim.robot.wheeled_robots. Please update your code accordingly.
[python-1] 2026-09-08T13:29:58Z [10,133ms] [Warning] [omni.isaac.wheeled_robots.impl] omni.isaac.wheeled_robots has been deprecated in favor of isaacsim.robot.wheeled_robots. Please update your code accordingly.
[python-1] 2026-09-08T13:29:58Z [10,134ms] [Warning] [omni.isaac.wheeled_robots.robots] omni.isaac.wheeled_robots has been deprecated in favor of isaacsim.robot.wheeled_robots. Please update your code accordingly.
[python-1] 2026-09-08T13:29:58Z [10,134ms] [Warning] [omni.isaac.wheeled_robots.robots.holonomic_robot_usd_setup] omni.isaac.wheeled_robots has been deprecated in favor of isaacsim.robot.wheeled_robots. Please update your code accordingly.
[python-1] 2026-09-08T13:29:58Z [10,134ms] [Warning] [omni.isaac.wheeled_robots.robots.wheeled_robot] omni.isaac.wheeled_robots has been deprecated in favor of isaacsim.robot.wheeled_robots. Please update your code accordingly.
[python-1] [10.190s] [ext: isaacsim.simulation_app-2.12.2] startup
[python-1] [10.198s] [ext: omni.isaac.franka-1.0.7] startup
[python-1] 2026-09-08T13:29:58Z [10,147ms] [Warning] [omni.isaac.franka] omni.isaac.franka has been deprecated in favor of isaacsim.robot.manipulators.examples.franka. Please update your code accordingly.
[python-1] 2026-09-08T13:29:58Z [10,147ms] [Warning] [omni.isaac.franka.franka] omni.isaac.franka has been deprecated in favor of isaacsim.robot.manipulators.examples.franka. Please update your code accordingly.
[controller_server-7] [INFO] [1788874198.605695027] [local_costmap.local_costmap]: Timed out waiting for transform from base_link to odom to become available, tf error: Invalid frame ID "odom" passed to canTransform argument target_frame - frame does not exist
[python-1] 2026-09-08T13:29:58Z [10,190ms] [Warning] [omni.isaac.franka.kinematics_solver] omni.isaac.franka has been deprecated in favor of isaacsim.robot.manipulators.examples.franka. Please update your code accordingly.
[python-1] [10.251s] [ext: omni.isaac.kit-2.0.6] startup
[python-1] 2026-09-08T13:29:58Z [10,205ms] [Warning] [omni.isaac.kit] omni.isaac.kit has been deprecated in favor of isaacsim.simulation_app. Please update your code accordingly.
[python-1] [10.260s] [ext: omni.kit.selection-0.1.6] startup
[python-1] [10.271s] [ext: omni.isaac.lula-4.0.6] startup
[python-1] 2026-09-08T13:29:58Z [10,220ms] [Warning] [omni.isaac.lula] omni.isaac.lula has been deprecated in favor of isaacsim.robot_motion.lula. Please update your code accordingly.
[python-1] [10.304s] [ext: isaacsim.robot_motion.lula_test_widget-1.0.12] startup
[python-1] [10.313s] [ext: isaacsim.asset.browser-1.3.23] startup
[python-1] [10.482s] [ext: omni.kit.viewport.actions-107.0.2] startup
[python-1] [10.499s] [ext: isaacsim.gui.menu-2.4.4] startup
[python-1] [10.509s] [ext: omni.isaac.manipulators-3.0.7] startup
[python-1] 2026-09-08T13:29:58Z [10,461ms] [Warning] [omni.isaac.manipulators] omni.isaac.manipulators has been deprecated in favor of isaacsim.robot.manipulators. Please update your code accordingly.
[python-1] 2026-09-08T13:29:58Z [10,461ms] [Warning] [omni.isaac.manipulators.controllers] omni.isaac.manipulators has been deprecated in favor of isaacsim.robot.manipulators. Please update your code accordingly.
[python-1] 2026-09-08T13:29:58Z [10,461ms] [Warning] [omni.isaac.manipulators.controllers.pick_place_controller] omni.isaac.manipulators has been deprecated in favor of isaacsim.robot.manipulators. Please update your code accordingly.
[python-1] 2026-09-08T13:29:58Z [10,463ms] [Warning] [omni.isaac.manipulators.controllers.stacking_controller] omni.isaac.manipulators has been deprecated in favor of isaacsim.robot.manipulators. Please update your code accordingly.
[python-1] 2026-09-08T13:29:58Z [10,463ms] [Warning] [omni.isaac.manipulators.grippers] omni.isaac.manipulators has been deprecated in favor of isaacsim.robot.manipulators. Please update your code accordingly.
[python-1] 2026-09-08T13:29:58Z [10,463ms] [Warning] [omni.isaac.manipulators.grippers.gripper] omni.isaac.manipulators has been deprecated in favor of isaacsim.robot.manipulators. Please update your code accordingly.
[python-1] 2026-09-08T13:29:58Z [10,464ms] [Warning] [omni.isaac.manipulators.grippers.parallel_gripper] omni.isaac.manipulators has been deprecated in favor of isaacsim.robot.manipulators. Please update your code accordingly.
[python-1] 2026-09-08T13:29:58Z [10,464ms] [Warning] [omni.isaac.manipulators.grippers.surface_gripper] omni.isaac.manipulators has been deprecated in favor of isaacsim.robot.manipulators. Please update your code accordingly.
[python-1] 2026-09-08T13:29:58Z [10,464ms] [Warning] [omni.isaac.manipulators.manipulators] omni.isaac.manipulators has been deprecated in favor of isaacsim.robot.manipulators. Please update your code accordingly.
[python-1] 2026-09-08T13:29:58Z [10,464ms] [Warning] [omni.isaac.manipulators.manipulators.single_manipulator] omni.isaac.manipulators has been deprecated in favor of isaacsim.robot.manipulators. Please update your code accordingly.
[python-1] [10.520s] [ext: omni.isaac.lula_test_widget-1.0.6] startup
[python-1] 2026-09-08T13:29:58Z [10,465ms] [Warning] [omni.isaac.lula_test_widget] omni.isaac.lula_test_widget has been deprecated in favor of isaacsim.robot_motion.lula_test_widget. Please update your code accordingly.
[python-1] [10.528s] [ext: omni.isaac.asset_browser-1.0.6] startup
[python-1] 2026-09-08T13:29:58Z [10,481ms] [Warning] [omni.isaac.asset_browser] omni.isaac.asset_browser has been deprecated in favor of isaacsim.asset.browser. Please update your code accordingly.
[python-1] [10.537s] [ext: omni.kit.viewport.menubar.display-107.0.3] startup
[python-1] [10.560s] [ext: omni.isaac.menu-1.0.6] startup
[python-1] 2026-09-08T13:29:58Z [10,518ms] [Warning] [omni.isaac.menu] omni.isaac.menu has been deprecated in favor of isaacsim.gui.menu. Please update your code accordingly.
[python-1] [10.575s] [ext: omni.isaac.motion_generation-8.0.7] startup
[python-1] 2026-09-08T13:29:58Z [10,527ms] [Warning] [omni.isaac.motion_generation] omni.isaac.motion_generation has been deprecated in favor of isaacsim.robot_motion.motion_generation. Please update your code accordingly.
[python-1] 2026-09-08T13:29:58Z [10,527ms] [Warning] [omni.isaac.motion_generation.articulation_kinematics_solver] omni.isaac.motion_generation has been deprecated in favor of isaacsim.robot_motion.motion_generation. Please update your code accordingly.
[python-1] 2026-09-08T13:29:58Z [10,534ms] [Warning] [omni.isaac.motion_generation.articulation_motion_policy] omni.isaac.motion_generation has been deprecated in favor of isaacsim.robot_motion.motion_generation. Please update your code accordingly.
[python-1] 2026-09-08T13:29:58Z [10,535ms] [Warning] [omni.isaac.motion_generation.articulation_trajectory] omni.isaac.motion_generation has been deprecated in favor of isaacsim.robot_motion.motion_generation. Please update your code accordingly.
[python-1] 2026-09-08T13:29:58Z [10,535ms] [Warning] [omni.isaac.motion_generation.kinematics_interface] omni.isaac.motion_generation has been deprecated in favor of isaacsim.robot_motion.motion_generation. Please update your code accordingly.
[python-1] 2026-09-08T13:29:58Z [10,536ms] [Warning] [omni.isaac.motion_generation.lula] omni.isaac.motion_generation has been deprecated in favor of isaacsim.robot_motion.motion_generation. Please update your code accordingly.
[python-1] 2026-09-08T13:29:58Z [10,536ms] [Warning] [omni.isaac.motion_generation.lula.kinematics] omni.isaac.motion_generation has been deprecated in favor of isaacsim.robot_motion.motion_generation. Please update your code accordingly.
[python-1] 2026-09-08T13:29:58Z [10,537ms] [Warning] [omni.isaac.motion_generation.lula.motion_policies] omni.isaac.motion_generation has been deprecated in favor of isaacsim.robot_motion.motion_generation. Please update your code accordingly.
[python-1] 2026-09-08T13:29:58Z [10,537ms] [Warning] [omni.isaac.motion_generation.lula.path_planners] omni.isaac.motion_generation has been deprecated in favor of isaacsim.robot_motion.motion_generation. Please update your code accordingly.
[python-1] 2026-09-08T13:29:58Z [10,537ms] [Warning] [omni.isaac.motion_generation.lula.trajectory_generator] omni.isaac.motion_generation has been deprecated in favor of isaacsim.robot_motion.motion_generation. Please update your code accordingly.
[python-1] 2026-09-08T13:29:58Z [10,538ms] [Warning] [omni.isaac.motion_generation.motion_policy_controller] omni.isaac.motion_generation has been deprecated in favor of isaacsim.robot_motion.motion_generation. Please update your code accordingly.
[python-1] 2026-09-08T13:29:58Z [10,538ms] [Warning] [omni.isaac.motion_generation.motion_policy_interface] omni.isaac.motion_generation has been deprecated in favor of isaacsim.robot_motion.motion_generation. Please update your code accordingly.
[python-1] 2026-09-08T13:29:58Z [10,539ms] [Warning] [omni.isaac.motion_generation.path_planner_visualizer] omni.isaac.motion_generation has been deprecated in favor of isaacsim.robot_motion.motion_generation. Please update your code accordingly.
[python-1] 2026-09-08T13:29:58Z [10,539ms] [Warning] [omni.isaac.motion_generation.path_planning_interface] omni.isaac.motion_generation has been deprecated in favor of isaacsim.robot_motion.motion_generation. Please update your code accordingly.
[python-1] 2026-09-08T13:29:58Z [10,540ms] [Warning] [omni.isaac.motion_generation.trajectory] omni.isaac.motion_generation has been deprecated in favor of isaacsim.robot_motion.motion_generation. Please update your code accordingly.
[python-1] 2026-09-08T13:29:58Z [10,540ms] [Warning] [omni.isaac.motion_generation.world_interface] omni.isaac.motion_generation has been deprecated in favor of isaacsim.robot_motion.motion_generation. Please update your code accordingly.
[python-1] [10.596s] [ext: omni.isaac.assets_check-0.3.13] startup
[python-1] 2026-09-08T13:29:58Z [10,548ms] [Warning] [omni.isaac.assets_check] omni.isaac.assets_check has been deprecated in favor of isaacsim.asset.browser. Please update your code accordingly.
[python-1] [10.604s] [ext: isaacsim.gui.sensors.icon-2.0.3] startup
[python-1] [10.650s] [ext: isaacsim.asset.importer.mjcf-2.5.13] startup
[python-1] [10.670s] [ext: omni.sensors.nv.common-3.0.0] startup
[python-1] [10.687s] [ext: isaacsim.sensors.physics-0.4.3] startup
[python-1] [10.696s] [ext: omni.sensors.net-1.0.0] startup
[python-1] [10.707s] [ext: omni.isaac.nucleus-1.0.6] startup
[python-1] 2026-09-08T13:29:58Z [10,654ms] [Warning] [omni.isaac.nucleus] omni.isaac.nucleus has been deprecated in favor of isaacsim.storage.native. Please update your code accordingly.
[controller_server-7] [INFO] [1788874199.105712456] [local_costmap.local_costmap]: Timed out waiting for transform from base_link to odom to become available, tf error: Invalid frame ID "odom" passed to canTransform argument target_frame - frame does not exist
[python-1] 2026-09-08T13:29:58Z [10,655ms] [Warning] [omni.isaac.nucleus.nucleus] omni.isaac.nucleus.nucleus has been deprecated in favor of isaacsim.storage.native. Please update your code accordingly.
[python-1] [10.710s] [ext: omni.sensors.nv.materials-2.0.0] startup
[python-1] [10.720s] [ext: isaacsim.robot.policy.examples-4.1.11] startup
[python-1] [10.724s] [ext: omni.sensors.nv.wpm-3.0.0] startup
[python-1] [10.755s] [ext: omni.sensors.nv.lidar-3.0.0] startup
[python-1] [10.771s] [ext: isaacsim.util.debug_draw-3.1.0] startup
[python-1] [10.777s] [ext: omni.sensors.nv.radar-3.0.0] startup
[python-1] [10.788s] [ext: omni.sensors.nv.ids-2.0.0] startup
[python-1] [10.794s] [ext: isaacsim.core.cloner-1.4.10] startup
[python-1] [10.796s] [ext: isaacsim.sensors.physx-2.3.2] startup
[python-1] [10.807s] [ext: isaacsim.sensors.rtx-15.8.4] startup
[python-1] [10.823s] [ext: isaacsim.sensors.camera-1.3.6] startup
[python-1] [10.861s] [ext: omni.isaac.quadruped-3.0.7] startup
[python-1] 2026-09-08T13:29:59Z [10,816ms] [Warning] [omni.isaac.quadruped] omni.isaac.quadruped has been deprecated in favor of isaacsim.robot.policy.examples. Please update your code accordingly.
[python-1] [10.874s] [ext: omni.isaac.cloner-1.0.7] startup
[python-1] 2026-09-08T13:29:59Z [10,838ms] [Warning] [omni.isaac.cloner] omni.isaac.cloner has been deprecated in favor of isaacsim.core.cloner. Please update your code accordingly.
[python-1] [10.903s] [ext: omni.isaac.range_sensor-4.0.6] startup
[python-1] 2026-09-08T13:29:59Z [10,868ms] [Warning] [omni.isaac.range_sensor] omni.isaac.range_sensor has been deprecated in favor of isaacsim.sensors.physx. Please update your code accordingly.
[python-1] 2026-09-08T13:29:59Z [10,869ms] [Warning] [omni.isaac.range_sensor.commands] omni.isaac.range_sensor.commands has been deprecated in favor of isaacsim.sensors.physx.commands. Please update your code accordingly.
[python-1] [10.926s] [ext: omni.isaac.sensor-13.0.7] startup
[python-1] 2026-09-08T13:29:59Z [10,878ms] [Warning] [omni.isaac.sensor] omni.isaac.sensor has been deprecated in favor of isaacsim.sensors.camera, isaacsim.sensors.physics, isaacsim.sensors.physx, and isaacsim.sensors.rtx. Please update your code accordingly.
[python-1] 2026-09-08T13:29:59Z [10,880ms] [Warning] [omni.isaac.sensor.camera] omni.isaac.sensor.camera has been deprecated in favor of isaacsim.sensors.camera.camera. Please update your code accordingly.
[python-1] 2026-09-08T13:29:59Z [10,886ms] [Warning] [omni.isaac.sensor.camera_view] omni.isaac.sensor.camera_view has been deprecated in favor of isaacsim.sensors.camera.camera_view. Please update your code accordingly.
[python-1] 2026-09-08T13:29:59Z [10,887ms] [Warning] [omni.isaac.sensor.commands] omni.isaac.sensor.commands has been deprecated in favor of isaacsim.sensors.physics.commands, isaacsim.sensors.physx.commands, and isaacsim.sensors.rtx.commands. Please update your code accordingly.
[python-1] 2026-09-08T13:29:59Z [10,893ms] [Warning] [omni.isaac.sensor.contact_sensor] omni.isaac.sensor.contact_sensor has been deprecated in favor of isaacsim.sensors.physics.contact_sensor. Please update your code accordingly.
[python-1] 2026-09-08T13:29:59Z [10,894ms] [Warning] [omni.isaac.sensor.imu_sensor] omni.isaac.sensor.imu_sensor has been deprecated in favor of isaacsim.sensors.physics.imu_sensor. Please update your code accordingly.
[python-1] 2026-09-08T13:29:59Z [10,895ms] [Warning] [omni.isaac.sensor.lidar_rtx] omni.isaac.sensor.lidar_rtx has been deprecated in favor of isaacsim.sensors.rtx.lidar_rtx. Please update your code accordingly.
[python-1] 2026-09-08T13:29:59Z [10,896ms] [Warning] [omni.isaac.sensor.rotating_lidar_physX] omni.isaac.sensor.imu_sensor has been deprecated in favor of isaacsim.sensors.physix.rotating_lidar_physX. Please update your code accordingly.
[python-1] 2026-09-08T13:29:59Z [10,899ms] [Warning] [omni.isaac.sensor.scripts.samples.contact_sensor] omni.isaac.sensor.scripts.samples.contact_sensor has been deprecated in favor of isaacsim.sensors.physics.scripts.samples.contact_sensor. Please update your code accordingly.
[python-1] 2026-09-08T13:29:59Z [10,899ms] [Warning] [omni.isaac.sensor.scripts.samples.imu_sensor] omni.isaac.sensor.scripts.samples.imu_sensor has been deprecated in favor of isaacsim.sensors.physics.scripts.samples.imu_sensor. Please update your code accordingly.
[python-1] 2026-09-08T13:29:59Z [10,900ms] [Warning] [omni.isaac.sensor.scripts.samples.lightbeam_sensor] omni.isaac.sensor.scripts.samples.lightbeam_sensor has been deprecated in favor of isaacsim.sensors.physx.scripts.samples.lightbeam_sensor. Please update your code accordingly.
[python-1] [10.956s] [ext: omni.kit.menu.create-2.0.1] startup
[python-1] [10.971s] [ext: omni.kit.widget.toolbar-2.0.1] startup
[python-1] [11.025s] [ext: omni.kit.manipulator.transform-107.0.0] startup
[python-1] [11.038s] [ext: omni.isaac.core-4.0.7] startup
[python-1] 2026-09-08T13:29:59Z [10,986ms] [Warning] [omni.isaac.core.physics_context.physics_context] omni.isaac.core.physics_context.physics_context has been deprecated in favor of isaacsim.core.api.physics_context.physics_context. Please update your code accordingly.
[python-1] 2026-09-08T13:29:59Z [10,986ms] [Warning] [omni.isaac.core.simulation_context.simulation_context] omni.isaac.core.simulation_context.simulation_context has been deprecated in favor of isaacsim.core.api.simulation_context.simulation_context. Please update your code accordingly.
[python-1] 2026-09-08T13:29:59Z [10,987ms] [Warning] [omni.isaac.core.world.world] omni.isaac.core.world.world has been deprecated in favor of isaacsim.core.api.world.world. Please update your code accordingly.
[python-1] 2026-09-08T13:29:59Z [10,987ms] [Warning] [omni.isaac.core] omni.isaac.core has been deprecated in favor of isaacsim.core.api. Please update your code accordingly.
[python-1] [11.042s] [ext: omni.kit.scripting-107.3.2] startup
[python-1] [11.063s] [ext: omni.kit.manipulator.tool.snap-1.5.13] startup
[python-1] [11.079s] [ext: omni.kit.manipulator.selector-1.1.3] startup
[python-1] [11.085s] [ext: isaacsim.app.about-2.0.11] startup
[python-1] [11.100s] [ext: isaacsim.replicator.behavior-1.1.16] startup
[python-1] [11.103s] [ext: omni.kit.viewport.manipulator.transform-107.0.4] startup
[python-1] [11.111s] [ext: omni.isaac.window.about-2.0.7] startup
[python-1] 2026-09-08T13:29:59Z [11,061ms] [Warning] [omni.isaac.window.about] omni.isaac.window.about has been deprecated in favor of isaacsim.app.about. Please update your code accordingly.
[python-1] 2026-09-08T13:29:59Z [11,061ms] [Warning] [omni.isaac.window.about.about] omni.isaac.window.about.about has been deprecated in favor of isaacsim.app.about.about. Please update your code accordingly.
[python-1] [11.117s] [ext: omni.fabric.commands-1.1.6] startup
[python-1] [11.128s] [ext: omni.kit.manipulator.prim.core-107.0.8] startup
[python-1] [11.146s] [ext: omni.kit.property.audio-1.0.16] startup
[python-1] [11.152s] [ext: omni.kit.property.camera-1.0.10] startup
[python-1] [11.157s] [ext: omni.kit.property.geometry-2.0.4] startup
[python-1] [11.165s] [ext: omni.hydra.scene_api-0.1.2] startup
[python-1] [11.176s] [ext: omni.kit.property.light-1.0.12] startup
[python-1] [11.212s] [ext: omni.kit.manipulator.prim.fabric-107.0.4] startup
[python-1] [11.218s] [ext: omni.kit.manipulator.prim.usd-107.0.3] startup
[python-1] [11.223s] [ext: omni.kit.property.material-1.11.9] startup
[python-1] [11.234s] [ext: omni.kit.property.render-1.2.1] startup
[python-1] [11.240s] [ext: omni.kit.property.transform-1.5.13] startup
[python-1] [11.249s] [ext: isaacsim.gui.property-1.1.3] startup
[python-1] [11.255s] [ext: omni.kit.manipulator.camera-106.0.4] startup
[python-1] [11.267s] [ext: omni.kit.manipulator.prim-107.0.0] startup
[python-1] [11.268s] [ext: omni.isaac.surface_gripper-2.0.6] startup
[python-1] 2026-09-08T13:29:59Z [11,213ms] [Warning] [omni.isaac.surface_gripper] omni.isaac.surface_gripper has been deprecated in favor of isaacsim.robot.surface_gripper. Please update your code accordingly.
[python-1] [11.269s] [ext: omni.kit.manipulator.selection-106.0.1] startup
[python-1] [11.279s] [ext: omni.kit.property.bundle-1.4.1] startup
[python-1] [11.282s] [ext: omni.kit.property.isaac-1.0.6] startup
[python-1] 2026-09-08T13:29:59Z [11,233ms] [Warning] [omni.kit.property.isaac] omni.kit.property.isaac has been deprecated in favor of isaacsim.gui.property. Please update your code accordingly.
[python-1] 2026-09-08T13:29:59Z [11,234ms] [Warning] [omni.kit.property.isaac.widgets] omni.kit.property.isaac.widgets has been deprecated in favor of isaacsim.gui.property.widgets. Please update your code accordingly.
[python-1] [11.289s] [ext: omni.isaac.universal_robots-1.0.6] startup
[python-1] 2026-09-08T13:29:59Z [11,243ms] [Warning] [omni.isaac.universal_robots] omni.isaac.universal_robots has been deprecated in favor of isaacsim.robot.manipulators.examples.universal_robots. Please update your code accordingly.
[python-1] 2026-09-08T13:29:59Z [11,244ms] [Warning] [omni.isaac.universal_robots.kinematics_solver] omni.isaac.franka has been deprecated in favor of isaacsim.robot.manipulators.examples.universal_robots. Please update your code accordingly.
[controller_server-7] [INFO] [1788874199.605717179] [local_costmap.local_costmap]: Timed out waiting for transform from base_link to odom to become available, tf error: Invalid frame ID "odom" passed to canTransform argument target_frame - frame does not exist
[controller_server-7] [INFO] [1788874200.105717105] [local_costmap.local_costmap]: Timed out waiting for transform from base_link to odom to become available, tf error: Invalid frame ID "odom" passed to canTransform argument target_frame - frame does not exist
[python-1] 2026-09-08T13:29:59Z [11,247ms] [Warning] [omni.isaac.universal_robots.ur10] omni.isaac.franka has been deprecated in favor of isaacsim.robot.manipulators.examples.universal_robots. Please update your code accordingly.
[python-1] [11.302s] [ext: omni.isaac.core_nodes-2.0.6] startup
[python-1] 2026-09-08T13:29:59Z [11,256ms] [Warning] [omni.isaac.core_nodes] omni.isaac.core_nodes has been deprecated in favor of isaacsim.core.nodes. Please update your code accordingly.
[python-1] [11.313s] [ext: omni.kit.viewport.menubar.camera-107.0.6] startup
[python-1] [11.338s] [ext: omni.kit.viewport.menubar.lighting-107.3.1] startup
[python-1] [11.347s] [ext: isaacsim.replicator.writers-1.0.17] startup
[python-1] [11.404s] [ext: omni.kit.viewport.menubar.render-107.0.10] startup
[python-1] [11.416s] [ext: omni.kit.viewport.menubar.settings-107.0.3] startup
[python-1] [11.427s] [ext: omni.kit.window.console-1.1.4] startup
[python-1] [11.439s] [ext: isaacsim.replicator.domain_randomization-1.0.16] startup
[python-1] [11.445s] [ext: isaacsim.replicator.examples-1.3.6] startup
[python-1] [11.447s] [ext: omni.ocio-0.1.1] startup
[python-1] [11.468s] [ext: omni.rtx.window.settings-0.6.19] startup
[python-1] [11.491s] [ext: omni.kit.window.status_bar-0.1.9] startup
[python-1] [11.516s] [ext: omni.kit.window.toolbar-2.0.0] startup
[python-1] [11.533s] [ext: omni.replicator.isaac-2.0.8] startup
[python-1] 2026-09-08T13:29:59Z [11,483ms] [Warning] [omni.replicator.isaac] omni.replicator.isaac has been deprecated in favor of isaacsim.replicator.domain_randomization, isaacsim.replicator.examples, isaacsim.replicator.writers. Please update your code accordingly.
[python-1] [11.542s] [ext: omni.replicator.replicator_yaml-2.0.11] startup
[python-1] [11.712s] [ext: omni.rtx.settings.core-0.6.5] startup
[python-1] [11.748s] [ext: omni.usd.metrics.assembler.ui-107.3.1] startup
[python-1] [11.787s] [ext: omni.isaac.utils-2.0.6] startup
[python-1] [11.794s] [ext: semantics.schema.editor-2.0.2] startup
[python-1] [11.814s] [ext: omni.kit.ui.actions-1.0.5] startup
[python-1] [11.821s] [ext: semantics.schema.property-2.0.1] startup
[python-1] [11.828s] [ext: omni.isaac.version-2.0.7] startup
[python-1] 2026-09-08T13:30:00Z [11,777ms] [Warning] [omni.isaac.version] omni.isaac.version has been deprecated in favor of isaacsim.core.version. Please update your code accordingly.
[python-1] [11.833s] [ext: omni.isaac.cortex-1.0.5] startup
[python-1] [11.836s] [ext: omni.anim.curve.core-1.3.1] startup
[python-1] [11.866s] [ext: isaacsim.core.throttling-2.2.2] startup
[python-1] [11.876s] [ext: omni.kit.menu.common-2.0.1] startup
[python-1] [11.885s] [ext: isaacsim.exp.base-5.1.0] startup
[python-1] [11.889s] [ext: isaacsim.exp.base.python-5.1.0] startup
[python-1] [11.896s] Simulation App Starting
[python-1] 2026-09-08T13:30:00Z [12,016ms] [Warning] [omni.fabric.plugin] Warning: attribute viewPickingId not found for bucket id 9
[python-1] 
[python-1] 2026-09-08T13:30:00Z [12,042ms] [Warning] [usdrt.population.plugin] [UsdNoticeHandler] Unhandled attribute type VtArray<std::string> (prim attribute: omni:rtx:material:db:flattener:transmittance_color)
[python-1] 2026-09-08T13:30:00Z [12,042ms] [Warning] [usdrt.population.plugin] [UsdNoticeHandler] Unhandled attribute type VtArray<std::string> (prim attribute: omni:rtx:material:db:flattener:ior_constant)
[python-1] 2026-09-08T13:30:00Z [12,042ms] [Warning] [usdrt.population.plugin] [UsdNoticeHandler] Unhandled attribute type VtArray<std::string> (prim attribute: omni:rtx:material:db:flattener:reflection_roughness_constant)
[python-1] [12.119s] app ready
[controller_server-7] [INFO] [1788874200.605714779] [local_costmap.local_costmap]: Timed out waiting for transform from base_link to odom to become available, tf error: Invalid frame ID "odom" passed to canTransform argument target_frame - frame does not exist
[controller_server-7] [INFO] [1788874201.105715665] [local_costmap.local_costmap]: Timed out waiting for transform from base_link to odom to become available, tf error: Invalid frame ID "odom" passed to canTransform argument target_frame - frame does not exist
[controller_server-7] [INFO] [1788874201.605719776] [local_costmap.local_costmap]: Timed out waiting for transform from base_link to odom to become available, tf error: Invalid frame ID "odom" passed to canTransform argument target_frame - frame does not exist
[controller_server-7] [INFO] [1788874202.105711555] [local_costmap.local_costmap]: Timed out waiting for transform from base_link to odom to become available, tf error: Invalid frame ID "odom" passed to canTransform argument target_frame - frame does not exist
[controller_server-7] [INFO] [1788874202.605715336] [local_costmap.local_costmap]: Timed out waiting for transform from base_link to odom to become available, tf error: Invalid frame ID "odom" passed to canTransform argument target_frame - frame does not exist
[controller_server-7] [INFO] [1788874203.105730977] [local_costmap.local_costmap]: Timed out waiting for transform from base_link to odom to become available, tf error: Invalid frame ID "odom" passed to canTransform argument target_frame - frame does not exist
[controller_server-7] [INFO] [1788874203.605731348] [local_costmap.local_costmap]: Timed out waiting for transform from base_link to odom to become available, tf error: Invalid frame ID "odom" passed to canTransform argument target_frame - frame does not exist
[python-1] Warning: Possible version incompatibility. Attempting to load omni::fabric::IStageReaderWriter with version v0.14 against v0.13.
[controller_server-7] [INFO] [1788874204.105730858] [local_costmap.local_costmap]: Timed out waiting for transform from base_link to odom to become available, tf error: Invalid frame ID "odom" passed to canTransform argument target_frame - frame does not exist
[controller_server-7] [INFO] [1788874204.605731854] [local_costmap.local_costmap]: Timed out waiting for transform from base_link to odom to become available, tf error: Invalid frame ID "odom" passed to canTransform argument target_frame - frame does not exist
[controller_server-7] [INFO] [1788874205.105731252] [local_costmap.local_costmap]: Timed out waiting for transform from base_link to odom to become available, tf error: Invalid frame ID "odom" passed to canTransform argument target_frame - frame does not exist
[controller_server-7] [INFO] [1788874205.605701450] [local_costmap.local_costmap]: Timed out waiting for transform from base_link to odom to become available, tf error: Invalid frame ID "odom" passed to canTransform argument target_frame - frame does not exist
[controller_server-7] [INFO] [1788874206.105729418] [local_costmap.local_costmap]: Timed out waiting for transform from base_link to odom to become available, tf error: Invalid frame ID "odom" passed to canTransform argument target_frame - frame does not exist
[controller_server-7] [INFO] [1788874206.605750161] [local_costmap.local_costmap]: Timed out waiting for transform from base_link to odom to become available, tf error: Invalid frame ID "odom" passed to canTransform argument target_frame - frame does not exist
[controller_server-7] [INFO] [1788874207.105729723] [local_costmap.local_costmap]: Timed out waiting for transform from base_link to odom to become available, tf error: Invalid frame ID "odom" passed to canTransform argument target_frame - frame does not exist
[controller_server-7] [INFO] [1788874207.605751219] [local_costmap.local_costmap]: Timed out waiting for transform from base_link to odom to become available, tf error: Invalid frame ID "odom" passed to canTransform argument target_frame - frame does not exist
[controller_server-7] [INFO] [1788874208.105718626] [local_costmap.local_costmap]: Timed out waiting for transform from base_link to odom to become available, tf error: Invalid frame ID "odom" passed to canTransform argument target_frame - frame does not exist
[controller_server-7] [INFO] [1788874208.605712637] [local_costmap.local_costmap]: Timed out waiting for transform from base_link to odom to become available, tf error: Invalid frame ID "odom" passed to canTransform argument target_frame - frame does not exist
[controller_server-7] [INFO] [1788874209.105724975] [local_costmap.local_costmap]: Timed out waiting for transform from base_link to odom to become available, tf error: Invalid frame ID "odom" passed to canTransform argument target_frame - frame does not exist
[controller_server-7] [INFO] [1788874209.605715844] [local_costmap.local_costmap]: Timed out waiting for transform from base_link to odom to become available, tf error: Invalid frame ID "odom" passed to canTransform argument target_frame - frame does not exist
[controller_server-7] [INFO] [1788874210.105714709] [local_costmap.local_costmap]: Timed out waiting for transform from base_link to odom to become available, tf error: Invalid frame ID "odom" passed to canTransform argument target_frame - frame does not exist
[controller_server-7] [INFO] [1788874210.605713532] [local_costmap.local_costmap]: Timed out waiting for transform from base_link to odom to become available, tf error: Invalid frame ID "odom" passed to canTransform argument target_frame - frame does not exist
[controller_server-7] [INFO] [1788874211.105712619] [local_costmap.local_costmap]: Timed out waiting for transform from base_link to odom to become available, tf error: Invalid frame ID "odom" passed to canTransform argument target_frame - frame does not exist
[python-1] [INFO] [1788874211.157346394] [isaac]: Ideal planar chassis enabled: physics_dt=0.016667, limits=(1.500 m/s, 2.000 rad/s), accelerations=(2.000 m/s^2, 4.000 rad/s^2)
[controller_server-7] [INFO] [1788874211.605717960] [local_costmap.local_costmap]: Timed out waiting for transform from base_link to odom to become available, tf error: Invalid frame ID "odom" passed to canTransform argument target_frame - frame does not exist
[python-1] [15.010s] Simulation App Startup Complete
[python-1] [15.066s] [ext: omni.anim.behavior.schema-107.3.0] startup
[python-1] [15.085s] [ext: omni.anim.asset-107.3.0] startup
[python-1] [15.091s] [ext: omni.debugdraw-0.1.4] startup
[python-1] [15.099s] [ext: omni.anim.retarget.core-107.3.3] startup
[python-1] [15.111s] [ext: omni.anim.graph.core-107.3.4] startup
[python-1] 2026-09-08T13:30:03Z [15,088ms] [Warning] [omni.graph.core._impl._registration.register_python_ogn] Python import process in omni.anim.graph.core failed - 'NoneType' object is not subscriptable. Aborting Python node registration
[python-1] [15.143s] [ext: omni.kit.quicklayout-1.0.8] startup
[python-1] [15.224s] [ext: omni.anim.navigation.core-107.3.8] startup
[python-1] [15.238s] [ext: omni.metropolis.utils-0.1.20] startup
[python-1] [15.330s] [ext: omni.anim.people-0.7.9] startup
[python-1] [15.359s] [ext: omni.usd.schema.scene.visualization-2.0.2] startup
[python-1] [15.367s] [ext: omni.curve.creator-107.0.1] startup
[python-1] [15.372s] [ext: omni.kit.browser.sample-1.4.9] startup
[python-1] [15.446s] [ext: omni.scene.visualization.core-107.0.2] startup
[python-1] [15.460s] [ext: omni.curve.manipulator-107.0.4] startup
[python-1] [15.570s] [ext: omni.anim.navigation.ui-107.3.6] startup
[python-1] [15.753s] [ext: omni.anim.navigation.bundle-107.3.3] startup
[python-1] [15.768s] [ext: omni.anim.timeline-107.0.0] startup
[python-1] [15.793s] [ext: omni.kit.widget.text_editor-1.1.1] startup
[python-1] [15.805s] [ext: omni.graph.ui-1.101.6] startup
[python-1] [15.906s] [ext: omni.kit.widget.imageview-1.0.4] startup
[python-1] [15.907s] [ext: omni.ramp-107.0.1] startup
[python-1] [16.248s] [ext: omni.kit.window.quicksearch-2.4.4] startup
[python-1] [16.256s] [ext: omni.genproc.core-107.0.3] startup
[python-1] [16.282s] [ext: omni.kit.graph.widget.variables-2.1.0] startup
[python-1] [16.287s] [ext: omni.graph.io-1.30.1] startup
[python-1] 2026-09-08T13:30:04Z [16,233ms] [Warning] [omni.graph.io._impl.extension] omni.graph.io is deprecated. Nodes in this extension have been moved to omni.graph.nodes. Update any dependencies accordingly.
[python-1] [16.291s] [ext: omni.graph.bundle.action-2.30.0] startup
[python-1] [16.295s] [ext: omni.kit.graph.delegate.modern-1.10.9] startup
[python-1] [16.299s] [ext: omni.anim.graph.ui-107.3.3] startup
[python-1] [16.487s] [ext: omni.anim.graph.bundle-107.3.3] startup
[python-1] [16.516s] [ext: omni.kit.preferences.animation-1.2.0] startup
[python-1] [16.526s] [ext: omni.anim.skelJoint-107.3.3] startup
[python-1] [16.541s] [ext: omni.anim.widget.timeline-0.1.14] startup
[python-1] 2026-09-08T13:30:04Z [16,495ms] [Warning] [omni.anim.widget.timeline.views.timeline_view] Could not import omni.kit.window.cursor
[python-1] [16.553s] [ext: omni.kit.widget.layers-1.8.6] startup
[python-1] [16.657s] [ext: omni.anim.retarget.preview-107.3.3] startup
[python-1] [16.799s] [ext: omni.anim.retarget.ui-107.3.3] startup
[python-1] [16.898s] [ext: omni.anim.retarget.bundle-107.3.3] startup
[python-1] 2026-09-08T13:30:07Z [19,324ms] [Warning] [omni.anim.graph.core.plugin] CharacterManager::Shutdown() called without a prior successful call to CharacterManager::Initialize().
[python-1] [19.488s] [ext: isaacsim.ros2.bridge-4.12.4] startup
[python-1] [19.587s] Attempting to load system rclpy
[python-1] [19.604s] rclpy loaded
[python-1] 2026-09-08T13:30:09Z [21,675ms] [Warning] [carb.windowing-glfw.plugin] GLFW initialization failed.
[python-1] 2026-09-08T13:30:09Z [21,675ms] [Warning] [carb] Failed to startup plugin carb.windowing-glfw.plugin (interfaces: [carb::windowing::IGLContext v1.0],[carb::windowing::IWindowing v1.5]) (impl: carb.windowing-glfw.plugin)
[python-1] 2026-09-08T13:30:10Z [21,684ms] [Warning] [carb.windowing-glfw.plugin] GLFW initialization failed.
[python-1] 2026-09-08T13:30:10Z [21,684ms] [Warning] [carb] Failed to startup plugin carb.windowing-glfw.plugin (interfaces: [carb::windowing::IGLContext v1.0],[carb::windowing::IWindowing v1.5]) (impl: carb.windowing-glfw.plugin)
[python-1] 2026-09-08T13:30:10Z [21,686ms] [Warning] [carb.windowing-glfw.plugin] GLFW initialization failed.
[python-1] 2026-09-08T13:30:10Z [21,686ms] [Warning] [carb] Failed to startup plugin carb.windowing-glfw.plugin (interfaces: [carb::windowing::IGLContext v1.0],[carb::windowing::IWindowing v1.5]) (impl: carb.windowing-glfw.plugin)
[python-1] 2026-09-08T13:30:11Z [23,028ms] [Warning] [omni.timeline.plugin] Deprecated: direct use of ITimeline callbacks is deprecated. Use ITimeline::getTimeline (Python: omni.timeline.get_timeline_interface) instead.
[python-1] 2026-09-08T13:30:11Z [23,396ms] [Warning] [omni.kit.viewport.menubar.lighting.actions] Not able to set the lighting mode, no lighting rig found for Stage Lights
[controller_server-7] [INFO] [1788874212.105732519] [local_costmap.local_costmap]: Timed out waiting for transform from base_link to odom to become available, tf error: Invalid frame ID "odom" passed to canTransform argument target_frame - frame does not exist
[scene_bridge-2] [INFO] [1788874212.181466681] [arena_scene_bridge]: SCENE_WALLS_OK count=4 world=map_empty
[controller_server-7] [INFO] [1788874212.605727423] [local_costmap.local_costmap]: Timed out waiting for transform from base_link to odom to become available, tf error: Invalid frame ID "odom" passed to canTransform argument target_frame - frame does not exist
[python-1] 2026-09-08T13:30:12Z [24,193ms] [Warning] [isaacsim.asset.importer.urdf] Creating Asset in an in-memory stage, will not create layered structure
[python-1] 2026-09-08T13:30:12Z [24,243ms] [Warning] [isaacsim.asset.importer.urdf] No mass specified for link base_link
[python-1] 2026-09-08T13:30:12Z [24,244ms] [Warning] [omni.usd] Warning: in _ReportErrors at line 3172 of /builds/omniverse/usd-ci/USD/pxr/usd/usd/stage.cpp -- In </jackal/base_link/visuals>: Unresolved reference prim path @anon:0x5e13d4e3bf50:World1.usd@</visuals/base_link> introduced by @anon:0x5e13d4e3bf50:World1.usd@</jackal/base_link/visuals> (recomposing stage on stage @anon:0x5e13d4e3bf50:World1.usd@ <0x5e13d7dc4330>)
[python-1] 
[python-1] 2026-09-08T13:30:12Z [24,244ms] [Warning] [omni.usd] Warning: in _ReportErrors at line 3172 of /builds/omniverse/usd-ci/USD/pxr/usd/usd/stage.cpp -- In </jackal/base_link/visuals>: Unresolved reference prim path @anon:0x5e13d4e3bf50:World1.usd@</visuals/base_link> introduced by @anon:0x5e13d4e3bf50:World1.usd@</jackal/base_link/visuals> (recomposing stage on stage @anon:0x5e13d4e3bf50:World1.usd@ <0x5e13d7dc4330>)
[python-1] 
[python-1] 2026-09-08T13:30:12Z [24,244ms] [Warning] [omni.usd] Warning: in _ReportErrors at line 3172 of /builds/omniverse/usd-ci/USD/pxr/usd/usd/stage.cpp -- In </jackal/base_link/visuals>: Unresolved reference prim path @anon:0x5e13d4e3bf50:World1.usd@</visuals/base_link> introduced by @anon:0x5e13d4e3bf50:World1.usd@</jackal/base_link/visuals> (recomposing stage on stage @anon:0x5e13d4e3bf50:World1.usd@ <0x5e13d7dc4330>)
[python-1] 
[python-1] 2026-09-08T13:30:12Z [24,244ms] [Warning] [omni.usd] Warning: in _ReportErrors at line 3172 of /builds/omniverse/usd-ci/USD/pxr/usd/usd/stage.cpp -- In </jackal/base_link/visuals>: Unresolved reference prim path @anon:0x5e13d4e3bf50:World1.usd@</visuals/base_link> introduced by @anon:0x5e13d4e3bf50:World1.usd@</jackal/base_link/visuals> (recomposing stage on stage @anon:0x5e13d4e3bf50:World1.usd@ <0x5e13d7dc4330>)
[python-1] 
[python-1] 2026-09-08T13:30:12Z [24,244ms] [Warning] [omni.usd] Warning: in _ReportErrors at line 3172 of /builds/omniverse/usd-ci/USD/pxr/usd/usd/stage.cpp -- In </jackal/base_link/visuals>: Unresolved reference prim path @anon:0x5e13d4e3bf50:World1.usd@</visuals/base_link> introduced by @anon:0x5e13d4e3bf50:World1.usd@</jackal/base_link/visuals> (recomposing stage on stage @anon:0x5e13d4e3bf50:World1.usd@ <0x5e13d7dc4330>)
[python-1] 
[python-1] 2026-09-08T13:30:12Z [24,244ms] [Warning] [omni.usd] Warning: in _ReportErrors at line 3172 of /builds/omniverse/usd-ci/USD/pxr/usd/usd/stage.cpp -- In </jackal/base_link/visuals>: Unresolved reference prim path @anon:0x5e13d4e3bf50:World1.usd@</visuals/base_link> introduced by @anon:0x5e13d4e3bf50:World1.usd@</jackal/base_link/visuals> (recomposing stage on stage @anon:0x5e13d4e3bf50:World1.usd@ <0x5e13d7dc4330>)
[python-1] 
[python-1] 2026-09-08T13:30:12Z [24,246ms] [Warning] [isaacsim.asset.importer.urdf] Link base_link has no colliders, and no inertia was imported; assigning a small isotropic inertia matrix
[python-1] 2026-09-08T13:30:12Z [24,311ms] [Warning] [isaacsim.asset.importer.urdf] No mass specified for link front_fender_link
[python-1] 2026-09-08T13:30:12Z [24,338ms] [Warning] [isaacsim.asset.importer.urdf] Link front_fender_link has no colliders, and no inertia was imported; assigning a small isotropic inertia matrix
[python-1] 2026-09-08T13:30:12Z [24,468ms] [Warning] [isaacsim.asset.importer.urdf] No mass specified for link imu_link
[python-1] 2026-09-08T13:30:12Z [24,469ms] [Warning] [omni.usd] Warning: in _ReportErrors at line 3172 of /builds/omniverse/usd-ci/USD/pxr/usd/usd/stage.cpp -- In </jackal/imu_link/visuals>: Unresolved reference prim path @anon:0x5e13d4e3bf50:World1.usd@</visuals/imu_link> introduced by @anon:0x5e13d4e3bf50:World1.usd@</jackal/imu_link/visuals> (recomposing stage on stage @anon:0x5e13d4e3bf50:World1.usd@ <0x5e13d7dc4330>)
[python-1] 
[python-1] 2026-09-08T13:30:12Z [24,469ms] [Warning] [omni.usd] Warning: in _ReportErrors at line 3172 of /builds/omniverse/usd-ci/USD/pxr/usd/usd/stage.cpp -- In </jackal/imu_link/visuals>: Unresolved reference prim path @anon:0x5e13d4e3bf50:World1.usd@</visuals/imu_link> introduced by @anon:0x5e13d4e3bf50:World1.usd@</jackal/imu_link/visuals> (recomposing stage on stage @anon:0x5e13d4e3bf50:World1.usd@ <0x5e13d7dc4330>)
[python-1] 
[python-1] 2026-09-08T13:30:12Z [24,469ms] [Warning] [omni.usd] Warning: in _ReportErrors at line 3172 of /builds/omniverse/usd-ci/USD/pxr/usd/usd/stage.cpp -- In </jackal/imu_link/visuals>: Unresolved reference prim path @anon:0x5e13d4e3bf50:World1.usd@</visuals/imu_link> introduced by @anon:0x5e13d4e3bf50:World1.usd@</jackal/imu_link/visuals> (recomposing stage on stage @anon:0x5e13d4e3bf50:World1.usd@ <0x5e13d7dc4330>)
[python-1] 
[python-1] 2026-09-08T13:30:12Z [24,470ms] [Warning] [omni.usd] Warning: in _ReportErrors at line 3172 of /builds/omniverse/usd-ci/USD/pxr/usd/usd/stage.cpp -- In </jackal/imu_link/visuals>: Unresolved reference prim path @anon:0x5e13d4e3bf50:World1.usd@</visuals/imu_link> introduced by @anon:0x5e13d4e3bf50:World1.usd@</jackal/imu_link/visuals> (recomposing stage on stage @anon:0x5e13d4e3bf50:World1.usd@ <0x5e13d7dc4330>)
[python-1] 
[python-1] 2026-09-08T13:30:12Z [24,470ms] [Warning] [omni.usd] Warning: in _ReportErrors at line 3172 of /builds/omniverse/usd-ci/USD/pxr/usd/usd/stage.cpp -- In </jackal/imu_link/visuals>: Unresolved reference prim path @anon:0x5e13d4e3bf50:World1.usd@</visuals/imu_link> introduced by @anon:0x5e13d4e3bf50:World1.usd@</jackal/imu_link/visuals> (recomposing stage on stage @anon:0x5e13d4e3bf50:World1.usd@ <0x5e13d7dc4330>)
[python-1] 
[python-1] 2026-09-08T13:30:12Z [24,470ms] [Warning] [omni.usd] Warning: in _ReportErrors at line 3172 of /builds/omniverse/usd-ci/USD/pxr/usd/usd/stage.cpp -- In </jackal/imu_link/visuals>: Unresolved reference prim path @anon:0x5e13d4e3bf50:World1.usd@</visuals/imu_link> introduced by @anon:0x5e13d4e3bf50:World1.usd@</jackal/imu_link/visuals> (recomposing stage on stage @anon:0x5e13d4e3bf50:World1.usd@ <0x5e13d7dc4330>)
[python-1] 
[python-1] 2026-09-08T13:30:12Z [24,471ms] [Warning] [isaacsim.asset.importer.urdf] Link imu_link has no colliders, and no inertia was imported; assigning a small isotropic inertia matrix
[python-1] 2026-09-08T13:30:12Z [24,488ms] [Warning] [isaacsim.asset.importer.urdf] No mass specified for link lidar_link
[python-1] 2026-09-08T13:30:12Z [24,526ms] [Warning] [isaacsim.asset.importer.urdf] No mass specified for link mid_mount
[python-1] 2026-09-08T13:30:12Z [24,527ms] [Warning] [omni.usd] Warning: in _ReportErrors at line 3172 of /builds/omniverse/usd-ci/USD/pxr/usd/usd/stage.cpp -- In </jackal/mid_mount/visuals>: Unresolved reference prim path @anon:0x5e13d4e3bf50:World1.usd@</visuals/mid_mount> introduced by @anon:0x5e13d4e3bf50:World1.usd@</jackal/mid_mount/visuals> (recomposing stage on stage @anon:0x5e13d4e3bf50:World1.usd@ <0x5e13d7dc4330>)
[python-1] 
[python-1] 2026-09-08T13:30:12Z [24,527ms] [Warning] [omni.usd] Warning: in _ReportErrors at line 3172 of /builds/omniverse/usd-ci/USD/pxr/usd/usd/stage.cpp -- In </jackal/mid_mount/visuals>: Unresolved reference prim path @anon:0x5e13d4e3bf50:World1.usd@</visuals/mid_mount> introduced by @anon:0x5e13d4e3bf50:World1.usd@</jackal/mid_mount/visuals> (recomposing stage on stage @anon:0x5e13d4e3bf50:World1.usd@ <0x5e13d7dc4330>)
[python-1] 
[python-1] 2026-09-08T13:30:12Z [24,527ms] [Warning] [omni.usd] Warning: in _ReportErrors at line 3172 of /builds/omniverse/usd-ci/USD/pxr/usd/usd/stage.cpp -- In </jackal/mid_mount/visuals>: Unresolved reference prim path @anon:0x5e13d4e3bf50:World1.usd@</visuals/mid_mount> introduced by @anon:0x5e13d4e3bf50:World1.usd@</jackal/mid_mount/visuals> (recomposing stage on stage @anon:0x5e13d4e3bf50:World1.usd@ <0x5e13d7dc4330>)
[python-1] 
[python-1] 2026-09-08T13:30:12Z [24,527ms] [Warning] [omni.usd] Warning: in _ReportErrors at line 3172 of /builds/omniverse/usd-ci/USD/pxr/usd/usd/stage.cpp -- In </jackal/mid_mount/visuals>: Unresolved reference prim path @anon:0x5e13d4e3bf50:World1.usd@</visuals/mid_mount> introduced by @anon:0x5e13d4e3bf50:World1.usd@</jackal/mid_mount/visuals> (recomposing stage on stage @anon:0x5e13d4e3bf50:World1.usd@ <0x5e13d7dc4330>)
[python-1] 
[python-1] 2026-09-08T13:30:12Z [24,527ms] [Warning] [omni.usd] Warning: in _ReportErrors at line 3172 of /builds/omniverse/usd-ci/USD/pxr/usd/usd/stage.cpp -- In </jackal/mid_mount/visuals>: Unresolved reference prim path @anon:0x5e13d4e3bf50:World1.usd@</visuals/mid_mount> introduced by @anon:0x5e13d4e3bf50:World1.usd@</jackal/mid_mount/visuals> (recomposing stage on stage @anon:0x5e13d4e3bf50:World1.usd@ <0x5e13d7dc4330>)
[python-1] 
[python-1] 2026-09-08T13:30:12Z [24,527ms] [Warning] [omni.usd] Warning: in _ReportErrors at line 3172 of /builds/omniverse/usd-ci/USD/pxr/usd/usd/stage.cpp -- In </jackal/mid_mount/visuals>: Unresolved reference prim path @anon:0x5e13d4e3bf50:World1.usd@</visuals/mid_mount> introduced by @anon:0x5e13d4e3bf50:World1.usd@</jackal/mid_mount/visuals> (recomposing stage on stage @anon:0x5e13d4e3bf50:World1.usd@ <0x5e13d7dc4330>)
[python-1] 
[python-1] 2026-09-08T13:30:12Z [24,529ms] [Warning] [isaacsim.asset.importer.urdf] Link mid_mount has no colliders, and no inertia was imported; assigning a small isotropic inertia matrix
[python-1] 2026-09-08T13:30:12Z [24,545ms] [Warning] [isaacsim.asset.importer.urdf] No mass specified for link front_mount
[python-1] 2026-09-08T13:30:12Z [24,546ms] [Warning] [omni.usd] Warning: in _ReportErrors at line 3172 of /builds/omniverse/usd-ci/USD/pxr/usd/usd/stage.cpp -- In </jackal/front_mount/visuals>: Unresolved reference prim path @anon:0x5e13d4e3bf50:World1.usd@</visuals/front_mount> introduced by @anon:0x5e13d4e3bf50:World1.usd@</jackal/front_mount/visuals> (recomposing stage on stage @anon:0x5e13d4e3bf50:World1.usd@ <0x5e13d7dc4330>)
[python-1] 
[python-1] 2026-09-08T13:30:12Z [24,546ms] [Warning] [omni.usd] Warning: in _ReportErrors at line 3172 of /builds/omniverse/usd-ci/USD/pxr/usd/usd/stage.cpp -- In </jackal/front_mount/visuals>: Unresolved reference prim path @anon:0x5e13d4e3bf50:World1.usd@</visuals/front_mount> introduced by @anon:0x5e13d4e3bf50:World1.usd@</jackal/front_mount/visuals> (recomposing stage on stage @anon:0x5e13d4e3bf50:World1.usd@ <0x5e13d7dc4330>)
[python-1] 
[python-1] 2026-09-08T13:30:12Z [24,546ms] [Warning] [omni.usd] Warning: in _ReportErrors at line 3172 of /builds/omniverse/usd-ci/USD/pxr/usd/usd/stage.cpp -- In </jackal/front_mount/visuals>: Unresolved reference prim path @anon:0x5e13d4e3bf50:World1.usd@</visuals/front_mount> introduced by @anon:0x5e13d4e3bf50:World1.usd@</jackal/front_mount/visuals> (recomposing stage on stage @anon:0x5e13d4e3bf50:World1.usd@ <0x5e13d7dc4330>)
[python-1] 
[python-1] 2026-09-08T13:30:12Z [24,547ms] [Warning] [omni.usd] Warning: in _ReportErrors at line 3172 of /builds/omniverse/usd-ci/USD/pxr/usd/usd/stage.cpp -- In </jackal/front_mount/visuals>: Unresolved reference prim path @anon:0x5e13d4e3bf50:World1.usd@</visuals/front_mount> introduced by @anon:0x5e13d4e3bf50:World1.usd@</jackal/front_mount/visuals> (recomposing stage on stage @anon:0x5e13d4e3bf50:World1.usd@ <0x5e13d7dc4330>)
[python-1] 
[python-1] 2026-09-08T13:30:12Z [24,547ms] [Warning] [omni.usd] Warning: in _ReportErrors at line 3172 of /builds/omniverse/usd-ci/USD/pxr/usd/usd/stage.cpp -- In </jackal/front_mount/visuals>: Unresolved reference prim path @anon:0x5e13d4e3bf50:World1.usd@</visuals/front_mount> introduced by @anon:0x5e13d4e3bf50:World1.usd@</jackal/front_mount/visuals> (recomposing stage on stage @anon:0x5e13d4e3bf50:World1.usd@ <0x5e13d7dc4330>)
[python-1] 
[python-1] 2026-09-08T13:30:12Z [24,547ms] [Warning] [omni.usd] Warning: in _ReportErrors at line 3172 of /builds/omniverse/usd-ci/USD/pxr/usd/usd/stage.cpp -- In </jackal/front_mount/visuals>: Unresolved reference prim path @anon:0x5e13d4e3bf50:World1.usd@</visuals/front_mount> introduced by @anon:0x5e13d4e3bf50:World1.usd@</jackal/front_mount/visuals> (recomposing stage on stage @anon:0x5e13d4e3bf50:World1.usd@ <0x5e13d7dc4330>)
[python-1] 
[python-1] 2026-09-08T13:30:12Z [24,548ms] [Warning] [isaacsim.asset.importer.urdf] Link front_mount has no colliders, and no inertia was imported; assigning a small isotropic inertia matrix
[python-1] 2026-09-08T13:30:12Z [24,565ms] [Warning] [isaacsim.asset.importer.urdf] No mass specified for link rear_mount
[python-1] 2026-09-08T13:30:12Z [24,566ms] [Warning] [omni.usd] Warning: in _ReportErrors at line 3172 of /builds/omniverse/usd-ci/USD/pxr/usd/usd/stage.cpp -- In </jackal/rear_mount/visuals>: Unresolved reference prim path @anon:0x5e13d4e3bf50:World1.usd@</visuals/rear_mount> introduced by @anon:0x5e13d4e3bf50:World1.usd@</jackal/rear_mount/visuals> (recomposing stage on stage @anon:0x5e13d4e3bf50:World1.usd@ <0x5e13d7dc4330>)
[python-1] 
[python-1] 2026-09-08T13:30:12Z [24,566ms] [Warning] [omni.usd] Warning: in _ReportErrors at line 3172 of /builds/omniverse/usd-ci/USD/pxr/usd/usd/stage.cpp -- In </jackal/rear_mount/visuals>: Unresolved reference prim path @anon:0x5e13d4e3bf50:World1.usd@</visuals/rear_mount> introduced by @anon:0x5e13d4e3bf50:World1.usd@</jackal/rear_mount/visuals> (recomposing stage on stage @anon:0x5e13d4e3bf50:World1.usd@ <0x5e13d7dc4330>)
[python-1] 
[python-1] 2026-09-08T13:30:12Z [24,566ms] [Warning] [omni.usd] Warning: in _ReportErrors at line 3172 of /builds/omniverse/usd-ci/USD/pxr/usd/usd/stage.cpp -- In </jackal/rear_mount/visuals>: Unresolved reference prim path @anon:0x5e13d4e3bf50:World1.usd@</visuals/rear_mount> introduced by @anon:0x5e13d4e3bf50:World1.usd@</jackal/rear_mount/visuals> (recomposing stage on stage @anon:0x5e13d4e3bf50:World1.usd@ <0x5e13d7dc4330>)
[python-1] 
[python-1] 2026-09-08T13:30:12Z [24,566ms] [Warning] [omni.usd] Warning: in _ReportErrors at line 3172 of /builds/omniverse/usd-ci/USD/pxr/usd/usd/stage.cpp -- In </jackal/rear_mount/visuals>: Unresolved reference prim path @anon:0x5e13d4e3bf50:World1.usd@</visuals/rear_mount> introduced by @anon:0x5e13d4e3bf50:World1.usd@</jackal/rear_mount/visuals> (recomposing stage on stage @anon:0x5e13d4e3bf50:World1.usd@ <0x5e13d7dc4330>)
[python-1] 
[python-1] 2026-09-08T13:30:12Z [24,566ms] [Warning] [omni.usd] Warning: in _ReportErrors at line 3172 of /builds/omniverse/usd-ci/USD/pxr/usd/usd/stage.cpp -- In </jackal/rear_mount/visuals>: Unresolved reference prim path @anon:0x5e13d4e3bf50:World1.usd@</visuals/rear_mount> introduced by @anon:0x5e13d4e3bf50:World1.usd@</jackal/rear_mount/visuals> (recomposing stage on stage @anon:0x5e13d4e3bf50:World1.usd@ <0x5e13d7dc4330>)
[python-1] 
[python-1] 2026-09-08T13:30:12Z [24,566ms] [Warning] [omni.usd] Warning: in _ReportErrors at line 3172 of /builds/omniverse/usd-ci/USD/pxr/usd/usd/stage.cpp -- In </jackal/rear_mount/visuals>: Unresolved reference prim path @anon:0x5e13d4e3bf50:World1.usd@</visuals/rear_mount> introduced by @anon:0x5e13d4e3bf50:World1.usd@</jackal/rear_mount/visuals> (recomposing stage on stage @anon:0x5e13d4e3bf50:World1.usd@ <0x5e13d7dc4330>)
[python-1] 
[python-1] 2026-09-08T13:30:12Z [24,568ms] [Warning] [isaacsim.asset.importer.urdf] Link rear_mount has no colliders, and no inertia was imported; assigning a small isotropic inertia matrix
[python-1] 2026-09-08T13:30:12Z [24,584ms] [Warning] [isaacsim.asset.importer.urdf] No mass specified for link navsat_link
[python-1] 2026-09-08T13:30:12Z [24,596ms] [Warning] [isaacsim.asset.importer.urdf] Link navsat_link has no colliders, and no inertia was imported; assigning a small isotropic inertia matrix
[python-1] 2026-09-08T13:30:12Z [24,613ms] [Warning] [isaacsim.asset.importer.urdf] No mass specified for link rear_fender_link
[python-1] 2026-09-08T13:30:12Z [24,624ms] [Warning] [isaacsim.asset.importer.urdf] Link rear_fender_link has no colliders, and no inertia was imported; assigning a small isotropic inertia matrix
[python-1] 2026-09-08T13:30:13Z [24,742ms] [Warning] [omni.usd] Warning: in _ReportErrors at line 3172 of /builds/omniverse/usd-ci/USD/pxr/usd/usd/stage.cpp -- In </World/arena_robot/front_mount/visuals>: Unresolved reference prim path @anon:0x5e13d4e3bf50:World1.usd@</visuals/front_mount> introduced by @anon:0x5e13d4e3bf50:World1.usd@</World/arena_robot/front_mount/visuals> (recomposing stage on stage @anon:0x5e13d4e3bf50:World1.usd@ <0x5e13d7dc4330>)
[python-1] 
[python-1] 2026-09-08T13:30:13Z [24,742ms] [Warning] [omni.usd] Warning: in _ReportErrors at line 3172 of /builds/omniverse/usd-ci/USD/pxr/usd/usd/stage.cpp -- In </World/arena_robot/front_mount/visuals>: Unresolved reference prim path @anon:0x5e13d4e3bf50:World1.usd@</visuals/front_mount> introduced by @anon:0x5e13d4e3bf50:World1.usd@</World/arena_robot/front_mount/visuals> (recomposing stage on stage @anon:0x5e13d4e3bf50:World1.usd@ <0x5e13d7dc4330>)
[python-1] 
[python-1] 2026-09-08T13:30:13Z [24,742ms] [Warning] [omni.usd] Warning: in _ReportErrors at line 3172 of /builds/omniverse/usd-ci/USD/pxr/usd/usd/stage.cpp -- In </World/arena_robot/front_mount/visuals>: Unresolved reference prim path @anon:0x5e13d4e3bf50:World1.usd@</visuals/front_mount> introduced by @anon:0x5e13d4e3bf50:World1.usd@</World/arena_robot/front_mount/visuals> (recomposing stage on stage @anon:0x5e13d4e3bf50:World1.usd@ <0x5e13d7dc4330>)
[python-1] 
[python-1] 2026-09-08T13:30:13Z [24,742ms] [Warning] [omni.usd] Warning: in _ReportErrors at line 3172 of /builds/omniverse/usd-ci/USD/pxr/usd/usd/stage.cpp -- In </World/arena_robot/rear_mount/visuals>: Unresolved reference prim path @anon:0x5e13d4e3bf50:World1.usd@</visuals/rear_mount> introduced by @anon:0x5e13d4e3bf50:World1.usd@</World/arena_robot/rear_mount/visuals> (recomposing stage on stage @anon:0x5e13d4e3bf50:World1.usd@ <0x5e13d7dc4330>)
[python-1] 
[python-1] 2026-09-08T13:30:13Z [24,742ms] [Warning] [omni.usd] Warning: in _ReportErrors at line 3172 of /builds/omniverse/usd-ci/USD/pxr/usd/usd/stage.cpp -- In </World/arena_robot/rear_mount/visuals>: Unresolved reference prim path @anon:0x5e13d4e3bf50:World1.usd@</visuals/rear_mount> introduced by @anon:0x5e13d4e3bf50:World1.usd@</World/arena_robot/rear_mount/visuals> (recomposing stage on stage @anon:0x5e13d4e3bf50:World1.usd@ <0x5e13d7dc4330>)
[python-1] 
[python-1] 2026-09-08T13:30:13Z [24,742ms] [Warning] [omni.usd] Warning: in _ReportErrors at line 3172 of /builds/omniverse/usd-ci/USD/pxr/usd/usd/stage.cpp -- In </World/arena_robot/rear_mount/visuals>: Unresolved reference prim path @anon:0x5e13d4e3bf50:World1.usd@</visuals/rear_mount> introduced by @anon:0x5e13d4e3bf50:World1.usd@</World/arena_robot/rear_mount/visuals> (recomposing stage on stage @anon:0x5e13d4e3bf50:World1.usd@ <0x5e13d7dc4330>)
[python-1] 
[python-1] 2026-09-08T13:30:13Z [24,742ms] [Warning] [omni.usd] Warning: in _ReportErrors at line 3172 of /builds/omniverse/usd-ci/USD/pxr/usd/usd/stage.cpp -- In </World/arena_robot/mid_mount/visuals>: Unresolved reference prim path @anon:0x5e13d4e3bf50:World1.usd@</visuals/mid_mount> introduced by @anon:0x5e13d4e3bf50:World1.usd@</World/arena_robot/mid_mount/visuals> (recomposing stage on stage @anon:0x5e13d4e3bf50:World1.usd@ <0x5e13d7dc4330>)
[python-1] 
[python-1] 2026-09-08T13:30:13Z [24,742ms] [Warning] [omni.usd] Warning: in _ReportErrors at line 3172 of /builds/omniverse/usd-ci/USD/pxr/usd/usd/stage.cpp -- In </World/arena_robot/mid_mount/visuals>: Unresolved reference prim path @anon:0x5e13d4e3bf50:World1.usd@</visuals/mid_mount> introduced by @anon:0x5e13d4e3bf50:World1.usd@</World/arena_robot/mid_mount/visuals> (recomposing stage on stage @anon:0x5e13d4e3bf50:World1.usd@ <0x5e13d7dc4330>)
[python-1] 
[python-1] 2026-09-08T13:30:13Z [24,742ms] [Warning] [omni.usd] Warning: in _ReportErrors at line 3172 of /builds/omniverse/usd-ci/USD/pxr/usd/usd/stage.cpp -- In </World/arena_robot/mid_mount/visuals>: Unresolved reference prim path @anon:0x5e13d4e3bf50:World1.usd@</visuals/mid_mount> introduced by @anon:0x5e13d4e3bf50:World1.usd@</World/arena_robot/mid_mount/visuals> (recomposing stage on stage @anon:0x5e13d4e3bf50:World1.usd@ <0x5e13d7dc4330>)
[python-1] 
[python-1] 2026-09-08T13:30:13Z [24,742ms] [Warning] [omni.usd] Warning: in _ReportErrors at line 3172 of /builds/omniverse/usd-ci/USD/pxr/usd/usd/stage.cpp -- In </World/arena_robot/base_link/visuals>: Unresolved reference prim path @anon:0x5e13d4e3bf50:World1.usd@</visuals/base_link> introduced by @anon:0x5e13d4e3bf50:World1.usd@</World/arena_robot/base_link/visuals> (recomposing stage on stage @anon:0x5e13d4e3bf50:World1.usd@ <0x5e13d7dc4330>)
[python-1] 
[python-1] 2026-09-08T13:30:13Z [24,742ms] [Warning] [omni.usd] Warning: in _ReportErrors at line 3172 of /builds/omniverse/usd-ci/USD/pxr/usd/usd/stage.cpp -- In </World/arena_robot/base_link/visuals>: Unresolved reference prim path @anon:0x5e13d4e3bf50:World1.usd@</visuals/base_link> introduced by @anon:0x5e13d4e3bf50:World1.usd@</World/arena_robot/base_link/visuals> (recomposing stage on stage @anon:0x5e13d4e3bf50:World1.usd@ <0x5e13d7dc4330>)
[python-1] 
[python-1] 2026-09-08T13:30:13Z [24,742ms] [Warning] [omni.usd] Warning: in _ReportErrors at line 3172 of /builds/omniverse/usd-ci/USD/pxr/usd/usd/stage.cpp -- In </World/arena_robot/base_link/visuals>: Unresolved reference prim path @anon:0x5e13d4e3bf50:World1.usd@</visuals/base_link> introduced by @anon:0x5e13d4e3bf50:World1.usd@</World/arena_robot/base_link/visuals> (recomposing stage on stage @anon:0x5e13d4e3bf50:World1.usd@ <0x5e13d7dc4330>)
[python-1] 
[python-1] 2026-09-08T13:30:13Z [24,742ms] [Warning] [omni.usd] Warning: in _ReportErrors at line 3172 of /builds/omniverse/usd-ci/USD/pxr/usd/usd/stage.cpp -- In </World/arena_robot/imu_link/visuals>: Unresolved reference prim path @anon:0x5e13d4e3bf50:World1.usd@</visuals/imu_link> introduced by @anon:0x5e13d4e3bf50:World1.usd@</World/arena_robot/imu_link/visuals> (recomposing stage on stage @anon:0x5e13d4e3bf50:World1.usd@ <0x5e13d7dc4330>)
[python-1] 
[python-1] 2026-09-08T13:30:13Z [24,742ms] [Warning] [omni.usd] Warning: in _ReportErrors at line 3172 of /builds/omniverse/usd-ci/USD/pxr/usd/usd/stage.cpp -- In </World/arena_robot/imu_link/visuals>: Unresolved reference prim path @anon:0x5e13d4e3bf50:World1.usd@</visuals/imu_link> introduced by @anon:0x5e13d4e3bf50:World1.usd@</World/arena_robot/imu_link/visuals> (recomposing stage on stage @anon:0x5e13d4e3bf50:World1.usd@ <0x5e13d7dc4330>)
[python-1] 
[controller_server-7] [INFO] [1788874213.105729791] [local_costmap.local_costmap]: Timed out waiting for transform from base_link to odom to become available, tf error: Invalid frame ID "odom" passed to canTransform argument target_frame - frame does not exist
[controller_server-7] [INFO] [1788874213.605734943] [local_costmap.local_costmap]: Timed out waiting for transform from base_link to odom to become available, tf error: Invalid frame ID "odom" passed to canTransform argument target_frame - frame does not exist
[controller_server-7] [INFO] [1788874214.105728111] [local_costmap.local_costmap]: Timed out waiting for transform from base_link to odom to become available, tf error: Invalid frame ID "odom" passed to canTransform argument target_frame - frame does not exist
[controller_server-7] [INFO] [1788874214.605728288] [local_costmap.local_costmap]: Timed out waiting for transform from base_link to odom to become available, tf error: Invalid frame ID "odom" passed to canTransform argument target_frame - frame does not exist
[controller_server-7] [INFO] [1788874215.105728979] [local_costmap.local_costmap]: Timed out waiting for transform from base_link to odom to become available, tf error: Invalid frame ID "odom" passed to canTransform argument target_frame - frame does not exist
[controller_server-7] [INFO] [1788874215.605734088] [local_costmap.local_costmap]: Timed out waiting for transform from base_link to odom to become available, tf error: Invalid frame ID "odom" passed to canTransform argument target_frame - frame does not exist
[controller_server-7] [INFO] [1788874216.105728696] [local_costmap.local_costmap]: Timed out waiting for transform from base_link to odom to become available, tf error: Invalid frame ID "odom" passed to canTransform argument target_frame - frame does not exist
[controller_server-7] [INFO] [1788874216.605753285] [local_costmap.local_costmap]: Timed out waiting for transform from base_link to odom to become available, tf error: Invalid frame ID "odom" passed to canTransform argument target_frame - frame does not exist
[controller_server-7] [INFO] [1788874217.105717621] [local_costmap.local_costmap]: Timed out waiting for transform from base_link to odom to become available, tf error: Invalid frame ID "odom" passed to canTransform argument target_frame - frame does not exist
[controller_server-7] [INFO] [1788874217.605714045] [local_costmap.local_costmap]: Timed out waiting for transform from base_link to odom to become available, tf error: Invalid frame ID "odom" passed to canTransform argument target_frame - frame does not exist
[controller_server-7] [INFO] [1788874218.105714025] [local_costmap.local_costmap]: Timed out waiting for transform from base_link to odom to become available, tf error: Invalid frame ID "odom" passed to canTransform argument target_frame - frame does not exist
[controller_server-7] [INFO] [1788874218.605715081] [local_costmap.local_costmap]: Timed out waiting for transform from base_link to odom to become available, tf error: Invalid frame ID "odom" passed to canTransform argument target_frame - frame does not exist
[scene_bridge-2] [INFO] [1788874218.613372443] [arena_scene_bridge]: SCENE_ROBOT_OK path=/World/arena_robot model=jackal
[controller_server-7] [INFO] [1788874219.105883866] [local_costmap.local_costmap]: start
[controller_server-7] [INFO] [1788874219.257330776] [controller_server]: Creating bond (controller_server) to lifecycle manager.
[lifecycle_manager-14] [INFO] [1788874219.363182803] [lifecycle_manager_navigation]: Server controller_server connected with bond.
[lifecycle_manager-14] [INFO] [1788874219.363257827] [lifecycle_manager_navigation]: [34m[1mActivating smoother_server[0m[0m
[smoother_server-8] [INFO] [1788874219.363598719] [smoother_server]: Activating
[smoother_server-8] [INFO] [1788874219.363670859] [smoother_server]: Creating bond (smoother_server) to lifecycle manager.
[lifecycle_manager-14] [INFO] [1788874219.468921668] [lifecycle_manager_navigation]: Server smoother_server connected with bond.
[lifecycle_manager-14] [INFO] [1788874219.468973376] [lifecycle_manager_navigation]: [34m[1mActivating planner_server[0m[0m
[planner_server-9] [INFO] [1788874219.469332999] [planner_server]: Activating
[planner_server-9] [INFO] [1788874219.469422362] [global_costmap.global_costmap]: Activating
[planner_server-9] [INFO] [1788874219.469448335] [global_costmap.global_costmap]: Checking transform
[planner_server-9] [INFO] [1788874219.469603507] [global_costmap.global_costmap]: start
[planner_server-9] [INFO] [1788874219.721062317] [planner_server]: Activating plugin GridBased of type NavfnPlanner
[planner_server-9] [INFO] [1788874219.722963342] [planner_server]: Creating bond (planner_server) to lifecycle manager.
[lifecycle_manager-14] [INFO] [1788874219.828463369] [lifecycle_manager_navigation]: Server planner_server connected with bond.
[lifecycle_manager-14] [INFO] [1788874219.828556465] [lifecycle_manager_navigation]: [34m[1mActivating behavior_server[0m[0m
[behavior_server-10] [INFO] [1788874219.829072483] [behavior_server]: Activating
[behavior_server-10] [INFO] [1788874219.829142908] [behavior_server]: Activating spin
[behavior_server-10] [INFO] [1788874219.829166185] [behavior_server]: Activating backup
[behavior_server-10] [INFO] [1788874219.829184997] [behavior_server]: Activating drive_on_heading
[behavior_server-10] [INFO] [1788874219.829201629] [behavior_server]: Activating wait
[behavior_server-10] [INFO] [1788874219.829219278] [behavior_server]: Creating bond (behavior_server) to lifecycle manager.
[lifecycle_manager-14] [INFO] [1788874219.936847673] [lifecycle_manager_navigation]: Server behavior_server connected with bond.
[lifecycle_manager-14] [INFO] [1788874219.936936771] [lifecycle_manager_navigation]: [34m[1mActivating bt_navigator[0m[0m
[bt_navigator-11] [INFO] [1788874219.937311285] [bt_navigator]: Activating
[bt_navigator-11] [INFO] [1788874219.953682636] [bt_navigator]: Creating bond (bt_navigator) to lifecycle manager.
[lifecycle_manager-14] [INFO] [1788874220.061027803] [lifecycle_manager_navigation]: Server bt_navigator connected with bond.
[lifecycle_manager-14] [INFO] [1788874220.061139194] [lifecycle_manager_navigation]: [34m[1mActivating waypoint_follower[0m[0m
[waypoint_follower-12] [INFO] [1788874220.061601755] [waypoint_follower]: Activating
[waypoint_follower-12] [INFO] [1788874220.061673347] [waypoint_follower]: Creating bond (waypoint_follower) to lifecycle manager.
[planner_server-9] [INFO] [1788874220.149835498] [global_costmap.global_costmap]: Received request to clear entirely the global_costmap
[controller_server-7] [INFO] [1788874220.151419582] [local_costmap.local_costmap]: Received request to clear entirely the local_costmap
[lifecycle_manager-14] [INFO] [1788874220.169773816] [lifecycle_manager_navigation]: Server waypoint_follower connected with bond.
[lifecycle_manager-14] [INFO] [1788874220.169856109] [lifecycle_manager_navigation]: [34m[1mActivating velocity_smoother[0m[0m
[velocity_smoother-13] [INFO] [1788874220.170310065] [velocity_smoother]: Activating
[velocity_smoother-13] [INFO] [1788874220.170389119] [velocity_smoother]: Creating bond (velocity_smoother) to lifecycle manager.
[lifecycle_manager-14] [INFO] [1788874220.278466723] [lifecycle_manager_navigation]: Server velocity_smoother connected with bond.
[lifecycle_manager-14] [INFO] [1788874220.278560284] [lifecycle_manager_navigation]: [34m[1mManaged nodes are active[0m[0m
[lifecycle_manager-14] [INFO] [1788874220.278584789] [lifecycle_manager_navigation]: [34m[1mCreating bond timer...[0m[0m
[controller_server-7] [WARN] [1788874221.206199368] [local_costmap.local_costmap]: The /lidar observation buffer has not been updated for 0.50 seconds, and it should be updated every 0.30 seconds.
[controller_server-7] [WARN] [1788874221.206355374] [local_costmap.local_costmap]: The /lidar observation buffer has not been updated for 0.50 seconds, and it should be updated every 0.30 seconds.
[bt_navigator-11] [INFO] [1788874221.475115311] [bt_navigator]: Begin navigating from current location (3.00, 3.00) to (3.80, 3.00)
[controller_server-7] [INFO] [1788874221.677010201] [controller_server]: Received a goal, begin computing control effort.
[controller_server-7] [WARN] [1788874221.677112217] [controller_server]: No goal checker was specified in parameter 'current_goal_checker'. Server will use only plugin loaded goal_checker . This warning will appear once.
[mpc_command_watchdog-15] [WARN] [1788874221.743756906] [mpc_command_watchdog]: publishing zero command: command_sequence
[mpc_command_watchdog-15] [INFO] [1788874221.823654314] [mpc_command_watchdog]: command forwarding enabled
[controller_server-7] [INFO] [1788874222.177275792] [controller_server]: Passing new path to controller.
[controller_server-7] [INFO] [1788874222.677275924] [controller_server]: Passing new path to controller.
[controller_server-7] [INFO] [1788874223.177262768] [controller_server]: Passing new path to controller.
[controller_server-7] [INFO] [1788874223.677270382] [controller_server]: Passing new path to controller.
[controller_server-7] [INFO] [1788874224.177244709] [controller_server]: Passing new path to controller.
[controller_server-7] [INFO] [1788874224.677266629] [controller_server]: Passing new path to controller.
[controller_server-7] [INFO] [1788874225.177275864] [controller_server]: Passing new path to controller.
[controller_server-7] [INFO] [1788874225.677272382] [controller_server]: Passing new path to controller.
[controller_server-7] [INFO] [1788874225.912949998] [controller_server]: Reached the goal!
[mpc_command_watchdog-15] [WARN] [1788874226.163398606] [mpc_command_watchdog]: publishing zero command: status_lease
[bt_navigator-11] [INFO] [1788874226.375825238] [bt_navigator]: Goal succeeded
[bt_navigator-11] [INFO] [1788874226.743091670] [bt_navigator]: Begin navigating from current location (3.59, 2.99) to (4.60, 3.00)
[controller_server-7] [INFO] [1788874226.944076024] [controller_server]: Received a goal, begin computing control effort.
[controller_server-7] [INFO] [1788874226.944255066] [controller_server]: Passing new path to controller.
[mpc_command_watchdog-15] [WARN] [1788874227.003386702] [mpc_command_watchdog]: publishing zero command: smooth_lease
[mpc_command_watchdog-15] [INFO] [1788874227.023351970] [mpc_command_watchdog]: command forwarding enabled
[controller_server-7] [INFO] [1788874227.444341396] [controller_server]: Passing new path to controller.
[controller_server-7] [INFO] [1788874227.944335925] [controller_server]: Passing new path to controller.
[controller_server-7] [INFO] [1788874228.444336860] [controller_server]: Passing new path to controller.
[controller_server-7] [INFO] [1788874228.944340594] [controller_server]: Passing new path to controller.
[controller_server-7] [INFO] [1788874229.444349443] [controller_server]: Passing new path to controller.
[controller_server-7] [INFO] [1788874229.944342378] [controller_server]: Passing new path to controller.
[controller_server-7] [INFO] [1788874230.444333494] [controller_server]: Passing new path to controller.
[controller_server-7] [INFO] [1788874230.944338506] [controller_server]: Passing new path to controller.
[controller_server-7] [INFO] [1788874231.444329493] [controller_server]: Passing new path to controller.
[controller_server-7] [INFO] [1788874231.944345430] [controller_server]: Passing new path to controller.
[controller_server-7] [INFO] [1788874232.180065106] [controller_server]: Reached the goal!
[mpc_command_watchdog-15] [WARN] [1788874232.443203209] [mpc_command_watchdog]: publishing zero command: status_lease
[bt_navigator-11] [INFO] [1788874232.643472722] [bt_navigator]: Goal succeeded
[bt_navigator-11] [INFO] [1788874233.004631977] [bt_navigator]: Begin navigating from current location (4.39, 2.97) to (5.40, 3.00)
[controller_server-7] [INFO] [1788874233.205489341] [controller_server]: Received a goal, begin computing control effort.
[controller_server-7] [INFO] [1788874233.205627627] [controller_server]: Passing new path to controller.
[mpc_command_watchdog-15] [WARN] [1788874233.263178745] [mpc_command_watchdog]: publishing zero command: smooth_lease
[mpc_command_watchdog-15] [INFO] [1788874233.283163464] [mpc_command_watchdog]: command forwarding enabled
[controller_server-7] [INFO] [1788874233.705704248] [controller_server]: Passing new path to controller.
[controller_server-7] [INFO] [1788874234.205697216] [controller_server]: Passing new path to controller.
[controller_server-7] [INFO] [1788874234.705707302] [controller_server]: Passing new path to controller.
[controller_server-7] [INFO] [1788874235.205703117] [controller_server]: Passing new path to controller.
[controller_server-7] [INFO] [1788874235.705704614] [controller_server]: Passing new path to controller.
[controller_server-7] [INFO] [1788874236.205702091] [controller_server]: Passing new path to controller.
[controller_server-7] [INFO] [1788874236.705708554] [controller_server]: Passing new path to controller.
[controller_server-7] [INFO] [1788874237.205711552] [controller_server]: Passing new path to controller.
[controller_server-7] [INFO] [1788874237.705709847] [controller_server]: Passing new path to controller.
[controller_server-7] [INFO] [1788874238.205727312] [controller_server]: Passing new path to controller.
[controller_server-7] [INFO] [1788874238.641929223] [controller_server]: Reached the goal!
[controller_server-7] [INFO] [1788874238.705448234] [controller_server]: Received a goal, begin computing control effort.
[controller_server-7] [INFO] [1788874238.742217568] [controller_server]: Reached the goal!
[mpc_command_watchdog-15] [WARN] [1788874239.003052914] [mpc_command_watchdog]: publishing zero command: status_lease
[bt_navigator-11] [INFO] [1788874239.105811640] [bt_navigator]: Goal succeeded
[bt_navigator-11] [INFO] [1788874239.465418229] [bt_navigator]: Begin navigating from current location (5.19, 2.97) to (6.20, 3.00)
[controller_server-7] [INFO] [1788874239.666274008] [controller_server]: Received a goal, begin computing control effort.
[mpc_command_watchdog-15] [INFO] [1788874239.722932466] [mpc_command_watchdog]: command forwarding enabled
[controller_server-7] [INFO] [1788874240.166489569] [controller_server]: Passing new path to controller.
[controller_server-7] [INFO] [1788874240.666495937] [controller_server]: Passing new path to controller.
[controller_server-7] [INFO] [1788874241.166497496] [controller_server]: Passing new path to controller.
[controller_server-7] [INFO] [1788874241.666483379] [controller_server]: Passing new path to controller.
[controller_server-7] [INFO] [1788874242.166488997] [controller_server]: Passing new path to controller.
[controller_server-7] [INFO] [1788874242.666466520] [controller_server]: Passing new path to controller.
[controller_server-7] [INFO] [1788874243.166491360] [controller_server]: Passing new path to controller.
[controller_server-7] [INFO] [1788874243.666494037] [controller_server]: Passing new path to controller.
[controller_server-7] [INFO] [1788874244.166501005] [controller_server]: Passing new path to controller.
[controller_server-7] [INFO] [1788874244.666488523] [controller_server]: Passing new path to controller.
[controller_server-7] [INFO] [1788874244.902744702] [controller_server]: Reached the goal!
[mpc_command_watchdog-15] [WARN] [1788874245.162822382] [mpc_command_watchdog]: publishing zero command: status_lease
[bt_navigator-11] [INFO] [1788874245.365853295] [bt_navigator]: Goal succeeded
[bt_navigator-11] [INFO] [1788874245.724183571] [bt_navigator]: Begin navigating from current location (6.00, 2.97) to (7.00, 3.00)
[controller_server-7] [INFO] [1788874245.925001218] [controller_server]: Received a goal, begin computing control effort.
[mpc_command_watchdog-15] [INFO] [1788874245.982775521] [mpc_command_watchdog]: command forwarding enabled
[controller_server-7] [INFO] [1788874246.025212645] [controller_server]: Passing new path to controller.
[controller_server-7] [INFO] [1788874246.425214239] [controller_server]: Passing new path to controller.
[controller_server-7] [INFO] [1788874246.925213650] [controller_server]: Passing new path to controller.
[controller_server-7] [INFO] [1788874247.425254892] [controller_server]: Passing new path to controller.
[controller_server-7] [INFO] [1788874247.925251667] [controller_server]: Passing new path to controller.
[controller_server-7] [INFO] [1788874248.425253551] [controller_server]: Passing new path to controller.
[controller_server-7] [INFO] [1788874248.925252770] [controller_server]: Passing new path to controller.
[controller_server-7] [INFO] [1788874249.425216749] [controller_server]: Passing new path to controller.
[controller_server-7] [INFO] [1788874249.925223407] [controller_server]: Passing new path to controller.
[controller_server-7] [INFO] [1788874250.425276091] [controller_server]: Passing new path to controller.
[controller_server-7] [INFO] [1788874250.925267414] [controller_server]: Passing new path to controller.
[controller_server-7] [INFO] [1788874251.159064001] [controller_server]: Reached the goal!
[mpc_command_watchdog-15] [WARN] [1788874251.422606684] [mpc_command_watchdog]: publishing zero command: status_lease
[bt_navigator-11] [INFO] [1788874251.624666240] [bt_navigator]: Goal succeeded
[map_server-5] [INFO] [1788874252.222744031] [rclcpp]: signal_handler(signum=2)
[mpc_command_watchdog-15] [INFO] [1788874252.222748414] [rclcpp]: signal_handler(signum=2)
[behavior_server-10] [INFO] [1788874252.222790193] [rclcpp]: signal_handler(signum=2)
[behavior_server-10] [INFO] [1788874252.223069692] [behavior_server]: Running Nav2 LifecycleNode rcl preshutdown (behavior_server)
[lifecycle_manager-14] [INFO] [1788874252.222830797] [rclcpp]: signal_handler(signum=2)
[lifecycle_manager-6] [INFO] [1788874252.222833754] [rclcpp]: signal_handler(signum=2)
[lifecycle_manager-6] [INFO] [1788874252.223009498] [lifecycle_manager_map]: Running Nav2 LifecycleManager rcl preshutdown (lifecycle_manager_map)
[lifecycle_manager-6] [INFO] [1788874252.223104740] [lifecycle_manager_map]: [34m[1mTerminating bond timer...[0m[0m
[smoother_server-8] [INFO] [1788874252.222834470] [rclcpp]: signal_handler(signum=2)
[smoother_server-8] [INFO] [1788874252.223010641] [smoother_server]: Running Nav2 LifecycleNode rcl preshutdown (smoother_server)
[planner_server-9] [INFO] [1788874252.222834361] [rclcpp]: signal_handler(signum=2)
[velocity_smoother-13] [INFO] [1788874252.222834846] [rclcpp]: signal_handler(signum=2)
[velocity_smoother-13] [INFO] [1788874252.223005978] [velocity_smoother]: Running Nav2 LifecycleNode rcl preshutdown (velocity_smoother)
[velocity_smoother-13] [INFO] [1788874252.223098423] [velocity_smoother]: Deactivating
[velocity_smoother-13] [INFO] [1788874252.223123334] [velocity_smoother]: Destroying bond (velocity_smoother) to lifecycle manager.
[waypoint_follower-12] [INFO] [1788874252.222863776] [rclcpp]: signal_handler(signum=2)
[bt_navigator-11] [INFO] [1788874252.222871702] [rclcpp]: signal_handler(signum=2)
[bt_navigator-11] [INFO] [1788874252.223039335] [bt_navigator]: Running Nav2 LifecycleNode rcl preshutdown (bt_navigator)
[robot_state_publisher-3] [INFO] [1788874252.222891397] [rclcpp]: signal_handler(signum=2)
[map_server-5] [INFO] [1788874252.223133805] [map_server]: Running Nav2 LifecycleNode rcl preshutdown (map_server)
[map_server-5] [INFO] [1788874252.223286378] [map_server]: Deactivating
[map_server-5] [INFO] [1788874252.223318658] [map_server]: Destroying bond (map_server) to lifecycle manager.
[lifecycle_manager-14] [INFO] [1788874252.223095279] [lifecycle_manager_navigation]: Running Nav2 LifecycleManager rcl preshutdown (lifecycle_manager_navigation)
[lifecycle_manager-14] [INFO] [1788874252.223263576] [lifecycle_manager_navigation]: [34m[1mTerminating bond timer...[0m[0m
[smoother_server-8] [INFO] [1788874252.223139145] [smoother_server]: Deactivating
[smoother_server-8] [INFO] [1788874252.223173738] [smoother_server]: Destroying bond (smoother_server) to lifecycle manager.
[controller_server-7] [INFO] [1788874252.222955690] [rclcpp]: signal_handler(signum=2)
[controller_server-7] [INFO] [1788874252.223243969] [controller_server]: Running Nav2 LifecycleNode rcl preshutdown (controller_server)
[controller_server-7] [INFO] [1788874252.223390995] [controller_server]: Deactivating
[controller_server-7] [INFO] [1788874252.223461706] [local_costmap.local_costmap]: Deactivating
[waypoint_follower-12] [INFO] [1788874252.223179370] [waypoint_follower]: Running Nav2 LifecycleNode rcl preshutdown (waypoint_follower)
[waypoint_follower-12] [INFO] [1788874252.223329423] [waypoint_follower]: Deactivating
[waypoint_follower-12] [INFO] [1788874252.223377505] [waypoint_follower]: Destroying bond (waypoint_follower) to lifecycle manager.
[bt_navigator-11] [INFO] [1788874252.223200828] [bt_navigator]: Deactivating
[bt_navigator-11] [INFO] [1788874252.223292998] [bt_navigator]: Destroying bond (bt_navigator) to lifecycle manager.
[planner_server-9] [INFO] [1788874252.223193131] [planner_server]: Running Nav2 LifecycleNode rcl preshutdown (planner_server)
[planner_server-9] [INFO] [1788874252.223342617] [planner_server]: Deactivating
[planner_server-9] [INFO] [1788874252.223397289] [global_costmap.global_costmap]: Deactivating
[behavior_server-10] [INFO] [1788874252.223291925] [behavior_server]: Deactivating
[behavior_server-10] [INFO] [1788874252.223452405] [behavior_server]: Destroying bond (behavior_server) to lifecycle manager.
[velocity_smoother-13] [INFO] [1788874252.233489004] [velocity_smoother]: Cleaning up
[velocity_smoother-13] [INFO] [1788874252.233556795] [velocity_smoother]: Destroying bond (velocity_smoother) to lifecycle manager.
[smoother_server-8] [INFO] [1788874252.233569290] [smoother_server]: Cleaning up
[map_server-5] [INFO] [1788874252.233653205] [map_server]: Cleaning up
[map_server-5] [INFO] [1788874252.233844304] [map_server]: Destroying bond (map_server) to lifecycle manager.
[bt_navigator-11] [INFO] [1788874252.233703362] [bt_navigator]: Cleaning up
[waypoint_follower-12] [INFO] [1788874252.233741556] [waypoint_follower]: Cleaning up
[behavior_server-10] [INFO] [1788874252.233924251] [behavior_server]: Cleaning up
[behavior_server-10] [INFO] [1788874252.237914027] [behavior_server]: Destroying bond (behavior_server) to lifecycle manager.
[lifecycle_manager-6] [INFO] [1788874252.238022328] [lifecycle_manager_map]: Destroying lifecycle_manager_map
[velocity_smoother-13] [INFO] [1788874252.238324720] [velocity_smoother]: Destroying
[waypoint_follower-12] [INFO] [1788874252.240752693] [waypoint_follower]: Destroying bond (waypoint_follower) to lifecycle manager.
[map_server-5] [INFO] [1788874252.241860083] [map_server]: Destroying
[smoother_server-8] [INFO] [1788874252.244402816] [smoother_server]: Destroying bond (smoother_server) to lifecycle manager.
[smoother_server-8] [INFO] [1788874252.249528553] [smoother_server]: Destroying
[waypoint_follower-12] [INFO] [1788874252.250005496] [waypoint_follower]: Destroying
[scene_bridge-2] Traceback (most recent call last):
[scene_bridge-2]   File "/home/lpc/workspace/arena5_ws/install/arena_humble_compat/lib/arena_humble_compat/scene_bridge", line 33, in <module>
[scene_bridge-2]     sys.exit(load_entry_point('arena_humble_compat==0.0.0', 'console_scripts', 'scene_bridge')())
[scene_bridge-2]              ^^^^^^^^^^^^^^^^^^^^^^^^^^^^^^^^^^^^^^^^^^^^^^^^^^^^^^^^^^^^^^^^^^^^^^^^^^^^^^^^^^^
[scene_bridge-2]   File "/home/lpc/workspace/arena5_ws/install/arena_humble_compat/lib/python3.11/site-packages/arena_humble_compat/scene_bridge.py", line 215, in main
[scene_bridge-2]     rclpy.shutdown()
[scene_bridge-2]   File "/home/lpc/workspace/arena5_ws/.conda/arena_ros/lib/python3.11/site-packages/rclpy/__init__.py", line 130, in shutdown
[scene_bridge-2]     _shutdown(context=context)
[scene_bridge-2]   File "/home/lpc/workspace/arena5_ws/.conda/arena_ros/lib/python3.11/site-packages/rclpy/utilities.py", line 58, in shutdown
[scene_bridge-2]     return context.shutdown()
[scene_bridge-2]            ^^^^^^^^^^^^^^^^^^
[scene_bridge-2]   File "/home/lpc/workspace/arena5_ws/.conda/arena_ros/lib/python3.11/site-packages/rclpy/context.py", line 102, in shutdown
[scene_bridge-2]     self.__context.shutdown()
[scene_bridge-2] rclpy._rclpy_pybind11.RCLError: failed to shutdown: rcl_shutdown already called on the given context, at /home/runner/conda-bld/bld/rattler-build_ros-humble-rcl_1753312600/work/ros-humble-rcl/src/work/src/rcl/init.c:241
[empty_human_states.py-4] Traceback (most recent call last):
[empty_human_states.py-4]   File "/home/lpc/workspace/arena5_mpc_ws/install/arena_mpc_bringup/lib/arena_mpc_bringup/empty_human_states.py", line 87, in <module>
[empty_human_states.py-4]     main()
[empty_human_states.py-4]   File "/home/lpc/workspace/arena5_mpc_ws/install/arena_mpc_bringup/lib/arena_mpc_bringup/empty_human_states.py", line 77, in main
[empty_human_states.py-4]     rclpy.spin(node)
[empty_human_states.py-4]   File "/home/lpc/workspace/arena5_ws/.conda/arena_ros/lib/python3.11/site-packages/rclpy/__init__.py", line 226, in spin
[empty_human_states.py-4]     executor.spin_once()
[empty_human_states.py-4]   File "/home/lpc/workspace/arena5_ws/.conda/arena_ros/lib/python3.11/site-packages/rclpy/executors.py", line 751, in spin_once
[empty_human_states.py-4]     self._spin_once_impl(timeout_sec)
[empty_human_states.py-4]   File "/home/lpc/workspace/arena5_ws/.conda/arena_ros/lib/python3.11/site-packages/rclpy/executors.py", line 740, in _spin_once_impl
[empty_human_states.py-4]     handler, entity, node = self.wait_for_ready_callbacks(timeout_sec=timeout_sec)
[empty_human_states.py-4]                             ^^^^^^^^^^^^^^^^^^^^^^^^^^^^^^^^^^^^^^^^^^^^^^^^^^^^^^
[empty_human_states.py-4]   File "/home/lpc/workspace/arena5_ws/.conda/arena_ros/lib/python3.11/site-packages/rclpy/executors.py", line 723, in wait_for_ready_callbacks
[empty_human_states.py-4]     return next(self._cb_iter)
[empty_human_states.py-4]            ^^^^^^^^^^^^^^^^^^^
[empty_human_states.py-4]   File "/home/lpc/workspace/arena5_ws/.conda/arena_ros/lib/python3.11/site-packages/rclpy/executors.py", line 624, in _wait_for_ready_callbacks
[empty_human_states.py-4]     raise ExternalShutdownException()
[empty_human_states.py-4] rclpy.executors.ExternalShutdownException
[behavior_server-10] [INFO] [1788874252.261605461] [behavior_server]: Destroying
[planner_server-9] [INFO] [1788874252.269932705] [planner_server]: Deactivating plugin GridBased of type NavfnPlanner
[planner_server-9] [INFO] [1788874252.269999084] [planner_server]: Destroying bond (planner_server) to lifecycle manager.
[planner_server-9] [INFO] [1788874252.280366248] [planner_server]: Cleaning up
[bt_navigator-11] [INFO] [1788874252.281616791] [bt_navigator]: Completed Cleaning up
[bt_navigator-11] [INFO] [1788874252.281705268] [bt_navigator]: Destroying bond (bt_navigator) to lifecycle manager.
[bt_navigator-11] [INFO] [1788874252.286782517] [bt_navigator]: Destroying
[planner_server-9] [INFO] [1788874252.289733750] [global_costmap.global_costmap]: Cleaning up
[planner_server-9] [INFO] [1788874252.294721229] [planner_server]: Cleaning up plugin GridBased of type NavfnPlanner
[planner_server-9] [INFO] [1788874252.294981957] [planner_server]: Destroying plugin GridBased of type NavfnPlanner
[planner_server-9] [INFO] [1788874252.303115329] [planner_server]: Destroying bond (planner_server) to lifecycle manager.
[planner_server-9] [INFO] [1788874252.305366300] [global_costmap.global_costmap]: Destroying
[controller_server-7] [INFO] [1788874252.306297219] [controller_server]: Destroying bond (controller_server) to lifecycle manager.
[planner_server-9] [INFO] [1788874252.313128206] [planner_server]: Destroying
[controller_server-7] [INFO] [1788874252.316563539] [controller_server]: Cleaning up
[lifecycle_manager-14] [INFO] [1788874252.331958176] [lifecycle_manager_navigation]: Destroying lifecycle_manager_navigation
[INFO] [robot_state_publisher-3]: process has finished cleanly [pid 2526219]
[INFO] [lifecycle_manager-6]: process has finished cleanly [pid 2526225]
[INFO] [velocity_smoother-13]: process has finished cleanly [pid 2526239]
[INFO] [mpc_command_watchdog-15]: process has finished cleanly [pid 2526243]
[INFO] [map_server-5]: process has finished cleanly [pid 2526223]
[INFO] [waypoint_follower-12]: process has finished cleanly [pid 2526237]
[INFO] [smoother_server-8]: process has finished cleanly [pid 2526229]
[INFO] [behavior_server-10]: process has finished cleanly [pid 2526233]
[controller_server-7] [INFO] [1788874252.393378203] [local_costmap.local_costmap]: Cleaning up
[controller_server-7] [INFO] [1788874252.405368439] [controller_server]: Destroying bond (controller_server) to lifecycle manager.
[controller_server-7] [INFO] [1788874252.410778269] [local_costmap.local_costmap]: Destroying
[INFO] [bt_navigator-11]: process has finished cleanly [pid 2526235]
[ERROR] [scene_bridge-2]: process has died [pid 2526217, exit code 1, cmd '/home/lpc/workspace/arena5_ws/install/arena_humble_compat/lib/arena_humble_compat/scene_bridge --ros-args -r __node:=arena_scene_bridge --params-file /tmp/launch_params_edzye3lw'].
[ERROR] [empty_human_states.py-4]: process has died [pid 2526221, exit code 1, cmd '/home/lpc/workspace/arena5_mpc_ws/install/arena_mpc_bringup/lib/arena_mpc_bringup/empty_human_states.py --ros-args -r __node:=empty_human_states --params-file /tmp/launch_params_adxerrsq'].
[controller_server-7] [INFO] [1788874252.418151825] [controller_server]: Destroying
[INFO] [planner_server-9]: process has finished cleanly [pid 2526231]
[INFO] [lifecycle_manager-14]: process has finished cleanly [pid 2526241]
[INFO] [controller_server-7]: process has finished cleanly [pid 2526227]
[python-1] 2026-09-08T13:30:13Z [24,742ms] [Warning] [omni.usd] Warning: in _ReportErrors at line 3172 of /builds/omniverse/usd-ci/USD/pxr/usd/usd/stage.cpp -- In </World/arena_robot/imu_link/visuals>: Unresolved reference prim path @anon:0x5e13d4e3bf50:World1.usd@</visuals/imu_link> introduced by @anon:0x5e13d4e3bf50:World1.usd@</World/arena_robot/imu_link/visuals> (recomposing stage on stage @anon:0x5e13d4e3bf50:World1.usd@ <0x5e13d7dc4330>)
[python-1] 
[python-1] 2026-09-08T13:30:13Z [25,347ms] [Warning] [omni.replicator.core.scripts.functional.create_batch] World/arena_robot/lidar_link/gpu_lidar_points is an invalid prim path. Renaming to World_arena_robot_lidar_link_gpu_lidar_points.
[python-1] 2026-09-08T13:30:13Z [25,368ms] [Warning] [omni.replicator.core.scripts.functional.create_batch] World/arena_robot/lidar_link/gpu_lidar_scan is an invalid prim path. Renaming to World_arena_robot_lidar_link_gpu_lidar_scan.
[python-1] 2026-09-08T13:30:15Z [27,054ms] [Warning] [omni.fabric.plugin] getAttributeCount called on non-existent path /World/arena_robot/rear_right_wheel_link/visuals/jackal_wheel/node_STL_BINARY_
[python-1] 2026-09-08T13:30:15Z [27,054ms] [Warning] [omni.fabric.plugin] getTypes called on non-existent path /World/arena_robot/rear_right_wheel_link/visuals/jackal_wheel/node_STL_BINARY_
[python-1] 2026-09-08T13:30:17Z [29,214ms] [Warning] [omni.sensors.nv.lidar.lidar_core.plugin] MotionBVH for lidar model not enabled. This will result in an incorrect point cloud without motion effects!
[python-1] 2026-09-08T13:30:17Z [29,230ms] [Warning] [carb] Client omni.sensors.nv.materials.composite_material has acquired [omni::sensors::materials::IMaterialReaderFactory v0.1] 100 times. Consider accessing this interface with carb::getCachedInterface() (Performance warning)
[python-1] 2026-09-08T13:30:17Z [29,609ms] [Warning] [carb] Plugin interface for a client: omni.hydratexture.plugin was already released.
[python-1] 2026-09-08T13:30:17Z [29,612ms] [Warning] [carb] Plugin interface for a client: omni.hydratexture.plugin was already released.
[python-1] 2026-09-08T13:30:18Z [29,784ms] [Warning] [omni.graph.core.plugin] /World/arena_robot/imu_link/IMUPublisher/read_imu: [/World/arena_robot/imu_link/IMUPublisher] no valid sensor reading, is the sensor enabled?
[python-1] 2026-09-08T13:30:18Z [30,296ms] [Warning] [omni.timeline.plugin] Deprecated: direct use of ITimeline callbacks is deprecated. Use ITimeline::getTimeline (Python: omni.timeline.get_timeline_interface) instead.
[python-1] 2026-09-08T13:30:18Z [30,400ms] [Warning] [isaacsim.core.simulation_manager.plugin] No adjacent samples found for interpolation at time 186/30
[python-1] 2026-09-08T13:30:18Z [30,400ms] [Warning] [isaacsim.core.simulation_manager.plugin] getSimulationTimeMonotonicAtTime: no data found for time 186/30, returning current sim time
[python-1] 2026-09-08T13:30:18Z [30,400ms] [Warning] [isaacsim.core.simulation_manager.plugin] No adjacent samples found for interpolation at time 186/30
[python-1] 2026-09-08T13:30:18Z [30,400ms] [Warning] [isaacsim.core.simulation_manager.plugin] getSimulationTimeMonotonicAtTime: no data found for time 186/30, returning current sim time
[python-1] 2026-09-08T13:30:20Z [32,180ms] [Warning] [carb] Plugin interface for a client: omni.hydratexture.plugin was already released.
[python-1] 2026-09-08T13:30:20Z [32,184ms] [Warning] [carb] Plugin interface for a client: omni.hydratexture.plugin was already released.
[python-1] 2026-09-08T13:30:20Z [32,199ms] [Warning] [omni.graph.core.plugin] /World/arena_robot/imu_link/IMUPublisher/read_imu: [/World/arena_robot/imu_link/IMUPublisher] no valid sensor reading, is the sensor enabled?
[python-1] 2026-09-08T13:30:20Z [32,225ms] [Warning] [isaacsim.core.prims.impl.articulation] Physics Simulation View is not created yet in order to use get_linear_velocities
[python-1] 2026-09-08T13:30:20Z [32,225ms] [Warning] [isaacsim.core.prims.impl.articulation] Physics Simulation View is not created yet in order to use get_angular_velocities
[python-1] 2026-09-08T13:30:20Z [32,225ms] [Warning] [arena_isaac.run_isaacsim] Ideal chassis articulation view invalidated: too many indices for array: array is 0-dimensional, but 1 were indexed
[INFO] [python-1]: process has finished cleanly [pid 2526215]
