scripts/run_six_behaviors.sh: 成功
scripts/env.sh: 成功
install/arena_humble_compat/lib/python3.11/site-packages/arena_humble_compat/hunav_six_behaviors_bridge.py: 成功
config/generated/jackal.urdf: 成功
install/arena_simulation_setup/share/arena_simulation_setup/configs/nav2/nav2.yaml: 成功
install/arena_simulation_setup/share/arena_simulation_setup/entities/robots/jackal/model_params.yaml: 成功
.conda/arena_ros/lib/libcontroller_server_core.so: 成功
Arena workspace: /home/lpc/workspace/arena5_ws
ROS 2: humble (domain 96)
Isaac Sim: /home/lpc/miniforge3/envs/isaaclab/lib/python3.11/site-packages/isaacsim
WebRTC endpoint: 10.16.205.165:49396 (UDP 48396)
Foxglove WebSocket: 127.0.0.1:8996
Starting Arena MPC on GPU 0 (22658 MiB free), ROS domain 96
MPC command chain: controller_server -> velocity_smoother -> watchdog -> /cmd_vel
MPC scenario: empty
Logs: /home/lpc/workspace/arena5_mpc_ws/logs/runs/20260908_211200_mpc_gpu0
[INFO] [launch]: All log files can be found below /home/lpc/workspace/arena5_mpc_ws/logs/runs/20260908_211200_mpc_gpu0/ros/2026-09-08-21-12-01-103073-root123-desktop-2477841
[INFO] [launch]: Default logging verbosity is set to INFO
[WARNING] [launch_ros.actions.node]: Failed to load entry point 'NodeLogLevelExtension': No module named 'arena_bringup.extensions'
[WARNING] [launch_ros.actions.node]: Failed to load entry point 'NodeLogLevelExtension': No module named 'arena_bringup.extensions'
[WARNING] [launch_ros.actions.node]: Failed to load entry point 'NodeLogLevelExtension': No module named 'arena_bringup.extensions'
[WARNING] [launch_ros.actions.node]: Failed to load entry point 'NodeLogLevelExtension': No module named 'arena_bringup.extensions'
[WARNING] [launch_ros.actions.node]: Failed to load entry point 'NodeLogLevelExtension': No module named 'arena_bringup.extensions'
[WARNING] [launch_ros.actions.node]: Failed to load entry point 'NodeLogLevelExtension': No module named 'arena_bringup.extensions'
[WARNING] [launch_ros.actions.node]: Failed to load entry point 'NodeLogLevelExtension': No module named 'arena_bringup.extensions'
[WARNING] [launch_ros.actions.node]: Failed to load entry point 'NodeLogLevelExtension': No module named 'arena_bringup.extensions'
[WARNING] [launch_ros.actions.node]: Failed to load entry point 'NodeLogLevelExtension': No module named 'arena_bringup.extensions'
[WARNING] [launch_ros.actions.node]: Failed to load entry point 'NodeLogLevelExtension': No module named 'arena_bringup.extensions'
[WARNING] [launch_ros.actions.node]: Failed to load entry point 'NodeLogLevelExtension': No module named 'arena_bringup.extensions'
[WARNING] [launch_ros.actions.node]: Failed to load entry point 'NodeLogLevelExtension': No module named 'arena_bringup.extensions'
[WARNING] [launch_ros.actions.node]: Failed to load entry point 'NodeLogLevelExtension': No module named 'arena_bringup.extensions'
[WARNING] [launch_ros.actions.node]: Failed to load entry point 'NodeLogLevelExtension': No module named 'arena_bringup.extensions'
[WARNING] [launch_ros.actions.node]: Failed to load entry point 'NodeLogLevelExtension': No module named 'arena_bringup.extensions'
[WARNING] [launch_ros.actions.node]: Failed to load entry point 'NodeLogLevelExtension': No module named 'arena_bringup.extensions'
[WARNING] [launch_ros.actions.node]: Failed to load entry point 'NodeLogLevelExtension': No module named 'arena_bringup.extensions'
[WARNING] [launch_ros.actions.node]: Failed to load entry point 'NodeLogLevelExtension': No module named 'arena_bringup.extensions'
[WARNING] [launch_ros.actions.node]: Failed to load entry point 'NodeLogLevelExtension': No module named 'arena_bringup.extensions'
[WARNING] [launch_ros.actions.node]: Failed to load entry point 'NodeLogLevelExtension': No module named 'arena_bringup.extensions'
[WARNING] [launch_ros.actions.node]: Failed to load entry point 'NodeLogLevelExtension': No module named 'arena_bringup.extensions'
[WARNING] [launch_ros.actions.node]: Failed to load entry point 'NodeLogLevelExtension': No module named 'arena_bringup.extensions'
[WARNING] [launch_ros.actions.node]: Failed to load entry point 'NodeLogLevelExtension': No module named 'arena_bringup.extensions'
[INFO] [python-1]: process started with pid [2478106]
[INFO] [scene_bridge-2]: process started with pid [2478108]
[INFO] [robot_state_publisher-3]: process started with pid [2478110]
[INFO] [empty_human_states.py-4]: process started with pid [2478112]
[INFO] [map_server-5]: process started with pid [2478114]
[INFO] [lifecycle_manager-6]: process started with pid [2478116]
[INFO] [controller_server-7]: process started with pid [2478118]
[INFO] [smoother_server-8]: process started with pid [2478120]
[INFO] [planner_server-9]: process started with pid [2478122]
[INFO] [behavior_server-10]: process started with pid [2478124]
[INFO] [bt_navigator-11]: process started with pid [2478126]
[INFO] [waypoint_follower-12]: process started with pid [2478128]
[INFO] [velocity_smoother-13]: process started with pid [2478131]
[INFO] [lifecycle_manager-14]: process started with pid [2478133]
[INFO] [mpc_command_watchdog-15]: process started with pid [2478135]
[robot_state_publisher-3] [WARN] [1788873121.701140405] [robot_state_publisher]: No robot_description parameter, but command-line argument available.  Assuming argument is name of URDF file.  This backwards compatibility fallback will be removed in the future.
[lifecycle_manager-6] [INFO] [1788873121.703770653] [lifecycle_manager_map]: Creating
[robot_state_publisher-3] [INFO] [1788873121.706322173] [robot_state_publisher]: got segment base_link
[robot_state_publisher-3] [INFO] [1788873121.706357954] [robot_state_publisher]: got segment chassis_link
[robot_state_publisher-3] [INFO] [1788873121.706365485] [robot_state_publisher]: got segment front_fender_link
[robot_state_publisher-3] [INFO] [1788873121.706371504] [robot_state_publisher]: got segment front_left_wheel_link
[robot_state_publisher-3] [INFO] [1788873121.706377687] [robot_state_publisher]: got segment front_mount
[robot_state_publisher-3] [INFO] [1788873121.706384076] [robot_state_publisher]: got segment front_right_wheel_link
[robot_state_publisher-3] [INFO] [1788873121.706390201] [robot_state_publisher]: got segment imu_link
[robot_state_publisher-3] [INFO] [1788873121.706395741] [robot_state_publisher]: got segment lidar_link
[robot_state_publisher-3] [INFO] [1788873121.706401359] [robot_state_publisher]: got segment mid_mount
[robot_state_publisher-3] [INFO] [1788873121.706406802] [robot_state_publisher]: got segment navsat_link
[robot_state_publisher-3] [INFO] [1788873121.706412159] [robot_state_publisher]: got segment rear_fender_link
[robot_state_publisher-3] [INFO] [1788873121.706417635] [robot_state_publisher]: got segment rear_left_wheel_link
[robot_state_publisher-3] [INFO] [1788873121.706422895] [robot_state_publisher]: got segment rear_mount
[robot_state_publisher-3] [INFO] [1788873121.706428835] [robot_state_publisher]: got segment rear_right_wheel_link
[lifecycle_manager-6] [INFO] [1788873121.712855296] [lifecycle_manager_map]: [34m[1mCreating and initializing lifecycle service clients[0m[0m
[bt_navigator-11] [INFO] [1788873121.715218823] [bt_navigator]: 
[bt_navigator-11] 	bt_navigator lifecycle node launched. 
[bt_navigator-11] 	Waiting on external lifecycle transitions to activate
[bt_navigator-11] 	See https://design.ros2.org/articles/node_lifecycle.html for more information.
[bt_navigator-11] [INFO] [1788873121.715397051] [bt_navigator]: Creating
[velocity_smoother-13] [INFO] [1788873121.722409701] [velocity_smoother]: 
[velocity_smoother-13] 	velocity_smoother lifecycle node launched. 
[velocity_smoother-13] 	Waiting on external lifecycle transitions to activate
[velocity_smoother-13] 	See https://design.ros2.org/articles/node_lifecycle.html for more information.
[waypoint_follower-12] [INFO] [1788873121.723538356] [waypoint_follower]: 
[waypoint_follower-12] 	waypoint_follower lifecycle node launched. 
[waypoint_follower-12] 	Waiting on external lifecycle transitions to activate
[waypoint_follower-12] 	See https://design.ros2.org/articles/node_lifecycle.html for more information.
[waypoint_follower-12] [INFO] [1788873121.724159119] [waypoint_follower]: Creating
[smoother_server-8] [INFO] [1788873121.725264624] [smoother_server]: 
[smoother_server-8] 	smoother_server lifecycle node launched. 
[smoother_server-8] 	Waiting on external lifecycle transitions to activate
[smoother_server-8] 	See https://design.ros2.org/articles/node_lifecycle.html for more information.
[lifecycle_manager-14] [INFO] [1788873121.727253156] [lifecycle_manager_navigation]: Creating
[behavior_server-10] [INFO] [1788873121.728113662] [behavior_server]: 
[behavior_server-10] 	behavior_server lifecycle node launched. 
[behavior_server-10] 	Waiting on external lifecycle transitions to activate
[behavior_server-10] 	See https://design.ros2.org/articles/node_lifecycle.html for more information.
[smoother_server-8] [INFO] [1788873121.729001263] [smoother_server]: Creating smoother server
[lifecycle_manager-14] [INFO] [1788873121.731198328] [lifecycle_manager_navigation]: [34m[1mCreating and initializing lifecycle service clients[0m[0m
[planner_server-9] [INFO] [1788873121.731853018] [planner_server]: 
[planner_server-9] 	planner_server lifecycle node launched. 
[planner_server-9] 	Waiting on external lifecycle transitions to activate
[planner_server-9] 	See https://design.ros2.org/articles/node_lifecycle.html for more information.
[planner_server-9] [INFO] [1788873121.733297710] [planner_server]: Creating
[controller_server-7] [INFO] [1788873121.734591664] [controller_server]: 
[controller_server-7] 	controller_server lifecycle node launched. 
[controller_server-7] 	Waiting on external lifecycle transitions to activate
[controller_server-7] 	See https://design.ros2.org/articles/node_lifecycle.html for more information.
[map_server-5] [INFO] [1788873121.741631725] [map_server]: 
[map_server-5] 	map_server lifecycle node launched. 
[map_server-5] 	Waiting on external lifecycle transitions to activate
[map_server-5] 	See https://design.ros2.org/articles/node_lifecycle.html for more information.
[map_server-5] [INFO] [1788873121.741702142] [map_server]: Creating
[controller_server-7] [INFO] [1788873121.742963708] [controller_server]: Creating controller server
[planner_server-9] [INFO] [1788873121.743465593] [global_costmap.global_costmap]: 
[planner_server-9] 	global_costmap lifecycle node launched. 
[planner_server-9] 	Waiting on external lifecycle transitions to activate
[planner_server-9] 	See https://design.ros2.org/articles/node_lifecycle.html for more information.
[planner_server-9] [INFO] [1788873121.743989027] [global_costmap.global_costmap]: Creating Costmap
[controller_server-7] [INFO] [1788873121.764426700] [local_costmap.local_costmap]: 
[controller_server-7] 	local_costmap lifecycle node launched. 
[controller_server-7] 	Waiting on external lifecycle transitions to activate
[controller_server-7] 	See https://design.ros2.org/articles/node_lifecycle.html for more information.
[controller_server-7] [INFO] [1788873121.765117134] [local_costmap.local_costmap]: Creating Costmap
[mpc_command_watchdog-15] [WARN] [1788873121.776633779] [mpc_command_watchdog]: publishing zero command: controller_status
[lifecycle_manager-6] [INFO] [1788873121.789632113] [lifecycle_manager_map]: [34m[1mStarting managed nodes bringup...[0m[0m
[lifecycle_manager-6] [INFO] [1788873121.789759616] [lifecycle_manager_map]: [34m[1mConfiguring map_server[0m[0m
[map_server-5] [INFO] [1788873121.790155937] [map_server]: Configuring
[map_server-5] [INFO] [1788873121.790276380] [map_io]: Loading yaml file: /home/lpc/workspace/arena5_ws/install/arena_simulation_setup/share/arena_simulation_setup/worlds/map_empty/map/map.yaml
[map_server-5] [INFO] [1788873121.790929972] [map_io]: resolution: 0.05
[map_server-5] [INFO] [1788873121.790957199] [map_io]: origin[0]: 0
[map_server-5] [INFO] [1788873121.790969346] [map_io]: origin[1]: 0
[map_server-5] [INFO] [1788873121.790980140] [map_io]: origin[2]: 0
[map_server-5] [INFO] [1788873121.790992558] [map_io]: free_thresh: 0.196
[map_server-5] [INFO] [1788873121.791004931] [map_io]: occupied_thresh: 0.65
[map_server-5] [INFO] [1788873121.791015615] [map_io]: mode: trinary
[map_server-5] [INFO] [1788873121.791026239] [map_io]: negate: 0
[map_server-5] [INFO] [1788873121.791549217] [map_io]: Loading image_file: /home/lpc/workspace/arena5_ws/install/arena_simulation_setup/share/arena_simulation_setup/worlds/map_empty/map/map.png
[lifecycle_manager-14] [INFO] [1788873121.866931892] [lifecycle_manager_navigation]: [34m[1mStarting managed nodes bringup...[0m[0m
[lifecycle_manager-14] [INFO] [1788873121.866988790] [lifecycle_manager_navigation]: [34m[1mConfiguring controller_server[0m[0m
[controller_server-7] [INFO] [1788873121.867178445] [controller_server]: Configuring controller interface
[controller_server-7] [INFO] [1788873121.867336459] [controller_server]: getting goal checker plugins..
[controller_server-7] [INFO] [1788873121.867489232] [controller_server]: Controller frequency set to 10.0000Hz
[controller_server-7] [INFO] [1788873121.867535884] [local_costmap.local_costmap]: Configuring
[controller_server-7] [INFO] [1788873121.875062098] [local_costmap.local_costmap]: Using plugin "voxel_layer"
[controller_server-7] [INFO] [1788873121.879464079] [local_costmap.local_costmap]: Subscribed to Topics: lidar
[controller_server-7] [INFO] [1788873121.887467172] [local_costmap.local_costmap]: Initialized plugin "voxel_layer"
[controller_server-7] [INFO] [1788873121.887499059] [local_costmap.local_costmap]: Using plugin "inflation_layer"
[controller_server-7] [INFO] [1788873121.888012486] [local_costmap.local_costmap]: Initialized plugin "inflation_layer"
[controller_server-7] [INFO] [1788873121.897681845] [controller_server]: Created progress_checker : progress_checker of type nav2_controller::SimpleProgressChecker
[controller_server-7] [INFO] [1788873121.898474467] [controller_server]: Created goal checker : goal_checker of type nav2_controller::SimpleGoalChecker
[controller_server-7] [INFO] [1788873121.898656139] [controller_server]: Controller Server has goal_checker  goal checkers available.
[map_server-5] [INFO] [1788873121.902837163] [map_io]: Read map /home/lpc/workspace/arena5_ws/install/arena_simulation_setup/share/arena_simulation_setup/worlds/map_empty/map/map.png: 626 X 481 map @ 0.05 m/cell
[lifecycle_manager-6] [INFO] [1788873121.908894242] [lifecycle_manager_map]: [34m[1mActivating map_server[0m[0m
[map_server-5] [INFO] [1788873121.909033948] [map_server]: Activating
[map_server-5] [INFO] [1788873121.909472277] [map_server]: Creating bond (map_server) to lifecycle manager.
[controller_server-7] [INFO] [1788873121.950601785] [controller_server]: Created controller : FollowPath of type arena_mpc_controller::MpcController
[lifecycle_manager-6] [INFO] [1788873122.013051058] [lifecycle_manager_map]: Server map_server connected with bond.
[lifecycle_manager-6] [INFO] [1788873122.013113237] [lifecycle_manager_map]: [34m[1mManaged nodes are active[0m[0m
[lifecycle_manager-6] [INFO] [1788873122.013128123] [lifecycle_manager_map]: [34m[1mCreating bond timer...[0m[0m
[controller_server-7] [INFO] [1788873122.600079004] [controller_server]: Configured FollowPath: CasADi graph N=25 dynamic_slots=8 build occurs outside control loop
[controller_server-7] [INFO] [1788873122.600129412] [controller_server]: Controller Server has FollowPath  controllers available.
[lifecycle_manager-14] [INFO] [1788873122.604495496] [lifecycle_manager_navigation]: [34m[1mConfiguring smoother_server[0m[0m
[smoother_server-8] [INFO] [1788873122.604792692] [smoother_server]: Configuring smoother server
[smoother_server-8] [INFO] [1788873122.622929794] [smoother_server]: Created smoother : simple_smoother of type nav2_smoother::SimpleSmoother
[smoother_server-8] [INFO] [1788873122.623416710] [smoother_server]: Smoother Server has simple_smoother  smoothers available.
[lifecycle_manager-14] [INFO] [1788873122.629882707] [lifecycle_manager_navigation]: [34m[1mConfiguring planner_server[0m[0m
[planner_server-9] [INFO] [1788873122.630186499] [planner_server]: Configuring
[planner_server-9] [INFO] [1788873122.630283353] [global_costmap.global_costmap]: Configuring
[planner_server-9] [INFO] [1788873122.641353239] [global_costmap.global_costmap]: Using plugin "static_layer"
[planner_server-9] [INFO] [1788873122.648444317] [global_costmap.global_costmap]: Subscribing to the map topic (/task_generator_node/map) with transient local durability
[planner_server-9] [INFO] [1788873122.650246876] [global_costmap.global_costmap]: Initialized plugin "static_layer"
[planner_server-9] [INFO] [1788873122.650281004] [global_costmap.global_costmap]: Using plugin "obstacle_layer"
[planner_server-9] [INFO] [1788873122.650804041] [global_costmap.global_costmap]: Subscribed to Topics: lidar
[planner_server-9] [INFO] [1788873122.654699766] [global_costmap.global_costmap]: Initialized plugin "obstacle_layer"
[planner_server-9] [INFO] [1788873122.654735086] [global_costmap.global_costmap]: Using plugin "inflation_layer"
[planner_server-9] [INFO] [1788873122.655598046] [global_costmap.global_costmap]: Initialized plugin "inflation_layer"
[planner_server-9] [INFO] [1788873122.665252774] [planner_server]: Created global planner plugin GridBased of type nav2_navfn_planner/NavfnPlanner
[planner_server-9] [INFO] [1788873122.665281217] [global_costmap.global_costmap]: StaticLayer: Resizing costmap to 626 X 481 at 0.050000 m/pix
[planner_server-9] [INFO] [1788873122.665283340] [planner_server]: Configuring plugin GridBased of type NavfnPlanner
[planner_server-9] [INFO] [1788873122.666020597] [planner_server]: Planner Server has GridBased  planners available.
[lifecycle_manager-14] [INFO] [1788873122.672844953] [lifecycle_manager_navigation]: [34m[1mConfiguring behavior_server[0m[0m
[behavior_server-10] [INFO] [1788873122.673100362] [behavior_server]: Configuring
[behavior_server-10] [INFO] [1788873122.691216712] [behavior_server]: Creating behavior plugin spin of type nav2_behaviors/Spin
[behavior_server-10] [INFO] [1788873122.693371052] [behavior_server]: Configuring spin
[behavior_server-10] [INFO] [1788873122.699166800] [behavior_server]: Creating behavior plugin backup of type nav2_behaviors/BackUp
[behavior_server-10] [INFO] [1788873122.700777458] [behavior_server]: Configuring backup
[behavior_server-10] [INFO] [1788873122.704822609] [behavior_server]: Creating behavior plugin drive_on_heading of type nav2_behaviors/DriveOnHeading
[behavior_server-10] [INFO] [1788873122.705839950] [behavior_server]: Configuring drive_on_heading
[behavior_server-10] [INFO] [1788873122.709179577] [behavior_server]: Creating behavior plugin wait of type nav2_behaviors/Wait
[behavior_server-10] [INFO] [1788873122.710161643] [behavior_server]: Configuring wait
[lifecycle_manager-14] [INFO] [1788873122.713807041] [lifecycle_manager_navigation]: [34m[1mConfiguring bt_navigator[0m[0m
[bt_navigator-11] [INFO] [1788873122.714104203] [bt_navigator]: Configuring
[lifecycle_manager-14] [INFO] [1788873122.785103308] [lifecycle_manager_navigation]: [34m[1mConfiguring waypoint_follower[0m[0m
[waypoint_follower-12] [INFO] [1788873122.785398996] [waypoint_follower]: Configuring
[waypoint_follower-12] [INFO] [1788873122.803920657] [waypoint_follower]: Created waypoint_task_executor : wait_at_waypoint of type nav2_waypoint_follower::WaitAtWaypoint
[waypoint_follower-12] [INFO] [1788873122.804178332] [waypoint_follower]: Waypoint pause duration is set to zero, disabling task executor plugin.
[lifecycle_manager-14] [INFO] [1788873122.804685082] [lifecycle_manager_navigation]: [34m[1mConfiguring velocity_smoother[0m[0m
[velocity_smoother-13] [INFO] [1788873122.804917935] [velocity_smoother]: Configuring velocity smoother
[lifecycle_manager-14] [INFO] [1788873122.810603319] [lifecycle_manager_navigation]: [34m[1mActivating controller_server[0m[0m
[controller_server-7] [INFO] [1788873122.810797817] [controller_server]: Activating
[controller_server-7] [INFO] [1788873122.810884108] [local_costmap.local_costmap]: Activating
[controller_server-7] [INFO] [1788873122.810907737] [local_costmap.local_costmap]: Checking transform
[controller_server-7] [INFO] [1788873122.810934441] [local_costmap.local_costmap]: Timed out waiting for transform from base_link to odom to become available, tf error: Invalid frame ID "odom" passed to canTransform argument target_frame - frame does not exist
[python-1] [Info] [carb] Logging to file: /home/lpc/workspace/arena5_mpc_ws/logs/runs/20260908_211200_mpc_gpu0/isaac_kit.log
[python-1] 2026-09-08T13:12:01Z [2ms] [Warning] [carb.crashreporter-breakpad.plugin] [previous crash] preventing upload of minidump due to user opt-out: '/home/lpc/miniforge3/envs/isaaclab/lib/python3.11/site-packages/isaacsim/kit/data/Kit/Isaac-Sim Python/5.1/0ac5911a-264e-47a3-2a16f79d-c5b7759a.dmp'
[python-1] 2026-09-08T13:12:01Z [3ms] [Warning] [carb.crashreporter-breakpad.plugin] [previous crash] preventing upload of minidump due to user opt-out: '/home/lpc/miniforge3/envs/isaaclab/lib/python3.11/site-packages/isaacsim/kit/data/Kit/Isaac-Sim Python/5.1/873d0d6d-b3e2-40f3-6eb3df86-85c4cb14.dmp'
[python-1] 2026-09-08T13:12:01Z [4ms] [Warning] [carb.crashreporter-breakpad.plugin] [previous crash] preventing upload of minidump due to user opt-out: '/home/lpc/miniforge3/envs/isaaclab/lib/python3.11/site-packages/isaacsim/kit/data/Kit/Isaac-Sim Python/5.1/54846835-9b12-4c85-5eb92bac-99ba56c4.dmp'
[python-1] 2026-09-08T13:12:01Z [6ms] [Warning] [carb.crashreporter-breakpad.plugin] [previous crash] preventing upload of minidump due to user opt-out: '/home/lpc/miniforge3/envs/isaaclab/lib/python3.11/site-packages/isaacsim/kit/data/Kit/Isaac-Sim Python/5.1/4c7676b1-3af0-4296-87341b84-52502d37.dmp'
[python-1] 2026-09-08T13:12:01Z [7ms] [Warning] [carb.crashreporter-breakpad.plugin] [previous crash] preventing upload of minidump due to user opt-out: '/home/lpc/miniforge3/envs/isaaclab/lib/python3.11/site-packages/isaacsim/kit/data/Kit/Isaac-Sim Python/5.1/4fb36b02-970f-460e-d915d5bf-47095803.dmp'
[python-1] [0.103s] [ext: omni.kit.async_engine-0.0.3] startup
[python-1] [0.271s] [ext: omni.metrics.core-0.0.3] startup
[python-1] [0.271s] [ext: omni.client.lib-1.1.0] startup
[python-1] [0.293s] [ext: omni.blobkey-1.1.2] startup
[python-1] [0.294s] [ext: omni.stats-1.0.1] startup
[python-1] [0.295s] [ext: omni.datastore-0.0.0] startup
[python-1] [0.305s] [ext: omni.client-1.3.0] startup
[python-1] [0.312s] [ext: omni.ujitso.default-1.0.0] startup
[python-1] [0.316s] [ext: omni.hsscclient-1.1.2] startup
[python-1] [0.332s] [ext: omni.gpu_foundation.shadercache.vulkan-1.0.0] startup
[python-1] [0.338s] [ext: omni.assets.plugins-0.0.0] startup
[python-1] [0.341s] [ext: omni.gpu_foundation-0.0.0] startup
[python-1] [0.354s] [ext: carb.windowing.plugins-1.0.0] startup
[python-1] 2026-09-08T13:12:02Z [316ms] [Warning] [carb.windowing-glfw.plugin] GLFW initialization failed.
[python-1] 2026-09-08T13:12:02Z [316ms] [Warning] [carb] Failed to startup plugin carb.windowing-glfw.plugin (interfaces: [carb::windowing::IGLContext v1.0],[carb::windowing::IWindowing v1.5]) (impl: carb.windowing-glfw.plugin)
[python-1] [0.356s] [ext: omni.kit.renderer.init-0.0.0] startup
[python-1] 2026-09-08T13:12:02Z [393ms] [Warning] [omni.platforminfo.plugin] failed to open the default display.  Can't verify X Server version.
[python-1] 2026-09-08T13:12:02Z [406ms] [Warning] [carb.cudainterop.plugin] CUDA_VISIBLE_DEVICES environment variable is set.
[python-1] 2026-09-08T13:12:02Z [406ms] [Warning] [carb.cudainterop.plugin] Note CUDA device enumeration and Omniverse device enumeration are different.
[python-1] 2026-09-08T13:12:02Z [406ms] [Warning] [carb.cudainterop.plugin] Setting CUDA_VISIBLE_DEVICES can lead to undesired behavior or crashes.
[python-1] 2026-09-08T13:12:02Z [987ms] [Warning] [gpu.foundation.plugin] Skipping NVIDIA GPU due CUDA being in bad state: NVIDIA GeForce RTX 4090
[python-1] 2026-09-08T13:12:02Z [987ms] [Warning] [gpu.foundation.plugin] Please restart your system if CUDA is known to work in your system.
[python-1] 2026-09-08T13:12:02Z [989ms] [Warning] [gpu.foundation.plugin] Skipping NVIDIA GPU due CUDA being in bad state: NVIDIA GeForce RTX 4090
[python-1] 2026-09-08T13:12:02Z [989ms] [Warning] [gpu.foundation.plugin] Please restart your system if CUDA is known to work in your system.
[python-1] 2026-09-08T13:12:02Z [990ms] [Warning] [gpu.foundation.plugin] Skipping NVIDIA GPU due CUDA being in bad state: NVIDIA GeForce RTX 4090
[python-1] 2026-09-08T13:12:02Z [990ms] [Warning] [gpu.foundation.plugin] Please restart your system if CUDA is known to work in your system.
[python-1] 2026-09-08T13:12:02Z [990ms] [Warning] [gpu.foundation.plugin] Skipping NVIDIA GPU due CUDA being in bad state: NVIDIA GeForce RTX 4090
[python-1] 2026-09-08T13:12:02Z [990ms] [Warning] [gpu.foundation.plugin] Please restart your system if CUDA is known to work in your system.
[controller_server-7] [INFO] [1788873123.311048967] [local_costmap.local_costmap]: Timed out waiting for transform from base_link to odom to become available, tf error: Invalid frame ID "odom" passed to canTransform argument target_frame - frame does not exist
[controller_server-7] [INFO] [1788873123.811029908] [local_costmap.local_costmap]: Timed out waiting for transform from base_link to odom to become available, tf error: Invalid frame ID "odom" passed to canTransform argument target_frame - frame does not exist
[controller_server-7] [INFO] [1788873124.311045197] [local_costmap.local_costmap]: Timed out waiting for transform from base_link to odom to become available, tf error: Invalid frame ID "odom" passed to canTransform argument target_frame - frame does not exist
[python-1] 2026-09-08T13:12:02Z [990ms] [Warning] [gpu.foundation.plugin] Skipping NVIDIA GPU due CUDA being in bad state: NVIDIA GeForce RTX 4090
[python-1] 2026-09-08T13:12:02Z [990ms] [Warning] [gpu.foundation.plugin] Please restart your system if CUDA is known to work in your system.
[python-1] 2026-09-08T13:12:02Z [990ms] [Warning] [gpu.foundation.plugin] Skipping NVIDIA GPU due CUDA being in bad state: NVIDIA GeForce RTX 4090
[python-1] 2026-09-08T13:12:02Z [990ms] [Warning] [gpu.foundation.plugin] Please restart your system if CUDA is known to work in your system.
[python-1] 
[python-1] |---------------------------------------------------------------------------------------------|
[python-1] | Driver Version: 580.126.09    | Graphics API: Vulkan
[python-1] |=============================================================================================|
[python-1] | GPU | Name                             | Active | LDA | GPU Memory | Vendor-ID | LUID       |
[python-1] |     |                                  |        |     |            | Device-ID | UUID       |
[python-1] |     |                                  |        |     |            | Bus-ID    |            |
[python-1] |---------------------------------------------------------------------------------------------|
[python-1] | 0   | NVIDIA GeForce RTX 4090          | Yes: 0 |     | 24810   MB | 10de      | 0          |
[python-1] |     |                                  |        |     |            | 2684      | cff28fa1.. |
[python-1] |     |                                  |        |     |            | 31        |            |
[python-1] |---------------------------------------------------------------------------------------------|
[python-1] | 1   | NVIDIA GeForce RTX 4090          |        |     | 24810   MB | 10de      | 0          |
[python-1] |     |                                  |        |     |            | 2684      | 53d85912.. |
[python-1] |     |                                  |        |     |            | 4b        |            |
[python-1] |---------------------------------------------------------------------------------------------|
[python-1] | 2   | NVIDIA GeForce RTX 4090          |        |     | 24810   MB | 10de      | 0          |
[python-1] |     |                                  |        |     |            | 2684      | 2d2c45be.. |
[python-1] |     |                                  |        |     |            | b1        |            |
[python-1] |---------------------------------------------------------------------------------------------|
[python-1] | 3   | NVIDIA GeForce RTX 4090          |        |     | 24810   MB | 10de      | 0          |
[python-1] |     |                                  |        |     |            | 2684      | 6fc79961.. |
[python-1] |     |                                  |        |     |            | ca        |            |
[python-1] |=============================================================================================|
[python-1] | OS: 22.04.5 LTS (Jammy Jellyfish) ubuntu, Version: 22.04.5, Kernel: 6.8.0-136-generic
[python-1] | Processor: Intel(R) Xeon(R) Gold 6330 CPU @ 2.00GHz
[python-1] | Cores: 56 | Logical Cores: 112
[python-1] |---------------------------------------------------------------------------------------------|
[python-1] | Total Memory (MB): 257544 | Free Memory: 226009
[python-1] | Total Page/Swap (MB): 2047 | Free Page/Swap: 2020
[python-1] |---------------------------------------------------------------------------------------------|
[python-1] 2026-09-08T13:12:03Z [1,933ms] [Warning] [gpu.foundation.plugin] CPU performance profile is set to powersave. This profile sets the CPU to the lowest frequency reducing performance.
[python-1] 2026-09-08T13:12:03Z [1,944ms] [Warning] [gpu.foundation.plugin] IOMMU is enabled.
[python-1] 2026-09-08T13:12:03Z [1,944ms] [Warning] [gpu.foundation.plugin] Detected IOMMU is enabled. Running CUDA peer-to-peer bandwidth and latency validation.
[python-1] Unidirectional P2P=Enabled Bandwidth (P2P Writes) Matrix (GB/s)
[python-1]    D\D     0 
[python-1]      0 937.31 
[python-1] P2P=Enabled Latency (P2P Writes) Matrix (us)
[python-1]    GPU     0 
[python-1]      0   1.40 
[python-1] 
[python-1]    CPU     0 
[python-1]      0   3.92 
[python-1] [2.246s] [ext: omni.materialx.libs-1.0.7] startup
[python-1] [2.259s] [ext: omni.kit.telemetry-0.5.2] startup
[python-1] [2.316s] [ext: omni.usd.config-1.0.6] startup
[python-1] [2.323s] [ext: omni.gpucompute.plugins-0.0.0] startup
[python-1] [2.324s] [ext: omni.usd.libs-1.0.1] startup
[python-1] [2.480s] [ext: omni.kit.loop-isaac-1.3.7] startup
[controller_server-7] [INFO] [1788873124.811039138] [local_costmap.local_costmap]: Timed out waiting for transform from base_link to odom to become available, tf error: Invalid frame ID "odom" passed to canTransform argument target_frame - frame does not exist
[controller_server-7] [INFO] [1788873125.311038947] [local_costmap.local_costmap]: Timed out waiting for transform from base_link to odom to become available, tf error: Invalid frame ID "odom" passed to canTransform argument target_frame - frame does not exist
[python-1] [2.482s] [ext: omni.kit.test-2.0.1] startup
[python-1] [2.577s] [ext: omni.mdl-56.0.3] startup
[python-1] [2.695s] [ext: omni.iray.libs-0.0.0] startup
[python-1] [2.704s] [ext: omni.mdl.neuraylib-0.2.12] startup
[python-1] [2.707s] [ext: omni.kit.usd.mdl-1.1.5] startup
[python-1] [2.873s] [ext: omni.kit.pipapi-0.0.0] startup
[python-1] [2.875s] [ext: omni.appwindow-1.1.10] startup
[python-1] 2026-09-08T13:12:04Z [2,840ms] [Warning] [carb.windowing-glfw.plugin] GLFW initialization failed.
[python-1] 2026-09-08T13:12:04Z [2,840ms] [Warning] [carb] Failed to startup plugin carb.windowing-glfw.plugin (interfaces: [carb::windowing::IGLContext v1.0],[carb::windowing::IWindowing v1.5]) (impl: carb.windowing-glfw.plugin)
[python-1] [2.884s] [ext: omni.kit.renderer.core-1.1.0] startup
[python-1] 2026-09-08T13:12:05Z [3,165ms] [Warning] [carb.windowing-glfw.plugin] GLFW initialization failed.
[python-1] 2026-09-08T13:12:05Z [3,165ms] [Warning] [carb] Failed to startup plugin carb.windowing-glfw.plugin (interfaces: [carb::windowing::IGLContext v1.0],[carb::windowing::IWindowing v1.5]) (impl: carb.windowing-glfw.plugin)
[python-1] 2026-09-08T13:12:05Z [3,179ms] [Warning] [carb.windowing-glfw.plugin] GLFW initialization failed.
[python-1] 2026-09-08T13:12:05Z [3,179ms] [Warning] [carb] Failed to startup plugin carb.windowing-glfw.plugin (interfaces: [carb::windowing::IGLContext v1.0],[carb::windowing::IWindowing v1.5]) (impl: carb.windowing-glfw.plugin)
[python-1] [3.220s] [ext: omni.kit.renderer.capture-0.0.0] startup
[python-1] [3.224s] [ext: omni.kit.renderer.imgui-2.0.5] startup
[python-1] 2026-09-08T13:12:05Z [3,191ms] [Warning] [carb.windowing-glfw.plugin] GLFW initialization failed.
[python-1] 2026-09-08T13:12:05Z [3,191ms] [Warning] [carb] Failed to startup plugin carb.windowing-glfw.plugin (interfaces: [carb::windowing::IGLContext v1.0],[carb::windowing::IWindowing v1.5]) (impl: carb.windowing-glfw.plugin)
[python-1] 2026-09-08T13:12:05Z [3,193ms] [Warning] [carb.windowing-glfw.plugin] GLFW initialization failed.
[python-1] 2026-09-08T13:12:05Z [3,193ms] [Warning] [carb] Failed to startup plugin carb.windowing-glfw.plugin (interfaces: [carb::windowing::IGLContext v1.0],[carb::windowing::IWindowing v1.5]) (impl: carb.windowing-glfw.plugin)
[python-1] 2026-09-08T13:12:05Z [3,195ms] [Warning] [carb.windowing-glfw.plugin] GLFW initialization failed.
[python-1] 2026-09-08T13:12:05Z [3,195ms] [Warning] [carb] Failed to startup plugin carb.windowing-glfw.plugin (interfaces: [carb::windowing::IGLContext v1.0],[carb::windowing::IWindowing v1.5]) (impl: carb.windowing-glfw.plugin)
[python-1] [3.339s] [ext: omni.ui-2.27.1] startup
[python-1] [3.362s] [ext: omni.kit.mainwindow-1.0.3] startup
[python-1] [3.363s] [ext: carb.audio-0.1.0] startup
[python-1] [3.372s] [ext: omni.uiaudio-1.0.0] startup
[python-1] [3.373s] [ext: omni.kit.uiapp-0.0.0] startup
[python-1] [3.373s] [ext: omni.usd.schema.metrics.assembler-107.3.1] startup
[python-1] [3.377s] [ext: omni.usd.schema.physx-107.3.26] startup
[python-1] [3.433s] [ext: omni.usd.schema.geospatial-0.0.0] startup
[python-1] [3.437s] [ext: omni.usd.schema.audio-0.0.0] startup
[python-1] [3.442s] [ext: omni.usd.schema.anim-0.0.0] startup
[python-1] [3.475s] [ext: omni.usd.schema.flow-107.1.1] startup
[python-1] [3.475s] [ext: omni.usd_resolver-1.0.0] startup
[python-1] [3.482s] [ext: omni.usd.core-1.5.3] startup
[python-1] [3.486s] [ext: omni.usd.schema.omni_sensors-0.0.0] startup
[python-1] [3.519s] [ext: omni.usd.schema.semantics-0.0.0] startup
[python-1] [3.522s] [ext: omni.usd.schema.omniscripting-1.0.0] startup
[python-1] [3.530s] [ext: omni.usd.schema.omni_lens_distortion-0.0.0] startup
[python-1] [3.531s] [ext: omni.usd.schema.omnigraph-1.0.0] startup
[python-1] [3.540s] [ext: omni.kit.window.popup_dialog-2.0.24] startup
[python-1] [3.546s] [ext: omni.graph.exec-0.9.6] startup
[python-1] [3.546s] [ext: omni.kit.widget.nucleus_connector-2.0.1] startup
[python-1] [3.550s] [ext: omni.kit.usd_undo-0.1.8] startup
[python-1] [3.550s] [ext: omni.kit.exec.core-0.13.4] startup
[python-1] [3.553s] [ext: omni.kit.actions.core-1.0.0] startup
[python-1] [3.558s] [ext: omni.resourcemonitor-107.0.1] startup
[python-1] [3.561s] [ext: omni.activity.core-1.0.3] startup
[python-1] [3.563s] [ext: omni.timeline-1.0.14] startup
[python-1] [3.566s] [ext: omni.kit.commands-1.4.10] startup
[python-1] [3.571s] [ext: usdrt.scenegraph-7.6.1] startup
[python-1] [3.632s] [ext: omni.kit.audiodeviceenum-1.0.2] startup
[python-1] [3.635s] [ext: omni.hydra.usdrt_delegate-7.5.1] startup
[python-1] [3.645s] [ext: omni.hydra.scene_delegate-0.3.4] startup
[python-1] [3.653s] [ext: omni.usd-1.13.10] startup
[controller_server-7] [INFO] [1788873125.811042483] [local_costmap.local_costmap]: Timed out waiting for transform from base_link to odom to become available, tf error: Invalid frame ID "odom" passed to canTransform argument target_frame - frame does not exist
[python-1] [3.693s] [ext: omni.inspect-1.0.2] startup
[python-1] [3.695s] [ext: omni.kit.notification_manager-1.0.10] startup
[python-1] [3.697s] [ext: omni.graph.core-2.184.5] startup
[python-1] [3.701s] [ext: isaacsim.core.deprecation_manager-0.2.7] startup
[python-1] [3.703s] [ext: omni.anim.graph.schema-107.3.3] startup
[python-1] [3.713s] [ext: omni.usd.schema.isaac-3.0.5] startup
[python-1] [3.713s] [ext: omni.anim.navigation.schema-107.3.3] startup
[python-1] [3.718s] [ext: omni.kit.asset_converter-5.0.17] startup
[python-1] [3.737s] [ext: isaacsim.robot.schema-3.6.0] startup
[python-1] [3.750s] [ext: omni.usd.schema.render_settings.rtx-0.0.0] startup
[python-1] [3.752s] [ext: omni.kit.menu.core-1.1.2] startup
[python-1] [3.753s] [ext: omni.kit.widget.path_field-2.0.11] startup
[python-1] [3.754s] [ext: omni.kit.widget.context_menu-1.2.5] startup
[python-1] [3.756s] [ext: omni.kit.widget.browser_bar-2.0.10] startup
[python-1] [3.757s] [ext: omni.kit.clipboard-1.0.5] startup
[python-1] [3.758s] [ext: omni.kit.numpy.common-0.1.3] startup
[python-1] [3.760s] [ext: omni.kit.widget.options_menu-1.1.6] startup
[python-1] [3.765s] [ext: omni.kit.helper.file_utils-0.1.9] startup
[python-1] [3.768s] [ext: omni.ui.scene-1.11.5] startup
[python-1] [3.775s] [ext: omni.kit.widget.options_button-1.0.3] startup
[python-1] [3.776s] [ext: omni.kit.widget.filebrowser-2.12.3] startup
[python-1] [3.783s] [ext: omni.kit.usd.layers-2.2.11] startup
[python-1] [3.802s] [ext: omni.kit.window.filepicker-2.13.4] startup
[python-1] [3.833s] [ext: omni.kit.hotkeys.core-1.3.10] startup
[python-1] [3.839s] [ext: omni.kit.context_menu-1.8.6] startup
[python-1] [3.841s] [ext: omni.kit.property.adapter.core-1.0.2] startup
[python-1] [3.845s] [ext: omni.kit.window.file_exporter-1.0.33] startup
[python-1] [3.848s] [ext: omni.kit.widget.searchfield-1.1.8] startup
[python-1] [3.850s] [ext: omni.kit.widget.filter-1.1.4] startup
[python-1] [3.851s] [ext: omni.kit.widget.graph-2.0.0] startup
[python-1] [3.860s] [ext: omni.kit.widget.stage-3.1.4] startup
[python-1] [3.877s] [ext: omni.kit.property.adapter.usd-1.0.2] startup
[python-1] [3.879s] [ext: omni.kit.property.adapter.fabric-1.0.3] startup
[python-1] [3.881s] [ext: omni.kit.graph.delegate.default-1.2.3] startup
[python-1] [3.882s] [ext: omni.kit.window.file_importer-1.1.18] startup
[python-1] [3.883s] [ext: omni.kit.stage_template.core-1.1.22] startup
[python-1] [3.884s] [ext: omni.kit.menu.utils-2.0.5] startup
[python-1] [3.891s] [ext: omni.kit.window.file-2.0.5] startup
[python-1] [3.896s] [ext: omni.kit.widget.highlight_label-1.0.3] startup
[python-1] [3.897s] [ext: omni.kit.window.drop_support-1.0.5] startup
[python-1] [3.897s] [ext: omni.kit.window.content_browser_registry-0.0.6] startup
[python-1] [3.898s] [ext: omni.kit.window.property-1.12.1] startup
[python-1] [3.902s] [ext: omni.kit.window.content_browser-3.1.3] startup
[python-1] [3.922s] [ext: isaacsim.core.version-2.0.6] startup
[python-1] [3.923s] [ext: omni.kit.property.usd-4.5.12] startup
[python-1] [3.939s] [ext: omni.kit.graph.editor.core-1.5.3] startup
[python-1] [3.943s] [ext: omni.kit.material.library-2.0.7] startup
[python-1] [3.950s] [ext: omni.kit.graph.usd.commands-1.3.1] startup
[python-1] [3.951s] [ext: omni.kvdb-107.3.26] startup
[python-1] [3.954s] [ext: omni.usdphysics-107.3.26] startup
[python-1] [3.957s] [ext: omni.physx.foundation-107.3.26] startup
[python-1] [3.960s] [ext: omni.localcache-107.3.26] startup
[python-1] [3.962s] [ext: omni.convexdecomposition-107.3.26] startup
[python-1] [3.967s] [ext: omni.physics-107.3.26] startup
[python-1] [3.972s] [ext: omni.physx.cooking-107.3.26] startup
[python-1] [3.977s] [ext: omni.physics.stageupdate-107.3.26] startup
[python-1] [3.980s] [ext: omni.physx-107.3.26] startup
[python-1] [3.996s] [ext: omni.index.libs-380600.8087.0] startup
[python-1] [3.996s] [ext: omni.physics.physx-107.3.26] startup
[python-1] 2026-09-08T13:12:05Z [3,959ms] [Warning] [carb] Acquiring non optional plugin interface which is not listed as dependency: [omni::physx::IPhysxBenchmarks v1.0] (plugin: <default plugin>), by client: omni.physics.physx.plugin. Add it to CARB_PLUGIN_IMPL_DEPS() macro of a client.
[python-1] [3.999s] [ext: omni.index-1.0.1] startup
[python-1] [4.000s] [ext: omni.volume-0.5.2] startup
[python-1] [4.004s] [ext: omni.ujitso.client-0.0.0] startup
[python-1] [4.005s] [ext: omni.hydra.rtx.shadercache.vulkan-1.0.0] startup
[python-1] [4.007s] [ext: omni.kit.widget.searchable_combobox-1.0.6] startup
[python-1] [4.008s] [ext: omni.hydra.rtx-1.0.0] startup
[python-1] 2026-09-08T13:12:05Z [3,999ms] [Warning] [omni.log] Source: omni.hydra was already registered.
[python-1] [4.066s] [ext: omni.kit.widget.settings-1.2.6] startup
[python-1] [4.070s] [ext: omni.kit.hydra_texture-1.4.6] startup
[python-1] [4.076s] [ext: omni.graph.tools-1.79.2] startup
[controller_server-7] [INFO] [1788873126.311038250] [local_costmap.local_costmap]: Timed out waiting for transform from base_link to odom to become available, tf error: Invalid frame ID "odom" passed to canTransform argument target_frame - frame does not exist
[controller_server-7] [INFO] [1788873126.811029473] [local_costmap.local_costmap]: Timed out waiting for transform from base_link to odom to become available, tf error: Invalid frame ID "odom" passed to canTransform argument target_frame - frame does not exist
[controller_server-7] [INFO] [1788873127.311029052] [local_costmap.local_costmap]: Timed out waiting for transform from base_link to odom to become available, tf error: Invalid frame ID "odom" passed to canTransform argument target_frame - frame does not exist
[controller_server-7] [INFO] [1788873127.810995022] [local_costmap.local_costmap]: Timed out waiting for transform from base_link to odom to become available, tf error: Invalid frame ID "odom" passed to canTransform argument target_frame - frame does not exist
[controller_server-7] [INFO] [1788873128.311000338] [local_costmap.local_costmap]: Timed out waiting for transform from base_link to odom to become available, tf error: Invalid frame ID "odom" passed to canTransform argument target_frame - frame does not exist
[controller_server-7] [INFO] [1788873128.811022729] [local_costmap.local_costmap]: Timed out waiting for transform from base_link to odom to become available, tf error: Invalid frame ID "odom" passed to canTransform argument target_frame - frame does not exist
[controller_server-7] [INFO] [1788873129.311022057] [local_costmap.local_costmap]: Timed out waiting for transform from base_link to odom to become available, tf error: Invalid frame ID "odom" passed to canTransform argument target_frame - frame does not exist
[controller_server-7] [INFO] [1788873129.811041314] [local_costmap.local_costmap]: Timed out waiting for transform from base_link to odom to become available, tf error: Invalid frame ID "odom" passed to canTransform argument target_frame - frame does not exist
[controller_server-7] [INFO] [1788873130.311038524] [local_costmap.local_costmap]: Timed out waiting for transform from base_link to odom to become available, tf error: Invalid frame ID "odom" passed to canTransform argument target_frame - frame does not exist
[controller_server-7] [INFO] [1788873130.811020552] [local_costmap.local_costmap]: Timed out waiting for transform from base_link to odom to become available, tf error: Invalid frame ID "odom" passed to canTransform argument target_frame - frame does not exist
[controller_server-7] [INFO] [1788873131.311013958] [local_costmap.local_costmap]: Timed out waiting for transform from base_link to odom to become available, tf error: Invalid frame ID "odom" passed to canTransform argument target_frame - frame does not exist
[controller_server-7] [INFO] [1788873131.811021608] [local_costmap.local_costmap]: Timed out waiting for transform from base_link to odom to become available, tf error: Invalid frame ID "odom" passed to canTransform argument target_frame - frame does not exist
[python-1] [4.116s] [ext: omni.kit.window.preferences-1.8.0] startup
[python-1] [4.124s] [ext: omni.kit.widget.material_preview-1.0.16] startup
[python-1] [4.127s] [ext: omni.graph-1.141.2] startup
[python-1] [4.198s] [ext: omni.kit.window.material_graph-1.9.1] startup
[python-1] [4.216s] [ext: omni.isaac.dynamic_control-2.0.7] startup
[python-1] 2026-09-08T13:12:06Z [4,186ms] [Warning] [omni.isaac.dynamic_control] omni.isaac.dynamic_control is deprecated as of Isaac Sim 4.5. No action is needed from end-users.
[python-1] [4.227s] [ext: isaacsim.storage.native-1.5.1] startup
[python-1] [4.234s] [ext: omni.graph.scriptnode-1.50.0] startup
[python-1] [4.239s] [ext: omni.hydra.engine.stats-1.0.3] startup
[python-1] [4.248s] [ext: omni.kit.viewport.legacy_gizmos-1.0.19] startup
[python-1] [4.253s] [ext: omni.kit.raycast.query-1.1.0] startup
[python-1] [4.263s] [ext: omni.graph.action_core-1.1.7] startup
[python-1] [4.268s] [ext: omni.kit.viewport.scene_camera_model-1.0.6] startup
[python-1] [4.278s] [ext: omni.graph.image.core-0.6.1] startup
[python-1] [4.280s] [ext: omni.kit.widget.viewport-107.1.3] startup
[python-1] [4.291s] [ext: omni.kit.viewport.registry-104.0.6] startup
[python-1] [4.299s] [ext: omni.usd.metrics.assembler-107.3.1] startup
[python-1] [4.322s] [ext: omni.kit.viewport.window-107.2.0] startup
[python-1] [4.361s] [ext: omni.kit.viewport.menubar.core-107.2.1] startup
[python-1] [4.385s] [ext: omni.graph.image.nodes-1.3.1] startup
[python-1] [4.388s] [ext: omni.usd.metrics.assembler.physics-107.3.26] startup
[python-1] [4.391s] [ext: omni.warp.core-1.8.2] startup
[python-1] [4.773s] [ext: omni.kit.viewport.utility-1.1.2] startup
[python-1] [4.777s] [ext: omni.physics.tensors-107.3.26] startup
[python-1] [4.788s] [ext: omni.syntheticdata-0.6.13] startup
[python-1] [4.832s] [ext: isaacsim.test.docstring-1.1.0] startup
[python-1] [4.849s] [ext: isaacsim.core.utils-3.5.1] startup
[python-1] [4.868s] [ext: omni.physx.tensors-107.3.26] startup
[python-1] [4.875s] [ext: omni.graph.nodes-1.170.10] startup
[python-1] [4.908s] [ext: omni.graph.action_nodes-1.50.4] startup
[python-1] [4.921s] [ext: omni.kit.primitive.mesh-1.0.17] startup
[python-1] [4.939s] [ext: isaacsim.core.simulation_manager-1.4.4] startup
[python-1] [7.867s] [ext: omni.graph.ui_nodes-1.50.5] startup
[python-1] [7.882s] [ext: omni.graph.action-1.130.0] startup
[python-1] [7.887s] [ext: omni.kit.stage_templates-2.0.0] startup
[python-1] [7.902s] [ext: isaacsim.core.prims-0.6.1] startup
[python-1] [7.974s] [ext: omni.warp-1.8.2] startup
[python-1] [7.994s] [ext: omni.videoencoding-0.1.2] startup
[python-1] [8.002s] [ext: isaacsim.core.api-4.8.0] startup
[python-1] [8.034s] [ext: isaacsim.core.experimental.utils-0.3.0] startup
[python-1] [8.049s] [ext: omni.replicator.core-1.12.27] startup
[python-1] 2026-09-08T13:12:09Z [8,035ms] [Warning] [pxr.Semantics] pxr.Semantics is deprecated - please use Semantics instead
[python-1] 2026-09-08T13:12:10Z [8,273ms] [Warning] [omni.graph.core.plugin] Found duplicate of category 'Replicator' - was 'Annotators', adding 'Fabric Reader'
[python-1] 2026-09-08T13:12:10Z [8,273ms] [Warning] [omni.graph.core.plugin] Category 'Replicator' not accepted on node type 'omni.replicator.core.FabricReader' in extension 'omni.replicator.core'
[python-1] 2026-09-08T13:12:10Z [8,290ms] [Warning] [omni.replicator.core.scripts.extension] No material configuration file, adding configuration to material settings directly.
[python-1] [8.359s] [ext: isaacsim.core.experimental.prims-0.8.1] startup
[python-1] [8.659s] [ext: omni.kit.window.extensions-1.4.27] startup
[python-1] [8.689s] [ext: isaacsim.core.experimental.objects-0.4.0] startup
[python-1] [8.703s] [ext: omni.ui_query-1.1.8] startup
[python-1] [8.711s] [ext: omni.kit.manipulator.viewport-107.0.1] startup
[python-1] [8.722s] [ext: isaacsim.robot.surface_gripper-3.3.1] startup
[python-1] [8.736s] [ext: omni.kit.ui_test-1.3.7] startup
[python-1] [8.751s] [ext: omni.graph.visualization.nodes-2.1.3] startup
[python-1] [9.683s] [ext: isaacsim.robot_motion.lula-4.0.8] startup
[python-1] [9.729s] [ext: isaacsim.core.nodes-3.4.3] startup
[python-1] [9.820s] [ext: isaacsim.gui.components-1.2.1] startup
[python-1] [9.873s] [ext: isaacsim.robot_motion.motion_generation-8.0.26] startup
[python-1] [10.051s] [ext: isaacsim.robot.manipulators-3.3.6] startup
[python-1] [10.087s] [ext: isaacsim.core.experimental.materials-0.4.0] startup
[python-1] [10.195s] [ext: isaacsim.robot.manipulators.examples-1.1.2] startup
[python-1] [10.211s] [ext: isaacsim.cortex.framework-1.0.12] startup
[python-1] [10.225s] [ext: isaacsim.cortex.behaviors-2.0.14] startup
[python-1] [10.238s] [ext: omni.isaac.cortex.sample_behaviors-2.0.5] startup
[python-1] 2026-09-08T13:12:12Z [10,216ms] [Warning] [omni.isaac.cortex] omni.isaac.cortex has been deprecated in favor of isaacsim.cortex.framework. Please update your code accordingly.
[controller_server-7] [INFO] [1788873132.311034271] [local_costmap.local_costmap]: Timed out waiting for transform from base_link to odom to become available, tf error: Invalid frame ID "odom" passed to canTransform argument target_frame - frame does not exist
[python-1] 2026-09-08T13:12:12Z [10,218ms] [Warning] [omni.isaac.cortex.sample_behaviors] omni.isaac.cortex.sample_behaviors has been deprecated in favor of isaacsim.cortex.behaviors. Please update your code accordingly.
[python-1] [10.259s] [ext: omni.kit.widget.zoombar-1.0.6] startup
[python-1] [10.278s] [ext: isaacsim.gui.content_browser-0.1.11] startup
[python-1] [10.296s] [ext: omni.kit.browser.core-2.3.13] startup
[python-1] [10.330s] [ext: omni.kit.widget.stage_icons-1.0.8] startup
[python-1] [10.341s] [ext: omni.kit.widget.prompt-1.0.7] startup
[python-1] [10.355s] [ext: omni.kit.usd.collect-2.4.5] startup
[python-1] [10.376s] [ext: omni.kit.browser.folder.core-1.10.9] startup
[python-1] [10.429s] [ext: omni.kit.window.stage-2.6.1] startup
[python-1] [10.472s] [ext: omni.kit.usdz_export-1.0.9] startup
[python-1] [10.481s] [ext: omni.kit.tool.collect-2.2.18] startup
[python-1] [10.489s] [ext: omni.kit.menu.stage-1.2.7] startup
[python-1] [10.494s] [ext: omni.kit.tool.asset_importer-4.3.2] startup
[python-1] [10.510s] [ext: isaacsim.robot.wheeled_robots-4.0.24] startup
[python-1] [10.523s] [ext: isaacsim.examples.browser-0.2.1] startup
[python-1] [10.539s] [ext: isaacsim.asset.importer.urdf-2.4.30] startup
[python-1] [10.708s] [ext: omni.isaac.wheeled_robots-3.0.7] startup
[python-1] 2026-09-08T13:12:12Z [10,675ms] [Warning] [omni.isaac.wheeled_robots] omni.isaac.wheeled_robots has been deprecated in favor of isaacsim.robot.wheeled_robots. Please update your code accordingly.
[python-1] 2026-09-08T13:12:12Z [10,675ms] [Warning] [omni.isaac.wheeled_robots.controllers] omni.isaac.wheeled_robots has been deprecated in favor of isaacsim.robot.wheeled_robots. Please update your code accordingly.
[python-1] 2026-09-08T13:12:12Z [10,676ms] [Warning] [omni.isaac.wheeled_robots.controllers.ackermann_controller] omni.isaac.wheeled_robots has been deprecated in favor of isaacsim.robot.wheeled_robots. Please update your code accordingly.
[python-1] 2026-09-08T13:12:12Z [10,676ms] [Warning] [omni.isaac.wheeled_robots.controllers.differential_controller] omni.isaac.wheeled_robots has been deprecated in favor of isaacsim.robot.wheeled_robots. Please update your code accordingly.
[python-1] 2026-09-08T13:12:12Z [10,676ms] [Warning] [omni.isaac.wheeled_robots.controllers.holonomic_controller] omni.isaac.wheeled_robots has been deprecated in favor of isaacsim.robot.wheeled_robots. Please update your code accordingly.
[python-1] 2026-09-08T13:12:12Z [10,676ms] [Warning] [omni.isaac.wheeled_robots.controllers.quintic_path_planner] omni.isaac.wheeled_robots has been deprecated in favor of isaacsim.robot.wheeled_robots. Please update your code accordingly.
[python-1] 2026-09-08T13:12:12Z [10,677ms] [Warning] [omni.isaac.wheeled_robots.controllers.stanley_control] omni.isaac.wheeled_robots has been deprecated in favor of isaacsim.robot.wheeled_robots. Please update your code accordingly.
[python-1] 2026-09-08T13:12:12Z [10,677ms] [Warning] [omni.isaac.wheeled_robots.controllers.wheel_base_pose_controller] omni.isaac.wheeled_robots has been deprecated in favor of isaacsim.robot.wheeled_robots. Please update your code accordingly.
[python-1] 2026-09-08T13:12:12Z [10,678ms] [Warning] [omni.isaac.wheeled_robots.impl] omni.isaac.wheeled_robots has been deprecated in favor of isaacsim.robot.wheeled_robots. Please update your code accordingly.
[python-1] 2026-09-08T13:12:12Z [10,678ms] [Warning] [omni.isaac.wheeled_robots.robots] omni.isaac.wheeled_robots has been deprecated in favor of isaacsim.robot.wheeled_robots. Please update your code accordingly.
[python-1] 2026-09-08T13:12:12Z [10,678ms] [Warning] [omni.isaac.wheeled_robots.robots.holonomic_robot_usd_setup] omni.isaac.wheeled_robots has been deprecated in favor of isaacsim.robot.wheeled_robots. Please update your code accordingly.
[python-1] 2026-09-08T13:12:12Z [10,679ms] [Warning] [omni.isaac.wheeled_robots.robots.wheeled_robot] omni.isaac.wheeled_robots has been deprecated in favor of isaacsim.robot.wheeled_robots. Please update your code accordingly.
[python-1] [10.718s] [ext: isaacsim.simulation_app-2.12.2] startup
[python-1] [10.727s] [ext: omni.isaac.franka-1.0.7] startup
[python-1] 2026-09-08T13:12:12Z [10,691ms] [Warning] [omni.isaac.franka] omni.isaac.franka has been deprecated in favor of isaacsim.robot.manipulators.examples.franka. Please update your code accordingly.
[python-1] 2026-09-08T13:12:12Z [10,692ms] [Warning] [omni.isaac.franka.franka] omni.isaac.franka has been deprecated in favor of isaacsim.robot.manipulators.examples.franka. Please update your code accordingly.
[controller_server-7] [INFO] [1788873132.811032103] [local_costmap.local_costmap]: Timed out waiting for transform from base_link to odom to become available, tf error: Invalid frame ID "odom" passed to canTransform argument target_frame - frame does not exist
[python-1] 2026-09-08T13:12:12Z [10,790ms] [Warning] [omni.isaac.franka.kinematics_solver] omni.isaac.franka has been deprecated in favor of isaacsim.robot.manipulators.examples.franka. Please update your code accordingly.
[python-1] [10.830s] [ext: omni.isaac.kit-2.0.6] startup
[python-1] 2026-09-08T13:12:12Z [10,799ms] [Warning] [omni.isaac.kit] omni.isaac.kit has been deprecated in favor of isaacsim.simulation_app. Please update your code accordingly.
[python-1] [10.839s] [ext: omni.kit.selection-0.1.6] startup
[python-1] [10.843s] [ext: omni.isaac.lula-4.0.6] startup
[python-1] 2026-09-08T13:12:12Z [10,807ms] [Warning] [omni.isaac.lula] omni.isaac.lula has been deprecated in favor of isaacsim.robot_motion.lula. Please update your code accordingly.
[python-1] [10.847s] [ext: isaacsim.robot_motion.lula_test_widget-1.0.12] startup
[python-1] [10.854s] [ext: isaacsim.asset.browser-1.3.23] startup
[python-1] [11.033s] [ext: omni.kit.viewport.actions-107.0.2] startup
[python-1] [11.050s] [ext: isaacsim.gui.menu-2.4.4] startup
[python-1] [11.064s] [ext: omni.isaac.manipulators-3.0.7] startup
[python-1] 2026-09-08T13:12:12Z [11,033ms] [Warning] [omni.isaac.manipulators] omni.isaac.manipulators has been deprecated in favor of isaacsim.robot.manipulators. Please update your code accordingly.
[python-1] 2026-09-08T13:12:12Z [11,033ms] [Warning] [omni.isaac.manipulators.controllers] omni.isaac.manipulators has been deprecated in favor of isaacsim.robot.manipulators. Please update your code accordingly.
[python-1] 2026-09-08T13:12:12Z [11,033ms] [Warning] [omni.isaac.manipulators.controllers.pick_place_controller] omni.isaac.manipulators has been deprecated in favor of isaacsim.robot.manipulators. Please update your code accordingly.
[python-1] 2026-09-08T13:12:12Z [11,035ms] [Warning] [omni.isaac.manipulators.controllers.stacking_controller] omni.isaac.manipulators has been deprecated in favor of isaacsim.robot.manipulators. Please update your code accordingly.
[python-1] 2026-09-08T13:12:12Z [11,035ms] [Warning] [omni.isaac.manipulators.grippers] omni.isaac.manipulators has been deprecated in favor of isaacsim.robot.manipulators. Please update your code accordingly.
[python-1] 2026-09-08T13:12:12Z [11,035ms] [Warning] [omni.isaac.manipulators.grippers.gripper] omni.isaac.manipulators has been deprecated in favor of isaacsim.robot.manipulators. Please update your code accordingly.
[python-1] 2026-09-08T13:12:12Z [11,036ms] [Warning] [omni.isaac.manipulators.grippers.parallel_gripper] omni.isaac.manipulators has been deprecated in favor of isaacsim.robot.manipulators. Please update your code accordingly.
[python-1] 2026-09-08T13:12:12Z [11,036ms] [Warning] [omni.isaac.manipulators.grippers.surface_gripper] omni.isaac.manipulators has been deprecated in favor of isaacsim.robot.manipulators. Please update your code accordingly.
[python-1] 2026-09-08T13:12:12Z [11,036ms] [Warning] [omni.isaac.manipulators.manipulators] omni.isaac.manipulators has been deprecated in favor of isaacsim.robot.manipulators. Please update your code accordingly.
[python-1] 2026-09-08T13:12:12Z [11,037ms] [Warning] [omni.isaac.manipulators.manipulators.single_manipulator] omni.isaac.manipulators has been deprecated in favor of isaacsim.robot.manipulators. Please update your code accordingly.
[python-1] [11.076s] [ext: omni.isaac.lula_test_widget-1.0.6] startup
[python-1] 2026-09-08T13:12:12Z [11,046ms] [Warning] [omni.isaac.lula_test_widget] omni.isaac.lula_test_widget has been deprecated in favor of isaacsim.robot_motion.lula_test_widget. Please update your code accordingly.
[python-1] [11.085s] [ext: omni.isaac.asset_browser-1.0.6] startup
[python-1] 2026-09-08T13:12:12Z [11,060ms] [Warning] [omni.isaac.asset_browser] omni.isaac.asset_browser has been deprecated in favor of isaacsim.asset.browser. Please update your code accordingly.
[python-1] [11.101s] [ext: omni.kit.viewport.menubar.display-107.0.3] startup
[python-1] [11.119s] [ext: omni.isaac.menu-1.0.6] startup
[python-1] 2026-09-08T13:12:12Z [11,084ms] [Warning] [omni.isaac.menu] omni.isaac.menu has been deprecated in favor of isaacsim.gui.menu. Please update your code accordingly.
[python-1] [11.132s] [ext: omni.isaac.motion_generation-8.0.7] startup
[python-1] 2026-09-08T13:12:12Z [11,100ms] [Warning] [omni.isaac.motion_generation] omni.isaac.motion_generation has been deprecated in favor of isaacsim.robot_motion.motion_generation. Please update your code accordingly.
[python-1] 2026-09-08T13:12:12Z [11,101ms] [Warning] [omni.isaac.motion_generation.articulation_kinematics_solver] omni.isaac.motion_generation has been deprecated in favor of isaacsim.robot_motion.motion_generation. Please update your code accordingly.
[python-1] 2026-09-08T13:12:12Z [11,102ms] [Warning] [omni.isaac.motion_generation.articulation_motion_policy] omni.isaac.motion_generation has been deprecated in favor of isaacsim.robot_motion.motion_generation. Please update your code accordingly.
[python-1] 2026-09-08T13:12:12Z [11,109ms] [Warning] [omni.isaac.motion_generation.articulation_trajectory] omni.isaac.motion_generation has been deprecated in favor of isaacsim.robot_motion.motion_generation. Please update your code accordingly.
[python-1] 2026-09-08T13:12:12Z [11,110ms] [Warning] [omni.isaac.motion_generation.kinematics_interface] omni.isaac.motion_generation has been deprecated in favor of isaacsim.robot_motion.motion_generation. Please update your code accordingly.
[python-1] 2026-09-08T13:12:12Z [11,110ms] [Warning] [omni.isaac.motion_generation.lula] omni.isaac.motion_generation has been deprecated in favor of isaacsim.robot_motion.motion_generation. Please update your code accordingly.
[python-1] 2026-09-08T13:12:12Z [11,111ms] [Warning] [omni.isaac.motion_generation.lula.kinematics] omni.isaac.motion_generation has been deprecated in favor of isaacsim.robot_motion.motion_generation. Please update your code accordingly.
[python-1] 2026-09-08T13:12:12Z [11,111ms] [Warning] [omni.isaac.motion_generation.lula.motion_policies] omni.isaac.motion_generation has been deprecated in favor of isaacsim.robot_motion.motion_generation. Please update your code accordingly.
[python-1] 2026-09-08T13:12:12Z [11,113ms] [Warning] [omni.isaac.motion_generation.lula.path_planners] omni.isaac.motion_generation has been deprecated in favor of isaacsim.robot_motion.motion_generation. Please update your code accordingly.
[python-1] 2026-09-08T13:12:12Z [11,114ms] [Warning] [omni.isaac.motion_generation.lula.trajectory_generator] omni.isaac.motion_generation has been deprecated in favor of isaacsim.robot_motion.motion_generation. Please update your code accordingly.
[python-1] 2026-09-08T13:12:12Z [11,115ms] [Warning] [omni.isaac.motion_generation.motion_policy_controller] omni.isaac.motion_generation has been deprecated in favor of isaacsim.robot_motion.motion_generation. Please update your code accordingly.
[python-1] 2026-09-08T13:12:12Z [11,115ms] [Warning] [omni.isaac.motion_generation.motion_policy_interface] omni.isaac.motion_generation has been deprecated in favor of isaacsim.robot_motion.motion_generation. Please update your code accordingly.
[python-1] 2026-09-08T13:12:12Z [11,116ms] [Warning] [omni.isaac.motion_generation.path_planner_visualizer] omni.isaac.motion_generation has been deprecated in favor of isaacsim.robot_motion.motion_generation. Please update your code accordingly.
[python-1] 2026-09-08T13:12:12Z [11,116ms] [Warning] [omni.isaac.motion_generation.path_planning_interface] omni.isaac.motion_generation has been deprecated in favor of isaacsim.robot_motion.motion_generation. Please update your code accordingly.
[python-1] 2026-09-08T13:12:12Z [11,116ms] [Warning] [omni.isaac.motion_generation.trajectory] omni.isaac.motion_generation has been deprecated in favor of isaacsim.robot_motion.motion_generation. Please update your code accordingly.
[python-1] 2026-09-08T13:12:13Z [11,117ms] [Warning] [omni.isaac.motion_generation.world_interface] omni.isaac.motion_generation has been deprecated in favor of isaacsim.robot_motion.motion_generation. Please update your code accordingly.
[python-1] [11.158s] [ext: omni.isaac.assets_check-0.3.13] startup
[python-1] 2026-09-08T13:12:13Z [11,128ms] [Warning] [omni.isaac.assets_check] omni.isaac.assets_check has been deprecated in favor of isaacsim.asset.browser. Please update your code accordingly.
[python-1] [11.167s] [ext: isaacsim.gui.sensors.icon-2.0.3] startup
[python-1] [11.217s] [ext: isaacsim.asset.importer.mjcf-2.5.13] startup
[python-1] [11.233s] [ext: omni.sensors.nv.common-3.0.0] startup
[python-1] [11.251s] [ext: isaacsim.sensors.physics-0.4.3] startup
[python-1] [11.261s] [ext: omni.sensors.net-1.0.0] startup
[python-1] [11.272s] [ext: omni.isaac.nucleus-1.0.6] startup
[python-1] 2026-09-08T13:12:13Z [11,235ms] [Warning] [omni.isaac.nucleus] omni.isaac.nucleus has been deprecated in favor of isaacsim.storage.native. Please update your code accordingly.
[controller_server-7] [INFO] [1788873133.311046575] [local_costmap.local_costmap]: Timed out waiting for transform from base_link to odom to become available, tf error: Invalid frame ID "odom" passed to canTransform argument target_frame - frame does not exist
[python-1] 2026-09-08T13:12:13Z [11,235ms] [Warning] [omni.isaac.nucleus.nucleus] omni.isaac.nucleus.nucleus has been deprecated in favor of isaacsim.storage.native. Please update your code accordingly.
[python-1] [11.275s] [ext: omni.sensors.nv.materials-2.0.0] startup
[python-1] [11.285s] [ext: isaacsim.robot.policy.examples-4.1.11] startup
[python-1] [11.294s] [ext: omni.sensors.nv.wpm-3.0.0] startup
[python-1] [11.302s] [ext: omni.sensors.nv.lidar-3.0.0] startup
[python-1] [11.341s] [ext: isaacsim.util.debug_draw-3.1.0] startup
[python-1] [11.351s] [ext: omni.sensors.nv.radar-3.0.0] startup
[python-1] [11.362s] [ext: omni.sensors.nv.ids-2.0.0] startup
[python-1] [11.370s] [ext: isaacsim.core.cloner-1.4.10] startup
[python-1] [11.377s] [ext: isaacsim.sensors.physx-2.3.2] startup
[python-1] [11.400s] [ext: isaacsim.sensors.rtx-15.8.4] startup
[python-1] [11.433s] [ext: isaacsim.sensors.camera-1.3.6] startup
[python-1] [11.463s] [ext: omni.isaac.quadruped-3.0.7] startup
[python-1] 2026-09-08T13:12:13Z [11,441ms] [Warning] [omni.isaac.quadruped] omni.isaac.quadruped has been deprecated in favor of isaacsim.robot.policy.examples. Please update your code accordingly.
[python-1] [11.489s] [ext: omni.isaac.cloner-1.0.7] startup
[python-1] 2026-09-08T13:12:13Z [11,459ms] [Warning] [omni.isaac.cloner] omni.isaac.cloner has been deprecated in favor of isaacsim.core.cloner. Please update your code accordingly.
[python-1] [11.509s] [ext: omni.isaac.range_sensor-4.0.6] startup
[python-1] 2026-09-08T13:12:13Z [11,488ms] [Warning] [omni.isaac.range_sensor] omni.isaac.range_sensor has been deprecated in favor of isaacsim.sensors.physx. Please update your code accordingly.
[python-1] 2026-09-08T13:12:13Z [11,489ms] [Warning] [omni.isaac.range_sensor.commands] omni.isaac.range_sensor.commands has been deprecated in favor of isaacsim.sensors.physx.commands. Please update your code accordingly.
[python-1] [11.529s] [ext: omni.isaac.sensor-13.0.7] startup
[python-1] 2026-09-08T13:12:13Z [11,497ms] [Warning] [omni.isaac.sensor] omni.isaac.sensor has been deprecated in favor of isaacsim.sensors.camera, isaacsim.sensors.physics, isaacsim.sensors.physx, and isaacsim.sensors.rtx. Please update your code accordingly.
[python-1] 2026-09-08T13:12:13Z [11,499ms] [Warning] [omni.isaac.sensor.camera] omni.isaac.sensor.camera has been deprecated in favor of isaacsim.sensors.camera.camera. Please update your code accordingly.
[python-1] 2026-09-08T13:12:13Z [11,505ms] [Warning] [omni.isaac.sensor.camera_view] omni.isaac.sensor.camera_view has been deprecated in favor of isaacsim.sensors.camera.camera_view. Please update your code accordingly.
[python-1] 2026-09-08T13:12:13Z [11,507ms] [Warning] [omni.isaac.sensor.commands] omni.isaac.sensor.commands has been deprecated in favor of isaacsim.sensors.physics.commands, isaacsim.sensors.physx.commands, and isaacsim.sensors.rtx.commands. Please update your code accordingly.
[python-1] 2026-09-08T13:12:13Z [11,508ms] [Warning] [omni.isaac.sensor.contact_sensor] omni.isaac.sensor.contact_sensor has been deprecated in favor of isaacsim.sensors.physics.contact_sensor. Please update your code accordingly.
[python-1] 2026-09-08T13:12:13Z [11,508ms] [Warning] [omni.isaac.sensor.imu_sensor] omni.isaac.sensor.imu_sensor has been deprecated in favor of isaacsim.sensors.physics.imu_sensor. Please update your code accordingly.
[python-1] 2026-09-08T13:12:13Z [11,508ms] [Warning] [omni.isaac.sensor.lidar_rtx] omni.isaac.sensor.lidar_rtx has been deprecated in favor of isaacsim.sensors.rtx.lidar_rtx. Please update your code accordingly.
[python-1] 2026-09-08T13:12:13Z [11,509ms] [Warning] [omni.isaac.sensor.rotating_lidar_physX] omni.isaac.sensor.imu_sensor has been deprecated in favor of isaacsim.sensors.physix.rotating_lidar_physX. Please update your code accordingly.
[python-1] 2026-09-08T13:12:13Z [11,510ms] [Warning] [omni.isaac.sensor.scripts.samples.contact_sensor] omni.isaac.sensor.scripts.samples.contact_sensor has been deprecated in favor of isaacsim.sensors.physics.scripts.samples.contact_sensor. Please update your code accordingly.
[python-1] 2026-09-08T13:12:13Z [11,511ms] [Warning] [omni.isaac.sensor.scripts.samples.imu_sensor] omni.isaac.sensor.scripts.samples.imu_sensor has been deprecated in favor of isaacsim.sensors.physics.scripts.samples.imu_sensor. Please update your code accordingly.
[python-1] 2026-09-08T13:12:13Z [11,511ms] [Warning] [omni.isaac.sensor.scripts.samples.lightbeam_sensor] omni.isaac.sensor.scripts.samples.lightbeam_sensor has been deprecated in favor of isaacsim.sensors.physx.scripts.samples.lightbeam_sensor. Please update your code accordingly.
[python-1] [11.552s] [ext: omni.kit.menu.create-2.0.1] startup
[python-1] [11.567s] [ext: omni.kit.widget.toolbar-2.0.1] startup
[python-1] [11.620s] [ext: omni.kit.manipulator.transform-107.0.0] startup
[python-1] [11.632s] [ext: omni.isaac.core-4.0.7] startup
[python-1] 2026-09-08T13:12:13Z [11,596ms] [Warning] [omni.isaac.core.physics_context.physics_context] omni.isaac.core.physics_context.physics_context has been deprecated in favor of isaacsim.core.api.physics_context.physics_context. Please update your code accordingly.
[python-1] 2026-09-08T13:12:13Z [11,596ms] [Warning] [omni.isaac.core.simulation_context.simulation_context] omni.isaac.core.simulation_context.simulation_context has been deprecated in favor of isaacsim.core.api.simulation_context.simulation_context. Please update your code accordingly.
[python-1] 2026-09-08T13:12:13Z [11,596ms] [Warning] [omni.isaac.core.world.world] omni.isaac.core.world.world has been deprecated in favor of isaacsim.core.api.world.world. Please update your code accordingly.
[python-1] 2026-09-08T13:12:13Z [11,596ms] [Warning] [omni.isaac.core] omni.isaac.core has been deprecated in favor of isaacsim.core.api. Please update your code accordingly.
[python-1] [11.636s] [ext: omni.kit.scripting-107.3.2] startup
[python-1] [11.656s] [ext: omni.kit.manipulator.tool.snap-1.5.13] startup
[python-1] [11.671s] [ext: omni.kit.manipulator.selector-1.1.3] startup
[python-1] [11.677s] [ext: isaacsim.app.about-2.0.11] startup
[python-1] [11.692s] [ext: isaacsim.replicator.behavior-1.1.16] startup
[python-1] [11.696s] [ext: omni.kit.viewport.manipulator.transform-107.0.4] startup
[python-1] [11.703s] [ext: omni.isaac.window.about-2.0.7] startup
[python-1] 2026-09-08T13:12:13Z [11,670ms] [Warning] [omni.isaac.window.about] omni.isaac.window.about has been deprecated in favor of isaacsim.app.about. Please update your code accordingly.
[python-1] 2026-09-08T13:12:13Z [11,670ms] [Warning] [omni.isaac.window.about.about] omni.isaac.window.about.about has been deprecated in favor of isaacsim.app.about.about. Please update your code accordingly.
[python-1] [11.710s] [ext: omni.fabric.commands-1.1.6] startup
[python-1] [11.720s] [ext: omni.kit.manipulator.prim.core-107.0.8] startup
[python-1] [11.739s] [ext: omni.kit.property.audio-1.0.16] startup
[python-1] [11.745s] [ext: omni.kit.property.camera-1.0.10] startup
[python-1] [11.751s] [ext: omni.kit.property.geometry-2.0.4] startup
[python-1] [11.761s] [ext: omni.hydra.scene_api-0.1.2] startup
[python-1] [11.773s] [ext: omni.kit.property.light-1.0.12] startup
[python-1] [11.805s] [ext: omni.kit.manipulator.prim.fabric-107.0.4] startup
[python-1] [11.810s] [ext: omni.kit.manipulator.prim.usd-107.0.3] startup
[python-1] [11.815s] [ext: omni.kit.property.material-1.11.9] startup
[python-1] [11.828s] [ext: omni.kit.property.render-1.2.1] startup
[python-1] [11.833s] [ext: omni.kit.property.transform-1.5.13] startup
[python-1] [11.843s] [ext: isaacsim.gui.property-1.1.3] startup
[python-1] [11.849s] [ext: omni.kit.manipulator.camera-106.0.4] startup
[python-1] [11.862s] [ext: omni.kit.manipulator.prim-107.0.0] startup
[python-1] [11.862s] [ext: omni.isaac.surface_gripper-2.0.6] startup
[python-1] 2026-09-08T13:12:13Z [11,823ms] [Warning] [omni.isaac.surface_gripper] omni.isaac.surface_gripper has been deprecated in favor of isaacsim.robot.surface_gripper. Please update your code accordingly.
[python-1] [11.863s] [ext: omni.kit.manipulator.selection-106.0.1] startup
[python-1] [11.874s] [ext: omni.kit.property.bundle-1.4.1] startup
[python-1] [11.884s] [ext: omni.kit.property.isaac-1.0.6] startup
[python-1] 2026-09-08T13:12:13Z [11,849ms] [Warning] [omni.kit.property.isaac] omni.kit.property.isaac has been deprecated in favor of isaacsim.gui.property. Please update your code accordingly.
[python-1] 2026-09-08T13:12:13Z [11,849ms] [Warning] [omni.kit.property.isaac.widgets] omni.kit.property.isaac.widgets has been deprecated in favor of isaacsim.gui.property.widgets. Please update your code accordingly.
[python-1] [11.889s] [ext: omni.isaac.universal_robots-1.0.6] startup
[python-1] 2026-09-08T13:12:13Z [11,854ms] [Warning] [omni.isaac.universal_robots] omni.isaac.universal_robots has been deprecated in favor of isaacsim.robot.manipulators.examples.universal_robots. Please update your code accordingly.
[python-1] 2026-09-08T13:12:13Z [11,855ms] [Warning] [omni.isaac.universal_robots.kinematics_solver] omni.isaac.franka has been deprecated in favor of isaacsim.robot.manipulators.examples.universal_robots. Please update your code accordingly.
[controller_server-7] [INFO] [1788873133.811039422] [local_costmap.local_costmap]: Timed out waiting for transform from base_link to odom to become available, tf error: Invalid frame ID "odom" passed to canTransform argument target_frame - frame does not exist
[controller_server-7] [INFO] [1788873134.311023134] [local_costmap.local_costmap]: Timed out waiting for transform from base_link to odom to become available, tf error: Invalid frame ID "odom" passed to canTransform argument target_frame - frame does not exist
[python-1] 2026-09-08T13:12:13Z [11,858ms] [Warning] [omni.isaac.universal_robots.ur10] omni.isaac.franka has been deprecated in favor of isaacsim.robot.manipulators.examples.universal_robots. Please update your code accordingly.
[python-1] [11.898s] [ext: omni.isaac.core_nodes-2.0.6] startup
[python-1] 2026-09-08T13:12:13Z [11,869ms] [Warning] [omni.isaac.core_nodes] omni.isaac.core_nodes has been deprecated in favor of isaacsim.core.nodes. Please update your code accordingly.
[python-1] [11.910s] [ext: omni.kit.viewport.menubar.camera-107.0.6] startup
[python-1] [11.946s] [ext: omni.kit.viewport.menubar.lighting-107.3.1] startup
[python-1] [11.955s] [ext: isaacsim.replicator.writers-1.0.17] startup
[python-1] [11.989s] [ext: omni.kit.viewport.menubar.render-107.0.10] startup
[python-1] [12.003s] [ext: omni.kit.viewport.menubar.settings-107.0.3] startup
[python-1] [12.016s] [ext: omni.kit.window.console-1.1.4] startup
[python-1] [12.034s] [ext: isaacsim.replicator.domain_randomization-1.0.16] startup
[python-1] [12.050s] [ext: isaacsim.replicator.examples-1.3.6] startup
[python-1] [12.067s] [ext: omni.ocio-0.1.1] startup
[python-1] [12.082s] [ext: omni.rtx.window.settings-0.6.19] startup
[python-1] [12.152s] [ext: omni.kit.window.status_bar-0.1.9] startup
[python-1] [12.178s] [ext: omni.kit.window.toolbar-2.0.0] startup
[python-1] [12.189s] [ext: omni.replicator.isaac-2.0.8] startup
[python-1] 2026-09-08T13:12:14Z [12,153ms] [Warning] [omni.replicator.isaac] omni.replicator.isaac has been deprecated in favor of isaacsim.replicator.domain_randomization, isaacsim.replicator.examples, isaacsim.replicator.writers. Please update your code accordingly.
[python-1] [12.193s] [ext: omni.replicator.replicator_yaml-2.0.11] startup
[python-1] [12.253s] [ext: omni.rtx.settings.core-0.6.5] startup
[python-1] [12.266s] [ext: omni.usd.metrics.assembler.ui-107.3.1] startup
[python-1] [12.298s] [ext: omni.isaac.utils-2.0.6] startup
[python-1] [12.304s] [ext: semantics.schema.editor-2.0.2] startup
[python-1] [12.324s] [ext: omni.kit.ui.actions-1.0.5] startup
[python-1] [12.332s] [ext: semantics.schema.property-2.0.1] startup
[python-1] [12.339s] [ext: omni.isaac.version-2.0.7] startup
[python-1] 2026-09-08T13:12:14Z [12,304ms] [Warning] [omni.isaac.version] omni.isaac.version has been deprecated in favor of isaacsim.core.version. Please update your code accordingly.
[python-1] [12.344s] [ext: omni.isaac.cortex-1.0.5] startup
[python-1] [12.349s] [ext: omni.anim.curve.core-1.3.1] startup
[python-1] [12.378s] [ext: isaacsim.core.throttling-2.2.2] startup
[python-1] [12.384s] [ext: omni.kit.menu.common-2.0.1] startup
[python-1] [12.391s] [ext: isaacsim.exp.base-5.1.0] startup
[python-1] [12.394s] [ext: isaacsim.exp.base.python-5.1.0] startup
[python-1] [12.398s] Simulation App Starting
[python-1] 2026-09-08T13:12:14Z [12,523ms] [Warning] [omni.fabric.plugin] Warning: attribute viewportHandle not found for bucket id 9
[python-1] 
[python-1] 2026-09-08T13:12:14Z [12,547ms] [Warning] [usdrt.population.plugin] [UsdNoticeHandler] Unhandled attribute type VtArray<std::string> (prim attribute: omni:rtx:material:db:flattener:transmittance_color)
[python-1] 2026-09-08T13:12:14Z [12,548ms] [Warning] [usdrt.population.plugin] [UsdNoticeHandler] Unhandled attribute type VtArray<std::string> (prim attribute: omni:rtx:material:db:flattener:reflection_roughness_constant)
[python-1] 2026-09-08T13:12:14Z [12,548ms] [Warning] [usdrt.population.plugin] [UsdNoticeHandler] Unhandled attribute type VtArray<std::string> (prim attribute: omni:rtx:material:db:flattener:ior_constant)
[python-1] [12.605s] app ready
[controller_server-7] [INFO] [1788873134.811039545] [local_costmap.local_costmap]: Timed out waiting for transform from base_link to odom to become available, tf error: Invalid frame ID "odom" passed to canTransform argument target_frame - frame does not exist
[controller_server-7] [INFO] [1788873135.311017373] [local_costmap.local_costmap]: Timed out waiting for transform from base_link to odom to become available, tf error: Invalid frame ID "odom" passed to canTransform argument target_frame - frame does not exist
[controller_server-7] [INFO] [1788873135.811021865] [local_costmap.local_costmap]: Timed out waiting for transform from base_link to odom to become available, tf error: Invalid frame ID "odom" passed to canTransform argument target_frame - frame does not exist
[controller_server-7] [INFO] [1788873136.311017025] [local_costmap.local_costmap]: Timed out waiting for transform from base_link to odom to become available, tf error: Invalid frame ID "odom" passed to canTransform argument target_frame - frame does not exist
[controller_server-7] [INFO] [1788873136.811025430] [local_costmap.local_costmap]: Timed out waiting for transform from base_link to odom to become available, tf error: Invalid frame ID "odom" passed to canTransform argument target_frame - frame does not exist
[controller_server-7] [INFO] [1788873137.311045565] [local_costmap.local_costmap]: Timed out waiting for transform from base_link to odom to become available, tf error: Invalid frame ID "odom" passed to canTransform argument target_frame - frame does not exist
[controller_server-7] [INFO] [1788873137.811103296] [local_costmap.local_costmap]: Timed out waiting for transform from base_link to odom to become available, tf error: Invalid frame ID "odom" passed to canTransform argument target_frame - frame does not exist
[controller_server-7] [INFO] [1788873138.311044463] [local_costmap.local_costmap]: Timed out waiting for transform from base_link to odom to become available, tf error: Invalid frame ID "odom" passed to canTransform argument target_frame - frame does not exist
[controller_server-7] [INFO] [1788873138.811041689] [local_costmap.local_costmap]: Timed out waiting for transform from base_link to odom to become available, tf error: Invalid frame ID "odom" passed to canTransform argument target_frame - frame does not exist
[controller_server-7] [INFO] [1788873139.311033709] [local_costmap.local_costmap]: Timed out waiting for transform from base_link to odom to become available, tf error: Invalid frame ID "odom" passed to canTransform argument target_frame - frame does not exist
[controller_server-7] [INFO] [1788873139.811051883] [local_costmap.local_costmap]: Timed out waiting for transform from base_link to odom to become available, tf error: Invalid frame ID "odom" passed to canTransform argument target_frame - frame does not exist
[python-1] Warning: Possible version incompatibility. Attempting to load omni::fabric::IStageReaderWriter with version v0.14 against v0.13.
[controller_server-7] [INFO] [1788873140.311015904] [local_costmap.local_costmap]: Timed out waiting for transform from base_link to odom to become available, tf error: Invalid frame ID "odom" passed to canTransform argument target_frame - frame does not exist
[controller_server-7] [INFO] [1788873140.811035891] [local_costmap.local_costmap]: Timed out waiting for transform from base_link to odom to become available, tf error: Invalid frame ID "odom" passed to canTransform argument target_frame - frame does not exist
[controller_server-7] [INFO] [1788873141.311022967] [local_costmap.local_costmap]: Timed out waiting for transform from base_link to odom to become available, tf error: Invalid frame ID "odom" passed to canTransform argument target_frame - frame does not exist
[controller_server-7] [INFO] [1788873141.811009673] [local_costmap.local_costmap]: Timed out waiting for transform from base_link to odom to become available, tf error: Invalid frame ID "odom" passed to canTransform argument target_frame - frame does not exist
[controller_server-7] [INFO] [1788873142.311020889] [local_costmap.local_costmap]: Timed out waiting for transform from base_link to odom to become available, tf error: Invalid frame ID "odom" passed to canTransform argument target_frame - frame does not exist
[controller_server-7] [INFO] [1788873142.811013216] [local_costmap.local_costmap]: Timed out waiting for transform from base_link to odom to become available, tf error: Invalid frame ID "odom" passed to canTransform argument target_frame - frame does not exist
[controller_server-7] [INFO] [1788873143.311038386] [local_costmap.local_costmap]: Timed out waiting for transform from base_link to odom to become available, tf error: Invalid frame ID "odom" passed to canTransform argument target_frame - frame does not exist
[controller_server-7] [INFO] [1788873143.811016721] [local_costmap.local_costmap]: Timed out waiting for transform from base_link to odom to become available, tf error: Invalid frame ID "odom" passed to canTransform argument target_frame - frame does not exist
[controller_server-7] [INFO] [1788873144.311043043] [local_costmap.local_costmap]: Timed out waiting for transform from base_link to odom to become available, tf error: Invalid frame ID "odom" passed to canTransform argument target_frame - frame does not exist
[controller_server-7] [INFO] [1788873144.811028968] [local_costmap.local_costmap]: Timed out waiting for transform from base_link to odom to become available, tf error: Invalid frame ID "odom" passed to canTransform argument target_frame - frame does not exist
[controller_server-7] [INFO] [1788873145.311020481] [local_costmap.local_costmap]: Timed out waiting for transform from base_link to odom to become available, tf error: Invalid frame ID "odom" passed to canTransform argument target_frame - frame does not exist
[controller_server-7] [INFO] [1788873145.811019415] [local_costmap.local_costmap]: Timed out waiting for transform from base_link to odom to become available, tf error: Invalid frame ID "odom" passed to canTransform argument target_frame - frame does not exist
[controller_server-7] [INFO] [1788873146.311025744] [local_costmap.local_costmap]: Timed out waiting for transform from base_link to odom to become available, tf error: Invalid frame ID "odom" passed to canTransform argument target_frame - frame does not exist
[controller_server-7] [INFO] [1788873146.811015943] [local_costmap.local_costmap]: Timed out waiting for transform from base_link to odom to become available, tf error: Invalid frame ID "odom" passed to canTransform argument target_frame - frame does not exist
[python-1] [INFO] [1788873147.275722917] [isaac]: Ideal planar chassis enabled: physics_dt=0.016667, limits=(1.500 m/s, 2.000 rad/s), accelerations=(2.000 m/s^2, 4.000 rad/s^2)
[controller_server-7] [INFO] [1788873147.311015385] [local_costmap.local_costmap]: Timed out waiting for transform from base_link to odom to become available, tf error: Invalid frame ID "odom" passed to canTransform argument target_frame - frame does not exist
[controller_server-7] [INFO] [1788873147.811012629] [local_costmap.local_costmap]: Timed out waiting for transform from base_link to odom to become available, tf error: Invalid frame ID "odom" passed to canTransform argument target_frame - frame does not exist
[python-1] [17.815s] Simulation App Startup Complete
[python-1] [17.867s] [ext: omni.anim.behavior.schema-107.3.0] startup
[python-1] [17.882s] [ext: omni.anim.asset-107.3.0] startup
[python-1] [17.888s] [ext: omni.debugdraw-0.1.4] startup
[python-1] [17.895s] [ext: omni.anim.retarget.core-107.3.3] startup
[python-1] [17.907s] [ext: omni.anim.graph.core-107.3.4] startup
[python-1] 2026-09-08T13:12:19Z [17,896ms] [Warning] [omni.graph.core._impl._registration.register_python_ogn] Python import process in omni.anim.graph.core failed - 'NoneType' object is not subscriptable. Aborting Python node registration
[python-1] [17.936s] [ext: omni.kit.quicklayout-1.0.8] startup
[python-1] [18.012s] [ext: omni.anim.navigation.core-107.3.8] startup
[python-1] [18.024s] [ext: omni.metropolis.utils-0.1.20] startup
[python-1] [18.112s] [ext: omni.anim.people-0.7.9] startup
[python-1] [18.141s] [ext: omni.usd.schema.scene.visualization-2.0.2] startup
[python-1] [18.148s] [ext: omni.curve.creator-107.0.1] startup
[python-1] [18.153s] [ext: omni.kit.browser.sample-1.4.9] startup
[python-1] [18.226s] [ext: omni.scene.visualization.core-107.0.2] startup
[python-1] [18.237s] [ext: omni.curve.manipulator-107.0.4] startup
[python-1] [18.337s] [ext: omni.anim.navigation.ui-107.3.6] startup
[python-1] [18.487s] [ext: omni.anim.navigation.bundle-107.3.3] startup
[python-1] [18.502s] [ext: omni.anim.timeline-107.0.0] startup
[python-1] [18.523s] [ext: omni.kit.widget.text_editor-1.1.1] startup
[python-1] [18.534s] [ext: omni.graph.ui-1.101.6] startup
[python-1] [18.632s] [ext: omni.kit.widget.imageview-1.0.4] startup
[python-1] [18.634s] [ext: omni.ramp-107.0.1] startup
[python-1] [18.938s] [ext: omni.kit.window.quicksearch-2.4.4] startup
[python-1] [18.945s] [ext: omni.genproc.core-107.0.3] startup
[python-1] [18.970s] [ext: omni.kit.graph.widget.variables-2.1.0] startup
[python-1] [18.973s] [ext: omni.graph.io-1.30.1] startup
[python-1] 2026-09-08T13:12:20Z [18,936ms] [Warning] [omni.graph.io._impl.extension] omni.graph.io is deprecated. Nodes in this extension have been moved to omni.graph.nodes. Update any dependencies accordingly.
[python-1] [18.977s] [ext: omni.graph.bundle.action-2.30.0] startup
[python-1] [18.983s] [ext: omni.kit.graph.delegate.modern-1.10.9] startup
[python-1] [18.987s] [ext: omni.anim.graph.ui-107.3.3] startup
[python-1] [19.157s] [ext: omni.anim.graph.bundle-107.3.3] startup
[python-1] [19.184s] [ext: omni.kit.preferences.animation-1.2.0] startup
[python-1] [19.195s] [ext: omni.anim.skelJoint-107.3.3] startup
[python-1] [19.209s] [ext: omni.anim.widget.timeline-0.1.14] startup
[python-1] 2026-09-08T13:12:21Z [19,179ms] [Warning] [omni.anim.widget.timeline.views.timeline_view] Could not import omni.kit.window.cursor
[python-1] [19.221s] [ext: omni.kit.widget.layers-1.8.6] startup
[python-1] [19.318s] [ext: omni.anim.retarget.preview-107.3.3] startup
[python-1] [19.451s] [ext: omni.anim.retarget.ui-107.3.3] startup
[python-1] [19.545s] [ext: omni.anim.retarget.bundle-107.3.3] startup
[python-1] 2026-09-08T13:12:23Z [21,712ms] [Warning] [omni.anim.graph.core.plugin] CharacterManager::Shutdown() called without a prior successful call to CharacterManager::Initialize().
[python-1] [22.126s] [ext: isaacsim.ros2.bridge-4.12.4] startup
[python-1] [22.232s] Attempting to load system rclpy
[python-1] [22.253s] rclpy loaded
[python-1] 2026-09-08T13:12:26Z [24,556ms] [Warning] [carb.windowing-glfw.plugin] GLFW initialization failed.
[python-1] 2026-09-08T13:12:26Z [24,556ms] [Warning] [carb] Failed to startup plugin carb.windowing-glfw.plugin (interfaces: [carb::windowing::IGLContext v1.0],[carb::windowing::IWindowing v1.5]) (impl: carb.windowing-glfw.plugin)
[python-1] 2026-09-08T13:12:26Z [24,883ms] [Warning] [carb.windowing-glfw.plugin] GLFW initialization failed.
[python-1] 2026-09-08T13:12:26Z [24,883ms] [Warning] [carb] Failed to startup plugin carb.windowing-glfw.plugin (interfaces: [carb::windowing::IGLContext v1.0],[carb::windowing::IWindowing v1.5]) (impl: carb.windowing-glfw.plugin)
[python-1] 2026-09-08T13:12:26Z [24,888ms] [Warning] [carb.windowing-glfw.plugin] GLFW initialization failed.
[python-1] 2026-09-08T13:12:26Z [24,888ms] [Warning] [carb] Failed to startup plugin carb.windowing-glfw.plugin (interfaces: [carb::windowing::IGLContext v1.0],[carb::windowing::IWindowing v1.5]) (impl: carb.windowing-glfw.plugin)
[python-1] 2026-09-08T13:12:27Z [25,582ms] [Warning] [omni.timeline.plugin] Deprecated: direct use of ITimeline callbacks is deprecated. Use ITimeline::getTimeline (Python: omni.timeline.get_timeline_interface) instead.
[python-1] 2026-09-08T13:12:27Z [25,943ms] [Warning] [omni.kit.viewport.menubar.lighting.actions] Not able to set the lighting mode, no lighting rig found for Stage Lights
[controller_server-7] [INFO] [1788873148.311040896] [local_costmap.local_costmap]: Timed out waiting for transform from base_link to odom to become available, tf error: Invalid frame ID "odom" passed to canTransform argument target_frame - frame does not exist
[scene_bridge-2] [INFO] [1788873148.738069068] [arena_scene_bridge]: SCENE_WALLS_OK count=4 world=map_empty
[controller_server-7] [INFO] [1788873148.811039381] [local_costmap.local_costmap]: Timed out waiting for transform from base_link to odom to become available, tf error: Invalid frame ID "odom" passed to canTransform argument target_frame - frame does not exist
[python-1] 2026-09-08T13:12:28Z [26,885ms] [Warning] [isaacsim.asset.importer.urdf] Creating Asset in an in-memory stage, will not create layered structure
[python-1] 2026-09-08T13:12:28Z [26,936ms] [Warning] [isaacsim.asset.importer.urdf] No mass specified for link base_link
[python-1] 2026-09-08T13:12:28Z [26,936ms] [Warning] [omni.usd] Warning: in _ReportErrors at line 3172 of /builds/omniverse/usd-ci/USD/pxr/usd/usd/stage.cpp -- In </jackal/base_link/visuals>: Unresolved reference prim path @anon:0x59bfd7ed8f50:World1.usd@</visuals/base_link> introduced by @anon:0x59bfd7ed8f50:World1.usd@</jackal/base_link/visuals> (recomposing stage on stage @anon:0x59bfd7ed8f50:World1.usd@ <0x59bfd45dce10>)
[python-1] 
[python-1] 2026-09-08T13:12:28Z [26,936ms] [Warning] [omni.usd] Warning: in _ReportErrors at line 3172 of /builds/omniverse/usd-ci/USD/pxr/usd/usd/stage.cpp -- In </jackal/base_link/visuals>: Unresolved reference prim path @anon:0x59bfd7ed8f50:World1.usd@</visuals/base_link> introduced by @anon:0x59bfd7ed8f50:World1.usd@</jackal/base_link/visuals> (recomposing stage on stage @anon:0x59bfd7ed8f50:World1.usd@ <0x59bfd45dce10>)
[python-1] 
[python-1] 2026-09-08T13:12:28Z [26,936ms] [Warning] [omni.usd] Warning: in _ReportErrors at line 3172 of /builds/omniverse/usd-ci/USD/pxr/usd/usd/stage.cpp -- In </jackal/base_link/visuals>: Unresolved reference prim path @anon:0x59bfd7ed8f50:World1.usd@</visuals/base_link> introduced by @anon:0x59bfd7ed8f50:World1.usd@</jackal/base_link/visuals> (recomposing stage on stage @anon:0x59bfd7ed8f50:World1.usd@ <0x59bfd45dce10>)
[python-1] 
[python-1] 2026-09-08T13:12:28Z [26,937ms] [Warning] [omni.usd] Warning: in _ReportErrors at line 3172 of /builds/omniverse/usd-ci/USD/pxr/usd/usd/stage.cpp -- In </jackal/base_link/visuals>: Unresolved reference prim path @anon:0x59bfd7ed8f50:World1.usd@</visuals/base_link> introduced by @anon:0x59bfd7ed8f50:World1.usd@</jackal/base_link/visuals> (recomposing stage on stage @anon:0x59bfd7ed8f50:World1.usd@ <0x59bfd45dce10>)
[python-1] 
[python-1] 2026-09-08T13:12:28Z [26,937ms] [Warning] [omni.usd] Warning: in _ReportErrors at line 3172 of /builds/omniverse/usd-ci/USD/pxr/usd/usd/stage.cpp -- In </jackal/base_link/visuals>: Unresolved reference prim path @anon:0x59bfd7ed8f50:World1.usd@</visuals/base_link> introduced by @anon:0x59bfd7ed8f50:World1.usd@</jackal/base_link/visuals> (recomposing stage on stage @anon:0x59bfd7ed8f50:World1.usd@ <0x59bfd45dce10>)
[python-1] 
[python-1] 2026-09-08T13:12:28Z [26,937ms] [Warning] [omni.usd] Warning: in _ReportErrors at line 3172 of /builds/omniverse/usd-ci/USD/pxr/usd/usd/stage.cpp -- In </jackal/base_link/visuals>: Unresolved reference prim path @anon:0x59bfd7ed8f50:World1.usd@</visuals/base_link> introduced by @anon:0x59bfd7ed8f50:World1.usd@</jackal/base_link/visuals> (recomposing stage on stage @anon:0x59bfd7ed8f50:World1.usd@ <0x59bfd45dce10>)
[python-1] 
[python-1] 2026-09-08T13:12:28Z [26,939ms] [Warning] [isaacsim.asset.importer.urdf] Link base_link has no colliders, and no inertia was imported; assigning a small isotropic inertia matrix
[python-1] 2026-09-08T13:12:28Z [27,004ms] [Warning] [isaacsim.asset.importer.urdf] No mass specified for link front_fender_link
[python-1] 2026-09-08T13:12:28Z [27,030ms] [Warning] [isaacsim.asset.importer.urdf] Link front_fender_link has no colliders, and no inertia was imported; assigning a small isotropic inertia matrix
[python-1] 2026-09-08T13:12:29Z [27,173ms] [Warning] [isaacsim.asset.importer.urdf] No mass specified for link imu_link
[python-1] 2026-09-08T13:12:29Z [27,173ms] [Warning] [omni.usd] Warning: in _ReportErrors at line 3172 of /builds/omniverse/usd-ci/USD/pxr/usd/usd/stage.cpp -- In </jackal/imu_link/visuals>: Unresolved reference prim path @anon:0x59bfd7ed8f50:World1.usd@</visuals/imu_link> introduced by @anon:0x59bfd7ed8f50:World1.usd@</jackal/imu_link/visuals> (recomposing stage on stage @anon:0x59bfd7ed8f50:World1.usd@ <0x59bfd45dce10>)
[python-1] 
[python-1] 2026-09-08T13:12:29Z [27,173ms] [Warning] [omni.usd] Warning: in _ReportErrors at line 3172 of /builds/omniverse/usd-ci/USD/pxr/usd/usd/stage.cpp -- In </jackal/imu_link/visuals>: Unresolved reference prim path @anon:0x59bfd7ed8f50:World1.usd@</visuals/imu_link> introduced by @anon:0x59bfd7ed8f50:World1.usd@</jackal/imu_link/visuals> (recomposing stage on stage @anon:0x59bfd7ed8f50:World1.usd@ <0x59bfd45dce10>)
[python-1] 
[python-1] 2026-09-08T13:12:29Z [27,173ms] [Warning] [omni.usd] Warning: in _ReportErrors at line 3172 of /builds/omniverse/usd-ci/USD/pxr/usd/usd/stage.cpp -- In </jackal/imu_link/visuals>: Unresolved reference prim path @anon:0x59bfd7ed8f50:World1.usd@</visuals/imu_link> introduced by @anon:0x59bfd7ed8f50:World1.usd@</jackal/imu_link/visuals> (recomposing stage on stage @anon:0x59bfd7ed8f50:World1.usd@ <0x59bfd45dce10>)
[python-1] 
[python-1] 2026-09-08T13:12:29Z [27,174ms] [Warning] [omni.usd] Warning: in _ReportErrors at line 3172 of /builds/omniverse/usd-ci/USD/pxr/usd/usd/stage.cpp -- In </jackal/imu_link/visuals>: Unresolved reference prim path @anon:0x59bfd7ed8f50:World1.usd@</visuals/imu_link> introduced by @anon:0x59bfd7ed8f50:World1.usd@</jackal/imu_link/visuals> (recomposing stage on stage @anon:0x59bfd7ed8f50:World1.usd@ <0x59bfd45dce10>)
[python-1] 
[python-1] 2026-09-08T13:12:29Z [27,174ms] [Warning] [omni.usd] Warning: in _ReportErrors at line 3172 of /builds/omniverse/usd-ci/USD/pxr/usd/usd/stage.cpp -- In </jackal/imu_link/visuals>: Unresolved reference prim path @anon:0x59bfd7ed8f50:World1.usd@</visuals/imu_link> introduced by @anon:0x59bfd7ed8f50:World1.usd@</jackal/imu_link/visuals> (recomposing stage on stage @anon:0x59bfd7ed8f50:World1.usd@ <0x59bfd45dce10>)
[python-1] 
[python-1] 2026-09-08T13:12:29Z [27,174ms] [Warning] [omni.usd] Warning: in _ReportErrors at line 3172 of /builds/omniverse/usd-ci/USD/pxr/usd/usd/stage.cpp -- In </jackal/imu_link/visuals>: Unresolved reference prim path @anon:0x59bfd7ed8f50:World1.usd@</visuals/imu_link> introduced by @anon:0x59bfd7ed8f50:World1.usd@</jackal/imu_link/visuals> (recomposing stage on stage @anon:0x59bfd7ed8f50:World1.usd@ <0x59bfd45dce10>)
[python-1] 
[python-1] 2026-09-08T13:12:29Z [27,176ms] [Warning] [isaacsim.asset.importer.urdf] Link imu_link has no colliders, and no inertia was imported; assigning a small isotropic inertia matrix
[python-1] 2026-09-08T13:12:29Z [27,193ms] [Warning] [isaacsim.asset.importer.urdf] No mass specified for link lidar_link
[python-1] 2026-09-08T13:12:29Z [27,231ms] [Warning] [isaacsim.asset.importer.urdf] No mass specified for link mid_mount
[python-1] 2026-09-08T13:12:29Z [27,232ms] [Warning] [omni.usd] Warning: in _ReportErrors at line 3172 of /builds/omniverse/usd-ci/USD/pxr/usd/usd/stage.cpp -- In </jackal/mid_mount/visuals>: Unresolved reference prim path @anon:0x59bfd7ed8f50:World1.usd@</visuals/mid_mount> introduced by @anon:0x59bfd7ed8f50:World1.usd@</jackal/mid_mount/visuals> (recomposing stage on stage @anon:0x59bfd7ed8f50:World1.usd@ <0x59bfd45dce10>)
[python-1] 
[python-1] 2026-09-08T13:12:29Z [27,232ms] [Warning] [omni.usd] Warning: in _ReportErrors at line 3172 of /builds/omniverse/usd-ci/USD/pxr/usd/usd/stage.cpp -- In </jackal/mid_mount/visuals>: Unresolved reference prim path @anon:0x59bfd7ed8f50:World1.usd@</visuals/mid_mount> introduced by @anon:0x59bfd7ed8f50:World1.usd@</jackal/mid_mount/visuals> (recomposing stage on stage @anon:0x59bfd7ed8f50:World1.usd@ <0x59bfd45dce10>)
[python-1] 
[python-1] 2026-09-08T13:12:29Z [27,232ms] [Warning] [omni.usd] Warning: in _ReportErrors at line 3172 of /builds/omniverse/usd-ci/USD/pxr/usd/usd/stage.cpp -- In </jackal/mid_mount/visuals>: Unresolved reference prim path @anon:0x59bfd7ed8f50:World1.usd@</visuals/mid_mount> introduced by @anon:0x59bfd7ed8f50:World1.usd@</jackal/mid_mount/visuals> (recomposing stage on stage @anon:0x59bfd7ed8f50:World1.usd@ <0x59bfd45dce10>)
[python-1] 
[python-1] 2026-09-08T13:12:29Z [27,232ms] [Warning] [omni.usd] Warning: in _ReportErrors at line 3172 of /builds/omniverse/usd-ci/USD/pxr/usd/usd/stage.cpp -- In </jackal/mid_mount/visuals>: Unresolved reference prim path @anon:0x59bfd7ed8f50:World1.usd@</visuals/mid_mount> introduced by @anon:0x59bfd7ed8f50:World1.usd@</jackal/mid_mount/visuals> (recomposing stage on stage @anon:0x59bfd7ed8f50:World1.usd@ <0x59bfd45dce10>)
[python-1] 
[python-1] 2026-09-08T13:12:29Z [27,232ms] [Warning] [omni.usd] Warning: in _ReportErrors at line 3172 of /builds/omniverse/usd-ci/USD/pxr/usd/usd/stage.cpp -- In </jackal/mid_mount/visuals>: Unresolved reference prim path @anon:0x59bfd7ed8f50:World1.usd@</visuals/mid_mount> introduced by @anon:0x59bfd7ed8f50:World1.usd@</jackal/mid_mount/visuals> (recomposing stage on stage @anon:0x59bfd7ed8f50:World1.usd@ <0x59bfd45dce10>)
[python-1] 
[python-1] 2026-09-08T13:12:29Z [27,232ms] [Warning] [omni.usd] Warning: in _ReportErrors at line 3172 of /builds/omniverse/usd-ci/USD/pxr/usd/usd/stage.cpp -- In </jackal/mid_mount/visuals>: Unresolved reference prim path @anon:0x59bfd7ed8f50:World1.usd@</visuals/mid_mount> introduced by @anon:0x59bfd7ed8f50:World1.usd@</jackal/mid_mount/visuals> (recomposing stage on stage @anon:0x59bfd7ed8f50:World1.usd@ <0x59bfd45dce10>)
[python-1] 
[python-1] 2026-09-08T13:12:29Z [27,234ms] [Warning] [isaacsim.asset.importer.urdf] Link mid_mount has no colliders, and no inertia was imported; assigning a small isotropic inertia matrix
[python-1] 2026-09-08T13:12:29Z [27,251ms] [Warning] [isaacsim.asset.importer.urdf] No mass specified for link front_mount
[python-1] 2026-09-08T13:12:29Z [27,252ms] [Warning] [omni.usd] Warning: in _ReportErrors at line 3172 of /builds/omniverse/usd-ci/USD/pxr/usd/usd/stage.cpp -- In </jackal/front_mount/visuals>: Unresolved reference prim path @anon:0x59bfd7ed8f50:World1.usd@</visuals/front_mount> introduced by @anon:0x59bfd7ed8f50:World1.usd@</jackal/front_mount/visuals> (recomposing stage on stage @anon:0x59bfd7ed8f50:World1.usd@ <0x59bfd45dce10>)
[python-1] 
[python-1] 2026-09-08T13:12:29Z [27,252ms] [Warning] [omni.usd] Warning: in _ReportErrors at line 3172 of /builds/omniverse/usd-ci/USD/pxr/usd/usd/stage.cpp -- In </jackal/front_mount/visuals>: Unresolved reference prim path @anon:0x59bfd7ed8f50:World1.usd@</visuals/front_mount> introduced by @anon:0x59bfd7ed8f50:World1.usd@</jackal/front_mount/visuals> (recomposing stage on stage @anon:0x59bfd7ed8f50:World1.usd@ <0x59bfd45dce10>)
[python-1] 
[python-1] 2026-09-08T13:12:29Z [27,252ms] [Warning] [omni.usd] Warning: in _ReportErrors at line 3172 of /builds/omniverse/usd-ci/USD/pxr/usd/usd/stage.cpp -- In </jackal/front_mount/visuals>: Unresolved reference prim path @anon:0x59bfd7ed8f50:World1.usd@</visuals/front_mount> introduced by @anon:0x59bfd7ed8f50:World1.usd@</jackal/front_mount/visuals> (recomposing stage on stage @anon:0x59bfd7ed8f50:World1.usd@ <0x59bfd45dce10>)
[python-1] 
[python-1] 2026-09-08T13:12:29Z [27,252ms] [Warning] [omni.usd] Warning: in _ReportErrors at line 3172 of /builds/omniverse/usd-ci/USD/pxr/usd/usd/stage.cpp -- In </jackal/front_mount/visuals>: Unresolved reference prim path @anon:0x59bfd7ed8f50:World1.usd@</visuals/front_mount> introduced by @anon:0x59bfd7ed8f50:World1.usd@</jackal/front_mount/visuals> (recomposing stage on stage @anon:0x59bfd7ed8f50:World1.usd@ <0x59bfd45dce10>)
[python-1] 
[python-1] 2026-09-08T13:12:29Z [27,253ms] [Warning] [omni.usd] Warning: in _ReportErrors at line 3172 of /builds/omniverse/usd-ci/USD/pxr/usd/usd/stage.cpp -- In </jackal/front_mount/visuals>: Unresolved reference prim path @anon:0x59bfd7ed8f50:World1.usd@</visuals/front_mount> introduced by @anon:0x59bfd7ed8f50:World1.usd@</jackal/front_mount/visuals> (recomposing stage on stage @anon:0x59bfd7ed8f50:World1.usd@ <0x59bfd45dce10>)
[python-1] 
[python-1] 2026-09-08T13:12:29Z [27,253ms] [Warning] [omni.usd] Warning: in _ReportErrors at line 3172 of /builds/omniverse/usd-ci/USD/pxr/usd/usd/stage.cpp -- In </jackal/front_mount/visuals>: Unresolved reference prim path @anon:0x59bfd7ed8f50:World1.usd@</visuals/front_mount> introduced by @anon:0x59bfd7ed8f50:World1.usd@</jackal/front_mount/visuals> (recomposing stage on stage @anon:0x59bfd7ed8f50:World1.usd@ <0x59bfd45dce10>)
[python-1] 
[python-1] 2026-09-08T13:12:29Z [27,254ms] [Warning] [isaacsim.asset.importer.urdf] Link front_mount has no colliders, and no inertia was imported; assigning a small isotropic inertia matrix
[python-1] 2026-09-08T13:12:29Z [27,271ms] [Warning] [isaacsim.asset.importer.urdf] No mass specified for link rear_mount
[python-1] 2026-09-08T13:12:29Z [27,272ms] [Warning] [omni.usd] Warning: in _ReportErrors at line 3172 of /builds/omniverse/usd-ci/USD/pxr/usd/usd/stage.cpp -- In </jackal/rear_mount/visuals>: Unresolved reference prim path @anon:0x59bfd7ed8f50:World1.usd@</visuals/rear_mount> introduced by @anon:0x59bfd7ed8f50:World1.usd@</jackal/rear_mount/visuals> (recomposing stage on stage @anon:0x59bfd7ed8f50:World1.usd@ <0x59bfd45dce10>)
[python-1] 
[python-1] 2026-09-08T13:12:29Z [27,272ms] [Warning] [omni.usd] Warning: in _ReportErrors at line 3172 of /builds/omniverse/usd-ci/USD/pxr/usd/usd/stage.cpp -- In </jackal/rear_mount/visuals>: Unresolved reference prim path @anon:0x59bfd7ed8f50:World1.usd@</visuals/rear_mount> introduced by @anon:0x59bfd7ed8f50:World1.usd@</jackal/rear_mount/visuals> (recomposing stage on stage @anon:0x59bfd7ed8f50:World1.usd@ <0x59bfd45dce10>)
[python-1] 
[controller_server-7] [INFO] [1788873149.311022721] [local_costmap.local_costmap]: Timed out waiting for transform from base_link to odom to become available, tf error: Invalid frame ID "odom" passed to canTransform argument target_frame - frame does not exist
[python-1] 2026-09-08T13:12:29Z [27,272ms] [Warning] [omni.usd] Warning: in _ReportErrors at line 3172 of /builds/omniverse/usd-ci/USD/pxr/usd/usd/stage.cpp -- In </jackal/rear_mount/visuals>: Unresolved reference prim path @anon:0x59bfd7ed8f50:World1.usd@</visuals/rear_mount> introduced by @anon:0x59bfd7ed8f50:World1.usd@</jackal/rear_mount/visuals> (recomposing stage on stage @anon:0x59bfd7ed8f50:World1.usd@ <0x59bfd45dce10>)
[python-1] 
[python-1] 2026-09-08T13:12:29Z [27,273ms] [Warning] [omni.usd] Warning: in _ReportErrors at line 3172 of /builds/omniverse/usd-ci/USD/pxr/usd/usd/stage.cpp -- In </jackal/rear_mount/visuals>: Unresolved reference prim path @anon:0x59bfd7ed8f50:World1.usd@</visuals/rear_mount> introduced by @anon:0x59bfd7ed8f50:World1.usd@</jackal/rear_mount/visuals> (recomposing stage on stage @anon:0x59bfd7ed8f50:World1.usd@ <0x59bfd45dce10>)
[python-1] 
[python-1] 2026-09-08T13:12:29Z [27,273ms] [Warning] [omni.usd] Warning: in _ReportErrors at line 3172 of /builds/omniverse/usd-ci/USD/pxr/usd/usd/stage.cpp -- In </jackal/rear_mount/visuals>: Unresolved reference prim path @anon:0x59bfd7ed8f50:World1.usd@</visuals/rear_mount> introduced by @anon:0x59bfd7ed8f50:World1.usd@</jackal/rear_mount/visuals> (recomposing stage on stage @anon:0x59bfd7ed8f50:World1.usd@ <0x59bfd45dce10>)
[python-1] 
[python-1] 2026-09-08T13:12:29Z [27,273ms] [Warning] [omni.usd] Warning: in _ReportErrors at line 3172 of /builds/omniverse/usd-ci/USD/pxr/usd/usd/stage.cpp -- In </jackal/rear_mount/visuals>: Unresolved reference prim path @anon:0x59bfd7ed8f50:World1.usd@</visuals/rear_mount> introduced by @anon:0x59bfd7ed8f50:World1.usd@</jackal/rear_mount/visuals> (recomposing stage on stage @anon:0x59bfd7ed8f50:World1.usd@ <0x59bfd45dce10>)
[python-1] 
[python-1] 2026-09-08T13:12:29Z [27,274ms] [Warning] [isaacsim.asset.importer.urdf] Link rear_mount has no colliders, and no inertia was imported; assigning a small isotropic inertia matrix
[python-1] 2026-09-08T13:12:29Z [27,292ms] [Warning] [isaacsim.asset.importer.urdf] No mass specified for link navsat_link
[python-1] 2026-09-08T13:12:29Z [27,303ms] [Warning] [isaacsim.asset.importer.urdf] Link navsat_link has no colliders, and no inertia was imported; assigning a small isotropic inertia matrix
[python-1] 2026-09-08T13:12:29Z [27,320ms] [Warning] [isaacsim.asset.importer.urdf] No mass specified for link rear_fender_link
[python-1] 2026-09-08T13:12:29Z [27,330ms] [Warning] [isaacsim.asset.importer.urdf] Link rear_fender_link has no colliders, and no inertia was imported; assigning a small isotropic inertia matrix
[python-1] 2026-09-08T13:12:29Z [27,449ms] [Warning] [omni.usd] Warning: in _ReportErrors at line 3172 of /builds/omniverse/usd-ci/USD/pxr/usd/usd/stage.cpp -- In </World/arena_robot/rear_mount/visuals>: Unresolved reference prim path @anon:0x59bfd7ed8f50:World1.usd@</visuals/rear_mount> introduced by @anon:0x59bfd7ed8f50:World1.usd@</World/arena_robot/rear_mount/visuals> (recomposing stage on stage @anon:0x59bfd7ed8f50:World1.usd@ <0x59bfd45dce10>)
[python-1] 
[python-1] 2026-09-08T13:12:29Z [27,449ms] [Warning] [omni.usd] Warning: in _ReportErrors at line 3172 of /builds/omniverse/usd-ci/USD/pxr/usd/usd/stage.cpp -- In </World/arena_robot/rear_mount/visuals>: Unresolved reference prim path @anon:0x59bfd7ed8f50:World1.usd@</visuals/rear_mount> introduced by @anon:0x59bfd7ed8f50:World1.usd@</World/arena_robot/rear_mount/visuals> (recomposing stage on stage @anon:0x59bfd7ed8f50:World1.usd@ <0x59bfd45dce10>)
[python-1] 
[python-1] 2026-09-08T13:12:29Z [27,449ms] [Warning] [omni.usd] Warning: in _ReportErrors at line 3172 of /builds/omniverse/usd-ci/USD/pxr/usd/usd/stage.cpp -- In </World/arena_robot/rear_mount/visuals>: Unresolved reference prim path @anon:0x59bfd7ed8f50:World1.usd@</visuals/rear_mount> introduced by @anon:0x59bfd7ed8f50:World1.usd@</World/arena_robot/rear_mount/visuals> (recomposing stage on stage @anon:0x59bfd7ed8f50:World1.usd@ <0x59bfd45dce10>)
[python-1] 
[python-1] 2026-09-08T13:12:29Z [27,449ms] [Warning] [omni.usd] Warning: in _ReportErrors at line 3172 of /builds/omniverse/usd-ci/USD/pxr/usd/usd/stage.cpp -- In </World/arena_robot/front_mount/visuals>: Unresolved reference prim path @anon:0x59bfd7ed8f50:World1.usd@</visuals/front_mount> introduced by @anon:0x59bfd7ed8f50:World1.usd@</World/arena_robot/front_mount/visuals> (recomposing stage on stage @anon:0x59bfd7ed8f50:World1.usd@ <0x59bfd45dce10>)
[python-1] 
[python-1] 2026-09-08T13:12:29Z [27,449ms] [Warning] [omni.usd] Warning: in _ReportErrors at line 3172 of /builds/omniverse/usd-ci/USD/pxr/usd/usd/stage.cpp -- In </World/arena_robot/front_mount/visuals>: Unresolved reference prim path @anon:0x59bfd7ed8f50:World1.usd@</visuals/front_mount> introduced by @anon:0x59bfd7ed8f50:World1.usd@</World/arena_robot/front_mount/visuals> (recomposing stage on stage @anon:0x59bfd7ed8f50:World1.usd@ <0x59bfd45dce10>)
[python-1] 
[python-1] 2026-09-08T13:12:29Z [27,449ms] [Warning] [omni.usd] Warning: in _ReportErrors at line 3172 of /builds/omniverse/usd-ci/USD/pxr/usd/usd/stage.cpp -- In </World/arena_robot/front_mount/visuals>: Unresolved reference prim path @anon:0x59bfd7ed8f50:World1.usd@</visuals/front_mount> introduced by @anon:0x59bfd7ed8f50:World1.usd@</World/arena_robot/front_mount/visuals> (recomposing stage on stage @anon:0x59bfd7ed8f50:World1.usd@ <0x59bfd45dce10>)
[python-1] 
[python-1] 2026-09-08T13:12:29Z [27,449ms] [Warning] [omni.usd] Warning: in _ReportErrors at line 3172 of /builds/omniverse/usd-ci/USD/pxr/usd/usd/stage.cpp -- In </World/arena_robot/imu_link/visuals>: Unresolved reference prim path @anon:0x59bfd7ed8f50:World1.usd@</visuals/imu_link> introduced by @anon:0x59bfd7ed8f50:World1.usd@</World/arena_robot/imu_link/visuals> (recomposing stage on stage @anon:0x59bfd7ed8f50:World1.usd@ <0x59bfd45dce10>)
[python-1] 
[python-1] 2026-09-08T13:12:29Z [27,449ms] [Warning] [omni.usd] Warning: in _ReportErrors at line 3172 of /builds/omniverse/usd-ci/USD/pxr/usd/usd/stage.cpp -- In </World/arena_robot/imu_link/visuals>: Unresolved reference prim path @anon:0x59bfd7ed8f50:World1.usd@</visuals/imu_link> introduced by @anon:0x59bfd7ed8f50:World1.usd@</World/arena_robot/imu_link/visuals> (recomposing stage on stage @anon:0x59bfd7ed8f50:World1.usd@ <0x59bfd45dce10>)
[python-1] 
[python-1] 2026-09-08T13:12:29Z [27,449ms] [Warning] [omni.usd] Warning: in _ReportErrors at line 3172 of /builds/omniverse/usd-ci/USD/pxr/usd/usd/stage.cpp -- In </World/arena_robot/imu_link/visuals>: Unresolved reference prim path @anon:0x59bfd7ed8f50:World1.usd@</visuals/imu_link> introduced by @anon:0x59bfd7ed8f50:World1.usd@</World/arena_robot/imu_link/visuals> (recomposing stage on stage @anon:0x59bfd7ed8f50:World1.usd@ <0x59bfd45dce10>)
[python-1] 
[python-1] 2026-09-08T13:12:29Z [27,449ms] [Warning] [omni.usd] Warning: in _ReportErrors at line 3172 of /builds/omniverse/usd-ci/USD/pxr/usd/usd/stage.cpp -- In </World/arena_robot/mid_mount/visuals>: Unresolved reference prim path @anon:0x59bfd7ed8f50:World1.usd@</visuals/mid_mount> introduced by @anon:0x59bfd7ed8f50:World1.usd@</World/arena_robot/mid_mount/visuals> (recomposing stage on stage @anon:0x59bfd7ed8f50:World1.usd@ <0x59bfd45dce10>)
[python-1] 
[python-1] 2026-09-08T13:12:29Z [27,449ms] [Warning] [omni.usd] Warning: in _ReportErrors at line 3172 of /builds/omniverse/usd-ci/USD/pxr/usd/usd/stage.cpp -- In </World/arena_robot/mid_mount/visuals>: Unresolved reference prim path @anon:0x59bfd7ed8f50:World1.usd@</visuals/mid_mount> introduced by @anon:0x59bfd7ed8f50:World1.usd@</World/arena_robot/mid_mount/visuals> (recomposing stage on stage @anon:0x59bfd7ed8f50:World1.usd@ <0x59bfd45dce10>)
[python-1] 
[python-1] 2026-09-08T13:12:29Z [27,449ms] [Warning] [omni.usd] Warning: in _ReportErrors at line 3172 of /builds/omniverse/usd-ci/USD/pxr/usd/usd/stage.cpp -- In </World/arena_robot/mid_mount/visuals>: Unresolved reference prim path @anon:0x59bfd7ed8f50:World1.usd@</visuals/mid_mount> introduced by @anon:0x59bfd7ed8f50:World1.usd@</World/arena_robot/mid_mount/visuals> (recomposing stage on stage @anon:0x59bfd7ed8f50:World1.usd@ <0x59bfd45dce10>)
[python-1] 
[python-1] 2026-09-08T13:12:29Z [27,449ms] [Warning] [omni.usd] Warning: in _ReportErrors at line 3172 of /builds/omniverse/usd-ci/USD/pxr/usd/usd/stage.cpp -- In </World/arena_robot/base_link/visuals>: Unresolved reference prim path @anon:0x59bfd7ed8f50:World1.usd@</visuals/base_link> introduced by @anon:0x59bfd7ed8f50:World1.usd@</World/arena_robot/base_link/visuals> (recomposing stage on stage @anon:0x59bfd7ed8f50:World1.usd@ <0x59bfd45dce10>)
[python-1] 
[python-1] 2026-09-08T13:12:29Z [27,449ms] [Warning] [omni.usd] Warning: in _ReportErrors at line 3172 of /builds/omniverse/usd-ci/USD/pxr/usd/usd/stage.cpp -- In </World/arena_robot/base_link/visuals>: Unresolved reference prim path @anon:0x59bfd7ed8f50:World1.usd@</visuals/base_link> introduced by @anon:0x59bfd7ed8f50:World1.usd@</World/arena_robot/base_link/visuals> (recomposing stage on stage @anon:0x59bfd7ed8f50:World1.usd@ <0x59bfd45dce10>)
[python-1] 
[controller_server-7] [INFO] [1788873149.811040868] [local_costmap.local_costmap]: Timed out waiting for transform from base_link to odom to become available, tf error: Invalid frame ID "odom" passed to canTransform argument target_frame - frame does not exist
[controller_server-7] [INFO] [1788873150.311034496] [local_costmap.local_costmap]: Timed out waiting for transform from base_link to odom to become available, tf error: Invalid frame ID "odom" passed to canTransform argument target_frame - frame does not exist
[controller_server-7] [INFO] [1788873150.811044107] [local_costmap.local_costmap]: Timed out waiting for transform from base_link to odom to become available, tf error: Invalid frame ID "odom" passed to canTransform argument target_frame - frame does not exist
[controller_server-7] [INFO] [1788873151.311050263] [local_costmap.local_costmap]: Timed out waiting for transform from base_link to odom to become available, tf error: Invalid frame ID "odom" passed to canTransform argument target_frame - frame does not exist
[controller_server-7] [INFO] [1788873151.811047501] [local_costmap.local_costmap]: Timed out waiting for transform from base_link to odom to become available, tf error: Invalid frame ID "odom" passed to canTransform argument target_frame - frame does not exist
[controller_server-7] [INFO] [1788873152.311043526] [local_costmap.local_costmap]: Timed out waiting for transform from base_link to odom to become available, tf error: Invalid frame ID "odom" passed to canTransform argument target_frame - frame does not exist
[controller_server-7] [INFO] [1788873152.811040973] [local_costmap.local_costmap]: Timed out waiting for transform from base_link to odom to become available, tf error: Invalid frame ID "odom" passed to canTransform argument target_frame - frame does not exist
[controller_server-7] [INFO] [1788873153.311044826] [local_costmap.local_costmap]: Timed out waiting for transform from base_link to odom to become available, tf error: Invalid frame ID "odom" passed to canTransform argument target_frame - frame does not exist
[controller_server-7] [INFO] [1788873153.811041341] [local_costmap.local_costmap]: Timed out waiting for transform from base_link to odom to become available, tf error: Invalid frame ID "odom" passed to canTransform argument target_frame - frame does not exist
[controller_server-7] [INFO] [1788873154.311017013] [local_costmap.local_costmap]: Timed out waiting for transform from base_link to odom to become available, tf error: Invalid frame ID "odom" passed to canTransform argument target_frame - frame does not exist
[scene_bridge-2] [INFO] [1788873154.545014038] [arena_scene_bridge]: SCENE_ROBOT_OK path=/World/arena_robot model=jackal
[controller_server-7] [INFO] [1788873154.811019479] [local_costmap.local_costmap]: Timed out waiting for transform from base_link to odom to become available, tf error: Invalid frame ID "odom" passed to canTransform argument target_frame - frame does not exist
[controller_server-7] [INFO] [1788873155.311176240] [local_costmap.local_costmap]: start
[controller_server-7] [INFO] [1788873155.412669510] [controller_server]: Creating bond (controller_server) to lifecycle manager.
[lifecycle_manager-14] [INFO] [1788873155.520494072] [lifecycle_manager_navigation]: Server controller_server connected with bond.
[lifecycle_manager-14] [INFO] [1788873155.520615196] [lifecycle_manager_navigation]: [34m[1mActivating smoother_server[0m[0m
[smoother_server-8] [INFO] [1788873155.521161149] [smoother_server]: Activating
[smoother_server-8] [INFO] [1788873155.521295022] [smoother_server]: Creating bond (smoother_server) to lifecycle manager.
[lifecycle_manager-14] [INFO] [1788873155.628249082] [lifecycle_manager_navigation]: Server smoother_server connected with bond.
[lifecycle_manager-14] [INFO] [1788873155.628335912] [lifecycle_manager_navigation]: [34m[1mActivating planner_server[0m[0m
[planner_server-9] [INFO] [1788873155.628797349] [planner_server]: Activating
[planner_server-9] [INFO] [1788873155.628923611] [global_costmap.global_costmap]: Activating
[planner_server-9] [INFO] [1788873155.628959120] [global_costmap.global_costmap]: Checking transform
[planner_server-9] [INFO] [1788873155.629291557] [global_costmap.global_costmap]: start
[planner_server-9] [INFO] [1788873155.880785029] [planner_server]: Activating plugin GridBased of type NavfnPlanner
[planner_server-9] [INFO] [1788873155.882782840] [planner_server]: Creating bond (planner_server) to lifecycle manager.
[lifecycle_manager-14] [INFO] [1788873155.990386236] [lifecycle_manager_navigation]: Server planner_server connected with bond.
[lifecycle_manager-14] [INFO] [1788873155.990474510] [lifecycle_manager_navigation]: [34m[1mActivating behavior_server[0m[0m
[behavior_server-10] [INFO] [1788873155.990911247] [behavior_server]: Activating
[behavior_server-10] [INFO] [1788873155.990974396] [behavior_server]: Activating spin
[behavior_server-10] [INFO] [1788873155.990997082] [behavior_server]: Activating backup
[behavior_server-10] [INFO] [1788873155.991013514] [behavior_server]: Activating drive_on_heading
[behavior_server-10] [INFO] [1788873155.991029389] [behavior_server]: Activating wait
[behavior_server-10] [INFO] [1788873155.991045105] [behavior_server]: Creating bond (behavior_server) to lifecycle manager.
[lifecycle_manager-14] [INFO] [1788873156.098274477] [lifecycle_manager_navigation]: Server behavior_server connected with bond.
[lifecycle_manager-14] [INFO] [1788873156.098355645] [lifecycle_manager_navigation]: [34m[1mActivating bt_navigator[0m[0m
[bt_navigator-11] [INFO] [1788873156.098728212] [bt_navigator]: Activating
[bt_navigator-11] [INFO] [1788873156.113754685] [bt_navigator]: Creating bond (bt_navigator) to lifecycle manager.
[lifecycle_manager-14] [INFO] [1788873156.220316661] [lifecycle_manager_navigation]: Server bt_navigator connected with bond.
[lifecycle_manager-14] [INFO] [1788873156.220427677] [lifecycle_manager_navigation]: [34m[1mActivating waypoint_follower[0m[0m
[waypoint_follower-12] [INFO] [1788873156.220897764] [waypoint_follower]: Activating
[waypoint_follower-12] [INFO] [1788873156.220990279] [waypoint_follower]: Creating bond (waypoint_follower) to lifecycle manager.
[planner_server-9] [INFO] [1788873156.301526469] [global_costmap.global_costmap]: Received request to clear entirely the global_costmap
[controller_server-7] [INFO] [1788873156.304436436] [local_costmap.local_costmap]: Received request to clear entirely the local_costmap
[lifecycle_manager-14] [INFO] [1788873156.328930101] [lifecycle_manager_navigation]: Server waypoint_follower connected with bond.
[lifecycle_manager-14] [INFO] [1788873156.329011840] [lifecycle_manager_navigation]: [34m[1mActivating velocity_smoother[0m[0m
[velocity_smoother-13] [INFO] [1788873156.329485705] [velocity_smoother]: Activating
[velocity_smoother-13] [INFO] [1788873156.329575047] [velocity_smoother]: Creating bond (velocity_smoother) to lifecycle manager.
[lifecycle_manager-14] [INFO] [1788873156.438049007] [lifecycle_manager_navigation]: Server velocity_smoother connected with bond.
[lifecycle_manager-14] [INFO] [1788873156.438138750] [lifecycle_manager_navigation]: [34m[1mManaged nodes are active[0m[0m
[lifecycle_manager-14] [INFO] [1788873156.438157957] [lifecycle_manager_navigation]: [34m[1mCreating bond timer...[0m[0m
[controller_server-7] [WARN] [1788873157.411676285] [local_costmap.local_costmap]: The /lidar observation buffer has not been updated for 0.35 seconds, and it should be updated every 0.30 seconds.
[controller_server-7] [WARN] [1788873157.411803672] [local_costmap.local_costmap]: The /lidar observation buffer has not been updated for 0.35 seconds, and it should be updated every 0.30 seconds.
[controller_server-7] [WARN] [1788873157.511595126] [local_costmap.local_costmap]: The /lidar observation buffer has not been updated for 0.43 seconds, and it should be updated every 0.30 seconds.
[controller_server-7] [WARN] [1788873157.511694845] [local_costmap.local_costmap]: The /lidar observation buffer has not been updated for 0.43 seconds, and it should be updated every 0.30 seconds.
[controller_server-7] [WARN] [1788873157.611555881] [local_costmap.local_costmap]: The /lidar observation buffer has not been updated for 0.53 seconds, and it should be updated every 0.30 seconds.
[controller_server-7] [WARN] [1788873157.611649187] [local_costmap.local_costmap]: The /lidar observation buffer has not been updated for 0.53 seconds, and it should be updated every 0.30 seconds.
[controller_server-7] [WARN] [1788873157.711554474] [local_costmap.local_costmap]: The /lidar observation buffer has not been updated for 0.62 seconds, and it should be updated every 0.30 seconds.
[controller_server-7] [WARN] [1788873157.711653096] [local_costmap.local_costmap]: The /lidar observation buffer has not been updated for 0.62 seconds, and it should be updated every 0.30 seconds.
[controller_server-7] [WARN] [1788873157.811542726] [local_costmap.local_costmap]: The /lidar observation buffer has not been updated for 0.70 seconds, and it should be updated every 0.30 seconds.
[controller_server-7] [WARN] [1788873157.811646480] [local_costmap.local_costmap]: The /lidar observation buffer has not been updated for 0.70 seconds, and it should be updated every 0.30 seconds.
[planner_server-9] [WARN] [1788873157.829477960] [global_costmap.global_costmap]: The /lidar observation buffer has not been updated for 0.72 seconds, and it should be updated every 0.30 seconds.
[controller_server-7] [WARN] [1788873157.911542361] [local_costmap.local_costmap]: The /lidar observation buffer has not been updated for 0.80 seconds, and it should be updated every 0.30 seconds.
[controller_server-7] [WARN] [1788873157.911637390] [local_costmap.local_costmap]: The /lidar observation buffer has not been updated for 0.80 seconds, and it should be updated every 0.30 seconds.
[controller_server-7] [WARN] [1788873158.011480636] [local_costmap.local_costmap]: The /lidar observation buffer has not been updated for 0.88 seconds, and it should be updated every 0.30 seconds.
[controller_server-7] [WARN] [1788873158.011578929] [local_costmap.local_costmap]: The /lidar observation buffer has not been updated for 0.88 seconds, and it should be updated every 0.30 seconds.
[planner_server-9] [WARN] [1788873158.029489962] [global_costmap.global_costmap]: The /lidar observation buffer has not been updated for 0.90 seconds, and it should be updated every 0.30 seconds.
[bt_navigator-11] [INFO] [1788873158.637254004] [bt_navigator]: Begin navigating from current location (3.00, 3.00) to (3.00, 3.00)
[controller_server-7] [INFO] [1788873158.838357827] [controller_server]: Received a goal, begin computing control effort.
[controller_server-7] [WARN] [1788873158.838473252] [controller_server]: No goal checker was specified in parameter 'current_goal_checker'. Server will use only plugin loaded goal_checker . This warning will appear once.
[controller_server-7] [ERROR] [1788873159.285415981] [controller_server]: predicted trajectory failed full-footprint costmap check
[controller_server-7] [WARN] [1788873159.285493273] [controller_server]: [follow_path] [ActionServer] Aborting handle.
[controller_server-7] [INFO] [1788873159.338283201] [controller_server]: Received a goal, begin computing control effort.
[controller_server-7] [ERROR] [1788873159.384669659] [controller_server]: predicted trajectory failed full-footprint costmap check
[controller_server-7] [WARN] [1788873159.384738454] [controller_server]: [follow_path] [ActionServer] Aborting handle.
[bt_navigator-11] [WARN] [1788873159.637452907] [bt_navigator]: [navigate_to_pose] [ActionServer] Aborting handle.
[bt_navigator-11] [ERROR] [1788873159.637692623] [bt_navigator]: Goal failed
[bt_navigator-11] [INFO] [1788873159.639545595] [bt_navigator]: Begin navigating from current location (3.00, 3.00) to (3.00, 3.00)
[controller_server-7] [INFO] [1788873159.840264063] [controller_server]: Received a goal, begin computing control effort.
[controller_server-7] [ERROR] [1788873159.887998373] [controller_server]: predicted trajectory failed full-footprint costmap check
[controller_server-7] [WARN] [1788873159.888081068] [controller_server]: [follow_path] [ActionServer] Aborting handle.
[bt_navigator-11] [WARN] [1788873160.139722086] [bt_navigator]: [navigate_to_pose] [ActionServer] Aborting handle.
[bt_navigator-11] [ERROR] [1788873160.139969325] [bt_navigator]: Goal failed
[bt_navigator-11] [INFO] [1788873160.141203242] [bt_navigator]: Begin navigating from current location (3.00, 3.00) to (3.00, 3.00)
[controller_server-7] [INFO] [1788873160.341959454] [controller_server]: Received a goal, begin computing control effort.
[controller_server-7] [ERROR] [1788873160.395432122] [controller_server]: predicted trajectory failed full-footprint costmap check
[controller_server-7] [WARN] [1788873160.395514778] [controller_server]: [follow_path] [ActionServer] Aborting handle.
[bt_navigator-11] [WARN] [1788873160.641404913] [bt_navigator]: [navigate_to_pose] [ActionServer] Aborting handle.
[bt_navigator-11] [ERROR] [1788873160.641640973] [bt_navigator]: Goal failed
[bt_navigator-11] [INFO] [1788873160.642903411] [bt_navigator]: Begin navigating from current location (3.00, 3.00) to (3.00, 3.00)
[controller_server-7] [INFO] [1788873160.844220740] [controller_server]: Received a goal, begin computing control effort.
[controller_server-7] [INFO] [1788873160.905927358] [controller_server]: Reached the goal!
[mpc_command_watchdog-15] [WARN] [1788873160.916999462] [mpc_command_watchdog]: publishing zero command: command_sequence
[mpc_command_watchdog-15] [INFO] [1788873160.937000062] [mpc_command_watchdog]: command forwarding enabled
[mpc_command_watchdog-15] [WARN] [1788873161.157043077] [mpc_command_watchdog]: publishing zero command: status_lease
[bt_navigator-11] [INFO] [1788873161.243244646] [bt_navigator]: Goal succeeded
[bt_navigator-11] [INFO] [1788873161.245001435] [bt_navigator]: Begin navigating from current location (3.00, 3.00) to (3.00, 3.00)
[controller_server-7] [INFO] [1788873161.445844128] [controller_server]: Received a goal, begin computing control effort.
[mpc_command_watchdog-15] [WARN] [1788873161.497084518] [mpc_command_watchdog]: publishing zero command: controller_status
[controller_server-7] [ERROR] [1788873161.892519192] [controller_server]: predicted trajectory failed full-footprint costmap check
[controller_server-7] [WARN] [1788873161.892606971] [controller_server]: [follow_path] [ActionServer] Aborting handle.
[controller_server-7] [INFO] [1788873161.945646906] [controller_server]: Received a goal, begin computing control effort.
[controller_server-7] [ERROR] [1788873161.991100246] [controller_server]: predicted trajectory failed full-footprint costmap check
[controller_server-7] [WARN] [1788873161.991174924] [controller_server]: [follow_path] [ActionServer] Aborting handle.
[bt_navigator-11] [WARN] [1788873162.245168131] [bt_navigator]: [navigate_to_pose] [ActionServer] Aborting handle.
[bt_navigator-11] [ERROR] [1788873162.245487202] [bt_navigator]: Goal failed
[lifecycle_manager-14] [INFO] [1788873162.477932782] [rclcpp]: signal_handler(signum=2)
[velocity_smoother-13] [INFO] [1788873162.477931884] [rclcpp]: signal_handler(signum=2)
[waypoint_follower-12] [INFO] [1788873162.477936926] [rclcpp]: signal_handler(signum=2)
[bt_navigator-11] [INFO] [1788873162.477939793] [rclcpp]: signal_handler(signum=2)
[bt_navigator-11] [INFO] [1788873162.478059348] [bt_navigator]: Running Nav2 LifecycleNode rcl preshutdown (bt_navigator)
[mpc_command_watchdog-15] [INFO] [1788873162.477932822] [rclcpp]: signal_handler(signum=2)
[behavior_server-10] [INFO] [1788873162.477950897] [rclcpp]: signal_handler(signum=2)
[behavior_server-10] [INFO] [1788873162.478170123] [behavior_server]: Running Nav2 LifecycleNode rcl preshutdown (behavior_server)
[planner_server-9] [INFO] [1788873162.477952116] [rclcpp]: signal_handler(signum=2)
[planner_server-9] [INFO] [1788873162.478058992] [planner_server]: Running Nav2 LifecycleNode rcl preshutdown (planner_server)
[planner_server-9] [INFO] [1788873162.478143746] [planner_server]: Deactivating
[planner_server-9] [INFO] [1788873162.478184156] [global_costmap.global_costmap]: Deactivating
[smoother_server-8] [INFO] [1788873162.477955509] [rclcpp]: signal_handler(signum=2)
[smoother_server-8] [INFO] [1788873162.478169372] [smoother_server]: Running Nav2 LifecycleNode rcl preshutdown (smoother_server)
[lifecycle_manager-6] [INFO] [1788873162.477970337] [rclcpp]: signal_handler(signum=2)
[lifecycle_manager-6] [INFO] [1788873162.478157059] [lifecycle_manager_map]: Running Nav2 LifecycleManager rcl preshutdown (lifecycle_manager_map)
[map_server-5] [INFO] [1788873162.477972015] [rclcpp]: signal_handler(signum=2)
[map_server-5] [INFO] [1788873162.478207061] [map_server]: Running Nav2 LifecycleNode rcl preshutdown (map_server)
[controller_server-7] [INFO] [1788873162.477973017] [rclcpp]: signal_handler(signum=2)
[controller_server-7] [INFO] [1788873162.478130725] [controller_server]: Running Nav2 LifecycleNode rcl preshutdown (controller_server)
[robot_state_publisher-3] [INFO] [1788873162.477991124] [rclcpp]: signal_handler(signum=2)
[lifecycle_manager-14] [INFO] [1788873162.478113194] [lifecycle_manager_navigation]: Running Nav2 LifecycleManager rcl preshutdown (lifecycle_manager_navigation)
[lifecycle_manager-14] [INFO] [1788873162.478203735] [lifecycle_manager_navigation]: [34m[1mTerminating bond timer...[0m[0m
[velocity_smoother-13] [INFO] [1788873162.478155059] [velocity_smoother]: Running Nav2 LifecycleNode rcl preshutdown (velocity_smoother)
[velocity_smoother-13] [INFO] [1788873162.478292736] [velocity_smoother]: Deactivating
[velocity_smoother-13] [INFO] [1788873162.478335788] [velocity_smoother]: Destroying bond (velocity_smoother) to lifecycle manager.
[waypoint_follower-12] [INFO] [1788873162.478170283] [waypoint_follower]: Running Nav2 LifecycleNode rcl preshutdown (waypoint_follower)
[waypoint_follower-12] [INFO] [1788873162.478318018] [waypoint_follower]: Deactivating
[waypoint_follower-12] [INFO] [1788873162.478352536] [waypoint_follower]: Destroying bond (waypoint_follower) to lifecycle manager.
[bt_navigator-11] [INFO] [1788873162.478196783] [bt_navigator]: Deactivating
[bt_navigator-11] [INFO] [1788873162.478264422] [bt_navigator]: Destroying bond (bt_navigator) to lifecycle manager.
[lifecycle_manager-6] [INFO] [1788873162.478279410] [lifecycle_manager_map]: [34m[1mTerminating bond timer...[0m[0m
[behavior_server-10] [INFO] [1788873162.478293337] [behavior_server]: Deactivating
[behavior_server-10] [INFO] [1788873162.478359161] [behavior_server]: Destroying bond (behavior_server) to lifecycle manager.
[smoother_server-8] [INFO] [1788873162.478332461] [smoother_server]: Deactivating
[smoother_server-8] [INFO] [1788873162.478382960] [smoother_server]: Destroying bond (smoother_server) to lifecycle manager.
[map_server-5] [INFO] [1788873162.478344968] [map_server]: Deactivating
[map_server-5] [INFO] [1788873162.478375403] [map_server]: Destroying bond (map_server) to lifecycle manager.
[controller_server-7] [INFO] [1788873162.478406602] [controller_server]: Deactivating
[controller_server-7] [INFO] [1788873162.478572983] [local_costmap.local_costmap]: Deactivating
[scene_bridge-2] [FATAL] [1788873162.481397156] [arena_scene_bridge]: failed to initialize wait set: the given context is not valid, either rcl_init() was not called or rcl_shutdown() was called., at /home/runner/conda-bld/bld/rattler-build_ros-humble-rcl_1753312600/work/ros-humble-rcl/src/work/src/rcl/wait.c:130
[scene_bridge-2] Failed to publish log message to rosout: publisher's context is invalid, at /home/runner/conda-bld/bld/rattler-build_ros-humble-rcl_1753312600/work/ros-humble-rcl/src/work/src/rcl/publisher.c:389
[bt_navigator-11] [INFO] [1788873162.488575741] [bt_navigator]: Cleaning up
[velocity_smoother-13] [INFO] [1788873162.488680645] [velocity_smoother]: Cleaning up
[velocity_smoother-13] [INFO] [1788873162.488734024] [velocity_smoother]: Destroying bond (velocity_smoother) to lifecycle manager.
[waypoint_follower-12] [INFO] [1788873162.488729109] [waypoint_follower]: Cleaning up
[smoother_server-8] [INFO] [1788873162.488828850] [smoother_server]: Cleaning up
[map_server-5] [INFO] [1788873162.488965614] [map_server]: Cleaning up
[map_server-5] [INFO] [1788873162.489126321] [map_server]: Destroying bond (map_server) to lifecycle manager.
[behavior_server-10] [INFO] [1788873162.488962726] [behavior_server]: Cleaning up
[velocity_smoother-13] [INFO] [1788873162.493184194] [velocity_smoother]: Destroying
[lifecycle_manager-6] [INFO] [1788873162.493405457] [lifecycle_manager_map]: Destroying lifecycle_manager_map
[map_server-5] [INFO] [1788873162.495851023] [map_server]: Destroying
[waypoint_follower-12] [INFO] [1788873162.497957613] [waypoint_follower]: Destroying bond (waypoint_follower) to lifecycle manager.
[empty_human_states.py-4] Traceback (most recent call last):
[empty_human_states.py-4]   File "/home/lpc/workspace/arena5_mpc_ws/install/arena_mpc_bringup/lib/arena_mpc_bringup/empty_human_states.py", line 87, in <module>
[empty_human_states.py-4]     main()
[empty_human_states.py-4]   File "/home/lpc/workspace/arena5_mpc_ws/install/arena_mpc_bringup/lib/arena_mpc_bringup/empty_human_states.py", line 77, in main
[empty_human_states.py-4]     rclpy.spin(node)
[empty_human_states.py-4]   File "/home/lpc/workspace/arena5_ws/.conda/arena_ros/lib/python3.11/site-packages/rclpy/__init__.py", line 226, in spin
[empty_human_states.py-4]     executor.spin_once()
[empty_human_states.py-4]   File "/home/lpc/workspace/arena5_ws/.conda/arena_ros/lib/python3.11/site-packages/rclpy/executors.py", line 751, in spin_once
[empty_human_states.py-4]     self._spin_once_impl(timeout_sec)
[empty_human_states.py-4]   File "/home/lpc/workspace/arena5_ws/.conda/arena_ros/lib/python3.11/site-packages/rclpy/executors.py", line 740, in _spin_once_impl
[waypoint_follower-12] [INFO] [1788873162.501299704] [waypoint_follower]: Destroying
[smoother_server-8] [INFO] [1788873162.501824726] [smoother_server]: Destroying bond (smoother_server) to lifecycle manager.
[empty_human_states.py-4]     handler, entity, node = self.wait_for_ready_callbacks(timeout_sec=timeout_sec)
[empty_human_states.py-4]                             ^^^^^^^^^^^^^^^^^^^^^^^^^^^^^^^^^^^^^^^^^^^^^^^^^^^^^^
[empty_human_states.py-4]   File "/home/lpc/workspace/arena5_ws/.conda/arena_ros/lib/python3.11/site-packages/rclpy/executors.py", line 723, in wait_for_ready_callbacks
[empty_human_states.py-4]     return next(self._cb_iter)
[empty_human_states.py-4]            ^^^^^^^^^^^^^^^^^^^
[empty_human_states.py-4]   File "/home/lpc/workspace/arena5_ws/.conda/arena_ros/lib/python3.11/site-packages/rclpy/executors.py", line 596, in _wait_for_ready_callbacks
[empty_human_states.py-4]     wait_set = _rclpy.WaitSet(
[empty_human_states.py-4]                ^^^^^^^^^^^^^^^
[empty_human_states.py-4] rclpy._rclpy_pybind11.RCLError: failed to initialize wait set: the given context is not valid, either rcl_init() was not called or rcl_shutdown() was called., at /home/runner/conda-bld/bld/rattler-build_ros-humble-rcl_1753312600/work/ros-humble-rcl/src/work/src/rcl/wait.c:130
[behavior_server-10] [INFO] [1788873162.502194898] [behavior_server]: Destroying bond (behavior_server) to lifecycle manager.
[smoother_server-8] [INFO] [1788873162.504786435] [smoother_server]: Destroying
[scene_bridge-2] Traceback (most recent call last):
[scene_bridge-2]   File "/home/lpc/workspace/arena5_ws/install/arena_humble_compat/lib/python3.11/site-packages/arena_humble_compat/scene_bridge.py", line 207, in main
[scene_bridge-2]     rclpy.spin(node)
[scene_bridge-2]   File "/home/lpc/workspace/arena5_ws/.conda/arena_ros/lib/python3.11/site-packages/rclpy/__init__.py", line 226, in spin
[scene_bridge-2]     executor.spin_once()
[scene_bridge-2]   File "/home/lpc/workspace/arena5_ws/.conda/arena_ros/lib/python3.11/site-packages/rclpy/executors.py", line 751, in spin_once
[scene_bridge-2]     self._spin_once_impl(timeout_sec)
[scene_bridge-2]   File "/home/lpc/workspace/arena5_ws/.conda/arena_ros/lib/python3.11/site-packages/rclpy/executors.py", line 740, in _spin_once_impl
[scene_bridge-2]     handler, entity, node = self.wait_for_ready_callbacks(timeout_sec=timeout_sec)
[scene_bridge-2]                             ^^^^^^^^^^^^^^^^^^^^^^^^^^^^^^^^^^^^^^^^^^^^^^^^^^^^^^
[scene_bridge-2]   File "/home/lpc/workspace/arena5_ws/.conda/arena_ros/lib/python3.11/site-packages/rclpy/executors.py", line 723, in wait_for_ready_callbacks
[controller_server-7] [INFO] [1788873162.511550460] [controller_server]: Destroying bond (controller_server) to lifecycle manager.
[scene_bridge-2]     return next(self._cb_iter)
[scene_bridge-2]            ^^^^^^^^^^^^^^^^^^^
[scene_bridge-2]   File "/home/lpc/workspace/arena5_ws/.conda/arena_ros/lib/python3.11/site-packages/rclpy/executors.py", line 596, in _wait_for_ready_callbacks
[scene_bridge-2]     wait_set = _rclpy.WaitSet(
[scene_bridge-2]                ^^^^^^^^^^^^^^^
[scene_bridge-2] rclpy._rclpy_pybind11.RCLError: failed to initialize wait set: the given context is not valid, either rcl_init() was not called or rcl_shutdown() was called., at /home/runner/conda-bld/bld/rattler-build_ros-humble-rcl_1753312600/work/ros-humble-rcl/src/work/src/rcl/wait.c:130
[scene_bridge-2] 
[scene_bridge-2] During handling of the above exception, another exception occurred:
[scene_bridge-2] 
[scene_bridge-2] Traceback (most recent call last):
[scene_bridge-2]   File "/home/lpc/workspace/arena5_ws/install/arena_humble_compat/lib/arena_humble_compat/scene_bridge", line 33, in <module>
[scene_bridge-2]     sys.exit(load_entry_point('arena_humble_compat==0.0.0', 'console_scripts', 'scene_bridge')())
[scene_bridge-2]              ^^^^^^^^^^^^^^^^^^^^^^^^^^^^^^^^^^^^^^^^^^^^^^^^^^^^^^^^^^^^^^^^^^^^^^^^^^^^^^^^^^^
[scene_bridge-2]   File "/home/lpc/workspace/arena5_ws/install/arena_humble_compat/lib/python3.11/site-packages/arena_humble_compat/scene_bridge.py", line 215, in main
[scene_bridge-2]     rclpy.shutdown()
[scene_bridge-2]   File "/home/lpc/workspace/arena5_ws/.conda/arena_ros/lib/python3.11/site-packages/rclpy/__init__.py", line 130, in shutdown
[scene_bridge-2]     _shutdown(context=context)
[scene_bridge-2]   File "/home/lpc/workspace/arena5_ws/.conda/arena_ros/lib/python3.11/site-packages/rclpy/utilities.py", line 58, in shutdown
[scene_bridge-2]     return context.shutdown()
[scene_bridge-2]            ^^^^^^^^^^^^^^^^^^
[scene_bridge-2]   File "/home/lpc/workspace/arena5_ws/.conda/arena_ros/lib/python3.11/site-packages/rclpy/context.py", line 102, in shutdown
[scene_bridge-2]     self.__context.shutdown()
[scene_bridge-2] rclpy._rclpy_pybind11.RCLError: failed to shutdown: rcl_shutdown already called on the given context, at /home/runner/conda-bld/bld/rattler-build_ros-humble-rcl_1753312600/work/ros-humble-rcl/src/work/src/rcl/init.c:241
[behavior_server-10] [INFO] [1788873162.518796013] [behavior_server]: Destroying
[controller_server-7] [INFO] [1788873162.522048422] [controller_server]: Cleaning up
[bt_navigator-11] [INFO] [1788873162.533802918] [bt_navigator]: Completed Cleaning up
[bt_navigator-11] [INFO] [1788873162.533877924] [bt_navigator]: Destroying bond (bt_navigator) to lifecycle manager.
[bt_navigator-11] [INFO] [1788873162.539628157] [bt_navigator]: Destroying
[lifecycle_manager-14] [INFO] [1788873162.575922984] [lifecycle_manager_navigation]: Destroying lifecycle_manager_navigation
[controller_server-7] [INFO] [1788873162.577626320] [local_costmap.local_costmap]: Cleaning up
[controller_server-7] [INFO] [1788873162.597137357] [controller_server]: Destroying bond (controller_server) to lifecycle manager.
[controller_server-7] [INFO] [1788873162.601641395] [local_costmap.local_costmap]: Destroying
[INFO] [robot_state_publisher-3]: process has finished cleanly [pid 2478110]
[controller_server-7] [INFO] [1788873162.609648629] [controller_server]: Destroying
[INFO] [mpc_command_watchdog-15]: process has finished cleanly [pid 2478135]
[INFO] [lifecycle_manager-6]: process has finished cleanly [pid 2478116]
[INFO] [velocity_smoother-13]: process has finished cleanly [pid 2478131]
[INFO] [map_server-5]: process has finished cleanly [pid 2478114]
[INFO] [waypoint_follower-12]: process has finished cleanly [pid 2478128]
[planner_server-9] [INFO] [1788873162.629508800] [planner_server]: Deactivating plugin GridBased of type NavfnPlanner
[INFO] [smoother_server-8]: process has finished cleanly [pid 2478120]
[planner_server-9] [INFO] [1788873162.629573387] [planner_server]: Destroying bond (planner_server) to lifecycle manager.
[INFO] [behavior_server-10]: process has finished cleanly [pid 2478124]
[planner_server-9] [INFO] [1788873162.639769305] [planner_server]: Cleaning up
[planner_server-9] [INFO] [1788873162.647553546] [global_costmap.global_costmap]: Cleaning up
[planner_server-9] [INFO] [1788873162.651560856] [planner_server]: Cleaning up plugin GridBased of type NavfnPlanner
[planner_server-9] [INFO] [1788873162.651916173] [planner_server]: Destroying plugin GridBased of type NavfnPlanner
[planner_server-9] [INFO] [1788873162.658009183] [planner_server]: Destroying bond (planner_server) to lifecycle manager.
[ERROR] [empty_human_states.py-4]: process has died [pid 2478112, exit code 1, cmd '/home/lpc/workspace/arena5_mpc_ws/install/arena_mpc_bringup/lib/arena_mpc_bringup/empty_human_states.py --ros-args -r __node:=empty_human_states --params-file /tmp/launch_params_g0vcp7g0'].
[planner_server-9] [INFO] [1788873162.661147068] [global_costmap.global_costmap]: Destroying
[INFO] [bt_navigator-11]: process has finished cleanly [pid 2478126]
[planner_server-9] [INFO] [1788873162.668284872] [planner_server]: Destroying
[ERROR] [scene_bridge-2]: process has died [pid 2478108, exit code 1, cmd '/home/lpc/workspace/arena5_ws/install/arena_humble_compat/lib/arena_humble_compat/scene_bridge --ros-args -r __node:=arena_scene_bridge --params-file /tmp/launch_params_p1mtg7g4'].
[INFO] [lifecycle_manager-14]: process has finished cleanly [pid 2478133]
[INFO] [controller_server-7]: process has finished cleanly [pid 2478118]
[INFO] [planner_server-9]: process has finished cleanly [pid 2478122]
[python-1] 2026-09-08T13:12:29Z [27,449ms] [Warning] [omni.usd] Warning: in _ReportErrors at line 3172 of /builds/omniverse/usd-ci/USD/pxr/usd/usd/stage.cpp -- In </World/arena_robot/base_link/visuals>: Unresolved reference prim path @anon:0x59bfd7ed8f50:World1.usd@</visuals/base_link> introduced by @anon:0x59bfd7ed8f50:World1.usd@</World/arena_robot/base_link/visuals> (recomposing stage on stage @anon:0x59bfd7ed8f50:World1.usd@ <0x59bfd45dce10>)
[python-1] 
[python-1] 2026-09-08T13:12:30Z [28,243ms] [Warning] [omni.replicator.core.scripts.functional.create_batch] World/arena_robot/lidar_link/gpu_lidar_points is an invalid prim path. Renaming to World_arena_robot_lidar_link_gpu_lidar_points.
[python-1] 2026-09-08T13:12:30Z [28,263ms] [Warning] [omni.replicator.core.scripts.functional.create_batch] World/arena_robot/lidar_link/gpu_lidar_scan is an invalid prim path. Renaming to World_arena_robot_lidar_link_gpu_lidar_scan.
[python-1] 2026-09-08T13:12:31Z [29,497ms] [Warning] [omni.fabric.plugin] getAttributeCount called on non-existent path /World/arena_robot/navsat_link/visuals/mesh_0
[python-1] 2026-09-08T13:12:31Z [29,497ms] [Warning] [omni.fabric.plugin] getTypes called on non-existent path /World/arena_robot/navsat_link/visuals/mesh_0
[python-1] 2026-09-08T13:12:33Z [31,476ms] [Warning] [omni.sensors.nv.lidar.lidar_core.plugin] MotionBVH for lidar model not enabled. This will result in an incorrect point cloud without motion effects!
[python-1] 2026-09-08T13:12:33Z [31,492ms] [Warning] [carb] Client omni.sensors.nv.materials.composite_material has acquired [omni::sensors::materials::IMaterialReaderFactory v0.1] 100 times. Consider accessing this interface with carb::getCachedInterface() (Performance warning)
[python-1] 2026-09-08T13:12:34Z [32,278ms] [Warning] [carb] Plugin interface for a client: omni.hydratexture.plugin was already released.
[python-1] 2026-09-08T13:12:34Z [32,282ms] [Warning] [carb] Plugin interface for a client: omni.hydratexture.plugin was already released.
[python-1] 2026-09-08T13:12:34Z [32,373ms] [Warning] [omni.graph.core.plugin] /World/arena_robot/imu_link/IMUPublisher/read_imu: [/World/arena_robot/imu_link/IMUPublisher] no valid sensor reading, is the sensor enabled?
[python-1] 2026-09-08T13:12:34Z [32,663ms] [Warning] [omni.timeline.plugin] Deprecated: direct use of ITimeline callbacks is deprecated. Use ITimeline::getTimeline (Python: omni.timeline.get_timeline_interface) instead.
[python-1] 2026-09-08T13:12:34Z [32,803ms] [Warning] [isaacsim.core.simulation_manager.plugin] No adjacent samples found for interpolation at time 182/30
[python-1] 2026-09-08T13:12:34Z [32,803ms] [Warning] [isaacsim.core.simulation_manager.plugin] getSimulationTimeMonotonicAtTime: no data found for time 182/30, returning current sim time
[python-1] 2026-09-08T13:12:34Z [32,803ms] [Warning] [isaacsim.core.simulation_manager.plugin] No adjacent samples found for interpolation at time 182/30
[python-1] 2026-09-08T13:12:34Z [32,803ms] [Warning] [isaacsim.core.simulation_manager.plugin] getSimulationTimeMonotonicAtTime: no data found for time 182/30, returning current sim time
[python-1] 2026-09-08T13:12:36Z [35,096ms] [Warning] [carb] Plugin interface for a client: omni.hydratexture.plugin was already released.
[python-1] 2026-09-08T13:12:36Z [35,099ms] [Warning] [carb] Plugin interface for a client: omni.hydratexture.plugin was already released.
[python-1] 2026-09-08T13:12:36Z [35,102ms] [Warning] [omni.graph.core.plugin] /World/arena_robot/imu_link/IMUPublisher/read_imu: [/World/arena_robot/imu_link/IMUPublisher] no valid sensor reading, is the sensor enabled?
[python-1] 2026-09-08T13:12:37Z [35,164ms] [Warning] [isaacsim.core.prims.impl.articulation] Physics Simulation View is not created yet in order to use get_linear_velocities
[python-1] 2026-09-08T13:12:37Z [35,164ms] [Warning] [isaacsim.core.prims.impl.articulation] Physics Simulation View is not created yet in order to use get_angular_velocities
[python-1] 2026-09-08T13:12:37Z [35,164ms] [Warning] [arena_isaac.run_isaacsim] Ideal chassis articulation view invalidated: too many indices for array: array is 0-dimensional, but 1 were indexed
[INFO] [python-1]: process has finished cleanly [pid 2478106]
