scripts/run_six_behaviors.sh: 成功
scripts/env.sh: 成功
install/arena_humble_compat/lib/python3.11/site-packages/arena_humble_compat/hunav_six_behaviors_bridge.py: 成功
config/generated/jackal.urdf: 成功
install/arena_simulation_setup/share/arena_simulation_setup/configs/nav2/nav2.yaml: 成功
install/arena_simulation_setup/share/arena_simulation_setup/entities/robots/jackal/model_params.yaml: 成功
.conda/arena_ros/lib/libcontroller_server_core.so: 成功
Arena workspace: /home/lpc/workspace/arena5_ws
ROS 2: humble (domain 93)
Isaac Sim: /home/lpc/miniforge3/envs/isaaclab/lib/python3.11/site-packages/isaacsim
WebRTC endpoint: 10.16.205.165:49393 (UDP 48393)
Foxglove WebSocket: 127.0.0.1:8993
Starting Arena MPC on GPU 0 (22658 MiB free), ROS domain 93
MPC command chain: controller_server -> velocity_smoother -> watchdog -> /cmd_vel
MPC scenario: empty
Logs: /home/lpc/workspace/arena5_mpc_ws/logs/runs/20260908_210434_mpc_gpu0
[INFO] [launch]: All log files can be found below /home/lpc/workspace/arena5_mpc_ws/logs/runs/20260908_210434_mpc_gpu0/ros/2026-09-08-21-04-35-147585-root123-desktop-2459340
[INFO] [launch]: Default logging verbosity is set to INFO
[WARNING] [launch_ros.actions.node]: Failed to load entry point 'NodeLogLevelExtension': No module named 'arena_bringup.extensions'
[WARNING] [launch_ros.actions.node]: Failed to load entry point 'NodeLogLevelExtension': No module named 'arena_bringup.extensions'
[WARNING] [launch_ros.actions.node]: Failed to load entry point 'NodeLogLevelExtension': No module named 'arena_bringup.extensions'
[WARNING] [launch_ros.actions.node]: Failed to load entry point 'NodeLogLevelExtension': No module named 'arena_bringup.extensions'
[WARNING] [launch_ros.actions.node]: Failed to load entry point 'NodeLogLevelExtension': No module named 'arena_bringup.extensions'
[WARNING] [launch_ros.actions.node]: Failed to load entry point 'NodeLogLevelExtension': No module named 'arena_bringup.extensions'
[WARNING] [launch_ros.actions.node]: Failed to load entry point 'NodeLogLevelExtension': No module named 'arena_bringup.extensions'
[WARNING] [launch_ros.actions.node]: Failed to load entry point 'NodeLogLevelExtension': No module named 'arena_bringup.extensions'
[WARNING] [launch_ros.actions.node]: Failed to load entry point 'NodeLogLevelExtension': No module named 'arena_bringup.extensions'
[WARNING] [launch_ros.actions.node]: Failed to load entry point 'NodeLogLevelExtension': No module named 'arena_bringup.extensions'
[WARNING] [launch_ros.actions.node]: Failed to load entry point 'NodeLogLevelExtension': No module named 'arena_bringup.extensions'
[WARNING] [launch_ros.actions.node]: Failed to load entry point 'NodeLogLevelExtension': No module named 'arena_bringup.extensions'
[WARNING] [launch_ros.actions.node]: Failed to load entry point 'NodeLogLevelExtension': No module named 'arena_bringup.extensions'
[WARNING] [launch_ros.actions.node]: Failed to load entry point 'NodeLogLevelExtension': No module named 'arena_bringup.extensions'
[WARNING] [launch_ros.actions.node]: Failed to load entry point 'NodeLogLevelExtension': No module named 'arena_bringup.extensions'
[WARNING] [launch_ros.actions.node]: Failed to load entry point 'NodeLogLevelExtension': No module named 'arena_bringup.extensions'
[WARNING] [launch_ros.actions.node]: Failed to load entry point 'NodeLogLevelExtension': No module named 'arena_bringup.extensions'
[WARNING] [launch_ros.actions.node]: Failed to load entry point 'NodeLogLevelExtension': No module named 'arena_bringup.extensions'
[WARNING] [launch_ros.actions.node]: Failed to load entry point 'NodeLogLevelExtension': No module named 'arena_bringup.extensions'
[WARNING] [launch_ros.actions.node]: Failed to load entry point 'NodeLogLevelExtension': No module named 'arena_bringup.extensions'
[WARNING] [launch_ros.actions.node]: Failed to load entry point 'NodeLogLevelExtension': No module named 'arena_bringup.extensions'
[WARNING] [launch_ros.actions.node]: Failed to load entry point 'NodeLogLevelExtension': No module named 'arena_bringup.extensions'
[WARNING] [launch_ros.actions.node]: Failed to load entry point 'NodeLogLevelExtension': No module named 'arena_bringup.extensions'
[INFO] [python-1]: process started with pid [2459589]
[INFO] [scene_bridge-2]: process started with pid [2459591]
[INFO] [robot_state_publisher-3]: process started with pid [2459593]
[INFO] [empty_human_states.py-4]: process started with pid [2459595]
[INFO] [map_server-5]: process started with pid [2459597]
[INFO] [lifecycle_manager-6]: process started with pid [2459599]
[INFO] [controller_server-7]: process started with pid [2459601]
[INFO] [smoother_server-8]: process started with pid [2459603]
[INFO] [planner_server-9]: process started with pid [2459605]
[INFO] [behavior_server-10]: process started with pid [2459607]
[INFO] [bt_navigator-11]: process started with pid [2459609]
[INFO] [waypoint_follower-12]: process started with pid [2459611]
[INFO] [velocity_smoother-13]: process started with pid [2459613]
[INFO] [lifecycle_manager-14]: process started with pid [2459615]
[INFO] [mpc_command_watchdog-15]: process started with pid [2459618]
[lifecycle_manager-6] [INFO] [1788872675.749589556] [lifecycle_manager_map]: Creating
[lifecycle_manager-6] [INFO] [1788872675.752713197] [lifecycle_manager_map]: [34m[1mCreating and initializing lifecycle service clients[0m[0m
[velocity_smoother-13] [INFO] [1788872675.755611120] [velocity_smoother]: 
[velocity_smoother-13] 	velocity_smoother lifecycle node launched. 
[velocity_smoother-13] 	Waiting on external lifecycle transitions to activate
[velocity_smoother-13] 	See https://design.ros2.org/articles/node_lifecycle.html for more information.
[robot_state_publisher-3] [WARN] [1788872675.758372761] [robot_state_publisher]: No robot_description parameter, but command-line argument available.  Assuming argument is name of URDF file.  This backwards compatibility fallback will be removed in the future.
[lifecycle_manager-14] [INFO] [1788872675.762657313] [lifecycle_manager_navigation]: Creating
[controller_server-7] [INFO] [1788872675.763743935] [controller_server]: 
[controller_server-7] 	controller_server lifecycle node launched. 
[controller_server-7] 	Waiting on external lifecycle transitions to activate
[controller_server-7] 	See https://design.ros2.org/articles/node_lifecycle.html for more information.
[lifecycle_manager-14] [INFO] [1788872675.765640817] [lifecycle_manager_navigation]: [34m[1mCreating and initializing lifecycle service clients[0m[0m
[planner_server-9] [INFO] [1788872675.766403578] [planner_server]: 
[planner_server-9] 	planner_server lifecycle node launched. 
[planner_server-9] 	Waiting on external lifecycle transitions to activate
[planner_server-9] 	See https://design.ros2.org/articles/node_lifecycle.html for more information.
[smoother_server-8] [INFO] [1788872675.767416186] [smoother_server]: 
[smoother_server-8] 	smoother_server lifecycle node launched. 
[smoother_server-8] 	Waiting on external lifecycle transitions to activate
[smoother_server-8] 	See https://design.ros2.org/articles/node_lifecycle.html for more information.
[controller_server-7] [INFO] [1788872675.767736062] [controller_server]: Creating controller server
[planner_server-9] [INFO] [1788872675.767788085] [planner_server]: Creating
[map_server-5] [INFO] [1788872675.768173519] [map_server]: 
[map_server-5] 	map_server lifecycle node launched. 
[map_server-5] 	Waiting on external lifecycle transitions to activate
[map_server-5] 	See https://design.ros2.org/articles/node_lifecycle.html for more information.
[map_server-5] [INFO] [1788872675.768276202] [map_server]: Creating
[robot_state_publisher-3] [INFO] [1788872675.769856560] [robot_state_publisher]: got segment base_link
[robot_state_publisher-3] [INFO] [1788872675.769907546] [robot_state_publisher]: got segment chassis_link
[robot_state_publisher-3] [INFO] [1788872675.769924625] [robot_state_publisher]: got segment front_fender_link
[robot_state_publisher-3] [INFO] [1788872675.769940916] [robot_state_publisher]: got segment front_left_wheel_link
[robot_state_publisher-3] [INFO] [1788872675.769959589] [robot_state_publisher]: got segment front_mount
[robot_state_publisher-3] [INFO] [1788872675.769971091] [robot_state_publisher]: got segment front_right_wheel_link
[robot_state_publisher-3] [INFO] [1788872675.769981260] [robot_state_publisher]: got segment imu_link
[robot_state_publisher-3] [INFO] [1788872675.769991374] [robot_state_publisher]: got segment lidar_link
[robot_state_publisher-3] [INFO] [1788872675.770000379] [robot_state_publisher]: got segment mid_mount
[robot_state_publisher-3] [INFO] [1788872675.770009865] [robot_state_publisher]: got segment navsat_link
[robot_state_publisher-3] [INFO] [1788872675.770019133] [robot_state_publisher]: got segment rear_fender_link
[robot_state_publisher-3] [INFO] [1788872675.770029039] [robot_state_publisher]: got segment rear_left_wheel_link
[robot_state_publisher-3] [INFO] [1788872675.770038993] [robot_state_publisher]: got segment rear_mount
[robot_state_publisher-3] [INFO] [1788872675.770048191] [robot_state_publisher]: got segment rear_right_wheel_link
[smoother_server-8] [INFO] [1788872675.770977634] [smoother_server]: Creating smoother server
[behavior_server-10] [INFO] [1788872675.771124811] [behavior_server]: 
[behavior_server-10] 	behavior_server lifecycle node launched. 
[behavior_server-10] 	Waiting on external lifecycle transitions to activate
[behavior_server-10] 	See https://design.ros2.org/articles/node_lifecycle.html for more information.
[waypoint_follower-12] [INFO] [1788872675.771843427] [waypoint_follower]: 
[waypoint_follower-12] 	waypoint_follower lifecycle node launched. 
[waypoint_follower-12] 	Waiting on external lifecycle transitions to activate
[waypoint_follower-12] 	See https://design.ros2.org/articles/node_lifecycle.html for more information.
[waypoint_follower-12] [INFO] [1788872675.772432374] [waypoint_follower]: Creating
[bt_navigator-11] [INFO] [1788872675.778062963] [bt_navigator]: 
[bt_navigator-11] 	bt_navigator lifecycle node launched. 
[bt_navigator-11] 	Waiting on external lifecycle transitions to activate
[bt_navigator-11] 	See https://design.ros2.org/articles/node_lifecycle.html for more information.
[bt_navigator-11] [INFO] [1788872675.778133306] [bt_navigator]: Creating
[planner_server-9] [INFO] [1788872675.779994360] [global_costmap.global_costmap]: 
[planner_server-9] 	global_costmap lifecycle node launched. 
[planner_server-9] 	Waiting on external lifecycle transitions to activate
[planner_server-9] 	See https://design.ros2.org/articles/node_lifecycle.html for more information.
[planner_server-9] [INFO] [1788872675.781615026] [global_costmap.global_costmap]: Creating Costmap
[controller_server-7] [INFO] [1788872675.786546231] [local_costmap.local_costmap]: 
[controller_server-7] 	local_costmap lifecycle node launched. 
[controller_server-7] 	Waiting on external lifecycle transitions to activate
[controller_server-7] 	See https://design.ros2.org/articles/node_lifecycle.html for more information.
[controller_server-7] [INFO] [1788872675.787063660] [local_costmap.local_costmap]: Creating Costmap
[lifecycle_manager-6] [INFO] [1788872675.805174990] [lifecycle_manager_map]: [34m[1mStarting managed nodes bringup...[0m[0m
[lifecycle_manager-6] [INFO] [1788872675.805295913] [lifecycle_manager_map]: [34m[1mConfiguring map_server[0m[0m
[map_server-5] [INFO] [1788872675.805804247] [map_server]: Configuring
[map_server-5] [INFO] [1788872675.805890803] [map_io]: Loading yaml file: /home/lpc/workspace/arena5_ws/install/arena_simulation_setup/share/arena_simulation_setup/worlds/map_empty/map/map.yaml
[map_server-5] [INFO] [1788872675.806465503] [map_io]: resolution: 0.05
[map_server-5] [INFO] [1788872675.806488701] [map_io]: origin[0]: 0
[map_server-5] [INFO] [1788872675.806500772] [map_io]: origin[1]: 0
[map_server-5] [INFO] [1788872675.806511111] [map_io]: origin[2]: 0
[map_server-5] [INFO] [1788872675.806523393] [map_io]: free_thresh: 0.196
[map_server-5] [INFO] [1788872675.806535607] [map_io]: occupied_thresh: 0.65
[map_server-5] [INFO] [1788872675.806546671] [map_io]: mode: trinary
[map_server-5] [INFO] [1788872675.806557295] [map_io]: negate: 0
[map_server-5] [INFO] [1788872675.806957456] [map_io]: Loading image_file: /home/lpc/workspace/arena5_ws/install/arena_simulation_setup/share/arena_simulation_setup/worlds/map_empty/map/map.png
[mpc_command_watchdog-15] [WARN] [1788872675.828667645] [mpc_command_watchdog]: publishing zero command: controller_status
[lifecycle_manager-14] [INFO] [1788872675.889982491] [lifecycle_manager_navigation]: [34m[1mStarting managed nodes bringup...[0m[0m
[lifecycle_manager-14] [INFO] [1788872675.890035648] [lifecycle_manager_navigation]: [34m[1mConfiguring controller_server[0m[0m
[controller_server-7] [INFO] [1788872675.890202177] [controller_server]: Configuring controller interface
[controller_server-7] [INFO] [1788872675.890363065] [controller_server]: getting goal checker plugins..
[controller_server-7] [INFO] [1788872675.890536253] [controller_server]: Controller frequency set to 10.0000Hz
[controller_server-7] [INFO] [1788872675.890583800] [local_costmap.local_costmap]: Configuring
[controller_server-7] [INFO] [1788872675.895968083] [local_costmap.local_costmap]: Using plugin "voxel_layer"
[controller_server-7] [INFO] [1788872675.899624473] [local_costmap.local_costmap]: Subscribed to Topics: lidar
[controller_server-7] [INFO] [1788872675.905922235] [local_costmap.local_costmap]: Initialized plugin "voxel_layer"
[controller_server-7] [INFO] [1788872675.905946159] [local_costmap.local_costmap]: Using plugin "inflation_layer"
[controller_server-7] [INFO] [1788872675.906463493] [local_costmap.local_costmap]: Initialized plugin "inflation_layer"
[controller_server-7] [INFO] [1788872675.913115654] [controller_server]: Created progress_checker : progress_checker of type nav2_controller::SimpleProgressChecker
[controller_server-7] [INFO] [1788872675.913790297] [controller_server]: Created goal checker : goal_checker of type nav2_controller::SimpleGoalChecker
[controller_server-7] [INFO] [1788872675.914012657] [controller_server]: Controller Server has goal_checker  goal checkers available.
[map_server-5] [INFO] [1788872675.939161036] [map_io]: Read map /home/lpc/workspace/arena5_ws/install/arena_simulation_setup/share/arena_simulation_setup/worlds/map_empty/map/map.png: 626 X 481 map @ 0.05 m/cell
[lifecycle_manager-6] [INFO] [1788872675.952595204] [lifecycle_manager_map]: [34m[1mActivating map_server[0m[0m
[map_server-5] [INFO] [1788872675.952812996] [map_server]: Activating
[map_server-5] [INFO] [1788872675.953275367] [map_server]: Creating bond (map_server) to lifecycle manager.
[controller_server-7] [INFO] [1788872675.971894439] [controller_server]: Created controller : FollowPath of type arena_mpc_controller::MpcController
[lifecycle_manager-6] [INFO] [1788872676.061850231] [lifecycle_manager_map]: Server map_server connected with bond.
[lifecycle_manager-6] [INFO] [1788872676.061923938] [lifecycle_manager_map]: [34m[1mManaged nodes are active[0m[0m
[lifecycle_manager-6] [INFO] [1788872676.061942622] [lifecycle_manager_map]: [34m[1mCreating bond timer...[0m[0m
[controller_server-7] [INFO] [1788872676.622029634] [controller_server]: Configured FollowPath: CasADi graph N=25 dynamic_slots=8 build occurs outside control loop
[controller_server-7] [INFO] [1788872676.622080274] [controller_server]: Controller Server has FollowPath  controllers available.
[lifecycle_manager-14] [INFO] [1788872676.626795431] [lifecycle_manager_navigation]: [34m[1mConfiguring smoother_server[0m[0m
[smoother_server-8] [INFO] [1788872676.627113911] [smoother_server]: Configuring smoother server
[smoother_server-8] [INFO] [1788872676.646679182] [smoother_server]: Created smoother : simple_smoother of type nav2_smoother::SimpleSmoother
[smoother_server-8] [INFO] [1788872676.647132265] [smoother_server]: Smoother Server has simple_smoother  smoothers available.
[lifecycle_manager-14] [INFO] [1788872676.653791104] [lifecycle_manager_navigation]: [34m[1mConfiguring planner_server[0m[0m
[planner_server-9] [INFO] [1788872676.654026547] [planner_server]: Configuring
[planner_server-9] [INFO] [1788872676.654112065] [global_costmap.global_costmap]: Configuring
[planner_server-9] [INFO] [1788872676.665490056] [global_costmap.global_costmap]: Using plugin "static_layer"
[planner_server-9] [INFO] [1788872676.671017002] [global_costmap.global_costmap]: Subscribing to the map topic (/task_generator_node/map) with transient local durability
[planner_server-9] [INFO] [1788872676.672996091] [global_costmap.global_costmap]: Initialized plugin "static_layer"
[planner_server-9] [INFO] [1788872676.673042186] [global_costmap.global_costmap]: Using plugin "obstacle_layer"
[planner_server-9] [INFO] [1788872676.673631252] [global_costmap.global_costmap]: Subscribed to Topics: lidar
[planner_server-9] [INFO] [1788872676.677448248] [global_costmap.global_costmap]: Initialized plugin "obstacle_layer"
[planner_server-9] [INFO] [1788872676.677476641] [global_costmap.global_costmap]: Using plugin "inflation_layer"
[planner_server-9] [INFO] [1788872676.678161823] [global_costmap.global_costmap]: Initialized plugin "inflation_layer"
[planner_server-9] [INFO] [1788872676.687819628] [planner_server]: Created global planner plugin GridBased of type nav2_navfn_planner/NavfnPlanner
[planner_server-9] [INFO] [1788872676.687848499] [planner_server]: Configuring plugin GridBased of type NavfnPlanner
[planner_server-9] [INFO] [1788872676.687965683] [global_costmap.global_costmap]: StaticLayer: Resizing costmap to 626 X 481 at 0.050000 m/pix
[planner_server-9] [INFO] [1788872676.688463084] [planner_server]: Planner Server has GridBased  planners available.
[lifecycle_manager-14] [INFO] [1788872676.694833423] [lifecycle_manager_navigation]: [34m[1mConfiguring behavior_server[0m[0m
[behavior_server-10] [INFO] [1788872676.695111668] [behavior_server]: Configuring
[behavior_server-10] [INFO] [1788872676.712949970] [behavior_server]: Creating behavior plugin spin of type nav2_behaviors/Spin
[behavior_server-10] [INFO] [1788872676.714805455] [behavior_server]: Configuring spin
[behavior_server-10] [INFO] [1788872676.720363288] [behavior_server]: Creating behavior plugin backup of type nav2_behaviors/BackUp
[behavior_server-10] [INFO] [1788872676.721632564] [behavior_server]: Configuring backup
[behavior_server-10] [INFO] [1788872676.725298173] [behavior_server]: Creating behavior plugin drive_on_heading of type nav2_behaviors/DriveOnHeading
[behavior_server-10] [INFO] [1788872676.726652769] [behavior_server]: Configuring drive_on_heading
[behavior_server-10] [INFO] [1788872676.730153524] [behavior_server]: Creating behavior plugin wait of type nav2_behaviors/Wait
[behavior_server-10] [INFO] [1788872676.731172274] [behavior_server]: Configuring wait
[lifecycle_manager-14] [INFO] [1788872676.734566251] [lifecycle_manager_navigation]: [34m[1mConfiguring bt_navigator[0m[0m
[bt_navigator-11] [INFO] [1788872676.734844605] [bt_navigator]: Configuring
[lifecycle_manager-14] [INFO] [1788872676.815426735] [lifecycle_manager_navigation]: [34m[1mConfiguring waypoint_follower[0m[0m
[waypoint_follower-12] [INFO] [1788872676.815705840] [waypoint_follower]: Configuring
[waypoint_follower-12] [INFO] [1788872676.833739590] [waypoint_follower]: Created waypoint_task_executor : wait_at_waypoint of type nav2_waypoint_follower::WaitAtWaypoint
[waypoint_follower-12] [INFO] [1788872676.834031368] [waypoint_follower]: Waypoint pause duration is set to zero, disabling task executor plugin.
[lifecycle_manager-14] [INFO] [1788872676.834633329] [lifecycle_manager_navigation]: [34m[1mConfiguring velocity_smoother[0m[0m
[velocity_smoother-13] [INFO] [1788872676.834938429] [velocity_smoother]: Configuring velocity smoother
[lifecycle_manager-14] [INFO] [1788872676.840924290] [lifecycle_manager_navigation]: [34m[1mActivating controller_server[0m[0m
[controller_server-7] [INFO] [1788872676.841161561] [controller_server]: Activating
[controller_server-7] [INFO] [1788872676.841249661] [local_costmap.local_costmap]: Activating
[controller_server-7] [INFO] [1788872676.841272993] [local_costmap.local_costmap]: Checking transform
[controller_server-7] [INFO] [1788872676.841299239] [local_costmap.local_costmap]: Timed out waiting for transform from base_link to odom to become available, tf error: Invalid frame ID "odom" passed to canTransform argument target_frame - frame does not exist
[python-1] [Info] [carb] Logging to file: /home/lpc/workspace/arena5_mpc_ws/logs/runs/20260908_210434_mpc_gpu0/isaac_kit.log
[python-1] 2026-09-08T13:04:35Z [24ms] [Warning] [carb.crashreporter-breakpad.plugin] [previous crash] preventing upload of minidump due to user opt-out: '/home/lpc/miniforge3/envs/isaaclab/lib/python3.11/site-packages/isaacsim/kit/data/Kit/Isaac-Sim Python/5.1/0ac5911a-264e-47a3-2a16f79d-c5b7759a.dmp'
[python-1] 2026-09-08T13:04:35Z [27ms] [Warning] [carb.crashreporter-breakpad.plugin] [previous crash] preventing upload of minidump due to user opt-out: '/home/lpc/miniforge3/envs/isaaclab/lib/python3.11/site-packages/isaacsim/kit/data/Kit/Isaac-Sim Python/5.1/873d0d6d-b3e2-40f3-6eb3df86-85c4cb14.dmp'
[python-1] 2026-09-08T13:04:35Z [28ms] [Warning] [carb.crashreporter-breakpad.plugin] [previous crash] preventing upload of minidump due to user opt-out: '/home/lpc/miniforge3/envs/isaaclab/lib/python3.11/site-packages/isaacsim/kit/data/Kit/Isaac-Sim Python/5.1/54846835-9b12-4c85-5eb92bac-99ba56c4.dmp'
[python-1] 2026-09-08T13:04:35Z [29ms] [Warning] [carb.crashreporter-breakpad.plugin] [previous crash] preventing upload of minidump due to user opt-out: '/home/lpc/miniforge3/envs/isaaclab/lib/python3.11/site-packages/isaacsim/kit/data/Kit/Isaac-Sim Python/5.1/4c7676b1-3af0-4296-87341b84-52502d37.dmp'
[python-1] 2026-09-08T13:04:35Z [30ms] [Warning] [carb.crashreporter-breakpad.plugin] [previous crash] preventing upload of minidump due to user opt-out: '/home/lpc/miniforge3/envs/isaaclab/lib/python3.11/site-packages/isaacsim/kit/data/Kit/Isaac-Sim Python/5.1/4fb36b02-970f-460e-d915d5bf-47095803.dmp'
[python-1] [0.137s] [ext: omni.kit.async_engine-0.0.3] startup
[python-1] [0.309s] [ext: omni.metrics.core-0.0.3] startup
[python-1] [0.310s] [ext: omni.client.lib-1.1.0] startup
[python-1] [0.332s] [ext: omni.blobkey-1.1.2] startup
[python-1] [0.333s] [ext: omni.stats-1.0.1] startup
[python-1] [0.334s] [ext: omni.datastore-0.0.0] startup
[python-1] [0.344s] [ext: omni.client-1.3.0] startup
[python-1] [0.352s] [ext: omni.ujitso.default-1.0.0] startup
[python-1] [0.354s] [ext: omni.hsscclient-1.1.2] startup
[python-1] [0.371s] [ext: omni.gpu_foundation.shadercache.vulkan-1.0.0] startup
[python-1] [0.378s] [ext: omni.assets.plugins-0.0.0] startup
[python-1] [0.380s] [ext: omni.gpu_foundation-0.0.0] startup
[python-1] [0.393s] [ext: carb.windowing.plugins-1.0.0] startup
[python-1] 2026-09-08T13:04:36Z [350ms] [Warning] [carb.windowing-glfw.plugin] GLFW initialization failed.
[python-1] 2026-09-08T13:04:36Z [350ms] [Warning] [carb] Failed to startup plugin carb.windowing-glfw.plugin (interfaces: [carb::windowing::IGLContext v1.0],[carb::windowing::IWindowing v1.5]) (impl: carb.windowing-glfw.plugin)
[python-1] [0.395s] [ext: omni.kit.renderer.init-0.0.0] startup
[python-1] 2026-09-08T13:04:36Z [422ms] [Warning] [omni.platforminfo.plugin] failed to open the default display.  Can't verify X Server version.
[python-1] 2026-09-08T13:04:36Z [433ms] [Warning] [carb.cudainterop.plugin] CUDA_VISIBLE_DEVICES environment variable is set.
[python-1] 2026-09-08T13:04:36Z [433ms] [Warning] [carb.cudainterop.plugin] Note CUDA device enumeration and Omniverse device enumeration are different.
[python-1] 2026-09-08T13:04:36Z [433ms] [Warning] [carb.cudainterop.plugin] Setting CUDA_VISIBLE_DEVICES can lead to undesired behavior or crashes.
[python-1] 2026-09-08T13:04:36Z [1,036ms] [Warning] [gpu.foundation.plugin] Skipping NVIDIA GPU due CUDA being in bad state: NVIDIA GeForce RTX 4090
[python-1] 2026-09-08T13:04:36Z [1,036ms] [Warning] [gpu.foundation.plugin] Please restart your system if CUDA is known to work in your system.
[python-1] 2026-09-08T13:04:36Z [1,037ms] [Warning] [gpu.foundation.plugin] Skipping NVIDIA GPU due CUDA being in bad state: NVIDIA GeForce RTX 4090
[python-1] 2026-09-08T13:04:36Z [1,037ms] [Warning] [gpu.foundation.plugin] Please restart your system if CUDA is known to work in your system.
[python-1] 2026-09-08T13:04:36Z [1,038ms] [Warning] [gpu.foundation.plugin] Skipping NVIDIA GPU due CUDA being in bad state: NVIDIA GeForce RTX 4090
[python-1] 2026-09-08T13:04:36Z [1,038ms] [Warning] [gpu.foundation.plugin] Please restart your system if CUDA is known to work in your system.
[python-1] 2026-09-08T13:04:36Z [1,039ms] [Warning] [gpu.foundation.plugin] Skipping NVIDIA GPU due CUDA being in bad state: NVIDIA GeForce RTX 4090
[python-1] 2026-09-08T13:04:36Z [1,039ms] [Warning] [gpu.foundation.plugin] Please restart your system if CUDA is known to work in your system.
[controller_server-7] [INFO] [1788872677.341388331] [local_costmap.local_costmap]: Timed out waiting for transform from base_link to odom to become available, tf error: Invalid frame ID "odom" passed to canTransform argument target_frame - frame does not exist
[controller_server-7] [INFO] [1788872677.841389128] [local_costmap.local_costmap]: Timed out waiting for transform from base_link to odom to become available, tf error: Invalid frame ID "odom" passed to canTransform argument target_frame - frame does not exist
[python-1] 2026-09-08T13:04:36Z [1,039ms] [Warning] [gpu.foundation.plugin] Skipping NVIDIA GPU due CUDA being in bad state: NVIDIA GeForce RTX 4090
[python-1] 2026-09-08T13:04:36Z [1,039ms] [Warning] [gpu.foundation.plugin] Please restart your system if CUDA is known to work in your system.
[python-1] 2026-09-08T13:04:36Z [1,039ms] [Warning] [gpu.foundation.plugin] Skipping NVIDIA GPU due CUDA being in bad state: NVIDIA GeForce RTX 4090
[python-1] 2026-09-08T13:04:36Z [1,039ms] [Warning] [gpu.foundation.plugin] Please restart your system if CUDA is known to work in your system.
[python-1] 
[python-1] |---------------------------------------------------------------------------------------------|
[python-1] | Driver Version: 580.126.09    | Graphics API: Vulkan
[python-1] |=============================================================================================|
[python-1] | GPU | Name                             | Active | LDA | GPU Memory | Vendor-ID | LUID       |
[python-1] |     |                                  |        |     |            | Device-ID | UUID       |
[python-1] |     |                                  |        |     |            | Bus-ID    |            |
[python-1] |---------------------------------------------------------------------------------------------|
[python-1] | 0   | NVIDIA GeForce RTX 4090          | Yes: 0 |     | 24810   MB | 10de      | 0          |
[python-1] |     |                                  |        |     |            | 2684      | cff28fa1.. |
[python-1] |     |                                  |        |     |            | 31        |            |
[python-1] |---------------------------------------------------------------------------------------------|
[python-1] | 1   | NVIDIA GeForce RTX 4090          |        |     | 24810   MB | 10de      | 0          |
[python-1] |     |                                  |        |     |            | 2684      | 53d85912.. |
[python-1] |     |                                  |        |     |            | 4b        |            |
[python-1] |---------------------------------------------------------------------------------------------|
[python-1] | 2   | NVIDIA GeForce RTX 4090          |        |     | 24810   MB | 10de      | 0          |
[python-1] |     |                                  |        |     |            | 2684      | 2d2c45be.. |
[python-1] |     |                                  |        |     |            | b1        |            |
[python-1] |---------------------------------------------------------------------------------------------|
[python-1] | 3   | NVIDIA GeForce RTX 4090          |        |     | 24810   MB | 10de      | 0          |
[python-1] |     |                                  |        |     |            | 2684      | 6fc79961.. |
[python-1] |     |                                  |        |     |            | ca        |            |
[python-1] |=============================================================================================|
[python-1] | OS: 22.04.5 LTS (Jammy Jellyfish) ubuntu, Version: 22.04.5, Kernel: 6.8.0-136-generic
[python-1] | Processor: Intel(R) Xeon(R) Gold 6330 CPU @ 2.00GHz
[python-1] | Cores: 56 | Logical Cores: 112
[python-1] |---------------------------------------------------------------------------------------------|
[python-1] | Total Memory (MB): 257544 | Free Memory: 226022
[python-1] | Total Page/Swap (MB): 2047 | Free Page/Swap: 2020
[python-1] |---------------------------------------------------------------------------------------------|
[python-1] 2026-09-08T13:04:37Z [1,834ms] [Warning] [gpu.foundation.plugin] CPU performance profile is set to powersave. This profile sets the CPU to the lowest frequency reducing performance.
[python-1] 2026-09-08T13:04:37Z [1,847ms] [Warning] [gpu.foundation.plugin] IOMMU is enabled.
[python-1] 2026-09-08T13:04:37Z [1,847ms] [Warning] [gpu.foundation.plugin] Detected IOMMU is enabled. Running CUDA peer-to-peer bandwidth and latency validation.
[python-1] Unidirectional P2P=Enabled Bandwidth (P2P Writes) Matrix (GB/s)
[python-1]    D\D     0 
[python-1]      0 935.63 
[python-1] P2P=Enabled Latency (P2P Writes) Matrix (us)
[python-1]    GPU     0 
[python-1]      0   1.40 
[python-1] 
[python-1]    CPU     0 
[python-1]      0   6.32 
[python-1] [2.170s] [ext: omni.materialx.libs-1.0.7] startup
[python-1] [2.183s] [ext: omni.kit.telemetry-0.5.2] startup
[python-1] [2.245s] [ext: omni.usd.config-1.0.6] startup
[python-1] [2.253s] [ext: omni.gpucompute.plugins-0.0.0] startup
[python-1] [2.254s] [ext: omni.usd.libs-1.0.1] startup
[python-1] [2.412s] [ext: omni.kit.loop-isaac-1.3.7] startup
[controller_server-7] [INFO] [1788872678.341407587] [local_costmap.local_costmap]: Timed out waiting for transform from base_link to odom to become available, tf error: Invalid frame ID "odom" passed to canTransform argument target_frame - frame does not exist
[controller_server-7] [INFO] [1788872678.841405766] [local_costmap.local_costmap]: Timed out waiting for transform from base_link to odom to become available, tf error: Invalid frame ID "odom" passed to canTransform argument target_frame - frame does not exist
[python-1] [2.414s] [ext: omni.kit.test-2.0.1] startup
[python-1] [2.509s] [ext: omni.mdl-56.0.3] startup
[python-1] [2.630s] [ext: omni.iray.libs-0.0.0] startup
[python-1] [2.640s] [ext: omni.mdl.neuraylib-0.2.12] startup
[python-1] [2.643s] [ext: omni.kit.usd.mdl-1.1.5] startup
[python-1] [2.811s] [ext: omni.kit.pipapi-0.0.0] startup
[python-1] [2.812s] [ext: omni.appwindow-1.1.10] startup
[python-1] 2026-09-08T13:04:38Z [2,770ms] [Warning] [carb.windowing-glfw.plugin] GLFW initialization failed.
[python-1] 2026-09-08T13:04:38Z [2,770ms] [Warning] [carb] Failed to startup plugin carb.windowing-glfw.plugin (interfaces: [carb::windowing::IGLContext v1.0],[carb::windowing::IWindowing v1.5]) (impl: carb.windowing-glfw.plugin)
[python-1] [2.817s] [ext: omni.kit.renderer.core-1.1.0] startup
[python-1] 2026-09-08T13:04:38Z [2,899ms] [Warning] [carb.windowing-glfw.plugin] GLFW initialization failed.
[python-1] 2026-09-08T13:04:38Z [2,899ms] [Warning] [carb] Failed to startup plugin carb.windowing-glfw.plugin (interfaces: [carb::windowing::IGLContext v1.0],[carb::windowing::IWindowing v1.5]) (impl: carb.windowing-glfw.plugin)
[python-1] 2026-09-08T13:04:38Z [2,912ms] [Warning] [carb.windowing-glfw.plugin] GLFW initialization failed.
[python-1] 2026-09-08T13:04:38Z [2,912ms] [Warning] [carb] Failed to startup plugin carb.windowing-glfw.plugin (interfaces: [carb::windowing::IGLContext v1.0],[carb::windowing::IWindowing v1.5]) (impl: carb.windowing-glfw.plugin)
[python-1] [2.959s] [ext: omni.kit.renderer.capture-0.0.0] startup
[python-1] [2.963s] [ext: omni.kit.renderer.imgui-2.0.5] startup
[python-1] 2026-09-08T13:04:38Z [2,925ms] [Warning] [carb.windowing-glfw.plugin] GLFW initialization failed.
[python-1] 2026-09-08T13:04:38Z [2,925ms] [Warning] [carb] Failed to startup plugin carb.windowing-glfw.plugin (interfaces: [carb::windowing::IGLContext v1.0],[carb::windowing::IWindowing v1.5]) (impl: carb.windowing-glfw.plugin)
[python-1] 2026-09-08T13:04:38Z [2,927ms] [Warning] [carb.windowing-glfw.plugin] GLFW initialization failed.
[python-1] 2026-09-08T13:04:38Z [2,927ms] [Warning] [carb] Failed to startup plugin carb.windowing-glfw.plugin (interfaces: [carb::windowing::IGLContext v1.0],[carb::windowing::IWindowing v1.5]) (impl: carb.windowing-glfw.plugin)
[python-1] 2026-09-08T13:04:38Z [2,929ms] [Warning] [carb.windowing-glfw.plugin] GLFW initialization failed.
[python-1] 2026-09-08T13:04:38Z [2,929ms] [Warning] [carb] Failed to startup plugin carb.windowing-glfw.plugin (interfaces: [carb::windowing::IGLContext v1.0],[carb::windowing::IWindowing v1.5]) (impl: carb.windowing-glfw.plugin)
[python-1] [3.070s] [ext: omni.ui-2.27.1] startup
[python-1] [3.086s] [ext: omni.kit.mainwindow-1.0.3] startup
[python-1] [3.088s] [ext: carb.audio-0.1.0] startup
[python-1] [3.096s] [ext: omni.uiaudio-1.0.0] startup
[python-1] [3.097s] [ext: omni.kit.uiapp-0.0.0] startup
[python-1] [3.098s] [ext: omni.usd.schema.metrics.assembler-107.3.1] startup
[python-1] [3.102s] [ext: omni.usd.schema.physx-107.3.26] startup
[python-1] [3.157s] [ext: omni.usd.schema.geospatial-0.0.0] startup
[python-1] [3.161s] [ext: omni.usd.schema.audio-0.0.0] startup
[python-1] [3.166s] [ext: omni.usd.schema.anim-0.0.0] startup
[python-1] [3.199s] [ext: omni.usd.schema.flow-107.1.1] startup
[python-1] [3.200s] [ext: omni.usd_resolver-1.0.0] startup
[python-1] [3.206s] [ext: omni.usd.core-1.5.3] startup
[python-1] [3.210s] [ext: omni.usd.schema.omni_sensors-0.0.0] startup
[python-1] [3.243s] [ext: omni.usd.schema.semantics-0.0.0] startup
[python-1] [3.247s] [ext: omni.usd.schema.omniscripting-1.0.0] startup
[python-1] [3.254s] [ext: omni.usd.schema.omni_lens_distortion-0.0.0] startup
[python-1] [3.255s] [ext: omni.usd.schema.omnigraph-1.0.0] startup
[python-1] [3.264s] [ext: omni.kit.window.popup_dialog-2.0.24] startup
[python-1] [3.270s] [ext: omni.graph.exec-0.9.6] startup
[python-1] [3.271s] [ext: omni.kit.widget.nucleus_connector-2.0.1] startup
[python-1] [3.274s] [ext: omni.kit.usd_undo-0.1.8] startup
[python-1] [3.275s] [ext: omni.kit.exec.core-0.13.4] startup
[python-1] [3.277s] [ext: omni.kit.actions.core-1.0.0] startup
[python-1] [3.282s] [ext: omni.resourcemonitor-107.0.1] startup
[python-1] [3.285s] [ext: omni.activity.core-1.0.3] startup
[python-1] [3.287s] [ext: omni.timeline-1.0.14] startup
[python-1] [3.290s] [ext: omni.kit.commands-1.4.10] startup
[python-1] [3.296s] [ext: usdrt.scenegraph-7.6.1] startup
[python-1] [3.357s] [ext: omni.kit.audiodeviceenum-1.0.2] startup
[python-1] [3.359s] [ext: omni.hydra.usdrt_delegate-7.5.1] startup
[python-1] [3.370s] [ext: omni.hydra.scene_delegate-0.3.4] startup
[python-1] [3.377s] [ext: omni.usd-1.13.10] startup
[controller_server-7] [INFO] [1788872679.341395303] [local_costmap.local_costmap]: Timed out waiting for transform from base_link to odom to become available, tf error: Invalid frame ID "odom" passed to canTransform argument target_frame - frame does not exist
[python-1] [3.417s] [ext: omni.inspect-1.0.2] startup
[python-1] [3.419s] [ext: omni.kit.notification_manager-1.0.10] startup
[python-1] [3.421s] [ext: omni.graph.core-2.184.5] startup
[python-1] [3.426s] [ext: isaacsim.core.deprecation_manager-0.2.7] startup
[python-1] [3.427s] [ext: omni.anim.graph.schema-107.3.3] startup
[python-1] [3.437s] [ext: omni.usd.schema.isaac-3.0.5] startup
[python-1] [3.437s] [ext: omni.anim.navigation.schema-107.3.3] startup
[python-1] [3.442s] [ext: omni.kit.asset_converter-5.0.17] startup
[python-1] [3.461s] [ext: isaacsim.robot.schema-3.6.0] startup
[python-1] [3.474s] [ext: omni.usd.schema.render_settings.rtx-0.0.0] startup
[python-1] [3.475s] [ext: omni.kit.menu.core-1.1.2] startup
[python-1] [3.476s] [ext: omni.kit.widget.path_field-2.0.11] startup
[python-1] [3.478s] [ext: omni.kit.widget.context_menu-1.2.5] startup
[python-1] [3.479s] [ext: omni.kit.widget.browser_bar-2.0.10] startup
[python-1] [3.481s] [ext: omni.kit.clipboard-1.0.5] startup
[python-1] [3.482s] [ext: omni.kit.numpy.common-0.1.3] startup
[python-1] [3.484s] [ext: omni.kit.widget.options_menu-1.1.6] startup
[python-1] [3.489s] [ext: omni.kit.helper.file_utils-0.1.9] startup
[python-1] [3.491s] [ext: omni.ui.scene-1.11.5] startup
[python-1] [3.498s] [ext: omni.kit.widget.options_button-1.0.3] startup
[python-1] [3.499s] [ext: omni.kit.widget.filebrowser-2.12.3] startup
[python-1] [3.506s] [ext: omni.kit.usd.layers-2.2.11] startup
[python-1] [3.518s] [ext: omni.kit.window.filepicker-2.13.4] startup
[python-1] [3.541s] [ext: omni.kit.hotkeys.core-1.3.10] startup
[python-1] [3.546s] [ext: omni.kit.context_menu-1.8.6] startup
[python-1] [3.549s] [ext: omni.kit.property.adapter.core-1.0.2] startup
[python-1] [3.552s] [ext: omni.kit.window.file_exporter-1.0.33] startup
[python-1] [3.555s] [ext: omni.kit.widget.searchfield-1.1.8] startup
[python-1] [3.557s] [ext: omni.kit.widget.filter-1.1.4] startup
[python-1] [3.558s] [ext: omni.kit.widget.graph-2.0.0] startup
[python-1] [3.567s] [ext: omni.kit.widget.stage-3.1.4] startup
[python-1] [3.584s] [ext: omni.kit.property.adapter.usd-1.0.2] startup
[python-1] [3.586s] [ext: omni.kit.property.adapter.fabric-1.0.3] startup
[python-1] [3.587s] [ext: omni.kit.graph.delegate.default-1.2.3] startup
[python-1] [3.588s] [ext: omni.kit.window.file_importer-1.1.18] startup
[python-1] [3.590s] [ext: omni.kit.stage_template.core-1.1.22] startup
[python-1] [3.590s] [ext: omni.kit.menu.utils-2.0.5] startup
[python-1] [3.598s] [ext: omni.kit.window.file-2.0.5] startup
[python-1] [3.602s] [ext: omni.kit.widget.highlight_label-1.0.3] startup
[python-1] [3.603s] [ext: omni.kit.window.drop_support-1.0.5] startup
[python-1] [3.604s] [ext: omni.kit.window.content_browser_registry-0.0.6] startup
[python-1] [3.605s] [ext: omni.kit.window.property-1.12.1] startup
[python-1] [3.609s] [ext: omni.kit.window.content_browser-3.1.3] startup
[python-1] [3.628s] [ext: isaacsim.core.version-2.0.6] startup
[python-1] [3.629s] [ext: omni.kit.property.usd-4.5.12] startup
[python-1] [3.644s] [ext: omni.kit.graph.editor.core-1.5.3] startup
[python-1] [3.648s] [ext: omni.kit.material.library-2.0.7] startup
[python-1] [3.655s] [ext: omni.kit.graph.usd.commands-1.3.1] startup
[python-1] [3.656s] [ext: omni.kvdb-107.3.26] startup
[python-1] [3.659s] [ext: omni.usdphysics-107.3.26] startup
[python-1] [3.662s] [ext: omni.physx.foundation-107.3.26] startup
[python-1] [3.665s] [ext: omni.localcache-107.3.26] startup
[python-1] [3.667s] [ext: omni.convexdecomposition-107.3.26] startup
[python-1] [3.671s] [ext: omni.physics-107.3.26] startup
[python-1] [3.677s] [ext: omni.physx.cooking-107.3.26] startup
[python-1] [3.682s] [ext: omni.physics.stageupdate-107.3.26] startup
[python-1] [3.685s] [ext: omni.physx-107.3.26] startup
[python-1] [3.700s] [ext: omni.index.libs-380600.8087.0] startup
[python-1] [3.700s] [ext: omni.physics.physx-107.3.26] startup
[python-1] 2026-09-08T13:04:39Z [3,658ms] [Warning] [carb] Acquiring non optional plugin interface which is not listed as dependency: [omni::physx::IPhysxBenchmarks v1.0] (plugin: <default plugin>), by client: omni.physics.physx.plugin. Add it to CARB_PLUGIN_IMPL_DEPS() macro of a client.
[python-1] [3.704s] [ext: omni.index-1.0.1] startup
[python-1] [3.704s] [ext: omni.volume-0.5.2] startup
[python-1] [3.709s] [ext: omni.ujitso.client-0.0.0] startup
[python-1] [3.709s] [ext: omni.hydra.rtx.shadercache.vulkan-1.0.0] startup
[python-1] [3.711s] [ext: omni.kit.widget.searchable_combobox-1.0.6] startup
[python-1] [3.712s] [ext: omni.hydra.rtx-1.0.0] startup
[python-1] 2026-09-08T13:04:39Z [3,697ms] [Warning] [omni.log] Source: omni.hydra was already registered.
[python-1] [3.770s] [ext: omni.kit.widget.settings-1.2.6] startup
[python-1] [3.773s] [ext: omni.kit.hydra_texture-1.4.6] startup
[python-1] [3.779s] [ext: omni.graph.tools-1.79.2] startup
[controller_server-7] [INFO] [1788872679.841411886] [local_costmap.local_costmap]: Timed out waiting for transform from base_link to odom to become available, tf error: Invalid frame ID "odom" passed to canTransform argument target_frame - frame does not exist
[controller_server-7] [INFO] [1788872680.341403339] [local_costmap.local_costmap]: Timed out waiting for transform from base_link to odom to become available, tf error: Invalid frame ID "odom" passed to canTransform argument target_frame - frame does not exist
[controller_server-7] [INFO] [1788872680.841394989] [local_costmap.local_costmap]: Timed out waiting for transform from base_link to odom to become available, tf error: Invalid frame ID "odom" passed to canTransform argument target_frame - frame does not exist
[controller_server-7] [INFO] [1788872681.341413925] [local_costmap.local_costmap]: Timed out waiting for transform from base_link to odom to become available, tf error: Invalid frame ID "odom" passed to canTransform argument target_frame - frame does not exist
[controller_server-7] [INFO] [1788872681.841407119] [local_costmap.local_costmap]: Timed out waiting for transform from base_link to odom to become available, tf error: Invalid frame ID "odom" passed to canTransform argument target_frame - frame does not exist
[controller_server-7] [INFO] [1788872682.341386632] [local_costmap.local_costmap]: Timed out waiting for transform from base_link to odom to become available, tf error: Invalid frame ID "odom" passed to canTransform argument target_frame - frame does not exist
[controller_server-7] [INFO] [1788872682.841404919] [local_costmap.local_costmap]: Timed out waiting for transform from base_link to odom to become available, tf error: Invalid frame ID "odom" passed to canTransform argument target_frame - frame does not exist
[controller_server-7] [INFO] [1788872683.341403105] [local_costmap.local_costmap]: Timed out waiting for transform from base_link to odom to become available, tf error: Invalid frame ID "odom" passed to canTransform argument target_frame - frame does not exist
[controller_server-7] [INFO] [1788872683.841385871] [local_costmap.local_costmap]: Timed out waiting for transform from base_link to odom to become available, tf error: Invalid frame ID "odom" passed to canTransform argument target_frame - frame does not exist
[controller_server-7] [INFO] [1788872684.341419119] [local_costmap.local_costmap]: Timed out waiting for transform from base_link to odom to become available, tf error: Invalid frame ID "odom" passed to canTransform argument target_frame - frame does not exist
[controller_server-7] [INFO] [1788872684.841402492] [local_costmap.local_costmap]: Timed out waiting for transform from base_link to odom to become available, tf error: Invalid frame ID "odom" passed to canTransform argument target_frame - frame does not exist
[controller_server-7] [INFO] [1788872685.341404422] [local_costmap.local_costmap]: Timed out waiting for transform from base_link to odom to become available, tf error: Invalid frame ID "odom" passed to canTransform argument target_frame - frame does not exist
[python-1] [3.819s] [ext: omni.kit.window.preferences-1.8.0] startup
[python-1] [3.827s] [ext: omni.kit.widget.material_preview-1.0.16] startup
[python-1] [3.829s] [ext: omni.graph-1.141.2] startup
[python-1] [3.900s] [ext: omni.kit.window.material_graph-1.9.1] startup
[python-1] [3.917s] [ext: omni.isaac.dynamic_control-2.0.7] startup
[python-1] 2026-09-08T13:04:39Z [3,882ms] [Warning] [omni.isaac.dynamic_control] omni.isaac.dynamic_control is deprecated as of Isaac Sim 4.5. No action is needed from end-users.
[python-1] [3.927s] [ext: isaacsim.storage.native-1.5.1] startup
[python-1] [3.935s] [ext: omni.graph.scriptnode-1.50.0] startup
[python-1] [3.940s] [ext: omni.hydra.engine.stats-1.0.3] startup
[python-1] [3.949s] [ext: omni.kit.viewport.legacy_gizmos-1.0.19] startup
[python-1] [3.954s] [ext: omni.kit.raycast.query-1.1.0] startup
[python-1] [3.963s] [ext: omni.graph.action_core-1.1.7] startup
[python-1] [3.972s] [ext: omni.kit.viewport.scene_camera_model-1.0.6] startup
[python-1] [3.980s] [ext: omni.graph.image.core-0.6.1] startup
[python-1] [3.982s] [ext: omni.kit.widget.viewport-107.1.3] startup
[python-1] [3.996s] [ext: omni.kit.viewport.registry-104.0.6] startup
[python-1] [4.002s] [ext: omni.usd.metrics.assembler-107.3.1] startup
[python-1] [4.021s] [ext: omni.kit.viewport.window-107.2.0] startup
[python-1] [4.066s] [ext: omni.kit.viewport.menubar.core-107.2.1] startup
[python-1] [4.089s] [ext: omni.graph.image.nodes-1.3.1] startup
[python-1] [4.092s] [ext: omni.usd.metrics.assembler.physics-107.3.26] startup
[python-1] [4.095s] [ext: omni.warp.core-1.8.2] startup
[python-1] [4.470s] [ext: omni.kit.viewport.utility-1.1.2] startup
[python-1] [4.474s] [ext: omni.physics.tensors-107.3.26] startup
[python-1] [4.485s] [ext: omni.syntheticdata-0.6.13] startup
[python-1] [4.532s] [ext: isaacsim.test.docstring-1.1.0] startup
[python-1] [4.543s] [ext: isaacsim.core.utils-3.5.1] startup
[python-1] [4.551s] [ext: omni.physx.tensors-107.3.26] startup
[python-1] [4.561s] [ext: omni.graph.nodes-1.170.10] startup
[python-1] [4.580s] [ext: omni.graph.action_nodes-1.50.4] startup
[python-1] [4.590s] [ext: omni.kit.primitive.mesh-1.0.17] startup
[python-1] [4.619s] [ext: isaacsim.core.simulation_manager-1.4.4] startup
[python-1] [7.523s] [ext: omni.graph.ui_nodes-1.50.5] startup
[python-1] [7.539s] [ext: omni.graph.action-1.130.0] startup
[python-1] [7.543s] [ext: omni.kit.stage_templates-2.0.0] startup
[python-1] [7.555s] [ext: isaacsim.core.prims-0.6.1] startup
[python-1] [7.626s] [ext: omni.warp-1.8.2] startup
[python-1] [7.647s] [ext: omni.videoencoding-0.1.2] startup
[python-1] [7.656s] [ext: isaacsim.core.api-4.8.0] startup
[python-1] [7.692s] [ext: isaacsim.core.experimental.utils-0.3.0] startup
[python-1] [7.711s] [ext: omni.replicator.core-1.12.27] startup
[python-1] 2026-09-08T13:04:43Z [7,719ms] [Warning] [pxr.Semantics] pxr.Semantics is deprecated - please use Semantics instead
[python-1] 2026-09-08T13:04:44Z [8,153ms] [Warning] [omni.graph.core.plugin] Found duplicate of category 'Replicator' - was 'Annotators', adding 'Fabric Reader'
[python-1] 2026-09-08T13:04:44Z [8,153ms] [Warning] [omni.graph.core.plugin] Category 'Replicator' not accepted on node type 'omni.replicator.core.FabricReader' in extension 'omni.replicator.core'
[python-1] 2026-09-08T13:04:44Z [8,156ms] [Warning] [omni.replicator.core.scripts.extension] No material configuration file, adding configuration to material settings directly.
[python-1] [8.209s] [ext: isaacsim.core.experimental.prims-0.8.1] startup
[python-1] [8.318s] [ext: omni.kit.window.extensions-1.4.27] startup
[python-1] [8.355s] [ext: isaacsim.core.experimental.objects-0.4.0] startup
[python-1] [8.366s] [ext: omni.ui_query-1.1.8] startup
[python-1] [8.380s] [ext: omni.kit.manipulator.viewport-107.0.1] startup
[python-1] [8.386s] [ext: isaacsim.robot.surface_gripper-3.3.1] startup
[python-1] [8.396s] [ext: omni.kit.ui_test-1.3.7] startup
[python-1] [8.408s] [ext: omni.graph.visualization.nodes-2.1.3] startup
[python-1] [8.609s] [ext: isaacsim.robot_motion.lula-4.0.8] startup
[python-1] [8.724s] [ext: isaacsim.core.nodes-3.4.3] startup
[python-1] [9.012s] [ext: isaacsim.gui.components-1.2.1] startup
[python-1] [9.475s] [ext: isaacsim.robot_motion.motion_generation-8.0.26] startup
[python-1] [9.616s] [ext: isaacsim.robot.manipulators-3.3.6] startup
[python-1] [9.668s] [ext: isaacsim.core.experimental.materials-0.4.0] startup
[python-1] [9.773s] [ext: isaacsim.robot.manipulators.examples-1.1.2] startup
[python-1] [9.793s] [ext: isaacsim.cortex.framework-1.0.12] startup
[python-1] [9.824s] [ext: isaacsim.cortex.behaviors-2.0.14] startup
[python-1] [9.853s] [ext: omni.isaac.cortex.sample_behaviors-2.0.5] startup
[python-1] 2026-09-08T13:04:45Z [9,827ms] [Warning] [omni.isaac.cortex] omni.isaac.cortex has been deprecated in favor of isaacsim.cortex.framework. Please update your code accordingly.
[controller_server-7] [INFO] [1788872685.841403197] [local_costmap.local_costmap]: Timed out waiting for transform from base_link to odom to become available, tf error: Invalid frame ID "odom" passed to canTransform argument target_frame - frame does not exist
[python-1] 2026-09-08T13:04:45Z [9,828ms] [Warning] [omni.isaac.cortex.sample_behaviors] omni.isaac.cortex.sample_behaviors has been deprecated in favor of isaacsim.cortex.behaviors. Please update your code accordingly.
[python-1] [9.874s] [ext: omni.kit.widget.zoombar-1.0.6] startup
[python-1] [9.896s] [ext: isaacsim.gui.content_browser-0.1.11] startup
[python-1] [9.913s] [ext: omni.kit.browser.core-2.3.13] startup
[python-1] [9.959s] [ext: omni.kit.widget.stage_icons-1.0.8] startup
[python-1] [9.974s] [ext: omni.kit.widget.prompt-1.0.7] startup
[python-1] [9.981s] [ext: omni.kit.usd.collect-2.4.5] startup
[python-1] [10.002s] [ext: omni.kit.browser.folder.core-1.10.9] startup
[python-1] [10.032s] [ext: omni.kit.window.stage-2.6.1] startup
[python-1] [10.075s] [ext: omni.kit.usdz_export-1.0.9] startup
[python-1] [10.100s] [ext: omni.kit.tool.collect-2.2.18] startup
[python-1] [10.115s] [ext: omni.kit.menu.stage-1.2.7] startup
[python-1] [10.124s] [ext: omni.kit.tool.asset_importer-4.3.2] startup
[python-1] [10.171s] [ext: isaacsim.robot.wheeled_robots-4.0.24] startup
[python-1] [10.188s] [ext: isaacsim.examples.browser-0.2.1] startup
[python-1] [10.202s] [ext: isaacsim.asset.importer.urdf-2.4.30] startup
[python-1] [10.347s] [ext: omni.isaac.wheeled_robots-3.0.7] startup
[python-1] 2026-09-08T13:04:46Z [10,308ms] [Warning] [omni.isaac.wheeled_robots] omni.isaac.wheeled_robots has been deprecated in favor of isaacsim.robot.wheeled_robots. Please update your code accordingly.
[python-1] 2026-09-08T13:04:46Z [10,308ms] [Warning] [omni.isaac.wheeled_robots.controllers] omni.isaac.wheeled_robots has been deprecated in favor of isaacsim.robot.wheeled_robots. Please update your code accordingly.
[python-1] 2026-09-08T13:04:46Z [10,308ms] [Warning] [omni.isaac.wheeled_robots.controllers.ackermann_controller] omni.isaac.wheeled_robots has been deprecated in favor of isaacsim.robot.wheeled_robots. Please update your code accordingly.
[python-1] 2026-09-08T13:04:46Z [10,310ms] [Warning] [omni.isaac.wheeled_robots.controllers.differential_controller] omni.isaac.wheeled_robots has been deprecated in favor of isaacsim.robot.wheeled_robots. Please update your code accordingly.
[python-1] 2026-09-08T13:04:46Z [10,310ms] [Warning] [omni.isaac.wheeled_robots.controllers.holonomic_controller] omni.isaac.wheeled_robots has been deprecated in favor of isaacsim.robot.wheeled_robots. Please update your code accordingly.
[python-1] 2026-09-08T13:04:46Z [10,310ms] [Warning] [omni.isaac.wheeled_robots.controllers.quintic_path_planner] omni.isaac.wheeled_robots has been deprecated in favor of isaacsim.robot.wheeled_robots. Please update your code accordingly.
[python-1] 2026-09-08T13:04:46Z [10,311ms] [Warning] [omni.isaac.wheeled_robots.controllers.stanley_control] omni.isaac.wheeled_robots has been deprecated in favor of isaacsim.robot.wheeled_robots. Please update your code accordingly.
[python-1] 2026-09-08T13:04:46Z [10,311ms] [Warning] [omni.isaac.wheeled_robots.controllers.wheel_base_pose_controller] omni.isaac.wheeled_robots has been deprecated in favor of isaacsim.robot.wheeled_robots. Please update your code accordingly.
[python-1] 2026-09-08T13:04:46Z [10,311ms] [Warning] [omni.isaac.wheeled_robots.impl] omni.isaac.wheeled_robots has been deprecated in favor of isaacsim.robot.wheeled_robots. Please update your code accordingly.
[python-1] 2026-09-08T13:04:46Z [10,311ms] [Warning] [omni.isaac.wheeled_robots.robots] omni.isaac.wheeled_robots has been deprecated in favor of isaacsim.robot.wheeled_robots. Please update your code accordingly.
[python-1] 2026-09-08T13:04:46Z [10,312ms] [Warning] [omni.isaac.wheeled_robots.robots.holonomic_robot_usd_setup] omni.isaac.wheeled_robots has been deprecated in favor of isaacsim.robot.wheeled_robots. Please update your code accordingly.
[python-1] 2026-09-08T13:04:46Z [10,312ms] [Warning] [omni.isaac.wheeled_robots.robots.wheeled_robot] omni.isaac.wheeled_robots has been deprecated in favor of isaacsim.robot.wheeled_robots. Please update your code accordingly.
[python-1] [10.357s] [ext: isaacsim.simulation_app-2.12.2] startup
[python-1] [10.366s] [ext: omni.isaac.franka-1.0.7] startup
[python-1] 2026-09-08T13:04:46Z [10,324ms] [Warning] [omni.isaac.franka] omni.isaac.franka has been deprecated in favor of isaacsim.robot.manipulators.examples.franka. Please update your code accordingly.
[python-1] 2026-09-08T13:04:46Z [10,325ms] [Warning] [omni.isaac.franka.franka] omni.isaac.franka has been deprecated in favor of isaacsim.robot.manipulators.examples.franka. Please update your code accordingly.
[controller_server-7] [INFO] [1788872686.341416480] [local_costmap.local_costmap]: Timed out waiting for transform from base_link to odom to become available, tf error: Invalid frame ID "odom" passed to canTransform argument target_frame - frame does not exist
[python-1] 2026-09-08T13:04:46Z [10,371ms] [Warning] [omni.isaac.franka.kinematics_solver] omni.isaac.franka has been deprecated in favor of isaacsim.robot.manipulators.examples.franka. Please update your code accordingly.
[python-1] [10.417s] [ext: omni.isaac.kit-2.0.6] startup
[python-1] 2026-09-08T13:04:46Z [10,382ms] [Warning] [omni.isaac.kit] omni.isaac.kit has been deprecated in favor of isaacsim.simulation_app. Please update your code accordingly.
[python-1] [10.427s] [ext: omni.kit.selection-0.1.6] startup
[python-1] [10.444s] [ext: omni.isaac.lula-4.0.6] startup
[python-1] 2026-09-08T13:04:46Z [10,400ms] [Warning] [omni.isaac.lula] omni.isaac.lula has been deprecated in favor of isaacsim.robot_motion.lula. Please update your code accordingly.
[python-1] [10.448s] [ext: isaacsim.robot_motion.lula_test_widget-1.0.12] startup
[python-1] [10.464s] [ext: isaacsim.asset.browser-1.3.23] startup
[python-1] [10.663s] [ext: omni.kit.viewport.actions-107.0.2] startup
[python-1] [10.677s] [ext: isaacsim.gui.menu-2.4.4] startup
[python-1] [10.690s] [ext: omni.isaac.manipulators-3.0.7] startup
[python-1] 2026-09-08T13:04:46Z [10,653ms] [Warning] [omni.isaac.manipulators] omni.isaac.manipulators has been deprecated in favor of isaacsim.robot.manipulators. Please update your code accordingly.
[python-1] 2026-09-08T13:04:46Z [10,653ms] [Warning] [omni.isaac.manipulators.controllers] omni.isaac.manipulators has been deprecated in favor of isaacsim.robot.manipulators. Please update your code accordingly.
[python-1] 2026-09-08T13:04:46Z [10,653ms] [Warning] [omni.isaac.manipulators.controllers.pick_place_controller] omni.isaac.manipulators has been deprecated in favor of isaacsim.robot.manipulators. Please update your code accordingly.
[python-1] 2026-09-08T13:04:46Z [10,655ms] [Warning] [omni.isaac.manipulators.controllers.stacking_controller] omni.isaac.manipulators has been deprecated in favor of isaacsim.robot.manipulators. Please update your code accordingly.
[python-1] 2026-09-08T13:04:46Z [10,655ms] [Warning] [omni.isaac.manipulators.grippers] omni.isaac.manipulators has been deprecated in favor of isaacsim.robot.manipulators. Please update your code accordingly.
[python-1] 2026-09-08T13:04:46Z [10,655ms] [Warning] [omni.isaac.manipulators.grippers.gripper] omni.isaac.manipulators has been deprecated in favor of isaacsim.robot.manipulators. Please update your code accordingly.
[python-1] 2026-09-08T13:04:46Z [10,655ms] [Warning] [omni.isaac.manipulators.grippers.parallel_gripper] omni.isaac.manipulators has been deprecated in favor of isaacsim.robot.manipulators. Please update your code accordingly.
[python-1] 2026-09-08T13:04:46Z [10,656ms] [Warning] [omni.isaac.manipulators.grippers.surface_gripper] omni.isaac.manipulators has been deprecated in favor of isaacsim.robot.manipulators. Please update your code accordingly.
[python-1] 2026-09-08T13:04:46Z [10,656ms] [Warning] [omni.isaac.manipulators.manipulators] omni.isaac.manipulators has been deprecated in favor of isaacsim.robot.manipulators. Please update your code accordingly.
[python-1] 2026-09-08T13:04:46Z [10,656ms] [Warning] [omni.isaac.manipulators.manipulators.single_manipulator] omni.isaac.manipulators has been deprecated in favor of isaacsim.robot.manipulators. Please update your code accordingly.
[python-1] [10.701s] [ext: omni.isaac.lula_test_widget-1.0.6] startup
[python-1] 2026-09-08T13:04:46Z [10,665ms] [Warning] [omni.isaac.lula_test_widget] omni.isaac.lula_test_widget has been deprecated in favor of isaacsim.robot_motion.lula_test_widget. Please update your code accordingly.
[python-1] [10.710s] [ext: omni.isaac.asset_browser-1.0.6] startup
[python-1] 2026-09-08T13:04:46Z [10,673ms] [Warning] [omni.isaac.asset_browser] omni.isaac.asset_browser has been deprecated in favor of isaacsim.asset.browser. Please update your code accordingly.
[python-1] [10.719s] [ext: omni.kit.viewport.menubar.display-107.0.3] startup
[python-1] [10.744s] [ext: omni.isaac.menu-1.0.6] startup
[python-1] 2026-09-08T13:04:46Z [10,710ms] [Warning] [omni.isaac.menu] omni.isaac.menu has been deprecated in favor of isaacsim.gui.menu. Please update your code accordingly.
[python-1] [10.756s] [ext: omni.isaac.motion_generation-8.0.7] startup
[python-1] 2026-09-08T13:04:46Z [10,719ms] [Warning] [omni.isaac.motion_generation] omni.isaac.motion_generation has been deprecated in favor of isaacsim.robot_motion.motion_generation. Please update your code accordingly.
[python-1] 2026-09-08T13:04:46Z [10,720ms] [Warning] [omni.isaac.motion_generation.articulation_kinematics_solver] omni.isaac.motion_generation has been deprecated in favor of isaacsim.robot_motion.motion_generation. Please update your code accordingly.
[python-1] 2026-09-08T13:04:46Z [10,726ms] [Warning] [omni.isaac.motion_generation.articulation_motion_policy] omni.isaac.motion_generation has been deprecated in favor of isaacsim.robot_motion.motion_generation. Please update your code accordingly.
[python-1] 2026-09-08T13:04:46Z [10,727ms] [Warning] [omni.isaac.motion_generation.articulation_trajectory] omni.isaac.motion_generation has been deprecated in favor of isaacsim.robot_motion.motion_generation. Please update your code accordingly.
[python-1] 2026-09-08T13:04:46Z [10,728ms] [Warning] [omni.isaac.motion_generation.kinematics_interface] omni.isaac.motion_generation has been deprecated in favor of isaacsim.robot_motion.motion_generation. Please update your code accordingly.
[python-1] 2026-09-08T13:04:46Z [10,728ms] [Warning] [omni.isaac.motion_generation.lula] omni.isaac.motion_generation has been deprecated in favor of isaacsim.robot_motion.motion_generation. Please update your code accordingly.
[python-1] 2026-09-08T13:04:46Z [10,729ms] [Warning] [omni.isaac.motion_generation.lula.kinematics] omni.isaac.motion_generation has been deprecated in favor of isaacsim.robot_motion.motion_generation. Please update your code accordingly.
[python-1] 2026-09-08T13:04:46Z [10,729ms] [Warning] [omni.isaac.motion_generation.lula.motion_policies] omni.isaac.motion_generation has been deprecated in favor of isaacsim.robot_motion.motion_generation. Please update your code accordingly.
[python-1] 2026-09-08T13:04:46Z [10,730ms] [Warning] [omni.isaac.motion_generation.lula.path_planners] omni.isaac.motion_generation has been deprecated in favor of isaacsim.robot_motion.motion_generation. Please update your code accordingly.
[python-1] 2026-09-08T13:04:46Z [10,730ms] [Warning] [omni.isaac.motion_generation.lula.trajectory_generator] omni.isaac.motion_generation has been deprecated in favor of isaacsim.robot_motion.motion_generation. Please update your code accordingly.
[python-1] 2026-09-08T13:04:46Z [10,730ms] [Warning] [omni.isaac.motion_generation.motion_policy_controller] omni.isaac.motion_generation has been deprecated in favor of isaacsim.robot_motion.motion_generation. Please update your code accordingly.
[python-1] 2026-09-08T13:04:46Z [10,731ms] [Warning] [omni.isaac.motion_generation.motion_policy_interface] omni.isaac.motion_generation has been deprecated in favor of isaacsim.robot_motion.motion_generation. Please update your code accordingly.
[python-1] 2026-09-08T13:04:46Z [10,731ms] [Warning] [omni.isaac.motion_generation.path_planner_visualizer] omni.isaac.motion_generation has been deprecated in favor of isaacsim.robot_motion.motion_generation. Please update your code accordingly.
[python-1] 2026-09-08T13:04:46Z [10,732ms] [Warning] [omni.isaac.motion_generation.path_planning_interface] omni.isaac.motion_generation has been deprecated in favor of isaacsim.robot_motion.motion_generation. Please update your code accordingly.
[python-1] 2026-09-08T13:04:46Z [10,732ms] [Warning] [omni.isaac.motion_generation.trajectory] omni.isaac.motion_generation has been deprecated in favor of isaacsim.robot_motion.motion_generation. Please update your code accordingly.
[python-1] 2026-09-08T13:04:46Z [10,732ms] [Warning] [omni.isaac.motion_generation.world_interface] omni.isaac.motion_generation has been deprecated in favor of isaacsim.robot_motion.motion_generation. Please update your code accordingly.
[python-1] [10.778s] [ext: omni.isaac.assets_check-0.3.13] startup
[python-1] 2026-09-08T13:04:46Z [10,741ms] [Warning] [omni.isaac.assets_check] omni.isaac.assets_check has been deprecated in favor of isaacsim.asset.browser. Please update your code accordingly.
[python-1] [10.786s] [ext: isaacsim.gui.sensors.icon-2.0.3] startup
[python-1] [10.832s] [ext: isaacsim.asset.importer.mjcf-2.5.13] startup
[python-1] [10.847s] [ext: omni.sensors.nv.common-3.0.0] startup
[python-1] [10.864s] [ext: isaacsim.sensors.physics-0.4.3] startup
[python-1] [10.873s] [ext: omni.sensors.net-1.0.0] startup
[python-1] [10.883s] [ext: omni.isaac.nucleus-1.0.6] startup
[python-1] 2026-09-08T13:04:46Z [10,841ms] [Warning] [omni.isaac.nucleus] omni.isaac.nucleus has been deprecated in favor of isaacsim.storage.native. Please update your code accordingly.
[controller_server-7] [INFO] [1788872686.841429179] [local_costmap.local_costmap]: Timed out waiting for transform from base_link to odom to become available, tf error: Invalid frame ID "odom" passed to canTransform argument target_frame - frame does not exist
[python-1] 2026-09-08T13:04:46Z [10,842ms] [Warning] [omni.isaac.nucleus.nucleus] omni.isaac.nucleus.nucleus has been deprecated in favor of isaacsim.storage.native. Please update your code accordingly.
[python-1] [10.889s] [ext: omni.sensors.nv.materials-2.0.0] startup
[python-1] [10.915s] [ext: isaacsim.robot.policy.examples-4.1.11] startup
[python-1] [10.929s] [ext: omni.sensors.nv.wpm-3.0.0] startup
[python-1] [10.945s] [ext: omni.sensors.nv.lidar-3.0.0] startup
[python-1] [10.967s] [ext: isaacsim.util.debug_draw-3.1.0] startup
[python-1] [10.997s] [ext: omni.sensors.nv.radar-3.0.0] startup
[python-1] [11.009s] [ext: omni.sensors.nv.ids-2.0.0] startup
[python-1] [11.013s] [ext: isaacsim.core.cloner-1.4.10] startup
[python-1] [11.019s] [ext: isaacsim.sensors.physx-2.3.2] startup
[python-1] [11.029s] [ext: isaacsim.sensors.rtx-15.8.4] startup
[python-1] [11.045s] [ext: isaacsim.sensors.camera-1.3.6] startup
[python-1] [11.064s] [ext: omni.isaac.quadruped-3.0.7] startup
[python-1] 2026-09-08T13:04:46Z [11,028ms] [Warning] [omni.isaac.quadruped] omni.isaac.quadruped has been deprecated in favor of isaacsim.robot.policy.examples. Please update your code accordingly.
[python-1] [11.079s] [ext: omni.isaac.cloner-1.0.7] startup
[python-1] 2026-09-08T13:04:46Z [11,036ms] [Warning] [omni.isaac.cloner] omni.isaac.cloner has been deprecated in favor of isaacsim.core.cloner. Please update your code accordingly.
[python-1] [11.082s] [ext: omni.isaac.range_sensor-4.0.6] startup
[python-1] 2026-09-08T13:04:46Z [11,058ms] [Warning] [omni.isaac.range_sensor] omni.isaac.range_sensor has been deprecated in favor of isaacsim.sensors.physx. Please update your code accordingly.
[python-1] 2026-09-08T13:04:46Z [11,059ms] [Warning] [omni.isaac.range_sensor.commands] omni.isaac.range_sensor.commands has been deprecated in favor of isaacsim.sensors.physx.commands. Please update your code accordingly.
[python-1] [11.121s] [ext: omni.isaac.sensor-13.0.7] startup
[python-1] 2026-09-08T13:04:47Z [11,093ms] [Warning] [omni.isaac.sensor] omni.isaac.sensor has been deprecated in favor of isaacsim.sensors.camera, isaacsim.sensors.physics, isaacsim.sensors.physx, and isaacsim.sensors.rtx. Please update your code accordingly.
[python-1] 2026-09-08T13:04:47Z [11,095ms] [Warning] [omni.isaac.sensor.camera] omni.isaac.sensor.camera has been deprecated in favor of isaacsim.sensors.camera.camera. Please update your code accordingly.
[python-1] 2026-09-08T13:04:47Z [11,110ms] [Warning] [omni.isaac.sensor.camera_view] omni.isaac.sensor.camera_view has been deprecated in favor of isaacsim.sensors.camera.camera_view. Please update your code accordingly.
[python-1] 2026-09-08T13:04:47Z [11,111ms] [Warning] [omni.isaac.sensor.commands] omni.isaac.sensor.commands has been deprecated in favor of isaacsim.sensors.physics.commands, isaacsim.sensors.physx.commands, and isaacsim.sensors.rtx.commands. Please update your code accordingly.
[python-1] 2026-09-08T13:04:47Z [11,112ms] [Warning] [omni.isaac.sensor.contact_sensor] omni.isaac.sensor.contact_sensor has been deprecated in favor of isaacsim.sensors.physics.contact_sensor. Please update your code accordingly.
[python-1] 2026-09-08T13:04:47Z [11,113ms] [Warning] [omni.isaac.sensor.imu_sensor] omni.isaac.sensor.imu_sensor has been deprecated in favor of isaacsim.sensors.physics.imu_sensor. Please update your code accordingly.
[python-1] 2026-09-08T13:04:47Z [11,114ms] [Warning] [omni.isaac.sensor.lidar_rtx] omni.isaac.sensor.lidar_rtx has been deprecated in favor of isaacsim.sensors.rtx.lidar_rtx. Please update your code accordingly.
[python-1] 2026-09-08T13:04:47Z [11,114ms] [Warning] [omni.isaac.sensor.rotating_lidar_physX] omni.isaac.sensor.imu_sensor has been deprecated in favor of isaacsim.sensors.physix.rotating_lidar_physX. Please update your code accordingly.
[python-1] 2026-09-08T13:04:47Z [11,117ms] [Warning] [omni.isaac.sensor.scripts.samples.contact_sensor] omni.isaac.sensor.scripts.samples.contact_sensor has been deprecated in favor of isaacsim.sensors.physics.scripts.samples.contact_sensor. Please update your code accordingly.
[python-1] 2026-09-08T13:04:47Z [11,118ms] [Warning] [omni.isaac.sensor.scripts.samples.imu_sensor] omni.isaac.sensor.scripts.samples.imu_sensor has been deprecated in favor of isaacsim.sensors.physics.scripts.samples.imu_sensor. Please update your code accordingly.
[python-1] 2026-09-08T13:04:47Z [11,118ms] [Warning] [omni.isaac.sensor.scripts.samples.lightbeam_sensor] omni.isaac.sensor.scripts.samples.lightbeam_sensor has been deprecated in favor of isaacsim.sensors.physx.scripts.samples.lightbeam_sensor. Please update your code accordingly.
[controller_server-7] [INFO] [1788872687.341411724] [local_costmap.local_costmap]: Timed out waiting for transform from base_link to odom to become available, tf error: Invalid frame ID "odom" passed to canTransform argument target_frame - frame does not exist
[python-1] [11.164s] [ext: omni.kit.menu.create-2.0.1] startup
[python-1] [11.179s] [ext: omni.kit.widget.toolbar-2.0.1] startup
[python-1] [11.233s] [ext: omni.kit.manipulator.transform-107.0.0] startup
[python-1] [11.245s] [ext: omni.isaac.core-4.0.7] startup
[python-1] 2026-09-08T13:04:47Z [11,204ms] [Warning] [omni.isaac.core.physics_context.physics_context] omni.isaac.core.physics_context.physics_context has been deprecated in favor of isaacsim.core.api.physics_context.physics_context. Please update your code accordingly.
[python-1] 2026-09-08T13:04:47Z [11,204ms] [Warning] [omni.isaac.core.simulation_context.simulation_context] omni.isaac.core.simulation_context.simulation_context has been deprecated in favor of isaacsim.core.api.simulation_context.simulation_context. Please update your code accordingly.
[python-1] 2026-09-08T13:04:47Z [11,204ms] [Warning] [omni.isaac.core.world.world] omni.isaac.core.world.world has been deprecated in favor of isaacsim.core.api.world.world. Please update your code accordingly.
[python-1] 2026-09-08T13:04:47Z [11,204ms] [Warning] [omni.isaac.core] omni.isaac.core has been deprecated in favor of isaacsim.core.api. Please update your code accordingly.
[python-1] [11.250s] [ext: omni.kit.scripting-107.3.2] startup
[python-1] [11.270s] [ext: omni.kit.manipulator.tool.snap-1.5.13] startup
[python-1] [11.283s] [ext: omni.kit.manipulator.selector-1.1.3] startup
[python-1] [11.288s] [ext: isaacsim.app.about-2.0.11] startup
[python-1] [11.302s] [ext: isaacsim.replicator.behavior-1.1.16] startup
[python-1] [11.305s] [ext: omni.kit.viewport.manipulator.transform-107.0.4] startup
[python-1] [11.313s] [ext: omni.isaac.window.about-2.0.7] startup
[python-1] 2026-09-08T13:04:47Z [11,274ms] [Warning] [omni.isaac.window.about] omni.isaac.window.about has been deprecated in favor of isaacsim.app.about. Please update your code accordingly.
[python-1] 2026-09-08T13:04:47Z [11,274ms] [Warning] [omni.isaac.window.about.about] omni.isaac.window.about.about has been deprecated in favor of isaacsim.app.about.about. Please update your code accordingly.
[python-1] [11.319s] [ext: omni.fabric.commands-1.1.6] startup
[python-1] [11.330s] [ext: omni.kit.manipulator.prim.core-107.0.8] startup
[python-1] [11.348s] [ext: omni.kit.property.audio-1.0.16] startup
[python-1] [11.353s] [ext: omni.kit.property.camera-1.0.10] startup
[python-1] [11.358s] [ext: omni.kit.property.geometry-2.0.4] startup
[python-1] [11.367s] [ext: omni.hydra.scene_api-0.1.2] startup
[python-1] [11.378s] [ext: omni.kit.property.light-1.0.12] startup
[python-1] [11.412s] [ext: omni.kit.manipulator.prim.fabric-107.0.4] startup
[python-1] [11.417s] [ext: omni.kit.manipulator.prim.usd-107.0.3] startup
[python-1] [11.423s] [ext: omni.kit.property.material-1.11.9] startup
[python-1] [11.435s] [ext: omni.kit.property.render-1.2.1] startup
[python-1] [11.440s] [ext: omni.kit.property.transform-1.5.13] startup
[python-1] [11.449s] [ext: isaacsim.gui.property-1.1.3] startup
[python-1] [11.455s] [ext: omni.kit.manipulator.camera-106.0.4] startup
[python-1] [11.468s] [ext: omni.kit.manipulator.prim-107.0.0] startup
[python-1] [11.468s] [ext: omni.isaac.surface_gripper-2.0.6] startup
[python-1] 2026-09-08T13:04:47Z [11,425ms] [Warning] [omni.isaac.surface_gripper] omni.isaac.surface_gripper has been deprecated in favor of isaacsim.robot.surface_gripper. Please update your code accordingly.
[python-1] [11.470s] [ext: omni.kit.manipulator.selection-106.0.1] startup
[python-1] [11.480s] [ext: omni.kit.property.bundle-1.4.1] startup
[python-1] [11.488s] [ext: omni.kit.property.isaac-1.0.6] startup
[python-1] 2026-09-08T13:04:47Z [11,448ms] [Warning] [omni.kit.property.isaac] omni.kit.property.isaac has been deprecated in favor of isaacsim.gui.property. Please update your code accordingly.
[python-1] 2026-09-08T13:04:47Z [11,448ms] [Warning] [omni.kit.property.isaac.widgets] omni.kit.property.isaac.widgets has been deprecated in favor of isaacsim.gui.property.widgets. Please update your code accordingly.
[python-1] [11.494s] [ext: omni.isaac.universal_robots-1.0.6] startup
[python-1] 2026-09-08T13:04:47Z [11,453ms] [Warning] [omni.isaac.universal_robots] omni.isaac.universal_robots has been deprecated in favor of isaacsim.robot.manipulators.examples.universal_robots. Please update your code accordingly.
[python-1] 2026-09-08T13:04:47Z [11,453ms] [Warning] [omni.isaac.universal_robots.kinematics_solver] omni.isaac.franka has been deprecated in favor of isaacsim.robot.manipulators.examples.universal_robots. Please update your code accordingly.
[controller_server-7] [INFO] [1788872687.841405484] [local_costmap.local_costmap]: Timed out waiting for transform from base_link to odom to become available, tf error: Invalid frame ID "odom" passed to canTransform argument target_frame - frame does not exist
[python-1] 2026-09-08T13:04:47Z [11,456ms] [Warning] [omni.isaac.universal_robots.ur10] omni.isaac.franka has been deprecated in favor of isaacsim.robot.manipulators.examples.universal_robots. Please update your code accordingly.
[python-1] [11.502s] [ext: omni.isaac.core_nodes-2.0.6] startup
[python-1] 2026-09-08T13:04:47Z [11,469ms] [Warning] [omni.isaac.core_nodes] omni.isaac.core_nodes has been deprecated in favor of isaacsim.core.nodes. Please update your code accordingly.
[python-1] [11.515s] [ext: omni.kit.viewport.menubar.camera-107.0.6] startup
[python-1] [11.550s] [ext: omni.kit.viewport.menubar.lighting-107.3.1] startup
[python-1] [11.560s] [ext: isaacsim.replicator.writers-1.0.17] startup
[python-1] [11.595s] [ext: omni.kit.viewport.menubar.render-107.0.10] startup
[python-1] [11.608s] [ext: omni.kit.viewport.menubar.settings-107.0.3] startup
[python-1] [11.618s] [ext: omni.kit.window.console-1.1.4] startup
[python-1] [11.628s] [ext: isaacsim.replicator.domain_randomization-1.0.16] startup
[python-1] [11.641s] [ext: isaacsim.replicator.examples-1.3.6] startup
[python-1] [11.655s] [ext: omni.ocio-0.1.1] startup
[python-1] [11.668s] [ext: omni.rtx.window.settings-0.6.19] startup
[python-1] [11.731s] [ext: omni.kit.window.status_bar-0.1.9] startup
[python-1] [11.775s] [ext: omni.kit.window.toolbar-2.0.0] startup
[python-1] [11.786s] [ext: omni.replicator.isaac-2.0.8] startup
[python-1] 2026-09-08T13:04:47Z [11,745ms] [Warning] [omni.replicator.isaac] omni.replicator.isaac has been deprecated in favor of isaacsim.replicator.domain_randomization, isaacsim.replicator.examples, isaacsim.replicator.writers. Please update your code accordingly.
[python-1] [11.790s] [ext: omni.replicator.replicator_yaml-2.0.11] startup
[python-1] [11.851s] [ext: omni.rtx.settings.core-0.6.5] startup
[python-1] [11.864s] [ext: omni.usd.metrics.assembler.ui-107.3.1] startup
[python-1] [11.901s] [ext: omni.isaac.utils-2.0.6] startup
[python-1] [11.906s] [ext: semantics.schema.editor-2.0.2] startup
[python-1] [11.927s] [ext: omni.kit.ui.actions-1.0.5] startup
[python-1] [11.934s] [ext: semantics.schema.property-2.0.1] startup
[python-1] [11.941s] [ext: omni.isaac.version-2.0.7] startup
[python-1] 2026-09-08T13:04:47Z [11,901ms] [Warning] [omni.isaac.version] omni.isaac.version has been deprecated in favor of isaacsim.core.version. Please update your code accordingly.
[python-1] [11.946s] [ext: omni.isaac.cortex-1.0.5] startup
[python-1] [11.951s] [ext: omni.anim.curve.core-1.3.1] startup
[python-1] [11.980s] [ext: isaacsim.core.throttling-2.2.2] startup
[python-1] [11.985s] [ext: omni.kit.menu.common-2.0.1] startup
[python-1] [11.991s] [ext: isaacsim.exp.base-5.1.0] startup
[python-1] [11.995s] [ext: isaacsim.exp.base.python-5.1.0] startup
[python-1] [12.001s] Simulation App Starting
[python-1] 2026-09-08T13:04:48Z [12,124ms] [Warning] [omni.fabric.plugin] Warning: attribute viewportHandle not found for bucket id 9
[python-1] 
[python-1] 2026-09-08T13:04:48Z [12,149ms] [Warning] [usdrt.population.plugin] [UsdNoticeHandler] Unhandled attribute type VtArray<std::string> (prim attribute: omni:rtx:material:db:flattener:ior_constant)
[python-1] 2026-09-08T13:04:48Z [12,149ms] [Warning] [usdrt.population.plugin] [UsdNoticeHandler] Unhandled attribute type VtArray<std::string> (prim attribute: omni:rtx:material:db:flattener:reflection_roughness_constant)
[python-1] 2026-09-08T13:04:48Z [12,150ms] [Warning] [usdrt.population.plugin] [UsdNoticeHandler] Unhandled attribute type VtArray<std::string> (prim attribute: omni:rtx:material:db:flattener:transmittance_color)
[python-1] [12.213s] app ready
[controller_server-7] [INFO] [1788872688.341388698] [local_costmap.local_costmap]: Timed out waiting for transform from base_link to odom to become available, tf error: Invalid frame ID "odom" passed to canTransform argument target_frame - frame does not exist
[controller_server-7] [INFO] [1788872688.841410334] [local_costmap.local_costmap]: Timed out waiting for transform from base_link to odom to become available, tf error: Invalid frame ID "odom" passed to canTransform argument target_frame - frame does not exist
[controller_server-7] [INFO] [1788872689.341401086] [local_costmap.local_costmap]: Timed out waiting for transform from base_link to odom to become available, tf error: Invalid frame ID "odom" passed to canTransform argument target_frame - frame does not exist
[controller_server-7] [INFO] [1788872689.841411088] [local_costmap.local_costmap]: Timed out waiting for transform from base_link to odom to become available, tf error: Invalid frame ID "odom" passed to canTransform argument target_frame - frame does not exist
[controller_server-7] [INFO] [1788872690.341392754] [local_costmap.local_costmap]: Timed out waiting for transform from base_link to odom to become available, tf error: Invalid frame ID "odom" passed to canTransform argument target_frame - frame does not exist
[controller_server-7] [INFO] [1788872690.841397925] [local_costmap.local_costmap]: Timed out waiting for transform from base_link to odom to become available, tf error: Invalid frame ID "odom" passed to canTransform argument target_frame - frame does not exist
[controller_server-7] [INFO] [1788872691.341395305] [local_costmap.local_costmap]: Timed out waiting for transform from base_link to odom to become available, tf error: Invalid frame ID "odom" passed to canTransform argument target_frame - frame does not exist
[controller_server-7] [INFO] [1788872691.841391157] [local_costmap.local_costmap]: Timed out waiting for transform from base_link to odom to become available, tf error: Invalid frame ID "odom" passed to canTransform argument target_frame - frame does not exist
[controller_server-7] [INFO] [1788872692.341398005] [local_costmap.local_costmap]: Timed out waiting for transform from base_link to odom to become available, tf error: Invalid frame ID "odom" passed to canTransform argument target_frame - frame does not exist
[controller_server-7] [INFO] [1788872692.841392118] [local_costmap.local_costmap]: Timed out waiting for transform from base_link to odom to become available, tf error: Invalid frame ID "odom" passed to canTransform argument target_frame - frame does not exist
[python-1] Warning: Possible version incompatibility. Attempting to load omni::fabric::IStageReaderWriter with version v0.14 against v0.13.
[controller_server-7] [INFO] [1788872693.341396216] [local_costmap.local_costmap]: Timed out waiting for transform from base_link to odom to become available, tf error: Invalid frame ID "odom" passed to canTransform argument target_frame - frame does not exist
[controller_server-7] [INFO] [1788872693.841391709] [local_costmap.local_costmap]: Timed out waiting for transform from base_link to odom to become available, tf error: Invalid frame ID "odom" passed to canTransform argument target_frame - frame does not exist
[controller_server-7] [INFO] [1788872694.341391554] [local_costmap.local_costmap]: Timed out waiting for transform from base_link to odom to become available, tf error: Invalid frame ID "odom" passed to canTransform argument target_frame - frame does not exist
[controller_server-7] [INFO] [1788872694.841391565] [local_costmap.local_costmap]: Timed out waiting for transform from base_link to odom to become available, tf error: Invalid frame ID "odom" passed to canTransform argument target_frame - frame does not exist
[controller_server-7] [INFO] [1788872695.341408683] [local_costmap.local_costmap]: Timed out waiting for transform from base_link to odom to become available, tf error: Invalid frame ID "odom" passed to canTransform argument target_frame - frame does not exist
[controller_server-7] [INFO] [1788872695.841387777] [local_costmap.local_costmap]: Timed out waiting for transform from base_link to odom to become available, tf error: Invalid frame ID "odom" passed to canTransform argument target_frame - frame does not exist
[controller_server-7] [INFO] [1788872696.341391342] [local_costmap.local_costmap]: Timed out waiting for transform from base_link to odom to become available, tf error: Invalid frame ID "odom" passed to canTransform argument target_frame - frame does not exist
[controller_server-7] [INFO] [1788872696.841391222] [local_costmap.local_costmap]: Timed out waiting for transform from base_link to odom to become available, tf error: Invalid frame ID "odom" passed to canTransform argument target_frame - frame does not exist
[controller_server-7] [INFO] [1788872697.341390705] [local_costmap.local_costmap]: Timed out waiting for transform from base_link to odom to become available, tf error: Invalid frame ID "odom" passed to canTransform argument target_frame - frame does not exist
[controller_server-7] [INFO] [1788872697.841390077] [local_costmap.local_costmap]: Timed out waiting for transform from base_link to odom to become available, tf error: Invalid frame ID "odom" passed to canTransform argument target_frame - frame does not exist
[controller_server-7] [INFO] [1788872698.341400861] [local_costmap.local_costmap]: Timed out waiting for transform from base_link to odom to become available, tf error: Invalid frame ID "odom" passed to canTransform argument target_frame - frame does not exist
[controller_server-7] [INFO] [1788872698.841392036] [local_costmap.local_costmap]: Timed out waiting for transform from base_link to odom to become available, tf error: Invalid frame ID "odom" passed to canTransform argument target_frame - frame does not exist
[controller_server-7] [INFO] [1788872699.341402113] [local_costmap.local_costmap]: Timed out waiting for transform from base_link to odom to become available, tf error: Invalid frame ID "odom" passed to canTransform argument target_frame - frame does not exist
[controller_server-7] [INFO] [1788872699.841386089] [local_costmap.local_costmap]: Timed out waiting for transform from base_link to odom to become available, tf error: Invalid frame ID "odom" passed to canTransform argument target_frame - frame does not exist
[python-1] [INFO] [1788872700.018560979] [isaac]: Ideal planar chassis enabled: physics_dt=0.016667, limits=(1.500 m/s, 2.000 rad/s), accelerations=(2.000 m/s^2, 4.000 rad/s^2)
[controller_server-7] [INFO] [1788872700.341406306] [local_costmap.local_costmap]: Timed out waiting for transform from base_link to odom to become available, tf error: Invalid frame ID "odom" passed to canTransform argument target_frame - frame does not exist
[controller_server-7] [INFO] [1788872700.841399185] [local_costmap.local_costmap]: Timed out waiting for transform from base_link to odom to become available, tf error: Invalid frame ID "odom" passed to canTransform argument target_frame - frame does not exist
[python-1] [17.012s] Simulation App Startup Complete
[python-1] [17.054s] [ext: omni.anim.behavior.schema-107.3.0] startup
[python-1] [17.069s] [ext: omni.anim.asset-107.3.0] startup
[python-1] [17.075s] [ext: omni.debugdraw-0.1.4] startup
[python-1] [17.082s] [ext: omni.anim.retarget.core-107.3.3] startup
[python-1] [17.094s] [ext: omni.anim.graph.core-107.3.4] startup
[python-1] 2026-09-08T13:04:53Z [17,078ms] [Warning] [omni.graph.core._impl._registration.register_python_ogn] Python import process in omni.anim.graph.core failed - 'NoneType' object is not subscriptable. Aborting Python node registration
[python-1] [17.123s] [ext: omni.kit.quicklayout-1.0.8] startup
[python-1] [17.199s] [ext: omni.anim.navigation.core-107.3.8] startup
[python-1] [17.211s] [ext: omni.metropolis.utils-0.1.20] startup
[python-1] [17.298s] [ext: omni.anim.people-0.7.9] startup
[python-1] [17.327s] [ext: omni.usd.schema.scene.visualization-2.0.2] startup
[python-1] [17.335s] [ext: omni.curve.creator-107.0.1] startup
[python-1] [17.340s] [ext: omni.kit.browser.sample-1.4.9] startup
[python-1] [17.412s] [ext: omni.scene.visualization.core-107.0.2] startup
[python-1] [17.424s] [ext: omni.curve.manipulator-107.0.4] startup
[python-1] [17.524s] [ext: omni.anim.navigation.ui-107.3.6] startup
[python-1] [17.673s] [ext: omni.anim.navigation.bundle-107.3.3] startup
[python-1] [17.688s] [ext: omni.anim.timeline-107.0.0] startup
[python-1] [17.710s] [ext: omni.kit.widget.text_editor-1.1.1] startup
[python-1] [17.721s] [ext: omni.graph.ui-1.101.6] startup
[python-1] [17.819s] [ext: omni.kit.widget.imageview-1.0.4] startup
[python-1] [17.820s] [ext: omni.ramp-107.0.1] startup
[python-1] [18.134s] [ext: omni.kit.window.quicksearch-2.4.4] startup
[python-1] [18.142s] [ext: omni.genproc.core-107.0.3] startup
[python-1] [18.166s] [ext: omni.kit.graph.widget.variables-2.1.0] startup
[python-1] [18.171s] [ext: omni.graph.io-1.30.1] startup
[python-1] 2026-09-08T13:04:54Z [18,128ms] [Warning] [omni.graph.io._impl.extension] omni.graph.io is deprecated. Nodes in this extension have been moved to omni.graph.nodes. Update any dependencies accordingly.
[python-1] [18.174s] [ext: omni.graph.bundle.action-2.30.0] startup
[python-1] [18.180s] [ext: omni.kit.graph.delegate.modern-1.10.9] startup
[python-1] [18.183s] [ext: omni.anim.graph.ui-107.3.3] startup
[python-1] [18.353s] [ext: omni.anim.graph.bundle-107.3.3] startup
[python-1] [18.381s] [ext: omni.kit.preferences.animation-1.2.0] startup
[python-1] [18.391s] [ext: omni.anim.skelJoint-107.3.3] startup
[python-1] [18.405s] [ext: omni.anim.widget.timeline-0.1.14] startup
[python-1] 2026-09-08T13:04:54Z [18,370ms] [Warning] [omni.anim.widget.timeline.views.timeline_view] Could not import omni.kit.window.cursor
[python-1] [18.417s] [ext: omni.kit.widget.layers-1.8.6] startup
[python-1] [18.513s] [ext: omni.anim.retarget.preview-107.3.3] startup
[python-1] [18.646s] [ext: omni.anim.retarget.ui-107.3.3] startup
[python-1] [18.741s] [ext: omni.anim.retarget.bundle-107.3.3] startup
[python-1] 2026-09-08T13:04:56Z [20,909ms] [Warning] [omni.anim.graph.core.plugin] CharacterManager::Shutdown() called without a prior successful call to CharacterManager::Initialize().
[python-1] [21.100s] [ext: isaacsim.ros2.bridge-4.12.4] startup
[python-1] [21.209s] Attempting to load system rclpy
[python-1] [21.231s] rclpy loaded
[python-1] 2026-09-08T13:04:59Z [23,580ms] [Warning] [carb.windowing-glfw.plugin] GLFW initialization failed.
[python-1] 2026-09-08T13:04:59Z [23,580ms] [Warning] [carb] Failed to startup plugin carb.windowing-glfw.plugin (interfaces: [carb::windowing::IGLContext v1.0],[carb::windowing::IWindowing v1.5]) (impl: carb.windowing-glfw.plugin)
[python-1] 2026-09-08T13:04:59Z [23,587ms] [Warning] [carb.windowing-glfw.plugin] GLFW initialization failed.
[python-1] 2026-09-08T13:04:59Z [23,587ms] [Warning] [carb] Failed to startup plugin carb.windowing-glfw.plugin (interfaces: [carb::windowing::IGLContext v1.0],[carb::windowing::IWindowing v1.5]) (impl: carb.windowing-glfw.plugin)
[python-1] 2026-09-08T13:04:59Z [23,589ms] [Warning] [carb.windowing-glfw.plugin] GLFW initialization failed.
[python-1] 2026-09-08T13:04:59Z [23,589ms] [Warning] [carb] Failed to startup plugin carb.windowing-glfw.plugin (interfaces: [carb::windowing::IGLContext v1.0],[carb::windowing::IWindowing v1.5]) (impl: carb.windowing-glfw.plugin)
[python-1] 2026-09-08T13:05:00Z [24,572ms] [Warning] [omni.timeline.plugin] Deprecated: direct use of ITimeline callbacks is deprecated. Use ITimeline::getTimeline (Python: omni.timeline.get_timeline_interface) instead.
[python-1] 2026-09-08T13:05:00Z [24,930ms] [Warning] [omni.kit.viewport.menubar.lighting.actions] Not able to set the lighting mode, no lighting rig found for Stage Lights
[scene_bridge-2] [INFO] [1788872701.333866432] [arena_scene_bridge]: SCENE_WALLS_OK count=4 world=map_empty
[controller_server-7] [INFO] [1788872701.341383273] [local_costmap.local_costmap]: Timed out waiting for transform from base_link to odom to become available, tf error: Invalid frame ID "odom" passed to canTransform argument target_frame - frame does not exist
[python-1] 2026-09-08T13:05:01Z [25,422ms] [Warning] [isaacsim.asset.importer.urdf] Creating Asset in an in-memory stage, will not create layered structure
[python-1] 2026-09-08T13:05:01Z [25,471ms] [Warning] [isaacsim.asset.importer.urdf] No mass specified for link base_link
[python-1] 2026-09-08T13:05:01Z [25,472ms] [Warning] [omni.usd] Warning: in _ReportErrors at line 3172 of /builds/omniverse/usd-ci/USD/pxr/usd/usd/stage.cpp -- In </jackal/base_link/visuals>: Unresolved reference prim path @anon:0x5b78ebe56480:World1.usd@</visuals/base_link> introduced by @anon:0x5b78ebe56480:World1.usd@</jackal/base_link/visuals> (recomposing stage on stage @anon:0x5b78ebe56480:World1.usd@ <0x5b78ed346ea0>)
[python-1] 
[python-1] 2026-09-08T13:05:01Z [25,472ms] [Warning] [omni.usd] Warning: in _ReportErrors at line 3172 of /builds/omniverse/usd-ci/USD/pxr/usd/usd/stage.cpp -- In </jackal/base_link/visuals>: Unresolved reference prim path @anon:0x5b78ebe56480:World1.usd@</visuals/base_link> introduced by @anon:0x5b78ebe56480:World1.usd@</jackal/base_link/visuals> (recomposing stage on stage @anon:0x5b78ebe56480:World1.usd@ <0x5b78ed346ea0>)
[python-1] 
[python-1] 2026-09-08T13:05:01Z [25,472ms] [Warning] [omni.usd] Warning: in _ReportErrors at line 3172 of /builds/omniverse/usd-ci/USD/pxr/usd/usd/stage.cpp -- In </jackal/base_link/visuals>: Unresolved reference prim path @anon:0x5b78ebe56480:World1.usd@</visuals/base_link> introduced by @anon:0x5b78ebe56480:World1.usd@</jackal/base_link/visuals> (recomposing stage on stage @anon:0x5b78ebe56480:World1.usd@ <0x5b78ed346ea0>)
[python-1] 
[python-1] 2026-09-08T13:05:01Z [25,473ms] [Warning] [omni.usd] Warning: in _ReportErrors at line 3172 of /builds/omniverse/usd-ci/USD/pxr/usd/usd/stage.cpp -- In </jackal/base_link/visuals>: Unresolved reference prim path @anon:0x5b78ebe56480:World1.usd@</visuals/base_link> introduced by @anon:0x5b78ebe56480:World1.usd@</jackal/base_link/visuals> (recomposing stage on stage @anon:0x5b78ebe56480:World1.usd@ <0x5b78ed346ea0>)
[python-1] 
[python-1] 2026-09-08T13:05:01Z [25,473ms] [Warning] [omni.usd] Warning: in _ReportErrors at line 3172 of /builds/omniverse/usd-ci/USD/pxr/usd/usd/stage.cpp -- In </jackal/base_link/visuals>: Unresolved reference prim path @anon:0x5b78ebe56480:World1.usd@</visuals/base_link> introduced by @anon:0x5b78ebe56480:World1.usd@</jackal/base_link/visuals> (recomposing stage on stage @anon:0x5b78ebe56480:World1.usd@ <0x5b78ed346ea0>)
[python-1] 
[python-1] 2026-09-08T13:05:01Z [25,473ms] [Warning] [omni.usd] Warning: in _ReportErrors at line 3172 of /builds/omniverse/usd-ci/USD/pxr/usd/usd/stage.cpp -- In </jackal/base_link/visuals>: Unresolved reference prim path @anon:0x5b78ebe56480:World1.usd@</visuals/base_link> introduced by @anon:0x5b78ebe56480:World1.usd@</jackal/base_link/visuals> (recomposing stage on stage @anon:0x5b78ebe56480:World1.usd@ <0x5b78ed346ea0>)
[python-1] 
[python-1] 2026-09-08T13:05:01Z [25,474ms] [Warning] [isaacsim.asset.importer.urdf] Link base_link has no colliders, and no inertia was imported; assigning a small isotropic inertia matrix
[python-1] 2026-09-08T13:05:01Z [25,543ms] [Warning] [isaacsim.asset.importer.urdf] No mass specified for link front_fender_link
[python-1] 2026-09-08T13:05:01Z [25,568ms] [Warning] [isaacsim.asset.importer.urdf] Link front_fender_link has no colliders, and no inertia was imported; assigning a small isotropic inertia matrix
[python-1] 2026-09-08T13:05:01Z [25,703ms] [Warning] [isaacsim.asset.importer.urdf] No mass specified for link imu_link
[python-1] 2026-09-08T13:05:01Z [25,704ms] [Warning] [omni.usd] Warning: in _ReportErrors at line 3172 of /builds/omniverse/usd-ci/USD/pxr/usd/usd/stage.cpp -- In </jackal/imu_link/visuals>: Unresolved reference prim path @anon:0x5b78ebe56480:World1.usd@</visuals/imu_link> introduced by @anon:0x5b78ebe56480:World1.usd@</jackal/imu_link/visuals> (recomposing stage on stage @anon:0x5b78ebe56480:World1.usd@ <0x5b78ed346ea0>)
[python-1] 
[python-1] 2026-09-08T13:05:01Z [25,704ms] [Warning] [omni.usd] Warning: in _ReportErrors at line 3172 of /builds/omniverse/usd-ci/USD/pxr/usd/usd/stage.cpp -- In </jackal/imu_link/visuals>: Unresolved reference prim path @anon:0x5b78ebe56480:World1.usd@</visuals/imu_link> introduced by @anon:0x5b78ebe56480:World1.usd@</jackal/imu_link/visuals> (recomposing stage on stage @anon:0x5b78ebe56480:World1.usd@ <0x5b78ed346ea0>)
[python-1] 
[python-1] 2026-09-08T13:05:01Z [25,704ms] [Warning] [omni.usd] Warning: in _ReportErrors at line 3172 of /builds/omniverse/usd-ci/USD/pxr/usd/usd/stage.cpp -- In </jackal/imu_link/visuals>: Unresolved reference prim path @anon:0x5b78ebe56480:World1.usd@</visuals/imu_link> introduced by @anon:0x5b78ebe56480:World1.usd@</jackal/imu_link/visuals> (recomposing stage on stage @anon:0x5b78ebe56480:World1.usd@ <0x5b78ed346ea0>)
[python-1] 
[python-1] 2026-09-08T13:05:01Z [25,704ms] [Warning] [omni.usd] Warning: in _ReportErrors at line 3172 of /builds/omniverse/usd-ci/USD/pxr/usd/usd/stage.cpp -- In </jackal/imu_link/visuals>: Unresolved reference prim path @anon:0x5b78ebe56480:World1.usd@</visuals/imu_link> introduced by @anon:0x5b78ebe56480:World1.usd@</jackal/imu_link/visuals> (recomposing stage on stage @anon:0x5b78ebe56480:World1.usd@ <0x5b78ed346ea0>)
[python-1] 
[python-1] 2026-09-08T13:05:01Z [25,705ms] [Warning] [omni.usd] Warning: in _ReportErrors at line 3172 of /builds/omniverse/usd-ci/USD/pxr/usd/usd/stage.cpp -- In </jackal/imu_link/visuals>: Unresolved reference prim path @anon:0x5b78ebe56480:World1.usd@</visuals/imu_link> introduced by @anon:0x5b78ebe56480:World1.usd@</jackal/imu_link/visuals> (recomposing stage on stage @anon:0x5b78ebe56480:World1.usd@ <0x5b78ed346ea0>)
[python-1] 
[python-1] 2026-09-08T13:05:01Z [25,705ms] [Warning] [omni.usd] Warning: in _ReportErrors at line 3172 of /builds/omniverse/usd-ci/USD/pxr/usd/usd/stage.cpp -- In </jackal/imu_link/visuals>: Unresolved reference prim path @anon:0x5b78ebe56480:World1.usd@</visuals/imu_link> introduced by @anon:0x5b78ebe56480:World1.usd@</jackal/imu_link/visuals> (recomposing stage on stage @anon:0x5b78ebe56480:World1.usd@ <0x5b78ed346ea0>)
[python-1] 
[python-1] 2026-09-08T13:05:01Z [25,706ms] [Warning] [isaacsim.asset.importer.urdf] Link imu_link has no colliders, and no inertia was imported; assigning a small isotropic inertia matrix
[python-1] 2026-09-08T13:05:01Z [25,723ms] [Warning] [isaacsim.asset.importer.urdf] No mass specified for link lidar_link
[python-1] 2026-09-08T13:05:01Z [25,760ms] [Warning] [isaacsim.asset.importer.urdf] No mass specified for link mid_mount
[python-1] 2026-09-08T13:05:01Z [25,761ms] [Warning] [omni.usd] Warning: in _ReportErrors at line 3172 of /builds/omniverse/usd-ci/USD/pxr/usd/usd/stage.cpp -- In </jackal/mid_mount/visuals>: Unresolved reference prim path @anon:0x5b78ebe56480:World1.usd@</visuals/mid_mount> introduced by @anon:0x5b78ebe56480:World1.usd@</jackal/mid_mount/visuals> (recomposing stage on stage @anon:0x5b78ebe56480:World1.usd@ <0x5b78ed346ea0>)
[python-1] 
[python-1] 2026-09-08T13:05:01Z [25,761ms] [Warning] [omni.usd] Warning: in _ReportErrors at line 3172 of /builds/omniverse/usd-ci/USD/pxr/usd/usd/stage.cpp -- In </jackal/mid_mount/visuals>: Unresolved reference prim path @anon:0x5b78ebe56480:World1.usd@</visuals/mid_mount> introduced by @anon:0x5b78ebe56480:World1.usd@</jackal/mid_mount/visuals> (recomposing stage on stage @anon:0x5b78ebe56480:World1.usd@ <0x5b78ed346ea0>)
[python-1] 
[python-1] 2026-09-08T13:05:01Z [25,761ms] [Warning] [omni.usd] Warning: in _ReportErrors at line 3172 of /builds/omniverse/usd-ci/USD/pxr/usd/usd/stage.cpp -- In </jackal/mid_mount/visuals>: Unresolved reference prim path @anon:0x5b78ebe56480:World1.usd@</visuals/mid_mount> introduced by @anon:0x5b78ebe56480:World1.usd@</jackal/mid_mount/visuals> (recomposing stage on stage @anon:0x5b78ebe56480:World1.usd@ <0x5b78ed346ea0>)
[python-1] 
[python-1] 2026-09-08T13:05:01Z [25,761ms] [Warning] [omni.usd] Warning: in _ReportErrors at line 3172 of /builds/omniverse/usd-ci/USD/pxr/usd/usd/stage.cpp -- In </jackal/mid_mount/visuals>: Unresolved reference prim path @anon:0x5b78ebe56480:World1.usd@</visuals/mid_mount> introduced by @anon:0x5b78ebe56480:World1.usd@</jackal/mid_mount/visuals> (recomposing stage on stage @anon:0x5b78ebe56480:World1.usd@ <0x5b78ed346ea0>)
[python-1] 
[python-1] 2026-09-08T13:05:01Z [25,761ms] [Warning] [omni.usd] Warning: in _ReportErrors at line 3172 of /builds/omniverse/usd-ci/USD/pxr/usd/usd/stage.cpp -- In </jackal/mid_mount/visuals>: Unresolved reference prim path @anon:0x5b78ebe56480:World1.usd@</visuals/mid_mount> introduced by @anon:0x5b78ebe56480:World1.usd@</jackal/mid_mount/visuals> (recomposing stage on stage @anon:0x5b78ebe56480:World1.usd@ <0x5b78ed346ea0>)
[python-1] 
[python-1] 2026-09-08T13:05:01Z [25,761ms] [Warning] [omni.usd] Warning: in _ReportErrors at line 3172 of /builds/omniverse/usd-ci/USD/pxr/usd/usd/stage.cpp -- In </jackal/mid_mount/visuals>: Unresolved reference prim path @anon:0x5b78ebe56480:World1.usd@</visuals/mid_mount> introduced by @anon:0x5b78ebe56480:World1.usd@</jackal/mid_mount/visuals> (recomposing stage on stage @anon:0x5b78ebe56480:World1.usd@ <0x5b78ed346ea0>)
[python-1] 
[python-1] 2026-09-08T13:05:01Z [25,763ms] [Warning] [isaacsim.asset.importer.urdf] Link mid_mount has no colliders, and no inertia was imported; assigning a small isotropic inertia matrix
[python-1] 2026-09-08T13:05:01Z [25,779ms] [Warning] [isaacsim.asset.importer.urdf] No mass specified for link front_mount
[python-1] 2026-09-08T13:05:01Z [25,780ms] [Warning] [omni.usd] Warning: in _ReportErrors at line 3172 of /builds/omniverse/usd-ci/USD/pxr/usd/usd/stage.cpp -- In </jackal/front_mount/visuals>: Unresolved reference prim path @anon:0x5b78ebe56480:World1.usd@</visuals/front_mount> introduced by @anon:0x5b78ebe56480:World1.usd@</jackal/front_mount/visuals> (recomposing stage on stage @anon:0x5b78ebe56480:World1.usd@ <0x5b78ed346ea0>)
[python-1] 
[python-1] 2026-09-08T13:05:01Z [25,780ms] [Warning] [omni.usd] Warning: in _ReportErrors at line 3172 of /builds/omniverse/usd-ci/USD/pxr/usd/usd/stage.cpp -- In </jackal/front_mount/visuals>: Unresolved reference prim path @anon:0x5b78ebe56480:World1.usd@</visuals/front_mount> introduced by @anon:0x5b78ebe56480:World1.usd@</jackal/front_mount/visuals> (recomposing stage on stage @anon:0x5b78ebe56480:World1.usd@ <0x5b78ed346ea0>)
[python-1] 
[python-1] 2026-09-08T13:05:01Z [25,780ms] [Warning] [omni.usd] Warning: in _ReportErrors at line 3172 of /builds/omniverse/usd-ci/USD/pxr/usd/usd/stage.cpp -- In </jackal/front_mount/visuals>: Unresolved reference prim path @anon:0x5b78ebe56480:World1.usd@</visuals/front_mount> introduced by @anon:0x5b78ebe56480:World1.usd@</jackal/front_mount/visuals> (recomposing stage on stage @anon:0x5b78ebe56480:World1.usd@ <0x5b78ed346ea0>)
[python-1] 
[python-1] 2026-09-08T13:05:01Z [25,781ms] [Warning] [omni.usd] Warning: in _ReportErrors at line 3172 of /builds/omniverse/usd-ci/USD/pxr/usd/usd/stage.cpp -- In </jackal/front_mount/visuals>: Unresolved reference prim path @anon:0x5b78ebe56480:World1.usd@</visuals/front_mount> introduced by @anon:0x5b78ebe56480:World1.usd@</jackal/front_mount/visuals> (recomposing stage on stage @anon:0x5b78ebe56480:World1.usd@ <0x5b78ed346ea0>)
[python-1] 
[python-1] 2026-09-08T13:05:01Z [25,781ms] [Warning] [omni.usd] Warning: in _ReportErrors at line 3172 of /builds/omniverse/usd-ci/USD/pxr/usd/usd/stage.cpp -- In </jackal/front_mount/visuals>: Unresolved reference prim path @anon:0x5b78ebe56480:World1.usd@</visuals/front_mount> introduced by @anon:0x5b78ebe56480:World1.usd@</jackal/front_mount/visuals> (recomposing stage on stage @anon:0x5b78ebe56480:World1.usd@ <0x5b78ed346ea0>)
[python-1] 
[python-1] 2026-09-08T13:05:01Z [25,781ms] [Warning] [omni.usd] Warning: in _ReportErrors at line 3172 of /builds/omniverse/usd-ci/USD/pxr/usd/usd/stage.cpp -- In </jackal/front_mount/visuals>: Unresolved reference prim path @anon:0x5b78ebe56480:World1.usd@</visuals/front_mount> introduced by @anon:0x5b78ebe56480:World1.usd@</jackal/front_mount/visuals> (recomposing stage on stage @anon:0x5b78ebe56480:World1.usd@ <0x5b78ed346ea0>)
[python-1] 
[python-1] 2026-09-08T13:05:01Z [25,782ms] [Warning] [isaacsim.asset.importer.urdf] Link front_mount has no colliders, and no inertia was imported; assigning a small isotropic inertia matrix
[python-1] 2026-09-08T13:05:01Z [25,799ms] [Warning] [isaacsim.asset.importer.urdf] No mass specified for link rear_mount
[python-1] 2026-09-08T13:05:01Z [25,799ms] [Warning] [omni.usd] Warning: in _ReportErrors at line 3172 of /builds/omniverse/usd-ci/USD/pxr/usd/usd/stage.cpp -- In </jackal/rear_mount/visuals>: Unresolved reference prim path @anon:0x5b78ebe56480:World1.usd@</visuals/rear_mount> introduced by @anon:0x5b78ebe56480:World1.usd@</jackal/rear_mount/visuals> (recomposing stage on stage @anon:0x5b78ebe56480:World1.usd@ <0x5b78ed346ea0>)
[python-1] 
[python-1] 2026-09-08T13:05:01Z [25,799ms] [Warning] [omni.usd] Warning: in _ReportErrors at line 3172 of /builds/omniverse/usd-ci/USD/pxr/usd/usd/stage.cpp -- In </jackal/rear_mount/visuals>: Unresolved reference prim path @anon:0x5b78ebe56480:World1.usd@</visuals/rear_mount> introduced by @anon:0x5b78ebe56480:World1.usd@</jackal/rear_mount/visuals> (recomposing stage on stage @anon:0x5b78ebe56480:World1.usd@ <0x5b78ed346ea0>)
[python-1] 
[controller_server-7] [INFO] [1788872701.841382825] [local_costmap.local_costmap]: Timed out waiting for transform from base_link to odom to become available, tf error: Invalid frame ID "odom" passed to canTransform argument target_frame - frame does not exist
[python-1] 2026-09-08T13:05:01Z [25,799ms] [Warning] [omni.usd] Warning: in _ReportErrors at line 3172 of /builds/omniverse/usd-ci/USD/pxr/usd/usd/stage.cpp -- In </jackal/rear_mount/visuals>: Unresolved reference prim path @anon:0x5b78ebe56480:World1.usd@</visuals/rear_mount> introduced by @anon:0x5b78ebe56480:World1.usd@</jackal/rear_mount/visuals> (recomposing stage on stage @anon:0x5b78ebe56480:World1.usd@ <0x5b78ed346ea0>)
[python-1] 
[python-1] 2026-09-08T13:05:01Z [25,800ms] [Warning] [omni.usd] Warning: in _ReportErrors at line 3172 of /builds/omniverse/usd-ci/USD/pxr/usd/usd/stage.cpp -- In </jackal/rear_mount/visuals>: Unresolved reference prim path @anon:0x5b78ebe56480:World1.usd@</visuals/rear_mount> introduced by @anon:0x5b78ebe56480:World1.usd@</jackal/rear_mount/visuals> (recomposing stage on stage @anon:0x5b78ebe56480:World1.usd@ <0x5b78ed346ea0>)
[python-1] 
[python-1] 2026-09-08T13:05:01Z [25,800ms] [Warning] [omni.usd] Warning: in _ReportErrors at line 3172 of /builds/omniverse/usd-ci/USD/pxr/usd/usd/stage.cpp -- In </jackal/rear_mount/visuals>: Unresolved reference prim path @anon:0x5b78ebe56480:World1.usd@</visuals/rear_mount> introduced by @anon:0x5b78ebe56480:World1.usd@</jackal/rear_mount/visuals> (recomposing stage on stage @anon:0x5b78ebe56480:World1.usd@ <0x5b78ed346ea0>)
[python-1] 
[python-1] 2026-09-08T13:05:01Z [25,800ms] [Warning] [omni.usd] Warning: in _ReportErrors at line 3172 of /builds/omniverse/usd-ci/USD/pxr/usd/usd/stage.cpp -- In </jackal/rear_mount/visuals>: Unresolved reference prim path @anon:0x5b78ebe56480:World1.usd@</visuals/rear_mount> introduced by @anon:0x5b78ebe56480:World1.usd@</jackal/rear_mount/visuals> (recomposing stage on stage @anon:0x5b78ebe56480:World1.usd@ <0x5b78ed346ea0>)
[python-1] 
[python-1] 2026-09-08T13:05:01Z [25,801ms] [Warning] [isaacsim.asset.importer.urdf] Link rear_mount has no colliders, and no inertia was imported; assigning a small isotropic inertia matrix
[python-1] 2026-09-08T13:05:01Z [25,818ms] [Warning] [isaacsim.asset.importer.urdf] No mass specified for link navsat_link
[python-1] 2026-09-08T13:05:01Z [25,830ms] [Warning] [isaacsim.asset.importer.urdf] Link navsat_link has no colliders, and no inertia was imported; assigning a small isotropic inertia matrix
[python-1] 2026-09-08T13:05:01Z [25,846ms] [Warning] [isaacsim.asset.importer.urdf] No mass specified for link rear_fender_link
[python-1] 2026-09-08T13:05:01Z [25,857ms] [Warning] [isaacsim.asset.importer.urdf] Link rear_fender_link has no colliders, and no inertia was imported; assigning a small isotropic inertia matrix
[python-1] 2026-09-08T13:05:01Z [25,976ms] [Warning] [omni.usd] Warning: in _ReportErrors at line 3172 of /builds/omniverse/usd-ci/USD/pxr/usd/usd/stage.cpp -- In </World/arena_robot/mid_mount/visuals>: Unresolved reference prim path @anon:0x5b78ebe56480:World1.usd@</visuals/mid_mount> introduced by @anon:0x5b78ebe56480:World1.usd@</World/arena_robot/mid_mount/visuals> (recomposing stage on stage @anon:0x5b78ebe56480:World1.usd@ <0x5b78ed346ea0>)
[python-1] 
[python-1] 2026-09-08T13:05:01Z [25,976ms] [Warning] [omni.usd] Warning: in _ReportErrors at line 3172 of /builds/omniverse/usd-ci/USD/pxr/usd/usd/stage.cpp -- In </World/arena_robot/mid_mount/visuals>: Unresolved reference prim path @anon:0x5b78ebe56480:World1.usd@</visuals/mid_mount> introduced by @anon:0x5b78ebe56480:World1.usd@</World/arena_robot/mid_mount/visuals> (recomposing stage on stage @anon:0x5b78ebe56480:World1.usd@ <0x5b78ed346ea0>)
[python-1] 
[python-1] 2026-09-08T13:05:01Z [25,976ms] [Warning] [omni.usd] Warning: in _ReportErrors at line 3172 of /builds/omniverse/usd-ci/USD/pxr/usd/usd/stage.cpp -- In </World/arena_robot/mid_mount/visuals>: Unresolved reference prim path @anon:0x5b78ebe56480:World1.usd@</visuals/mid_mount> introduced by @anon:0x5b78ebe56480:World1.usd@</World/arena_robot/mid_mount/visuals> (recomposing stage on stage @anon:0x5b78ebe56480:World1.usd@ <0x5b78ed346ea0>)
[python-1] 
[python-1] 2026-09-08T13:05:01Z [25,976ms] [Warning] [omni.usd] Warning: in _ReportErrors at line 3172 of /builds/omniverse/usd-ci/USD/pxr/usd/usd/stage.cpp -- In </World/arena_robot/front_mount/visuals>: Unresolved reference prim path @anon:0x5b78ebe56480:World1.usd@</visuals/front_mount> introduced by @anon:0x5b78ebe56480:World1.usd@</World/arena_robot/front_mount/visuals> (recomposing stage on stage @anon:0x5b78ebe56480:World1.usd@ <0x5b78ed346ea0>)
[python-1] 
[python-1] 2026-09-08T13:05:01Z [25,976ms] [Warning] [omni.usd] Warning: in _ReportErrors at line 3172 of /builds/omniverse/usd-ci/USD/pxr/usd/usd/stage.cpp -- In </World/arena_robot/front_mount/visuals>: Unresolved reference prim path @anon:0x5b78ebe56480:World1.usd@</visuals/front_mount> introduced by @anon:0x5b78ebe56480:World1.usd@</World/arena_robot/front_mount/visuals> (recomposing stage on stage @anon:0x5b78ebe56480:World1.usd@ <0x5b78ed346ea0>)
[python-1] 
[python-1] 2026-09-08T13:05:01Z [25,976ms] [Warning] [omni.usd] Warning: in _ReportErrors at line 3172 of /builds/omniverse/usd-ci/USD/pxr/usd/usd/stage.cpp -- In </World/arena_robot/front_mount/visuals>: Unresolved reference prim path @anon:0x5b78ebe56480:World1.usd@</visuals/front_mount> introduced by @anon:0x5b78ebe56480:World1.usd@</World/arena_robot/front_mount/visuals> (recomposing stage on stage @anon:0x5b78ebe56480:World1.usd@ <0x5b78ed346ea0>)
[python-1] 
[python-1] 2026-09-08T13:05:01Z [25,976ms] [Warning] [omni.usd] Warning: in _ReportErrors at line 3172 of /builds/omniverse/usd-ci/USD/pxr/usd/usd/stage.cpp -- In </World/arena_robot/imu_link/visuals>: Unresolved reference prim path @anon:0x5b78ebe56480:World1.usd@</visuals/imu_link> introduced by @anon:0x5b78ebe56480:World1.usd@</World/arena_robot/imu_link/visuals> (recomposing stage on stage @anon:0x5b78ebe56480:World1.usd@ <0x5b78ed346ea0>)
[python-1] 
[python-1] 2026-09-08T13:05:01Z [25,976ms] [Warning] [omni.usd] Warning: in _ReportErrors at line 3172 of /builds/omniverse/usd-ci/USD/pxr/usd/usd/stage.cpp -- In </World/arena_robot/imu_link/visuals>: Unresolved reference prim path @anon:0x5b78ebe56480:World1.usd@</visuals/imu_link> introduced by @anon:0x5b78ebe56480:World1.usd@</World/arena_robot/imu_link/visuals> (recomposing stage on stage @anon:0x5b78ebe56480:World1.usd@ <0x5b78ed346ea0>)
[python-1] 
[python-1] 2026-09-08T13:05:01Z [25,976ms] [Warning] [omni.usd] Warning: in _ReportErrors at line 3172 of /builds/omniverse/usd-ci/USD/pxr/usd/usd/stage.cpp -- In </World/arena_robot/imu_link/visuals>: Unresolved reference prim path @anon:0x5b78ebe56480:World1.usd@</visuals/imu_link> introduced by @anon:0x5b78ebe56480:World1.usd@</World/arena_robot/imu_link/visuals> (recomposing stage on stage @anon:0x5b78ebe56480:World1.usd@ <0x5b78ed346ea0>)
[python-1] 
[python-1] 2026-09-08T13:05:01Z [25,976ms] [Warning] [omni.usd] Warning: in _ReportErrors at line 3172 of /builds/omniverse/usd-ci/USD/pxr/usd/usd/stage.cpp -- In </World/arena_robot/base_link/visuals>: Unresolved reference prim path @anon:0x5b78ebe56480:World1.usd@</visuals/base_link> introduced by @anon:0x5b78ebe56480:World1.usd@</World/arena_robot/base_link/visuals> (recomposing stage on stage @anon:0x5b78ebe56480:World1.usd@ <0x5b78ed346ea0>)
[python-1] 
[python-1] 2026-09-08T13:05:01Z [25,976ms] [Warning] [omni.usd] Warning: in _ReportErrors at line 3172 of /builds/omniverse/usd-ci/USD/pxr/usd/usd/stage.cpp -- In </World/arena_robot/base_link/visuals>: Unresolved reference prim path @anon:0x5b78ebe56480:World1.usd@</visuals/base_link> introduced by @anon:0x5b78ebe56480:World1.usd@</World/arena_robot/base_link/visuals> (recomposing stage on stage @anon:0x5b78ebe56480:World1.usd@ <0x5b78ed346ea0>)
[python-1] 
[python-1] 2026-09-08T13:05:01Z [25,977ms] [Warning] [omni.usd] Warning: in _ReportErrors at line 3172 of /builds/omniverse/usd-ci/USD/pxr/usd/usd/stage.cpp -- In </World/arena_robot/base_link/visuals>: Unresolved reference prim path @anon:0x5b78ebe56480:World1.usd@</visuals/base_link> introduced by @anon:0x5b78ebe56480:World1.usd@</World/arena_robot/base_link/visuals> (recomposing stage on stage @anon:0x5b78ebe56480:World1.usd@ <0x5b78ed346ea0>)
[python-1] 
[python-1] 2026-09-08T13:05:01Z [25,977ms] [Warning] [omni.usd] Warning: in _ReportErrors at line 3172 of /builds/omniverse/usd-ci/USD/pxr/usd/usd/stage.cpp -- In </World/arena_robot/rear_mount/visuals>: Unresolved reference prim path @anon:0x5b78ebe56480:World1.usd@</visuals/rear_mount> introduced by @anon:0x5b78ebe56480:World1.usd@</World/arena_robot/rear_mount/visuals> (recomposing stage on stage @anon:0x5b78ebe56480:World1.usd@ <0x5b78ed346ea0>)
[python-1] 
[python-1] 2026-09-08T13:05:01Z [25,977ms] [Warning] [omni.usd] Warning: in _ReportErrors at line 3172 of /builds/omniverse/usd-ci/USD/pxr/usd/usd/stage.cpp -- In </World/arena_robot/rear_mount/visuals>: Unresolved reference prim path @anon:0x5b78ebe56480:World1.usd@</visuals/rear_mount> introduced by @anon:0x5b78ebe56480:World1.usd@</World/arena_robot/rear_mount/visuals> (recomposing stage on stage @anon:0x5b78ebe56480:World1.usd@ <0x5b78ed346ea0>)
[python-1] 
[controller_server-7] [INFO] [1788872702.341395880] [local_costmap.local_costmap]: Timed out waiting for transform from base_link to odom to become available, tf error: Invalid frame ID "odom" passed to canTransform argument target_frame - frame does not exist
[controller_server-7] [INFO] [1788872702.841384358] [local_costmap.local_costmap]: Timed out waiting for transform from base_link to odom to become available, tf error: Invalid frame ID "odom" passed to canTransform argument target_frame - frame does not exist
[controller_server-7] [INFO] [1788872703.341394148] [local_costmap.local_costmap]: Timed out waiting for transform from base_link to odom to become available, tf error: Invalid frame ID "odom" passed to canTransform argument target_frame - frame does not exist
[controller_server-7] [INFO] [1788872703.841394481] [local_costmap.local_costmap]: Timed out waiting for transform from base_link to odom to become available, tf error: Invalid frame ID "odom" passed to canTransform argument target_frame - frame does not exist
[controller_server-7] [INFO] [1788872704.341399444] [local_costmap.local_costmap]: Timed out waiting for transform from base_link to odom to become available, tf error: Invalid frame ID "odom" passed to canTransform argument target_frame - frame does not exist
[controller_server-7] [INFO] [1788872704.841386118] [local_costmap.local_costmap]: Timed out waiting for transform from base_link to odom to become available, tf error: Invalid frame ID "odom" passed to canTransform argument target_frame - frame does not exist
[controller_server-7] [INFO] [1788872705.341390086] [local_costmap.local_costmap]: Timed out waiting for transform from base_link to odom to become available, tf error: Invalid frame ID "odom" passed to canTransform argument target_frame - frame does not exist
[controller_server-7] [INFO] [1788872705.841378237] [local_costmap.local_costmap]: Timed out waiting for transform from base_link to odom to become available, tf error: Invalid frame ID "odom" passed to canTransform argument target_frame - frame does not exist
[controller_server-7] [INFO] [1788872706.341391207] [local_costmap.local_costmap]: Timed out waiting for transform from base_link to odom to become available, tf error: Invalid frame ID "odom" passed to canTransform argument target_frame - frame does not exist
[controller_server-7] [INFO] [1788872706.841398668] [local_costmap.local_costmap]: Timed out waiting for transform from base_link to odom to become available, tf error: Invalid frame ID "odom" passed to canTransform argument target_frame - frame does not exist
[scene_bridge-2] [INFO] [1788872706.858972603] [arena_scene_bridge]: SCENE_ROBOT_OK path=/World/arena_robot model=jackal
[controller_server-7] [INFO] [1788872707.341383712] [local_costmap.local_costmap]: Timed out waiting for transform from base_link to odom to become available, tf error: Could not find a connection between 'odom' and 'base_link' because they are not part of the same tree.Tf has two or more unconnected trees.
[controller_server-7] [INFO] [1788872707.841530447] [local_costmap.local_costmap]: start
[controller_server-7] [INFO] [1788872707.993042112] [controller_server]: Creating bond (controller_server) to lifecycle manager.
[lifecycle_manager-14] [INFO] [1788872708.100683511] [lifecycle_manager_navigation]: Server controller_server connected with bond.
[lifecycle_manager-14] [INFO] [1788872708.100791772] [lifecycle_manager_navigation]: [34m[1mActivating smoother_server[0m[0m
[smoother_server-8] [INFO] [1788872708.101284069] [smoother_server]: Activating
[smoother_server-8] [INFO] [1788872708.101375065] [smoother_server]: Creating bond (smoother_server) to lifecycle manager.
[lifecycle_manager-14] [INFO] [1788872708.210264281] [lifecycle_manager_navigation]: Server smoother_server connected with bond.
[lifecycle_manager-14] [INFO] [1788872708.210348892] [lifecycle_manager_navigation]: [34m[1mActivating planner_server[0m[0m
[planner_server-9] [INFO] [1788872708.210757833] [planner_server]: Activating
[planner_server-9] [INFO] [1788872708.210836565] [global_costmap.global_costmap]: Activating
[planner_server-9] [INFO] [1788872708.210861046] [global_costmap.global_costmap]: Checking transform
[planner_server-9] [INFO] [1788872708.211028355] [global_costmap.global_costmap]: start
[planner_server-9] [INFO] [1788872708.462449581] [planner_server]: Activating plugin GridBased of type NavfnPlanner
[planner_server-9] [INFO] [1788872708.464250898] [planner_server]: Creating bond (planner_server) to lifecycle manager.
[lifecycle_manager-14] [INFO] [1788872708.571528405] [lifecycle_manager_navigation]: Server planner_server connected with bond.
[lifecycle_manager-14] [INFO] [1788872708.571635688] [lifecycle_manager_navigation]: [34m[1mActivating behavior_server[0m[0m
[behavior_server-10] [INFO] [1788872708.572001440] [behavior_server]: Activating
[behavior_server-10] [INFO] [1788872708.572076049] [behavior_server]: Activating spin
[behavior_server-10] [INFO] [1788872708.572097311] [behavior_server]: Activating backup
[behavior_server-10] [INFO] [1788872708.572114741] [behavior_server]: Activating drive_on_heading
[behavior_server-10] [INFO] [1788872708.572130907] [behavior_server]: Activating wait
[behavior_server-10] [INFO] [1788872708.572149004] [behavior_server]: Creating bond (behavior_server) to lifecycle manager.
[lifecycle_manager-14] [INFO] [1788872708.679963348] [lifecycle_manager_navigation]: Server behavior_server connected with bond.
[lifecycle_manager-14] [INFO] [1788872708.680044937] [lifecycle_manager_navigation]: [34m[1mActivating bt_navigator[0m[0m
[bt_navigator-11] [INFO] [1788872708.680417831] [bt_navigator]: Activating
[bt_navigator-11] [INFO] [1788872708.696170150] [bt_navigator]: Creating bond (bt_navigator) to lifecycle manager.
[lifecycle_manager-14] [INFO] [1788872708.803336622] [lifecycle_manager_navigation]: Server bt_navigator connected with bond.
[lifecycle_manager-14] [INFO] [1788872708.803464716] [lifecycle_manager_navigation]: [34m[1mActivating waypoint_follower[0m[0m
[waypoint_follower-12] [INFO] [1788872708.804027875] [waypoint_follower]: Activating
[waypoint_follower-12] [INFO] [1788872708.804117396] [waypoint_follower]: Creating bond (waypoint_follower) to lifecycle manager.
[planner_server-9] [INFO] [1788872708.888183791] [global_costmap.global_costmap]: Received request to clear entirely the global_costmap
[controller_server-7] [INFO] [1788872708.889753898] [local_costmap.local_costmap]: Received request to clear entirely the local_costmap
[lifecycle_manager-14] [INFO] [1788872708.914333278] [lifecycle_manager_navigation]: Server waypoint_follower connected with bond.
[lifecycle_manager-14] [INFO] [1788872708.914411284] [lifecycle_manager_navigation]: [34m[1mActivating velocity_smoother[0m[0m
[velocity_smoother-13] [INFO] [1788872708.914810627] [velocity_smoother]: Activating
[velocity_smoother-13] [INFO] [1788872708.914901045] [velocity_smoother]: Creating bond (velocity_smoother) to lifecycle manager.
[lifecycle_manager-14] [INFO] [1788872709.023341723] [lifecycle_manager_navigation]: Server velocity_smoother connected with bond.
[lifecycle_manager-14] [INFO] [1788872709.023428344] [lifecycle_manager_navigation]: [34m[1mManaged nodes are active[0m[0m
[lifecycle_manager-14] [INFO] [1788872709.023466324] [lifecycle_manager_navigation]: [34m[1mCreating bond timer...[0m[0m
[bt_navigator-11] [INFO] [1788872709.488211111] [bt_navigator]: Begin navigating from current location (3.00, 3.00) to (4.20, 3.00)
[controller_server-7] [INFO] [1788872709.689531110] [controller_server]: Received a goal, begin computing control effort.
[controller_server-7] [WARN] [1788872709.689634624] [controller_server]: No goal checker was specified in parameter 'current_goal_checker'. Server will use only plugin loaded goal_checker . This warning will appear once.
[controller_server-7] [ERROR] [1788872710.090065355] [controller_server]: required input exceeded wall-clock freshness limit
[controller_server-7] [WARN] [1788872710.090174176] [controller_server]: [follow_path] [ActionServer] Aborting handle.
[bt_navigator-11] [WARN] [1788872710.388470767] [bt_navigator]: [navigate_to_pose] [ActionServer] Aborting handle.
[bt_navigator-11] [ERROR] [1788872710.388806490] [bt_navigator]: Goal failed
[bt_navigator-11] [INFO] [1788872710.390320143] [bt_navigator]: Begin navigating from current location (3.00, 3.00) to (5.40, 3.00)
[controller_server-7] [INFO] [1788872710.539346643] [local_costmap.local_costmap]: Message Filter dropping message: frame 'lidar_link' at time 1.800 for reason 'the timestamp on the message is earlier than all the data in the transform cache'
[planner_server-9] [INFO] [1788872710.539374836] [global_costmap.global_costmap]: Message Filter dropping message: frame 'lidar_link' at time 1.800 for reason 'the timestamp on the message is earlier than all the data in the transform cache'
[controller_server-7] [WARN] [1788872710.541823168] [local_costmap.local_costmap]: The /lidar observation buffer has not been updated for 0.88 seconds, and it should be updated every 0.30 seconds.
[controller_server-7] [WARN] [1788872710.541932675] [local_costmap.local_costmap]: The /lidar observation buffer has not been updated for 0.88 seconds, and it should be updated every 0.30 seconds.
[controller_server-7] [INFO] [1788872710.591421471] [controller_server]: Received a goal, begin computing control effort.
[controller_server-7] [ERROR] [1788872710.591858310] [controller_server]: required input exceeded wall-clock freshness limit
[controller_server-7] [WARN] [1788872710.591958886] [controller_server]: [follow_path] [ActionServer] Aborting handle.
[planner_server-9] [WARN] [1788872710.611204685] [global_costmap.global_costmap]: The /lidar observation buffer has not been updated for 0.95 seconds, and it should be updated every 0.30 seconds.
[bt_navigator-11] [WARN] [1788872710.890523467] [bt_navigator]: [navigate_to_pose] [ActionServer] Aborting handle.
[bt_navigator-11] [ERROR] [1788872710.890822975] [bt_navigator]: Goal failed
[bt_navigator-11] [INFO] [1788872710.894763866] [bt_navigator]: Begin navigating from current location (3.00, 3.00) to (6.60, 3.00)
[controller_server-7] [INFO] [1788872711.095810129] [controller_server]: Received a goal, begin computing control effort.
[mpc_command_watchdog-15] [INFO] [1788872711.169116508] [mpc_command_watchdog]: command forwarding enabled
[controller_server-7] [INFO] [1788872711.596137017] [controller_server]: Passing new path to controller.
[controller_server-7] [INFO] [1788872712.096153132] [controller_server]: Passing new path to controller.
[controller_server-7] [INFO] [1788872712.596131457] [controller_server]: Passing new path to controller.
[controller_server-7] [INFO] [1788872713.096136991] [controller_server]: Passing new path to controller.
[controller_server-7] [INFO] [1788872713.596134428] [controller_server]: Passing new path to controller.
[controller_server-7] [INFO] [1788872714.096130900] [controller_server]: Passing new path to controller.
[controller_server-7] [INFO] [1788872714.596136495] [controller_server]: Passing new path to controller.
[controller_server-7] [INFO] [1788872715.096134641] [controller_server]: Passing new path to controller.
[mpc_command_watchdog-15] [WARN] [1788872715.349134548] [mpc_command_watchdog]: publishing zero command: controller_status
[controller_server-7] [INFO] [1788872715.596132509] [controller_server]: Passing new path to controller.
[mpc_command_watchdog-15] [INFO] [1788872715.669143577] [mpc_command_watchdog]: command forwarding enabled
[controller_server-7] [INFO] [1788872716.096127576] [controller_server]: Passing new path to controller.
[controller_server-7] [INFO] [1788872716.596123664] [controller_server]: Passing new path to controller.
[controller_server-7] [INFO] [1788872717.096128917] [controller_server]: Passing new path to controller.
[controller_server-7] [INFO] [1788872717.596143893] [controller_server]: Passing new path to controller.
[mpc_command_watchdog-15] [WARN] [1788872717.649193052] [mpc_command_watchdog]: publishing zero command: controller_status
[controller_server-7] [ERROR] [1788872718.044940124] [controller_server]: predicted trajectory failed full-footprint costmap check
[controller_server-7] [WARN] [1788872718.045013243] [controller_server]: [follow_path] [ActionServer] Aborting handle.
[controller_server-7] [INFO] [1788872718.095694327] [controller_server]: Received a goal, begin computing control effort.
[controller_server-7] [ERROR] [1788872718.151571966] [controller_server]: predicted trajectory failed full-footprint costmap check
[controller_server-7] [WARN] [1788872718.151688217] [controller_server]: [follow_path] [ActionServer] Aborting handle.
[bt_navigator-11] [WARN] [1788872718.394977021] [bt_navigator]: [navigate_to_pose] [ActionServer] Aborting handle.
[bt_navigator-11] [ERROR] [1788872718.395254061] [bt_navigator]: Goal failed
[bt_navigator-11] [INFO] [1788872718.397138382] [bt_navigator]: Begin navigating from current location (3.00, 3.00) to (7.80, 3.00)
[controller_server-7] [INFO] [1788872718.598169850] [controller_server]: Received a goal, begin computing control effort.
[mpc_command_watchdog-15] [INFO] [1788872718.669242004] [mpc_command_watchdog]: command forwarding enabled
[controller_server-7] [INFO] [1788872719.098493584] [controller_server]: Passing new path to controller.
[controller_server-7] [INFO] [1788872719.598509125] [controller_server]: Passing new path to controller.
[controller_server-7] [INFO] [1788872720.098500276] [controller_server]: Passing new path to controller.
[controller_server-7] [INFO] [1788872720.598496039] [controller_server]: Passing new path to controller.
[controller_server-7] [INFO] [1788872721.098494109] [controller_server]: Passing new path to controller.
[controller_server-7] [INFO] [1788872721.598511652] [controller_server]: Passing new path to controller.
[mpc_command_watchdog-15] [WARN] [1788872722.049182108] [mpc_command_watchdog]: publishing zero command: controller_status
[controller_server-7] [INFO] [1788872722.098513041] [controller_server]: Passing new path to controller.
[mpc_command_watchdog-15] [WARN] [1788872722.149221000] [mpc_command_watchdog]: publishing zero command: command_sequence
[mpc_command_watchdog-15] [INFO] [1788872722.269256104] [mpc_command_watchdog]: command forwarding enabled
[controller_server-7] [INFO] [1788872722.598520172] [controller_server]: Passing new path to controller.
[controller_server-7] [INFO] [1788872723.098525559] [controller_server]: Passing new path to controller.
[mpc_command_watchdog-15] [WARN] [1788872723.169317821] [mpc_command_watchdog]: publishing zero command: controller_status
[controller_server-7] [ERROR] [1788872723.549904069] [controller_server]: predicted trajectory failed full-footprint costmap check
[controller_server-7] [WARN] [1788872723.549990274] [controller_server]: [follow_path] [ActionServer] Aborting handle.
[controller_server-7] [INFO] [1788872723.598093713] [controller_server]: Received a goal, begin computing control effort.
[controller_server-7] [ERROR] [1788872723.647294855] [controller_server]: predicted trajectory failed full-footprint costmap check
[controller_server-7] [WARN] [1788872723.647363783] [controller_server]: [follow_path] [ActionServer] Aborting handle.
[bt_navigator-11] [WARN] [1788872723.897362336] [bt_navigator]: [navigate_to_pose] [ActionServer] Aborting handle.
[bt_navigator-11] [ERROR] [1788872723.897607757] [bt_navigator]: Goal failed
[bt_navigator-11] [INFO] [1788872723.900102443] [bt_navigator]: Begin navigating from current location (3.00, 3.00) to (9.00, 3.00)
[controller_server-7] [INFO] [1788872724.101181433] [controller_server]: Received a goal, begin computing control effort.
[controller_server-7] [ERROR] [1788872724.154609674] [controller_server]: predicted trajectory failed full-footprint costmap check
[controller_server-7] [WARN] [1788872724.154682284] [controller_server]: [follow_path] [ActionServer] Aborting handle.
[bt_navigator-11] [WARN] [1788872724.400281298] [bt_navigator]: [navigate_to_pose] [ActionServer] Aborting handle.
[bt_navigator-11] [ERROR] [1788872724.400540926] [bt_navigator]: Goal failed
[mpc_command_watchdog-15] [INFO] [1788872724.629071085] [rclcpp]: signal_handler(signum=2)
[lifecycle_manager-6] [INFO] [1788872724.629089136] [rclcpp]: signal_handler(signum=2)
[lifecycle_manager-6] [INFO] [1788872724.629238089] [lifecycle_manager_map]: Running Nav2 LifecycleManager rcl preshutdown (lifecycle_manager_map)
[lifecycle_manager-14] [INFO] [1788872724.629072518] [rclcpp]: signal_handler(signum=2)
[lifecycle_manager-14] [INFO] [1788872724.629262148] [lifecycle_manager_navigation]: Running Nav2 LifecycleManager rcl preshutdown (lifecycle_manager_navigation)
[waypoint_follower-12] [INFO] [1788872724.629079184] [rclcpp]: signal_handler(signum=2)
[waypoint_follower-12] [INFO] [1788872724.629272240] [waypoint_follower]: Running Nav2 LifecycleNode rcl preshutdown (waypoint_follower)
[bt_navigator-11] [INFO] [1788872724.629082270] [rclcpp]: signal_handler(signum=2)
[bt_navigator-11] [INFO] [1788872724.629186309] [bt_navigator]: Running Nav2 LifecycleNode rcl preshutdown (bt_navigator)
[bt_navigator-11] [INFO] [1788872724.629310459] [bt_navigator]: Deactivating
[velocity_smoother-13] [INFO] [1788872724.629075677] [rclcpp]: signal_handler(signum=2)
[planner_server-9] [INFO] [1788872724.629090860] [rclcpp]: signal_handler(signum=2)
[planner_server-9] [INFO] [1788872724.629324078] [planner_server]: Running Nav2 LifecycleNode rcl preshutdown (planner_server)
[planner_server-9] [INFO] [1788872724.629392447] [planner_server]: Deactivating
[planner_server-9] [INFO] [1788872724.629419169] [global_costmap.global_costmap]: Deactivating
[map_server-5] [INFO] [1788872724.629100905] [rclcpp]: signal_handler(signum=2)
[map_server-5] [INFO] [1788872724.629329721] [map_server]: Running Nav2 LifecycleNode rcl preshutdown (map_server)
[map_server-5] [INFO] [1788872724.629483659] [map_server]: Deactivating
[map_server-5] [INFO] [1788872724.629528419] [map_server]: Destroying bond (map_server) to lifecycle manager.
[smoother_server-8] [INFO] [1788872724.629094805] [rclcpp]: signal_handler(signum=2)
[smoother_server-8] [INFO] [1788872724.629249655] [smoother_server]: Running Nav2 LifecycleNode rcl preshutdown (smoother_server)
[smoother_server-8] [INFO] [1788872724.629322294] [smoother_server]: Deactivating
[smoother_server-8] [INFO] [1788872724.629346992] [smoother_server]: Destroying bond (smoother_server) to lifecycle manager.
[lifecycle_manager-6] [INFO] [1788872724.629349170] [lifecycle_manager_map]: [34m[1mTerminating bond timer...[0m[0m
[lifecycle_manager-14] [INFO] [1788872724.629350854] [lifecycle_manager_navigation]: [34m[1mTerminating bond timer...[0m[0m
[bt_navigator-11] [INFO] [1788872724.629353690] [bt_navigator]: Destroying bond (bt_navigator) to lifecycle manager.
[behavior_server-10] [INFO] [1788872724.629092388] [rclcpp]: signal_handler(signum=2)
[behavior_server-10] [INFO] [1788872724.629316586] [behavior_server]: Running Nav2 LifecycleNode rcl preshutdown (behavior_server)
[behavior_server-10] [INFO] [1788872724.629463353] [behavior_server]: Deactivating
[behavior_server-10] [INFO] [1788872724.629530033] [behavior_server]: Destroying bond (behavior_server) to lifecycle manager.
[robot_state_publisher-3] [INFO] [1788872724.629109092] [rclcpp]: signal_handler(signum=2)
[controller_server-7] [INFO] [1788872724.629101660] [rclcpp]: signal_handler(signum=2)
[controller_server-7] [INFO] [1788872724.629222792] [controller_server]: Running Nav2 LifecycleNode rcl preshutdown (controller_server)
[controller_server-7] [INFO] [1788872724.629308660] [controller_server]: Deactivating
[controller_server-7] [INFO] [1788872724.629347825] [local_costmap.local_costmap]: Deactivating
[velocity_smoother-13] [INFO] [1788872724.629338244] [velocity_smoother]: Running Nav2 LifecycleNode rcl preshutdown (velocity_smoother)
[velocity_smoother-13] [INFO] [1788872724.629479009] [velocity_smoother]: Deactivating
[velocity_smoother-13] [INFO] [1788872724.629514038] [velocity_smoother]: Destroying bond (velocity_smoother) to lifecycle manager.
[waypoint_follower-12] [INFO] [1788872724.629411867] [waypoint_follower]: Deactivating
[waypoint_follower-12] [INFO] [1788872724.629448945] [waypoint_follower]: Destroying bond (waypoint_follower) to lifecycle manager.
[scene_bridge-2] [FATAL] [1788872724.632042985] [arena_scene_bridge]: failed to initialize wait set: the given context is not valid, either rcl_init() was not called or rcl_shutdown() was called., at /home/runner/conda-bld/bld/rattler-build_ros-humble-rcl_1753312600/work/ros-humble-rcl/src/work/src/rcl/wait.c:130
[scene_bridge-2] Failed to publish log message to rosout: publisher's context is invalid, at /home/runner/conda-bld/bld/rattler-build_ros-humble-rcl_1753312600/work/ros-humble-rcl/src/work/src/rcl/publisher.c:389
[smoother_server-8] [INFO] [1788872724.639589380] [smoother_server]: Cleaning up
[bt_navigator-11] [INFO] [1788872724.639642065] [bt_navigator]: Cleaning up
[waypoint_follower-12] [INFO] [1788872724.639869914] [waypoint_follower]: Cleaning up
[map_server-5] [INFO] [1788872724.639893633] [map_server]: Cleaning up
[velocity_smoother-13] [INFO] [1788872724.639893922] [velocity_smoother]: Cleaning up
[velocity_smoother-13] [INFO] [1788872724.639962452] [velocity_smoother]: Destroying bond (velocity_smoother) to lifecycle manager.
[behavior_server-10] [INFO] [1788872724.639942052] [behavior_server]: Cleaning up
[map_server-5] [INFO] [1788872724.640055453] [map_server]: Destroying bond (map_server) to lifecycle manager.
[controller_server-7] [INFO] [1788872724.641803865] [controller_server]: Destroying bond (controller_server) to lifecycle manager.
[lifecycle_manager-6] [INFO] [1788872724.645262570] [lifecycle_manager_map]: Destroying lifecycle_manager_map
[velocity_smoother-13] [INFO] [1788872724.645348327] [velocity_smoother]: Destroying
[map_server-5] [INFO] [1788872724.646313660] [map_server]: Destroying
[smoother_server-8] [INFO] [1788872724.650639869] [smoother_server]: Destroying bond (smoother_server) to lifecycle manager.
[controller_server-7] [INFO] [1788872724.652061394] [controller_server]: Cleaning up
[waypoint_follower-12] [INFO] [1788872724.652092330] [waypoint_follower]: Destroying bond (waypoint_follower) to lifecycle manager.
[smoother_server-8] [INFO] [1788872724.653671044] [smoother_server]: Destroying
[behavior_server-10] [INFO] [1788872724.656312789] [behavior_server]: Destroying bond (behavior_server) to lifecycle manager.
[waypoint_follower-12] [INFO] [1788872724.656680750] [waypoint_follower]: Destroying
[empty_human_states.py-4] Traceback (most recent call last):
[empty_human_states.py-4]   File "/home/lpc/workspace/arena5_mpc_ws/install/arena_mpc_bringup/lib/arena_mpc_bringup/empty_human_states.py", line 87, in <module>
[empty_human_states.py-4]     main()
[empty_human_states.py-4]   File "/home/lpc/workspace/arena5_mpc_ws/install/arena_mpc_bringup/lib/arena_mpc_bringup/empty_human_states.py", line 77, in main
[empty_human_states.py-4]     rclpy.spin(node)
[empty_human_states.py-4]   File "/home/lpc/workspace/arena5_ws/.conda/arena_ros/lib/python3.11/site-packages/rclpy/__init__.py", line 226, in spin
[empty_human_states.py-4]     executor.spin_once()
[empty_human_states.py-4]   File "/home/lpc/workspace/arena5_ws/.conda/arena_ros/lib/python3.11/site-packages/rclpy/executors.py", line 751, in spin_once
[empty_human_states.py-4]     self._spin_once_impl(timeout_sec)
[empty_human_states.py-4]   File "/home/lpc/workspace/arena5_ws/.conda/arena_ros/lib/python3.11/site-packages/rclpy/executors.py", line 740, in _spin_once_impl
[empty_human_states.py-4]     handler, entity, node = self.wait_for_ready_callbacks(timeout_sec=timeout_sec)
[empty_human_states.py-4]                             ^^^^^^^^^^^^^^^^^^^^^^^^^^^^^^^^^^^^^^^^^^^^^^^^^^^^^^
[empty_human_states.py-4]   File "/home/lpc/workspace/arena5_ws/.conda/arena_ros/lib/python3.11/site-packages/rclpy/executors.py", line 723, in wait_for_ready_callbacks
[empty_human_states.py-4]     return next(self._cb_iter)
[empty_human_states.py-4]            ^^^^^^^^^^^^^^^^^^^
[empty_human_states.py-4]   File "/home/lpc/workspace/arena5_ws/.conda/arena_ros/lib/python3.11/site-packages/rclpy/executors.py", line 596, in _wait_for_ready_callbacks
[empty_human_states.py-4]     wait_set = _rclpy.WaitSet(
[empty_human_states.py-4]                ^^^^^^^^^^^^^^^
[empty_human_states.py-4] rclpy._rclpy_pybind11.RCLError: failed to initialize wait set: the given context is not valid, either rcl_init() was not called or rcl_shutdown() was called., at /home/runner/conda-bld/bld/rattler-build_ros-humble-rcl_1753312600/work/ros-humble-rcl/src/work/src/rcl/wait.c:130
[scene_bridge-2] Traceback (most recent call last):
[scene_bridge-2]   File "/home/lpc/workspace/arena5_ws/install/arena_humble_compat/lib/python3.11/site-packages/arena_humble_compat/scene_bridge.py", line 207, in main
[scene_bridge-2]     rclpy.spin(node)
[scene_bridge-2]   File "/home/lpc/workspace/arena5_ws/.conda/arena_ros/lib/python3.11/site-packages/rclpy/__init__.py", line 226, in spin
[scene_bridge-2]     executor.spin_once()
[scene_bridge-2]   File "/home/lpc/workspace/arena5_ws/.conda/arena_ros/lib/python3.11/site-packages/rclpy/executors.py", line 751, in spin_once
[scene_bridge-2]     self._spin_once_impl(timeout_sec)
[scene_bridge-2]   File "/home/lpc/workspace/arena5_ws/.conda/arena_ros/lib/python3.11/site-packages/rclpy/executors.py", line 740, in _spin_once_impl
[scene_bridge-2]     handler, entity, node = self.wait_for_ready_callbacks(timeout_sec=timeout_sec)
[scene_bridge-2]                             ^^^^^^^^^^^^^^^^^^^^^^^^^^^^^^^^^^^^^^^^^^^^^^^^^^^^^^
[scene_bridge-2]   File "/home/lpc/workspace/arena5_ws/.conda/arena_ros/lib/python3.11/site-packages/rclpy/executors.py", line 723, in wait_for_ready_callbacks
[scene_bridge-2]     return next(self._cb_iter)
[scene_bridge-2]            ^^^^^^^^^^^^^^^^^^^
[scene_bridge-2]   File "/home/lpc/workspace/arena5_ws/.conda/arena_ros/lib/python3.11/site-packages/rclpy/executors.py", line 596, in _wait_for_ready_callbacks
[scene_bridge-2]     wait_set = _rclpy.WaitSet(
[scene_bridge-2]                ^^^^^^^^^^^^^^^
[scene_bridge-2] rclpy._rclpy_pybind11.RCLError: failed to initialize wait set: the given context is not valid, either rcl_init() was not called or rcl_shutdown() was called., at /home/runner/conda-bld/bld/rattler-build_ros-humble-rcl_1753312600/work/ros-humble-rcl/src/work/src/rcl/wait.c:130
[scene_bridge-2] 
[scene_bridge-2] During handling of the above exception, another exception occurred:
[scene_bridge-2] 
[scene_bridge-2] Traceback (most recent call last):
[scene_bridge-2]   File "/home/lpc/workspace/arena5_ws/install/arena_humble_compat/lib/arena_humble_compat/scene_bridge", line 33, in <module>
[scene_bridge-2]     sys.exit(load_entry_point('arena_humble_compat==0.0.0', 'console_scripts', 'scene_bridge')())
[scene_bridge-2]              ^^^^^^^^^^^^^^^^^^^^^^^^^^^^^^^^^^^^^^^^^^^^^^^^^^^^^^^^^^^^^^^^^^^^^^^^^^^^^^^^^^^
[scene_bridge-2]   File "/home/lpc/workspace/arena5_ws/install/arena_humble_compat/lib/python3.11/site-packages/arena_humble_compat/scene_bridge.py", line 215, in main
[scene_bridge-2]     rclpy.shutdown()
[scene_bridge-2]   File "/home/lpc/workspace/arena5_ws/.conda/arena_ros/lib/python3.11/site-packages/rclpy/__init__.py", line 130, in shutdown
[scene_bridge-2]     _shutdown(context=context)
[scene_bridge-2]   File "/home/lpc/workspace/arena5_ws/.conda/arena_ros/lib/python3.11/site-packages/rclpy/utilities.py", line 58, in shutdown
[scene_bridge-2]     return context.shutdown()
[scene_bridge-2]            ^^^^^^^^^^^^^^^^^^
[scene_bridge-2]   File "/home/lpc/workspace/arena5_ws/.conda/arena_ros/lib/python3.11/site-packages/rclpy/context.py", line 102, in shutdown
[scene_bridge-2]     self.__context.shutdown()
[scene_bridge-2] rclpy._rclpy_pybind11.RCLError: failed to shutdown: rcl_shutdown already called on the given context, at /home/runner/conda-bld/bld/rattler-build_ros-humble-rcl_1753312600/work/ros-humble-rcl/src/work/src/rcl/init.c:241
[behavior_server-10] [INFO] [1788872724.667995501] [behavior_server]: Destroying
[bt_navigator-11] [INFO] [1788872724.683066353] [bt_navigator]: Completed Cleaning up
[bt_navigator-11] [INFO] [1788872724.683133825] [bt_navigator]: Destroying bond (bt_navigator) to lifecycle manager.
[bt_navigator-11] [INFO] [1788872724.687717676] [bt_navigator]: Destroying
[controller_server-7] [INFO] [1788872724.702797098] [local_costmap.local_costmap]: Cleaning up
[controller_server-7] [INFO] [1788872724.713791682] [controller_server]: Destroying bond (controller_server) to lifecycle manager.
[controller_server-7] [INFO] [1788872724.718725223] [local_costmap.local_costmap]: Destroying
[controller_server-7] [INFO] [1788872724.727554940] [controller_server]: Destroying
[lifecycle_manager-14] [INFO] [1788872724.728199773] [lifecycle_manager_navigation]: Destroying lifecycle_manager_navigation
[INFO] [robot_state_publisher-3]: process has finished cleanly [pid 2459593]
[INFO] [mpc_command_watchdog-15]: process has finished cleanly [pid 2459618]
[INFO] [lifecycle_manager-6]: process has finished cleanly [pid 2459599]
[INFO] [map_server-5]: process has finished cleanly [pid 2459597]
[INFO] [velocity_smoother-13]: process has finished cleanly [pid 2459613]
[INFO] [smoother_server-8]: process has finished cleanly [pid 2459603]
[INFO] [waypoint_follower-12]: process has finished cleanly [pid 2459611]
[INFO] [behavior_server-10]: process has finished cleanly [pid 2459607]
[python-1] 2026-09-08T13:05:01Z [25,977ms] [Warning] [omni.usd] Warning: in _ReportErrors at line 3172 of /builds/omniverse/usd-ci/USD/pxr/usd/usd/stage.cpp -- In </World/arena_robot/rear_mount/visuals>: Unresolved reference prim path @anon:0x5b78ebe56480:World1.usd@</visuals/rear_mount> introduced by @anon:0x5b78ebe56480:World1.usd@</World/arena_robot/rear_mount/visuals> (recomposing stage on stage @anon:0x5b78ebe56480:World1.usd@ <0x5b78ed346ea0>)
[python-1] 
[python-1] 2026-09-08T13:05:02Z [26,588ms] [Warning] [omni.replicator.core.scripts.functional.create_batch] World/arena_robot/lidar_link/gpu_lidar_points is an invalid prim path. Renaming to World_arena_robot_lidar_link_gpu_lidar_points.
[python-1] 2026-09-08T13:05:02Z [26,610ms] [Warning] [omni.replicator.core.scripts.functional.create_batch] World/arena_robot/lidar_link/gpu_lidar_scan is an invalid prim path. Renaming to World_arena_robot_lidar_link_gpu_lidar_scan.
[python-1] 2026-09-08T13:05:03Z [27,842ms] [Warning] [omni.fabric.plugin] getAttributeCount called on non-existent path /World/arena_robot/chassis_link/collisions/mesh_0
[python-1] 2026-09-08T13:05:03Z [27,842ms] [Warning] [omni.fabric.plugin] getTypes called on non-existent path /World/arena_robot/chassis_link/collisions/mesh_0
[python-1] 2026-09-08T13:05:05Z [29,817ms] [Warning] [omni.sensors.nv.lidar.lidar_core.plugin] MotionBVH for lidar model not enabled. This will result in an incorrect point cloud without motion effects!
[python-1] 2026-09-08T13:05:05Z [29,832ms] [Warning] [carb] Client omni.sensors.nv.materials.composite_material has acquired [omni::sensors::materials::IMaterialReaderFactory v0.1] 100 times. Consider accessing this interface with carb::getCachedInterface() (Performance warning)
[python-1] 2026-09-08T13:05:06Z [30,441ms] [Warning] [carb] Plugin interface for a client: omni.hydratexture.plugin was already released.
[python-1] 2026-09-08T13:05:06Z [30,445ms] [Warning] [carb] Plugin interface for a client: omni.hydratexture.plugin was already released.
[python-1] 2026-09-08T13:05:06Z [30,523ms] [Warning] [omni.graph.core.plugin] /World/arena_robot/imu_link/IMUPublisher/read_imu: [/World/arena_robot/imu_link/IMUPublisher] no valid sensor reading, is the sensor enabled?
[python-1] 2026-09-08T13:05:06Z [30,924ms] [Warning] [omni.timeline.plugin] Deprecated: direct use of ITimeline callbacks is deprecated. Use ITimeline::getTimeline (Python: omni.timeline.get_timeline_interface) instead.
[python-1] 2026-09-08T13:05:06Z [31,033ms] [Warning] [isaacsim.core.simulation_manager.plugin] No adjacent samples found for interpolation at time 183/30
[python-1] 2026-09-08T13:05:06Z [31,033ms] [Warning] [isaacsim.core.simulation_manager.plugin] getSimulationTimeMonotonicAtTime: no data found for time 183/30, returning current sim time
[python-1] 2026-09-08T13:05:06Z [31,033ms] [Warning] [isaacsim.core.simulation_manager.plugin] No adjacent samples found for interpolation at time 183/30
[python-1] 2026-09-08T13:05:06Z [31,033ms] [Warning] [isaacsim.core.simulation_manager.plugin] getSimulationTimeMonotonicAtTime: no data found for time 183/30, returning current sim time
[python-1] 2026-09-08T13:05:09Z [33,573ms] [Warning] [carb] Plugin interface for a client: omni.hydratexture.plugin was already released.
[python-1] 2026-09-08T13:05:09Z [33,576ms] [Warning] [carb] Plugin interface for a client: omni.hydratexture.plugin was already released.
[python-1] 2026-09-08T13:05:09Z [33,578ms] [Warning] [omni.graph.core.plugin] /World/arena_robot/imu_link/IMUPublisher/read_imu: [/World/arena_robot/imu_link/IMUPublisher] no valid sensor reading, is the sensor enabled?
[python-1] 2026-09-08T13:05:09Z [33,618ms] [Warning] [isaacsim.core.prims.impl.articulation] Physics Simulation View is not created yet in order to use get_linear_velocities
[python-1] 2026-09-08T13:05:09Z [33,618ms] [Warning] [isaacsim.core.prims.impl.articulation] Physics Simulation View is not created yet in order to use get_angular_velocities
[python-1] 2026-09-08T13:05:09Z [33,618ms] [Warning] [arena_isaac.run_isaacsim] Ideal chassis articulation view invalidated: too many indices for array: array is 0-dimensional, but 1 were indexed
[planner_server-9] [INFO] [1788872724.811297198] [planner_server]: Deactivating plugin GridBased of type NavfnPlanner
[planner_server-9] [INFO] [1788872724.811342497] [planner_server]: Destroying bond (planner_server) to lifecycle manager.
[INFO] [bt_navigator-11]: process has finished cleanly [pid 2459609]
[planner_server-9] [INFO] [1788872724.821458120] [planner_server]: Cleaning up
[planner_server-9] [INFO] [1788872724.827334212] [global_costmap.global_costmap]: Cleaning up
[planner_server-9] [INFO] [1788872724.830771791] [planner_server]: Cleaning up plugin GridBased of type NavfnPlanner
[planner_server-9] [INFO] [1788872724.830978949] [planner_server]: Destroying plugin GridBased of type NavfnPlanner
[planner_server-9] [INFO] [1788872724.836782041] [planner_server]: Destroying bond (planner_server) to lifecycle manager.
[ERROR] [empty_human_states.py-4]: process has died [pid 2459595, exit code 1, cmd '/home/lpc/workspace/arena5_mpc_ws/install/arena_mpc_bringup/lib/arena_mpc_bringup/empty_human_states.py --ros-args -r __node:=empty_human_states --params-file /tmp/launch_params_s995lg6q'].
[planner_server-9] [INFO] [1788872724.840784391] [global_costmap.global_costmap]: Destroying
[INFO] [lifecycle_manager-14]: process has finished cleanly [pid 2459615]
[planner_server-9] [INFO] [1788872724.847489237] [planner_server]: Destroying
[ERROR] [scene_bridge-2]: process has died [pid 2459591, exit code 1, cmd '/home/lpc/workspace/arena5_ws/install/arena_humble_compat/lib/arena_humble_compat/scene_bridge --ros-args -r __node:=arena_scene_bridge --params-file /tmp/launch_params_hlsuln_d'].
[INFO] [controller_server-7]: process has finished cleanly [pid 2459601]
[INFO] [planner_server-9]: process has finished cleanly [pid 2459605]
[INFO] [python-1]: process has finished cleanly [pid 2459589]
