scripts/run_six_behaviors.sh: 成功
scripts/env.sh: 成功
install/arena_humble_compat/lib/python3.11/site-packages/arena_humble_compat/hunav_six_behaviors_bridge.py: 成功
config/generated/jackal.urdf: 成功
install/arena_simulation_setup/share/arena_simulation_setup/configs/nav2/nav2.yaml: 成功
install/arena_simulation_setup/share/arena_simulation_setup/entities/robots/jackal/model_params.yaml: 成功
.conda/arena_ros/lib/libcontroller_server_core.so: 成功
Arena workspace: /home/lpc/workspace/arena5_ws
ROS 2: humble (domain 99)
Isaac Sim: /home/lpc/miniforge3/envs/isaaclab/lib/python3.11/site-packages/isaacsim
WebRTC endpoint: 10.16.205.165:49399 (UDP 48399)
Foxglove WebSocket: 127.0.0.1:8999
Starting Arena MPC on GPU 0 (22658 MiB free), ROS domain 99
MPC command chain: controller_server -> velocity_smoother -> watchdog -> /cmd_vel
MPC scenario: empty
Logs: /home/lpc/workspace/arena5_mpc_ws/logs/runs/20260908_211851_mpc_gpu0
[INFO] [launch]: All log files can be found below /home/lpc/workspace/arena5_mpc_ws/logs/runs/20260908_211851_mpc_gpu0/ros/2026-09-08-21-18-52-053842-root123-desktop-2495271
[INFO] [launch]: Default logging verbosity is set to INFO
[WARNING] [launch_ros.actions.node]: Failed to load entry point 'NodeLogLevelExtension': No module named 'arena_bringup.extensions'
[WARNING] [launch_ros.actions.node]: Failed to load entry point 'NodeLogLevelExtension': No module named 'arena_bringup.extensions'
[WARNING] [launch_ros.actions.node]: Failed to load entry point 'NodeLogLevelExtension': No module named 'arena_bringup.extensions'
[WARNING] [launch_ros.actions.node]: Failed to load entry point 'NodeLogLevelExtension': No module named 'arena_bringup.extensions'
[WARNING] [launch_ros.actions.node]: Failed to load entry point 'NodeLogLevelExtension': No module named 'arena_bringup.extensions'
[WARNING] [launch_ros.actions.node]: Failed to load entry point 'NodeLogLevelExtension': No module named 'arena_bringup.extensions'
[WARNING] [launch_ros.actions.node]: Failed to load entry point 'NodeLogLevelExtension': No module named 'arena_bringup.extensions'
[WARNING] [launch_ros.actions.node]: Failed to load entry point 'NodeLogLevelExtension': No module named 'arena_bringup.extensions'
[WARNING] [launch_ros.actions.node]: Failed to load entry point 'NodeLogLevelExtension': No module named 'arena_bringup.extensions'
[WARNING] [launch_ros.actions.node]: Failed to load entry point 'NodeLogLevelExtension': No module named 'arena_bringup.extensions'
[WARNING] [launch_ros.actions.node]: Failed to load entry point 'NodeLogLevelExtension': No module named 'arena_bringup.extensions'
[WARNING] [launch_ros.actions.node]: Failed to load entry point 'NodeLogLevelExtension': No module named 'arena_bringup.extensions'
[WARNING] [launch_ros.actions.node]: Failed to load entry point 'NodeLogLevelExtension': No module named 'arena_bringup.extensions'
[WARNING] [launch_ros.actions.node]: Failed to load entry point 'NodeLogLevelExtension': No module named 'arena_bringup.extensions'
[WARNING] [launch_ros.actions.node]: Failed to load entry point 'NodeLogLevelExtension': No module named 'arena_bringup.extensions'
[WARNING] [launch_ros.actions.node]: Failed to load entry point 'NodeLogLevelExtension': No module named 'arena_bringup.extensions'
[WARNING] [launch_ros.actions.node]: Failed to load entry point 'NodeLogLevelExtension': No module named 'arena_bringup.extensions'
[WARNING] [launch_ros.actions.node]: Failed to load entry point 'NodeLogLevelExtension': No module named 'arena_bringup.extensions'
[WARNING] [launch_ros.actions.node]: Failed to load entry point 'NodeLogLevelExtension': No module named 'arena_bringup.extensions'
[WARNING] [launch_ros.actions.node]: Failed to load entry point 'NodeLogLevelExtension': No module named 'arena_bringup.extensions'
[WARNING] [launch_ros.actions.node]: Failed to load entry point 'NodeLogLevelExtension': No module named 'arena_bringup.extensions'
[WARNING] [launch_ros.actions.node]: Failed to load entry point 'NodeLogLevelExtension': No module named 'arena_bringup.extensions'
[WARNING] [launch_ros.actions.node]: Failed to load entry point 'NodeLogLevelExtension': No module named 'arena_bringup.extensions'
[INFO] [python-1]: process started with pid [2495538]
[INFO] [scene_bridge-2]: process started with pid [2495540]
[INFO] [robot_state_publisher-3]: process started with pid [2495542]
[INFO] [empty_human_states.py-4]: process started with pid [2495544]
[INFO] [map_server-5]: process started with pid [2495546]
[INFO] [lifecycle_manager-6]: process started with pid [2495548]
[INFO] [controller_server-7]: process started with pid [2495550]
[INFO] [smoother_server-8]: process started with pid [2495552]
[INFO] [planner_server-9]: process started with pid [2495554]
[INFO] [behavior_server-10]: process started with pid [2495556]
[INFO] [bt_navigator-11]: process started with pid [2495558]
[INFO] [waypoint_follower-12]: process started with pid [2495560]
[INFO] [velocity_smoother-13]: process started with pid [2495562]
[INFO] [lifecycle_manager-14]: process started with pid [2495564]
[INFO] [mpc_command_watchdog-15]: process started with pid [2495566]
[robot_state_publisher-3] [WARN] [1788873532.656626122] [robot_state_publisher]: No robot_description parameter, but command-line argument available.  Assuming argument is name of URDF file.  This backwards compatibility fallback will be removed in the future.
[robot_state_publisher-3] [INFO] [1788873532.661982141] [robot_state_publisher]: got segment base_link
[robot_state_publisher-3] [INFO] [1788873532.662018089] [robot_state_publisher]: got segment chassis_link
[robot_state_publisher-3] [INFO] [1788873532.662024529] [robot_state_publisher]: got segment front_fender_link
[robot_state_publisher-3] [INFO] [1788873532.662031034] [robot_state_publisher]: got segment front_left_wheel_link
[robot_state_publisher-3] [INFO] [1788873532.662037182] [robot_state_publisher]: got segment front_mount
[robot_state_publisher-3] [INFO] [1788873532.662043285] [robot_state_publisher]: got segment front_right_wheel_link
[robot_state_publisher-3] [INFO] [1788873532.662049239] [robot_state_publisher]: got segment imu_link
[robot_state_publisher-3] [INFO] [1788873532.662055624] [robot_state_publisher]: got segment lidar_link
[robot_state_publisher-3] [INFO] [1788873532.662060935] [robot_state_publisher]: got segment mid_mount
[robot_state_publisher-3] [INFO] [1788873532.662066365] [robot_state_publisher]: got segment navsat_link
[robot_state_publisher-3] [INFO] [1788873532.662071376] [robot_state_publisher]: got segment rear_fender_link
[robot_state_publisher-3] [INFO] [1788873532.662076993] [robot_state_publisher]: got segment rear_left_wheel_link
[robot_state_publisher-3] [INFO] [1788873532.662082295] [robot_state_publisher]: got segment rear_mount
[robot_state_publisher-3] [INFO] [1788873532.662087390] [robot_state_publisher]: got segment rear_right_wheel_link
[map_server-5] [INFO] [1788873532.676812007] [map_server]: 
[map_server-5] 	map_server lifecycle node launched. 
[map_server-5] 	Waiting on external lifecycle transitions to activate
[map_server-5] 	See https://design.ros2.org/articles/node_lifecycle.html for more information.
[map_server-5] [INFO] [1788873532.676867757] [map_server]: Creating
[lifecycle_manager-14] [INFO] [1788873532.677616092] [lifecycle_manager_navigation]: Creating
[lifecycle_manager-14] [INFO] [1788873532.680405875] [lifecycle_manager_navigation]: [34m[1mCreating and initializing lifecycle service clients[0m[0m
[waypoint_follower-12] [INFO] [1788873532.682445789] [waypoint_follower]: 
[waypoint_follower-12] 	waypoint_follower lifecycle node launched. 
[waypoint_follower-12] 	Waiting on external lifecycle transitions to activate
[waypoint_follower-12] 	See https://design.ros2.org/articles/node_lifecycle.html for more information.
[waypoint_follower-12] [INFO] [1788873532.683074212] [waypoint_follower]: Creating
[velocity_smoother-13] [INFO] [1788873532.683973535] [velocity_smoother]: 
[velocity_smoother-13] 	velocity_smoother lifecycle node launched. 
[velocity_smoother-13] 	Waiting on external lifecycle transitions to activate
[velocity_smoother-13] 	See https://design.ros2.org/articles/node_lifecycle.html for more information.
[lifecycle_manager-6] [INFO] [1788873532.686506193] [lifecycle_manager_map]: Creating
[smoother_server-8] [INFO] [1788873532.687589472] [smoother_server]: 
[smoother_server-8] 	smoother_server lifecycle node launched. 
[smoother_server-8] 	Waiting on external lifecycle transitions to activate
[smoother_server-8] 	See https://design.ros2.org/articles/node_lifecycle.html for more information.
[controller_server-7] [INFO] [1788873532.688471112] [controller_server]: 
[controller_server-7] 	controller_server lifecycle node launched. 
[controller_server-7] 	Waiting on external lifecycle transitions to activate
[controller_server-7] 	See https://design.ros2.org/articles/node_lifecycle.html for more information.
[planner_server-9] [INFO] [1788873532.689634327] [planner_server]: 
[planner_server-9] 	planner_server lifecycle node launched. 
[planner_server-9] 	Waiting on external lifecycle transitions to activate
[planner_server-9] 	See https://design.ros2.org/articles/node_lifecycle.html for more information.
[smoother_server-8] [INFO] [1788873532.690848455] [smoother_server]: Creating smoother server
[planner_server-9] [INFO] [1788873532.691695313] [planner_server]: Creating
[lifecycle_manager-6] [INFO] [1788873532.692848988] [lifecycle_manager_map]: [34m[1mCreating and initializing lifecycle service clients[0m[0m
[controller_server-7] [INFO] [1788873532.695842374] [controller_server]: Creating controller server
[lifecycle_manager-6] [INFO] [1788873532.696172330] [lifecycle_manager_map]: [34m[1mStarting managed nodes bringup...[0m[0m
[lifecycle_manager-6] [INFO] [1788873532.696280083] [lifecycle_manager_map]: [34m[1mConfiguring map_server[0m[0m
[behavior_server-10] [INFO] [1788873532.699420804] [behavior_server]: 
[behavior_server-10] 	behavior_server lifecycle node launched. 
[behavior_server-10] 	Waiting on external lifecycle transitions to activate
[behavior_server-10] 	See https://design.ros2.org/articles/node_lifecycle.html for more information.
[bt_navigator-11] [INFO] [1788873532.701575872] [bt_navigator]: 
[bt_navigator-11] 	bt_navigator lifecycle node launched. 
[bt_navigator-11] 	Waiting on external lifecycle transitions to activate
[bt_navigator-11] 	See https://design.ros2.org/articles/node_lifecycle.html for more information.
[bt_navigator-11] [INFO] [1788873532.701727130] [bt_navigator]: Creating
[planner_server-9] [INFO] [1788873532.709058357] [global_costmap.global_costmap]: 
[planner_server-9] 	global_costmap lifecycle node launched. 
[planner_server-9] 	Waiting on external lifecycle transitions to activate
[planner_server-9] 	See https://design.ros2.org/articles/node_lifecycle.html for more information.
[planner_server-9] [INFO] [1788873532.709877296] [global_costmap.global_costmap]: Creating Costmap
[controller_server-7] [INFO] [1788873532.714895299] [local_costmap.local_costmap]: 
[controller_server-7] 	local_costmap lifecycle node launched. 
[controller_server-7] 	Waiting on external lifecycle transitions to activate
[controller_server-7] 	See https://design.ros2.org/articles/node_lifecycle.html for more information.
[controller_server-7] [INFO] [1788873532.715688718] [local_costmap.local_costmap]: Creating Costmap
[mpc_command_watchdog-15] [WARN] [1788873532.741959594] [mpc_command_watchdog]: publishing zero command: controller_status
[map_server-5] [INFO] [1788873532.783457430] [map_server]: Configuring
[map_server-5] [INFO] [1788873532.783525290] [map_io]: Loading yaml file: /home/lpc/workspace/arena5_ws/install/arena_simulation_setup/share/arena_simulation_setup/worlds/map_empty/map/map.yaml
[map_server-5] [INFO] [1788873532.783881466] [map_io]: resolution: 0.05
[map_server-5] [INFO] [1788873532.783895576] [map_io]: origin[0]: 0
[map_server-5] [INFO] [1788873532.783904440] [map_io]: origin[1]: 0
[map_server-5] [INFO] [1788873532.783912464] [map_io]: origin[2]: 0
[map_server-5] [INFO] [1788873532.783921070] [map_io]: free_thresh: 0.196
[map_server-5] [INFO] [1788873532.783930138] [map_io]: occupied_thresh: 0.65
[map_server-5] [INFO] [1788873532.783938122] [map_io]: mode: trinary
[map_server-5] [INFO] [1788873532.783946281] [map_io]: negate: 0
[map_server-5] [INFO] [1788873532.784216948] [map_io]: Loading image_file: /home/lpc/workspace/arena5_ws/install/arena_simulation_setup/share/arena_simulation_setup/worlds/map_empty/map/map.png
[lifecycle_manager-14] [INFO] [1788873532.804534021] [lifecycle_manager_navigation]: [34m[1mStarting managed nodes bringup...[0m[0m
[lifecycle_manager-14] [INFO] [1788873532.804606238] [lifecycle_manager_navigation]: [34m[1mConfiguring controller_server[0m[0m
[controller_server-7] [INFO] [1788873532.808573198] [controller_server]: Configuring controller interface
[controller_server-7] [INFO] [1788873532.809613300] [controller_server]: getting goal checker plugins..
[controller_server-7] [INFO] [1788873532.809811670] [controller_server]: Controller frequency set to 10.0000Hz
[controller_server-7] [INFO] [1788873532.809863931] [local_costmap.local_costmap]: Configuring
[controller_server-7] [INFO] [1788873532.825798491] [local_costmap.local_costmap]: Using plugin "voxel_layer"
[controller_server-7] [INFO] [1788873532.835161514] [local_costmap.local_costmap]: Subscribed to Topics: lidar
[controller_server-7] [INFO] [1788873532.850382559] [local_costmap.local_costmap]: Initialized plugin "voxel_layer"
[controller_server-7] [INFO] [1788873532.850414198] [local_costmap.local_costmap]: Using plugin "inflation_layer"
[controller_server-7] [INFO] [1788873532.851001288] [local_costmap.local_costmap]: Initialized plugin "inflation_layer"
[controller_server-7] [INFO] [1788873532.859658573] [controller_server]: Created progress_checker : progress_checker of type nav2_controller::SimpleProgressChecker
[controller_server-7] [INFO] [1788873532.860556651] [controller_server]: Created goal checker : goal_checker of type nav2_controller::SimpleGoalChecker
[controller_server-7] [INFO] [1788873532.860788931] [controller_server]: Controller Server has goal_checker  goal checkers available.
[map_server-5] [INFO] [1788873532.908329745] [map_io]: Read map /home/lpc/workspace/arena5_ws/install/arena_simulation_setup/share/arena_simulation_setup/worlds/map_empty/map/map.png: 626 X 481 map @ 0.05 m/cell
[controller_server-7] [INFO] [1788873532.910684274] [controller_server]: Created controller : FollowPath of type arena_mpc_controller::MpcController
[lifecycle_manager-6] [INFO] [1788873532.914610467] [lifecycle_manager_map]: [34m[1mActivating map_server[0m[0m
[map_server-5] [INFO] [1788873532.914745286] [map_server]: Activating
[map_server-5] [INFO] [1788873532.915092061] [map_server]: Creating bond (map_server) to lifecycle manager.
[lifecycle_manager-6] [INFO] [1788873533.018665805] [lifecycle_manager_map]: Server map_server connected with bond.
[lifecycle_manager-6] [INFO] [1788873533.018755127] [lifecycle_manager_map]: [34m[1mManaged nodes are active[0m[0m
[lifecycle_manager-6] [INFO] [1788873533.018777326] [lifecycle_manager_map]: [34m[1mCreating bond timer...[0m[0m
[controller_server-7] [INFO] [1788873533.533698487] [controller_server]: Configured FollowPath: CasADi graph N=25 dynamic_slots=8 build occurs outside control loop
[controller_server-7] [INFO] [1788873533.533741768] [controller_server]: Controller Server has FollowPath  controllers available.
[lifecycle_manager-14] [INFO] [1788873533.538523678] [lifecycle_manager_navigation]: [34m[1mConfiguring smoother_server[0m[0m
[smoother_server-8] [INFO] [1788873533.538874475] [smoother_server]: Configuring smoother server
[smoother_server-8] [INFO] [1788873533.557114679] [smoother_server]: Created smoother : simple_smoother of type nav2_smoother::SimpleSmoother
[smoother_server-8] [INFO] [1788873533.557854124] [smoother_server]: Smoother Server has simple_smoother  smoothers available.
[lifecycle_manager-14] [INFO] [1788873533.564567617] [lifecycle_manager_navigation]: [34m[1mConfiguring planner_server[0m[0m
[planner_server-9] [INFO] [1788873533.564801144] [planner_server]: Configuring
[planner_server-9] [INFO] [1788873533.564883008] [global_costmap.global_costmap]: Configuring
[planner_server-9] [INFO] [1788873533.575737822] [global_costmap.global_costmap]: Using plugin "static_layer"
[planner_server-9] [INFO] [1788873533.582832434] [global_costmap.global_costmap]: Subscribing to the map topic (/task_generator_node/map) with transient local durability
[planner_server-9] [INFO] [1788873533.584857825] [global_costmap.global_costmap]: Initialized plugin "static_layer"
[planner_server-9] [INFO] [1788873533.584895526] [global_costmap.global_costmap]: Using plugin "obstacle_layer"
[planner_server-9] [INFO] [1788873533.585419669] [global_costmap.global_costmap]: Subscribed to Topics: lidar
[planner_server-9] [INFO] [1788873533.589355608] [global_costmap.global_costmap]: Initialized plugin "obstacle_layer"
[planner_server-9] [INFO] [1788873533.589391363] [global_costmap.global_costmap]: Using plugin "inflation_layer"
[planner_server-9] [INFO] [1788873533.590214755] [global_costmap.global_costmap]: Initialized plugin "inflation_layer"
[planner_server-9] [INFO] [1788873533.599586525] [planner_server]: Created global planner plugin GridBased of type nav2_navfn_planner/NavfnPlanner
[planner_server-9] [INFO] [1788873533.599616872] [planner_server]: Configuring plugin GridBased of type NavfnPlanner
[planner_server-9] [INFO] [1788873533.599628635] [global_costmap.global_costmap]: StaticLayer: Resizing costmap to 626 X 481 at 0.050000 m/pix
[planner_server-9] [INFO] [1788873533.600200988] [planner_server]: Planner Server has GridBased  planners available.
[lifecycle_manager-14] [INFO] [1788873533.606624206] [lifecycle_manager_navigation]: [34m[1mConfiguring behavior_server[0m[0m
[behavior_server-10] [INFO] [1788873533.606876616] [behavior_server]: Configuring
[behavior_server-10] [INFO] [1788873533.625863192] [behavior_server]: Creating behavior plugin spin of type nav2_behaviors/Spin
[behavior_server-10] [INFO] [1788873533.627571647] [behavior_server]: Configuring spin
[behavior_server-10] [INFO] [1788873533.633700366] [behavior_server]: Creating behavior plugin backup of type nav2_behaviors/BackUp
[behavior_server-10] [INFO] [1788873533.635350223] [behavior_server]: Configuring backup
[behavior_server-10] [INFO] [1788873533.638951796] [behavior_server]: Creating behavior plugin drive_on_heading of type nav2_behaviors/DriveOnHeading
[behavior_server-10] [INFO] [1788873533.640089332] [behavior_server]: Configuring drive_on_heading
[behavior_server-10] [INFO] [1788873533.643498137] [behavior_server]: Creating behavior plugin wait of type nav2_behaviors/Wait
[behavior_server-10] [INFO] [1788873533.644512152] [behavior_server]: Configuring wait
[lifecycle_manager-14] [INFO] [1788873533.648160248] [lifecycle_manager_navigation]: [34m[1mConfiguring bt_navigator[0m[0m
[bt_navigator-11] [INFO] [1788873533.648428654] [bt_navigator]: Configuring
[lifecycle_manager-14] [INFO] [1788873533.722072976] [lifecycle_manager_navigation]: [34m[1mConfiguring waypoint_follower[0m[0m
[waypoint_follower-12] [INFO] [1788873533.722366575] [waypoint_follower]: Configuring
[waypoint_follower-12] [INFO] [1788873533.741239257] [waypoint_follower]: Created waypoint_task_executor : wait_at_waypoint of type nav2_waypoint_follower::WaitAtWaypoint
[waypoint_follower-12] [INFO] [1788873533.741568184] [waypoint_follower]: Waypoint pause duration is set to zero, disabling task executor plugin.
[lifecycle_manager-14] [INFO] [1788873533.741915174] [lifecycle_manager_navigation]: [34m[1mConfiguring velocity_smoother[0m[0m
[velocity_smoother-13] [INFO] [1788873533.742161204] [velocity_smoother]: Configuring velocity smoother
[lifecycle_manager-14] [INFO] [1788873533.748611737] [lifecycle_manager_navigation]: [34m[1mActivating controller_server[0m[0m
[controller_server-7] [INFO] [1788873533.748870597] [controller_server]: Activating
[controller_server-7] [INFO] [1788873533.748952723] [local_costmap.local_costmap]: Activating
[controller_server-7] [INFO] [1788873533.748981387] [local_costmap.local_costmap]: Checking transform
[controller_server-7] [INFO] [1788873533.749014862] [local_costmap.local_costmap]: Timed out waiting for transform from base_link to odom to become available, tf error: Invalid frame ID "odom" passed to canTransform argument target_frame - frame does not exist
[python-1] [Info] [carb] Logging to file: /home/lpc/workspace/arena5_mpc_ws/logs/runs/20260908_211851_mpc_gpu0/isaac_kit.log
[python-1] 2026-09-08T13:18:52Z [2ms] [Warning] [carb.crashreporter-breakpad.plugin] [previous crash] preventing upload of minidump due to user opt-out: '/home/lpc/miniforge3/envs/isaaclab/lib/python3.11/site-packages/isaacsim/kit/data/Kit/Isaac-Sim Python/5.1/0ac5911a-264e-47a3-2a16f79d-c5b7759a.dmp'
[python-1] 2026-09-08T13:18:52Z [4ms] [Warning] [carb.crashreporter-breakpad.plugin] [previous crash] preventing upload of minidump due to user opt-out: '/home/lpc/miniforge3/envs/isaaclab/lib/python3.11/site-packages/isaacsim/kit/data/Kit/Isaac-Sim Python/5.1/873d0d6d-b3e2-40f3-6eb3df86-85c4cb14.dmp'
[python-1] 2026-09-08T13:18:52Z [5ms] [Warning] [carb.crashreporter-breakpad.plugin] [previous crash] preventing upload of minidump due to user opt-out: '/home/lpc/miniforge3/envs/isaaclab/lib/python3.11/site-packages/isaacsim/kit/data/Kit/Isaac-Sim Python/5.1/54846835-9b12-4c85-5eb92bac-99ba56c4.dmp'
[python-1] 2026-09-08T13:18:52Z [6ms] [Warning] [carb.crashreporter-breakpad.plugin] [previous crash] preventing upload of minidump due to user opt-out: '/home/lpc/miniforge3/envs/isaaclab/lib/python3.11/site-packages/isaacsim/kit/data/Kit/Isaac-Sim Python/5.1/4c7676b1-3af0-4296-87341b84-52502d37.dmp'
[python-1] 2026-09-08T13:18:52Z [7ms] [Warning] [carb.crashreporter-breakpad.plugin] [previous crash] preventing upload of minidump due to user opt-out: '/home/lpc/miniforge3/envs/isaaclab/lib/python3.11/site-packages/isaacsim/kit/data/Kit/Isaac-Sim Python/5.1/4fb36b02-970f-460e-d915d5bf-47095803.dmp'
[python-1] [0.125s] [ext: omni.kit.async_engine-0.0.3] startup
[python-1] [0.318s] [ext: omni.metrics.core-0.0.3] startup
[python-1] [0.318s] [ext: omni.client.lib-1.1.0] startup
[python-1] [0.341s] [ext: omni.blobkey-1.1.2] startup
[python-1] [0.342s] [ext: omni.stats-1.0.1] startup
[python-1] [0.343s] [ext: omni.datastore-0.0.0] startup
[python-1] [0.354s] [ext: omni.client-1.3.0] startup
[python-1] [0.361s] [ext: omni.ujitso.default-1.0.0] startup
[python-1] [0.364s] [ext: omni.hsscclient-1.1.2] startup
[python-1] [0.381s] [ext: omni.gpu_foundation.shadercache.vulkan-1.0.0] startup
[python-1] [0.388s] [ext: omni.assets.plugins-0.0.0] startup
[python-1] [0.390s] [ext: omni.gpu_foundation-0.0.0] startup
[python-1] [0.404s] [ext: carb.windowing.plugins-1.0.0] startup
[python-1] 2026-09-08T13:18:53Z [342ms] [Warning] [carb.windowing-glfw.plugin] GLFW initialization failed.
[python-1] 2026-09-08T13:18:53Z [342ms] [Warning] [carb] Failed to startup plugin carb.windowing-glfw.plugin (interfaces: [carb::windowing::IGLContext v1.0],[carb::windowing::IWindowing v1.5]) (impl: carb.windowing-glfw.plugin)
[python-1] [0.406s] [ext: omni.kit.renderer.init-0.0.0] startup
[python-1] 2026-09-08T13:18:53Z [415ms] [Warning] [omni.platforminfo.plugin] failed to open the default display.  Can't verify X Server version.
[python-1] 2026-09-08T13:18:53Z [427ms] [Warning] [carb.cudainterop.plugin] CUDA_VISIBLE_DEVICES environment variable is set.
[python-1] 2026-09-08T13:18:53Z [427ms] [Warning] [carb.cudainterop.plugin] Note CUDA device enumeration and Omniverse device enumeration are different.
[python-1] 2026-09-08T13:18:53Z [427ms] [Warning] [carb.cudainterop.plugin] Setting CUDA_VISIBLE_DEVICES can lead to undesired behavior or crashes.
[python-1] 2026-09-08T13:18:53Z [993ms] [Warning] [gpu.foundation.plugin] Skipping NVIDIA GPU due CUDA being in bad state: NVIDIA GeForce RTX 4090
[python-1] 2026-09-08T13:18:53Z [993ms] [Warning] [gpu.foundation.plugin] Please restart your system if CUDA is known to work in your system.
[python-1] 2026-09-08T13:18:53Z [994ms] [Warning] [gpu.foundation.plugin] Skipping NVIDIA GPU due CUDA being in bad state: NVIDIA GeForce RTX 4090
[python-1] 2026-09-08T13:18:53Z [994ms] [Warning] [gpu.foundation.plugin] Please restart your system if CUDA is known to work in your system.
[python-1] 2026-09-08T13:18:53Z [995ms] [Warning] [gpu.foundation.plugin] Skipping NVIDIA GPU due CUDA being in bad state: NVIDIA GeForce RTX 4090
[python-1] 2026-09-08T13:18:53Z [995ms] [Warning] [gpu.foundation.plugin] Please restart your system if CUDA is known to work in your system.
[python-1] 2026-09-08T13:18:53Z [995ms] [Warning] [gpu.foundation.plugin] Skipping NVIDIA GPU due CUDA being in bad state: NVIDIA GeForce RTX 4090
[python-1] 2026-09-08T13:18:53Z [995ms] [Warning] [gpu.foundation.plugin] Please restart your system if CUDA is known to work in your system.
[controller_server-7] [INFO] [1788873534.249117791] [local_costmap.local_costmap]: Timed out waiting for transform from base_link to odom to become available, tf error: Invalid frame ID "odom" passed to canTransform argument target_frame - frame does not exist
[controller_server-7] [INFO] [1788873534.749117069] [local_costmap.local_costmap]: Timed out waiting for transform from base_link to odom to become available, tf error: Invalid frame ID "odom" passed to canTransform argument target_frame - frame does not exist
[controller_server-7] [INFO] [1788873535.249099158] [local_costmap.local_costmap]: Timed out waiting for transform from base_link to odom to become available, tf error: Invalid frame ID "odom" passed to canTransform argument target_frame - frame does not exist
[python-1] 2026-09-08T13:18:53Z [995ms] [Warning] [gpu.foundation.plugin] Skipping NVIDIA GPU due CUDA being in bad state: NVIDIA GeForce RTX 4090
[python-1] 2026-09-08T13:18:53Z [995ms] [Warning] [gpu.foundation.plugin] Please restart your system if CUDA is known to work in your system.
[python-1] 2026-09-08T13:18:53Z [995ms] [Warning] [gpu.foundation.plugin] Skipping NVIDIA GPU due CUDA being in bad state: NVIDIA GeForce RTX 4090
[python-1] 2026-09-08T13:18:53Z [995ms] [Warning] [gpu.foundation.plugin] Please restart your system if CUDA is known to work in your system.
[python-1] 
[python-1] |---------------------------------------------------------------------------------------------|
[python-1] | Driver Version: 580.126.09    | Graphics API: Vulkan
[python-1] |=============================================================================================|
[python-1] | GPU | Name                             | Active | LDA | GPU Memory | Vendor-ID | LUID       |
[python-1] |     |                                  |        |     |            | Device-ID | UUID       |
[python-1] |     |                                  |        |     |            | Bus-ID    |            |
[python-1] |---------------------------------------------------------------------------------------------|
[python-1] | 0   | NVIDIA GeForce RTX 4090          | Yes: 0 |     | 24810   MB | 10de      | 0          |
[python-1] |     |                                  |        |     |            | 2684      | cff28fa1.. |
[python-1] |     |                                  |        |     |            | 31        |            |
[python-1] |---------------------------------------------------------------------------------------------|
[python-1] | 1   | NVIDIA GeForce RTX 4090          |        |     | 24810   MB | 10de      | 0          |
[python-1] |     |                                  |        |     |            | 2684      | 53d85912.. |
[python-1] |     |                                  |        |     |            | 4b        |            |
[python-1] |---------------------------------------------------------------------------------------------|
[python-1] | 2   | NVIDIA GeForce RTX 4090          |        |     | 24810   MB | 10de      | 0          |
[python-1] |     |                                  |        |     |            | 2684      | 2d2c45be.. |
[python-1] |     |                                  |        |     |            | b1        |            |
[python-1] |---------------------------------------------------------------------------------------------|
[python-1] | 3   | NVIDIA GeForce RTX 4090          |        |     | 24810   MB | 10de      | 0          |
[python-1] |     |                                  |        |     |            | 2684      | 6fc79961.. |
[python-1] |     |                                  |        |     |            | ca        |            |
[python-1] |=============================================================================================|
[python-1] | OS: 22.04.5 LTS (Jammy Jellyfish) ubuntu, Version: 22.04.5, Kernel: 6.8.0-136-generic
[python-1] | Processor: Intel(R) Xeon(R) Gold 6330 CPU @ 2.00GHz
[python-1] | Cores: 56 | Logical Cores: 112
[python-1] |---------------------------------------------------------------------------------------------|
[python-1] | Total Memory (MB): 257544 | Free Memory: 226000
[python-1] | Total Page/Swap (MB): 2047 | Free Page/Swap: 2020
[python-1] |---------------------------------------------------------------------------------------------|
[python-1] 2026-09-08T13:18:54Z [1,912ms] [Warning] [gpu.foundation.plugin] CPU performance profile is set to powersave. This profile sets the CPU to the lowest frequency reducing performance.
[python-1] 2026-09-08T13:18:54Z [1,923ms] [Warning] [gpu.foundation.plugin] IOMMU is enabled.
[python-1] 2026-09-08T13:18:54Z [1,923ms] [Warning] [gpu.foundation.plugin] Detected IOMMU is enabled. Running CUDA peer-to-peer bandwidth and latency validation.
[python-1] Unidirectional P2P=Enabled Bandwidth (P2P Writes) Matrix (GB/s)
[python-1]    D\D     0 
[python-1]      0 937.88 
[python-1] P2P=Enabled Latency (P2P Writes) Matrix (us)
[python-1]    GPU     0 
[python-1]      0   1.40 
[python-1] 
[python-1]    CPU     0 
[python-1]      0   3.74 
[python-1] [2.260s] [ext: omni.materialx.libs-1.0.7] startup
[python-1] [2.273s] [ext: omni.kit.telemetry-0.5.2] startup
[python-1] [2.336s] [ext: omni.usd.config-1.0.6] startup
[python-1] [2.343s] [ext: omni.gpucompute.plugins-0.0.0] startup
[python-1] [2.345s] [ext: omni.usd.libs-1.0.1] startup
[python-1] [2.503s] [ext: omni.kit.loop-isaac-1.3.7] startup
[controller_server-7] [INFO] [1788873535.749097774] [local_costmap.local_costmap]: Timed out waiting for transform from base_link to odom to become available, tf error: Invalid frame ID "odom" passed to canTransform argument target_frame - frame does not exist
[controller_server-7] [INFO] [1788873536.249095097] [local_costmap.local_costmap]: Timed out waiting for transform from base_link to odom to become available, tf error: Invalid frame ID "odom" passed to canTransform argument target_frame - frame does not exist
[python-1] [2.505s] [ext: omni.kit.test-2.0.1] startup
[python-1] [2.600s] [ext: omni.mdl-56.0.3] startup
[python-1] [2.720s] [ext: omni.iray.libs-0.0.0] startup
[python-1] [2.730s] [ext: omni.mdl.neuraylib-0.2.12] startup
[python-1] [2.733s] [ext: omni.kit.usd.mdl-1.1.5] startup
[python-1] [2.903s] [ext: omni.kit.pipapi-0.0.0] startup
[python-1] [2.905s] [ext: omni.appwindow-1.1.10] startup
[python-1] 2026-09-08T13:18:55Z [2,843ms] [Warning] [carb.windowing-glfw.plugin] GLFW initialization failed.
[python-1] 2026-09-08T13:18:55Z [2,843ms] [Warning] [carb] Failed to startup plugin carb.windowing-glfw.plugin (interfaces: [carb::windowing::IGLContext v1.0],[carb::windowing::IWindowing v1.5]) (impl: carb.windowing-glfw.plugin)
[python-1] [2.909s] [ext: omni.kit.renderer.core-1.1.0] startup
[python-1] 2026-09-08T13:18:56Z [3,150ms] [Warning] [carb.windowing-glfw.plugin] GLFW initialization failed.
[python-1] 2026-09-08T13:18:56Z [3,150ms] [Warning] [carb] Failed to startup plugin carb.windowing-glfw.plugin (interfaces: [carb::windowing::IGLContext v1.0],[carb::windowing::IWindowing v1.5]) (impl: carb.windowing-glfw.plugin)
[python-1] 2026-09-08T13:18:56Z [3,164ms] [Warning] [carb.windowing-glfw.plugin] GLFW initialization failed.
[python-1] 2026-09-08T13:18:56Z [3,164ms] [Warning] [carb] Failed to startup plugin carb.windowing-glfw.plugin (interfaces: [carb::windowing::IGLContext v1.0],[carb::windowing::IWindowing v1.5]) (impl: carb.windowing-glfw.plugin)
[python-1] [3.230s] [ext: omni.kit.renderer.capture-0.0.0] startup
[python-1] [3.234s] [ext: omni.kit.renderer.imgui-2.0.5] startup
[python-1] 2026-09-08T13:18:56Z [3,177ms] [Warning] [carb.windowing-glfw.plugin] GLFW initialization failed.
[python-1] 2026-09-08T13:18:56Z [3,177ms] [Warning] [carb] Failed to startup plugin carb.windowing-glfw.plugin (interfaces: [carb::windowing::IGLContext v1.0],[carb::windowing::IWindowing v1.5]) (impl: carb.windowing-glfw.plugin)
[python-1] 2026-09-08T13:18:56Z [3,179ms] [Warning] [carb.windowing-glfw.plugin] GLFW initialization failed.
[python-1] 2026-09-08T13:18:56Z [3,179ms] [Warning] [carb] Failed to startup plugin carb.windowing-glfw.plugin (interfaces: [carb::windowing::IGLContext v1.0],[carb::windowing::IWindowing v1.5]) (impl: carb.windowing-glfw.plugin)
[python-1] 2026-09-08T13:18:56Z [3,181ms] [Warning] [carb.windowing-glfw.plugin] GLFW initialization failed.
[python-1] 2026-09-08T13:18:56Z [3,181ms] [Warning] [carb] Failed to startup plugin carb.windowing-glfw.plugin (interfaces: [carb::windowing::IGLContext v1.0],[carb::windowing::IWindowing v1.5]) (impl: carb.windowing-glfw.plugin)
[python-1] [3.351s] [ext: omni.ui-2.27.1] startup
[python-1] [3.368s] [ext: omni.kit.mainwindow-1.0.3] startup
[python-1] [3.370s] [ext: carb.audio-0.1.0] startup
[python-1] [3.378s] [ext: omni.uiaudio-1.0.0] startup
[python-1] [3.379s] [ext: omni.kit.uiapp-0.0.0] startup
[python-1] [3.379s] [ext: omni.usd.schema.metrics.assembler-107.3.1] startup
[python-1] [3.384s] [ext: omni.usd.schema.physx-107.3.26] startup
[python-1] [3.440s] [ext: omni.usd.schema.geospatial-0.0.0] startup
[python-1] [3.445s] [ext: omni.usd.schema.audio-0.0.0] startup
[python-1] [3.450s] [ext: omni.usd.schema.anim-0.0.0] startup
[python-1] [3.483s] [ext: omni.usd.schema.flow-107.1.1] startup
[python-1] [3.484s] [ext: omni.usd_resolver-1.0.0] startup
[python-1] [3.491s] [ext: omni.usd.core-1.5.3] startup
[python-1] [3.495s] [ext: omni.usd.schema.omni_sensors-0.0.0] startup
[python-1] [3.528s] [ext: omni.usd.schema.semantics-0.0.0] startup
[python-1] [3.532s] [ext: omni.usd.schema.omniscripting-1.0.0] startup
[python-1] [3.539s] [ext: omni.usd.schema.omni_lens_distortion-0.0.0] startup
[python-1] [3.540s] [ext: omni.usd.schema.omnigraph-1.0.0] startup
[python-1] [3.549s] [ext: omni.kit.window.popup_dialog-2.0.24] startup
[python-1] [3.556s] [ext: omni.graph.exec-0.9.6] startup
[python-1] [3.556s] [ext: omni.kit.widget.nucleus_connector-2.0.1] startup
[python-1] [3.559s] [ext: omni.kit.usd_undo-0.1.8] startup
[python-1] [3.560s] [ext: omni.kit.exec.core-0.13.4] startup
[python-1] [3.563s] [ext: omni.kit.actions.core-1.0.0] startup
[python-1] [3.567s] [ext: omni.resourcemonitor-107.0.1] startup
[python-1] [3.571s] [ext: omni.activity.core-1.0.3] startup
[python-1] [3.573s] [ext: omni.timeline-1.0.14] startup
[python-1] [3.576s] [ext: omni.kit.commands-1.4.10] startup
[python-1] [3.582s] [ext: usdrt.scenegraph-7.6.1] startup
[python-1] [3.644s] [ext: omni.kit.audiodeviceenum-1.0.2] startup
[python-1] [3.646s] [ext: omni.hydra.usdrt_delegate-7.5.1] startup
[python-1] [3.658s] [ext: omni.hydra.scene_delegate-0.3.4] startup
[python-1] [3.665s] [ext: omni.usd-1.13.10] startup
[controller_server-7] [INFO] [1788873536.749098132] [local_costmap.local_costmap]: Timed out waiting for transform from base_link to odom to become available, tf error: Invalid frame ID "odom" passed to canTransform argument target_frame - frame does not exist
[python-1] [3.706s] [ext: omni.inspect-1.0.2] startup
[python-1] [3.708s] [ext: omni.kit.notification_manager-1.0.10] startup
[python-1] [3.710s] [ext: omni.graph.core-2.184.5] startup
[python-1] [3.715s] [ext: isaacsim.core.deprecation_manager-0.2.7] startup
[python-1] [3.716s] [ext: omni.anim.graph.schema-107.3.3] startup
[python-1] [3.726s] [ext: omni.usd.schema.isaac-3.0.5] startup
[python-1] [3.726s] [ext: omni.anim.navigation.schema-107.3.3] startup
[python-1] [3.732s] [ext: omni.kit.asset_converter-5.0.17] startup
[python-1] [3.751s] [ext: isaacsim.robot.schema-3.6.0] startup
[python-1] [3.765s] [ext: omni.usd.schema.render_settings.rtx-0.0.0] startup
[python-1] [3.766s] [ext: omni.kit.menu.core-1.1.2] startup
[python-1] [3.767s] [ext: omni.kit.widget.path_field-2.0.11] startup
[python-1] [3.768s] [ext: omni.kit.widget.context_menu-1.2.5] startup
[python-1] [3.770s] [ext: omni.kit.widget.browser_bar-2.0.10] startup
[python-1] [3.772s] [ext: omni.kit.clipboard-1.0.5] startup
[python-1] [3.773s] [ext: omni.kit.numpy.common-0.1.3] startup
[python-1] [3.775s] [ext: omni.kit.widget.options_menu-1.1.6] startup
[python-1] [3.780s] [ext: omni.kit.helper.file_utils-0.1.9] startup
[python-1] [3.782s] [ext: omni.ui.scene-1.11.5] startup
[python-1] [3.790s] [ext: omni.kit.widget.options_button-1.0.3] startup
[python-1] [3.791s] [ext: omni.kit.widget.filebrowser-2.12.3] startup
[python-1] [3.797s] [ext: omni.kit.usd.layers-2.2.11] startup
[python-1] [3.811s] [ext: omni.kit.window.filepicker-2.13.4] startup
[python-1] [3.834s] [ext: omni.kit.hotkeys.core-1.3.10] startup
[python-1] [3.840s] [ext: omni.kit.context_menu-1.8.6] startup
[python-1] [3.843s] [ext: omni.kit.property.adapter.core-1.0.2] startup
[python-1] [3.846s] [ext: omni.kit.window.file_exporter-1.0.33] startup
[python-1] [3.849s] [ext: omni.kit.widget.searchfield-1.1.8] startup
[python-1] [3.851s] [ext: omni.kit.widget.filter-1.1.4] startup
[python-1] [3.852s] [ext: omni.kit.widget.graph-2.0.0] startup
[python-1] [3.861s] [ext: omni.kit.widget.stage-3.1.4] startup
[python-1] [3.879s] [ext: omni.kit.property.adapter.usd-1.0.2] startup
[python-1] [3.880s] [ext: omni.kit.property.adapter.fabric-1.0.3] startup
[python-1] [3.882s] [ext: omni.kit.graph.delegate.default-1.2.3] startup
[python-1] [3.883s] [ext: omni.kit.window.file_importer-1.1.18] startup
[python-1] [3.884s] [ext: omni.kit.stage_template.core-1.1.22] startup
[python-1] [3.885s] [ext: omni.kit.menu.utils-2.0.5] startup
[python-1] [3.893s] [ext: omni.kit.window.file-2.0.5] startup
[python-1] [3.897s] [ext: omni.kit.widget.highlight_label-1.0.3] startup
[python-1] [3.898s] [ext: omni.kit.window.drop_support-1.0.5] startup
[python-1] [3.899s] [ext: omni.kit.window.content_browser_registry-0.0.6] startup
[python-1] [3.900s] [ext: omni.kit.window.property-1.12.1] startup
[python-1] [3.904s] [ext: omni.kit.window.content_browser-3.1.3] startup
[python-1] [3.924s] [ext: isaacsim.core.version-2.0.6] startup
[python-1] [3.925s] [ext: omni.kit.property.usd-4.5.12] startup
[python-1] [3.941s] [ext: omni.kit.graph.editor.core-1.5.3] startup
[python-1] [3.945s] [ext: omni.kit.material.library-2.0.7] startup
[python-1] [3.952s] [ext: omni.kit.graph.usd.commands-1.3.1] startup
[python-1] [3.953s] [ext: omni.kvdb-107.3.26] startup
[python-1] [3.956s] [ext: omni.usdphysics-107.3.26] startup
[python-1] [3.959s] [ext: omni.physx.foundation-107.3.26] startup
[python-1] [3.962s] [ext: omni.localcache-107.3.26] startup
[python-1] [3.964s] [ext: omni.convexdecomposition-107.3.26] startup
[python-1] [3.969s] [ext: omni.physics-107.3.26] startup
[python-1] [3.974s] [ext: omni.physx.cooking-107.3.26] startup
[python-1] [3.979s] [ext: omni.physics.stageupdate-107.3.26] startup
[python-1] [3.982s] [ext: omni.physx-107.3.26] startup
[python-1] [3.998s] [ext: omni.index.libs-380600.8087.0] startup
[python-1] [3.998s] [ext: omni.physics.physx-107.3.26] startup
[python-1] 2026-09-08T13:18:56Z [3,937ms] [Warning] [carb] Acquiring non optional plugin interface which is not listed as dependency: [omni::physx::IPhysxBenchmarks v1.0] (plugin: <default plugin>), by client: omni.physics.physx.plugin. Add it to CARB_PLUGIN_IMPL_DEPS() macro of a client.
[python-1] [4.001s] [ext: omni.index-1.0.1] startup
[python-1] [4.002s] [ext: omni.volume-0.5.2] startup
[python-1] [4.006s] [ext: omni.ujitso.client-0.0.0] startup
[python-1] [4.007s] [ext: omni.hydra.rtx.shadercache.vulkan-1.0.0] startup
[python-1] [4.009s] [ext: omni.kit.widget.searchable_combobox-1.0.6] startup
[python-1] [4.010s] [ext: omni.hydra.rtx-1.0.0] startup
[python-1] 2026-09-08T13:18:56Z [3,978ms] [Warning] [omni.log] Source: omni.hydra was already registered.
[python-1] [4.070s] [ext: omni.kit.widget.settings-1.2.6] startup
[python-1] [4.073s] [ext: omni.kit.hydra_texture-1.4.6] startup
[python-1] [4.079s] [ext: omni.graph.tools-1.79.2] startup
[controller_server-7] [INFO] [1788873537.249096478] [local_costmap.local_costmap]: Timed out waiting for transform from base_link to odom to become available, tf error: Invalid frame ID "odom" passed to canTransform argument target_frame - frame does not exist
[controller_server-7] [INFO] [1788873537.749095329] [local_costmap.local_costmap]: Timed out waiting for transform from base_link to odom to become available, tf error: Invalid frame ID "odom" passed to canTransform argument target_frame - frame does not exist
[controller_server-7] [INFO] [1788873538.249115632] [local_costmap.local_costmap]: Timed out waiting for transform from base_link to odom to become available, tf error: Invalid frame ID "odom" passed to canTransform argument target_frame - frame does not exist
[controller_server-7] [INFO] [1788873538.749093746] [local_costmap.local_costmap]: Timed out waiting for transform from base_link to odom to become available, tf error: Invalid frame ID "odom" passed to canTransform argument target_frame - frame does not exist
[controller_server-7] [INFO] [1788873539.249095758] [local_costmap.local_costmap]: Timed out waiting for transform from base_link to odom to become available, tf error: Invalid frame ID "odom" passed to canTransform argument target_frame - frame does not exist
[controller_server-7] [INFO] [1788873539.749083894] [local_costmap.local_costmap]: Timed out waiting for transform from base_link to odom to become available, tf error: Invalid frame ID "odom" passed to canTransform argument target_frame - frame does not exist
[controller_server-7] [INFO] [1788873540.249095035] [local_costmap.local_costmap]: Timed out waiting for transform from base_link to odom to become available, tf error: Invalid frame ID "odom" passed to canTransform argument target_frame - frame does not exist
[controller_server-7] [INFO] [1788873540.749083126] [local_costmap.local_costmap]: Timed out waiting for transform from base_link to odom to become available, tf error: Invalid frame ID "odom" passed to canTransform argument target_frame - frame does not exist
[controller_server-7] [INFO] [1788873541.249081975] [local_costmap.local_costmap]: Timed out waiting for transform from base_link to odom to become available, tf error: Invalid frame ID "odom" passed to canTransform argument target_frame - frame does not exist
[controller_server-7] [INFO] [1788873541.749081139] [local_costmap.local_costmap]: Timed out waiting for transform from base_link to odom to become available, tf error: Invalid frame ID "odom" passed to canTransform argument target_frame - frame does not exist
[controller_server-7] [INFO] [1788873542.249084512] [local_costmap.local_costmap]: Timed out waiting for transform from base_link to odom to become available, tf error: Invalid frame ID "odom" passed to canTransform argument target_frame - frame does not exist
[controller_server-7] [INFO] [1788873542.749094046] [local_costmap.local_costmap]: Timed out waiting for transform from base_link to odom to become available, tf error: Invalid frame ID "odom" passed to canTransform argument target_frame - frame does not exist
[python-1] [4.119s] [ext: omni.kit.window.preferences-1.8.0] startup
[python-1] [4.127s] [ext: omni.kit.widget.material_preview-1.0.16] startup
[python-1] [4.130s] [ext: omni.graph-1.141.2] startup
[python-1] [4.204s] [ext: omni.kit.window.material_graph-1.9.1] startup
[python-1] [4.222s] [ext: omni.isaac.dynamic_control-2.0.7] startup
[python-1] 2026-09-08T13:18:57Z [4,168ms] [Warning] [omni.isaac.dynamic_control] omni.isaac.dynamic_control is deprecated as of Isaac Sim 4.5. No action is needed from end-users.
[python-1] [4.232s] [ext: isaacsim.storage.native-1.5.1] startup
[python-1] [4.239s] [ext: omni.graph.scriptnode-1.50.0] startup
[python-1] [4.244s] [ext: omni.hydra.engine.stats-1.0.3] startup
[python-1] [4.254s] [ext: omni.kit.viewport.legacy_gizmos-1.0.19] startup
[python-1] [4.259s] [ext: omni.kit.raycast.query-1.1.0] startup
[python-1] [4.269s] [ext: omni.graph.action_core-1.1.7] startup
[python-1] [4.278s] [ext: omni.kit.viewport.scene_camera_model-1.0.6] startup
[python-1] [4.287s] [ext: omni.graph.image.core-0.6.1] startup
[python-1] [4.289s] [ext: omni.kit.widget.viewport-107.1.3] startup
[python-1] [4.305s] [ext: omni.kit.viewport.registry-104.0.6] startup
[python-1] [4.312s] [ext: omni.usd.metrics.assembler-107.3.1] startup
[python-1] [4.335s] [ext: omni.kit.viewport.window-107.2.0] startup
[python-1] [4.379s] [ext: omni.kit.viewport.menubar.core-107.2.1] startup
[python-1] [4.404s] [ext: omni.graph.image.nodes-1.3.1] startup
[python-1] [4.407s] [ext: omni.usd.metrics.assembler.physics-107.3.26] startup
[python-1] [4.410s] [ext: omni.warp.core-1.8.2] startup
[python-1] [4.796s] [ext: omni.kit.viewport.utility-1.1.2] startup
[python-1] [4.800s] [ext: omni.physics.tensors-107.3.26] startup
[python-1] [4.811s] [ext: omni.syntheticdata-0.6.13] startup
[python-1] [4.855s] [ext: isaacsim.test.docstring-1.1.0] startup
[python-1] [4.870s] [ext: isaacsim.core.utils-3.5.1] startup
[python-1] [4.878s] [ext: omni.physx.tensors-107.3.26] startup
[python-1] [4.887s] [ext: omni.graph.nodes-1.170.10] startup
[python-1] [4.907s] [ext: omni.graph.action_nodes-1.50.4] startup
[python-1] [4.913s] [ext: omni.kit.primitive.mesh-1.0.17] startup
[python-1] [4.951s] [ext: isaacsim.core.simulation_manager-1.4.4] startup
[python-1] [7.882s] [ext: omni.graph.ui_nodes-1.50.5] startup
[python-1] [7.897s] [ext: omni.graph.action-1.130.0] startup
[python-1] [7.902s] [ext: omni.kit.stage_templates-2.0.0] startup
[python-1] [7.915s] [ext: isaacsim.core.prims-0.6.1] startup
[python-1] [7.980s] [ext: omni.warp-1.8.2] startup
[python-1] [8.000s] [ext: omni.videoencoding-0.1.2] startup
[python-1] [8.007s] [ext: isaacsim.core.api-4.8.0] startup
[python-1] [8.047s] [ext: isaacsim.core.experimental.utils-0.3.0] startup
[python-1] [8.082s] [ext: omni.replicator.core-1.12.27] startup
[python-1] 2026-09-08T13:19:01Z [8,188ms] [Warning] [pxr.Semantics] pxr.Semantics is deprecated - please use Semantics instead
[python-1] 2026-09-08T13:19:01Z [8,440ms] [Warning] [omni.graph.core.plugin] Found duplicate of category 'Replicator' - was 'Annotators', adding 'Fabric Reader'
[python-1] 2026-09-08T13:19:01Z [8,440ms] [Warning] [omni.graph.core.plugin] Category 'Replicator' not accepted on node type 'omni.replicator.core.FabricReader' in extension 'omni.replicator.core'
[python-1] 2026-09-08T13:19:01Z [8,442ms] [Warning] [omni.replicator.core.scripts.extension] No material configuration file, adding configuration to material settings directly.
[python-1] [8.512s] [ext: isaacsim.core.experimental.prims-0.8.1] startup
[python-1] [8.603s] [ext: omni.kit.window.extensions-1.4.27] startup
[python-1] [8.649s] [ext: isaacsim.core.experimental.objects-0.4.0] startup
[python-1] [8.708s] [ext: omni.ui_query-1.1.8] startup
[python-1] [8.727s] [ext: omni.kit.manipulator.viewport-107.0.1] startup
[python-1] [8.749s] [ext: isaacsim.robot.surface_gripper-3.3.1] startup
[python-1] [8.795s] [ext: omni.kit.ui_test-1.3.7] startup
[python-1] [8.820s] [ext: omni.graph.visualization.nodes-2.1.3] startup
[python-1] [9.168s] [ext: isaacsim.robot_motion.lula-4.0.8] startup
[python-1] [9.230s] [ext: isaacsim.core.nodes-3.4.3] startup
[python-1] [9.729s] [ext: isaacsim.gui.components-1.2.1] startup
[python-1] [9.887s] [ext: isaacsim.robot_motion.motion_generation-8.0.26] startup
[python-1] [10.013s] [ext: isaacsim.robot.manipulators-3.3.6] startup
[python-1] [10.056s] [ext: isaacsim.core.experimental.materials-0.4.0] startup
[python-1] [10.146s] [ext: isaacsim.robot.manipulators.examples-1.1.2] startup
[python-1] [10.187s] [ext: isaacsim.cortex.framework-1.0.12] startup
[python-1] [10.209s] [ext: isaacsim.cortex.behaviors-2.0.14] startup
[python-1] [10.219s] [ext: omni.isaac.cortex.sample_behaviors-2.0.5] startup
[python-1] 2026-09-08T13:19:03Z [10,178ms] [Warning] [omni.isaac.cortex] omni.isaac.cortex has been deprecated in favor of isaacsim.cortex.framework. Please update your code accordingly.
[controller_server-7] [INFO] [1788873543.249100470] [local_costmap.local_costmap]: Timed out waiting for transform from base_link to odom to become available, tf error: Invalid frame ID "odom" passed to canTransform argument target_frame - frame does not exist
[python-1] 2026-09-08T13:19:03Z [10,180ms] [Warning] [omni.isaac.cortex.sample_behaviors] omni.isaac.cortex.sample_behaviors has been deprecated in favor of isaacsim.cortex.behaviors. Please update your code accordingly.
[python-1] [10.244s] [ext: omni.kit.widget.zoombar-1.0.6] startup
[python-1] [10.263s] [ext: isaacsim.gui.content_browser-0.1.11] startup
[python-1] [10.277s] [ext: omni.kit.browser.core-2.3.13] startup
[python-1] [10.314s] [ext: omni.kit.widget.stage_icons-1.0.8] startup
[python-1] [10.331s] [ext: omni.kit.widget.prompt-1.0.7] startup
[python-1] [10.358s] [ext: omni.kit.usd.collect-2.4.5] startup
[python-1] [10.371s] [ext: omni.kit.browser.folder.core-1.10.9] startup
[python-1] [10.389s] [ext: omni.kit.window.stage-2.6.1] startup
[python-1] [10.401s] [ext: omni.kit.usdz_export-1.0.9] startup
[python-1] [10.408s] [ext: omni.kit.tool.collect-2.2.18] startup
[python-1] [10.414s] [ext: omni.kit.menu.stage-1.2.7] startup
[python-1] [10.418s] [ext: omni.kit.tool.asset_importer-4.3.2] startup
[python-1] [10.432s] [ext: isaacsim.robot.wheeled_robots-4.0.24] startup
[python-1] [10.445s] [ext: isaacsim.examples.browser-0.2.1] startup
[python-1] [10.460s] [ext: isaacsim.asset.importer.urdf-2.4.30] startup
[python-1] [10.603s] [ext: omni.isaac.wheeled_robots-3.0.7] startup
[python-1] 2026-09-08T13:19:03Z [10,540ms] [Warning] [omni.isaac.wheeled_robots] omni.isaac.wheeled_robots has been deprecated in favor of isaacsim.robot.wheeled_robots. Please update your code accordingly.
[python-1] 2026-09-08T13:19:03Z [10,541ms] [Warning] [omni.isaac.wheeled_robots.controllers] omni.isaac.wheeled_robots has been deprecated in favor of isaacsim.robot.wheeled_robots. Please update your code accordingly.
[python-1] 2026-09-08T13:19:03Z [10,541ms] [Warning] [omni.isaac.wheeled_robots.controllers.ackermann_controller] omni.isaac.wheeled_robots has been deprecated in favor of isaacsim.robot.wheeled_robots. Please update your code accordingly.
[python-1] 2026-09-08T13:19:03Z [10,547ms] [Warning] [omni.isaac.wheeled_robots.controllers.differential_controller] omni.isaac.wheeled_robots has been deprecated in favor of isaacsim.robot.wheeled_robots. Please update your code accordingly.
[python-1] 2026-09-08T13:19:03Z [10,547ms] [Warning] [omni.isaac.wheeled_robots.controllers.holonomic_controller] omni.isaac.wheeled_robots has been deprecated in favor of isaacsim.robot.wheeled_robots. Please update your code accordingly.
[python-1] 2026-09-08T13:19:03Z [10,548ms] [Warning] [omni.isaac.wheeled_robots.controllers.quintic_path_planner] omni.isaac.wheeled_robots has been deprecated in favor of isaacsim.robot.wheeled_robots. Please update your code accordingly.
[python-1] 2026-09-08T13:19:03Z [10,549ms] [Warning] [omni.isaac.wheeled_robots.controllers.stanley_control] omni.isaac.wheeled_robots has been deprecated in favor of isaacsim.robot.wheeled_robots. Please update your code accordingly.
[python-1] 2026-09-08T13:19:03Z [10,549ms] [Warning] [omni.isaac.wheeled_robots.controllers.wheel_base_pose_controller] omni.isaac.wheeled_robots has been deprecated in favor of isaacsim.robot.wheeled_robots. Please update your code accordingly.
[python-1] 2026-09-08T13:19:03Z [10,549ms] [Warning] [omni.isaac.wheeled_robots.impl] omni.isaac.wheeled_robots has been deprecated in favor of isaacsim.robot.wheeled_robots. Please update your code accordingly.
[python-1] 2026-09-08T13:19:03Z [10,550ms] [Warning] [omni.isaac.wheeled_robots.robots] omni.isaac.wheeled_robots has been deprecated in favor of isaacsim.robot.wheeled_robots. Please update your code accordingly.
[python-1] 2026-09-08T13:19:03Z [10,550ms] [Warning] [omni.isaac.wheeled_robots.robots.holonomic_robot_usd_setup] omni.isaac.wheeled_robots has been deprecated in favor of isaacsim.robot.wheeled_robots. Please update your code accordingly.
[python-1] 2026-09-08T13:19:03Z [10,550ms] [Warning] [omni.isaac.wheeled_robots.robots.wheeled_robot] omni.isaac.wheeled_robots has been deprecated in favor of isaacsim.robot.wheeled_robots. Please update your code accordingly.
[python-1] [10.615s] [ext: isaacsim.simulation_app-2.12.2] startup
[python-1] [10.616s] [ext: omni.isaac.franka-1.0.7] startup
[python-1] 2026-09-08T13:19:03Z [10,561ms] [Warning] [omni.isaac.franka] omni.isaac.franka has been deprecated in favor of isaacsim.robot.manipulators.examples.franka. Please update your code accordingly.
[python-1] 2026-09-08T13:19:03Z [10,562ms] [Warning] [omni.isaac.franka.franka] omni.isaac.franka has been deprecated in favor of isaacsim.robot.manipulators.examples.franka. Please update your code accordingly.
[controller_server-7] [INFO] [1788873543.749097218] [local_costmap.local_costmap]: Timed out waiting for transform from base_link to odom to become available, tf error: Invalid frame ID "odom" passed to canTransform argument target_frame - frame does not exist
[python-1] 2026-09-08T13:19:03Z [10,624ms] [Warning] [omni.isaac.franka.kinematics_solver] omni.isaac.franka has been deprecated in favor of isaacsim.robot.manipulators.examples.franka. Please update your code accordingly.
[python-1] [10.688s] [ext: omni.isaac.kit-2.0.6] startup
[python-1] 2026-09-08T13:19:03Z [10,638ms] [Warning] [omni.isaac.kit] omni.isaac.kit has been deprecated in favor of isaacsim.simulation_app. Please update your code accordingly.
[python-1] [10.703s] [ext: omni.kit.selection-0.1.6] startup
[python-1] [10.722s] [ext: omni.isaac.lula-4.0.6] startup
[python-1] 2026-09-08T13:19:03Z [10,680ms] [Warning] [omni.isaac.lula] omni.isaac.lula has been deprecated in favor of isaacsim.robot_motion.lula. Please update your code accordingly.
[python-1] [10.745s] [ext: isaacsim.robot_motion.lula_test_widget-1.0.12] startup
[python-1] [10.753s] [ext: isaacsim.asset.browser-1.3.23] startup
[python-1] [10.924s] [ext: omni.kit.viewport.actions-107.0.2] startup
[python-1] [10.938s] [ext: isaacsim.gui.menu-2.4.4] startup
[python-1] [10.951s] [ext: omni.isaac.manipulators-3.0.7] startup
[python-1] 2026-09-08T13:19:03Z [10,895ms] [Warning] [omni.isaac.manipulators] omni.isaac.manipulators has been deprecated in favor of isaacsim.robot.manipulators. Please update your code accordingly.
[python-1] 2026-09-08T13:19:03Z [10,895ms] [Warning] [omni.isaac.manipulators.controllers] omni.isaac.manipulators has been deprecated in favor of isaacsim.robot.manipulators. Please update your code accordingly.
[python-1] 2026-09-08T13:19:03Z [10,895ms] [Warning] [omni.isaac.manipulators.controllers.pick_place_controller] omni.isaac.manipulators has been deprecated in favor of isaacsim.robot.manipulators. Please update your code accordingly.
[python-1] 2026-09-08T13:19:03Z [10,896ms] [Warning] [omni.isaac.manipulators.controllers.stacking_controller] omni.isaac.manipulators has been deprecated in favor of isaacsim.robot.manipulators. Please update your code accordingly.
[python-1] 2026-09-08T13:19:03Z [10,897ms] [Warning] [omni.isaac.manipulators.grippers] omni.isaac.manipulators has been deprecated in favor of isaacsim.robot.manipulators. Please update your code accordingly.
[python-1] 2026-09-08T13:19:03Z [10,897ms] [Warning] [omni.isaac.manipulators.grippers.gripper] omni.isaac.manipulators has been deprecated in favor of isaacsim.robot.manipulators. Please update your code accordingly.
[python-1] 2026-09-08T13:19:03Z [10,897ms] [Warning] [omni.isaac.manipulators.grippers.parallel_gripper] omni.isaac.manipulators has been deprecated in favor of isaacsim.robot.manipulators. Please update your code accordingly.
[python-1] 2026-09-08T13:19:03Z [10,897ms] [Warning] [omni.isaac.manipulators.grippers.surface_gripper] omni.isaac.manipulators has been deprecated in favor of isaacsim.robot.manipulators. Please update your code accordingly.
[python-1] 2026-09-08T13:19:03Z [10,898ms] [Warning] [omni.isaac.manipulators.manipulators] omni.isaac.manipulators has been deprecated in favor of isaacsim.robot.manipulators. Please update your code accordingly.
[python-1] 2026-09-08T13:19:03Z [10,898ms] [Warning] [omni.isaac.manipulators.manipulators.single_manipulator] omni.isaac.manipulators has been deprecated in favor of isaacsim.robot.manipulators. Please update your code accordingly.
[python-1] [10.962s] [ext: omni.isaac.lula_test_widget-1.0.6] startup
[python-1] 2026-09-08T13:19:03Z [10,907ms] [Warning] [omni.isaac.lula_test_widget] omni.isaac.lula_test_widget has been deprecated in favor of isaacsim.robot_motion.lula_test_widget. Please update your code accordingly.
[python-1] [10.971s] [ext: omni.isaac.asset_browser-1.0.6] startup
[python-1] 2026-09-08T13:19:03Z [10,907ms] [Warning] [omni.isaac.asset_browser] omni.isaac.asset_browser has been deprecated in favor of isaacsim.asset.browser. Please update your code accordingly.
[python-1] [10.978s] [ext: omni.kit.viewport.menubar.display-107.0.3] startup
[python-1] [11.003s] [ext: omni.isaac.menu-1.0.6] startup
[python-1] 2026-09-08T13:19:03Z [10,950ms] [Warning] [omni.isaac.menu] omni.isaac.menu has been deprecated in favor of isaacsim.gui.menu. Please update your code accordingly.
[python-1] [11.015s] [ext: omni.isaac.motion_generation-8.0.7] startup
[python-1] 2026-09-08T13:19:03Z [10,959ms] [Warning] [omni.isaac.motion_generation] omni.isaac.motion_generation has been deprecated in favor of isaacsim.robot_motion.motion_generation. Please update your code accordingly.
[python-1] 2026-09-08T13:19:03Z [10,959ms] [Warning] [omni.isaac.motion_generation.articulation_kinematics_solver] omni.isaac.motion_generation has been deprecated in favor of isaacsim.robot_motion.motion_generation. Please update your code accordingly.
[python-1] 2026-09-08T13:19:03Z [10,960ms] [Warning] [omni.isaac.motion_generation.articulation_motion_policy] omni.isaac.motion_generation has been deprecated in favor of isaacsim.robot_motion.motion_generation. Please update your code accordingly.
[python-1] 2026-09-08T13:19:03Z [10,967ms] [Warning] [omni.isaac.motion_generation.articulation_trajectory] omni.isaac.motion_generation has been deprecated in favor of isaacsim.robot_motion.motion_generation. Please update your code accordingly.
[python-1] 2026-09-08T13:19:03Z [10,967ms] [Warning] [omni.isaac.motion_generation.kinematics_interface] omni.isaac.motion_generation has been deprecated in favor of isaacsim.robot_motion.motion_generation. Please update your code accordingly.
[python-1] 2026-09-08T13:19:03Z [10,968ms] [Warning] [omni.isaac.motion_generation.lula] omni.isaac.motion_generation has been deprecated in favor of isaacsim.robot_motion.motion_generation. Please update your code accordingly.
[python-1] 2026-09-08T13:19:03Z [10,968ms] [Warning] [omni.isaac.motion_generation.lula.kinematics] omni.isaac.motion_generation has been deprecated in favor of isaacsim.robot_motion.motion_generation. Please update your code accordingly.
[python-1] 2026-09-08T13:19:03Z [10,969ms] [Warning] [omni.isaac.motion_generation.lula.motion_policies] omni.isaac.motion_generation has been deprecated in favor of isaacsim.robot_motion.motion_generation. Please update your code accordingly.
[python-1] 2026-09-08T13:19:03Z [10,969ms] [Warning] [omni.isaac.motion_generation.lula.path_planners] omni.isaac.motion_generation has been deprecated in favor of isaacsim.robot_motion.motion_generation. Please update your code accordingly.
[python-1] 2026-09-08T13:19:03Z [10,969ms] [Warning] [omni.isaac.motion_generation.lula.trajectory_generator] omni.isaac.motion_generation has been deprecated in favor of isaacsim.robot_motion.motion_generation. Please update your code accordingly.
[python-1] 2026-09-08T13:19:03Z [10,970ms] [Warning] [omni.isaac.motion_generation.motion_policy_controller] omni.isaac.motion_generation has been deprecated in favor of isaacsim.robot_motion.motion_generation. Please update your code accordingly.
[python-1] 2026-09-08T13:19:03Z [10,970ms] [Warning] [omni.isaac.motion_generation.motion_policy_interface] omni.isaac.motion_generation has been deprecated in favor of isaacsim.robot_motion.motion_generation. Please update your code accordingly.
[python-1] 2026-09-08T13:19:03Z [10,971ms] [Warning] [omni.isaac.motion_generation.path_planner_visualizer] omni.isaac.motion_generation has been deprecated in favor of isaacsim.robot_motion.motion_generation. Please update your code accordingly.
[python-1] 2026-09-08T13:19:03Z [10,971ms] [Warning] [omni.isaac.motion_generation.path_planning_interface] omni.isaac.motion_generation has been deprecated in favor of isaacsim.robot_motion.motion_generation. Please update your code accordingly.
[python-1] 2026-09-08T13:19:03Z [10,971ms] [Warning] [omni.isaac.motion_generation.trajectory] omni.isaac.motion_generation has been deprecated in favor of isaacsim.robot_motion.motion_generation. Please update your code accordingly.
[python-1] 2026-09-08T13:19:03Z [10,972ms] [Warning] [omni.isaac.motion_generation.world_interface] omni.isaac.motion_generation has been deprecated in favor of isaacsim.robot_motion.motion_generation. Please update your code accordingly.
[python-1] [11.037s] [ext: omni.isaac.assets_check-0.3.13] startup
[python-1] 2026-09-08T13:19:03Z [10,980ms] [Warning] [omni.isaac.assets_check] omni.isaac.assets_check has been deprecated in favor of isaacsim.asset.browser. Please update your code accordingly.
[python-1] [11.044s] [ext: isaacsim.gui.sensors.icon-2.0.3] startup
[python-1] [11.097s] [ext: isaacsim.asset.importer.mjcf-2.5.13] startup
[python-1] [11.108s] [ext: omni.sensors.nv.common-3.0.0] startup
[python-1] [11.124s] [ext: isaacsim.sensors.physics-0.4.3] startup
[python-1] [11.133s] [ext: omni.sensors.net-1.0.0] startup
[python-1] [11.143s] [ext: omni.isaac.nucleus-1.0.6] startup
[python-1] 2026-09-08T13:19:03Z [11,082ms] [Warning] [omni.isaac.nucleus] omni.isaac.nucleus has been deprecated in favor of isaacsim.storage.native. Please update your code accordingly.
[python-1] 2026-09-08T13:19:03Z [11,082ms] [Warning] [omni.isaac.nucleus.nucleus] omni.isaac.nucleus.nucleus has been deprecated in favor of isaacsim.storage.native. Please update your code accordingly.
[python-1] [11.146s] [ext: omni.sensors.nv.materials-2.0.0] startup
[python-1] [11.157s] [ext: isaacsim.robot.policy.examples-4.1.11] startup
[python-1] [11.163s] [ext: omni.sensors.nv.wpm-3.0.0] startup
[python-1] [11.171s] [ext: omni.sensors.nv.lidar-3.0.0] startup
[python-1] [11.207s] [ext: isaacsim.util.debug_draw-3.1.0] startup
[python-1] [11.224s] [ext: omni.sensors.nv.radar-3.0.0] startup
[python-1] [11.238s] [ext: omni.sensors.nv.ids-2.0.0] startup
[python-1] [11.243s] [ext: isaacsim.core.cloner-1.4.10] startup
[python-1] [11.248s] [ext: isaacsim.sensors.physx-2.3.2] startup
[python-1] [11.257s] [ext: isaacsim.sensors.rtx-15.8.4] startup
[python-1] [11.274s] [ext: isaacsim.sensors.camera-1.3.6] startup
[python-1] [11.293s] [ext: omni.isaac.quadruped-3.0.7] startup
[python-1] 2026-09-08T13:19:04Z [11,237ms] [Warning] [omni.isaac.quadruped] omni.isaac.quadruped has been deprecated in favor of isaacsim.robot.policy.examples. Please update your code accordingly.
[python-1] [11.309s] [ext: omni.isaac.cloner-1.0.7] startup
[python-1] 2026-09-08T13:19:04Z [11,252ms] [Warning] [omni.isaac.cloner] omni.isaac.cloner has been deprecated in favor of isaacsim.core.cloner. Please update your code accordingly.
[python-1] [11.318s] [ext: omni.isaac.range_sensor-4.0.6] startup
[python-1] 2026-09-08T13:19:04Z [11,273ms] [Warning] [omni.isaac.range_sensor] omni.isaac.range_sensor has been deprecated in favor of isaacsim.sensors.physx. Please update your code accordingly.
[python-1] 2026-09-08T13:19:04Z [11,282ms] [Warning] [omni.isaac.range_sensor.commands] omni.isaac.range_sensor.commands has been deprecated in favor of isaacsim.sensors.physx.commands. Please update your code accordingly.
[python-1] [11.362s] [ext: omni.isaac.sensor-13.0.7] startup
[python-1] 2026-09-08T13:19:04Z [11,306ms] [Warning] [omni.isaac.sensor] omni.isaac.sensor has been deprecated in favor of isaacsim.sensors.camera, isaacsim.sensors.physics, isaacsim.sensors.physx, and isaacsim.sensors.rtx. Please update your code accordingly.
[python-1] 2026-09-08T13:19:04Z [11,307ms] [Warning] [omni.isaac.sensor.camera] omni.isaac.sensor.camera has been deprecated in favor of isaacsim.sensors.camera.camera. Please update your code accordingly.
[python-1] 2026-09-08T13:19:04Z [11,313ms] [Warning] [omni.isaac.sensor.camera_view] omni.isaac.sensor.camera_view has been deprecated in favor of isaacsim.sensors.camera.camera_view. Please update your code accordingly.
[python-1] 2026-09-08T13:19:04Z [11,314ms] [Warning] [omni.isaac.sensor.commands] omni.isaac.sensor.commands has been deprecated in favor of isaacsim.sensors.physics.commands, isaacsim.sensors.physx.commands, and isaacsim.sensors.rtx.commands. Please update your code accordingly.
[python-1] 2026-09-08T13:19:04Z [11,315ms] [Warning] [omni.isaac.sensor.contact_sensor] omni.isaac.sensor.contact_sensor has been deprecated in favor of isaacsim.sensors.physics.contact_sensor. Please update your code accordingly.
[python-1] 2026-09-08T13:19:04Z [11,316ms] [Warning] [omni.isaac.sensor.imu_sensor] omni.isaac.sensor.imu_sensor has been deprecated in favor of isaacsim.sensors.physics.imu_sensor. Please update your code accordingly.
[python-1] 2026-09-08T13:19:04Z [11,317ms] [Warning] [omni.isaac.sensor.lidar_rtx] omni.isaac.sensor.lidar_rtx has been deprecated in favor of isaacsim.sensors.rtx.lidar_rtx. Please update your code accordingly.
[python-1] 2026-09-08T13:19:04Z [11,317ms] [Warning] [omni.isaac.sensor.rotating_lidar_physX] omni.isaac.sensor.imu_sensor has been deprecated in favor of isaacsim.sensors.physix.rotating_lidar_physX. Please update your code accordingly.
[python-1] 2026-09-08T13:19:04Z [11,319ms] [Warning] [omni.isaac.sensor.scripts.samples.contact_sensor] omni.isaac.sensor.scripts.samples.contact_sensor has been deprecated in favor of isaacsim.sensors.physics.scripts.samples.contact_sensor. Please update your code accordingly.
[python-1] 2026-09-08T13:19:04Z [11,319ms] [Warning] [omni.isaac.sensor.scripts.samples.imu_sensor] omni.isaac.sensor.scripts.samples.imu_sensor has been deprecated in favor of isaacsim.sensors.physics.scripts.samples.imu_sensor. Please update your code accordingly.
[python-1] 2026-09-08T13:19:04Z [11,320ms] [Warning] [omni.isaac.sensor.scripts.samples.lightbeam_sensor] omni.isaac.sensor.scripts.samples.lightbeam_sensor has been deprecated in favor of isaacsim.sensors.physx.scripts.samples.lightbeam_sensor. Please update your code accordingly.
[controller_server-7] [INFO] [1788873544.249096768] [local_costmap.local_costmap]: Timed out waiting for transform from base_link to odom to become available, tf error: Invalid frame ID "odom" passed to canTransform argument target_frame - frame does not exist
[python-1] [11.385s] [ext: omni.kit.menu.create-2.0.1] startup
[python-1] [11.400s] [ext: omni.kit.widget.toolbar-2.0.1] startup
[python-1] [11.444s] [ext: omni.kit.manipulator.transform-107.0.0] startup
[python-1] [11.459s] [ext: omni.isaac.core-4.0.7] startup
[python-1] 2026-09-08T13:19:04Z [11,399ms] [Warning] [omni.isaac.core.physics_context.physics_context] omni.isaac.core.physics_context.physics_context has been deprecated in favor of isaacsim.core.api.physics_context.physics_context. Please update your code accordingly.
[python-1] 2026-09-08T13:19:04Z [11,399ms] [Warning] [omni.isaac.core.simulation_context.simulation_context] omni.isaac.core.simulation_context.simulation_context has been deprecated in favor of isaacsim.core.api.simulation_context.simulation_context. Please update your code accordingly.
[python-1] 2026-09-08T13:19:04Z [11,400ms] [Warning] [omni.isaac.core.world.world] omni.isaac.core.world.world has been deprecated in favor of isaacsim.core.api.world.world. Please update your code accordingly.
[python-1] 2026-09-08T13:19:04Z [11,400ms] [Warning] [omni.isaac.core] omni.isaac.core has been deprecated in favor of isaacsim.core.api. Please update your code accordingly.
[python-1] [11.464s] [ext: omni.kit.scripting-107.3.2] startup
[python-1] [11.480s] [ext: omni.kit.manipulator.tool.snap-1.5.13] startup
[python-1] [11.495s] [ext: omni.kit.manipulator.selector-1.1.3] startup
[python-1] [11.501s] [ext: isaacsim.app.about-2.0.11] startup
[python-1] [11.515s] [ext: isaacsim.replicator.behavior-1.1.16] startup
[python-1] [11.518s] [ext: omni.kit.viewport.manipulator.transform-107.0.4] startup
[python-1] [11.523s] [ext: omni.isaac.window.about-2.0.7] startup
[python-1] 2026-09-08T13:19:04Z [11,465ms] [Warning] [omni.isaac.window.about] omni.isaac.window.about has been deprecated in favor of isaacsim.app.about. Please update your code accordingly.
[python-1] 2026-09-08T13:19:04Z [11,465ms] [Warning] [omni.isaac.window.about.about] omni.isaac.window.about.about has been deprecated in favor of isaacsim.app.about.about. Please update your code accordingly.
[python-1] [11.529s] [ext: omni.fabric.commands-1.1.6] startup
[python-1] [11.538s] [ext: omni.kit.manipulator.prim.core-107.0.8] startup
[python-1] [11.553s] [ext: omni.kit.property.audio-1.0.16] startup
[python-1] [11.562s] [ext: omni.kit.property.camera-1.0.10] startup
[python-1] [11.567s] [ext: omni.kit.property.geometry-2.0.4] startup
[python-1] [11.576s] [ext: omni.hydra.scene_api-0.1.2] startup
[python-1] [11.587s] [ext: omni.kit.property.light-1.0.12] startup
[python-1] [11.620s] [ext: omni.kit.manipulator.prim.fabric-107.0.4] startup
[python-1] [11.625s] [ext: omni.kit.manipulator.prim.usd-107.0.3] startup
[python-1] [11.630s] [ext: omni.kit.property.material-1.11.9] startup
[python-1] [11.642s] [ext: omni.kit.property.render-1.2.1] startup
[python-1] [11.647s] [ext: omni.kit.property.transform-1.5.13] startup
[python-1] [11.656s] [ext: isaacsim.gui.property-1.1.3] startup
[python-1] [11.662s] [ext: omni.kit.manipulator.camera-106.0.4] startup
[python-1] [11.676s] [ext: omni.kit.manipulator.prim-107.0.0] startup
[python-1] [11.676s] [ext: omni.isaac.surface_gripper-2.0.6] startup
[python-1] 2026-09-08T13:19:04Z [11,613ms] [Warning] [omni.isaac.surface_gripper] omni.isaac.surface_gripper has been deprecated in favor of isaacsim.robot.surface_gripper. Please update your code accordingly.
[python-1] [11.677s] [ext: omni.kit.manipulator.selection-106.0.1] startup
[python-1] [11.685s] [ext: omni.kit.property.bundle-1.4.1] startup
[python-1] [11.689s] [ext: omni.kit.property.isaac-1.0.6] startup
[python-1] 2026-09-08T13:19:04Z [11,636ms] [Warning] [omni.kit.property.isaac] omni.kit.property.isaac has been deprecated in favor of isaacsim.gui.property. Please update your code accordingly.
[python-1] 2026-09-08T13:19:04Z [11,636ms] [Warning] [omni.kit.property.isaac.widgets] omni.kit.property.isaac.widgets has been deprecated in favor of isaacsim.gui.property.widgets. Please update your code accordingly.
[python-1] [11.700s] [ext: omni.isaac.universal_robots-1.0.6] startup
[python-1] 2026-09-08T13:19:04Z [11,640ms] [Warning] [omni.isaac.universal_robots] omni.isaac.universal_robots has been deprecated in favor of isaacsim.robot.manipulators.examples.universal_robots. Please update your code accordingly.
[python-1] 2026-09-08T13:19:04Z [11,641ms] [Warning] [omni.isaac.universal_robots.kinematics_solver] omni.isaac.franka has been deprecated in favor of isaacsim.robot.manipulators.examples.universal_robots. Please update your code accordingly.
[controller_server-7] [INFO] [1788873544.749120019] [local_costmap.local_costmap]: Timed out waiting for transform from base_link to odom to become available, tf error: Invalid frame ID "odom" passed to canTransform argument target_frame - frame does not exist
[python-1] 2026-09-08T13:19:04Z [11,643ms] [Warning] [omni.isaac.universal_robots.ur10] omni.isaac.franka has been deprecated in favor of isaacsim.robot.manipulators.examples.universal_robots. Please update your code accordingly.
[python-1] [11.708s] [ext: omni.isaac.core_nodes-2.0.6] startup
[python-1] 2026-09-08T13:19:04Z [11,655ms] [Warning] [omni.isaac.core_nodes] omni.isaac.core_nodes has been deprecated in favor of isaacsim.core.nodes. Please update your code accordingly.
[python-1] [11.720s] [ext: omni.kit.viewport.menubar.camera-107.0.6] startup
[python-1] [11.754s] [ext: omni.kit.viewport.menubar.lighting-107.3.1] startup
[python-1] [11.763s] [ext: isaacsim.replicator.writers-1.0.17] startup
[python-1] [11.796s] [ext: omni.kit.viewport.menubar.render-107.0.10] startup
[python-1] [11.809s] [ext: omni.kit.viewport.menubar.settings-107.0.3] startup
[python-1] [11.818s] [ext: omni.kit.window.console-1.1.4] startup
[python-1] [11.827s] [ext: isaacsim.replicator.domain_randomization-1.0.16] startup
[python-1] [11.839s] [ext: isaacsim.replicator.examples-1.3.6] startup
[python-1] [11.849s] [ext: omni.ocio-0.1.1] startup
[python-1] [11.856s] [ext: omni.rtx.window.settings-0.6.19] startup
[python-1] [11.922s] [ext: omni.kit.window.status_bar-0.1.9] startup
[python-1] [11.966s] [ext: omni.kit.window.toolbar-2.0.0] startup
[python-1] [11.979s] [ext: omni.replicator.isaac-2.0.8] startup
[python-1] 2026-09-08T13:19:04Z [11,918ms] [Warning] [omni.replicator.isaac] omni.replicator.isaac has been deprecated in favor of isaacsim.replicator.domain_randomization, isaacsim.replicator.examples, isaacsim.replicator.writers. Please update your code accordingly.
[python-1] [11.983s] [ext: omni.replicator.replicator_yaml-2.0.11] startup
[python-1] [12.043s] [ext: omni.rtx.settings.core-0.6.5] startup
[python-1] [12.056s] [ext: omni.usd.metrics.assembler.ui-107.3.1] startup
[python-1] [12.087s] [ext: omni.isaac.utils-2.0.6] startup
[python-1] [12.092s] [ext: semantics.schema.editor-2.0.2] startup
[python-1] [12.108s] [ext: omni.kit.ui.actions-1.0.5] startup
[python-1] [12.113s] [ext: semantics.schema.property-2.0.1] startup
[python-1] [12.119s] [ext: omni.isaac.version-2.0.7] startup
[python-1] 2026-09-08T13:19:04Z [12,059ms] [Warning] [omni.isaac.version] omni.isaac.version has been deprecated in favor of isaacsim.core.version. Please update your code accordingly.
[python-1] [12.124s] [ext: omni.isaac.cortex-1.0.5] startup
[python-1] [12.128s] [ext: omni.anim.curve.core-1.3.1] startup
[python-1] [12.159s] [ext: isaacsim.core.throttling-2.2.2] startup
[python-1] [12.165s] [ext: omni.kit.menu.common-2.0.1] startup
[python-1] [12.171s] [ext: isaacsim.exp.base-5.1.0] startup
[python-1] [12.173s] [ext: isaacsim.exp.base.python-5.1.0] startup
[python-1] [12.177s] Simulation App Starting
[python-1] 2026-09-08T13:19:05Z [12,282ms] [Warning] [omni.fabric.plugin] Warning: attribute viewportHandle not found for bucket id 9
[python-1] 
[python-1] 2026-09-08T13:19:05Z [12,337ms] [Warning] [usdrt.population.plugin] [UsdNoticeHandler] Unhandled attribute type VtArray<std::string> (prim attribute: omni:rtx:material:db:flattener:transmittance_color)
[python-1] 2026-09-08T13:19:05Z [12,337ms] [Warning] [usdrt.population.plugin] [UsdNoticeHandler] Unhandled attribute type VtArray<std::string> (prim attribute: omni:rtx:material:db:flattener:reflection_roughness_constant)
[python-1] 2026-09-08T13:19:05Z [12,337ms] [Warning] [usdrt.population.plugin] [UsdNoticeHandler] Unhandled attribute type VtArray<std::string> (prim attribute: omni:rtx:material:db:flattener:ior_constant)
[python-1] [12.424s] app ready
[controller_server-7] [INFO] [1788873545.249099202] [local_costmap.local_costmap]: Timed out waiting for transform from base_link to odom to become available, tf error: Invalid frame ID "odom" passed to canTransform argument target_frame - frame does not exist
[controller_server-7] [INFO] [1788873545.749113610] [local_costmap.local_costmap]: Timed out waiting for transform from base_link to odom to become available, tf error: Invalid frame ID "odom" passed to canTransform argument target_frame - frame does not exist
[controller_server-7] [INFO] [1788873546.249100448] [local_costmap.local_costmap]: Timed out waiting for transform from base_link to odom to become available, tf error: Invalid frame ID "odom" passed to canTransform argument target_frame - frame does not exist
[controller_server-7] [INFO] [1788873546.749122253] [local_costmap.local_costmap]: Timed out waiting for transform from base_link to odom to become available, tf error: Invalid frame ID "odom" passed to canTransform argument target_frame - frame does not exist
[controller_server-7] [INFO] [1788873547.249171588] [local_costmap.local_costmap]: Timed out waiting for transform from base_link to odom to become available, tf error: Invalid frame ID "odom" passed to canTransform argument target_frame - frame does not exist
[controller_server-7] [INFO] [1788873547.749263483] [local_costmap.local_costmap]: Timed out waiting for transform from base_link to odom to become available, tf error: Invalid frame ID "odom" passed to canTransform argument target_frame - frame does not exist
[controller_server-7] [INFO] [1788873548.249113779] [local_costmap.local_costmap]: Timed out waiting for transform from base_link to odom to become available, tf error: Invalid frame ID "odom" passed to canTransform argument target_frame - frame does not exist
[controller_server-7] [INFO] [1788873548.749097936] [local_costmap.local_costmap]: Timed out waiting for transform from base_link to odom to become available, tf error: Invalid frame ID "odom" passed to canTransform argument target_frame - frame does not exist
[controller_server-7] [INFO] [1788873549.249097327] [local_costmap.local_costmap]: Timed out waiting for transform from base_link to odom to become available, tf error: Invalid frame ID "odom" passed to canTransform argument target_frame - frame does not exist
[controller_server-7] [INFO] [1788873549.749094693] [local_costmap.local_costmap]: Timed out waiting for transform from base_link to odom to become available, tf error: Invalid frame ID "odom" passed to canTransform argument target_frame - frame does not exist
[controller_server-7] [INFO] [1788873550.249083716] [local_costmap.local_costmap]: Timed out waiting for transform from base_link to odom to become available, tf error: Invalid frame ID "odom" passed to canTransform argument target_frame - frame does not exist
[controller_server-7] [INFO] [1788873550.749097579] [local_costmap.local_costmap]: Timed out waiting for transform from base_link to odom to become available, tf error: Invalid frame ID "odom" passed to canTransform argument target_frame - frame does not exist
[python-1] Warning: Possible version incompatibility. Attempting to load omni::fabric::IStageReaderWriter with version v0.14 against v0.13.
[controller_server-7] [INFO] [1788873551.249095812] [local_costmap.local_costmap]: Timed out waiting for transform from base_link to odom to become available, tf error: Invalid frame ID "odom" passed to canTransform argument target_frame - frame does not exist
[controller_server-7] [INFO] [1788873551.749104844] [local_costmap.local_costmap]: Timed out waiting for transform from base_link to odom to become available, tf error: Invalid frame ID "odom" passed to canTransform argument target_frame - frame does not exist
[controller_server-7] [INFO] [1788873552.249098981] [local_costmap.local_costmap]: Timed out waiting for transform from base_link to odom to become available, tf error: Invalid frame ID "odom" passed to canTransform argument target_frame - frame does not exist
[controller_server-7] [INFO] [1788873552.749095729] [local_costmap.local_costmap]: Timed out waiting for transform from base_link to odom to become available, tf error: Invalid frame ID "odom" passed to canTransform argument target_frame - frame does not exist
[controller_server-7] [INFO] [1788873553.249103394] [local_costmap.local_costmap]: Timed out waiting for transform from base_link to odom to become available, tf error: Invalid frame ID "odom" passed to canTransform argument target_frame - frame does not exist
[controller_server-7] [INFO] [1788873553.749097160] [local_costmap.local_costmap]: Timed out waiting for transform from base_link to odom to become available, tf error: Invalid frame ID "odom" passed to canTransform argument target_frame - frame does not exist
[controller_server-7] [INFO] [1788873554.249184919] [local_costmap.local_costmap]: Timed out waiting for transform from base_link to odom to become available, tf error: Invalid frame ID "odom" passed to canTransform argument target_frame - frame does not exist
[controller_server-7] [INFO] [1788873554.749086548] [local_costmap.local_costmap]: Timed out waiting for transform from base_link to odom to become available, tf error: Invalid frame ID "odom" passed to canTransform argument target_frame - frame does not exist
[controller_server-7] [INFO] [1788873555.249098057] [local_costmap.local_costmap]: Timed out waiting for transform from base_link to odom to become available, tf error: Invalid frame ID "odom" passed to canTransform argument target_frame - frame does not exist
[controller_server-7] [INFO] [1788873555.749089797] [local_costmap.local_costmap]: Timed out waiting for transform from base_link to odom to become available, tf error: Invalid frame ID "odom" passed to canTransform argument target_frame - frame does not exist
[controller_server-7] [INFO] [1788873556.249108875] [local_costmap.local_costmap]: Timed out waiting for transform from base_link to odom to become available, tf error: Invalid frame ID "odom" passed to canTransform argument target_frame - frame does not exist
[controller_server-7] [INFO] [1788873556.749149627] [local_costmap.local_costmap]: Timed out waiting for transform from base_link to odom to become available, tf error: Invalid frame ID "odom" passed to canTransform argument target_frame - frame does not exist
[controller_server-7] [INFO] [1788873557.249098520] [local_costmap.local_costmap]: Timed out waiting for transform from base_link to odom to become available, tf error: Invalid frame ID "odom" passed to canTransform argument target_frame - frame does not exist
[python-1] [INFO] [1788873557.436198034] [isaac]: Ideal planar chassis enabled: physics_dt=0.016667, limits=(1.500 m/s, 2.000 rad/s), accelerations=(2.000 m/s^2, 4.000 rad/s^2)
[controller_server-7] [INFO] [1788873557.749112213] [local_costmap.local_costmap]: Timed out waiting for transform from base_link to odom to become available, tf error: Invalid frame ID "odom" passed to canTransform argument target_frame - frame does not exist
[python-1] [17.670s] Simulation App Startup Complete
[python-1] [17.713s] [ext: omni.anim.behavior.schema-107.3.0] startup
[python-1] [17.728s] [ext: omni.anim.asset-107.3.0] startup
[python-1] [17.733s] [ext: omni.debugdraw-0.1.4] startup
[python-1] [17.741s] [ext: omni.anim.retarget.core-107.3.3] startup
[python-1] [17.752s] [ext: omni.anim.graph.core-107.3.4] startup
[python-1] 2026-09-08T13:19:10Z [17,716ms] [Warning] [omni.graph.core._impl._registration.register_python_ogn] Python import process in omni.anim.graph.core failed - 'NoneType' object is not subscriptable. Aborting Python node registration
[python-1] [17.780s] [ext: omni.kit.quicklayout-1.0.8] startup
[python-1] [17.855s] [ext: omni.anim.navigation.core-107.3.8] startup
[python-1] [17.867s] [ext: omni.metropolis.utils-0.1.20] startup
[python-1] [17.953s] [ext: omni.anim.people-0.7.9] startup
[python-1] [17.981s] [ext: omni.usd.schema.scene.visualization-2.0.2] startup
[python-1] [17.989s] [ext: omni.curve.creator-107.0.1] startup
[python-1] [17.994s] [ext: omni.kit.browser.sample-1.4.9] startup
[python-1] [18.065s] [ext: omni.scene.visualization.core-107.0.2] startup
[python-1] [18.077s] [ext: omni.curve.manipulator-107.0.4] startup
[python-1] [18.174s] [ext: omni.anim.navigation.ui-107.3.6] startup
[python-1] [18.322s] [ext: omni.anim.navigation.bundle-107.3.3] startup
[python-1] [18.337s] [ext: omni.anim.timeline-107.0.0] startup
[python-1] [18.358s] [ext: omni.kit.widget.text_editor-1.1.1] startup
[python-1] [18.369s] [ext: omni.graph.ui-1.101.6] startup
[python-1] [18.466s] [ext: omni.kit.widget.imageview-1.0.4] startup
[python-1] [18.467s] [ext: omni.ramp-107.0.1] startup
[python-1] [18.726s] [ext: omni.kit.window.quicksearch-2.4.4] startup
[python-1] [18.734s] [ext: omni.genproc.core-107.0.3] startup
[python-1] [18.758s] [ext: omni.kit.graph.widget.variables-2.1.0] startup
[python-1] [18.762s] [ext: omni.graph.io-1.30.1] startup
[python-1] 2026-09-08T13:19:11Z [18,700ms] [Warning] [omni.graph.io._impl.extension] omni.graph.io is deprecated. Nodes in this extension have been moved to omni.graph.nodes. Update any dependencies accordingly.
[python-1] [18.766s] [ext: omni.graph.bundle.action-2.30.0] startup
[python-1] [18.771s] [ext: omni.kit.graph.delegate.modern-1.10.9] startup
[python-1] [18.774s] [ext: omni.anim.graph.ui-107.3.3] startup
[python-1] [18.943s] [ext: omni.anim.graph.bundle-107.3.3] startup
[python-1] [18.972s] [ext: omni.kit.preferences.animation-1.2.0] startup
[python-1] [18.982s] [ext: omni.anim.skelJoint-107.3.3] startup
[python-1] [18.997s] [ext: omni.anim.widget.timeline-0.1.14] startup
[python-1] 2026-09-08T13:19:11Z [18,942ms] [Warning] [omni.anim.widget.timeline.views.timeline_view] Could not import omni.kit.window.cursor
[python-1] [19.009s] [ext: omni.kit.widget.layers-1.8.6] startup
[python-1] [19.104s] [ext: omni.anim.retarget.preview-107.3.3] startup
[python-1] [19.235s] [ext: omni.anim.retarget.ui-107.3.3] startup
[python-1] [19.328s] [ext: omni.anim.retarget.bundle-107.3.3] startup
[python-1] 2026-09-08T13:19:14Z [21,477ms] [Warning] [omni.anim.graph.core.plugin] CharacterManager::Shutdown() called without a prior successful call to CharacterManager::Initialize().
[python-1] [21.653s] [ext: isaacsim.ros2.bridge-4.12.4] startup
[python-1] [21.769s] Attempting to load system rclpy
[python-1] [21.786s] rclpy loaded
[python-1] 2026-09-08T13:19:16Z [23,773ms] [Warning] [carb.windowing-glfw.plugin] GLFW initialization failed.
[python-1] 2026-09-08T13:19:16Z [23,774ms] [Warning] [carb] Failed to startup plugin carb.windowing-glfw.plugin (interfaces: [carb::windowing::IGLContext v1.0],[carb::windowing::IWindowing v1.5]) (impl: carb.windowing-glfw.plugin)
[python-1] 2026-09-08T13:19:16Z [23,781ms] [Warning] [carb.windowing-glfw.plugin] GLFW initialization failed.
[python-1] 2026-09-08T13:19:16Z [23,781ms] [Warning] [carb] Failed to startup plugin carb.windowing-glfw.plugin (interfaces: [carb::windowing::IGLContext v1.0],[carb::windowing::IWindowing v1.5]) (impl: carb.windowing-glfw.plugin)
[python-1] 2026-09-08T13:19:16Z [23,783ms] [Warning] [carb.windowing-glfw.plugin] GLFW initialization failed.
[python-1] 2026-09-08T13:19:16Z [23,783ms] [Warning] [carb] Failed to startup plugin carb.windowing-glfw.plugin (interfaces: [carb::windowing::IGLContext v1.0],[carb::windowing::IWindowing v1.5]) (impl: carb.windowing-glfw.plugin)
[python-1] 2026-09-08T13:19:17Z [24,863ms] [Warning] [omni.timeline.plugin] Deprecated: direct use of ITimeline callbacks is deprecated. Use ITimeline::getTimeline (Python: omni.timeline.get_timeline_interface) instead.
[python-1] 2026-09-08T13:19:18Z [25,210ms] [Warning] [omni.kit.viewport.menubar.lighting.actions] Not able to set the lighting mode, no lighting rig found for Stage Lights
[controller_server-7] [INFO] [1788873558.249093290] [local_costmap.local_costmap]: Timed out waiting for transform from base_link to odom to become available, tf error: Invalid frame ID "odom" passed to canTransform argument target_frame - frame does not exist
[scene_bridge-2] [INFO] [1788873558.553004902] [arena_scene_bridge]: SCENE_WALLS_OK count=4 world=map_empty
[controller_server-7] [INFO] [1788873558.749091775] [local_costmap.local_costmap]: Timed out waiting for transform from base_link to odom to become available, tf error: Invalid frame ID "odom" passed to canTransform argument target_frame - frame does not exist
[python-1] 2026-09-08T13:19:18Z [25,722ms] [Warning] [isaacsim.asset.importer.urdf] Creating Asset in an in-memory stage, will not create layered structure
[python-1] 2026-09-08T13:19:18Z [25,792ms] [Warning] [isaacsim.asset.importer.urdf] No mass specified for link base_link
[python-1] 2026-09-08T13:19:18Z [25,793ms] [Warning] [omni.usd] Warning: in _ReportErrors at line 3172 of /builds/omniverse/usd-ci/USD/pxr/usd/usd/stage.cpp -- In </jackal/base_link/visuals>: Unresolved reference prim path @anon:0x5cf42350c1c0:World1.usd@</visuals/base_link> introduced by @anon:0x5cf42350c1c0:World1.usd@</jackal/base_link/visuals> (recomposing stage on stage @anon:0x5cf42350c1c0:World1.usd@ <0x5cf425818780>)
[python-1] 
[python-1] 2026-09-08T13:19:18Z [25,793ms] [Warning] [omni.usd] Warning: in _ReportErrors at line 3172 of /builds/omniverse/usd-ci/USD/pxr/usd/usd/stage.cpp -- In </jackal/base_link/visuals>: Unresolved reference prim path @anon:0x5cf42350c1c0:World1.usd@</visuals/base_link> introduced by @anon:0x5cf42350c1c0:World1.usd@</jackal/base_link/visuals> (recomposing stage on stage @anon:0x5cf42350c1c0:World1.usd@ <0x5cf425818780>)
[python-1] 
[python-1] 2026-09-08T13:19:18Z [25,793ms] [Warning] [omni.usd] Warning: in _ReportErrors at line 3172 of /builds/omniverse/usd-ci/USD/pxr/usd/usd/stage.cpp -- In </jackal/base_link/visuals>: Unresolved reference prim path @anon:0x5cf42350c1c0:World1.usd@</visuals/base_link> introduced by @anon:0x5cf42350c1c0:World1.usd@</jackal/base_link/visuals> (recomposing stage on stage @anon:0x5cf42350c1c0:World1.usd@ <0x5cf425818780>)
[python-1] 
[python-1] 2026-09-08T13:19:18Z [25,794ms] [Warning] [omni.usd] Warning: in _ReportErrors at line 3172 of /builds/omniverse/usd-ci/USD/pxr/usd/usd/stage.cpp -- In </jackal/base_link/visuals>: Unresolved reference prim path @anon:0x5cf42350c1c0:World1.usd@</visuals/base_link> introduced by @anon:0x5cf42350c1c0:World1.usd@</jackal/base_link/visuals> (recomposing stage on stage @anon:0x5cf42350c1c0:World1.usd@ <0x5cf425818780>)
[python-1] 
[python-1] 2026-09-08T13:19:18Z [25,794ms] [Warning] [omni.usd] Warning: in _ReportErrors at line 3172 of /builds/omniverse/usd-ci/USD/pxr/usd/usd/stage.cpp -- In </jackal/base_link/visuals>: Unresolved reference prim path @anon:0x5cf42350c1c0:World1.usd@</visuals/base_link> introduced by @anon:0x5cf42350c1c0:World1.usd@</jackal/base_link/visuals> (recomposing stage on stage @anon:0x5cf42350c1c0:World1.usd@ <0x5cf425818780>)
[python-1] 
[python-1] 2026-09-08T13:19:18Z [25,794ms] [Warning] [omni.usd] Warning: in _ReportErrors at line 3172 of /builds/omniverse/usd-ci/USD/pxr/usd/usd/stage.cpp -- In </jackal/base_link/visuals>: Unresolved reference prim path @anon:0x5cf42350c1c0:World1.usd@</visuals/base_link> introduced by @anon:0x5cf42350c1c0:World1.usd@</jackal/base_link/visuals> (recomposing stage on stage @anon:0x5cf42350c1c0:World1.usd@ <0x5cf425818780>)
[python-1] 
[python-1] 2026-09-08T13:19:18Z [25,796ms] [Warning] [isaacsim.asset.importer.urdf] Link base_link has no colliders, and no inertia was imported; assigning a small isotropic inertia matrix
[python-1] 2026-09-08T13:19:18Z [25,864ms] [Warning] [isaacsim.asset.importer.urdf] No mass specified for link front_fender_link
[python-1] 2026-09-08T13:19:18Z [25,890ms] [Warning] [isaacsim.asset.importer.urdf] Link front_fender_link has no colliders, and no inertia was imported; assigning a small isotropic inertia matrix
[python-1] 2026-09-08T13:19:18Z [26,027ms] [Warning] [isaacsim.asset.importer.urdf] No mass specified for link imu_link
[python-1] 2026-09-08T13:19:18Z [26,028ms] [Warning] [omni.usd] Warning: in _ReportErrors at line 3172 of /builds/omniverse/usd-ci/USD/pxr/usd/usd/stage.cpp -- In </jackal/imu_link/visuals>: Unresolved reference prim path @anon:0x5cf42350c1c0:World1.usd@</visuals/imu_link> introduced by @anon:0x5cf42350c1c0:World1.usd@</jackal/imu_link/visuals> (recomposing stage on stage @anon:0x5cf42350c1c0:World1.usd@ <0x5cf425818780>)
[python-1] 
[python-1] 2026-09-08T13:19:18Z [26,028ms] [Warning] [omni.usd] Warning: in _ReportErrors at line 3172 of /builds/omniverse/usd-ci/USD/pxr/usd/usd/stage.cpp -- In </jackal/imu_link/visuals>: Unresolved reference prim path @anon:0x5cf42350c1c0:World1.usd@</visuals/imu_link> introduced by @anon:0x5cf42350c1c0:World1.usd@</jackal/imu_link/visuals> (recomposing stage on stage @anon:0x5cf42350c1c0:World1.usd@ <0x5cf425818780>)
[python-1] 
[python-1] 2026-09-08T13:19:18Z [26,028ms] [Warning] [omni.usd] Warning: in _ReportErrors at line 3172 of /builds/omniverse/usd-ci/USD/pxr/usd/usd/stage.cpp -- In </jackal/imu_link/visuals>: Unresolved reference prim path @anon:0x5cf42350c1c0:World1.usd@</visuals/imu_link> introduced by @anon:0x5cf42350c1c0:World1.usd@</jackal/imu_link/visuals> (recomposing stage on stage @anon:0x5cf42350c1c0:World1.usd@ <0x5cf425818780>)
[python-1] 
[python-1] 2026-09-08T13:19:18Z [26,028ms] [Warning] [omni.usd] Warning: in _ReportErrors at line 3172 of /builds/omniverse/usd-ci/USD/pxr/usd/usd/stage.cpp -- In </jackal/imu_link/visuals>: Unresolved reference prim path @anon:0x5cf42350c1c0:World1.usd@</visuals/imu_link> introduced by @anon:0x5cf42350c1c0:World1.usd@</jackal/imu_link/visuals> (recomposing stage on stage @anon:0x5cf42350c1c0:World1.usd@ <0x5cf425818780>)
[python-1] 
[python-1] 2026-09-08T13:19:18Z [26,028ms] [Warning] [omni.usd] Warning: in _ReportErrors at line 3172 of /builds/omniverse/usd-ci/USD/pxr/usd/usd/stage.cpp -- In </jackal/imu_link/visuals>: Unresolved reference prim path @anon:0x5cf42350c1c0:World1.usd@</visuals/imu_link> introduced by @anon:0x5cf42350c1c0:World1.usd@</jackal/imu_link/visuals> (recomposing stage on stage @anon:0x5cf42350c1c0:World1.usd@ <0x5cf425818780>)
[python-1] 
[python-1] 2026-09-08T13:19:18Z [26,028ms] [Warning] [omni.usd] Warning: in _ReportErrors at line 3172 of /builds/omniverse/usd-ci/USD/pxr/usd/usd/stage.cpp -- In </jackal/imu_link/visuals>: Unresolved reference prim path @anon:0x5cf42350c1c0:World1.usd@</visuals/imu_link> introduced by @anon:0x5cf42350c1c0:World1.usd@</jackal/imu_link/visuals> (recomposing stage on stage @anon:0x5cf42350c1c0:World1.usd@ <0x5cf425818780>)
[python-1] 
[python-1] 2026-09-08T13:19:18Z [26,030ms] [Warning] [isaacsim.asset.importer.urdf] Link imu_link has no colliders, and no inertia was imported; assigning a small isotropic inertia matrix
[python-1] 2026-09-08T13:19:18Z [26,047ms] [Warning] [isaacsim.asset.importer.urdf] No mass specified for link lidar_link
[python-1] 2026-09-08T13:19:18Z [26,086ms] [Warning] [isaacsim.asset.importer.urdf] No mass specified for link mid_mount
[python-1] 2026-09-08T13:19:18Z [26,086ms] [Warning] [omni.usd] Warning: in _ReportErrors at line 3172 of /builds/omniverse/usd-ci/USD/pxr/usd/usd/stage.cpp -- In </jackal/mid_mount/visuals>: Unresolved reference prim path @anon:0x5cf42350c1c0:World1.usd@</visuals/mid_mount> introduced by @anon:0x5cf42350c1c0:World1.usd@</jackal/mid_mount/visuals> (recomposing stage on stage @anon:0x5cf42350c1c0:World1.usd@ <0x5cf425818780>)
[python-1] 
[python-1] 2026-09-08T13:19:18Z [26,086ms] [Warning] [omni.usd] Warning: in _ReportErrors at line 3172 of /builds/omniverse/usd-ci/USD/pxr/usd/usd/stage.cpp -- In </jackal/mid_mount/visuals>: Unresolved reference prim path @anon:0x5cf42350c1c0:World1.usd@</visuals/mid_mount> introduced by @anon:0x5cf42350c1c0:World1.usd@</jackal/mid_mount/visuals> (recomposing stage on stage @anon:0x5cf42350c1c0:World1.usd@ <0x5cf425818780>)
[python-1] 
[python-1] 2026-09-08T13:19:18Z [26,086ms] [Warning] [omni.usd] Warning: in _ReportErrors at line 3172 of /builds/omniverse/usd-ci/USD/pxr/usd/usd/stage.cpp -- In </jackal/mid_mount/visuals>: Unresolved reference prim path @anon:0x5cf42350c1c0:World1.usd@</visuals/mid_mount> introduced by @anon:0x5cf42350c1c0:World1.usd@</jackal/mid_mount/visuals> (recomposing stage on stage @anon:0x5cf42350c1c0:World1.usd@ <0x5cf425818780>)
[python-1] 
[python-1] 2026-09-08T13:19:18Z [26,087ms] [Warning] [omni.usd] Warning: in _ReportErrors at line 3172 of /builds/omniverse/usd-ci/USD/pxr/usd/usd/stage.cpp -- In </jackal/mid_mount/visuals>: Unresolved reference prim path @anon:0x5cf42350c1c0:World1.usd@</visuals/mid_mount> introduced by @anon:0x5cf42350c1c0:World1.usd@</jackal/mid_mount/visuals> (recomposing stage on stage @anon:0x5cf42350c1c0:World1.usd@ <0x5cf425818780>)
[python-1] 
[python-1] 2026-09-08T13:19:18Z [26,087ms] [Warning] [omni.usd] Warning: in _ReportErrors at line 3172 of /builds/omniverse/usd-ci/USD/pxr/usd/usd/stage.cpp -- In </jackal/mid_mount/visuals>: Unresolved reference prim path @anon:0x5cf42350c1c0:World1.usd@</visuals/mid_mount> introduced by @anon:0x5cf42350c1c0:World1.usd@</jackal/mid_mount/visuals> (recomposing stage on stage @anon:0x5cf42350c1c0:World1.usd@ <0x5cf425818780>)
[python-1] 
[python-1] 2026-09-08T13:19:18Z [26,087ms] [Warning] [omni.usd] Warning: in _ReportErrors at line 3172 of /builds/omniverse/usd-ci/USD/pxr/usd/usd/stage.cpp -- In </jackal/mid_mount/visuals>: Unresolved reference prim path @anon:0x5cf42350c1c0:World1.usd@</visuals/mid_mount> introduced by @anon:0x5cf42350c1c0:World1.usd@</jackal/mid_mount/visuals> (recomposing stage on stage @anon:0x5cf42350c1c0:World1.usd@ <0x5cf425818780>)
[python-1] 
[python-1] 2026-09-08T13:19:18Z [26,089ms] [Warning] [isaacsim.asset.importer.urdf] Link mid_mount has no colliders, and no inertia was imported; assigning a small isotropic inertia matrix
[python-1] 2026-09-08T13:19:18Z [26,106ms] [Warning] [isaacsim.asset.importer.urdf] No mass specified for link front_mount
[python-1] 2026-09-08T13:19:18Z [26,107ms] [Warning] [omni.usd] Warning: in _ReportErrors at line 3172 of /builds/omniverse/usd-ci/USD/pxr/usd/usd/stage.cpp -- In </jackal/front_mount/visuals>: Unresolved reference prim path @anon:0x5cf42350c1c0:World1.usd@</visuals/front_mount> introduced by @anon:0x5cf42350c1c0:World1.usd@</jackal/front_mount/visuals> (recomposing stage on stage @anon:0x5cf42350c1c0:World1.usd@ <0x5cf425818780>)
[python-1] 
[python-1] 2026-09-08T13:19:18Z [26,107ms] [Warning] [omni.usd] Warning: in _ReportErrors at line 3172 of /builds/omniverse/usd-ci/USD/pxr/usd/usd/stage.cpp -- In </jackal/front_mount/visuals>: Unresolved reference prim path @anon:0x5cf42350c1c0:World1.usd@</visuals/front_mount> introduced by @anon:0x5cf42350c1c0:World1.usd@</jackal/front_mount/visuals> (recomposing stage on stage @anon:0x5cf42350c1c0:World1.usd@ <0x5cf425818780>)
[python-1] 
[python-1] 2026-09-08T13:19:18Z [26,107ms] [Warning] [omni.usd] Warning: in _ReportErrors at line 3172 of /builds/omniverse/usd-ci/USD/pxr/usd/usd/stage.cpp -- In </jackal/front_mount/visuals>: Unresolved reference prim path @anon:0x5cf42350c1c0:World1.usd@</visuals/front_mount> introduced by @anon:0x5cf42350c1c0:World1.usd@</jackal/front_mount/visuals> (recomposing stage on stage @anon:0x5cf42350c1c0:World1.usd@ <0x5cf425818780>)
[python-1] 
[python-1] 2026-09-08T13:19:18Z [26,107ms] [Warning] [omni.usd] Warning: in _ReportErrors at line 3172 of /builds/omniverse/usd-ci/USD/pxr/usd/usd/stage.cpp -- In </jackal/front_mount/visuals>: Unresolved reference prim path @anon:0x5cf42350c1c0:World1.usd@</visuals/front_mount> introduced by @anon:0x5cf42350c1c0:World1.usd@</jackal/front_mount/visuals> (recomposing stage on stage @anon:0x5cf42350c1c0:World1.usd@ <0x5cf425818780>)
[python-1] 
[python-1] 2026-09-08T13:19:18Z [26,107ms] [Warning] [omni.usd] Warning: in _ReportErrors at line 3172 of /builds/omniverse/usd-ci/USD/pxr/usd/usd/stage.cpp -- In </jackal/front_mount/visuals>: Unresolved reference prim path @anon:0x5cf42350c1c0:World1.usd@</visuals/front_mount> introduced by @anon:0x5cf42350c1c0:World1.usd@</jackal/front_mount/visuals> (recomposing stage on stage @anon:0x5cf42350c1c0:World1.usd@ <0x5cf425818780>)
[python-1] 
[python-1] 2026-09-08T13:19:18Z [26,107ms] [Warning] [omni.usd] Warning: in _ReportErrors at line 3172 of /builds/omniverse/usd-ci/USD/pxr/usd/usd/stage.cpp -- In </jackal/front_mount/visuals>: Unresolved reference prim path @anon:0x5cf42350c1c0:World1.usd@</visuals/front_mount> introduced by @anon:0x5cf42350c1c0:World1.usd@</jackal/front_mount/visuals> (recomposing stage on stage @anon:0x5cf42350c1c0:World1.usd@ <0x5cf425818780>)
[python-1] 
[python-1] 2026-09-08T13:19:18Z [26,109ms] [Warning] [isaacsim.asset.importer.urdf] Link front_mount has no colliders, and no inertia was imported; assigning a small isotropic inertia matrix
[python-1] 2026-09-08T13:19:18Z [26,126ms] [Warning] [isaacsim.asset.importer.urdf] No mass specified for link rear_mount
[python-1] 2026-09-08T13:19:18Z [26,127ms] [Warning] [omni.usd] Warning: in _ReportErrors at line 3172 of /builds/omniverse/usd-ci/USD/pxr/usd/usd/stage.cpp -- In </jackal/rear_mount/visuals>: Unresolved reference prim path @anon:0x5cf42350c1c0:World1.usd@</visuals/rear_mount> introduced by @anon:0x5cf42350c1c0:World1.usd@</jackal/rear_mount/visuals> (recomposing stage on stage @anon:0x5cf42350c1c0:World1.usd@ <0x5cf425818780>)
[python-1] 
[python-1] 2026-09-08T13:19:18Z [26,127ms] [Warning] [omni.usd] Warning: in _ReportErrors at line 3172 of /builds/omniverse/usd-ci/USD/pxr/usd/usd/stage.cpp -- In </jackal/rear_mount/visuals>: Unresolved reference prim path @anon:0x5cf42350c1c0:World1.usd@</visuals/rear_mount> introduced by @anon:0x5cf42350c1c0:World1.usd@</jackal/rear_mount/visuals> (recomposing stage on stage @anon:0x5cf42350c1c0:World1.usd@ <0x5cf425818780>)
[python-1] 
[python-1] 2026-09-08T13:19:18Z [26,127ms] [Warning] [omni.usd] Warning: in _ReportErrors at line 3172 of /builds/omniverse/usd-ci/USD/pxr/usd/usd/stage.cpp -- In </jackal/rear_mount/visuals>: Unresolved reference prim path @anon:0x5cf42350c1c0:World1.usd@</visuals/rear_mount> introduced by @anon:0x5cf42350c1c0:World1.usd@</jackal/rear_mount/visuals> (recomposing stage on stage @anon:0x5cf42350c1c0:World1.usd@ <0x5cf425818780>)
[python-1] 
[python-1] 2026-09-08T13:19:18Z [26,127ms] [Warning] [omni.usd] Warning: in _ReportErrors at line 3172 of /builds/omniverse/usd-ci/USD/pxr/usd/usd/stage.cpp -- In </jackal/rear_mount/visuals>: Unresolved reference prim path @anon:0x5cf42350c1c0:World1.usd@</visuals/rear_mount> introduced by @anon:0x5cf42350c1c0:World1.usd@</jackal/rear_mount/visuals> (recomposing stage on stage @anon:0x5cf42350c1c0:World1.usd@ <0x5cf425818780>)
[python-1] 
[python-1] 2026-09-08T13:19:18Z [26,127ms] [Warning] [omni.usd] Warning: in _ReportErrors at line 3172 of /builds/omniverse/usd-ci/USD/pxr/usd/usd/stage.cpp -- In </jackal/rear_mount/visuals>: Unresolved reference prim path @anon:0x5cf42350c1c0:World1.usd@</visuals/rear_mount> introduced by @anon:0x5cf42350c1c0:World1.usd@</jackal/rear_mount/visuals> (recomposing stage on stage @anon:0x5cf42350c1c0:World1.usd@ <0x5cf425818780>)
[python-1] 
[python-1] 2026-09-08T13:19:18Z [26,127ms] [Warning] [omni.usd] Warning: in _ReportErrors at line 3172 of /builds/omniverse/usd-ci/USD/pxr/usd/usd/stage.cpp -- In </jackal/rear_mount/visuals>: Unresolved reference prim path @anon:0x5cf42350c1c0:World1.usd@</visuals/rear_mount> introduced by @anon:0x5cf42350c1c0:World1.usd@</jackal/rear_mount/visuals> (recomposing stage on stage @anon:0x5cf42350c1c0:World1.usd@ <0x5cf425818780>)
[python-1] 
[python-1] 2026-09-08T13:19:18Z [26,129ms] [Warning] [isaacsim.asset.importer.urdf] Link rear_mount has no colliders, and no inertia was imported; assigning a small isotropic inertia matrix
[python-1] 2026-09-08T13:19:19Z [26,146ms] [Warning] [isaacsim.asset.importer.urdf] No mass specified for link navsat_link
[python-1] 2026-09-08T13:19:19Z [26,158ms] [Warning] [isaacsim.asset.importer.urdf] Link navsat_link has no colliders, and no inertia was imported; assigning a small isotropic inertia matrix
[python-1] 2026-09-08T13:19:19Z [26,175ms] [Warning] [isaacsim.asset.importer.urdf] No mass specified for link rear_fender_link
[python-1] 2026-09-08T13:19:19Z [26,186ms] [Warning] [isaacsim.asset.importer.urdf] Link rear_fender_link has no colliders, and no inertia was imported; assigning a small isotropic inertia matrix
[python-1] 2026-09-08T13:19:19Z [26,307ms] [Warning] [omni.usd] Warning: in _ReportErrors at line 3172 of /builds/omniverse/usd-ci/USD/pxr/usd/usd/stage.cpp -- In </World/arena_robot/rear_mount/visuals>: Unresolved reference prim path @anon:0x5cf42350c1c0:World1.usd@</visuals/rear_mount> introduced by @anon:0x5cf42350c1c0:World1.usd@</World/arena_robot/rear_mount/visuals> (recomposing stage on stage @anon:0x5cf42350c1c0:World1.usd@ <0x5cf425818780>)
[python-1] 
[python-1] 2026-09-08T13:19:19Z [26,307ms] [Warning] [omni.usd] Warning: in _ReportErrors at line 3172 of /builds/omniverse/usd-ci/USD/pxr/usd/usd/stage.cpp -- In </World/arena_robot/rear_mount/visuals>: Unresolved reference prim path @anon:0x5cf42350c1c0:World1.usd@</visuals/rear_mount> introduced by @anon:0x5cf42350c1c0:World1.usd@</World/arena_robot/rear_mount/visuals> (recomposing stage on stage @anon:0x5cf42350c1c0:World1.usd@ <0x5cf425818780>)
[python-1] 
[python-1] 2026-09-08T13:19:19Z [26,307ms] [Warning] [omni.usd] Warning: in _ReportErrors at line 3172 of /builds/omniverse/usd-ci/USD/pxr/usd/usd/stage.cpp -- In </World/arena_robot/rear_mount/visuals>: Unresolved reference prim path @anon:0x5cf42350c1c0:World1.usd@</visuals/rear_mount> introduced by @anon:0x5cf42350c1c0:World1.usd@</World/arena_robot/rear_mount/visuals> (recomposing stage on stage @anon:0x5cf42350c1c0:World1.usd@ <0x5cf425818780>)
[python-1] 
[python-1] 2026-09-08T13:19:19Z [26,307ms] [Warning] [omni.usd] Warning: in _ReportErrors at line 3172 of /builds/omniverse/usd-ci/USD/pxr/usd/usd/stage.cpp -- In </World/arena_robot/base_link/visuals>: Unresolved reference prim path @anon:0x5cf42350c1c0:World1.usd@</visuals/base_link> introduced by @anon:0x5cf42350c1c0:World1.usd@</World/arena_robot/base_link/visuals> (recomposing stage on stage @anon:0x5cf42350c1c0:World1.usd@ <0x5cf425818780>)
[python-1] 
[python-1] 2026-09-08T13:19:19Z [26,307ms] [Warning] [omni.usd] Warning: in _ReportErrors at line 3172 of /builds/omniverse/usd-ci/USD/pxr/usd/usd/stage.cpp -- In </World/arena_robot/base_link/visuals>: Unresolved reference prim path @anon:0x5cf42350c1c0:World1.usd@</visuals/base_link> introduced by @anon:0x5cf42350c1c0:World1.usd@</World/arena_robot/base_link/visuals> (recomposing stage on stage @anon:0x5cf42350c1c0:World1.usd@ <0x5cf425818780>)
[python-1] 
[python-1] 2026-09-08T13:19:19Z [26,307ms] [Warning] [omni.usd] Warning: in _ReportErrors at line 3172 of /builds/omniverse/usd-ci/USD/pxr/usd/usd/stage.cpp -- In </World/arena_robot/base_link/visuals>: Unresolved reference prim path @anon:0x5cf42350c1c0:World1.usd@</visuals/base_link> introduced by @anon:0x5cf42350c1c0:World1.usd@</World/arena_robot/base_link/visuals> (recomposing stage on stage @anon:0x5cf42350c1c0:World1.usd@ <0x5cf425818780>)
[python-1] 
[python-1] 2026-09-08T13:19:19Z [26,307ms] [Warning] [omni.usd] Warning: in _ReportErrors at line 3172 of /builds/omniverse/usd-ci/USD/pxr/usd/usd/stage.cpp -- In </World/arena_robot/front_mount/visuals>: Unresolved reference prim path @anon:0x5cf42350c1c0:World1.usd@</visuals/front_mount> introduced by @anon:0x5cf42350c1c0:World1.usd@</World/arena_robot/front_mount/visuals> (recomposing stage on stage @anon:0x5cf42350c1c0:World1.usd@ <0x5cf425818780>)
[python-1] 
[python-1] 2026-09-08T13:19:19Z [26,307ms] [Warning] [omni.usd] Warning: in _ReportErrors at line 3172 of /builds/omniverse/usd-ci/USD/pxr/usd/usd/stage.cpp -- In </World/arena_robot/front_mount/visuals>: Unresolved reference prim path @anon:0x5cf42350c1c0:World1.usd@</visuals/front_mount> introduced by @anon:0x5cf42350c1c0:World1.usd@</World/arena_robot/front_mount/visuals> (recomposing stage on stage @anon:0x5cf42350c1c0:World1.usd@ <0x5cf425818780>)
[python-1] 
[python-1] 2026-09-08T13:19:19Z [26,307ms] [Warning] [omni.usd] Warning: in _ReportErrors at line 3172 of /builds/omniverse/usd-ci/USD/pxr/usd/usd/stage.cpp -- In </World/arena_robot/front_mount/visuals>: Unresolved reference prim path @anon:0x5cf42350c1c0:World1.usd@</visuals/front_mount> introduced by @anon:0x5cf42350c1c0:World1.usd@</World/arena_robot/front_mount/visuals> (recomposing stage on stage @anon:0x5cf42350c1c0:World1.usd@ <0x5cf425818780>)
[python-1] 
[python-1] 2026-09-08T13:19:19Z [26,307ms] [Warning] [omni.usd] Warning: in _ReportErrors at line 3172 of /builds/omniverse/usd-ci/USD/pxr/usd/usd/stage.cpp -- In </World/arena_robot/imu_link/visuals>: Unresolved reference prim path @anon:0x5cf42350c1c0:World1.usd@</visuals/imu_link> introduced by @anon:0x5cf42350c1c0:World1.usd@</World/arena_robot/imu_link/visuals> (recomposing stage on stage @anon:0x5cf42350c1c0:World1.usd@ <0x5cf425818780>)
[python-1] 
[python-1] 2026-09-08T13:19:19Z [26,307ms] [Warning] [omni.usd] Warning: in _ReportErrors at line 3172 of /builds/omniverse/usd-ci/USD/pxr/usd/usd/stage.cpp -- In </World/arena_robot/imu_link/visuals>: Unresolved reference prim path @anon:0x5cf42350c1c0:World1.usd@</visuals/imu_link> introduced by @anon:0x5cf42350c1c0:World1.usd@</World/arena_robot/imu_link/visuals> (recomposing stage on stage @anon:0x5cf42350c1c0:World1.usd@ <0x5cf425818780>)
[python-1] 
[python-1] 2026-09-08T13:19:19Z [26,307ms] [Warning] [omni.usd] Warning: in _ReportErrors at line 3172 of /builds/omniverse/usd-ci/USD/pxr/usd/usd/stage.cpp -- In </World/arena_robot/imu_link/visuals>: Unresolved reference prim path @anon:0x5cf42350c1c0:World1.usd@</visuals/imu_link> introduced by @anon:0x5cf42350c1c0:World1.usd@</World/arena_robot/imu_link/visuals> (recomposing stage on stage @anon:0x5cf42350c1c0:World1.usd@ <0x5cf425818780>)
[python-1] 
[python-1] 2026-09-08T13:19:19Z [26,307ms] [Warning] [omni.usd] Warning: in _ReportErrors at line 3172 of /builds/omniverse/usd-ci/USD/pxr/usd/usd/stage.cpp -- In </World/arena_robot/mid_mount/visuals>: Unresolved reference prim path @anon:0x5cf42350c1c0:World1.usd@</visuals/mid_mount> introduced by @anon:0x5cf42350c1c0:World1.usd@</World/arena_robot/mid_mount/visuals> (recomposing stage on stage @anon:0x5cf42350c1c0:World1.usd@ <0x5cf425818780>)
[python-1] 
[python-1] 2026-09-08T13:19:19Z [26,307ms] [Warning] [omni.usd] Warning: in _ReportErrors at line 3172 of /builds/omniverse/usd-ci/USD/pxr/usd/usd/stage.cpp -- In </World/arena_robot/mid_mount/visuals>: Unresolved reference prim path @anon:0x5cf42350c1c0:World1.usd@</visuals/mid_mount> introduced by @anon:0x5cf42350c1c0:World1.usd@</World/arena_robot/mid_mount/visuals> (recomposing stage on stage @anon:0x5cf42350c1c0:World1.usd@ <0x5cf425818780>)
[python-1] 
[controller_server-7] [INFO] [1788873559.249109717] [local_costmap.local_costmap]: Timed out waiting for transform from base_link to odom to become available, tf error: Invalid frame ID "odom" passed to canTransform argument target_frame - frame does not exist
[controller_server-7] [INFO] [1788873559.749093939] [local_costmap.local_costmap]: Timed out waiting for transform from base_link to odom to become available, tf error: Invalid frame ID "odom" passed to canTransform argument target_frame - frame does not exist
[controller_server-7] [INFO] [1788873560.249088500] [local_costmap.local_costmap]: Timed out waiting for transform from base_link to odom to become available, tf error: Invalid frame ID "odom" passed to canTransform argument target_frame - frame does not exist
[controller_server-7] [INFO] [1788873560.749094702] [local_costmap.local_costmap]: Timed out waiting for transform from base_link to odom to become available, tf error: Invalid frame ID "odom" passed to canTransform argument target_frame - frame does not exist
[controller_server-7] [INFO] [1788873561.249097088] [local_costmap.local_costmap]: Timed out waiting for transform from base_link to odom to become available, tf error: Invalid frame ID "odom" passed to canTransform argument target_frame - frame does not exist
[controller_server-7] [INFO] [1788873561.749100613] [local_costmap.local_costmap]: Timed out waiting for transform from base_link to odom to become available, tf error: Invalid frame ID "odom" passed to canTransform argument target_frame - frame does not exist
[controller_server-7] [INFO] [1788873562.249095808] [local_costmap.local_costmap]: Timed out waiting for transform from base_link to odom to become available, tf error: Invalid frame ID "odom" passed to canTransform argument target_frame - frame does not exist
[controller_server-7] [INFO] [1788873562.749105011] [local_costmap.local_costmap]: Timed out waiting for transform from base_link to odom to become available, tf error: Invalid frame ID "odom" passed to canTransform argument target_frame - frame does not exist
[controller_server-7] [INFO] [1788873563.249096027] [local_costmap.local_costmap]: Timed out waiting for transform from base_link to odom to become available, tf error: Invalid frame ID "odom" passed to canTransform argument target_frame - frame does not exist
[controller_server-7] [INFO] [1788873563.749094735] [local_costmap.local_costmap]: Timed out waiting for transform from base_link to odom to become available, tf error: Invalid frame ID "odom" passed to canTransform argument target_frame - frame does not exist
[controller_server-7] [INFO] [1788873564.249095838] [local_costmap.local_costmap]: Timed out waiting for transform from base_link to odom to become available, tf error: Invalid frame ID "odom" passed to canTransform argument target_frame - frame does not exist
[scene_bridge-2] [INFO] [1788873564.338846469] [arena_scene_bridge]: SCENE_ROBOT_OK path=/World/arena_robot model=jackal
[controller_server-7] [INFO] [1788873564.749097557] [local_costmap.local_costmap]: Timed out waiting for transform from base_link to odom to become available, tf error: Invalid frame ID "odom" passed to canTransform argument target_frame - frame does not exist
[controller_server-7] [INFO] [1788873565.249254365] [local_costmap.local_costmap]: start
[controller_server-7] [INFO] [1788873565.400662717] [controller_server]: Creating bond (controller_server) to lifecycle manager.
[lifecycle_manager-14] [INFO] [1788873565.507951870] [lifecycle_manager_navigation]: Server controller_server connected with bond.
[lifecycle_manager-14] [INFO] [1788873565.508069810] [lifecycle_manager_navigation]: [34m[1mActivating smoother_server[0m[0m
[smoother_server-8] [INFO] [1788873565.508538831] [smoother_server]: Activating
[smoother_server-8] [INFO] [1788873565.508613194] [smoother_server]: Creating bond (smoother_server) to lifecycle manager.
[lifecycle_manager-14] [INFO] [1788873565.615606479] [lifecycle_manager_navigation]: Server smoother_server connected with bond.
[lifecycle_manager-14] [INFO] [1788873565.615689981] [lifecycle_manager_navigation]: [34m[1mActivating planner_server[0m[0m
[planner_server-9] [INFO] [1788873565.616104208] [planner_server]: Activating
[planner_server-9] [INFO] [1788873565.616185752] [global_costmap.global_costmap]: Activating
[planner_server-9] [INFO] [1788873565.616209912] [global_costmap.global_costmap]: Checking transform
[planner_server-9] [INFO] [1788873565.616404076] [global_costmap.global_costmap]: start
[planner_server-9] [INFO] [1788873565.868011507] [planner_server]: Activating plugin GridBased of type NavfnPlanner
[planner_server-9] [INFO] [1788873565.869765675] [planner_server]: Creating bond (planner_server) to lifecycle manager.
[lifecycle_manager-14] [INFO] [1788873565.976715711] [lifecycle_manager_navigation]: Server planner_server connected with bond.
[lifecycle_manager-14] [INFO] [1788873565.976828913] [lifecycle_manager_navigation]: [34m[1mActivating behavior_server[0m[0m
[behavior_server-10] [INFO] [1788873565.977331137] [behavior_server]: Activating
[behavior_server-10] [INFO] [1788873565.977409704] [behavior_server]: Activating spin
[behavior_server-10] [INFO] [1788873565.977431248] [behavior_server]: Activating backup
[behavior_server-10] [INFO] [1788873565.977448543] [behavior_server]: Activating drive_on_heading
[behavior_server-10] [INFO] [1788873565.977465396] [behavior_server]: Activating wait
[behavior_server-10] [INFO] [1788873565.977483587] [behavior_server]: Creating bond (behavior_server) to lifecycle manager.
[lifecycle_manager-14] [INFO] [1788873566.084713271] [lifecycle_manager_navigation]: Server behavior_server connected with bond.
[lifecycle_manager-14] [INFO] [1788873566.084810917] [lifecycle_manager_navigation]: [34m[1mActivating bt_navigator[0m[0m
[bt_navigator-11] [INFO] [1788873566.085179989] [bt_navigator]: Activating
[bt_navigator-11] [INFO] [1788873566.100325068] [bt_navigator]: Creating bond (bt_navigator) to lifecycle manager.
[lifecycle_manager-14] [INFO] [1788873566.207070344] [lifecycle_manager_navigation]: Server bt_navigator connected with bond.
[lifecycle_manager-14] [INFO] [1788873566.207154154] [lifecycle_manager_navigation]: [34m[1mActivating waypoint_follower[0m[0m
[waypoint_follower-12] [INFO] [1788873566.207659370] [waypoint_follower]: Activating
[waypoint_follower-12] [INFO] [1788873566.207729123] [waypoint_follower]: Creating bond (waypoint_follower) to lifecycle manager.
[planner_server-9] [INFO] [1788873566.306821353] [global_costmap.global_costmap]: Received request to clear entirely the global_costmap
[controller_server-7] [INFO] [1788873566.308387085] [local_costmap.local_costmap]: Received request to clear entirely the local_costmap
[bt_navigator-11] [INFO] [1788873566.310938413] [bt_navigator]: Begin navigating from current location (3.00, 3.00) to (-1.00, 3.00)
[lifecycle_manager-14] [INFO] [1788873566.315546348] [lifecycle_manager_navigation]: Server waypoint_follower connected with bond.
[lifecycle_manager-14] [INFO] [1788873566.315626460] [lifecycle_manager_navigation]: [34m[1mActivating velocity_smoother[0m[0m
[velocity_smoother-13] [INFO] [1788873566.316102530] [velocity_smoother]: Activating
[velocity_smoother-13] [INFO] [1788873566.316182662] [velocity_smoother]: Creating bond (velocity_smoother) to lifecycle manager.
[lifecycle_manager-14] [INFO] [1788873566.424006297] [lifecycle_manager_navigation]: Server velocity_smoother connected with bond.
[lifecycle_manager-14] [INFO] [1788873566.424090131] [lifecycle_manager_navigation]: [34m[1mManaged nodes are active[0m[0m
[lifecycle_manager-14] [INFO] [1788873566.424110121] [lifecycle_manager_navigation]: [34m[1mCreating bond timer...[0m[0m
[planner_server-9] [WARN] [1788873566.435162697] [planner_server]: The goal sent to the planner is off the global costmap. Planning will always fail to this goal.
[planner_server-9] [WARN] [1788873566.435286756] [planner_server]: GridBased: failed to create plan with tolerance 0.50.
[planner_server-9] [WARN] [1788873566.435328786] [planner_server]: Planning algorithm GridBased failed to generate a valid path to (-1.00, 3.00)
[planner_server-9] [WARN] [1788873566.435370261] [planner_server]: [compute_path_to_pose] [ActionServer] Aborting handle.
[bt_navigator-11] [WARN] [1788873566.711130170] [bt_navigator]: [navigate_to_pose] [ActionServer] Aborting handle.
[bt_navigator-11] [ERROR] [1788873566.711368975] [bt_navigator]: Goal failed
[bt_navigator-11] [INFO] [1788873567.018047937] [bt_navigator]: Begin navigating from current location (3.00, 3.00) to (-1.00, 3.05)
[planner_server-9] [WARN] [1788873567.020436899] [planner_server]: The goal sent to the planner is off the global costmap. Planning will always fail to this goal.
[planner_server-9] [WARN] [1788873567.020529223] [planner_server]: GridBased: failed to create plan with tolerance 0.50.
[planner_server-9] [WARN] [1788873567.020557080] [planner_server]: Planning algorithm GridBased failed to generate a valid path to (-1.00, 3.05)
[planner_server-9] [WARN] [1788873567.020583565] [planner_server]: [compute_path_to_pose] [ActionServer] Aborting handle.
[bt_navigator-11] [WARN] [1788873567.318273348] [bt_navigator]: [navigate_to_pose] [ActionServer] Aborting handle.
[bt_navigator-11] [ERROR] [1788873567.318545408] [bt_navigator]: Goal failed
[bt_navigator-11] [INFO] [1788873567.622781605] [bt_navigator]: Begin navigating from current location (3.00, 3.00) to (-1.00, 3.10)
[planner_server-9] [WARN] [1788873567.625219594] [planner_server]: The goal sent to the planner is off the global costmap. Planning will always fail to this goal.
[planner_server-9] [WARN] [1788873567.625328173] [planner_server]: GridBased: failed to create plan with tolerance 0.50.
[planner_server-9] [WARN] [1788873567.625357420] [planner_server]: Planning algorithm GridBased failed to generate a valid path to (-1.00, 3.10)
[planner_server-9] [WARN] [1788873567.625382913] [planner_server]: [compute_path_to_pose] [ActionServer] Aborting handle.
[bt_navigator-11] [WARN] [1788873567.923007943] [bt_navigator]: [navigate_to_pose] [ActionServer] Aborting handle.
[bt_navigator-11] [ERROR] [1788873567.923306925] [bt_navigator]: Goal failed
[bt_navigator-11] [INFO] [1788873568.238196645] [bt_navigator]: Begin navigating from current location (3.00, 3.00) to (-1.00, 3.15)
[planner_server-9] [WARN] [1788873568.240663183] [planner_server]: The goal sent to the planner is off the global costmap. Planning will always fail to this goal.
[planner_server-9] [WARN] [1788873568.240812925] [planner_server]: GridBased: failed to create plan with tolerance 0.50.
[planner_server-9] [WARN] [1788873568.240844873] [planner_server]: Planning algorithm GridBased failed to generate a valid path to (-1.00, 3.15)
[planner_server-9] [WARN] [1788873568.240870495] [planner_server]: [compute_path_to_pose] [ActionServer] Aborting handle.
[bt_navigator-11] [WARN] [1788873568.538426436] [bt_navigator]: [navigate_to_pose] [ActionServer] Aborting handle.
[bt_navigator-11] [ERROR] [1788873568.538732002] [bt_navigator]: Goal failed
[bt_navigator-11] [INFO] [1788873568.841268163] [bt_navigator]: Begin navigating from current location (3.00, 3.00) to (-1.00, 3.20)
[planner_server-9] [WARN] [1788873568.843527502] [planner_server]: The goal sent to the planner is off the global costmap. Planning will always fail to this goal.
[planner_server-9] [WARN] [1788873568.843628641] [planner_server]: GridBased: failed to create plan with tolerance 0.50.
[planner_server-9] [WARN] [1788873568.843655968] [planner_server]: Planning algorithm GridBased failed to generate a valid path to (-1.00, 3.20)
[planner_server-9] [WARN] [1788873568.843705894] [planner_server]: [compute_path_to_pose] [ActionServer] Aborting handle.
[bt_navigator-11] [WARN] [1788873569.141426413] [bt_navigator]: [navigate_to_pose] [ActionServer] Aborting handle.
[bt_navigator-11] [ERROR] [1788873569.141688248] [bt_navigator]: Goal failed
[bt_navigator-11] [INFO] [1788873569.636010388] [rclcpp]: signal_handler(signum=2)
[bt_navigator-11] [INFO] [1788873569.636096640] [bt_navigator]: Running Nav2 LifecycleNode rcl preshutdown (bt_navigator)
[behavior_server-10] [INFO] [1788873569.636020303] [rclcpp]: signal_handler(signum=2)
[lifecycle_manager-14] [INFO] [1788873569.636012625] [rclcpp]: signal_handler(signum=2)
[lifecycle_manager-14] [INFO] [1788873569.636346348] [lifecycle_manager_navigation]: Running Nav2 LifecycleManager rcl preshutdown (lifecycle_manager_navigation)
[velocity_smoother-13] [INFO] [1788873569.636018739] [rclcpp]: signal_handler(signum=2)
[waypoint_follower-12] [INFO] [1788873569.636023269] [rclcpp]: signal_handler(signum=2)
[waypoint_follower-12] [INFO] [1788873569.636327059] [waypoint_follower]: Running Nav2 LifecycleNode rcl preshutdown (waypoint_follower)
[controller_server-7] [INFO] [1788873569.636030981] [rclcpp]: signal_handler(signum=2)
[controller_server-7] [INFO] [1788873569.636149141] [controller_server]: Running Nav2 LifecycleNode rcl preshutdown (controller_server)
[controller_server-7] [INFO] [1788873569.636218634] [controller_server]: Deactivating
[controller_server-7] [INFO] [1788873569.636252612] [local_costmap.local_costmap]: Deactivating
[lifecycle_manager-6] [INFO] [1788873569.636035592] [rclcpp]: signal_handler(signum=2)
[lifecycle_manager-6] [INFO] [1788873569.636213308] [lifecycle_manager_map]: Running Nav2 LifecycleManager rcl preshutdown (lifecycle_manager_map)
[lifecycle_manager-6] [INFO] [1788873569.636311790] [lifecycle_manager_map]: [34m[1mTerminating bond timer...[0m[0m
[smoother_server-8] [INFO] [1788873569.636031337] [rclcpp]: signal_handler(signum=2)
[smoother_server-8] [INFO] [1788873569.636239116] [smoother_server]: Running Nav2 LifecycleNode rcl preshutdown (smoother_server)
[smoother_server-8] [INFO] [1788873569.636355189] [smoother_server]: Deactivating
[smoother_server-8] [INFO] [1788873569.636388389] [smoother_server]: Destroying bond (smoother_server) to lifecycle manager.
[map_server-5] [INFO] [1788873569.636044732] [rclcpp]: signal_handler(signum=2)
[map_server-5] [INFO] [1788873569.636286317] [map_server]: Running Nav2 LifecycleNode rcl preshutdown (map_server)
[map_server-5] [INFO] [1788873569.636410303] [map_server]: Deactivating
[mpc_command_watchdog-15] [INFO] [1788873569.636108817] [rclcpp]: signal_handler(signum=2)
[robot_state_publisher-3] [INFO] [1788873569.636147931] [rclcpp]: signal_handler(signum=2)
[planner_server-9] [INFO] [1788873569.636152239] [rclcpp]: signal_handler(signum=2)
[planner_server-9] [INFO] [1788873569.636265365] [planner_server]: Running Nav2 LifecycleNode rcl preshutdown (planner_server)
[planner_server-9] [INFO] [1788873569.636377103] [planner_server]: Deactivating
[planner_server-9] [INFO] [1788873569.636427307] [global_costmap.global_costmap]: Deactivating
[lifecycle_manager-14] [INFO] [1788873569.636442326] [lifecycle_manager_navigation]: [34m[1mTerminating bond timer...[0m[0m
[velocity_smoother-13] [INFO] [1788873569.636434463] [velocity_smoother]: Running Nav2 LifecycleNode rcl preshutdown (velocity_smoother)
[velocity_smoother-13] [INFO] [1788873569.636566622] [velocity_smoother]: Deactivating
[velocity_smoother-13] [INFO] [1788873569.636600978] [velocity_smoother]: Destroying bond (velocity_smoother) to lifecycle manager.
[waypoint_follower-12] [INFO] [1788873569.636468108] [waypoint_follower]: Deactivating
[waypoint_follower-12] [INFO] [1788873569.636502646] [waypoint_follower]: Destroying bond (waypoint_follower) to lifecycle manager.
[map_server-5] [INFO] [1788873569.636440345] [map_server]: Destroying bond (map_server) to lifecycle manager.
[bt_navigator-11] [INFO] [1788873569.636213128] [bt_navigator]: Deactivating
[bt_navigator-11] [INFO] [1788873569.636266533] [bt_navigator]: Destroying bond (bt_navigator) to lifecycle manager.
[behavior_server-10] [INFO] [1788873569.636303411] [behavior_server]: Running Nav2 LifecycleNode rcl preshutdown (behavior_server)
[behavior_server-10] [INFO] [1788873569.636422074] [behavior_server]: Deactivating
[behavior_server-10] [INFO] [1788873569.636482441] [behavior_server]: Destroying bond (behavior_server) to lifecycle manager.
[scene_bridge-2] [FATAL] [1788873569.639753697] [arena_scene_bridge]: failed to initialize wait set: the given context is not valid, either rcl_init() was not called or rcl_shutdown() was called., at /home/runner/conda-bld/bld/rattler-build_ros-humble-rcl_1753312600/work/ros-humble-rcl/src/work/src/rcl/wait.c:130
[scene_bridge-2] Failed to publish log message to rosout: publisher's context is invalid, at /home/runner/conda-bld/bld/rattler-build_ros-humble-rcl_1753312600/work/ros-humble-rcl/src/work/src/rcl/publisher.c:389
[bt_navigator-11] [INFO] [1788873569.646545094] [bt_navigator]: Cleaning up
[smoother_server-8] [INFO] [1788873569.646695194] [smoother_server]: Cleaning up
[map_server-5] [INFO] [1788873569.646742920] [map_server]: Cleaning up
[behavior_server-10] [INFO] [1788873569.646882511] [behavior_server]: Cleaning up
[map_server-5] [INFO] [1788873569.646912183] [map_server]: Destroying bond (map_server) to lifecycle manager.
[waypoint_follower-12] [INFO] [1788873569.646920702] [waypoint_follower]: Cleaning up
[velocity_smoother-13] [INFO] [1788873569.646965629] [velocity_smoother]: Cleaning up
[velocity_smoother-13] [INFO] [1788873569.647059465] [velocity_smoother]: Destroying bond (velocity_smoother) to lifecycle manager.
[controller_server-7] [INFO] [1788873569.649488230] [controller_server]: Destroying bond (controller_server) to lifecycle manager.
[velocity_smoother-13] [INFO] [1788873569.652517106] [velocity_smoother]: Destroying
[lifecycle_manager-6] [INFO] [1788873569.652818121] [lifecycle_manager_map]: Destroying lifecycle_manager_map
[map_server-5] [INFO] [1788873569.654792270] [map_server]: Destroying
[behavior_server-10] [INFO] [1788873569.657956008] [behavior_server]: Destroying bond (behavior_server) to lifecycle manager.
[empty_human_states.py-4] Traceback (most recent call last):
[empty_human_states.py-4]   File "/home/lpc/workspace/arena5_mpc_ws/install/arena_mpc_bringup/lib/arena_mpc_bringup/empty_human_states.py", line 87, in <module>
[controller_server-7] [INFO] [1788873569.659714570] [controller_server]: Cleaning up
[empty_human_states.py-4]     main()
[waypoint_follower-12] [INFO] [1788873569.659824374] [waypoint_follower]: Destroying bond (waypoint_follower) to lifecycle manager.
[empty_human_states.py-4]   File "/home/lpc/workspace/arena5_mpc_ws/install/arena_mpc_bringup/lib/arena_mpc_bringup/empty_human_states.py", line 77, in main
[empty_human_states.py-4]     rclpy.spin(node)
[empty_human_states.py-4]   File "/home/lpc/workspace/arena5_ws/.conda/arena_ros/lib/python3.11/site-packages/rclpy/__init__.py", line 226, in spin
[empty_human_states.py-4]     executor.spin_once()
[empty_human_states.py-4]   File "/home/lpc/workspace/arena5_ws/.conda/arena_ros/lib/python3.11/site-packages/rclpy/executors.py", line 751, in spin_once
[empty_human_states.py-4]     self._spin_once_impl(timeout_sec)
[empty_human_states.py-4]   File "/home/lpc/workspace/arena5_ws/.conda/arena_ros/lib/python3.11/site-packages/rclpy/executors.py", line 740, in _spin_once_impl
[empty_human_states.py-4]     handler, entity, node = self.wait_for_ready_callbacks(timeout_sec=timeout_sec)
[empty_human_states.py-4]                             ^^^^^^^^^^^^^^^^^^^^^^^^^^^^^^^^^^^^^^^^^^^^^^^^^^^^^^
[empty_human_states.py-4]   File "/home/lpc/workspace/arena5_ws/.conda/arena_ros/lib/python3.11/site-packages/rclpy/executors.py", line 723, in wait_for_ready_callbacks
[smoother_server-8] [INFO] [1788873569.661183229] [smoother_server]: Destroying bond (smoother_server) to lifecycle manager.
[empty_human_states.py-4]     return next(self._cb_iter)
[empty_human_states.py-4]            ^^^^^^^^^^^^^^^^^^^
[empty_human_states.py-4]   File "/home/lpc/workspace/arena5_ws/.conda/arena_ros/lib/python3.11/site-packages/rclpy/executors.py", line 624, in _wait_for_ready_callbacks
[empty_human_states.py-4]     raise ExternalShutdownException()
[empty_human_states.py-4] rclpy.executors.ExternalShutdownException
[waypoint_follower-12] [INFO] [1788873569.663728976] [waypoint_follower]: Destroying
[smoother_server-8] [INFO] [1788873569.664628236] [smoother_server]: Destroying
[scene_bridge-2] Traceback (most recent call last):
[scene_bridge-2]   File "/home/lpc/workspace/arena5_ws/install/arena_humble_compat/lib/python3.11/site-packages/arena_humble_compat/scene_bridge.py", line 207, in main
[scene_bridge-2]     rclpy.spin(node)
[scene_bridge-2]   File "/home/lpc/workspace/arena5_ws/.conda/arena_ros/lib/python3.11/site-packages/rclpy/__init__.py", line 226, in spin
[scene_bridge-2]     executor.spin_once()
[scene_bridge-2]   File "/home/lpc/workspace/arena5_ws/.conda/arena_ros/lib/python3.11/site-packages/rclpy/executors.py", line 751, in spin_once
[scene_bridge-2]     self._spin_once_impl(timeout_sec)
[scene_bridge-2]   File "/home/lpc/workspace/arena5_ws/.conda/arena_ros/lib/python3.11/site-packages/rclpy/executors.py", line 740, in _spin_once_impl
[scene_bridge-2]     handler, entity, node = self.wait_for_ready_callbacks(timeout_sec=timeout_sec)
[scene_bridge-2]                             ^^^^^^^^^^^^^^^^^^^^^^^^^^^^^^^^^^^^^^^^^^^^^^^^^^^^^^
[scene_bridge-2]   File "/home/lpc/workspace/arena5_ws/.conda/arena_ros/lib/python3.11/site-packages/rclpy/executors.py", line 723, in wait_for_ready_callbacks
[behavior_server-10] [INFO] [1788873569.670481471] [behavior_server]: Destroying
[scene_bridge-2]     return next(self._cb_iter)
[scene_bridge-2]            ^^^^^^^^^^^^^^^^^^^
[scene_bridge-2]   File "/home/lpc/workspace/arena5_ws/.conda/arena_ros/lib/python3.11/site-packages/rclpy/executors.py", line 596, in _wait_for_ready_callbacks
[scene_bridge-2]     wait_set = _rclpy.WaitSet(
[scene_bridge-2]                ^^^^^^^^^^^^^^^
[scene_bridge-2] rclpy._rclpy_pybind11.RCLError: failed to initialize wait set: the given context is not valid, either rcl_init() was not called or rcl_shutdown() was called., at /home/runner/conda-bld/bld/rattler-build_ros-humble-rcl_1753312600/work/ros-humble-rcl/src/work/src/rcl/wait.c:130
[scene_bridge-2] 
[scene_bridge-2] During handling of the above exception, another exception occurred:
[scene_bridge-2] 
[scene_bridge-2] Traceback (most recent call last):
[scene_bridge-2]   File "/home/lpc/workspace/arena5_ws/install/arena_humble_compat/lib/arena_humble_compat/scene_bridge", line 33, in <module>
[scene_bridge-2]     sys.exit(load_entry_point('arena_humble_compat==0.0.0', 'console_scripts', 'scene_bridge')())
[scene_bridge-2]              ^^^^^^^^^^^^^^^^^^^^^^^^^^^^^^^^^^^^^^^^^^^^^^^^^^^^^^^^^^^^^^^^^^^^^^^^^^^^^^^^^^^
[scene_bridge-2]   File "/home/lpc/workspace/arena5_ws/install/arena_humble_compat/lib/python3.11/site-packages/arena_humble_compat/scene_bridge.py", line 215, in main
[scene_bridge-2]     rclpy.shutdown()
[scene_bridge-2]   File "/home/lpc/workspace/arena5_ws/.conda/arena_ros/lib/python3.11/site-packages/rclpy/__init__.py", line 130, in shutdown
[scene_bridge-2]     _shutdown(context=context)
[scene_bridge-2]   File "/home/lpc/workspace/arena5_ws/.conda/arena_ros/lib/python3.11/site-packages/rclpy/utilities.py", line 58, in shutdown
[scene_bridge-2]     return context.shutdown()
[scene_bridge-2]            ^^^^^^^^^^^^^^^^^^
[scene_bridge-2]   File "/home/lpc/workspace/arena5_ws/.conda/arena_ros/lib/python3.11/site-packages/rclpy/context.py", line 102, in shutdown
[scene_bridge-2]     self.__context.shutdown()
[scene_bridge-2] rclpy._rclpy_pybind11.RCLError: failed to shutdown: rcl_shutdown already called on the given context, at /home/runner/conda-bld/bld/rattler-build_ros-humble-rcl_1753312600/work/ros-humble-rcl/src/work/src/rcl/init.c:241
[bt_navigator-11] [INFO] [1788873569.684924493] [bt_navigator]: Completed Cleaning up
[bt_navigator-11] [INFO] [1788873569.684999939] [bt_navigator]: Destroying bond (bt_navigator) to lifecycle manager.
[bt_navigator-11] [INFO] [1788873569.690626814] [bt_navigator]: Destroying
[controller_server-7] [INFO] [1788873569.710360343] [local_costmap.local_costmap]: Cleaning up
[controller_server-7] [INFO] [1788873569.721200279] [controller_server]: Destroying bond (controller_server) to lifecycle manager.
[controller_server-7] [INFO] [1788873569.725448178] [local_costmap.local_costmap]: Destroying
[controller_server-7] [INFO] [1788873569.733099712] [controller_server]: Destroying
[lifecycle_manager-14] [INFO] [1788873569.735670081] [lifecycle_manager_navigation]: Destroying lifecycle_manager_navigation
[INFO] [robot_state_publisher-3]: process has finished cleanly [pid 2495542]
[INFO] [mpc_command_watchdog-15]: process has finished cleanly [pid 2495566]
[INFO] [lifecycle_manager-6]: process has finished cleanly [pid 2495548]
[INFO] [velocity_smoother-13]: process has finished cleanly [pid 2495562]
[INFO] [map_server-5]: process has finished cleanly [pid 2495546]
[INFO] [behavior_server-10]: process has finished cleanly [pid 2495556]
[INFO] [waypoint_follower-12]: process has finished cleanly [pid 2495560]
[INFO] [smoother_server-8]: process has finished cleanly [pid 2495552]
[INFO] [bt_navigator-11]: process has finished cleanly [pid 2495558]
[planner_server-9] [INFO] [1788873569.816704219] [planner_server]: Deactivating plugin GridBased of type NavfnPlanner
[planner_server-9] [INFO] [1788873569.816777926] [planner_server]: Destroying bond (planner_server) to lifecycle manager.
[ERROR] [empty_human_states.py-4]: process has died [pid 2495544, exit code 1, cmd '/home/lpc/workspace/arena5_mpc_ws/install/arena_mpc_bringup/lib/arena_mpc_bringup/empty_human_states.py --ros-args -r __node:=empty_human_states --params-file /tmp/launch_params_cr_w5cty'].
[planner_server-9] [INFO] [1788873569.826931967] [planner_server]: Cleaning up
[planner_server-9] [INFO] [1788873569.831598693] [global_costmap.global_costmap]: Cleaning up
[planner_server-9] [INFO] [1788873569.835454475] [planner_server]: Cleaning up plugin GridBased of type NavfnPlanner
[planner_server-9] [INFO] [1788873569.835763233] [planner_server]: Destroying plugin GridBased of type NavfnPlanner
[planner_server-9] [INFO] [1788873569.841069479] [planner_server]: Destroying bond (planner_server) to lifecycle manager.
[planner_server-9] [INFO] [1788873569.845417061] [global_costmap.global_costmap]: Destroying
[ERROR] [scene_bridge-2]: process has died [pid 2495540, exit code 1, cmd '/home/lpc/workspace/arena5_ws/install/arena_humble_compat/lib/arena_humble_compat/scene_bridge --ros-args -r __node:=arena_scene_bridge --params-file /tmp/launch_params_oqhou8q_'].
[planner_server-9] [INFO] [1788873569.852905169] [planner_server]: Destroying
[INFO] [lifecycle_manager-14]: process has finished cleanly [pid 2495564]
[INFO] [controller_server-7]: process has finished cleanly [pid 2495550]
[INFO] [planner_server-9]: process has finished cleanly [pid 2495554]
[python-1] 2026-09-08T13:19:19Z [26,307ms] [Warning] [omni.usd] Warning: in _ReportErrors at line 3172 of /builds/omniverse/usd-ci/USD/pxr/usd/usd/stage.cpp -- In </World/arena_robot/mid_mount/visuals>: Unresolved reference prim path @anon:0x5cf42350c1c0:World1.usd@</visuals/mid_mount> introduced by @anon:0x5cf42350c1c0:World1.usd@</World/arena_robot/mid_mount/visuals> (recomposing stage on stage @anon:0x5cf42350c1c0:World1.usd@ <0x5cf425818780>)
[python-1] 
[python-1] 2026-09-08T13:19:19Z [26,935ms] [Warning] [omni.replicator.core.scripts.functional.create_batch] World/arena_robot/lidar_link/gpu_lidar_points is an invalid prim path. Renaming to World_arena_robot_lidar_link_gpu_lidar_points.
[python-1] 2026-09-08T13:19:19Z [26,958ms] [Warning] [omni.replicator.core.scripts.functional.create_batch] World/arena_robot/lidar_link/gpu_lidar_scan is an invalid prim path. Renaming to World_arena_robot_lidar_link_gpu_lidar_scan.
[python-1] 2026-09-08T13:19:21Z [28,325ms] [Warning] [omni.fabric.plugin] getAttributeCount called on non-existent path /World/arena_robot/rear_right_wheel_link/visuals/jackal_wheel/node_STL_BINARY_
[python-1] 2026-09-08T13:19:21Z [28,325ms] [Warning] [omni.fabric.plugin] getTypes called on non-existent path /World/arena_robot/rear_right_wheel_link/visuals/jackal_wheel/node_STL_BINARY_
[python-1] 2026-09-08T13:19:23Z [30,676ms] [Warning] [omni.sensors.nv.lidar.lidar_core.plugin] MotionBVH for lidar model not enabled. This will result in an incorrect point cloud without motion effects!
[python-1] 2026-09-08T13:19:23Z [30,699ms] [Warning] [carb] Client omni.sensors.nv.materials.composite_material has acquired [omni::sensors::materials::IMaterialReaderFactory v0.1] 100 times. Consider accessing this interface with carb::getCachedInterface() (Performance warning)
[python-1] 2026-09-08T13:19:23Z [31,063ms] [Warning] [carb] Plugin interface for a client: omni.hydratexture.plugin was already released.
[python-1] 2026-09-08T13:19:23Z [31,066ms] [Warning] [carb] Plugin interface for a client: omni.hydratexture.plugin was already released.
[python-1] 2026-09-08T13:19:24Z [31,143ms] [Warning] [omni.graph.core.plugin] /World/arena_robot/imu_link/IMUPublisher/read_imu: [/World/arena_robot/imu_link/IMUPublisher] no valid sensor reading, is the sensor enabled?
[python-1] 2026-09-08T13:19:24Z [31,476ms] [Warning] [omni.timeline.plugin] Deprecated: direct use of ITimeline callbacks is deprecated. Use ITimeline::getTimeline (Python: omni.timeline.get_timeline_interface) instead.
[python-1] 2026-09-08T13:19:24Z [31,582ms] [Warning] [isaacsim.core.simulation_manager.plugin] No adjacent samples found for interpolation at time 179/30
[python-1] 2026-09-08T13:19:24Z [31,582ms] [Warning] [isaacsim.core.simulation_manager.plugin] getSimulationTimeMonotonicAtTime: no data found for time 179/30, returning current sim time
[python-1] 2026-09-08T13:19:24Z [31,582ms] [Warning] [isaacsim.core.simulation_manager.plugin] No adjacent samples found for interpolation at time 179/30
[python-1] 2026-09-08T13:19:24Z [31,582ms] [Warning] [isaacsim.core.simulation_manager.plugin] getSimulationTimeMonotonicAtTime: no data found for time 179/30, returning current sim time
[INFO] [python-1]: process has finished cleanly [pid 2495538]
