scripts/run_six_behaviors.sh: 成功
scripts/env.sh: 成功
install/arena_humble_compat/lib/python3.11/site-packages/arena_humble_compat/hunav_six_behaviors_bridge.py: 成功
config/generated/jackal.urdf: 成功
install/arena_simulation_setup/share/arena_simulation_setup/configs/nav2/nav2.yaml: 成功
install/arena_simulation_setup/share/arena_simulation_setup/entities/robots/jackal/model_params.yaml: 成功
.conda/arena_ros/lib/libcontroller_server_core.so: 成功
Arena workspace: /home/lpc/workspace/arena5_ws
ROS 2: humble (domain 223)
Isaac Sim: /home/lpc/miniforge3/envs/isaaclab/lib/python3.11/site-packages/isaacsim
WebRTC endpoint: 10.16.205.165:49330 (UDP 48330)
Foxglove WebSocket: 127.0.0.1:8792
Starting immutable Arena MPC release on GPU 1 (24037 MiB free)
MPC command chain: controller_server -> velocity_smoother -> watchdog -> /cmd_vel
Local costmap depth clearing: true
Release: /home/lpc/workspace/arena5_ws/optional/mpc/releases/20260916-4ff2edd
Logs: /home/lpc/workspace/arena5_ws/logs/runs/20260917_190714_mpc_release_gpu1
[INFO] [launch]: All log files can be found below /home/lpc/workspace/arena5_ws/logs/runs/20260917_190714_mpc_release_gpu1/ros/2026-09-17-19-07-14-801797-root123-desktop-167544
[INFO] [launch]: Default logging verbosity is set to INFO
[WARNING] [launch_ros.actions.node]: Failed to load entry point 'NodeLogLevelExtension': No module named 'arena_bringup.extensions'
[WARNING] [launch_ros.actions.node]: Failed to load entry point 'NodeLogLevelExtension': No module named 'arena_bringup.extensions'
[WARNING] [launch_ros.actions.node]: Failed to load entry point 'NodeLogLevelExtension': No module named 'arena_bringup.extensions'
[WARNING] [launch_ros.actions.node]: Failed to load entry point 'NodeLogLevelExtension': No module named 'arena_bringup.extensions'
[WARNING] [launch_ros.actions.node]: Failed to load entry point 'NodeLogLevelExtension': No module named 'arena_bringup.extensions'
[WARNING] [launch_ros.actions.node]: Failed to load entry point 'NodeLogLevelExtension': No module named 'arena_bringup.extensions'
[WARNING] [launch_ros.actions.node]: Failed to load entry point 'NodeLogLevelExtension': No module named 'arena_bringup.extensions'
[WARNING] [launch_ros.actions.node]: Failed to load entry point 'NodeLogLevelExtension': No module named 'arena_bringup.extensions'
[WARNING] [launch_ros.actions.node]: Failed to load entry point 'NodeLogLevelExtension': No module named 'arena_bringup.extensions'
[WARNING] [launch_ros.actions.node]: Failed to load entry point 'NodeLogLevelExtension': No module named 'arena_bringup.extensions'
[WARNING] [launch_ros.actions.node]: Failed to load entry point 'NodeLogLevelExtension': No module named 'arena_bringup.extensions'
[WARNING] [launch_ros.actions.node]: Failed to load entry point 'NodeLogLevelExtension': No module named 'arena_bringup.extensions'
[WARNING] [launch_ros.actions.node]: Failed to load entry point 'NodeLogLevelExtension': No module named 'arena_bringup.extensions'
[WARNING] [launch_ros.actions.node]: Failed to load entry point 'NodeLogLevelExtension': No module named 'arena_bringup.extensions'
[WARNING] [launch_ros.actions.node]: Failed to load entry point 'NodeLogLevelExtension': No module named 'arena_bringup.extensions'
[WARNING] [launch_ros.actions.node]: Failed to load entry point 'NodeLogLevelExtension': No module named 'arena_bringup.extensions'
[WARNING] [launch_ros.actions.node]: Failed to load entry point 'NodeLogLevelExtension': No module named 'arena_bringup.extensions'
[WARNING] [launch_ros.actions.node]: Failed to load entry point 'NodeLogLevelExtension': No module named 'arena_bringup.extensions'
[WARNING] [launch_ros.actions.node]: Failed to load entry point 'NodeLogLevelExtension': No module named 'arena_bringup.extensions'
[WARNING] [launch_ros.actions.node]: Failed to load entry point 'NodeLogLevelExtension': No module named 'arena_bringup.extensions'
[WARNING] [launch_ros.actions.node]: Failed to load entry point 'NodeLogLevelExtension': No module named 'arena_bringup.extensions'
[WARNING] [launch_ros.actions.node]: Failed to load entry point 'NodeLogLevelExtension': No module named 'arena_bringup.extensions'
[WARNING] [launch_ros.actions.node]: Failed to load entry point 'NodeLogLevelExtension': No module named 'arena_bringup.extensions'
[WARNING] [launch_ros.actions.node]: Failed to load entry point 'NodeLogLevelExtension': No module named 'arena_bringup.extensions'
[WARNING] [launch_ros.actions.node]: Failed to load entry point 'NodeLogLevelExtension': No module named 'arena_bringup.extensions'
[WARNING] [launch_ros.actions.node]: Failed to load entry point 'NodeLogLevelExtension': No module named 'arena_bringup.extensions'
[WARNING] [launch_ros.actions.node]: Failed to load entry point 'NodeLogLevelExtension': No module named 'arena_bringup.extensions'
[WARNING] [launch_ros.actions.node]: Failed to load entry point 'NodeLogLevelExtension': No module named 'arena_bringup.extensions'
[WARNING] [launch_ros.actions.node]: Failed to load entry point 'NodeLogLevelExtension': No module named 'arena_bringup.extensions'
[WARNING] [launch_ros.actions.node]: Failed to load entry point 'NodeLogLevelExtension': No module named 'arena_bringup.extensions'
[WARNING] [launch_ros.actions.node]: Failed to load entry point 'NodeLogLevelExtension': No module named 'arena_bringup.extensions'
[WARNING] [launch_ros.actions.node]: Failed to load entry point 'NodeLogLevelExtension': No module named 'arena_bringup.extensions'
[WARNING] [launch_ros.actions.node]: Failed to load entry point 'NodeLogLevelExtension': No module named 'arena_bringup.extensions'
[WARNING] [launch_ros.actions.node]: Failed to load entry point 'NodeLogLevelExtension': No module named 'arena_bringup.extensions'
[WARNING] [launch_ros.actions.node]: Failed to load entry point 'NodeLogLevelExtension': No module named 'arena_bringup.extensions'
[WARNING] [launch_ros.actions.node]: Failed to load entry point 'NodeLogLevelExtension': No module named 'arena_bringup.extensions'
[WARNING] [launch_ros.actions.node]: Failed to load entry point 'NodeLogLevelExtension': No module named 'arena_bringup.extensions'
[WARNING] [launch_ros.actions.node]: Failed to load entry point 'NodeLogLevelExtension': No module named 'arena_bringup.extensions'
[WARNING] [launch_ros.actions.node]: Failed to load entry point 'NodeLogLevelExtension': No module named 'arena_bringup.extensions'
[WARNING] [launch_ros.actions.node]: Failed to load entry point 'NodeLogLevelExtension': No module named 'arena_bringup.extensions'
[WARNING] [launch_ros.actions.node]: Failed to load entry point 'NodeLogLevelExtension': No module named 'arena_bringup.extensions'
[WARNING] [launch_ros.actions.node]: Failed to load entry point 'NodeLogLevelExtension': No module named 'arena_bringup.extensions'
[WARNING] [launch_ros.actions.node]: Failed to load entry point 'NodeLogLevelExtension': No module named 'arena_bringup.extensions'
[WARNING] [launch_ros.actions.node]: Failed to load entry point 'NodeLogLevelExtension': No module named 'arena_bringup.extensions'
[WARNING] [launch_ros.actions.node]: Failed to load entry point 'NodeLogLevelExtension': No module named 'arena_bringup.extensions'
[WARNING] [launch_ros.actions.node]: Failed to load entry point 'NodeLogLevelExtension': No module named 'arena_bringup.extensions'
[WARNING] [launch_ros.actions.node]: Failed to load entry point 'NodeLogLevelExtension': No module named 'arena_bringup.extensions'
[WARNING] [launch_ros.actions.node]: Failed to load entry point 'NodeLogLevelExtension': No module named 'arena_bringup.extensions'
[WARNING] [launch_ros.actions.node]: Failed to load entry point 'NodeLogLevelExtension': No module named 'arena_bringup.extensions'
[WARNING] [launch_ros.actions.node]: Failed to load entry point 'NodeLogLevelExtension': No module named 'arena_bringup.extensions'
[WARNING] [launch_ros.actions.node]: Failed to load entry point 'NodeLogLevelExtension': No module named 'arena_bringup.extensions'
[WARNING] [launch_ros.actions.node]: Failed to load entry point 'NodeLogLevelExtension': No module named 'arena_bringup.extensions'
[WARNING] [launch_ros.actions.node]: Failed to load entry point 'NodeLogLevelExtension': No module named 'arena_bringup.extensions'
[WARNING] [launch_ros.actions.node]: Failed to load entry point 'NodeLogLevelExtension': No module named 'arena_bringup.extensions'
[WARNING] [launch_ros.actions.node]: Failed to load entry point 'NodeLogLevelExtension': No module named 'arena_bringup.extensions'
[WARNING] [launch_ros.actions.node]: Failed to load entry point 'NodeLogLevelExtension': No module named 'arena_bringup.extensions'
[WARNING] [launch_ros.actions.node]: Failed to load entry point 'NodeLogLevelExtension': No module named 'arena_bringup.extensions'
[INFO] [python-1]: process started with pid [167794]
[INFO] [hunav_loader-2]: process started with pid [167796]
[INFO] [hunav_agent_manager-3]: process started with pid [167798]
[INFO] [robot_state_publisher-4]: process started with pid [167800]
[INFO] [hunav_six_behaviors_bridge-5]: process started with pid [167802]
[INFO] [map_server-6]: process started with pid [167804]
[INFO] [lifecycle_manager-7]: process started with pid [167806]
[INFO] [controller_server-8]: process started with pid [167808]
[INFO] [smoother_server-9]: process started with pid [167810]
[INFO] [planner_server-10]: process started with pid [167812]
[INFO] [behavior_server-11]: process started with pid [167814]
[INFO] [bt_navigator-12]: process started with pid [167816]
[INFO] [waypoint_follower-13]: process started with pid [167818]
[INFO] [velocity_smoother-14]: process started with pid [167820]
[INFO] [lifecycle_manager-15]: process started with pid [167822]
[INFO] [mpc_visualizer.py-16]: process started with pid [167824]
[INFO] [mpc_command_watchdog-17]: process started with pid [167826]
[robot_state_publisher-4] [WARN] [1789643235.332233301] [robot_state_publisher]: No robot_description parameter, but command-line argument available.  Assuming argument is name of URDF file.  This backwards compatibility fallback will be removed in the future.
[lifecycle_manager-7] [INFO] [1789643235.335961788] [lifecycle_manager_map]: Creating
[robot_state_publisher-4] [INFO] [1789643235.336971854] [robot_state_publisher]: got segment base_link
[robot_state_publisher-4] [INFO] [1789643235.336996185] [robot_state_publisher]: got segment chassis_link
[robot_state_publisher-4] [INFO] [1789643235.337001596] [robot_state_publisher]: got segment front_fender_link
[robot_state_publisher-4] [INFO] [1789643235.337005874] [robot_state_publisher]: got segment front_left_wheel_link
[robot_state_publisher-4] [INFO] [1789643235.337010730] [robot_state_publisher]: got segment front_mount
[robot_state_publisher-4] [INFO] [1789643235.337015391] [robot_state_publisher]: got segment front_right_wheel_link
[robot_state_publisher-4] [INFO] [1789643235.337020371] [robot_state_publisher]: got segment imu_link
[robot_state_publisher-4] [INFO] [1789643235.337024606] [robot_state_publisher]: got segment lidar_link
[robot_state_publisher-4] [INFO] [1789643235.337028827] [robot_state_publisher]: got segment mid_mount
[robot_state_publisher-4] [INFO] [1789643235.337032866] [robot_state_publisher]: got segment navsat_link
[robot_state_publisher-4] [INFO] [1789643235.337037074] [robot_state_publisher]: got segment rear_fender_link
[robot_state_publisher-4] [INFO] [1789643235.337041318] [robot_state_publisher]: got segment rear_left_wheel_link
[robot_state_publisher-4] [INFO] [1789643235.337051194] [robot_state_publisher]: got segment rear_mount
[robot_state_publisher-4] [INFO] [1789643235.337055443] [robot_state_publisher]: got segment rear_right_wheel_link
[lifecycle_manager-7] [INFO] [1789643235.337896891] [lifecycle_manager_map]: [34m[1mCreating and initializing lifecycle service clients[0m[0m
[smoother_server-9] [INFO] [1789643235.347758396] [smoother_server]: 
[smoother_server-9] 	smoother_server lifecycle node launched. 
[smoother_server-9] 	Waiting on external lifecycle transitions to activate
[smoother_server-9] 	See https://design.ros2.org/articles/node_lifecycle.html for more information.
[smoother_server-9] [INFO] [1789643235.349126089] [smoother_server]: Creating smoother server
[hunav_loader-2] [INFO] [1789643235.354905887] [hunav_loader]: map params: isaac_six_behaviors_warehouse
[hunav_loader-2] [INFO] [1789643235.354949735] [hunav_loader]: Agent name: regular
[hunav_loader-2] [INFO] [1789643235.355001344] [hunav_loader]: 	id: 1
[hunav_loader-2] [INFO] [1789643235.355056496] [hunav_loader]: 	skin: 0
[hunav_loader-2] [INFO] [1789643235.355104075] [hunav_loader]: 	group_id: -1
[hunav_loader-2] [INFO] [1789643235.355133893] [hunav_loader]: 	max_vel: 1.50
[hunav_loader-2] [INFO] [1789643235.355180253] [hunav_loader]: 	radius: 0.40
[hunav_loader-2] [INFO] [1789643235.355206901] [hunav_loader]: 	behavior type: 1
[hunav_loader-2] [INFO] [1789643235.355231471] [hunav_loader]: 	beh configuration: 1
[hunav_loader-2] [INFO] [1789643235.355407102] [hunav_loader]: 	beh duration: 40.00
[hunav_loader-2] [INFO] [1789643235.355419618] [hunav_loader]: 	beh vel: 0.60
[hunav_loader-2] [INFO] [1789643235.355425849] [hunav_loader]: 	beh just_once: 1
[hunav_loader-2] [INFO] [1789643235.355430220] [hunav_loader]: 	beh dist: 0.00
[hunav_loader-2] [INFO] [1789643235.355435198] [hunav_loader]: 	beh goalForceFactor: 2.00
[hunav_loader-2] [INFO] [1789643235.355440119] [hunav_loader]: 	beh obstacleForceFactor: 10.00
[hunav_loader-2] [INFO] [1789643235.355445407] [hunav_loader]: 	beh socialForceFactor: 5.00
[hunav_loader-2] [INFO] [1789643235.355449929] [hunav_loader]: 	beh otherForceFactor: 20.00
[hunav_loader-2] [INFO] [1789643235.355900454] [hunav_loader]: 	posex: 15.00
[hunav_loader-2] [INFO] [1789643235.355933424] [hunav_loader]: 	posey: 12.00
[hunav_loader-2] [INFO] [1789643235.355964865] [hunav_loader]: 	posez: 0.00
[hunav_loader-2] [INFO] [1789643235.356007083] [hunav_loader]: 	poseh: 3.14
[hunav_loader-2] [INFO] [1789643235.356040309] [hunav_loader]: 	goal_radius: 0.30
[hunav_loader-2] [INFO] [1789643235.356129197] [hunav_loader]: 	cyclic_goals: 1
[hunav_loader-2] [INFO] [1789643235.356375406] [hunav_loader]: 	Goal: g0
[hunav_loader-2] [INFO] [1789643235.356465840] [hunav_loader]: 		gx: 5.00
[hunav_loader-2] [INFO] [1789643235.356521893] [hunav_loader]: 		gy: 12.00
[hunav_loader-2] [INFO] [1789643235.356596899] [hunav_loader]: 		gh: 0.00
[hunav_loader-2] [INFO] [1789643235.356621484] [hunav_loader]: 	Goal: g1
[hunav_loader-2] [INFO] [1789643235.356694465] [hunav_loader]: 		gx: 15.00
[hunav_loader-2] [INFO] [1789643235.356771994] [hunav_loader]: 		gy: 12.00
[hunav_loader-2] [INFO] [1789643235.356852207] [hunav_loader]: 		gh: 0.00
[hunav_loader-2] [INFO] [1789643235.356876477] [hunav_loader]: Agent name: impassive
[hunav_loader-2] [INFO] [1789643235.356958672] [hunav_loader]: 	id: 2
[hunav_loader-2] [INFO] [1789643235.357056655] [hunav_loader]: 	skin: 4
[hunav_loader-2] [INFO] [1789643235.357143793] [hunav_loader]: 	group_id: -1
[hunav_loader-2] [INFO] [1789643235.357265701] [hunav_loader]: 	max_vel: 1.50
[hunav_loader-2] [INFO] [1789643235.357352955] [hunav_loader]: 	radius: 0.40
[hunav_loader-2] [INFO] [1789643235.357432050] [hunav_loader]: 	behavior type: 2
[hunav_loader-2] [INFO] [1789643235.357502401] [hunav_loader]: 	beh configuration: 1
[hunav_loader-2] [INFO] [1789643235.357955778] [hunav_loader]: 	beh duration: 40.00
[hunav_loader-2] [INFO] [1789643235.357995828] [hunav_loader]: 	beh vel: 0.60
[hunav_loader-2] [INFO] [1789643235.358019280] [hunav_loader]: 	beh just_once: 1
[hunav_loader-2] [INFO] [1789643235.358038816] [hunav_loader]: 	beh dist: 0.00
[hunav_loader-2] [INFO] [1789643235.358074840] [hunav_loader]: 	beh goalForceFactor: 2.00
[hunav_loader-2] [INFO] [1789643235.358094613] [hunav_loader]: 	beh obstacleForceFactor: 10.00
[hunav_loader-2] [INFO] [1789643235.358115672] [hunav_loader]: 	beh socialForceFactor: 5.00
[hunav_loader-2] [INFO] [1789643235.358135906] [hunav_loader]: 	beh otherForceFactor: 20.00
[hunav_loader-2] [INFO] [1789643235.358215714] [hunav_loader]: 	posex: 5.00
[hunav_loader-2] [INFO] [1789643235.358298055] [hunav_loader]: 	posey: 10.00
[hunav_loader-2] [INFO] [1789643235.358377977] [hunav_loader]: 	posez: 0.00
[hunav_loader-2] [INFO] [1789643235.358453983] [hunav_loader]: 	poseh: 0.00
[hunav_loader-2] [INFO] [1789643235.358531873] [hunav_loader]: 	goal_radius: 0.30
[hunav_loader-2] [INFO] [1789643235.358634957] [hunav_loader]: 	cyclic_goals: 1
[hunav_loader-2] [INFO] [1789643235.358718535] [hunav_loader]: 	Goal: g0
[hunav_loader-2] [INFO] [1789643235.358794244] [hunav_loader]: 		gx: 15.00
[hunav_loader-2] [INFO] [1789643235.358881462] [hunav_loader]: 		gy: 10.00
[hunav_loader-2] [INFO] [1789643235.359008040] [hunav_loader]: 		gh: 0.00
[hunav_loader-2] [INFO] [1789643235.359032268] [hunav_loader]: 	Goal: g1
[hunav_loader-2] [INFO] [1789643235.359109246] [hunav_loader]: 		gx: 5.00
[hunav_loader-2] [INFO] [1789643235.359171959] [hunav_loader]: 		gy: 10.00
[hunav_loader-2] [INFO] [1789643235.359320744] [hunav_loader]: 		gh: 0.00
[hunav_loader-2] [INFO] [1789643235.359337073] [hunav_loader]: Agent name: surprised
[hunav_loader-2] [INFO] [1789643235.359493917] [hunav_loader]: 	id: 3
[hunav_loader-2] [INFO] [1789643235.359546909] [hunav_loader]: 	skin: 2
[hunav_loader-2] [INFO] [1789643235.359602825] [hunav_loader]: 	group_id: -1
[hunav_loader-2] [INFO] [1789643235.359664971] [hunav_loader]: 	max_vel: 1.50
[hunav_loader-2] [INFO] [1789643235.359790610] [hunav_loader]: 	radius: 0.40
[hunav_loader-2] [INFO] [1789643235.359907513] [hunav_loader]: 	behavior type: 3
[bt_navigator-12] [INFO] [1789643235.359121610] [bt_navigator]: 
[bt_navigator-12] 	bt_navigator lifecycle node launched. 
[bt_navigator-12] 	Waiting on external lifecycle transitions to activate
[bt_navigator-12] 	See https://design.ros2.org/articles/node_lifecycle.html for more information.
[bt_navigator-12] [INFO] [1789643235.359164561] [bt_navigator]: Creating
[hunav_loader-2] [INFO] [1789643235.359992829] [hunav_loader]: 	beh configuration: 1
[hunav_loader-2] [INFO] [1789643235.360512845] [hunav_loader]: 	beh duration: 30.00
[hunav_loader-2] [INFO] [1789643235.360550917] [hunav_loader]: 	beh vel: 0.60
[hunav_loader-2] [INFO] [1789643235.360573955] [hunav_loader]: 	beh just_once: 0
[hunav_loader-2] [INFO] [1789643235.360592204] [hunav_loader]: 	beh dist: 4.00
[hunav_loader-2] [INFO] [1789643235.360611357] [hunav_loader]: 	beh goalForceFactor: 2.00
[hunav_loader-2] [INFO] [1789643235.360642851] [hunav_loader]: 	beh obstacleForceFactor: 10.00
[hunav_loader-2] [INFO] [1789643235.360663816] [hunav_loader]: 	beh socialForceFactor: 5.00
[hunav_loader-2] [INFO] [1789643235.360682545] [hunav_loader]: 	beh otherForceFactor: 20.00
[hunav_loader-2] [INFO] [1789643235.360770691] [hunav_loader]: 	posex: 6.50
[hunav_loader-2] [INFO] [1789643235.360892926] [hunav_loader]: 	posey: 4.50
[hunav_loader-2] [INFO] [1789643235.360978853] [hunav_loader]: 	posez: 0.00
[hunav_loader-2] [INFO] [1789643235.361087393] [hunav_loader]: 	poseh: 3.14
[hunav_loader-2] [INFO] [1789643235.361178802] [hunav_loader]: 	goal_radius: 0.30
[hunav_loader-2] [INFO] [1789643235.361269311] [hunav_loader]: 	cyclic_goals: 1
[hunav_loader-2] [INFO] [1789643235.361358216] [hunav_loader]: 	Goal: g0
[hunav_loader-2] [INFO] [1789643235.361439858] [hunav_loader]: 		gx: 6.50
[hunav_loader-2] [INFO] [1789643235.361533247] [hunav_loader]: 		gy: 8.50
[hunav_loader-2] [INFO] [1789643235.361618286] [hunav_loader]: 		gh: 0.00
[hunav_loader-2] [INFO] [1789643235.361644635] [hunav_loader]: 	Goal: g1
[hunav_loader-2] [INFO] [1789643235.361714542] [hunav_loader]: 		gx: 6.50
[hunav_loader-2] [INFO] [1789643235.361788052] [hunav_loader]: 		gy: 4.50
[hunav_loader-2] [INFO] [1789643235.361873466] [hunav_loader]: 		gh: 0.00
[hunav_loader-2] [INFO] [1789643235.361901035] [hunav_loader]: Agent name: scared
[planner_server-10] [INFO] [1789643235.360769855] [planner_server]: 
[planner_server-10] 	planner_server lifecycle node launched. 
[planner_server-10] 	Waiting on external lifecycle transitions to activate
[planner_server-10] 	See https://design.ros2.org/articles/node_lifecycle.html for more information.
[hunav_loader-2] [INFO] [1789643235.362000001] [hunav_loader]: 	id: 4
[hunav_loader-2] [INFO] [1789643235.362591112] [hunav_loader]: 	skin: 0
[hunav_loader-2] [INFO] [1789643235.362686962] [hunav_loader]: 	group_id: -1
[planner_server-10] [INFO] [1789643235.362199318] [planner_server]: Creating
[hunav_loader-2] [INFO] [1789643235.362765638] [hunav_loader]: 	max_vel: 1.50
[hunav_loader-2] [INFO] [1789643235.362846851] [hunav_loader]: 	radius: 0.40
[hunav_loader-2] [INFO] [1789643235.362996222] [hunav_loader]: 	behavior type: 4
[hunav_loader-2] [INFO] [1789643235.363150990] [hunav_loader]: 	beh configuration: 1
[hunav_loader-2] [INFO] [1789643235.363643272] [hunav_loader]: 	beh duration: 40.00
[hunav_loader-2] [INFO] [1789643235.363680697] [hunav_loader]: 	beh vel: 0.60
[hunav_loader-2] [INFO] [1789643235.363705364] [hunav_loader]: 	beh just_once: 0
[hunav_loader-2] [INFO] [1789643235.363738710] [hunav_loader]: 	beh dist: 3.00
[hunav_loader-2] [INFO] [1789643235.363760422] [hunav_loader]: 	beh goalForceFactor: 2.00
[hunav_loader-2] [INFO] [1789643235.363778549] [hunav_loader]: 	beh obstacleForceFactor: 10.00
[hunav_loader-2] [INFO] [1789643235.363799992] [hunav_loader]: 	beh socialForceFactor: 5.00
[hunav_loader-2] [INFO] [1789643235.363819822] [hunav_loader]: 	beh otherForceFactor: 20.00
[hunav_loader-2] [INFO] [1789643235.363924480] [hunav_loader]: 	posex: 4.50
[hunav_loader-2] [INFO] [1789643235.364009822] [hunav_loader]: 	posey: 5.00
[hunav_loader-2] [INFO] [1789643235.364161612] [hunav_loader]: 	posez: 0.00
[hunav_loader-2] [INFO] [1789643235.364264586] [hunav_loader]: 	poseh: -2.21
[hunav_loader-2] [INFO] [1789643235.364360854] [hunav_loader]: 	goal_radius: 0.30
[hunav_loader-2] [INFO] [1789643235.364451385] [hunav_loader]: 	cyclic_goals: 1
[hunav_loader-2] [INFO] [1789643235.364581194] [hunav_loader]: 	Goal: g0
[hunav_loader-2] [INFO] [1789643235.364677325] [hunav_loader]: 		gx: 1.50
[hunav_loader-2] [INFO] [1789643235.364768482] [hunav_loader]: 		gy: 8.00
[hunav_loader-2] [INFO] [1789643235.364869381] [hunav_loader]: 		gh: 0.00
[hunav_loader-2] [INFO] [1789643235.364898135] [hunav_loader]: 	Goal: g1
[hunav_loader-2] [INFO] [1789643235.365026213] [hunav_loader]: 		gx: 4.50
[hunav_loader-2] [INFO] [1789643235.365140104] [hunav_loader]: 		gy: 5.00
[hunav_loader-2] [INFO] [1789643235.365240282] [hunav_loader]: 		gh: 0.00
[hunav_loader-2] [INFO] [1789643235.365266903] [hunav_loader]: Agent name: curious
[hunav_loader-2] [INFO] [1789643235.365528631] [hunav_loader]: 	id: 5
[hunav_loader-2] [INFO] [1789643235.365667953] [hunav_loader]: 	skin: 3
[hunav_loader-2] [INFO] [1789643235.365893998] [hunav_loader]: 	group_id: -1
[map_server-6] [INFO] [1789643235.366345073] [map_server]: 
[map_server-6] 	map_server lifecycle node launched. 
[map_server-6] 	Waiting on external lifecycle transitions to activate
[map_server-6] 	See https://design.ros2.org/articles/node_lifecycle.html for more information.
[map_server-6] [INFO] [1789643235.366405795] [map_server]: Creating
[hunav_loader-2] [INFO] [1789643235.366423942] [hunav_loader]: 	max_vel: 1.50
[hunav_loader-2] [INFO] [1789643235.366999697] [hunav_loader]: 	radius: 0.40
[hunav_loader-2] [INFO] [1789643235.367096718] [hunav_loader]: 	behavior type: 5
[hunav_loader-2] [INFO] [1789643235.367160544] [hunav_loader]: 	beh configuration: 1
[controller_server-8] [INFO] [1789643235.367280272] [controller_server]: 
[controller_server-8] 	controller_server lifecycle node launched. 
[controller_server-8] 	Waiting on external lifecycle transitions to activate
[controller_server-8] 	See https://design.ros2.org/articles/node_lifecycle.html for more information.
[lifecycle_manager-15] [INFO] [1789643235.367485847] [lifecycle_manager_navigation]: Creating
[hunav_loader-2] [INFO] [1789643235.367883766] [hunav_loader]: 	beh duration: 30.00
[hunav_loader-2] [INFO] [1789643235.367903304] [hunav_loader]: 	beh vel: 0.80
[hunav_loader-2] [INFO] [1789643235.367916657] [hunav_loader]: 	beh just_once: 0
[hunav_loader-2] [INFO] [1789643235.367948105] [hunav_loader]: 	beh dist: 1.50
[hunav_loader-2] [INFO] [1789643235.367959520] [hunav_loader]: 	beh goalForceFactor: 2.00
[hunav_loader-2] [INFO] [1789643235.367969095] [hunav_loader]: 	beh obstacleForceFactor: 10.00
[hunav_loader-2] [INFO] [1789643235.367980519] [hunav_loader]: 	beh socialForceFactor: 5.00
[hunav_loader-2] [INFO] [1789643235.367989910] [hunav_loader]: 	beh otherForceFactor: 20.00
[hunav_loader-2] [INFO] [1789643235.368071523] [hunav_loader]: 	posex: 1.00
[hunav_loader-2] [INFO] [1789643235.368130530] [hunav_loader]: 	posey: 8.00
[hunav_loader-2] [INFO] [1789643235.368203781] [hunav_loader]: 	posez: 0.00
[hunav_loader-2] [INFO] [1789643235.368272160] [hunav_loader]: 	poseh: -1.57
[hunav_loader-2] [INFO] [1789643235.368322228] [hunav_loader]: 	goal_radius: 0.30
[hunav_loader-2] [INFO] [1789643235.368371517] [hunav_loader]: 	cyclic_goals: 1
[hunav_loader-2] [INFO] [1789643235.368433595] [hunav_loader]: 	Goal: g0
[hunav_loader-2] [INFO] [1789643235.368495458] [hunav_loader]: 		gx: 1.00
[hunav_loader-2] [INFO] [1789643235.368543908] [hunav_loader]: 		gy: 4.00
[hunav_loader-2] [INFO] [1789643235.368613593] [hunav_loader]: 		gh: 0.00
[hunav_loader-2] [INFO] [1789643235.368625920] [hunav_loader]: 	Goal: g1
[hunav_loader-2] [INFO] [1789643235.368673954] [hunav_loader]: 		gx: 1.00
[hunav_loader-2] [INFO] [1789643235.368725326] [hunav_loader]: 		gy: 8.00
[hunav_loader-2] [INFO] [1789643235.368794826] [hunav_loader]: 		gh: 0.00
[hunav_loader-2] [INFO] [1789643235.368808378] [hunav_loader]: Agent name: threatening
[hunav_loader-2] [INFO] [1789643235.368857915] [hunav_loader]: 	id: 6
[hunav_loader-2] [INFO] [1789643235.368913256] [hunav_loader]: 	skin: 5
[hunav_loader-2] [INFO] [1789643235.368990510] [hunav_loader]: 	group_id: -1
[hunav_loader-2] [INFO] [1789643235.369062588] [hunav_loader]: 	max_vel: 1.50
[behavior_server-11] [INFO] [1789643235.368817181] [behavior_server]: 
[behavior_server-11] 	behavior_server lifecycle node launched. 
[behavior_server-11] 	Waiting on external lifecycle transitions to activate
[behavior_server-11] 	See https://design.ros2.org/articles/node_lifecycle.html for more information.
[hunav_loader-2] [INFO] [1789643235.369142846] [hunav_loader]: 	radius: 0.40
[hunav_loader-2] [INFO] [1789643235.369208901] [hunav_loader]: 	behavior type: 6
[hunav_loader-2] [INFO] [1789643235.369259940] [hunav_loader]: 	beh configuration: 1
[hunav_loader-2] [INFO] [1789643235.369995299] [hunav_loader]: 	beh duration: 40.00
[hunav_loader-2] [INFO] [1789643235.370011590] [hunav_loader]: 	beh vel: 0.60
[hunav_loader-2] [INFO] [1789643235.370021616] [hunav_loader]: 	beh just_once: 0
[hunav_loader-2] [INFO] [1789643235.370032948] [hunav_loader]: 	beh dist: 1.40
[hunav_loader-2] [INFO] [1789643235.370042445] [hunav_loader]: 	beh goalForceFactor: 2.00
[hunav_loader-2] [INFO] [1789643235.370070629] [hunav_loader]: 	beh obstacleForceFactor: 10.00
[hunav_loader-2] [INFO] [1789643235.370088364] [hunav_loader]: 	beh socialForceFactor: 5.00
[hunav_loader-2] [INFO] [1789643235.370098677] [hunav_loader]: 	beh otherForceFactor: 20.00
[hunav_loader-2] [INFO] [1789643235.370151977] [hunav_loader]: 	posex: 6.00
[hunav_loader-2] [INFO] [1789643235.370196733] [hunav_loader]: 	posey: 3.00
[hunav_loader-2] [INFO] [1789643235.370258772] [hunav_loader]: 	posez: 0.00
[hunav_loader-2] [INFO] [1789643235.370304413] [hunav_loader]: 	poseh: 3.14
[hunav_loader-2] [INFO] [1789643235.370384136] [hunav_loader]: 	goal_radius: 0.30
[hunav_loader-2] [INFO] [1789643235.370618236] [hunav_loader]: 	cyclic_goals: 1
[hunav_loader-2] [INFO] [1789643235.370714865] [hunav_loader]: 	Goal: g0
[hunav_loader-2] [INFO] [1789643235.370799138] [hunav_loader]: 		gx: 10.00
[velocity_smoother-14] [INFO] [1789643235.370800117] [velocity_smoother]: 
[velocity_smoother-14] 	velocity_smoother lifecycle node launched. 
[velocity_smoother-14] 	Waiting on external lifecycle transitions to activate
[velocity_smoother-14] 	See https://design.ros2.org/articles/node_lifecycle.html for more information.
[hunav_loader-2] [INFO] [1789643235.370896630] [hunav_loader]: 		gy: 3.00
[hunav_loader-2] [INFO] [1789643235.370975037] [hunav_loader]: 		gh: 0.00
[hunav_loader-2] [INFO] [1789643235.370995859] [hunav_loader]: 	Goal: g1
[hunav_loader-2] [INFO] [1789643235.371083087] [hunav_loader]: 		gx: 6.00
[controller_server-8] [INFO] [1789643235.371309271] [controller_server]: Creating controller server
[hunav_loader-2] [INFO] [1789643235.371340812] [hunav_loader]: 		gy: 3.00
[hunav_loader-2] [INFO] [1789643235.371608033] [hunav_loader]: 		gh: 0.00
[lifecycle_manager-15] [INFO] [1789643235.372504755] [lifecycle_manager_navigation]: [34m[1mCreating and initializing lifecycle service clients[0m[0m
[waypoint_follower-13] [INFO] [1789643235.379450304] [waypoint_follower]: 
[waypoint_follower-13] 	waypoint_follower lifecycle node launched. 
[waypoint_follower-13] 	Waiting on external lifecycle transitions to activate
[waypoint_follower-13] 	See https://design.ros2.org/articles/node_lifecycle.html for more information.
[waypoint_follower-13] [INFO] [1789643235.380098689] [waypoint_follower]: Creating
[planner_server-10] [INFO] [1789643235.382108551] [global_costmap.global_costmap]: 
[planner_server-10] 	global_costmap lifecycle node launched. 
[planner_server-10] 	Waiting on external lifecycle transitions to activate
[planner_server-10] 	See https://design.ros2.org/articles/node_lifecycle.html for more information.
[planner_server-10] [INFO] [1789643235.382667928] [global_costmap.global_costmap]: Creating Costmap
[controller_server-8] [INFO] [1789643235.383629453] [local_costmap.local_costmap]: 
[controller_server-8] 	local_costmap lifecycle node launched. 
[controller_server-8] 	Waiting on external lifecycle transitions to activate
[controller_server-8] 	See https://design.ros2.org/articles/node_lifecycle.html for more information.
[controller_server-8] [INFO] [1789643235.384150138] [local_costmap.local_costmap]: Creating Costmap
[mpc_command_watchdog-17] [WARN] [1789643235.403881158] [mpc_command_watchdog]: publishing zero command: controller_status
[lifecycle_manager-7] [INFO] [1789643235.426319882] [lifecycle_manager_map]: [34m[1mStarting managed nodes bringup...[0m[0m
[lifecycle_manager-7] [INFO] [1789643235.426381554] [lifecycle_manager_map]: [34m[1mConfiguring map_server[0m[0m
[map_server-6] [INFO] [1789643235.426810986] [map_server]: Configuring
[map_server-6] [INFO] [1789643235.426887042] [map_io]: Loading yaml file: /home/lpc/workspace/arena5_ws/install/arena_simulation_setup/share/arena_simulation_setup/worlds/map_empty/map/map.yaml
[map_server-6] [INFO] [1789643235.427443906] [map_io]: resolution: 0.05
[map_server-6] [INFO] [1789643235.427459605] [map_io]: origin[0]: 0
[map_server-6] [INFO] [1789643235.427468205] [map_io]: origin[1]: 0
[map_server-6] [INFO] [1789643235.427475999] [map_io]: origin[2]: 0
[map_server-6] [INFO] [1789643235.427484827] [map_io]: free_thresh: 0.196
[map_server-6] [INFO] [1789643235.427493387] [map_io]: occupied_thresh: 0.65
[map_server-6] [INFO] [1789643235.427501079] [map_io]: mode: trinary
[map_server-6] [INFO] [1789643235.427508679] [map_io]: negate: 0
[map_server-6] [INFO] [1789643235.427796481] [map_io]: Loading image_file: /home/lpc/workspace/arena5_ws/install/arena_simulation_setup/share/arena_simulation_setup/worlds/map_empty/map/map.png
[hunav_agent_manager-3] [INFO] [1789643235.487576879] [hunav_agent_manager]: Initializing hunav_agent_manager node...
[hunav_agent_manager-3] [INFO] [1789643235.488005586] [hunav_agent_manager]: BT nodes registered
[lifecycle_manager-15] [INFO] [1789643235.515441934] [lifecycle_manager_navigation]: [34m[1mStarting managed nodes bringup...[0m[0m
[lifecycle_manager-15] [INFO] [1789643235.515501701] [lifecycle_manager_navigation]: [34m[1mConfiguring controller_server[0m[0m
[controller_server-8] [INFO] [1789643235.515721125] [controller_server]: Configuring controller interface
[controller_server-8] [INFO] [1789643235.515882738] [controller_server]: getting goal checker plugins..
[controller_server-8] [INFO] [1789643235.516074815] [controller_server]: Controller frequency set to 10.0000Hz
[controller_server-8] [INFO] [1789643235.516135568] [local_costmap.local_costmap]: Configuring
[controller_server-8] [INFO] [1789643235.523129791] [local_costmap.local_costmap]: Using plugin "voxel_layer"
[controller_server-8] [INFO] [1789643235.526999365] [local_costmap.local_costmap]: Subscribed to Topics: lidar depth_clearing
[controller_server-8] [INFO] [1789643235.535063585] [local_costmap.local_costmap]: Initialized plugin "voxel_layer"
[controller_server-8] [INFO] [1789643235.535086879] [local_costmap.local_costmap]: Using plugin "inflation_layer"
[controller_server-8] [INFO] [1789643235.535615615] [local_costmap.local_costmap]: Initialized plugin "inflation_layer"
[controller_server-8] [INFO] [1789643235.543222291] [controller_server]: Created progress_checker : progress_checker of type nav2_controller::SimpleProgressChecker
[controller_server-8] [INFO] [1789643235.544398549] [controller_server]: Created goal checker : goal_checker of type nav2_controller::SimpleGoalChecker
[controller_server-8] [INFO] [1789643235.544741210] [controller_server]: Controller Server has goal_checker  goal checkers available.
[map_server-6] [INFO] [1789643235.550486731] [map_io]: Read map /home/lpc/workspace/arena5_ws/install/arena_simulation_setup/share/arena_simulation_setup/worlds/map_empty/map/map.png: 626 X 481 map @ 0.05 m/cell
[lifecycle_manager-7] [INFO] [1789643235.557417925] [lifecycle_manager_map]: [34m[1mActivating map_server[0m[0m
[map_server-6] [INFO] [1789643235.558174773] [map_server]: Activating
[map_server-6] [INFO] [1789643235.558507627] [map_server]: Creating bond (map_server) to lifecycle manager.
[controller_server-8] [INFO] [1789643235.589289650] [controller_server]: Created controller : FollowPath of type arena_mpc_controller::MpcController
[mpc_visualizer.py-16] [INFO] [1789643235.643199875] [mpc_visualizer]: Publishing /mpc/global_plan, /mpc/local_trajectory, and /mpc/human_markers
[lifecycle_manager-7] [INFO] [1789643235.665444050] [lifecycle_manager_map]: Server map_server connected with bond.
[lifecycle_manager-7] [INFO] [1789643235.665546565] [lifecycle_manager_map]: [34m[1mManaged nodes are active[0m[0m
[lifecycle_manager-7] [INFO] [1789643235.665582202] [lifecycle_manager_map]: [34m[1mCreating bond timer...[0m[0m
[hunav_six_behaviors_bridge-5] [INFO] [1789643235.746173749] [arena_hunav_isaac_bridge]: SIX_BEHAVIORS_SCHEDULER compute_rate=40.0 display_rate=5.0 max_dt=0.025 scheduler_rate=100.0 ideal_chassis=True
[controller_server-8] [INFO] [1789643236.071864531] [controller_server]: Configured FollowPath: CasADi graph N=25 dynamic_slots=8 build occurs outside control loop
[controller_server-8] [INFO] [1789643236.071905307] [controller_server]: Controller Server has FollowPath  controllers available.
[lifecycle_manager-15] [INFO] [1789643236.075877505] [lifecycle_manager_navigation]: [34m[1mConfiguring smoother_server[0m[0m
[smoother_server-9] [INFO] [1789643236.076181751] [smoother_server]: Configuring smoother server
[smoother_server-9] [INFO] [1789643236.084498596] [smoother_server]: Created smoother : simple_smoother of type nav2_smoother::SimpleSmoother
[smoother_server-9] [INFO] [1789643236.084925357] [smoother_server]: Smoother Server has simple_smoother  smoothers available.
[lifecycle_manager-15] [INFO] [1789643236.089136255] [lifecycle_manager_navigation]: [34m[1mConfiguring planner_server[0m[0m
[planner_server-10] [INFO] [1789643236.089448087] [planner_server]: Configuring
[planner_server-10] [INFO] [1789643236.089542786] [global_costmap.global_costmap]: Configuring
[planner_server-10] [INFO] [1789643236.100849226] [global_costmap.global_costmap]: Using plugin "static_layer"
[planner_server-10] [INFO] [1789643236.107514944] [global_costmap.global_costmap]: Subscribing to the map topic (/task_generator_node/map) with transient local durability
[planner_server-10] [INFO] [1789643236.109440605] [global_costmap.global_costmap]: Initialized plugin "static_layer"
[planner_server-10] [INFO] [1789643236.109475598] [global_costmap.global_costmap]: Using plugin "inflation_layer"
[planner_server-10] [INFO] [1789643236.110539192] [global_costmap.global_costmap]: Initialized plugin "inflation_layer"
[planner_server-10] [INFO] [1789643236.122653999] [global_costmap.global_costmap]: StaticLayer: Resizing costmap to 626 X 481 at 0.050000 m/pix
[planner_server-10] [INFO] [1789643236.122899943] [planner_server]: Created global planner plugin GridBased of type nav2_navfn_planner/NavfnPlanner
[planner_server-10] [INFO] [1789643236.122934596] [planner_server]: Configuring plugin GridBased of type NavfnPlanner
[planner_server-10] [INFO] [1789643236.123866537] [planner_server]: Planner Server has GridBased  planners available.
[lifecycle_manager-15] [INFO] [1789643236.131121721] [lifecycle_manager_navigation]: [34m[1mConfiguring behavior_server[0m[0m
[behavior_server-11] [INFO] [1789643236.131378498] [behavior_server]: Configuring
[behavior_server-11] [INFO] [1789643236.140265754] [behavior_server]: Creating behavior plugin spin of type nav2_behaviors/Spin
[behavior_server-11] [INFO] [1789643236.141603489] [behavior_server]: Configuring spin
[behavior_server-11] [INFO] [1789643236.145426211] [behavior_server]: Creating behavior plugin backup of type nav2_behaviors/BackUp
[behavior_server-11] [INFO] [1789643236.146786118] [behavior_server]: Configuring backup
[behavior_server-11] [INFO] [1789643236.149867544] [behavior_server]: Creating behavior plugin drive_on_heading of type nav2_behaviors/DriveOnHeading
[behavior_server-11] [INFO] [1789643236.151397851] [behavior_server]: Configuring drive_on_heading
[behavior_server-11] [INFO] [1789643236.155571498] [behavior_server]: Creating behavior plugin wait of type nav2_behaviors/Wait
[behavior_server-11] [INFO] [1789643236.157131015] [behavior_server]: Configuring wait
[lifecycle_manager-15] [INFO] [1789643236.161022267] [lifecycle_manager_navigation]: [34m[1mConfiguring bt_navigator[0m[0m
[bt_navigator-12] [INFO] [1789643236.161350374] [bt_navigator]: Configuring
[lifecycle_manager-15] [INFO] [1789643236.235730704] [lifecycle_manager_navigation]: [34m[1mConfiguring waypoint_follower[0m[0m
[waypoint_follower-13] [INFO] [1789643236.236062911] [waypoint_follower]: Configuring
[waypoint_follower-13] [INFO] [1789643236.256368200] [waypoint_follower]: Created waypoint_task_executor : wait_at_waypoint of type nav2_waypoint_follower::WaitAtWaypoint
[waypoint_follower-13] [INFO] [1789643236.256653777] [waypoint_follower]: Waypoint pause duration is set to zero, disabling task executor plugin.
[lifecycle_manager-15] [INFO] [1789643236.257174590] [lifecycle_manager_navigation]: [34m[1mConfiguring velocity_smoother[0m[0m
[velocity_smoother-14] [INFO] [1789643236.257495030] [velocity_smoother]: Configuring velocity smoother
[lifecycle_manager-15] [INFO] [1789643236.263156668] [lifecycle_manager_navigation]: [34m[1mActivating controller_server[0m[0m
[controller_server-8] [INFO] [1789643236.263440355] [controller_server]: Activating
[controller_server-8] [INFO] [1789643236.263524105] [local_costmap.local_costmap]: Activating
[controller_server-8] [INFO] [1789643236.263550631] [local_costmap.local_costmap]: Checking transform
[controller_server-8] [INFO] [1789643236.263576016] [local_costmap.local_costmap]: Timed out waiting for transform from base_link to odom to become available, tf error: Invalid frame ID "odom" passed to canTransform argument target_frame - frame does not exist
[python-1] [Info] [carb] Logging to file: /home/lpc/workspace/arena5_ws/logs/runs/20260917_190714_mpc_release_gpu1/isaac_kit.log
[python-1] 2026-09-17T11:07:15Z [1ms] [Warning] [carb.crashreporter-breakpad.plugin] [previous crash] preventing upload of minidump due to user opt-out: '/home/lpc/miniforge3/envs/isaaclab/lib/python3.11/site-packages/isaacsim/kit/data/Kit/Isaac-Sim Python/5.1/d0101944-202b-4b9c-3f7c8da8-988d6825.dmp'
[python-1] 2026-09-17T11:07:15Z [4ms] [Warning] [carb.crashreporter-breakpad.plugin] [previous crash] preventing upload of minidump due to user opt-out: '/home/lpc/miniforge3/envs/isaaclab/lib/python3.11/site-packages/isaacsim/kit/data/Kit/Isaac-Sim Python/5.1/0ac5911a-264e-47a3-2a16f79d-c5b7759a.dmp'
[python-1] 2026-09-17T11:07:15Z [5ms] [Warning] [carb.crashreporter-breakpad.plugin] [previous crash] preventing upload of minidump due to user opt-out: '/home/lpc/miniforge3/envs/isaaclab/lib/python3.11/site-packages/isaacsim/kit/data/Kit/Isaac-Sim Python/5.1/873d0d6d-b3e2-40f3-6eb3df86-85c4cb14.dmp'
[python-1] 2026-09-17T11:07:15Z [6ms] [Warning] [carb.crashreporter-breakpad.plugin] [previous crash] preventing upload of minidump due to user opt-out: '/home/lpc/miniforge3/envs/isaaclab/lib/python3.11/site-packages/isaacsim/kit/data/Kit/Isaac-Sim Python/5.1/54846835-9b12-4c85-5eb92bac-99ba56c4.dmp'
[python-1] 2026-09-17T11:07:15Z [7ms] [Warning] [carb.crashreporter-breakpad.plugin] [previous crash] preventing upload of minidump due to user opt-out: '/home/lpc/miniforge3/envs/isaaclab/lib/python3.11/site-packages/isaacsim/kit/data/Kit/Isaac-Sim Python/5.1/4c7676b1-3af0-4296-87341b84-52502d37.dmp'
[python-1] 2026-09-17T11:07:15Z [8ms] [Warning] [carb.crashreporter-breakpad.plugin] [previous crash] preventing upload of minidump due to user opt-out: '/home/lpc/miniforge3/envs/isaaclab/lib/python3.11/site-packages/isaacsim/kit/data/Kit/Isaac-Sim Python/5.1/4fb36b02-970f-460e-d915d5bf-47095803.dmp'
[python-1] [0.073s] [ext: omni.kit.async_engine-0.0.3] startup
[python-1] [0.202s] [ext: omni.metrics.core-0.0.3] startup
[python-1] [0.203s] [ext: omni.client.lib-1.1.0] startup
[python-1] [0.221s] [ext: omni.blobkey-1.1.2] startup
[python-1] [0.221s] [ext: omni.stats-1.0.1] startup
[python-1] [0.222s] [ext: omni.datastore-0.0.0] startup
[python-1] [0.230s] [ext: omni.client-1.3.0] startup
[python-1] [0.237s] [ext: omni.ujitso.default-1.0.0] startup
[python-1] [0.239s] [ext: omni.hsscclient-1.1.2] startup
[python-1] [0.266s] [ext: omni.gpu_foundation.shadercache.vulkan-1.0.0] startup
[python-1] [0.272s] [ext: omni.assets.plugins-0.0.0] startup
[python-1] [0.273s] [ext: omni.gpu_foundation-0.0.0] startup
[python-1] [0.284s] [ext: carb.windowing.plugins-1.0.0] startup
[python-1] 2026-09-17T11:07:15Z [256ms] [Warning] [carb.windowing-glfw.plugin] GLFW initialization failed.
[python-1] 2026-09-17T11:07:15Z [256ms] [Warning] [carb] Failed to startup plugin carb.windowing-glfw.plugin (interfaces: [carb::windowing::IGLContext v1.0],[carb::windowing::IWindowing v1.5]) (impl: carb.windowing-glfw.plugin)
[python-1] [0.285s] [ext: omni.kit.renderer.init-0.0.0] startup
[python-1] 2026-09-17T11:07:15Z [323ms] [Warning] [omni.platforminfo.plugin] failed to open the default display.  Can't verify X Server version.
[python-1] 2026-09-17T11:07:15Z [324ms] [Warning] [carb.cudainterop.plugin] CUDA_VISIBLE_DEVICES environment variable is set.
[python-1] 2026-09-17T11:07:15Z [324ms] [Warning] [carb.cudainterop.plugin] Note CUDA device enumeration and Omniverse device enumeration are different.
[python-1] 2026-09-17T11:07:15Z [324ms] [Warning] [carb.cudainterop.plugin] Setting CUDA_VISIBLE_DEVICES can lead to undesired behavior or crashes.
[python-1] 2026-09-17T11:07:16Z [857ms] [Warning] [gpu.foundation.plugin] Skipping NVIDIA GPU due CUDA being in bad state: NVIDIA GeForce RTX 4090
[python-1] 2026-09-17T11:07:16Z [857ms] [Warning] [gpu.foundation.plugin] Please restart your system if CUDA is known to work in your system.
[python-1] 2026-09-17T11:07:16Z [866ms] [Warning] [gpu.foundation.plugin] Skipping NVIDIA GPU due CUDA being in bad state: NVIDIA GeForce RTX 4090
[python-1] 2026-09-17T11:07:16Z [866ms] [Warning] [gpu.foundation.plugin] Please restart your system if CUDA is known to work in your system.
[python-1] 2026-09-17T11:07:16Z [868ms] [Warning] [gpu.foundation.plugin] Skipping NVIDIA GPU due CUDA being in bad state: NVIDIA GeForce RTX 4090
[python-1] 2026-09-17T11:07:16Z [868ms] [Warning] [gpu.foundation.plugin] Please restart your system if CUDA is known to work in your system.
[controller_server-8] [INFO] [1789643236.763634456] [local_costmap.local_costmap]: Timed out waiting for transform from base_link to odom to become available, tf error: Invalid frame ID "odom" passed to canTransform argument target_frame - frame does not exist
[python-1] 2026-09-17T11:07:16Z [868ms] [Warning] [gpu.foundation.plugin] Skipping NVIDIA GPU due CUDA being in bad state: NVIDIA GeForce RTX 4090
[python-1] 2026-09-17T11:07:16Z [868ms] [Warning] [gpu.foundation.plugin] Please restart your system if CUDA is known to work in your system.
[python-1] 2026-09-17T11:07:16Z [868ms] [Warning] [gpu.foundation.plugin] Skipping NVIDIA GPU due CUDA being in bad state: NVIDIA GeForce RTX 4090
[python-1] 2026-09-17T11:07:16Z [868ms] [Warning] [gpu.foundation.plugin] Please restart your system if CUDA is known to work in your system.
[python-1] 2026-09-17T11:07:16Z [868ms] [Warning] [gpu.foundation.plugin] Skipping NVIDIA GPU due CUDA being in bad state: NVIDIA GeForce RTX 4090
[python-1] 2026-09-17T11:07:16Z [868ms] [Warning] [gpu.foundation.plugin] Please restart your system if CUDA is known to work in your system.
[python-1] 
[python-1] |---------------------------------------------------------------------------------------------|
[python-1] | Driver Version: 580.126.09    | Graphics API: Vulkan
[python-1] |=============================================================================================|
[python-1] | GPU | Name                             | Active | LDA | GPU Memory | Vendor-ID | LUID       |
[python-1] |     |                                  |        |     |            | Device-ID | UUID       |
[python-1] |     |                                  |        |     |            | Bus-ID    |            |
[python-1] |---------------------------------------------------------------------------------------------|
[python-1] | 0   | NVIDIA GeForce RTX 4090          |        |     | 24810   MB | 10de      | 0          |
[python-1] |     |                                  |        |     |            | 2684      | cff28fa1.. |
[python-1] |     |                                  |        |     |            | 31        |            |
[python-1] |---------------------------------------------------------------------------------------------|
[python-1] | 1   | NVIDIA GeForce RTX 4090          | Yes: 0 |     | 24810   MB | 10de      | 0          |
[python-1] |     |                                  |        |     |            | 2684      | 53d85912.. |
[python-1] |     |                                  |        |     |            | 4b        |            |
[python-1] |---------------------------------------------------------------------------------------------|
[python-1] | 2   | NVIDIA GeForce RTX 4090          |        |     | 24810   MB | 10de      | 0          |
[python-1] |     |                                  |        |     |            | 2684      | 2d2c45be.. |
[python-1] |     |                                  |        |     |            | b1        |            |
[python-1] |---------------------------------------------------------------------------------------------|
[python-1] | 3   | NVIDIA GeForce RTX 4090          |        |     | 24810   MB | 10de      | 0          |
[python-1] |     |                                  |        |     |            | 2684      | 6fc79961.. |
[python-1] |     |                                  |        |     |            | ca        |            |
[python-1] |=============================================================================================|
[python-1] | OS: 22.04.5 LTS (Jammy Jellyfish) ubuntu, Version: 22.04.5, Kernel: 6.8.0-136-generic
[python-1] | Processor: Intel(R) Xeon(R) Gold 6330 CPU @ 2.00GHz
[python-1] | Cores: 56 | Logical Cores: 112
[python-1] |---------------------------------------------------------------------------------------------|
[python-1] | Total Memory (MB): 257544 | Free Memory: 228690
[python-1] | Total Page/Swap (MB): 2047 | Free Page/Swap: 1484
[python-1] |---------------------------------------------------------------------------------------------|
[python-1] 2026-09-17T11:07:16Z [1,308ms] [Warning] [gpu.foundation.plugin] CPU performance profile is set to powersave. This profile sets the CPU to the lowest frequency reducing performance.
[python-1] 2026-09-17T11:07:16Z [1,317ms] [Warning] [gpu.foundation.plugin] IOMMU is enabled.
[python-1] 2026-09-17T11:07:16Z [1,318ms] [Warning] [gpu.foundation.plugin] Detected IOMMU is enabled. Running CUDA peer-to-peer bandwidth and latency validation.
[python-1] Unidirectional P2P=Enabled Bandwidth (P2P Writes) Matrix (GB/s)
[python-1]    D\D     0 
[python-1]      0 939.11 
[python-1] P2P=Enabled Latency (P2P Writes) Matrix (us)
[python-1]    GPU     0 
[python-1]      0   1.42 
[python-1] 
[python-1]    CPU     0 
[python-1]      0   3.10 
[controller_server-8] [INFO] [1789643237.263699395] [local_costmap.local_costmap]: Timed out waiting for transform from base_link to odom to become available, tf error: Invalid frame ID "odom" passed to canTransform argument target_frame - frame does not exist
[controller_server-8] [INFO] [1789643237.763678152] [local_costmap.local_costmap]: Timed out waiting for transform from base_link to odom to become available, tf error: Invalid frame ID "odom" passed to canTransform argument target_frame - frame does not exist
[python-1] [1.564s] [ext: omni.materialx.libs-1.0.7] startup
[python-1] [1.574s] [ext: omni.kit.telemetry-0.5.2] startup
[python-1] [1.622s] [ext: omni.usd.config-1.0.6] startup
[python-1] [1.627s] [ext: omni.gpucompute.plugins-0.0.0] startup
[python-1] [1.628s] [ext: omni.usd.libs-1.0.1] startup
[python-1] [1.743s] [ext: omni.kit.loop-isaac-1.3.7] startup
[python-1] [1.744s] [ext: omni.kit.test-2.0.1] startup
[python-1] [1.824s] [ext: omni.mdl-56.0.3] startup
[python-1] [1.916s] [ext: omni.iray.libs-0.0.0] startup
[python-1] [1.924s] [ext: omni.mdl.neuraylib-0.2.12] startup
[python-1] [1.926s] [ext: omni.kit.usd.mdl-1.1.5] startup
[python-1] [2.047s] [ext: omni.kit.pipapi-0.0.0] startup
[python-1] [2.048s] [ext: omni.appwindow-1.1.10] startup
[python-1] 2026-09-17T11:07:17Z [2,020ms] [Warning] [carb.windowing-glfw.plugin] GLFW initialization failed.
[python-1] 2026-09-17T11:07:17Z [2,020ms] [Warning] [carb] Failed to startup plugin carb.windowing-glfw.plugin (interfaces: [carb::windowing::IGLContext v1.0],[carb::windowing::IWindowing v1.5]) (impl: carb.windowing-glfw.plugin)
[python-1] [2.051s] [ext: omni.kit.renderer.core-1.1.0] startup
[python-1] 2026-09-17T11:07:17Z [2,040ms] [Warning] [carb.windowing-glfw.plugin] GLFW initialization failed.
[python-1] 2026-09-17T11:07:17Z [2,040ms] [Warning] [carb] Failed to startup plugin carb.windowing-glfw.plugin (interfaces: [carb::windowing::IGLContext v1.0],[carb::windowing::IWindowing v1.5]) (impl: carb.windowing-glfw.plugin)
[python-1] 2026-09-17T11:07:17Z [2,049ms] [Warning] [carb.windowing-glfw.plugin] GLFW initialization failed.
[python-1] 2026-09-17T11:07:17Z [2,049ms] [Warning] [carb] Failed to startup plugin carb.windowing-glfw.plugin (interfaces: [carb::windowing::IGLContext v1.0],[carb::windowing::IWindowing v1.5]) (impl: carb.windowing-glfw.plugin)
[python-1] [2.080s] [ext: omni.kit.renderer.capture-0.0.0] startup
[python-1] [2.083s] [ext: omni.kit.renderer.imgui-2.0.5] startup
[python-1] 2026-09-17T11:07:17Z [2,059ms] [Warning] [carb.windowing-glfw.plugin] GLFW initialization failed.
[python-1] 2026-09-17T11:07:17Z [2,059ms] [Warning] [carb] Failed to startup plugin carb.windowing-glfw.plugin (interfaces: [carb::windowing::IGLContext v1.0],[carb::windowing::IWindowing v1.5]) (impl: carb.windowing-glfw.plugin)
[python-1] 2026-09-17T11:07:17Z [2,061ms] [Warning] [carb.windowing-glfw.plugin] GLFW initialization failed.
[python-1] 2026-09-17T11:07:17Z [2,061ms] [Warning] [carb] Failed to startup plugin carb.windowing-glfw.plugin (interfaces: [carb::windowing::IGLContext v1.0],[carb::windowing::IWindowing v1.5]) (impl: carb.windowing-glfw.plugin)
[python-1] 2026-09-17T11:07:17Z [2,062ms] [Warning] [carb.windowing-glfw.plugin] GLFW initialization failed.
[python-1] 2026-09-17T11:07:17Z [2,062ms] [Warning] [carb] Failed to startup plugin carb.windowing-glfw.plugin (interfaces: [carb::windowing::IGLContext v1.0],[carb::windowing::IWindowing v1.5]) (impl: carb.windowing-glfw.plugin)
[python-1] [2.173s] [ext: omni.ui-2.27.1] startup
[python-1] [2.185s] [ext: omni.kit.mainwindow-1.0.3] startup
[python-1] [2.186s] [ext: carb.audio-0.1.0] startup
[python-1] [2.192s] [ext: omni.uiaudio-1.0.0] startup
[python-1] [2.193s] [ext: omni.kit.uiapp-0.0.0] startup
[python-1] [2.193s] [ext: omni.usd.schema.metrics.assembler-107.3.1] startup
[python-1] [2.196s] [ext: omni.usd.schema.physx-107.3.26] startup
[python-1] [2.237s] [ext: omni.usd.schema.geospatial-0.0.0] startup
[python-1] [2.240s] [ext: omni.usd.schema.audio-0.0.0] startup
[python-1] [2.244s] [ext: omni.usd.schema.anim-0.0.0] startup
[python-1] [2.268s] [ext: omni.usd.schema.flow-107.1.1] startup
[python-1] [2.269s] [ext: omni.usd_resolver-1.0.0] startup
[python-1] [2.273s] [ext: omni.usd.core-1.5.3] startup
[python-1] [2.276s] [ext: omni.usd.schema.omni_sensors-0.0.0] startup
[python-1] [2.301s] [ext: omni.usd.schema.semantics-0.0.0] startup
[python-1] [2.304s] [ext: omni.usd.schema.omniscripting-1.0.0] startup
[python-1] [2.310s] [ext: omni.usd.schema.omni_lens_distortion-0.0.0] startup
[python-1] [2.310s] [ext: omni.usd.schema.omnigraph-1.0.0] startup
[python-1] [2.318s] [ext: omni.kit.window.popup_dialog-2.0.24] startup
[python-1] [2.322s] [ext: omni.graph.exec-0.9.6] startup
[python-1] [2.323s] [ext: omni.kit.widget.nucleus_connector-2.0.1] startup
[python-1] [2.325s] [ext: omni.kit.usd_undo-0.1.8] startup
[python-1] [2.326s] [ext: omni.kit.exec.core-0.13.4] startup
[python-1] [2.328s] [ext: omni.kit.actions.core-1.0.0] startup
[python-1] [2.331s] [ext: omni.resourcemonitor-107.0.1] startup
[python-1] [2.334s] [ext: omni.activity.core-1.0.3] startup
[python-1] [2.335s] [ext: omni.timeline-1.0.14] startup
[python-1] [2.337s] [ext: omni.kit.commands-1.4.10] startup
[python-1] [2.342s] [ext: usdrt.scenegraph-7.6.1] startup
[python-1] [2.384s] [ext: omni.kit.audiodeviceenum-1.0.2] startup
[python-1] [2.386s] [ext: omni.hydra.usdrt_delegate-7.5.1] startup
[python-1] [2.394s] [ext: omni.hydra.scene_delegate-0.3.4] startup
[python-1] [2.399s] [ext: omni.usd-1.13.10] startup
[python-1] [2.437s] [ext: omni.inspect-1.0.2] startup
[python-1] [2.439s] [ext: omni.kit.notification_manager-1.0.10] startup
[python-1] [2.440s] [ext: omni.graph.core-2.184.5] startup
[python-1] [2.444s] [ext: isaacsim.core.deprecation_manager-0.2.7] startup
[python-1] [2.445s] [ext: omni.anim.graph.schema-107.3.3] startup
[python-1] [2.453s] [ext: omni.usd.schema.isaac-3.0.5] startup
[python-1] [2.453s] [ext: omni.anim.navigation.schema-107.3.3] startup
[python-1] [2.457s] [ext: omni.kit.asset_converter-5.0.17] startup
[python-1] [2.472s] [ext: isaacsim.robot.schema-3.6.0] startup
[python-1] [2.483s] [ext: omni.usd.schema.render_settings.rtx-0.0.0] startup
[python-1] [2.484s] [ext: omni.kit.menu.core-1.1.2] startup
[python-1] [2.484s] [ext: omni.kit.widget.path_field-2.0.11] startup
[python-1] [2.485s] [ext: omni.kit.widget.context_menu-1.2.5] startup
[python-1] [2.487s] [ext: omni.kit.widget.browser_bar-2.0.10] startup
[python-1] [2.488s] [ext: omni.kit.clipboard-1.0.5] startup
[python-1] [2.489s] [ext: omni.kit.numpy.common-0.1.3] startup
[python-1] [2.491s] [ext: omni.kit.widget.options_menu-1.1.6] startup
[python-1] [2.494s] [ext: omni.kit.helper.file_utils-0.1.9] startup
[python-1] [2.496s] [ext: omni.ui.scene-1.11.5] startup
[python-1] [2.501s] [ext: omni.kit.widget.options_button-1.0.3] startup
[python-1] [2.502s] [ext: omni.kit.widget.filebrowser-2.12.3] startup
[python-1] [2.507s] [ext: omni.kit.usd.layers-2.2.11] startup
[python-1] [2.516s] [ext: omni.kit.window.filepicker-2.13.4] startup
[python-1] [2.533s] [ext: omni.kit.hotkeys.core-1.3.10] startup
[python-1] [2.537s] [ext: omni.kit.context_menu-1.8.6] startup
[python-1] [2.539s] [ext: omni.kit.property.adapter.core-1.0.2] startup
[python-1] [2.541s] [ext: omni.kit.window.file_exporter-1.0.33] startup
[python-1] [2.543s] [ext: omni.kit.widget.searchfield-1.1.8] startup
[python-1] [2.545s] [ext: omni.kit.widget.filter-1.1.4] startup
[python-1] [2.546s] [ext: omni.kit.widget.graph-2.0.0] startup
[python-1] [2.552s] [ext: omni.kit.widget.stage-3.1.4] startup
[python-1] [2.566s] [ext: omni.kit.property.adapter.usd-1.0.2] startup
[python-1] [2.567s] [ext: omni.kit.property.adapter.fabric-1.0.3] startup
[python-1] [2.569s] [ext: omni.kit.graph.delegate.default-1.2.3] startup
[python-1] [2.569s] [ext: omni.kit.window.file_importer-1.1.18] startup
[python-1] [2.570s] [ext: omni.kit.stage_template.core-1.1.22] startup
[python-1] [2.571s] [ext: omni.kit.menu.utils-2.0.5] startup
[python-1] [2.577s] [ext: omni.kit.window.file-2.0.5] startup
[python-1] [2.580s] [ext: omni.kit.widget.highlight_label-1.0.3] startup
[python-1] [2.581s] [ext: omni.kit.window.drop_support-1.0.5] startup
[python-1] [2.581s] [ext: omni.kit.window.content_browser_registry-0.0.6] startup
[python-1] [2.582s] [ext: omni.kit.window.property-1.12.1] startup
[python-1] [2.585s] [ext: omni.kit.window.content_browser-3.1.3] startup
[python-1] [2.600s] [ext: isaacsim.core.version-2.0.6] startup
[python-1] [2.601s] [ext: omni.kit.property.usd-4.5.12] startup
[python-1] [2.613s] [ext: omni.kit.graph.editor.core-1.5.3] startup
[python-1] [2.616s] [ext: omni.kit.material.library-2.0.7] startup
[python-1] [2.621s] [ext: omni.kit.graph.usd.commands-1.3.1] startup
[python-1] [2.622s] [ext: omni.kvdb-107.3.26] startup
[python-1] [2.624s] [ext: omni.usdphysics-107.3.26] startup
[python-1] [2.626s] [ext: omni.physx.foundation-107.3.26] startup
[python-1] [2.628s] [ext: omni.localcache-107.3.26] startup
[python-1] [2.630s] [ext: omni.convexdecomposition-107.3.26] startup
[python-1] [2.633s] [ext: omni.physics-107.3.26] startup
[python-1] [2.637s] [ext: omni.physx.cooking-107.3.26] startup
[python-1] [2.641s] [ext: omni.physics.stageupdate-107.3.26] startup
[python-1] [2.643s] [ext: omni.physx-107.3.26] startup
[python-1] [2.654s] [ext: omni.index.libs-380600.8087.0] startup
[python-1] [2.655s] [ext: omni.physics.physx-107.3.26] startup
[python-1] 2026-09-17T11:07:18Z [2,627ms] [Warning] [carb] Acquiring non optional plugin interface which is not listed as dependency: [omni::physx::IPhysxBenchmarks v1.0] (plugin: <default plugin>), by client: omni.physics.physx.plugin. Add it to CARB_PLUGIN_IMPL_DEPS() macro of a client.
[python-1] [2.657s] [ext: omni.index-1.0.1] startup
[python-1] [2.658s] [ext: omni.volume-0.5.2] startup
[python-1] [2.661s] [ext: omni.ujitso.client-0.0.0] startup
[python-1] [2.662s] [ext: omni.hydra.rtx.shadercache.vulkan-1.0.0] startup
[python-1] [2.663s] [ext: omni.kit.widget.searchable_combobox-1.0.6] startup
[controller_server-8] [INFO] [1789643238.263662957] [local_costmap.local_costmap]: Timed out waiting for transform from base_link to odom to become available, tf error: Invalid frame ID "odom" passed to canTransform argument target_frame - frame does not exist
[controller_server-8] [INFO] [1789643238.763632339] [local_costmap.local_costmap]: Timed out waiting for transform from base_link to odom to become available, tf error: Invalid frame ID "odom" passed to canTransform argument target_frame - frame does not exist
[controller_server-8] [INFO] [1789643239.263647523] [local_costmap.local_costmap]: Timed out waiting for transform from base_link to odom to become available, tf error: Invalid frame ID "odom" passed to canTransform argument target_frame - frame does not exist
[controller_server-8] [INFO] [1789643239.763670595] [local_costmap.local_costmap]: Timed out waiting for transform from base_link to odom to become available, tf error: Invalid frame ID "odom" passed to canTransform argument target_frame - frame does not exist
[controller_server-8] [INFO] [1789643240.263675719] [local_costmap.local_costmap]: Timed out waiting for transform from base_link to odom to become available, tf error: Invalid frame ID "odom" passed to canTransform argument target_frame - frame does not exist
[controller_server-8] [INFO] [1789643240.763637364] [local_costmap.local_costmap]: Timed out waiting for transform from base_link to odom to become available, tf error: Invalid frame ID "odom" passed to canTransform argument target_frame - frame does not exist
[controller_server-8] [INFO] [1789643241.263681297] [local_costmap.local_costmap]: Timed out waiting for transform from base_link to odom to become available, tf error: Invalid frame ID "odom" passed to canTransform argument target_frame - frame does not exist
[controller_server-8] [INFO] [1789643241.763729772] [local_costmap.local_costmap]: Timed out waiting for transform from base_link to odom to become available, tf error: Invalid frame ID "odom" passed to canTransform argument target_frame - frame does not exist
[controller_server-8] [INFO] [1789643242.263658988] [local_costmap.local_costmap]: Timed out waiting for transform from base_link to odom to become available, tf error: Invalid frame ID "odom" passed to canTransform argument target_frame - frame does not exist
[controller_server-8] [INFO] [1789643242.763660146] [local_costmap.local_costmap]: Timed out waiting for transform from base_link to odom to become available, tf error: Invalid frame ID "odom" passed to canTransform argument target_frame - frame does not exist
[controller_server-8] [INFO] [1789643243.263668073] [local_costmap.local_costmap]: Timed out waiting for transform from base_link to odom to become available, tf error: Invalid frame ID "odom" passed to canTransform argument target_frame - frame does not exist
[controller_server-8] [INFO] [1789643243.763636862] [local_costmap.local_costmap]: Timed out waiting for transform from base_link to odom to become available, tf error: Invalid frame ID "odom" passed to canTransform argument target_frame - frame does not exist
[python-1] [2.664s] [ext: omni.hydra.rtx-1.0.0] startup
[python-1] 2026-09-17T11:07:18Z [2,659ms] [Warning] [omni.log] Source: omni.hydra was already registered.
[python-1] [2.709s] [ext: omni.kit.widget.settings-1.2.6] startup
[python-1] [2.711s] [ext: omni.kit.hydra_texture-1.4.6] startup
[python-1] [2.715s] [ext: omni.graph.tools-1.79.2] startup
[python-1] [2.743s] [ext: omni.kit.window.preferences-1.8.0] startup
[python-1] [2.749s] [ext: omni.kit.widget.material_preview-1.0.16] startup
[python-1] [2.751s] [ext: omni.graph-1.141.2] startup
[python-1] [2.801s] [ext: omni.kit.window.material_graph-1.9.1] startup
[python-1] [2.813s] [ext: omni.isaac.dynamic_control-2.0.7] startup
[python-1] 2026-09-17T11:07:18Z [2,792ms] [Warning] [omni.isaac.dynamic_control] omni.isaac.dynamic_control is deprecated as of Isaac Sim 4.5. No action is needed from end-users.
[python-1] [2.822s] [ext: isaacsim.storage.native-1.5.1] startup
[python-1] [2.829s] [ext: omni.graph.scriptnode-1.50.0] startup
[python-1] [2.834s] [ext: omni.hydra.engine.stats-1.0.3] startup
[python-1] [2.842s] [ext: omni.kit.viewport.legacy_gizmos-1.0.19] startup
[python-1] [2.846s] [ext: omni.kit.raycast.query-1.1.0] startup
[python-1] [2.854s] [ext: omni.graph.action_core-1.1.7] startup
[python-1] [2.858s] [ext: omni.kit.viewport.scene_camera_model-1.0.6] startup
[python-1] [2.864s] [ext: omni.graph.image.core-0.6.1] startup
[python-1] [2.867s] [ext: omni.kit.widget.viewport-107.1.3] startup
[python-1] [2.879s] [ext: omni.kit.viewport.registry-104.0.6] startup
[python-1] [2.882s] [ext: omni.usd.metrics.assembler-107.3.1] startup
[python-1] [2.898s] [ext: omni.kit.viewport.window-107.2.0] startup
[python-1] [2.941s] [ext: omni.kit.viewport.menubar.core-107.2.1] startup
[python-1] [2.959s] [ext: omni.graph.image.nodes-1.3.1] startup
[python-1] [2.962s] [ext: omni.usd.metrics.assembler.physics-107.3.26] startup
[python-1] [2.964s] [ext: omni.warp.core-1.8.2] startup
[python-1] [3.227s] [ext: omni.kit.viewport.utility-1.1.2] startup
[python-1] [3.230s] [ext: omni.physics.tensors-107.3.26] startup
[python-1] [3.238s] [ext: omni.syntheticdata-0.6.13] startup
[python-1] [3.269s] [ext: isaacsim.test.docstring-1.1.0] startup
[python-1] [3.281s] [ext: isaacsim.core.utils-3.5.1] startup
[python-1] [3.290s] [ext: omni.physx.tensors-107.3.26] startup
[python-1] [3.299s] [ext: omni.graph.nodes-1.170.10] startup
[python-1] [3.315s] [ext: omni.graph.action_nodes-1.50.4] startup
[python-1] [3.321s] [ext: omni.kit.primitive.mesh-1.0.17] startup
[python-1] [3.355s] [ext: isaacsim.core.simulation_manager-1.4.4] startup
[python-1] [6.259s] [ext: omni.graph.ui_nodes-1.50.5] startup
[python-1] [6.268s] [ext: omni.graph.action-1.130.0] startup
[python-1] [6.279s] [ext: omni.kit.stage_templates-2.0.0] startup
[python-1] [6.291s] [ext: isaacsim.core.prims-0.6.1] startup
[python-1] [6.365s] [ext: omni.warp-1.8.2] startup
[python-1] [6.385s] [ext: omni.videoencoding-0.1.2] startup
[python-1] [6.390s] [ext: isaacsim.core.api-4.8.0] startup
[python-1] [6.420s] [ext: isaacsim.core.experimental.utils-0.3.0] startup
[python-1] [6.441s] [ext: omni.replicator.core-1.12.27] startup
[python-1] 2026-09-17T11:07:22Z [6,472ms] [Warning] [pxr.Semantics] pxr.Semantics is deprecated - please use Semantics instead
[python-1] 2026-09-17T11:07:22Z [6,806ms] [Warning] [omni.graph.core.plugin] Found duplicate of category 'Replicator' - was 'Annotators', adding 'Fabric Reader'
[python-1] 2026-09-17T11:07:22Z [6,806ms] [Warning] [omni.graph.core.plugin] Category 'Replicator' not accepted on node type 'omni.replicator.core.FabricReader' in extension 'omni.replicator.core'
[python-1] 2026-09-17T11:07:22Z [6,807ms] [Warning] [omni.replicator.core.scripts.extension] No material configuration file, adding configuration to material settings directly.
[python-1] [6.846s] [ext: isaacsim.core.experimental.prims-0.8.1] startup
[python-1] [6.935s] [ext: omni.kit.window.extensions-1.4.27] startup
[python-1] [6.976s] [ext: isaacsim.core.experimental.objects-0.4.0] startup
[python-1] [6.989s] [ext: omni.ui_query-1.1.8] startup
[python-1] [6.993s] [ext: omni.kit.manipulator.viewport-107.0.1] startup
[python-1] [6.997s] [ext: isaacsim.robot.surface_gripper-3.3.1] startup
[python-1] [7.004s] [ext: omni.kit.ui_test-1.3.7] startup
[python-1] [7.044s] [ext: omni.graph.visualization.nodes-2.1.3] startup
[python-1] [7.171s] [ext: isaacsim.robot_motion.lula-4.0.8] startup
[python-1] [7.222s] [ext: isaacsim.core.nodes-3.4.3] startup
[python-1] [7.272s] [ext: isaacsim.gui.components-1.2.1] startup
[python-1] [7.472s] [ext: isaacsim.robot_motion.motion_generation-8.0.26] startup
[python-1] [8.282s] [ext: isaacsim.robot.manipulators-3.3.6] startup
[python-1] [8.354s] [ext: isaacsim.core.experimental.materials-0.4.0] startup
[controller_server-8] [INFO] [1789643244.263676076] [local_costmap.local_costmap]: Timed out waiting for transform from base_link to odom to become available, tf error: Invalid frame ID "odom" passed to canTransform argument target_frame - frame does not exist
[python-1] [8.393s] [ext: isaacsim.robot.manipulators.examples-1.1.2] startup
[python-1] [8.421s] [ext: isaacsim.cortex.framework-1.0.12] startup
[python-1] [8.441s] [ext: isaacsim.cortex.behaviors-2.0.14] startup
[python-1] [8.450s] [ext: omni.isaac.cortex.sample_behaviors-2.0.5] startup
[python-1] 2026-09-17T11:07:23Z [8,426ms] [Warning] [omni.isaac.cortex] omni.isaac.cortex has been deprecated in favor of isaacsim.cortex.framework. Please update your code accordingly.
[python-1] 2026-09-17T11:07:23Z [8,431ms] [Warning] [omni.isaac.cortex.sample_behaviors] omni.isaac.cortex.sample_behaviors has been deprecated in favor of isaacsim.cortex.behaviors. Please update your code accordingly.
[python-1] [8.461s] [ext: omni.kit.widget.zoombar-1.0.6] startup
[python-1] [8.488s] [ext: isaacsim.gui.content_browser-0.1.11] startup
[python-1] [8.517s] [ext: omni.kit.browser.core-2.3.13] startup
[python-1] [8.578s] [ext: omni.kit.widget.stage_icons-1.0.8] startup
[python-1] [8.588s] [ext: omni.kit.widget.prompt-1.0.7] startup
[python-1] [8.595s] [ext: omni.kit.usd.collect-2.4.5] startup
[python-1] [8.614s] [ext: omni.kit.browser.folder.core-1.10.9] startup
[python-1] [8.663s] [ext: omni.kit.window.stage-2.6.1] startup
[python-1] [8.696s] [ext: omni.kit.usdz_export-1.0.9] startup
[python-1] [8.717s] [ext: omni.kit.tool.collect-2.2.18] startup
[python-1] [8.748s] [ext: omni.kit.menu.stage-1.2.7] startup
[python-1] [8.753s] [ext: omni.kit.tool.asset_importer-4.3.2] startup
[python-1] [8.771s] [ext: isaacsim.robot.wheeled_robots-4.0.24] startup
[python-1] [8.784s] [ext: isaacsim.examples.browser-0.2.1] startup
[python-1] [8.797s] [ext: isaacsim.asset.importer.urdf-2.4.30] startup
[python-1] [8.932s] [ext: omni.isaac.wheeled_robots-3.0.7] startup
[python-1] 2026-09-17T11:07:24Z [8,909ms] [Warning] [omni.isaac.wheeled_robots] omni.isaac.wheeled_robots has been deprecated in favor of isaacsim.robot.wheeled_robots. Please update your code accordingly.
[python-1] 2026-09-17T11:07:24Z [8,909ms] [Warning] [omni.isaac.wheeled_robots.controllers] omni.isaac.wheeled_robots has been deprecated in favor of isaacsim.robot.wheeled_robots. Please update your code accordingly.
[python-1] 2026-09-17T11:07:24Z [8,910ms] [Warning] [omni.isaac.wheeled_robots.controllers.ackermann_controller] omni.isaac.wheeled_robots has been deprecated in favor of isaacsim.robot.wheeled_robots. Please update your code accordingly.
[python-1] 2026-09-17T11:07:24Z [8,911ms] [Warning] [omni.isaac.wheeled_robots.controllers.differential_controller] omni.isaac.wheeled_robots has been deprecated in favor of isaacsim.robot.wheeled_robots. Please update your code accordingly.
[python-1] 2026-09-17T11:07:24Z [8,912ms] [Warning] [omni.isaac.wheeled_robots.controllers.holonomic_controller] omni.isaac.wheeled_robots has been deprecated in favor of isaacsim.robot.wheeled_robots. Please update your code accordingly.
[python-1] 2026-09-17T11:07:24Z [8,912ms] [Warning] [omni.isaac.wheeled_robots.controllers.quintic_path_planner] omni.isaac.wheeled_robots has been deprecated in favor of isaacsim.robot.wheeled_robots. Please update your code accordingly.
[python-1] 2026-09-17T11:07:24Z [8,913ms] [Warning] [omni.isaac.wheeled_robots.controllers.stanley_control] omni.isaac.wheeled_robots has been deprecated in favor of isaacsim.robot.wheeled_robots. Please update your code accordingly.
[python-1] 2026-09-17T11:07:24Z [8,913ms] [Warning] [omni.isaac.wheeled_robots.controllers.wheel_base_pose_controller] omni.isaac.wheeled_robots has been deprecated in favor of isaacsim.robot.wheeled_robots. Please update your code accordingly.
[python-1] 2026-09-17T11:07:24Z [8,913ms] [Warning] [omni.isaac.wheeled_robots.impl] omni.isaac.wheeled_robots has been deprecated in favor of isaacsim.robot.wheeled_robots. Please update your code accordingly.
[python-1] 2026-09-17T11:07:24Z [8,914ms] [Warning] [omni.isaac.wheeled_robots.robots] omni.isaac.wheeled_robots has been deprecated in favor of isaacsim.robot.wheeled_robots. Please update your code accordingly.
[python-1] 2026-09-17T11:07:24Z [8,914ms] [Warning] [omni.isaac.wheeled_robots.robots.holonomic_robot_usd_setup] omni.isaac.wheeled_robots has been deprecated in favor of isaacsim.robot.wheeled_robots. Please update your code accordingly.
[python-1] 2026-09-17T11:07:24Z [8,914ms] [Warning] [omni.isaac.wheeled_robots.robots.wheeled_robot] omni.isaac.wheeled_robots has been deprecated in favor of isaacsim.robot.wheeled_robots. Please update your code accordingly.
[controller_server-8] [INFO] [1789643244.763678003] [local_costmap.local_costmap]: Timed out waiting for transform from base_link to odom to become available, tf error: Invalid frame ID "odom" passed to canTransform argument target_frame - frame does not exist
[python-1] [8.945s] [ext: isaacsim.simulation_app-2.12.2] startup
[python-1] [8.954s] [ext: omni.isaac.franka-1.0.7] startup
[python-1] 2026-09-17T11:07:24Z [8,926ms] [Warning] [omni.isaac.franka] omni.isaac.franka has been deprecated in favor of isaacsim.robot.manipulators.examples.franka. Please update your code accordingly.
[python-1] 2026-09-17T11:07:24Z [8,928ms] [Warning] [omni.isaac.franka.franka] omni.isaac.franka has been deprecated in favor of isaacsim.robot.manipulators.examples.franka. Please update your code accordingly.
[python-1] 2026-09-17T11:07:24Z [8,988ms] [Warning] [omni.isaac.franka.kinematics_solver] omni.isaac.franka has been deprecated in favor of isaacsim.robot.manipulators.examples.franka. Please update your code accordingly.
[python-1] [9.023s] [ext: omni.isaac.kit-2.0.6] startup
[python-1] 2026-09-17T11:07:24Z [9,005ms] [Warning] [omni.isaac.kit] omni.isaac.kit has been deprecated in favor of isaacsim.simulation_app. Please update your code accordingly.
[python-1] [9.034s] [ext: omni.kit.selection-0.1.6] startup
[python-1] [9.062s] [ext: omni.isaac.lula-4.0.6] startup
[python-1] 2026-09-17T11:07:24Z [9,035ms] [Warning] [omni.isaac.lula] omni.isaac.lula has been deprecated in favor of isaacsim.robot_motion.lula. Please update your code accordingly.
[python-1] [9.066s] [ext: isaacsim.robot_motion.lula_test_widget-1.0.12] startup
[python-1] [9.070s] [ext: isaacsim.asset.browser-1.3.23] startup
[python-1] [9.231s] [ext: omni.kit.viewport.actions-107.0.2] startup
[python-1] [9.239s] [ext: isaacsim.gui.menu-2.4.4] startup
[python-1] [9.250s] [ext: omni.isaac.manipulators-3.0.7] startup
[python-1] 2026-09-17T11:07:24Z [9,223ms] [Warning] [omni.isaac.manipulators] omni.isaac.manipulators has been deprecated in favor of isaacsim.robot.manipulators. Please update your code accordingly.
[python-1] 2026-09-17T11:07:24Z [9,223ms] [Warning] [omni.isaac.manipulators.controllers] omni.isaac.manipulators has been deprecated in favor of isaacsim.robot.manipulators. Please update your code accordingly.
[python-1] 2026-09-17T11:07:24Z [9,223ms] [Warning] [omni.isaac.manipulators.controllers.pick_place_controller] omni.isaac.manipulators has been deprecated in favor of isaacsim.robot.manipulators. Please update your code accordingly.
[python-1] 2026-09-17T11:07:24Z [9,226ms] [Warning] [omni.isaac.manipulators.controllers.stacking_controller] omni.isaac.manipulators has been deprecated in favor of isaacsim.robot.manipulators. Please update your code accordingly.
[python-1] 2026-09-17T11:07:24Z [9,226ms] [Warning] [omni.isaac.manipulators.grippers] omni.isaac.manipulators has been deprecated in favor of isaacsim.robot.manipulators. Please update your code accordingly.
[python-1] 2026-09-17T11:07:24Z [9,227ms] [Warning] [omni.isaac.manipulators.grippers.gripper] omni.isaac.manipulators has been deprecated in favor of isaacsim.robot.manipulators. Please update your code accordingly.
[python-1] 2026-09-17T11:07:24Z [9,227ms] [Warning] [omni.isaac.manipulators.grippers.parallel_gripper] omni.isaac.manipulators has been deprecated in favor of isaacsim.robot.manipulators. Please update your code accordingly.
[python-1] 2026-09-17T11:07:24Z [9,227ms] [Warning] [omni.isaac.manipulators.grippers.surface_gripper] omni.isaac.manipulators has been deprecated in favor of isaacsim.robot.manipulators. Please update your code accordingly.
[python-1] 2026-09-17T11:07:24Z [9,227ms] [Warning] [omni.isaac.manipulators.manipulators] omni.isaac.manipulators has been deprecated in favor of isaacsim.robot.manipulators. Please update your code accordingly.
[python-1] 2026-09-17T11:07:24Z [9,227ms] [Warning] [omni.isaac.manipulators.manipulators.single_manipulator] omni.isaac.manipulators has been deprecated in favor of isaacsim.robot.manipulators. Please update your code accordingly.
[python-1] [9.257s] [ext: omni.isaac.lula_test_widget-1.0.6] startup
[python-1] 2026-09-17T11:07:24Z [9,236ms] [Warning] [omni.isaac.lula_test_widget] omni.isaac.lula_test_widget has been deprecated in favor of isaacsim.robot_motion.lula_test_widget. Please update your code accordingly.
[python-1] [9.265s] [ext: omni.isaac.asset_browser-1.0.6] startup
[python-1] 2026-09-17T11:07:24Z [9,243ms] [Warning] [omni.isaac.asset_browser] omni.isaac.asset_browser has been deprecated in favor of isaacsim.asset.browser. Please update your code accordingly.
[python-1] [9.273s] [ext: omni.kit.viewport.menubar.display-107.0.3] startup
[python-1] [9.288s] [ext: omni.isaac.menu-1.0.6] startup
[python-1] 2026-09-17T11:07:24Z [9,261ms] [Warning] [omni.isaac.menu] omni.isaac.menu has been deprecated in favor of isaacsim.gui.menu. Please update your code accordingly.
[python-1] [9.292s] [ext: omni.isaac.motion_generation-8.0.7] startup
[python-1] 2026-09-17T11:07:24Z [9,278ms] [Warning] [omni.isaac.motion_generation] omni.isaac.motion_generation has been deprecated in favor of isaacsim.robot_motion.motion_generation. Please update your code accordingly.
[python-1] 2026-09-17T11:07:24Z [9,284ms] [Warning] [omni.isaac.motion_generation.articulation_kinematics_solver] omni.isaac.motion_generation has been deprecated in favor of isaacsim.robot_motion.motion_generation. Please update your code accordingly.
[python-1] 2026-09-17T11:07:24Z [9,285ms] [Warning] [omni.isaac.motion_generation.articulation_motion_policy] omni.isaac.motion_generation has been deprecated in favor of isaacsim.robot_motion.motion_generation. Please update your code accordingly.
[python-1] 2026-09-17T11:07:24Z [9,285ms] [Warning] [omni.isaac.motion_generation.articulation_trajectory] omni.isaac.motion_generation has been deprecated in favor of isaacsim.robot_motion.motion_generation. Please update your code accordingly.
[python-1] 2026-09-17T11:07:24Z [9,286ms] [Warning] [omni.isaac.motion_generation.kinematics_interface] omni.isaac.motion_generation has been deprecated in favor of isaacsim.robot_motion.motion_generation. Please update your code accordingly.
[python-1] 2026-09-17T11:07:24Z [9,286ms] [Warning] [omni.isaac.motion_generation.lula] omni.isaac.motion_generation has been deprecated in favor of isaacsim.robot_motion.motion_generation. Please update your code accordingly.
[python-1] 2026-09-17T11:07:24Z [9,286ms] [Warning] [omni.isaac.motion_generation.lula.kinematics] omni.isaac.motion_generation has been deprecated in favor of isaacsim.robot_motion.motion_generation. Please update your code accordingly.
[python-1] 2026-09-17T11:07:24Z [9,287ms] [Warning] [omni.isaac.motion_generation.lula.motion_policies] omni.isaac.motion_generation has been deprecated in favor of isaacsim.robot_motion.motion_generation. Please update your code accordingly.
[python-1] 2026-09-17T11:07:24Z [9,287ms] [Warning] [omni.isaac.motion_generation.lula.path_planners] omni.isaac.motion_generation has been deprecated in favor of isaacsim.robot_motion.motion_generation. Please update your code accordingly.
[python-1] 2026-09-17T11:07:24Z [9,287ms] [Warning] [omni.isaac.motion_generation.lula.trajectory_generator] omni.isaac.motion_generation has been deprecated in favor of isaacsim.robot_motion.motion_generation. Please update your code accordingly.
[python-1] 2026-09-17T11:07:24Z [9,287ms] [Warning] [omni.isaac.motion_generation.motion_policy_controller] omni.isaac.motion_generation has been deprecated in favor of isaacsim.robot_motion.motion_generation. Please update your code accordingly.
[python-1] 2026-09-17T11:07:24Z [9,287ms] [Warning] [omni.isaac.motion_generation.motion_policy_interface] omni.isaac.motion_generation has been deprecated in favor of isaacsim.robot_motion.motion_generation. Please update your code accordingly.
[python-1] 2026-09-17T11:07:24Z [9,288ms] [Warning] [omni.isaac.motion_generation.path_planner_visualizer] omni.isaac.motion_generation has been deprecated in favor of isaacsim.robot_motion.motion_generation. Please update your code accordingly.
[python-1] 2026-09-17T11:07:24Z [9,288ms] [Warning] [omni.isaac.motion_generation.path_planning_interface] omni.isaac.motion_generation has been deprecated in favor of isaacsim.robot_motion.motion_generation. Please update your code accordingly.
[python-1] 2026-09-17T11:07:24Z [9,288ms] [Warning] [omni.isaac.motion_generation.trajectory] omni.isaac.motion_generation has been deprecated in favor of isaacsim.robot_motion.motion_generation. Please update your code accordingly.
[python-1] 2026-09-17T11:07:24Z [9,288ms] [Warning] [omni.isaac.motion_generation.world_interface] omni.isaac.motion_generation has been deprecated in favor of isaacsim.robot_motion.motion_generation. Please update your code accordingly.
[python-1] [9.318s] [ext: omni.isaac.assets_check-0.3.13] startup
[python-1] 2026-09-17T11:07:24Z [9,295ms] [Warning] [omni.isaac.assets_check] omni.isaac.assets_check has been deprecated in favor of isaacsim.asset.browser. Please update your code accordingly.
[python-1] [9.326s] [ext: isaacsim.gui.sensors.icon-2.0.3] startup
[python-1] [9.363s] [ext: isaacsim.asset.importer.mjcf-2.5.13] startup
[python-1] [9.377s] [ext: omni.sensors.nv.common-3.0.0] startup
[python-1] [9.390s] [ext: isaacsim.sensors.physics-0.4.3] startup
[python-1] [9.397s] [ext: omni.sensors.net-1.0.0] startup
[python-1] [9.407s] [ext: omni.isaac.nucleus-1.0.6] startup
[python-1] 2026-09-17T11:07:24Z [9,380ms] [Warning] [omni.isaac.nucleus] omni.isaac.nucleus has been deprecated in favor of isaacsim.storage.native. Please update your code accordingly.
[python-1] 2026-09-17T11:07:24Z [9,380ms] [Warning] [omni.isaac.nucleus.nucleus] omni.isaac.nucleus.nucleus has been deprecated in favor of isaacsim.storage.native. Please update your code accordingly.
[python-1] [9.410s] [ext: omni.sensors.nv.materials-2.0.0] startup
[python-1] [9.424s] [ext: isaacsim.robot.policy.examples-4.1.11] startup
[python-1] [9.430s] [ext: omni.sensors.nv.wpm-3.0.0] startup
[python-1] [9.459s] [ext: omni.sensors.nv.lidar-3.0.0] startup
[python-1] [9.485s] [ext: isaacsim.util.debug_draw-3.1.0] startup
[python-1] [9.495s] [ext: omni.sensors.nv.radar-3.0.0] startup
[python-1] [9.504s] [ext: omni.sensors.nv.ids-2.0.0] startup
[python-1] [9.507s] [ext: isaacsim.core.cloner-1.4.10] startup
[python-1] [9.513s] [ext: isaacsim.sensors.physx-2.3.2] startup
[python-1] [9.527s] [ext: isaacsim.sensors.rtx-15.8.4] startup
[python-1] [9.547s] [ext: isaacsim.sensors.camera-1.3.6] startup
[python-1] [9.561s] [ext: omni.isaac.quadruped-3.0.7] startup
[python-1] 2026-09-17T11:07:25Z [9,540ms] [Warning] [omni.isaac.quadruped] omni.isaac.quadruped has been deprecated in favor of isaacsim.robot.policy.examples. Please update your code accordingly.
[python-1] [9.571s] [ext: omni.isaac.cloner-1.0.7] startup
[python-1] 2026-09-17T11:07:25Z [9,550ms] [Warning] [omni.isaac.cloner] omni.isaac.cloner has been deprecated in favor of isaacsim.core.cloner. Please update your code accordingly.
[python-1] [9.586s] [ext: omni.isaac.range_sensor-4.0.6] startup
[python-1] 2026-09-17T11:07:25Z [9,576ms] [Warning] [omni.isaac.range_sensor] omni.isaac.range_sensor has been deprecated in favor of isaacsim.sensors.physx. Please update your code accordingly.
[python-1] 2026-09-17T11:07:25Z [9,577ms] [Warning] [omni.isaac.range_sensor.commands] omni.isaac.range_sensor.commands has been deprecated in favor of isaacsim.sensors.physx.commands. Please update your code accordingly.
[python-1] [9.608s] [ext: omni.isaac.sensor-13.0.7] startup
[python-1] 2026-09-17T11:07:25Z [9,589ms] [Warning] [omni.isaac.sensor] omni.isaac.sensor has been deprecated in favor of isaacsim.sensors.camera, isaacsim.sensors.physics, isaacsim.sensors.physx, and isaacsim.sensors.rtx. Please update your code accordingly.
[python-1] 2026-09-17T11:07:25Z [9,592ms] [Warning] [omni.isaac.sensor.camera] omni.isaac.sensor.camera has been deprecated in favor of isaacsim.sensors.camera.camera. Please update your code accordingly.
[python-1] 2026-09-17T11:07:25Z [9,593ms] [Warning] [omni.isaac.sensor.camera_view] omni.isaac.sensor.camera_view has been deprecated in favor of isaacsim.sensors.camera.camera_view. Please update your code accordingly.
[python-1] 2026-09-17T11:07:25Z [9,594ms] [Warning] [omni.isaac.sensor.commands] omni.isaac.sensor.commands has been deprecated in favor of isaacsim.sensors.physics.commands, isaacsim.sensors.physx.commands, and isaacsim.sensors.rtx.commands. Please update your code accordingly.
[python-1] 2026-09-17T11:07:25Z [9,594ms] [Warning] [omni.isaac.sensor.contact_sensor] omni.isaac.sensor.contact_sensor has been deprecated in favor of isaacsim.sensors.physics.contact_sensor. Please update your code accordingly.
[python-1] 2026-09-17T11:07:25Z [9,595ms] [Warning] [omni.isaac.sensor.imu_sensor] omni.isaac.sensor.imu_sensor has been deprecated in favor of isaacsim.sensors.physics.imu_sensor. Please update your code accordingly.
[python-1] 2026-09-17T11:07:25Z [9,595ms] [Warning] [omni.isaac.sensor.lidar_rtx] omni.isaac.sensor.lidar_rtx has been deprecated in favor of isaacsim.sensors.rtx.lidar_rtx. Please update your code accordingly.
[python-1] 2026-09-17T11:07:25Z [9,595ms] [Warning] [omni.isaac.sensor.rotating_lidar_physX] omni.isaac.sensor.imu_sensor has been deprecated in favor of isaacsim.sensors.physix.rotating_lidar_physX. Please update your code accordingly.
[python-1] 2026-09-17T11:07:25Z [9,595ms] [Warning] [omni.isaac.sensor.scripts.samples.contact_sensor] omni.isaac.sensor.scripts.samples.contact_sensor has been deprecated in favor of isaacsim.sensors.physics.scripts.samples.contact_sensor. Please update your code accordingly.
[controller_server-8] [INFO] [1789643245.263743966] [local_costmap.local_costmap]: Timed out waiting for transform from base_link to odom to become available, tf error: Invalid frame ID "odom" passed to canTransform argument target_frame - frame does not exist
[python-1] 2026-09-17T11:07:25Z [9,596ms] [Warning] [omni.isaac.sensor.scripts.samples.imu_sensor] omni.isaac.sensor.scripts.samples.imu_sensor has been deprecated in favor of isaacsim.sensors.physics.scripts.samples.imu_sensor. Please update your code accordingly.
[python-1] 2026-09-17T11:07:25Z [9,596ms] [Warning] [omni.isaac.sensor.scripts.samples.lightbeam_sensor] omni.isaac.sensor.scripts.samples.lightbeam_sensor has been deprecated in favor of isaacsim.sensors.physx.scripts.samples.lightbeam_sensor. Please update your code accordingly.
[python-1] [9.626s] [ext: omni.kit.menu.create-2.0.1] startup
[python-1] [9.640s] [ext: omni.kit.widget.toolbar-2.0.1] startup
[python-1] [9.693s] [ext: omni.kit.manipulator.transform-107.0.0] startup
[python-1] [9.705s] [ext: omni.isaac.core-4.0.7] startup
[python-1] 2026-09-17T11:07:25Z [9,678ms] [Warning] [omni.isaac.core.physics_context.physics_context] omni.isaac.core.physics_context.physics_context has been deprecated in favor of isaacsim.core.api.physics_context.physics_context. Please update your code accordingly.
[python-1] 2026-09-17T11:07:25Z [9,679ms] [Warning] [omni.isaac.core.simulation_context.simulation_context] omni.isaac.core.simulation_context.simulation_context has been deprecated in favor of isaacsim.core.api.simulation_context.simulation_context. Please update your code accordingly.
[python-1] 2026-09-17T11:07:25Z [9,679ms] [Warning] [omni.isaac.core.world.world] omni.isaac.core.world.world has been deprecated in favor of isaacsim.core.api.world.world. Please update your code accordingly.
[python-1] 2026-09-17T11:07:25Z [9,679ms] [Warning] [omni.isaac.core] omni.isaac.core has been deprecated in favor of isaacsim.core.api. Please update your code accordingly.
[python-1] [9.709s] [ext: omni.kit.scripting-107.3.2] startup
[python-1] [9.728s] [ext: omni.kit.manipulator.tool.snap-1.5.13] startup
[python-1] [9.739s] [ext: omni.kit.manipulator.selector-1.1.3] startup
[python-1] [9.744s] [ext: isaacsim.app.about-2.0.11] startup
[python-1] [9.757s] [ext: isaacsim.replicator.behavior-1.1.16] startup
[python-1] [9.760s] [ext: omni.kit.viewport.manipulator.transform-107.0.4] startup
[python-1] [9.765s] [ext: omni.isaac.window.about-2.0.7] startup
[python-1] 2026-09-17T11:07:25Z [9,741ms] [Warning] [omni.isaac.window.about] omni.isaac.window.about has been deprecated in favor of isaacsim.app.about. Please update your code accordingly.
[python-1] 2026-09-17T11:07:25Z [9,741ms] [Warning] [omni.isaac.window.about.about] omni.isaac.window.about.about has been deprecated in favor of isaacsim.app.about.about. Please update your code accordingly.
[python-1] [9.771s] [ext: omni.fabric.commands-1.1.6] startup
[python-1] [9.779s] [ext: omni.kit.manipulator.prim.core-107.0.8] startup
[python-1] [9.793s] [ext: omni.kit.property.audio-1.0.16] startup
[python-1] [9.796s] [ext: omni.kit.property.camera-1.0.10] startup
[python-1] [9.801s] [ext: omni.kit.property.geometry-2.0.4] startup
[python-1] [9.808s] [ext: omni.hydra.scene_api-0.1.2] startup
[python-1] [9.817s] [ext: omni.kit.property.light-1.0.12] startup
[python-1] [9.856s] [ext: omni.kit.manipulator.prim.fabric-107.0.4] startup
[python-1] [9.862s] [ext: omni.kit.manipulator.prim.usd-107.0.3] startup
[python-1] [9.865s] [ext: omni.kit.property.material-1.11.9] startup
[python-1] [9.877s] [ext: omni.kit.property.render-1.2.1] startup
[python-1] [9.880s] [ext: omni.kit.property.transform-1.5.13] startup
[python-1] [9.889s] [ext: isaacsim.gui.property-1.1.3] startup
[python-1] [9.893s] [ext: omni.kit.manipulator.camera-106.0.4] startup
[python-1] [9.905s] [ext: omni.kit.manipulator.prim-107.0.0] startup
[python-1] [9.905s] [ext: omni.isaac.surface_gripper-2.0.6] startup
[python-1] 2026-09-17T11:07:25Z [9,876ms] [Warning] [omni.isaac.surface_gripper] omni.isaac.surface_gripper has been deprecated in favor of isaacsim.robot.surface_gripper. Please update your code accordingly.
[python-1] [9.906s] [ext: omni.kit.manipulator.selection-106.0.1] startup
[python-1] [9.912s] [ext: omni.kit.property.bundle-1.4.1] startup
[python-1] [9.916s] [ext: omni.kit.property.isaac-1.0.6] startup
[python-1] 2026-09-17T11:07:25Z [9,891ms] [Warning] [omni.kit.property.isaac] omni.kit.property.isaac has been deprecated in favor of isaacsim.gui.property. Please update your code accordingly.
[python-1] 2026-09-17T11:07:25Z [9,891ms] [Warning] [omni.kit.property.isaac.widgets] omni.kit.property.isaac.widgets has been deprecated in favor of isaacsim.gui.property.widgets. Please update your code accordingly.
[controller_server-8] [INFO] [1789643245.763676709] [local_costmap.local_costmap]: Timed out waiting for transform from base_link to odom to become available, tf error: Invalid frame ID "odom" passed to canTransform argument target_frame - frame does not exist
[python-1] [9.921s] [ext: omni.isaac.universal_robots-1.0.6] startup
[python-1] 2026-09-17T11:07:25Z [9,894ms] [Warning] [omni.isaac.universal_robots] omni.isaac.universal_robots has been deprecated in favor of isaacsim.robot.manipulators.examples.universal_robots. Please update your code accordingly.
[python-1] 2026-09-17T11:07:25Z [9,894ms] [Warning] [omni.isaac.universal_robots.kinematics_solver] omni.isaac.franka has been deprecated in favor of isaacsim.robot.manipulators.examples.universal_robots. Please update your code accordingly.
[python-1] 2026-09-17T11:07:25Z [9,896ms] [Warning] [omni.isaac.universal_robots.ur10] omni.isaac.franka has been deprecated in favor of isaacsim.robot.manipulators.examples.universal_robots. Please update your code accordingly.
[python-1] [9.925s] [ext: omni.isaac.core_nodes-2.0.6] startup
[python-1] 2026-09-17T11:07:25Z [9,905ms] [Warning] [omni.isaac.core_nodes] omni.isaac.core_nodes has been deprecated in favor of isaacsim.core.nodes. Please update your code accordingly.
[python-1] [9.935s] [ext: omni.kit.viewport.menubar.camera-107.0.6] startup
[python-1] [9.950s] [ext: omni.kit.viewport.menubar.lighting-107.3.1] startup
[python-1] [9.956s] [ext: isaacsim.replicator.writers-1.0.17] startup
[python-1] [9.985s] [ext: omni.kit.viewport.menubar.render-107.0.10] startup
[python-1] [10.005s] [ext: omni.kit.viewport.menubar.settings-107.0.3] startup
[python-1] [10.042s] [ext: omni.kit.window.console-1.1.4] startup
[python-1] [10.057s] [ext: isaacsim.replicator.domain_randomization-1.0.16] startup
[python-1] [10.062s] [ext: isaacsim.replicator.examples-1.3.6] startup
[python-1] [10.072s] [ext: omni.ocio-0.1.1] startup
[python-1] [10.081s] [ext: omni.rtx.window.settings-0.6.19] startup
[python-1] [10.109s] [ext: omni.kit.window.status_bar-0.1.9] startup
[python-1] [10.118s] [ext: omni.kit.window.toolbar-2.0.0] startup
[python-1] [10.154s] [ext: omni.replicator.isaac-2.0.8] startup
[python-1] 2026-09-17T11:07:25Z [10,131ms] [Warning] [omni.replicator.isaac] omni.replicator.isaac has been deprecated in favor of isaacsim.replicator.domain_randomization, isaacsim.replicator.examples, isaacsim.replicator.writers. Please update your code accordingly.
[python-1] [10.164s] [ext: omni.replicator.replicator_yaml-2.0.11] startup
[python-1] [10.223s] [ext: omni.rtx.settings.core-0.6.5] startup
[python-1] [10.236s] [ext: omni.usd.metrics.assembler.ui-107.3.1] startup
[python-1] [10.256s] [ext: omni.isaac.utils-2.0.6] startup
[python-1] [10.261s] [ext: semantics.schema.editor-2.0.2] startup
[python-1] [10.276s] [ext: omni.kit.ui.actions-1.0.5] startup
[python-1] [10.282s] [ext: semantics.schema.property-2.0.1] startup
[python-1] [10.287s] [ext: omni.isaac.version-2.0.7] startup
[python-1] 2026-09-17T11:07:25Z [10,261ms] [Warning] [omni.isaac.version] omni.isaac.version has been deprecated in favor of isaacsim.core.version. Please update your code accordingly.
[python-1] [10.291s] [ext: omni.isaac.cortex-1.0.5] startup
[python-1] [10.294s] [ext: omni.anim.curve.core-1.3.1] startup
[python-1] [10.320s] [ext: isaacsim.core.throttling-2.2.2] startup
[python-1] [10.326s] [ext: omni.kit.menu.common-2.0.1] startup
[python-1] [10.330s] [ext: isaacsim.exp.base-5.1.0] startup
[python-1] [10.333s] [ext: isaacsim.exp.base.python-5.1.0] startup
[python-1] [10.336s] Simulation App Starting
[python-1] 2026-09-17T11:07:26Z [10,494ms] [Warning] [omni.fabric.plugin] Warning: attribute viewportHandle not found for bucket id 9
[python-1] 
[python-1] 2026-09-17T11:07:26Z [10,517ms] [Warning] [usdrt.population.plugin] [UsdNoticeHandler] Unhandled attribute type VtArray<std::string> (prim attribute: omni:rtx:material:db:flattener:ior_constant)
[python-1] 2026-09-17T11:07:26Z [10,518ms] [Warning] [usdrt.population.plugin] [UsdNoticeHandler] Unhandled attribute type VtArray<std::string> (prim attribute: omni:rtx:material:db:flattener:transmittance_color)
[python-1] 2026-09-17T11:07:26Z [10,521ms] [Warning] [usdrt.population.plugin] [UsdNoticeHandler] Unhandled attribute type VtArray<std::string> (prim attribute: omni:rtx:material:db:flattener:reflection_roughness_constant)
[python-1] [10.568s] app ready
[controller_server-8] [INFO] [1789643246.263757420] [local_costmap.local_costmap]: Timed out waiting for transform from base_link to odom to become available, tf error: Invalid frame ID "odom" passed to canTransform argument target_frame - frame does not exist
[controller_server-8] [INFO] [1789643246.763678152] [local_costmap.local_costmap]: Timed out waiting for transform from base_link to odom to become available, tf error: Invalid frame ID "odom" passed to canTransform argument target_frame - frame does not exist
[controller_server-8] [INFO] [1789643247.263682098] [local_costmap.local_costmap]: Timed out waiting for transform from base_link to odom to become available, tf error: Invalid frame ID "odom" passed to canTransform argument target_frame - frame does not exist
[controller_server-8] [INFO] [1789643247.763689044] [local_costmap.local_costmap]: Timed out waiting for transform from base_link to odom to become available, tf error: Invalid frame ID "odom" passed to canTransform argument target_frame - frame does not exist
[controller_server-8] [INFO] [1789643248.263682229] [local_costmap.local_costmap]: Timed out waiting for transform from base_link to odom to become available, tf error: Invalid frame ID "odom" passed to canTransform argument target_frame - frame does not exist
[controller_server-8] [INFO] [1789643248.763682984] [local_costmap.local_costmap]: Timed out waiting for transform from base_link to odom to become available, tf error: Invalid frame ID "odom" passed to canTransform argument target_frame - frame does not exist
[controller_server-8] [INFO] [1789643249.263653267] [local_costmap.local_costmap]: Timed out waiting for transform from base_link to odom to become available, tf error: Invalid frame ID "odom" passed to canTransform argument target_frame - frame does not exist
[controller_server-8] [INFO] [1789643249.763681899] [local_costmap.local_costmap]: Timed out waiting for transform from base_link to odom to become available, tf error: Invalid frame ID "odom" passed to canTransform argument target_frame - frame does not exist
[controller_server-8] [INFO] [1789643250.263681847] [local_costmap.local_costmap]: Timed out waiting for transform from base_link to odom to become available, tf error: Invalid frame ID "odom" passed to canTransform argument target_frame - frame does not exist
[controller_server-8] [INFO] [1789643250.763678904] [local_costmap.local_costmap]: Timed out waiting for transform from base_link to odom to become available, tf error: Invalid frame ID "odom" passed to canTransform argument target_frame - frame does not exist
[python-1] Warning: Possible version incompatibility. Attempting to load omni::fabric::IStageReaderWriter with version v0.14 against v0.13.
[controller_server-8] [INFO] [1789643251.263680874] [local_costmap.local_costmap]: Timed out waiting for transform from base_link to odom to become available, tf error: Invalid frame ID "odom" passed to canTransform argument target_frame - frame does not exist
[controller_server-8] [INFO] [1789643251.763681924] [local_costmap.local_costmap]: Timed out waiting for transform from base_link to odom to become available, tf error: Invalid frame ID "odom" passed to canTransform argument target_frame - frame does not exist
[controller_server-8] [INFO] [1789643252.263680575] [local_costmap.local_costmap]: Timed out waiting for transform from base_link to odom to become available, tf error: Invalid frame ID "odom" passed to canTransform argument target_frame - frame does not exist
[controller_server-8] [INFO] [1789643252.763661095] [local_costmap.local_costmap]: Timed out waiting for transform from base_link to odom to become available, tf error: Invalid frame ID "odom" passed to canTransform argument target_frame - frame does not exist
[controller_server-8] [INFO] [1789643253.263679804] [local_costmap.local_costmap]: Timed out waiting for transform from base_link to odom to become available, tf error: Invalid frame ID "odom" passed to canTransform argument target_frame - frame does not exist
[controller_server-8] [INFO] [1789643253.763662581] [local_costmap.local_costmap]: Timed out waiting for transform from base_link to odom to become available, tf error: Invalid frame ID "odom" passed to canTransform argument target_frame - frame does not exist
[controller_server-8] [INFO] [1789643254.263676607] [local_costmap.local_costmap]: Timed out waiting for transform from base_link to odom to become available, tf error: Invalid frame ID "odom" passed to canTransform argument target_frame - frame does not exist
[controller_server-8] [INFO] [1789643254.763677351] [local_costmap.local_costmap]: Timed out waiting for transform from base_link to odom to become available, tf error: Invalid frame ID "odom" passed to canTransform argument target_frame - frame does not exist
[controller_server-8] [INFO] [1789643255.263667311] [local_costmap.local_costmap]: Timed out waiting for transform from base_link to odom to become available, tf error: Invalid frame ID "odom" passed to canTransform argument target_frame - frame does not exist
[controller_server-8] [INFO] [1789643255.763682441] [local_costmap.local_costmap]: Timed out waiting for transform from base_link to odom to become available, tf error: Invalid frame ID "odom" passed to canTransform argument target_frame - frame does not exist
[controller_server-8] [INFO] [1789643256.263659017] [local_costmap.local_costmap]: Timed out waiting for transform from base_link to odom to become available, tf error: Invalid frame ID "odom" passed to canTransform argument target_frame - frame does not exist
[python-1] [INFO] [1789643256.375814443] [isaac]: Ideal planar chassis enabled: physics_dt=0.016667, limits=(1.500 m/s, 2.000 rad/s), accelerations=(2.000 m/s^2, 4.000 rad/s^2)
[controller_server-8] [INFO] [1789643256.763681074] [local_costmap.local_costmap]: Timed out waiting for transform from base_link to odom to become available, tf error: Invalid frame ID "odom" passed to canTransform argument target_frame - frame does not exist
[python-1] [15.293s] Simulation App Startup Complete
[python-1] [15.329s] [ext: omni.anim.behavior.schema-107.3.0] startup
[python-1] [15.345s] [ext: omni.anim.asset-107.3.0] startup
[python-1] [15.350s] [ext: omni.debugdraw-0.1.4] startup
[python-1] [15.358s] [ext: omni.anim.retarget.core-107.3.3] startup
[python-1] [15.370s] [ext: omni.anim.graph.core-107.3.4] startup
[python-1] 2026-09-17T11:07:30Z [15,367ms] [Warning] [omni.graph.core._impl._registration.register_python_ogn] Python import process in omni.anim.graph.core failed - 'NoneType' object is not subscriptable. Aborting Python node registration
[python-1] [15.396s] [ext: omni.kit.quicklayout-1.0.8] startup
[python-1] [15.449s] [ext: omni.anim.navigation.core-107.3.8] startup
[python-1] [15.458s] [ext: omni.metropolis.utils-0.1.20] startup
[python-1] [15.517s] [ext: omni.anim.people-0.7.9] startup
[python-1] [15.537s] [ext: omni.usd.schema.scene.visualization-2.0.2] startup
[python-1] [15.543s] [ext: omni.curve.creator-107.0.1] startup
[python-1] [15.546s] [ext: omni.kit.browser.sample-1.4.9] startup
[python-1] [15.594s] [ext: omni.scene.visualization.core-107.0.2] startup
[python-1] [15.603s] [ext: omni.curve.manipulator-107.0.4] startup
[python-1] [15.702s] [ext: omni.anim.navigation.ui-107.3.6] startup
[python-1] [15.804s] [ext: omni.anim.navigation.bundle-107.3.3] startup
[python-1] [15.814s] [ext: omni.anim.timeline-107.0.0] startup
[python-1] [15.830s] [ext: omni.kit.widget.text_editor-1.1.1] startup
[python-1] [15.837s] [ext: omni.graph.ui-1.101.6] startup
[python-1] [15.910s] [ext: omni.kit.widget.imageview-1.0.4] startup
[python-1] [15.911s] [ext: omni.ramp-107.0.1] startup
[python-1] [16.193s] [ext: omni.kit.window.quicksearch-2.4.4] startup
[python-1] [16.199s] [ext: omni.genproc.core-107.0.3] startup
[python-1] [16.230s] [ext: omni.kit.graph.widget.variables-2.1.0] startup
[python-1] [16.233s] [ext: omni.graph.io-1.30.1] startup
[python-1] 2026-09-17T11:07:31Z [16,208ms] [Warning] [omni.graph.io._impl.extension] omni.graph.io is deprecated. Nodes in this extension have been moved to omni.graph.nodes. Update any dependencies accordingly.
[python-1] [16.239s] [ext: omni.graph.bundle.action-2.30.0] startup
[python-1] [16.242s] [ext: omni.kit.graph.delegate.modern-1.10.9] startup
[python-1] [16.244s] [ext: omni.anim.graph.ui-107.3.3] startup
[python-1] [16.358s] [ext: omni.anim.graph.bundle-107.3.3] startup
[python-1] [16.377s] [ext: omni.kit.preferences.animation-1.2.0] startup
[python-1] [16.384s] [ext: omni.anim.skelJoint-107.3.3] startup
[python-1] [16.394s] [ext: omni.anim.widget.timeline-0.1.14] startup
[python-1] 2026-09-17T11:07:31Z [16,371ms] [Warning] [omni.anim.widget.timeline.views.timeline_view] Could not import omni.kit.window.cursor
[python-1] [16.402s] [ext: omni.kit.widget.layers-1.8.6] startup
[python-1] [16.469s] [ext: omni.anim.retarget.preview-107.3.3] startup
[python-1] [16.558s] [ext: omni.anim.retarget.ui-107.3.3] startup
[python-1] [16.621s] [ext: omni.anim.retarget.bundle-107.3.3] startup
[python-1] 2026-09-17T11:07:33Z [18,113ms] [Warning] [omni.anim.graph.core.plugin] CharacterManager::Shutdown() called without a prior successful call to CharacterManager::Initialize().
[python-1] [18.268s] [ext: isaacsim.ros2.bridge-4.12.4] startup
[python-1] [18.402s] Attempting to load system rclpy
[python-1] [18.417s] rclpy loaded
[python-1] 2026-09-17T11:07:36Z [20,490ms] [Warning] [carb.windowing-glfw.plugin] GLFW initialization failed.
[python-1] 2026-09-17T11:07:36Z [20,490ms] [Warning] [carb] Failed to startup plugin carb.windowing-glfw.plugin (interfaces: [carb::windowing::IGLContext v1.0],[carb::windowing::IWindowing v1.5]) (impl: carb.windowing-glfw.plugin)
[python-1] 2026-09-17T11:07:36Z [20,499ms] [Warning] [carb.windowing-glfw.plugin] GLFW initialization failed.
[python-1] 2026-09-17T11:07:36Z [20,499ms] [Warning] [carb] Failed to startup plugin carb.windowing-glfw.plugin (interfaces: [carb::windowing::IGLContext v1.0],[carb::windowing::IWindowing v1.5]) (impl: carb.windowing-glfw.plugin)
[python-1] 2026-09-17T11:07:36Z [20,501ms] [Warning] [carb.windowing-glfw.plugin] GLFW initialization failed.
[python-1] 2026-09-17T11:07:36Z [20,501ms] [Warning] [carb] Failed to startup plugin carb.windowing-glfw.plugin (interfaces: [carb::windowing::IGLContext v1.0],[carb::windowing::IWindowing v1.5]) (impl: carb.windowing-glfw.plugin)
[python-1] 2026-09-17T11:07:36Z [21,019ms] [Warning] [omni.timeline.plugin] Deprecated: direct use of ITimeline callbacks is deprecated. Use ITimeline::getTimeline (Python: omni.timeline.get_timeline_interface) instead.
[python-1] 2026-09-17T11:07:36Z [21,369ms] [Warning] [omni.kit.viewport.menubar.lighting.actions] Not able to set the lighting mode, no lighting rig found for Stage Lights
[controller_server-8] [INFO] [1789643257.263674892] [local_costmap.local_costmap]: Timed out waiting for transform from base_link to odom to become available, tf error: Invalid frame ID "odom" passed to canTransform argument target_frame - frame does not exist
[hunav_six_behaviors_bridge-5] [INFO] [1789643257.387465034] [arena_hunav_isaac_bridge]: SIX_BEHAVIORS_WALLS_OK count=4
[controller_server-8] [INFO] [1789643257.763673957] [local_costmap.local_costmap]: Timed out waiting for transform from base_link to odom to become available, tf error: Invalid frame ID "odom" passed to canTransform argument target_frame - frame does not exist
[controller_server-8] [INFO] [1789643258.263663148] [local_costmap.local_costmap]: Timed out waiting for transform from base_link to odom to become available, tf error: Invalid frame ID "odom" passed to canTransform argument target_frame - frame does not exist
[controller_server-8] [INFO] [1789643258.763658073] [local_costmap.local_costmap]: Timed out waiting for transform from base_link to odom to become available, tf error: Invalid frame ID "odom" passed to canTransform argument target_frame - frame does not exist
[controller_server-8] [INFO] [1789643259.263639570] [local_costmap.local_costmap]: Timed out waiting for transform from base_link to odom to become available, tf error: Invalid frame ID "odom" passed to canTransform argument target_frame - frame does not exist
[controller_server-8] [INFO] [1789643259.763660873] [local_costmap.local_costmap]: Timed out waiting for transform from base_link to odom to become available, tf error: Invalid frame ID "odom" passed to canTransform argument target_frame - frame does not exist
[controller_server-8] [INFO] [1789643260.263669050] [local_costmap.local_costmap]: Timed out waiting for transform from base_link to odom to become available, tf error: Invalid frame ID "odom" passed to canTransform argument target_frame - frame does not exist
[hunav_six_behaviors_bridge-5] [INFO] [1789643260.299447478] [arena_hunav_isaac_bridge]: SIX_BEHAVIORS_SPAWN_OK count=6 types=regular:1,impassive:2,surprised:3,scared:4,curious:5,threatening:6
[controller_server-8] [INFO] [1789643260.763630911] [local_costmap.local_costmap]: Timed out waiting for transform from base_link to odom to become available, tf error: Invalid frame ID "odom" passed to canTransform argument target_frame - frame does not exist
[controller_server-8] [INFO] [1789643261.263640706] [local_costmap.local_costmap]: Timed out waiting for transform from base_link to odom to become available, tf error: Invalid frame ID "odom" passed to canTransform argument target_frame - frame does not exist
[controller_server-8] [INFO] [1789643261.763673460] [local_costmap.local_costmap]: Timed out waiting for transform from base_link to odom to become available, tf error: Invalid frame ID "odom" passed to canTransform argument target_frame - frame does not exist
[controller_server-8] [INFO] [1789643262.263667040] [local_costmap.local_costmap]: Timed out waiting for transform from base_link to odom to become available, tf error: Invalid frame ID "odom" passed to canTransform argument target_frame - frame does not exist
[controller_server-8] [INFO] [1789643262.763655847] [local_costmap.local_costmap]: Timed out waiting for transform from base_link to odom to become available, tf error: Invalid frame ID "odom" passed to canTransform argument target_frame - frame does not exist
[python-1] 2026-09-17T11:07:42Z [26,681ms] [Warning] [omni.anim.skelJoint.plugin] Obsolete SkelJoint persistent data existed in this USD stage for Skeleton /World/Characters/Biped_Setup/biped_demo_meters/Root in layer https://omniverse-content-production.s3-us-west-2.amazonaws.com/Assets/Isaac/5.1/Isaac/People/Characters/biped_demo/biped_demo_meters.usd
[python-1] 2026-09-17T11:07:42Z [27,367ms] [Warning] [omni.usd] Coding Error: in SetEditTarget at line 3849 of /builds/omniverse/usd-ci/USD/pxr/usd/usd/stage.cpp -- Layer @metrics:UnitsAdjust-201427a421c881d0bdab3e34ae908232.metricsAssembler@ is not in the local LayerStack rooted at @anon:0x5cc990ae6b10:World1.usd@
[python-1] 
[python-1] 2026-09-17T11:07:42Z [27,367ms] [Warning] [omni.usd] Coding Error: in SetEditTarget at line 3849 of /builds/omniverse/usd-ci/USD/pxr/usd/usd/stage.cpp -- Layer @metrics:UnitsAdjust-201427a421c881d0bdab3e34ae908232.metricsAssembler@ is not in the local LayerStack rooted at @anon:0x5cc990ae6b10:World1.usd@
[python-1] 
[python-1] 2026-09-17T11:07:42Z [27,367ms] [Warning] [omni.usd] Coding Error: in SetEditTarget at line 3849 of /builds/omniverse/usd-ci/USD/pxr/usd/usd/stage.cpp -- Layer @metrics:UnitsAdjust-201427a421c881d0bdab3e34ae908232.metricsAssembler@ is not in the local LayerStack rooted at @anon:0x5cc990ae6b10:World1.usd@
[python-1] 
[python-1] 2026-09-17T11:07:42Z [27,367ms] [Warning] [omni.usd] Coding Error: in SetEditTarget at line 3849 of /builds/omniverse/usd-ci/USD/pxr/usd/usd/stage.cpp -- Layer @metrics:UnitsAdjust-201427a421c881d0bdab3e34ae908232.metricsAssembler@ is not in the local LayerStack rooted at @anon:0x5cc990ae6b10:World1.usd@
[python-1] 
[python-1] 2026-09-17T11:07:42Z [27,367ms] [Warning] [omni.usd] Coding Error: in SetEditTarget at line 3849 of /builds/omniverse/usd-ci/USD/pxr/usd/usd/stage.cpp -- Layer @metrics:UnitsAdjust-201427a421c881d0bdab3e34ae908232.metricsAssembler@ is not in the local LayerStack rooted at @anon:0x5cc990ae6b10:World1.usd@
[python-1] 
[python-1] 2026-09-17T11:07:42Z [27,367ms] [Warning] [omni.usd] Coding Error: in SetEditTarget at line 3849 of /builds/omniverse/usd-ci/USD/pxr/usd/usd/stage.cpp -- Layer @metrics:UnitsAdjust-201427a421c881d0bdab3e34ae908232.metricsAssembler@ is not in the local LayerStack rooted at @anon:0x5cc990ae6b10:World1.usd@
[python-1] 
[python-1] 2026-09-17T11:07:42Z [27,367ms] [Warning] [omni.usd] Coding Error: in SetEditTarget at line 3849 of /builds/omniverse/usd-ci/USD/pxr/usd/usd/stage.cpp -- Layer @metrics:UnitsAdjust-201427a421c881d0bdab3e34ae908232.metricsAssembler@ is not in the local LayerStack rooted at @anon:0x5cc990ae6b10:World1.usd@
[python-1] 
[python-1] 2026-09-17T11:07:42Z [27,367ms] [Warning] [omni.usd] Coding Error: in SetEditTarget at line 3849 of /builds/omniverse/usd-ci/USD/pxr/usd/usd/stage.cpp -- Layer @metrics:UnitsAdjust-201427a421c881d0bdab3e34ae908232.metricsAssembler@ is not in the local LayerStack rooted at @anon:0x5cc990ae6b10:World1.usd@
[python-1] 
[python-1] 2026-09-17T11:07:42Z [27,367ms] [Warning] [omni.usd] Coding Error: in SetEditTarget at line 3849 of /builds/omniverse/usd-ci/USD/pxr/usd/usd/stage.cpp -- Layer @metrics:UnitsAdjust-201427a421c881d0bdab3e34ae908232.metricsAssembler@ is not in the local LayerStack rooted at @anon:0x5cc990ae6b10:World1.usd@
[python-1] 
[python-1] 2026-09-17T11:07:42Z [27,367ms] [Warning] [omni.usd] Coding Error: in SetEditTarget at line 3849 of /builds/omniverse/usd-ci/USD/pxr/usd/usd/stage.cpp -- Layer @metrics:UnitsAdjust-201427a421c881d0bdab3e34ae908232.metricsAssembler@ is not in the local LayerStack rooted at @anon:0x5cc990ae6b10:World1.usd@
[python-1] 
[python-1] 2026-09-17T11:07:42Z [27,367ms] [Warning] [omni.usd] Coding Error: in SetEditTarget at line 3849 of /builds/omniverse/usd-ci/USD/pxr/usd/usd/stage.cpp -- Layer @metrics:UnitsAdjust-201427a421c881d0bdab3e34ae908232.metricsAssembler@ is not in the local LayerStack rooted at @anon:0x5cc990ae6b10:World1.usd@
[python-1] 
[python-1] 2026-09-17T11:07:42Z [27,367ms] [Warning] [omni.usd] Coding Error: in SetEditTarget at line 3849 of /builds/omniverse/usd-ci/USD/pxr/usd/usd/stage.cpp -- Layer @metrics:UnitsAdjust-201427a421c881d0bdab3e34ae908232.metricsAssembler@ is not in the local LayerStack rooted at @anon:0x5cc990ae6b10:World1.usd@
[python-1] 
[python-1] 2026-09-17T11:07:42Z [27,367ms] [Warning] [omni.usd] Coding Error: in SetEditTarget at line 3849 of /builds/omniverse/usd-ci/USD/pxr/usd/usd/stage.cpp -- Layer @metrics:UnitsAdjust-201427a421c881d0bdab3e34ae908232.metricsAssembler@ is not in the local LayerStack rooted at @anon:0x5cc990ae6b10:World1.usd@
[python-1] 
[python-1] 2026-09-17T11:07:42Z [27,367ms] [Warning] [omni.usd] Coding Error: in SetEditTarget at line 3849 of /builds/omniverse/usd-ci/USD/pxr/usd/usd/stage.cpp -- Layer @metrics:UnitsAdjust-201427a421c881d0bdab3e34ae908232.metricsAssembler@ is not in the local LayerStack rooted at @anon:0x5cc990ae6b10:World1.usd@
[python-1] 
[python-1] 2026-09-17T11:07:42Z [27,367ms] [Warning] [omni.usd] Coding Error: in SetEditTarget at line 3849 of /builds/omniverse/usd-ci/USD/pxr/usd/usd/stage.cpp -- Layer @metrics:UnitsAdjust-201427a421c881d0bdab3e34ae908232.metricsAssembler@ is not in the local LayerStack rooted at @anon:0x5cc990ae6b10:World1.usd@
[python-1] 
[python-1] 2026-09-17T11:07:42Z [27,367ms] [Warning] [omni.usd] Coding Error: in SetEditTarget at line 3849 of /builds/omniverse/usd-ci/USD/pxr/usd/usd/stage.cpp -- Layer @metrics:UnitsAdjust-201427a421c881d0bdab3e34ae908232.metricsAssembler@ is not in the local LayerStack rooted at @anon:0x5cc990ae6b10:World1.usd@
[python-1] 
[python-1] 2026-09-17T11:07:42Z [27,367ms] [Warning] [omni.usd] Coding Error: in SetEditTarget at line 3849 of /builds/omniverse/usd-ci/USD/pxr/usd/usd/stage.cpp -- Layer @metrics:UnitsAdjust-201427a421c881d0bdab3e34ae908232.metricsAssembler@ is not in the local LayerStack rooted at @anon:0x5cc990ae6b10:World1.usd@
[python-1] 
[python-1] 2026-09-17T11:07:42Z [27,367ms] [Warning] [omni.usd] Coding Error: in SetEditTarget at line 3849 of /builds/omniverse/usd-ci/USD/pxr/usd/usd/stage.cpp -- Layer @metrics:UnitsAdjust-201427a421c881d0bdab3e34ae908232.metricsAssembler@ is not in the local LayerStack rooted at @anon:0x5cc990ae6b10:World1.usd@
[python-1] 
[python-1] 2026-09-17T11:07:42Z [27,367ms] [Warning] [omni.usd] Coding Error: in SetEditTarget at line 3849 of /builds/omniverse/usd-ci/USD/pxr/usd/usd/stage.cpp -- Layer @metrics:UnitsAdjust-201427a421c881d0bdab3e34ae908232.metricsAssembler@ is not in the local LayerStack rooted at @anon:0x5cc990ae6b10:World1.usd@
[python-1] 
[python-1] 2026-09-17T11:07:42Z [27,367ms] [Warning] [omni.usd] Coding Error: in SetEditTarget at line 3849 of /builds/omniverse/usd-ci/USD/pxr/usd/usd/stage.cpp -- Layer @metrics:UnitsAdjust-201427a421c881d0bdab3e34ae908232.metricsAssembler@ is not in the local LayerStack rooted at @anon:0x5cc990ae6b10:World1.usd@
[python-1] 
[python-1] 2026-09-17T11:07:42Z [27,367ms] [Warning] [omni.usd] Coding Error: in SetEditTarget at line 3849 of /builds/omniverse/usd-ci/USD/pxr/usd/usd/stage.cpp -- Layer @metrics:UnitsAdjust-201427a421c881d0bdab3e34ae908232.metricsAssembler@ is not in the local LayerStack rooted at @anon:0x5cc990ae6b10:World1.usd@
[python-1] 
[python-1] 2026-09-17T11:07:42Z [27,367ms] [Warning] [omni.usd] Coding Error: in SetEditTarget at line 3849 of /builds/omniverse/usd-ci/USD/pxr/usd/usd/stage.cpp -- Layer @metrics:UnitsAdjust-201427a421c881d0bdab3e34ae908232.metricsAssembler@ is not in the local LayerStack rooted at @anon:0x5cc990ae6b10:World1.usd@
[python-1] 
[python-1] 2026-09-17T11:07:42Z [27,367ms] [Warning] [omni.usd] Coding Error: in SetEditTarget at line 3849 of /builds/omniverse/usd-ci/USD/pxr/usd/usd/stage.cpp -- Layer @metrics:UnitsAdjust-201427a421c881d0bdab3e34ae908232.metricsAssembler@ is not in the local LayerStack rooted at @anon:0x5cc990ae6b10:World1.usd@
[python-1] 
[python-1] 2026-09-17T11:07:42Z [27,368ms] [Warning] [omni.usd] Coding Error: in SetEditTarget at line 3849 of /builds/omniverse/usd-ci/USD/pxr/usd/usd/stage.cpp -- Layer @metrics:UnitsAdjust-201427a421c881d0bdab3e34ae908232.metricsAssembler@ is not in the local LayerStack rooted at @anon:0x5cc990ae6b10:World1.usd@
[python-1] 
[python-1] 2026-09-17T11:07:42Z [27,368ms] [Warning] [omni.usd] Coding Error: in SetEditTarget at line 3849 of /builds/omniverse/usd-ci/USD/pxr/usd/usd/stage.cpp -- Layer @metrics:UnitsAdjust-201427a421c881d0bdab3e34ae908232.metricsAssembler@ is not in the local LayerStack rooted at @anon:0x5cc990ae6b10:World1.usd@
[python-1] 
[python-1] 2026-09-17T11:07:42Z [27,368ms] [Warning] [omni.usd] Coding Error: in SetEditTarget at line 3849 of /builds/omniverse/usd-ci/USD/pxr/usd/usd/stage.cpp -- Layer @metrics:UnitsAdjust-201427a421c881d0bdab3e34ae908232.metricsAssembler@ is not in the local LayerStack rooted at @anon:0x5cc990ae6b10:World1.usd@
[python-1] 
[python-1] 2026-09-17T11:07:42Z [27,368ms] [Warning] [omni.usd] Coding Error: in SetEditTarget at line 3849 of /builds/omniverse/usd-ci/USD/pxr/usd/usd/stage.cpp -- Layer @metrics:UnitsAdjust-201427a421c881d0bdab3e34ae908232.metricsAssembler@ is not in the local LayerStack rooted at @anon:0x5cc990ae6b10:World1.usd@
[python-1] 
[python-1] 2026-09-17T11:07:42Z [27,368ms] [Warning] [omni.usd] Coding Error: in SetEditTarget at line 3849 of /builds/omniverse/usd-ci/USD/pxr/usd/usd/stage.cpp -- Layer @metrics:UnitsAdjust-201427a421c881d0bdab3e34ae908232.metricsAssembler@ is not in the local LayerStack rooted at @anon:0x5cc990ae6b10:World1.usd@
[python-1] 
[python-1] 2026-09-17T11:07:42Z [27,368ms] [Warning] [omni.usd] Coding Error: in SetEditTarget at line 3849 of /builds/omniverse/usd-ci/USD/pxr/usd/usd/stage.cpp -- Layer @metrics:UnitsAdjust-201427a421c881d0bdab3e34ae908232.metricsAssembler@ is not in the local LayerStack rooted at @anon:0x5cc990ae6b10:World1.usd@
[python-1] 
[python-1] 2026-09-17T11:07:42Z [27,368ms] [Warning] [omni.usd] Coding Error: in SetEditTarget at line 3849 of /builds/omniverse/usd-ci/USD/pxr/usd/usd/stage.cpp -- Layer @metrics:UnitsAdjust-201427a421c881d0bdab3e34ae908232.metricsAssembler@ is not in the local LayerStack rooted at @anon:0x5cc990ae6b10:World1.usd@
[python-1] 
[python-1] 2026-09-17T11:07:42Z [27,368ms] [Warning] [omni.usd] Coding Error: in SetEditTarget at line 3849 of /builds/omniverse/usd-ci/USD/pxr/usd/usd/stage.cpp -- Layer @metrics:UnitsAdjust-201427a421c881d0bdab3e34ae908232.metricsAssembler@ is not in the local LayerStack rooted at @anon:0x5cc990ae6b10:World1.usd@
[python-1] 
[python-1] 2026-09-17T11:07:42Z [27,368ms] [Warning] [omni.usd] Coding Error: in SetEditTarget at line 3849 of /builds/omniverse/usd-ci/USD/pxr/usd/usd/stage.cpp -- Layer @metrics:UnitsAdjust-201427a421c881d0bdab3e34ae908232.metricsAssembler@ is not in the local LayerStack rooted at @anon:0x5cc990ae6b10:World1.usd@
[python-1] 
[python-1] 2026-09-17T11:07:42Z [27,368ms] [Warning] [omni.usd] Coding Error: in SetEditTarget at line 3849 of /builds/omniverse/usd-ci/USD/pxr/usd/usd/stage.cpp -- Layer @metrics:UnitsAdjust-201427a421c881d0bdab3e34ae908232.metricsAssembler@ is not in the local LayerStack rooted at @anon:0x5cc990ae6b10:World1.usd@
[python-1] 
[python-1] 2026-09-17T11:07:42Z [27,368ms] [Warning] [omni.usd] Coding Error: in SetEditTarget at line 3849 of /builds/omniverse/usd-ci/USD/pxr/usd/usd/stage.cpp -- Layer @metrics:UnitsAdjust-201427a421c881d0bdab3e34ae908232.metricsAssembler@ is not in the local LayerStack rooted at @anon:0x5cc990ae6b10:World1.usd@
[python-1] 
[python-1] 2026-09-17T11:07:42Z [27,368ms] [Warning] [omni.usd] Coding Error: in SetEditTarget at line 3849 of /builds/omniverse/usd-ci/USD/pxr/usd/usd/stage.cpp -- Layer @metrics:UnitsAdjust-201427a421c881d0bdab3e34ae908232.metricsAssembler@ is not in the local LayerStack rooted at @anon:0x5cc990ae6b10:World1.usd@
[python-1] 
[python-1] 2026-09-17T11:07:42Z [27,368ms] [Warning] [omni.usd] Coding Error: in SetEditTarget at line 3849 of /builds/omniverse/usd-ci/USD/pxr/usd/usd/stage.cpp -- Layer @metrics:UnitsAdjust-201427a421c881d0bdab3e34ae908232.metricsAssembler@ is not in the local LayerStack rooted at @anon:0x5cc990ae6b10:World1.usd@
[python-1] 
[python-1] 2026-09-17T11:07:42Z [27,368ms] [Warning] [omni.usd] Coding Error: in SetEditTarget at line 3849 of /builds/omniverse/usd-ci/USD/pxr/usd/usd/stage.cpp -- Layer @metrics:UnitsAdjust-201427a421c881d0bdab3e34ae908232.metricsAssembler@ is not in the local LayerStack rooted at @anon:0x5cc990ae6b10:World1.usd@
[python-1] 
[python-1] 2026-09-17T11:07:42Z [27,368ms] [Warning] [omni.usd] Coding Error: in SetEditTarget at line 3849 of /builds/omniverse/usd-ci/USD/pxr/usd/usd/stage.cpp -- Layer @metrics:UnitsAdjust-201427a421c881d0bdab3e34ae908232.metricsAssembler@ is not in the local LayerStack rooted at @anon:0x5cc990ae6b10:World1.usd@
[python-1] 
[python-1] 2026-09-17T11:07:42Z [27,368ms] [Warning] [omni.usd] Coding Error: in SetEditTarget at line 3849 of /builds/omniverse/usd-ci/USD/pxr/usd/usd/stage.cpp -- Layer @metrics:UnitsAdjust-201427a421c881d0bdab3e34ae908232.metricsAssembler@ is not in the local LayerStack rooted at @anon:0x5cc990ae6b10:World1.usd@
[python-1] 
[python-1] 2026-09-17T11:07:42Z [27,368ms] [Warning] [omni.usd] Coding Error: in SetEditTarget at line 3849 of /builds/omniverse/usd-ci/USD/pxr/usd/usd/stage.cpp -- Layer @metrics:UnitsAdjust-201427a421c881d0bdab3e34ae908232.metricsAssembler@ is not in the local LayerStack rooted at @anon:0x5cc990ae6b10:World1.usd@
[python-1] 
[python-1] 2026-09-17T11:07:42Z [27,368ms] [Warning] [omni.usd] Coding Error: in SetEditTarget at line 3849 of /builds/omniverse/usd-ci/USD/pxr/usd/usd/stage.cpp -- Layer @metrics:UnitsAdjust-201427a421c881d0bdab3e34ae908232.metricsAssembler@ is not in the local LayerStack rooted at @anon:0x5cc990ae6b10:World1.usd@
[python-1] 
[python-1] 2026-09-17T11:07:42Z [27,368ms] [Warning] [omni.usd] Coding Error: in SetEditTarget at line 3849 of /builds/omniverse/usd-ci/USD/pxr/usd/usd/stage.cpp -- Layer @metrics:UnitsAdjust-201427a421c881d0bdab3e34ae908232.metricsAssembler@ is not in the local LayerStack rooted at @anon:0x5cc990ae6b10:World1.usd@
[python-1] 
[python-1] 2026-09-17T11:07:42Z [27,368ms] [Warning] [omni.usd] Coding Error: in SetEditTarget at line 3849 of /builds/omniverse/usd-ci/USD/pxr/usd/usd/stage.cpp -- Layer @metrics:UnitsAdjust-201427a421c881d0bdab3e34ae908232.metricsAssembler@ is not in the local LayerStack rooted at @anon:0x5cc990ae6b10:World1.usd@
[python-1] 
[python-1] 2026-09-17T11:07:42Z [27,368ms] [Warning] [omni.usd] Coding Error: in SetEditTarget at line 3849 of /builds/omniverse/usd-ci/USD/pxr/usd/usd/stage.cpp -- Layer @metrics:UnitsAdjust-201427a421c881d0bdab3e34ae908232.metricsAssembler@ is not in the local LayerStack rooted at @anon:0x5cc990ae6b10:World1.usd@
[python-1] 
[python-1] 2026-09-17T11:07:42Z [27,368ms] [Warning] [omni.usd] Coding Error: in SetEditTarget at line 3849 of /builds/omniverse/usd-ci/USD/pxr/usd/usd/stage.cpp -- Layer @metrics:UnitsAdjust-201427a421c881d0bdab3e34ae908232.metricsAssembler@ is not in the local LayerStack rooted at @anon:0x5cc990ae6b10:World1.usd@
[python-1] 
[python-1] 2026-09-17T11:07:42Z [27,368ms] [Warning] [omni.usd] Coding Error: in SetEditTarget at line 3849 of /builds/omniverse/usd-ci/USD/pxr/usd/usd/stage.cpp -- Layer @metrics:UnitsAdjust-201427a421c881d0bdab3e34ae908232.metricsAssembler@ is not in the local LayerStack rooted at @anon:0x5cc990ae6b10:World1.usd@
[python-1] 
[python-1] 2026-09-17T11:07:42Z [27,368ms] [Warning] [omni.usd] Coding Error: in SetEditTarget at line 3849 of /builds/omniverse/usd-ci/USD/pxr/usd/usd/stage.cpp -- Layer @metrics:UnitsAdjust-201427a421c881d0bdab3e34ae908232.metricsAssembler@ is not in the local LayerStack rooted at @anon:0x5cc990ae6b10:World1.usd@
[python-1] 
[python-1] 2026-09-17T11:07:42Z [27,368ms] [Warning] [omni.usd] Coding Error: in SetEditTarget at line 3849 of /builds/omniverse/usd-ci/USD/pxr/usd/usd/stage.cpp -- Layer @metrics:UnitsAdjust-201427a421c881d0bdab3e34ae908232.metricsAssembler@ is not in the local LayerStack rooted at @anon:0x5cc990ae6b10:World1.usd@
[python-1] 
[python-1] 2026-09-17T11:07:42Z [27,368ms] [Warning] [omni.usd] Coding Error: in SetEditTarget at line 3849 of /builds/omniverse/usd-ci/USD/pxr/usd/usd/stage.cpp -- Layer @metrics:UnitsAdjust-201427a421c881d0bdab3e34ae908232.metricsAssembler@ is not in the local LayerStack rooted at @anon:0x5cc990ae6b10:World1.usd@
[python-1] 
[python-1] 2026-09-17T11:07:42Z [27,368ms] [Warning] [omni.usd] Coding Error: in SetEditTarget at line 3849 of /builds/omniverse/usd-ci/USD/pxr/usd/usd/stage.cpp -- Layer @metrics:UnitsAdjust-201427a421c881d0bdab3e34ae908232.metricsAssembler@ is not in the local LayerStack rooted at @anon:0x5cc990ae6b10:World1.usd@
[python-1] 
[python-1] 2026-09-17T11:07:42Z [27,368ms] [Warning] [omni.usd] Coding Error: in SetEditTarget at line 3849 of /builds/omniverse/usd-ci/USD/pxr/usd/usd/stage.cpp -- Layer @metrics:UnitsAdjust-201427a421c881d0bdab3e34ae908232.metricsAssembler@ is not in the local LayerStack rooted at @anon:0x5cc990ae6b10:World1.usd@
[python-1] 
[python-1] 2026-09-17T11:07:42Z [27,368ms] [Warning] [omni.usd] Coding Error: in SetEditTarget at line 3849 of /builds/omniverse/usd-ci/USD/pxr/usd/usd/stage.cpp -- Layer @metrics:UnitsAdjust-201427a421c881d0bdab3e34ae908232.metricsAssembler@ is not in the local LayerStack rooted at @anon:0x5cc990ae6b10:World1.usd@
[python-1] 
[python-1] 2026-09-17T11:07:42Z [27,368ms] [Warning] [omni.usd] Coding Error: in SetEditTarget at line 3849 of /builds/omniverse/usd-ci/USD/pxr/usd/usd/stage.cpp -- Layer @metrics:UnitsAdjust-201427a421c881d0bdab3e34ae908232.metricsAssembler@ is not in the local LayerStack rooted at @anon:0x5cc990ae6b10:World1.usd@
[python-1] 
[python-1] 2026-09-17T11:07:42Z [27,368ms] [Warning] [omni.usd] Coding Error: in SetEditTarget at line 3849 of /builds/omniverse/usd-ci/USD/pxr/usd/usd/stage.cpp -- Layer @metrics:UnitsAdjust-201427a421c881d0bdab3e34ae908232.metricsAssembler@ is not in the local LayerStack rooted at @anon:0x5cc990ae6b10:World1.usd@
[python-1] 
[python-1] 2026-09-17T11:07:42Z [27,368ms] [Warning] [omni.usd] Coding Error: in SetEditTarget at line 3849 of /builds/omniverse/usd-ci/USD/pxr/usd/usd/stage.cpp -- Layer @metrics:UnitsAdjust-201427a421c881d0bdab3e34ae908232.metricsAssembler@ is not in the local LayerStack rooted at @anon:0x5cc990ae6b10:World1.usd@
[python-1] 
[python-1] 2026-09-17T11:07:42Z [27,368ms] [Warning] [omni.usd] Coding Error: in SetEditTarget at line 3849 of /builds/omniverse/usd-ci/USD/pxr/usd/usd/stage.cpp -- Layer @metrics:UnitsAdjust-201427a421c881d0bdab3e34ae908232.metricsAssembler@ is not in the local LayerStack rooted at @anon:0x5cc990ae6b10:World1.usd@
[python-1] 
[python-1] 2026-09-17T11:07:42Z [27,368ms] [Warning] [omni.usd] Coding Error: in SetEditTarget at line 3849 of /builds/omniverse/usd-ci/USD/pxr/usd/usd/stage.cpp -- Layer @metrics:UnitsAdjust-201427a421c881d0bdab3e34ae908232.metricsAssembler@ is not in the local LayerStack rooted at @anon:0x5cc990ae6b10:World1.usd@
[python-1] 
[python-1] 2026-09-17T11:07:42Z [27,368ms] [Warning] [omni.usd] Coding Error: in SetEditTarget at line 3849 of /builds/omniverse/usd-ci/USD/pxr/usd/usd/stage.cpp -- Layer @metrics:UnitsAdjust-201427a421c881d0bdab3e34ae908232.metricsAssembler@ is not in the local LayerStack rooted at @anon:0x5cc990ae6b10:World1.usd@
[python-1] 
[python-1] 2026-09-17T11:07:42Z [27,368ms] [Warning] [omni.usd] Coding Error: in SetEditTarget at line 3849 of /builds/omniverse/usd-ci/USD/pxr/usd/usd/stage.cpp -- Layer @metrics:UnitsAdjust-201427a421c881d0bdab3e34ae908232.metricsAssembler@ is not in the local LayerStack rooted at @anon:0x5cc990ae6b10:World1.usd@
[python-1] 
[python-1] 2026-09-17T11:07:42Z [27,368ms] [Warning] [omni.usd] Coding Error: in SetEditTarget at line 3849 of /builds/omniverse/usd-ci/USD/pxr/usd/usd/stage.cpp -- Layer @metrics:UnitsAdjust-201427a421c881d0bdab3e34ae908232.metricsAssembler@ is not in the local LayerStack rooted at @anon:0x5cc990ae6b10:World1.usd@
[python-1] 
[python-1] 2026-09-17T11:07:42Z [27,368ms] [Warning] [omni.usd] Coding Error: in SetEditTarget at line 3849 of /builds/omniverse/usd-ci/USD/pxr/usd/usd/stage.cpp -- Layer @metrics:UnitsAdjust-201427a421c881d0bdab3e34ae908232.metricsAssembler@ is not in the local LayerStack rooted at @anon:0x5cc990ae6b10:World1.usd@
[python-1] 
[python-1] 2026-09-17T11:07:42Z [27,368ms] [Warning] [omni.usd] Coding Error: in SetEditTarget at line 3849 of /builds/omniverse/usd-ci/USD/pxr/usd/usd/stage.cpp -- Layer @metrics:UnitsAdjust-201427a421c881d0bdab3e34ae908232.metricsAssembler@ is not in the local LayerStack rooted at @anon:0x5cc990ae6b10:World1.usd@
[python-1] 
[python-1] 2026-09-17T11:07:42Z [27,368ms] [Warning] [omni.usd] Coding Error: in SetEditTarget at line 3849 of /builds/omniverse/usd-ci/USD/pxr/usd/usd/stage.cpp -- Layer @metrics:UnitsAdjust-201427a421c881d0bdab3e34ae908232.metricsAssembler@ is not in the local LayerStack rooted at @anon:0x5cc990ae6b10:World1.usd@
[python-1] 
[python-1] 2026-09-17T11:07:42Z [27,368ms] [Warning] [omni.usd] Coding Error: in SetEditTarget at line 3849 of /builds/omniverse/usd-ci/USD/pxr/usd/usd/stage.cpp -- Layer @metrics:UnitsAdjust-201427a421c881d0bdab3e34ae908232.metricsAssembler@ is not in the local LayerStack rooted at @anon:0x5cc990ae6b10:World1.usd@
[python-1] 
[python-1] 2026-09-17T11:07:42Z [27,368ms] [Warning] [omni.usd] Coding Error: in SetEditTarget at line 3849 of /builds/omniverse/usd-ci/USD/pxr/usd/usd/stage.cpp -- Layer @metrics:UnitsAdjust-201427a421c881d0bdab3e34ae908232.metricsAssembler@ is not in the local LayerStack rooted at @anon:0x5cc990ae6b10:World1.usd@
[python-1] 
[python-1] 2026-09-17T11:07:42Z [27,368ms] [Warning] [omni.usd] Coding Error: in SetEditTarget at line 3849 of /builds/omniverse/usd-ci/USD/pxr/usd/usd/stage.cpp -- Layer @metrics:UnitsAdjust-201427a421c881d0bdab3e34ae908232.metricsAssembler@ is not in the local LayerStack rooted at @anon:0x5cc990ae6b10:World1.usd@
[python-1] 
[python-1] 2026-09-17T11:07:42Z [27,368ms] [Warning] [omni.usd] Coding Error: in SetEditTarget at line 3849 of /builds/omniverse/usd-ci/USD/pxr/usd/usd/stage.cpp -- Layer @metrics:UnitsAdjust-201427a421c881d0bdab3e34ae908232.metricsAssembler@ is not in the local LayerStack rooted at @anon:0x5cc990ae6b10:World1.usd@
[python-1] 
[python-1] 2026-09-17T11:07:42Z [27,368ms] [Warning] [omni.usd] Coding Error: in SetEditTarget at line 3849 of /builds/omniverse/usd-ci/USD/pxr/usd/usd/stage.cpp -- Layer @metrics:UnitsAdjust-201427a421c881d0bdab3e34ae908232.metricsAssembler@ is not in the local LayerStack rooted at @anon:0x5cc990ae6b10:World1.usd@
[python-1] 
[python-1] 2026-09-17T11:07:42Z [27,368ms] [Warning] [omni.usd] Coding Error: in SetEditTarget at line 3849 of /builds/omniverse/usd-ci/USD/pxr/usd/usd/stage.cpp -- Layer @metrics:UnitsAdjust-201427a421c881d0bdab3e34ae908232.metricsAssembler@ is not in the local LayerStack rooted at @anon:0x5cc990ae6b10:World1.usd@
[python-1] 
[python-1] 2026-09-17T11:07:42Z [27,368ms] [Warning] [omni.usd] Coding Error: in SetEditTarget at line 3849 of /builds/omniverse/usd-ci/USD/pxr/usd/usd/stage.cpp -- Layer @metrics:UnitsAdjust-201427a421c881d0bdab3e34ae908232.metricsAssembler@ is not in the local LayerStack rooted at @anon:0x5cc990ae6b10:World1.usd@
[python-1] 
[python-1] 2026-09-17T11:07:42Z [27,368ms] [Warning] [omni.usd] Coding Error: in SetEditTarget at line 3849 of /builds/omniverse/usd-ci/USD/pxr/usd/usd/stage.cpp -- Layer @metrics:UnitsAdjust-201427a421c881d0bdab3e34ae908232.metricsAssembler@ is not in the local LayerStack rooted at @anon:0x5cc990ae6b10:World1.usd@
[python-1] 
[python-1] 2026-09-17T11:07:42Z [27,368ms] [Warning] [omni.usd] Coding Error: in SetEditTarget at line 3849 of /builds/omniverse/usd-ci/USD/pxr/usd/usd/stage.cpp -- Layer @metrics:UnitsAdjust-201427a421c881d0bdab3e34ae908232.metricsAssembler@ is not in the local LayerStack rooted at @anon:0x5cc990ae6b10:World1.usd@
[python-1] 
[python-1] 2026-09-17T11:07:42Z [27,368ms] [Warning] [omni.usd] Coding Error: in SetEditTarget at line 3849 of /builds/omniverse/usd-ci/USD/pxr/usd/usd/stage.cpp -- Layer @metrics:UnitsAdjust-201427a421c881d0bdab3e34ae908232.metricsAssembler@ is not in the local LayerStack rooted at @anon:0x5cc990ae6b10:World1.usd@
[python-1] 
[python-1] 2026-09-17T11:07:42Z [27,368ms] [Warning] [omni.usd] Coding Error: in SetEditTarget at line 3849 of /builds/omniverse/usd-ci/USD/pxr/usd/usd/stage.cpp -- Layer @metrics:UnitsAdjust-201427a421c881d0bdab3e34ae908232.metricsAssembler@ is not in the local LayerStack rooted at @anon:0x5cc990ae6b10:World1.usd@
[python-1] 
[python-1] 2026-09-17T11:07:42Z [27,368ms] [Warning] [omni.usd] Coding Error: in SetEditTarget at line 3849 of /builds/omniverse/usd-ci/USD/pxr/usd/usd/stage.cpp -- Layer @metrics:UnitsAdjust-201427a421c881d0bdab3e34ae908232.metricsAssembler@ is not in the local LayerStack rooted at @anon:0x5cc990ae6b10:World1.usd@
[python-1] 
[python-1] 2026-09-17T11:07:42Z [27,368ms] [Warning] [omni.usd] Coding Error: in SetEditTarget at line 3849 of /builds/omniverse/usd-ci/USD/pxr/usd/usd/stage.cpp -- Layer @metrics:UnitsAdjust-201427a421c881d0bdab3e34ae908232.metricsAssembler@ is not in the local LayerStack rooted at @anon:0x5cc990ae6b10:World1.usd@
[python-1] 
[python-1] 2026-09-17T11:07:42Z [27,368ms] [Warning] [omni.usd] Coding Error: in SetEditTarget at line 3849 of /builds/omniverse/usd-ci/USD/pxr/usd/usd/stage.cpp -- Layer @metrics:UnitsAdjust-201427a421c881d0bdab3e34ae908232.metricsAssembler@ is not in the local LayerStack rooted at @anon:0x5cc990ae6b10:World1.usd@
[python-1] 
[python-1] 2026-09-17T11:07:42Z [27,368ms] [Warning] [omni.usd] Coding Error: in SetEditTarget at line 3849 of /builds/omniverse/usd-ci/USD/pxr/usd/usd/stage.cpp -- Layer @metrics:UnitsAdjust-201427a421c881d0bdab3e34ae908232.metricsAssembler@ is not in the local LayerStack rooted at @anon:0x5cc990ae6b10:World1.usd@
[python-1] 
[python-1] 2026-09-17T11:07:42Z [27,368ms] [Warning] [omni.usd] Coding Error: in SetEditTarget at line 3849 of /builds/omniverse/usd-ci/USD/pxr/usd/usd/stage.cpp -- Layer @metrics:UnitsAdjust-201427a421c881d0bdab3e34ae908232.metricsAssembler@ is not in the local LayerStack rooted at @anon:0x5cc990ae6b10:World1.usd@
[python-1] 
[python-1] 2026-09-17T11:07:42Z [27,369ms] [Warning] [omni.usd] Coding Error: in SetEditTarget at line 3849 of /builds/omniverse/usd-ci/USD/pxr/usd/usd/stage.cpp -- Layer @metrics:UnitsAdjust-201427a421c881d0bdab3e34ae908232.metricsAssembler@ is not in the local LayerStack rooted at @anon:0x5cc990ae6b10:World1.usd@
[python-1] 
[python-1] 2026-09-17T11:07:42Z [27,369ms] [Warning] [omni.usd] Coding Error: in SetEditTarget at line 3849 of /builds/omniverse/usd-ci/USD/pxr/usd/usd/stage.cpp -- Layer @metrics:UnitsAdjust-201427a421c881d0bdab3e34ae908232.metricsAssembler@ is not in the local LayerStack rooted at @anon:0x5cc990ae6b10:World1.usd@
[python-1] 
[python-1] 2026-09-17T11:07:42Z [27,369ms] [Warning] [omni.usd] Coding Error: in SetEditTarget at line 3849 of /builds/omniverse/usd-ci/USD/pxr/usd/usd/stage.cpp -- Layer @metrics:UnitsAdjust-201427a421c881d0bdab3e34ae908232.metricsAssembler@ is not in the local LayerStack rooted at @anon:0x5cc990ae6b10:World1.usd@
[python-1] 
[python-1] 2026-09-17T11:07:42Z [27,369ms] [Warning] [omni.usd] Coding Error: in SetEditTarget at line 3849 of /builds/omniverse/usd-ci/USD/pxr/usd/usd/stage.cpp -- Layer @metrics:UnitsAdjust-201427a421c881d0bdab3e34ae908232.metricsAssembler@ is not in the local LayerStack rooted at @anon:0x5cc990ae6b10:World1.usd@
[python-1] 
[python-1] 2026-09-17T11:07:42Z [27,369ms] [Warning] [omni.usd] Coding Error: in SetEditTarget at line 3849 of /builds/omniverse/usd-ci/USD/pxr/usd/usd/stage.cpp -- Layer @metrics:UnitsAdjust-201427a421c881d0bdab3e34ae908232.metricsAssembler@ is not in the local LayerStack rooted at @anon:0x5cc990ae6b10:World1.usd@
[python-1] 
[python-1] 2026-09-17T11:07:42Z [27,369ms] [Warning] [omni.usd] Coding Error: in SetEditTarget at line 3849 of /builds/omniverse/usd-ci/USD/pxr/usd/usd/stage.cpp -- Layer @metrics:UnitsAdjust-201427a421c881d0bdab3e34ae908232.metricsAssembler@ is not in the local LayerStack rooted at @anon:0x5cc990ae6b10:World1.usd@
[python-1] 
[python-1] 2026-09-17T11:07:42Z [27,369ms] [Warning] [omni.usd] Coding Error: in SetEditTarget at line 3849 of /builds/omniverse/usd-ci/USD/pxr/usd/usd/stage.cpp -- Layer @metrics:UnitsAdjust-201427a421c881d0bdab3e34ae908232.metricsAssembler@ is not in the local LayerStack rooted at @anon:0x5cc990ae6b10:World1.usd@
[python-1] 
[python-1] 2026-09-17T11:07:42Z [27,369ms] [Warning] [omni.usd] Coding Error: in SetEditTarget at line 3849 of /builds/omniverse/usd-ci/USD/pxr/usd/usd/stage.cpp -- Layer @metrics:UnitsAdjust-201427a421c881d0bdab3e34ae908232.metricsAssembler@ is not in the local LayerStack rooted at @anon:0x5cc990ae6b10:World1.usd@
[python-1] 
[python-1] 2026-09-17T11:07:42Z [27,369ms] [Warning] [omni.usd] Coding Error: in SetEditTarget at line 3849 of /builds/omniverse/usd-ci/USD/pxr/usd/usd/stage.cpp -- Layer @metrics:UnitsAdjust-201427a421c881d0bdab3e34ae908232.metricsAssembler@ is not in the local LayerStack rooted at @anon:0x5cc990ae6b10:World1.usd@
[python-1] 
[python-1] 2026-09-17T11:07:42Z [27,369ms] [Warning] [omni.usd] Coding Error: in SetEditTarget at line 3849 of /builds/omniverse/usd-ci/USD/pxr/usd/usd/stage.cpp -- Layer @metrics:UnitsAdjust-201427a421c881d0bdab3e34ae908232.metricsAssembler@ is not in the local LayerStack rooted at @anon:0x5cc990ae6b10:World1.usd@
[python-1] 
[python-1] 2026-09-17T11:07:42Z [27,369ms] [Warning] [omni.usd] Coding Error: in SetEditTarget at line 3849 of /builds/omniverse/usd-ci/USD/pxr/usd/usd/stage.cpp -- Layer @metrics:UnitsAdjust-201427a421c881d0bdab3e34ae908232.metricsAssembler@ is not in the local LayerStack rooted at @anon:0x5cc990ae6b10:World1.usd@
[python-1] 
[python-1] 2026-09-17T11:07:42Z [27,369ms] [Warning] [omni.usd] Coding Error: in SetEditTarget at line 3849 of /builds/omniverse/usd-ci/USD/pxr/usd/usd/stage.cpp -- Layer @metrics:UnitsAdjust-201427a421c881d0bdab3e34ae908232.metricsAssembler@ is not in the local LayerStack rooted at @anon:0x5cc990ae6b10:World1.usd@
[python-1] 
[python-1] 2026-09-17T11:07:42Z [27,369ms] [Warning] [omni.usd] Coding Error: in SetEditTarget at line 3849 of /builds/omniverse/usd-ci/USD/pxr/usd/usd/stage.cpp -- Layer @metrics:UnitsAdjust-201427a421c881d0bdab3e34ae908232.metricsAssembler@ is not in the local LayerStack rooted at @anon:0x5cc990ae6b10:World1.usd@
[python-1] 
[python-1] 2026-09-17T11:07:42Z [27,369ms] [Warning] [omni.usd] Coding Error: in SetEditTarget at line 3849 of /builds/omniverse/usd-ci/USD/pxr/usd/usd/stage.cpp -- Layer @metrics:UnitsAdjust-201427a421c881d0bdab3e34ae908232.metricsAssembler@ is not in the local LayerStack rooted at @anon:0x5cc990ae6b10:World1.usd@
[python-1] 
[python-1] 2026-09-17T11:07:42Z [27,369ms] [Warning] [omni.usd] Coding Error: in SetEditTarget at line 3849 of /builds/omniverse/usd-ci/USD/pxr/usd/usd/stage.cpp -- Layer @metrics:UnitsAdjust-201427a421c881d0bdab3e34ae908232.metricsAssembler@ is not in the local LayerStack rooted at @anon:0x5cc990ae6b10:World1.usd@
[python-1] 
[python-1] 2026-09-17T11:07:42Z [27,369ms] [Warning] [omni.usd] Coding Error: in SetEditTarget at line 3849 of /builds/omniverse/usd-ci/USD/pxr/usd/usd/stage.cpp -- Layer @metrics:UnitsAdjust-201427a421c881d0bdab3e34ae908232.metricsAssembler@ is not in the local LayerStack rooted at @anon:0x5cc990ae6b10:World1.usd@
[python-1] 
[python-1] 2026-09-17T11:07:42Z [27,369ms] [Warning] [omni.usd] Coding Error: in SetEditTarget at line 3849 of /builds/omniverse/usd-ci/USD/pxr/usd/usd/stage.cpp -- Layer @metrics:UnitsAdjust-201427a421c881d0bdab3e34ae908232.metricsAssembler@ is not in the local LayerStack rooted at @anon:0x5cc990ae6b10:World1.usd@
[python-1] 
[python-1] 2026-09-17T11:07:42Z [27,369ms] [Warning] [omni.usd] Coding Error: in SetEditTarget at line 3849 of /builds/omniverse/usd-ci/USD/pxr/usd/usd/stage.cpp -- Layer @metrics:UnitsAdjust-201427a421c881d0bdab3e34ae908232.metricsAssembler@ is not in the local LayerStack rooted at @anon:0x5cc990ae6b10:World1.usd@
[python-1] 
[python-1] 2026-09-17T11:07:42Z [27,369ms] [Warning] [omni.usd] Coding Error: in SetEditTarget at line 3849 of /builds/omniverse/usd-ci/USD/pxr/usd/usd/stage.cpp -- Layer @metrics:UnitsAdjust-201427a421c881d0bdab3e34ae908232.metricsAssembler@ is not in the local LayerStack rooted at @anon:0x5cc990ae6b10:World1.usd@
[python-1] 
[python-1] 2026-09-17T11:07:42Z [27,369ms] [Warning] [omni.usd] Coding Error: in SetEditTarget at line 3849 of /builds/omniverse/usd-ci/USD/pxr/usd/usd/stage.cpp -- Layer @metrics:UnitsAdjust-201427a421c881d0bdab3e34ae908232.metricsAssembler@ is not in the local LayerStack rooted at @anon:0x5cc990ae6b10:World1.usd@
[python-1] 
[python-1] 2026-09-17T11:07:42Z [27,369ms] [Warning] [omni.usd] Coding Error: in SetEditTarget at line 3849 of /builds/omniverse/usd-ci/USD/pxr/usd/usd/stage.cpp -- Layer @metrics:UnitsAdjust-201427a421c881d0bdab3e34ae908232.metricsAssembler@ is not in the local LayerStack rooted at @anon:0x5cc990ae6b10:World1.usd@
[python-1] 
[python-1] 2026-09-17T11:07:42Z [27,369ms] [Warning] [omni.usd] Coding Error: in SetEditTarget at line 3849 of /builds/omniverse/usd-ci/USD/pxr/usd/usd/stage.cpp -- Layer @metrics:UnitsAdjust-201427a421c881d0bdab3e34ae908232.metricsAssembler@ is not in the local LayerStack rooted at @anon:0x5cc990ae6b10:World1.usd@
[python-1] 
[python-1] 2026-09-17T11:07:42Z [27,369ms] [Warning] [omni.usd] Coding Error: in SetEditTarget at line 3849 of /builds/omniverse/usd-ci/USD/pxr/usd/usd/stage.cpp -- Layer @metrics:UnitsAdjust-201427a421c881d0bdab3e34ae908232.metricsAssembler@ is not in the local LayerStack rooted at @anon:0x5cc990ae6b10:World1.usd@
[python-1] 
[python-1] 2026-09-17T11:07:42Z [27,369ms] [Warning] [omni.usd] Coding Error: in SetEditTarget at line 3849 of /builds/omniverse/usd-ci/USD/pxr/usd/usd/stage.cpp -- Layer @metrics:UnitsAdjust-201427a421c881d0bdab3e34ae908232.metricsAssembler@ is not in the local LayerStack rooted at @anon:0x5cc990ae6b10:World1.usd@
[python-1] 
[python-1] 2026-09-17T11:07:42Z [27,369ms] [Warning] [omni.usd] Coding Error: in SetEditTarget at line 3849 of /builds/omniverse/usd-ci/USD/pxr/usd/usd/stage.cpp -- Layer @metrics:UnitsAdjust-201427a421c881d0bdab3e34ae908232.metricsAssembler@ is not in the local LayerStack rooted at @anon:0x5cc990ae6b10:World1.usd@
[python-1] 
[python-1] 2026-09-17T11:07:42Z [27,369ms] [Warning] [omni.usd] Coding Error: in SetEditTarget at line 3849 of /builds/omniverse/usd-ci/USD/pxr/usd/usd/stage.cpp -- Layer @metrics:UnitsAdjust-201427a421c881d0bdab3e34ae908232.metricsAssembler@ is not in the local LayerStack rooted at @anon:0x5cc990ae6b10:World1.usd@
[python-1] 
[python-1] 2026-09-17T11:07:42Z [27,369ms] [Warning] [omni.usd] Coding Error: in SetEditTarget at line 3849 of /builds/omniverse/usd-ci/USD/pxr/usd/usd/stage.cpp -- Layer @metrics:UnitsAdjust-201427a421c881d0bdab3e34ae908232.metricsAssembler@ is not in the local LayerStack rooted at @anon:0x5cc990ae6b10:World1.usd@
[python-1] 
[python-1] 2026-09-17T11:07:42Z [27,369ms] [Warning] [omni.usd] Coding Error: in SetEditTarget at line 3849 of /builds/omniverse/usd-ci/USD/pxr/usd/usd/stage.cpp -- Layer @metrics:UnitsAdjust-201427a421c881d0bdab3e34ae908232.metricsAssembler@ is not in the local LayerStack rooted at @anon:0x5cc990ae6b10:World1.usd@
[python-1] 
[python-1] 2026-09-17T11:07:42Z [27,369ms] [Warning] [omni.usd] Coding Error: in SetEditTarget at line 3849 of /builds/omniverse/usd-ci/USD/pxr/usd/usd/stage.cpp -- Layer @metrics:UnitsAdjust-201427a421c881d0bdab3e34ae908232.metricsAssembler@ is not in the local LayerStack rooted at @anon:0x5cc990ae6b10:World1.usd@
[python-1] 
[python-1] 2026-09-17T11:07:42Z [27,369ms] [Warning] [omni.usd] Coding Error: in SetEditTarget at line 3849 of /builds/omniverse/usd-ci/USD/pxr/usd/usd/stage.cpp -- Layer @metrics:UnitsAdjust-201427a421c881d0bdab3e34ae908232.metricsAssembler@ is not in the local LayerStack rooted at @anon:0x5cc990ae6b10:World1.usd@
[python-1] 
[python-1] 2026-09-17T11:07:42Z [27,369ms] [Warning] [omni.usd] Coding Error: in SetEditTarget at line 3849 of /builds/omniverse/usd-ci/USD/pxr/usd/usd/stage.cpp -- Layer @metrics:UnitsAdjust-201427a421c881d0bdab3e34ae908232.metricsAssembler@ is not in the local LayerStack rooted at @anon:0x5cc990ae6b10:World1.usd@
[python-1] 
[python-1] 2026-09-17T11:07:42Z [27,369ms] [Warning] [omni.usd] Coding Error: in SetEditTarget at line 3849 of /builds/omniverse/usd-ci/USD/pxr/usd/usd/stage.cpp -- Layer @metrics:UnitsAdjust-201427a421c881d0bdab3e34ae908232.metricsAssembler@ is not in the local LayerStack rooted at @anon:0x5cc990ae6b10:World1.usd@
[python-1] 
[python-1] 2026-09-17T11:07:42Z [27,369ms] [Warning] [omni.usd] Coding Error: in SetEditTarget at line 3849 of /builds/omniverse/usd-ci/USD/pxr/usd/usd/stage.cpp -- Layer @metrics:UnitsAdjust-201427a421c881d0bdab3e34ae908232.metricsAssembler@ is not in the local LayerStack rooted at @anon:0x5cc990ae6b10:World1.usd@
[python-1] 
[python-1] 2026-09-17T11:07:42Z [27,369ms] [Warning] [omni.usd] Coding Error: in SetEditTarget at line 3849 of /builds/omniverse/usd-ci/USD/pxr/usd/usd/stage.cpp -- Layer @metrics:UnitsAdjust-201427a421c881d0bdab3e34ae908232.metricsAssembler@ is not in the local LayerStack rooted at @anon:0x5cc990ae6b10:World1.usd@
[python-1] 
[python-1] 2026-09-17T11:07:42Z [27,369ms] [Warning] [omni.usd] Coding Error: in SetEditTarget at line 3849 of /builds/omniverse/usd-ci/USD/pxr/usd/usd/stage.cpp -- Layer @metrics:UnitsAdjust-201427a421c881d0bdab3e34ae908232.metricsAssembler@ is not in the local LayerStack rooted at @anon:0x5cc990ae6b10:World1.usd@
[python-1] 
[python-1] 2026-09-17T11:07:42Z [27,369ms] [Warning] [omni.usd] Coding Error: in SetEditTarget at line 3849 of /builds/omniverse/usd-ci/USD/pxr/usd/usd/stage.cpp -- Layer @metrics:UnitsAdjust-201427a421c881d0bdab3e34ae908232.metricsAssembler@ is not in the local LayerStack rooted at @anon:0x5cc990ae6b10:World1.usd@
[python-1] 
[python-1] 2026-09-17T11:07:42Z [27,369ms] [Warning] [omni.usd] Coding Error: in SetEditTarget at line 3849 of /builds/omniverse/usd-ci/USD/pxr/usd/usd/stage.cpp -- Layer @metrics:UnitsAdjust-201427a421c881d0bdab3e34ae908232.metricsAssembler@ is not in the local LayerStack rooted at @anon:0x5cc990ae6b10:World1.usd@
[python-1] 
[python-1] 2026-09-17T11:07:42Z [27,369ms] [Warning] [omni.usd] Coding Error: in SetEditTarget at line 3849 of /builds/omniverse/usd-ci/USD/pxr/usd/usd/stage.cpp -- Layer @metrics:UnitsAdjust-201427a421c881d0bdab3e34ae908232.metricsAssembler@ is not in the local LayerStack rooted at @anon:0x5cc990ae6b10:World1.usd@
[python-1] 
[python-1] 2026-09-17T11:07:42Z [27,369ms] [Warning] [omni.usd] Coding Error: in SetEditTarget at line 3849 of /builds/omniverse/usd-ci/USD/pxr/usd/usd/stage.cpp -- Layer @metrics:UnitsAdjust-201427a421c881d0bdab3e34ae908232.metricsAssembler@ is not in the local LayerStack rooted at @anon:0x5cc990ae6b10:World1.usd@
[python-1] 
[python-1] 2026-09-17T11:07:42Z [27,369ms] [Warning] [omni.usd] Coding Error: in SetEditTarget at line 3849 of /builds/omniverse/usd-ci/USD/pxr/usd/usd/stage.cpp -- Layer @metrics:UnitsAdjust-201427a421c881d0bdab3e34ae908232.metricsAssembler@ is not in the local LayerStack rooted at @anon:0x5cc990ae6b10:World1.usd@
[python-1] 
[python-1] 2026-09-17T11:07:42Z [27,369ms] [Warning] [omni.usd] Coding Error: in SetEditTarget at line 3849 of /builds/omniverse/usd-ci/USD/pxr/usd/usd/stage.cpp -- Layer @metrics:UnitsAdjust-201427a421c881d0bdab3e34ae908232.metricsAssembler@ is not in the local LayerStack rooted at @anon:0x5cc990ae6b10:World1.usd@
[python-1] 
[python-1] 2026-09-17T11:07:42Z [27,369ms] [Warning] [omni.usd] Coding Error: in SetEditTarget at line 3849 of /builds/omniverse/usd-ci/USD/pxr/usd/usd/stage.cpp -- Layer @metrics:UnitsAdjust-201427a421c881d0bdab3e34ae908232.metricsAssembler@ is not in the local LayerStack rooted at @anon:0x5cc990ae6b10:World1.usd@
[python-1] 
[python-1] 2026-09-17T11:07:42Z [27,369ms] [Warning] [omni.usd] Coding Error: in SetEditTarget at line 3849 of /builds/omniverse/usd-ci/USD/pxr/usd/usd/stage.cpp -- Layer @metrics:UnitsAdjust-201427a421c881d0bdab3e34ae908232.metricsAssembler@ is not in the local LayerStack rooted at @anon:0x5cc990ae6b10:World1.usd@
[python-1] 
[python-1] 2026-09-17T11:07:42Z [27,369ms] [Warning] [omni.usd] Coding Error: in SetEditTarget at line 3849 of /builds/omniverse/usd-ci/USD/pxr/usd/usd/stage.cpp -- Layer @metrics:UnitsAdjust-201427a421c881d0bdab3e34ae908232.metricsAssembler@ is not in the local LayerStack rooted at @anon:0x5cc990ae6b10:World1.usd@
[python-1] 
[python-1] 2026-09-17T11:07:42Z [27,369ms] [Warning] [omni.usd] Coding Error: in SetEditTarget at line 3849 of /builds/omniverse/usd-ci/USD/pxr/usd/usd/stage.cpp -- Layer @metrics:UnitsAdjust-201427a421c881d0bdab3e34ae908232.metricsAssembler@ is not in the local LayerStack rooted at @anon:0x5cc990ae6b10:World1.usd@
[python-1] 
[python-1] 2026-09-17T11:07:42Z [27,369ms] [Warning] [omni.usd] Coding Error: in SetEditTarget at line 3849 of /builds/omniverse/usd-ci/USD/pxr/usd/usd/stage.cpp -- Layer @metrics:UnitsAdjust-201427a421c881d0bdab3e34ae908232.metricsAssembler@ is not in the local LayerStack rooted at @anon:0x5cc990ae6b10:World1.usd@
[python-1] 
[python-1] 2026-09-17T11:07:42Z [27,369ms] [Warning] [omni.usd] Coding Error: in SetEditTarget at line 3849 of /builds/omniverse/usd-ci/USD/pxr/usd/usd/stage.cpp -- Layer @metrics:UnitsAdjust-201427a421c881d0bdab3e34ae908232.metricsAssembler@ is not in the local LayerStack rooted at @anon:0x5cc990ae6b10:World1.usd@
[python-1] 
[python-1] 2026-09-17T11:07:42Z [27,369ms] [Warning] [omni.usd] Coding Error: in SetEditTarget at line 3849 of /builds/omniverse/usd-ci/USD/pxr/usd/usd/stage.cpp -- Layer @metrics:UnitsAdjust-201427a421c881d0bdab3e34ae908232.metricsAssembler@ is not in the local LayerStack rooted at @anon:0x5cc990ae6b10:World1.usd@
[python-1] 
[python-1] 2026-09-17T11:07:42Z [27,369ms] [Warning] [omni.usd] Coding Error: in SetEditTarget at line 3849 of /builds/omniverse/usd-ci/USD/pxr/usd/usd/stage.cpp -- Layer @metrics:UnitsAdjust-201427a421c881d0bdab3e34ae908232.metricsAssembler@ is not in the local LayerStack rooted at @anon:0x5cc990ae6b10:World1.usd@
[python-1] 
[python-1] 2026-09-17T11:07:42Z [27,369ms] [Warning] [omni.usd] Coding Error: in SetEditTarget at line 3849 of /builds/omniverse/usd-ci/USD/pxr/usd/usd/stage.cpp -- Layer @metrics:UnitsAdjust-201427a421c881d0bdab3e34ae908232.metricsAssembler@ is not in the local LayerStack rooted at @anon:0x5cc990ae6b10:World1.usd@
[python-1] 
[python-1] 2026-09-17T11:07:42Z [27,369ms] [Warning] [omni.usd] Coding Error: in SetEditTarget at line 3849 of /builds/omniverse/usd-ci/USD/pxr/usd/usd/stage.cpp -- Layer @metrics:UnitsAdjust-201427a421c881d0bdab3e34ae908232.metricsAssembler@ is not in the local LayerStack rooted at @anon:0x5cc990ae6b10:World1.usd@
[python-1] 
[python-1] 2026-09-17T11:07:42Z [27,369ms] [Warning] [omni.usd] Coding Error: in SetEditTarget at line 3849 of /builds/omniverse/usd-ci/USD/pxr/usd/usd/stage.cpp -- Layer @metrics:UnitsAdjust-201427a421c881d0bdab3e34ae908232.metricsAssembler@ is not in the local LayerStack rooted at @anon:0x5cc990ae6b10:World1.usd@
[python-1] 
[python-1] 2026-09-17T11:07:42Z [27,369ms] [Warning] [omni.usd] Coding Error: in SetEditTarget at line 3849 of /builds/omniverse/usd-ci/USD/pxr/usd/usd/stage.cpp -- Layer @metrics:UnitsAdjust-201427a421c881d0bdab3e34ae908232.metricsAssembler@ is not in the local LayerStack rooted at @anon:0x5cc990ae6b10:World1.usd@
[python-1] 
[python-1] 2026-09-17T11:07:42Z [27,369ms] [Warning] [omni.usd] Coding Error: in SetEditTarget at line 3849 of /builds/omniverse/usd-ci/USD/pxr/usd/usd/stage.cpp -- Layer @metrics:UnitsAdjust-201427a421c881d0bdab3e34ae908232.metricsAssembler@ is not in the local LayerStack rooted at @anon:0x5cc990ae6b10:World1.usd@
[python-1] 
[python-1] 2026-09-17T11:07:42Z [27,369ms] [Warning] [omni.usd] Coding Error: in SetEditTarget at line 3849 of /builds/omniverse/usd-ci/USD/pxr/usd/usd/stage.cpp -- Layer @metrics:UnitsAdjust-201427a421c881d0bdab3e34ae908232.metricsAssembler@ is not in the local LayerStack rooted at @anon:0x5cc990ae6b10:World1.usd@
[python-1] 
[python-1] 2026-09-17T11:07:42Z [27,369ms] [Warning] [omni.usd] Coding Error: in SetEditTarget at line 3849 of /builds/omniverse/usd-ci/USD/pxr/usd/usd/stage.cpp -- Layer @metrics:UnitsAdjust-201427a421c881d0bdab3e34ae908232.metricsAssembler@ is not in the local LayerStack rooted at @anon:0x5cc990ae6b10:World1.usd@
[python-1] 
[python-1] 2026-09-17T11:07:42Z [27,369ms] [Warning] [omni.usd] Coding Error: in SetEditTarget at line 3849 of /builds/omniverse/usd-ci/USD/pxr/usd/usd/stage.cpp -- Layer @metrics:UnitsAdjust-201427a421c881d0bdab3e34ae908232.metricsAssembler@ is not in the local LayerStack rooted at @anon:0x5cc990ae6b10:World1.usd@
[python-1] 
[python-1] 2026-09-17T11:07:42Z [27,369ms] [Warning] [omni.usd] Coding Error: in SetEditTarget at line 3849 of /builds/omniverse/usd-ci/USD/pxr/usd/usd/stage.cpp -- Layer @metrics:UnitsAdjust-201427a421c881d0bdab3e34ae908232.metricsAssembler@ is not in the local LayerStack rooted at @anon:0x5cc990ae6b10:World1.usd@
[python-1] 
[python-1] 2026-09-17T11:07:42Z [27,370ms] [Warning] [omni.usd] Coding Error: in SetEditTarget at line 3849 of /builds/omniverse/usd-ci/USD/pxr/usd/usd/stage.cpp -- Layer @metrics:UnitsAdjust-201427a421c881d0bdab3e34ae908232.metricsAssembler@ is not in the local LayerStack rooted at @anon:0x5cc990ae6b10:World1.usd@
[python-1] 
[python-1] 2026-09-17T11:07:42Z [27,370ms] [Warning] [omni.usd] Coding Error: in SetEditTarget at line 3849 of /builds/omniverse/usd-ci/USD/pxr/usd/usd/stage.cpp -- Layer @metrics:UnitsAdjust-201427a421c881d0bdab3e34ae908232.metricsAssembler@ is not in the local LayerStack rooted at @anon:0x5cc990ae6b10:World1.usd@
[python-1] 
[python-1] 2026-09-17T11:07:42Z [27,370ms] [Warning] [omni.usd] Coding Error: in SetEditTarget at line 3849 of /builds/omniverse/usd-ci/USD/pxr/usd/usd/stage.cpp -- Layer @metrics:UnitsAdjust-201427a421c881d0bdab3e34ae908232.metricsAssembler@ is not in the local LayerStack rooted at @anon:0x5cc990ae6b10:World1.usd@
[python-1] 
[python-1] 2026-09-17T11:07:42Z [27,370ms] [Warning] [omni.usd] Coding Error: in SetEditTarget at line 3849 of /builds/omniverse/usd-ci/USD/pxr/usd/usd/stage.cpp -- Layer @metrics:UnitsAdjust-201427a421c881d0bdab3e34ae908232.metricsAssembler@ is not in the local LayerStack rooted at @anon:0x5cc990ae6b10:World1.usd@
[python-1] 
[python-1] 2026-09-17T11:07:42Z [27,370ms] [Warning] [omni.usd] Coding Error: in SetEditTarget at line 3849 of /builds/omniverse/usd-ci/USD/pxr/usd/usd/stage.cpp -- Layer @metrics:UnitsAdjust-201427a421c881d0bdab3e34ae908232.metricsAssembler@ is not in the local LayerStack rooted at @anon:0x5cc990ae6b10:World1.usd@
[python-1] 
[python-1] 2026-09-17T11:07:42Z [27,370ms] [Warning] [omni.usd] Coding Error: in SetEditTarget at line 3849 of /builds/omniverse/usd-ci/USD/pxr/usd/usd/stage.cpp -- Layer @metrics:UnitsAdjust-201427a421c881d0bdab3e34ae908232.metricsAssembler@ is not in the local LayerStack rooted at @anon:0x5cc990ae6b10:World1.usd@
[python-1] 
[python-1] 2026-09-17T11:07:42Z [27,370ms] [Warning] [omni.usd] Coding Error: in SetEditTarget at line 3849 of /builds/omniverse/usd-ci/USD/pxr/usd/usd/stage.cpp -- Layer @metrics:UnitsAdjust-201427a421c881d0bdab3e34ae908232.metricsAssembler@ is not in the local LayerStack rooted at @anon:0x5cc990ae6b10:World1.usd@
[python-1] 
[python-1] 2026-09-17T11:07:42Z [27,370ms] [Warning] [omni.usd] Coding Error: in SetEditTarget at line 3849 of /builds/omniverse/usd-ci/USD/pxr/usd/usd/stage.cpp -- Layer @metrics:UnitsAdjust-201427a421c881d0bdab3e34ae908232.metricsAssembler@ is not in the local LayerStack rooted at @anon:0x5cc990ae6b10:World1.usd@
[python-1] 
[python-1] 2026-09-17T11:07:42Z [27,370ms] [Warning] [omni.usd] Coding Error: in SetEditTarget at line 3849 of /builds/omniverse/usd-ci/USD/pxr/usd/usd/stage.cpp -- Layer @metrics:UnitsAdjust-201427a421c881d0bdab3e34ae908232.metricsAssembler@ is not in the local LayerStack rooted at @anon:0x5cc990ae6b10:World1.usd@
[python-1] 
[python-1] 2026-09-17T11:07:42Z [27,370ms] [Warning] [omni.usd] Coding Error: in SetEditTarget at line 3849 of /builds/omniverse/usd-ci/USD/pxr/usd/usd/stage.cpp -- Layer @metrics:UnitsAdjust-201427a421c881d0bdab3e34ae908232.metricsAssembler@ is not in the local LayerStack rooted at @anon:0x5cc990ae6b10:World1.usd@
[python-1] 
[python-1] 2026-09-17T11:07:42Z [27,370ms] [Warning] [omni.usd] Coding Error: in SetEditTarget at line 3849 of /builds/omniverse/usd-ci/USD/pxr/usd/usd/stage.cpp -- Layer @metrics:UnitsAdjust-201427a421c881d0bdab3e34ae908232.metricsAssembler@ is not in the local LayerStack rooted at @anon:0x5cc990ae6b10:World1.usd@
[python-1] 
[python-1] 2026-09-17T11:07:42Z [27,370ms] [Warning] [omni.usd] Coding Error: in SetEditTarget at line 3849 of /builds/omniverse/usd-ci/USD/pxr/usd/usd/stage.cpp -- Layer @metrics:UnitsAdjust-201427a421c881d0bdab3e34ae908232.metricsAssembler@ is not in the local LayerStack rooted at @anon:0x5cc990ae6b10:World1.usd@
[python-1] 
[python-1] 2026-09-17T11:07:42Z [27,370ms] [Warning] [omni.usd] Coding Error: in SetEditTarget at line 3849 of /builds/omniverse/usd-ci/USD/pxr/usd/usd/stage.cpp -- Layer @metrics:UnitsAdjust-201427a421c881d0bdab3e34ae908232.metricsAssembler@ is not in the local LayerStack rooted at @anon:0x5cc990ae6b10:World1.usd@
[python-1] 
[python-1] 2026-09-17T11:07:42Z [27,370ms] [Warning] [omni.usd] Coding Error: in SetEditTarget at line 3849 of /builds/omniverse/usd-ci/USD/pxr/usd/usd/stage.cpp -- Layer @metrics:UnitsAdjust-201427a421c881d0bdab3e34ae908232.metricsAssembler@ is not in the local LayerStack rooted at @anon:0x5cc990ae6b10:World1.usd@
[python-1] 
[python-1] 2026-09-17T11:07:42Z [27,370ms] [Warning] [omni.usd] Coding Error: in SetEditTarget at line 3849 of /builds/omniverse/usd-ci/USD/pxr/usd/usd/stage.cpp -- Layer @metrics:UnitsAdjust-201427a421c881d0bdab3e34ae908232.metricsAssembler@ is not in the local LayerStack rooted at @anon:0x5cc990ae6b10:World1.usd@
[python-1] 
[python-1] 2026-09-17T11:07:42Z [27,370ms] [Warning] [omni.usd] Coding Error: in SetEditTarget at line 3849 of /builds/omniverse/usd-ci/USD/pxr/usd/usd/stage.cpp -- Layer @metrics:UnitsAdjust-201427a421c881d0bdab3e34ae908232.metricsAssembler@ is not in the local LayerStack rooted at @anon:0x5cc990ae6b10:World1.usd@
[python-1] 
[python-1] 2026-09-17T11:07:42Z [27,370ms] [Warning] [omni.usd] Coding Error: in SetEditTarget at line 3849 of /builds/omniverse/usd-ci/USD/pxr/usd/usd/stage.cpp -- Layer @metrics:UnitsAdjust-201427a421c881d0bdab3e34ae908232.metricsAssembler@ is not in the local LayerStack rooted at @anon:0x5cc990ae6b10:World1.usd@
[python-1] 
[python-1] 2026-09-17T11:07:42Z [27,370ms] [Warning] [omni.usd] Coding Error: in SetEditTarget at line 3849 of /builds/omniverse/usd-ci/USD/pxr/usd/usd/stage.cpp -- Layer @metrics:UnitsAdjust-201427a421c881d0bdab3e34ae908232.metricsAssembler@ is not in the local LayerStack rooted at @anon:0x5cc990ae6b10:World1.usd@
[python-1] 
[python-1] 2026-09-17T11:07:42Z [27,370ms] [Warning] [omni.usd] Coding Error: in SetEditTarget at line 3849 of /builds/omniverse/usd-ci/USD/pxr/usd/usd/stage.cpp -- Layer @metrics:UnitsAdjust-201427a421c881d0bdab3e34ae908232.metricsAssembler@ is not in the local LayerStack rooted at @anon:0x5cc990ae6b10:World1.usd@
[python-1] 
[python-1] 2026-09-17T11:07:42Z [27,370ms] [Warning] [omni.usd] Coding Error: in SetEditTarget at line 3849 of /builds/omniverse/usd-ci/USD/pxr/usd/usd/stage.cpp -- Layer @metrics:UnitsAdjust-201427a421c881d0bdab3e34ae908232.metricsAssembler@ is not in the local LayerStack rooted at @anon:0x5cc990ae6b10:World1.usd@
[python-1] 
[python-1] 2026-09-17T11:07:42Z [27,370ms] [Warning] [omni.usd] Coding Error: in SetEditTarget at line 3849 of /builds/omniverse/usd-ci/USD/pxr/usd/usd/stage.cpp -- Layer @metrics:UnitsAdjust-201427a421c881d0bdab3e34ae908232.metricsAssembler@ is not in the local LayerStack rooted at @anon:0x5cc990ae6b10:World1.usd@
[python-1] 
[python-1] 2026-09-17T11:07:42Z [27,370ms] [Warning] [omni.usd] Coding Error: in SetEditTarget at line 3849 of /builds/omniverse/usd-ci/USD/pxr/usd/usd/stage.cpp -- Layer @metrics:UnitsAdjust-201427a421c881d0bdab3e34ae908232.metricsAssembler@ is not in the local LayerStack rooted at @anon:0x5cc990ae6b10:World1.usd@
[python-1] 
[python-1] 2026-09-17T11:07:42Z [27,370ms] [Warning] [omni.usd] Coding Error: in SetEditTarget at line 3849 of /builds/omniverse/usd-ci/USD/pxr/usd/usd/stage.cpp -- Layer @metrics:UnitsAdjust-201427a421c881d0bdab3e34ae908232.metricsAssembler@ is not in the local LayerStack rooted at @anon:0x5cc990ae6b10:World1.usd@
[python-1] 
[python-1] 2026-09-17T11:07:42Z [27,370ms] [Warning] [omni.usd] Coding Error: in SetEditTarget at line 3849 of /builds/omniverse/usd-ci/USD/pxr/usd/usd/stage.cpp -- Layer @metrics:UnitsAdjust-201427a421c881d0bdab3e34ae908232.metricsAssembler@ is not in the local LayerStack rooted at @anon:0x5cc990ae6b10:World1.usd@
[python-1] 
[python-1] 2026-09-17T11:07:42Z [27,370ms] [Warning] [omni.usd] Coding Error: in SetEditTarget at line 3849 of /builds/omniverse/usd-ci/USD/pxr/usd/usd/stage.cpp -- Layer @metrics:UnitsAdjust-201427a421c881d0bdab3e34ae908232.metricsAssembler@ is not in the local LayerStack rooted at @anon:0x5cc990ae6b10:World1.usd@
[python-1] 
[python-1] 2026-09-17T11:07:42Z [27,370ms] [Warning] [omni.usd] Coding Error: in SetEditTarget at line 3849 of /builds/omniverse/usd-ci/USD/pxr/usd/usd/stage.cpp -- Layer @metrics:UnitsAdjust-201427a421c881d0bdab3e34ae908232.metricsAssembler@ is not in the local LayerStack rooted at @anon:0x5cc990ae6b10:World1.usd@
[python-1] 
[python-1] 2026-09-17T11:07:42Z [27,370ms] [Warning] [omni.usd] Coding Error: in SetEditTarget at line 3849 of /builds/omniverse/usd-ci/USD/pxr/usd/usd/stage.cpp -- Layer @metrics:UnitsAdjust-201427a421c881d0bdab3e34ae908232.metricsAssembler@ is not in the local LayerStack rooted at @anon:0x5cc990ae6b10:World1.usd@
[python-1] 
[python-1] 2026-09-17T11:07:42Z [27,370ms] [Warning] [omni.usd] Coding Error: in SetEditTarget at line 3849 of /builds/omniverse/usd-ci/USD/pxr/usd/usd/stage.cpp -- Layer @metrics:UnitsAdjust-201427a421c881d0bdab3e34ae908232.metricsAssembler@ is not in the local LayerStack rooted at @anon:0x5cc990ae6b10:World1.usd@
[python-1] 
[python-1] 2026-09-17T11:07:42Z [27,370ms] [Warning] [omni.usd] Coding Error: in SetEditTarget at line 3849 of /builds/omniverse/usd-ci/USD/pxr/usd/usd/stage.cpp -- Layer @metrics:UnitsAdjust-201427a421c881d0bdab3e34ae908232.metricsAssembler@ is not in the local LayerStack rooted at @anon:0x5cc990ae6b10:World1.usd@
[python-1] 
[python-1] 2026-09-17T11:07:42Z [27,370ms] [Warning] [omni.usd] Coding Error: in SetEditTarget at line 3849 of /builds/omniverse/usd-ci/USD/pxr/usd/usd/stage.cpp -- Layer @metrics:UnitsAdjust-201427a421c881d0bdab3e34ae908232.metricsAssembler@ is not in the local LayerStack rooted at @anon:0x5cc990ae6b10:World1.usd@
[python-1] 
[python-1] 2026-09-17T11:07:42Z [27,370ms] [Warning] [omni.usd] Coding Error: in SetEditTarget at line 3849 of /builds/omniverse/usd-ci/USD/pxr/usd/usd/stage.cpp -- Layer @metrics:UnitsAdjust-201427a421c881d0bdab3e34ae908232.metricsAssembler@ is not in the local LayerStack rooted at @anon:0x5cc990ae6b10:World1.usd@
[python-1] 
[python-1] 2026-09-17T11:07:42Z [27,370ms] [Warning] [omni.usd] Coding Error: in SetEditTarget at line 3849 of /builds/omniverse/usd-ci/USD/pxr/usd/usd/stage.cpp -- Layer @metrics:UnitsAdjust-201427a421c881d0bdab3e34ae908232.metricsAssembler@ is not in the local LayerStack rooted at @anon:0x5cc990ae6b10:World1.usd@
[python-1] 
[python-1] 2026-09-17T11:07:42Z [27,370ms] [Warning] [omni.usd] Coding Error: in SetEditTarget at line 3849 of /builds/omniverse/usd-ci/USD/pxr/usd/usd/stage.cpp -- Layer @metrics:UnitsAdjust-201427a421c881d0bdab3e34ae908232.metricsAssembler@ is not in the local LayerStack rooted at @anon:0x5cc990ae6b10:World1.usd@
[python-1] 
[python-1] 2026-09-17T11:07:42Z [27,370ms] [Warning] [omni.usd] Coding Error: in SetEditTarget at line 3849 of /builds/omniverse/usd-ci/USD/pxr/usd/usd/stage.cpp -- Layer @metrics:UnitsAdjust-201427a421c881d0bdab3e34ae908232.metricsAssembler@ is not in the local LayerStack rooted at @anon:0x5cc990ae6b10:World1.usd@
[python-1] 
[python-1] 2026-09-17T11:07:42Z [27,370ms] [Warning] [omni.usd] Coding Error: in SetEditTarget at line 3849 of /builds/omniverse/usd-ci/USD/pxr/usd/usd/stage.cpp -- Layer @metrics:UnitsAdjust-201427a421c881d0bdab3e34ae908232.metricsAssembler@ is not in the local LayerStack rooted at @anon:0x5cc990ae6b10:World1.usd@
[python-1] 
[python-1] 2026-09-17T11:07:42Z [27,370ms] [Warning] [omni.usd] Coding Error: in SetEditTarget at line 3849 of /builds/omniverse/usd-ci/USD/pxr/usd/usd/stage.cpp -- Layer @metrics:UnitsAdjust-201427a421c881d0bdab3e34ae908232.metricsAssembler@ is not in the local LayerStack rooted at @anon:0x5cc990ae6b10:World1.usd@
[python-1] 
[python-1] 2026-09-17T11:07:42Z [27,370ms] [Warning] [omni.usd] Coding Error: in SetEditTarget at line 3849 of /builds/omniverse/usd-ci/USD/pxr/usd/usd/stage.cpp -- Layer @metrics:UnitsAdjust-201427a421c881d0bdab3e34ae908232.metricsAssembler@ is not in the local LayerStack rooted at @anon:0x5cc990ae6b10:World1.usd@
[python-1] 
[python-1] 2026-09-17T11:07:42Z [27,370ms] [Warning] [omni.usd] Coding Error: in SetEditTarget at line 3849 of /builds/omniverse/usd-ci/USD/pxr/usd/usd/stage.cpp -- Layer @metrics:UnitsAdjust-201427a421c881d0bdab3e34ae908232.metricsAssembler@ is not in the local LayerStack rooted at @anon:0x5cc990ae6b10:World1.usd@
[python-1] 
[python-1] 2026-09-17T11:07:42Z [27,370ms] [Warning] [omni.usd] Coding Error: in SetEditTarget at line 3849 of /builds/omniverse/usd-ci/USD/pxr/usd/usd/stage.cpp -- Layer @metrics:UnitsAdjust-201427a421c881d0bdab3e34ae908232.metricsAssembler@ is not in the local LayerStack rooted at @anon:0x5cc990ae6b10:World1.usd@
[python-1] 
[python-1] 2026-09-17T11:07:42Z [27,370ms] [Warning] [omni.usd] Coding Error: in SetEditTarget at line 3849 of /builds/omniverse/usd-ci/USD/pxr/usd/usd/stage.cpp -- Layer @metrics:UnitsAdjust-201427a421c881d0bdab3e34ae908232.metricsAssembler@ is not in the local LayerStack rooted at @anon:0x5cc990ae6b10:World1.usd@
[python-1] 
[python-1] 2026-09-17T11:07:42Z [27,370ms] [Warning] [omni.usd] Coding Error: in SetEditTarget at line 3849 of /builds/omniverse/usd-ci/USD/pxr/usd/usd/stage.cpp -- Layer @metrics:UnitsAdjust-201427a421c881d0bdab3e34ae908232.metricsAssembler@ is not in the local LayerStack rooted at @anon:0x5cc990ae6b10:World1.usd@
[python-1] 
[python-1] 2026-09-17T11:07:42Z [27,370ms] [Warning] [omni.usd] Coding Error: in SetEditTarget at line 3849 of /builds/omniverse/usd-ci/USD/pxr/usd/usd/stage.cpp -- Layer @metrics:UnitsAdjust-201427a421c881d0bdab3e34ae908232.metricsAssembler@ is not in the local LayerStack rooted at @anon:0x5cc990ae6b10:World1.usd@
[python-1] 
[python-1] 2026-09-17T11:07:42Z [27,370ms] [Warning] [omni.usd] Coding Error: in SetEditTarget at line 3849 of /builds/omniverse/usd-ci/USD/pxr/usd/usd/stage.cpp -- Layer @metrics:UnitsAdjust-201427a421c881d0bdab3e34ae908232.metricsAssembler@ is not in the local LayerStack rooted at @anon:0x5cc990ae6b10:World1.usd@
[python-1] 
[python-1] 2026-09-17T11:07:42Z [27,370ms] [Warning] [omni.usd] Coding Error: in SetEditTarget at line 3849 of /builds/omniverse/usd-ci/USD/pxr/usd/usd/stage.cpp -- Layer @metrics:UnitsAdjust-201427a421c881d0bdab3e34ae908232.metricsAssembler@ is not in the local LayerStack rooted at @anon:0x5cc990ae6b10:World1.usd@
[python-1] 
[python-1] 2026-09-17T11:07:42Z [27,370ms] [Warning] [omni.usd] Coding Error: in SetEditTarget at line 3849 of /builds/omniverse/usd-ci/USD/pxr/usd/usd/stage.cpp -- Layer @metrics:UnitsAdjust-201427a421c881d0bdab3e34ae908232.metricsAssembler@ is not in the local LayerStack rooted at @anon:0x5cc990ae6b10:World1.usd@
[python-1] 
[python-1] 2026-09-17T11:07:42Z [27,370ms] [Warning] [omni.usd] Coding Error: in SetEditTarget at line 3849 of /builds/omniverse/usd-ci/USD/pxr/usd/usd/stage.cpp -- Layer @metrics:UnitsAdjust-201427a421c881d0bdab3e34ae908232.metricsAssembler@ is not in the local LayerStack rooted at @anon:0x5cc990ae6b10:World1.usd@
[python-1] 
[python-1] 2026-09-17T11:07:42Z [27,370ms] [Warning] [omni.usd] Coding Error: in SetEditTarget at line 3849 of /builds/omniverse/usd-ci/USD/pxr/usd/usd/stage.cpp -- Layer @metrics:UnitsAdjust-201427a421c881d0bdab3e34ae908232.metricsAssembler@ is not in the local LayerStack rooted at @anon:0x5cc990ae6b10:World1.usd@
[python-1] 
[python-1] 2026-09-17T11:07:42Z [27,370ms] [Warning] [omni.usd] Coding Error: in SetEditTarget at line 3849 of /builds/omniverse/usd-ci/USD/pxr/usd/usd/stage.cpp -- Layer @metrics:UnitsAdjust-201427a421c881d0bdab3e34ae908232.metricsAssembler@ is not in the local LayerStack rooted at @anon:0x5cc990ae6b10:World1.usd@
[python-1] 
[python-1] 2026-09-17T11:07:42Z [27,370ms] [Warning] [omni.usd] Coding Error: in SetEditTarget at line 3849 of /builds/omniverse/usd-ci/USD/pxr/usd/usd/stage.cpp -- Layer @metrics:UnitsAdjust-201427a421c881d0bdab3e34ae908232.metricsAssembler@ is not in the local LayerStack rooted at @anon:0x5cc990ae6b10:World1.usd@
[python-1] 
[python-1] 2026-09-17T11:07:42Z [27,370ms] [Warning] [omni.usd] Coding Error: in SetEditTarget at line 3849 of /builds/omniverse/usd-ci/USD/pxr/usd/usd/stage.cpp -- Layer @metrics:UnitsAdjust-201427a421c881d0bdab3e34ae908232.metricsAssembler@ is not in the local LayerStack rooted at @anon:0x5cc990ae6b10:World1.usd@
[python-1] 
[python-1] 2026-09-17T11:07:42Z [27,371ms] [Warning] [omni.usd] Coding Error: in SetEditTarget at line 3849 of /builds/omniverse/usd-ci/USD/pxr/usd/usd/stage.cpp -- Layer @metrics:UnitsAdjust-201427a421c881d0bdab3e34ae908232.metricsAssembler@ is not in the local LayerStack rooted at @anon:0x5cc990ae6b10:World1.usd@
[python-1] 
[python-1] 2026-09-17T11:07:42Z [27,371ms] [Warning] [omni.usd] Coding Error: in SetEditTarget at line 3849 of /builds/omniverse/usd-ci/USD/pxr/usd/usd/stage.cpp -- Layer @metrics:UnitsAdjust-201427a421c881d0bdab3e34ae908232.metricsAssembler@ is not in the local LayerStack rooted at @anon:0x5cc990ae6b10:World1.usd@
[python-1] 
[python-1] 2026-09-17T11:07:42Z [27,371ms] [Warning] [omni.usd] Coding Error: in SetEditTarget at line 3849 of /builds/omniverse/usd-ci/USD/pxr/usd/usd/stage.cpp -- Layer @metrics:UnitsAdjust-201427a421c881d0bdab3e34ae908232.metricsAssembler@ is not in the local LayerStack rooted at @anon:0x5cc990ae6b10:World1.usd@
[python-1] 
[python-1] 2026-09-17T11:07:42Z [27,371ms] [Warning] [omni.usd] Coding Error: in SetEditTarget at line 3849 of /builds/omniverse/usd-ci/USD/pxr/usd/usd/stage.cpp -- Layer @metrics:UnitsAdjust-201427a421c881d0bdab3e34ae908232.metricsAssembler@ is not in the local LayerStack rooted at @anon:0x5cc990ae6b10:World1.usd@
[python-1] 
[python-1] 2026-09-17T11:07:42Z [27,371ms] [Warning] [omni.usd] Coding Error: in SetEditTarget at line 3849 of /builds/omniverse/usd-ci/USD/pxr/usd/usd/stage.cpp -- Layer @metrics:UnitsAdjust-201427a421c881d0bdab3e34ae908232.metricsAssembler@ is not in the local LayerStack rooted at @anon:0x5cc990ae6b10:World1.usd@
[python-1] 
[python-1] 2026-09-17T11:07:42Z [27,371ms] [Warning] [omni.usd] Coding Error: in SetEditTarget at line 3849 of /builds/omniverse/usd-ci/USD/pxr/usd/usd/stage.cpp -- Layer @metrics:UnitsAdjust-201427a421c881d0bdab3e34ae908232.metricsAssembler@ is not in the local LayerStack rooted at @anon:0x5cc990ae6b10:World1.usd@
[python-1] 
[python-1] 2026-09-17T11:07:42Z [27,371ms] [Warning] [omni.usd] Coding Error: in SetEditTarget at line 3849 of /builds/omniverse/usd-ci/USD/pxr/usd/usd/stage.cpp -- Layer @metrics:UnitsAdjust-201427a421c881d0bdab3e34ae908232.metricsAssembler@ is not in the local LayerStack rooted at @anon:0x5cc990ae6b10:World1.usd@
[python-1] 
[python-1] 2026-09-17T11:07:42Z [27,371ms] [Warning] [omni.usd] Coding Error: in SetEditTarget at line 3849 of /builds/omniverse/usd-ci/USD/pxr/usd/usd/stage.cpp -- Layer @metrics:UnitsAdjust-201427a421c881d0bdab3e34ae908232.metricsAssembler@ is not in the local LayerStack rooted at @anon:0x5cc990ae6b10:World1.usd@
[python-1] 
[python-1] 2026-09-17T11:07:42Z [27,371ms] [Warning] [omni.usd] Coding Error: in SetEditTarget at line 3849 of /builds/omniverse/usd-ci/USD/pxr/usd/usd/stage.cpp -- Layer @metrics:UnitsAdjust-201427a421c881d0bdab3e34ae908232.metricsAssembler@ is not in the local LayerStack rooted at @anon:0x5cc990ae6b10:World1.usd@
[python-1] 
[python-1] 2026-09-17T11:07:42Z [27,371ms] [Warning] [omni.usd] Coding Error: in SetEditTarget at line 3849 of /builds/omniverse/usd-ci/USD/pxr/usd/usd/stage.cpp -- Layer @metrics:UnitsAdjust-201427a421c881d0bdab3e34ae908232.metricsAssembler@ is not in the local LayerStack rooted at @anon:0x5cc990ae6b10:World1.usd@
[python-1] 
[python-1] 2026-09-17T11:07:42Z [27,371ms] [Warning] [omni.usd] Coding Error: in SetEditTarget at line 3849 of /builds/omniverse/usd-ci/USD/pxr/usd/usd/stage.cpp -- Layer @metrics:UnitsAdjust-201427a421c881d0bdab3e34ae908232.metricsAssembler@ is not in the local LayerStack rooted at @anon:0x5cc990ae6b10:World1.usd@
[python-1] 
[python-1] 2026-09-17T11:07:42Z [27,371ms] [Warning] [omni.usd] Coding Error: in SetEditTarget at line 3849 of /builds/omniverse/usd-ci/USD/pxr/usd/usd/stage.cpp -- Layer @metrics:UnitsAdjust-201427a421c881d0bdab3e34ae908232.metricsAssembler@ is not in the local LayerStack rooted at @anon:0x5cc990ae6b10:World1.usd@
[python-1] 
[python-1] 2026-09-17T11:07:42Z [27,371ms] [Warning] [omni.usd] Coding Error: in SetEditTarget at line 3849 of /builds/omniverse/usd-ci/USD/pxr/usd/usd/stage.cpp -- Layer @metrics:UnitsAdjust-201427a421c881d0bdab3e34ae908232.metricsAssembler@ is not in the local LayerStack rooted at @anon:0x5cc990ae6b10:World1.usd@
[python-1] 
[python-1] 2026-09-17T11:07:42Z [27,371ms] [Warning] [omni.usd] Coding Error: in SetEditTarget at line 3849 of /builds/omniverse/usd-ci/USD/pxr/usd/usd/stage.cpp -- Layer @metrics:UnitsAdjust-201427a421c881d0bdab3e34ae908232.metricsAssembler@ is not in the local LayerStack rooted at @anon:0x5cc990ae6b10:World1.usd@
[python-1] 
[python-1] 2026-09-17T11:07:42Z [27,371ms] [Warning] [omni.usd] Coding Error: in SetEditTarget at line 3849 of /builds/omniverse/usd-ci/USD/pxr/usd/usd/stage.cpp -- Layer @metrics:UnitsAdjust-201427a421c881d0bdab3e34ae908232.metricsAssembler@ is not in the local LayerStack rooted at @anon:0x5cc990ae6b10:World1.usd@
[python-1] 
[python-1] 2026-09-17T11:07:42Z [27,371ms] [Warning] [omni.usd] Coding Error: in SetEditTarget at line 3849 of /builds/omniverse/usd-ci/USD/pxr/usd/usd/stage.cpp -- Layer @metrics:UnitsAdjust-201427a421c881d0bdab3e34ae908232.metricsAssembler@ is not in the local LayerStack rooted at @anon:0x5cc990ae6b10:World1.usd@
[python-1] 
[python-1] 2026-09-17T11:07:42Z [27,371ms] [Warning] [omni.usd] Coding Error: in SetEditTarget at line 3849 of /builds/omniverse/usd-ci/USD/pxr/usd/usd/stage.cpp -- Layer @metrics:UnitsAdjust-201427a421c881d0bdab3e34ae908232.metricsAssembler@ is not in the local LayerStack rooted at @anon:0x5cc990ae6b10:World1.usd@
[python-1] 
[python-1] 2026-09-17T11:07:42Z [27,371ms] [Warning] [omni.usd] Coding Error: in SetEditTarget at line 3849 of /builds/omniverse/usd-ci/USD/pxr/usd/usd/stage.cpp -- Layer @metrics:UnitsAdjust-201427a421c881d0bdab3e34ae908232.metricsAssembler@ is not in the local LayerStack rooted at @anon:0x5cc990ae6b10:World1.usd@
[python-1] 
[python-1] 2026-09-17T11:07:42Z [27,371ms] [Warning] [omni.usd] Coding Error: in SetEditTarget at line 3849 of /builds/omniverse/usd-ci/USD/pxr/usd/usd/stage.cpp -- Layer @metrics:UnitsAdjust-201427a421c881d0bdab3e34ae908232.metricsAssembler@ is not in the local LayerStack rooted at @anon:0x5cc990ae6b10:World1.usd@
[python-1] 
[python-1] 2026-09-17T11:07:42Z [27,371ms] [Warning] [omni.usd] Coding Error: in SetEditTarget at line 3849 of /builds/omniverse/usd-ci/USD/pxr/usd/usd/stage.cpp -- Layer @metrics:UnitsAdjust-201427a421c881d0bdab3e34ae908232.metricsAssembler@ is not in the local LayerStack rooted at @anon:0x5cc990ae6b10:World1.usd@
[python-1] 
[python-1] 2026-09-17T11:07:42Z [27,371ms] [Warning] [omni.usd] Coding Error: in SetEditTarget at line 3849 of /builds/omniverse/usd-ci/USD/pxr/usd/usd/stage.cpp -- Layer @metrics:UnitsAdjust-201427a421c881d0bdab3e34ae908232.metricsAssembler@ is not in the local LayerStack rooted at @anon:0x5cc990ae6b10:World1.usd@
[python-1] 
[python-1] 2026-09-17T11:07:42Z [27,371ms] [Warning] [omni.usd] Coding Error: in SetEditTarget at line 3849 of /builds/omniverse/usd-ci/USD/pxr/usd/usd/stage.cpp -- Layer @metrics:UnitsAdjust-201427a421c881d0bdab3e34ae908232.metricsAssembler@ is not in the local LayerStack rooted at @anon:0x5cc990ae6b10:World1.usd@
[python-1] 
[python-1] 2026-09-17T11:07:42Z [27,372ms] [Warning] [omni.usd] Coding Error: in SetEditTarget at line 3849 of /builds/omniverse/usd-ci/USD/pxr/usd/usd/stage.cpp -- Layer @metrics:UnitsAdjust-201427a421c881d0bdab3e34ae908232.metricsAssembler@ is not in the local LayerStack rooted at @anon:0x5cc990ae6b10:World1.usd@
[python-1] 
[python-1] 2026-09-17T11:07:42Z [27,373ms] [Warning] [omni.usd] Coding Error: in SetEditTarget at line 3849 of /builds/omniverse/usd-ci/USD/pxr/usd/usd/stage.cpp -- Layer @metrics:UnitsAdjust-201427a421c881d0bdab3e34ae908232.metricsAssembler@ is not in the local LayerStack rooted at @anon:0x5cc990ae6b10:World1.usd@
[python-1] 
[python-1] 2026-09-17T11:07:42Z [27,373ms] [Warning] [omni.usd] Coding Error: in SetEditTarget at line 3849 of /builds/omniverse/usd-ci/USD/pxr/usd/usd/stage.cpp -- Layer @metrics:UnitsAdjust-201427a421c881d0bdab3e34ae908232.metricsAssembler@ is not in the local LayerStack rooted at @anon:0x5cc990ae6b10:World1.usd@
[python-1] 
[python-1] 2026-09-17T11:07:42Z [27,373ms] [Warning] [omni.usd] Coding Error: in SetEditTarget at line 3849 of /builds/omniverse/usd-ci/USD/pxr/usd/usd/stage.cpp -- Layer @metrics:UnitsAdjust-201427a421c881d0bdab3e34ae908232.metricsAssembler@ is not in the local LayerStack rooted at @anon:0x5cc990ae6b10:World1.usd@
[python-1] 
[python-1] 2026-09-17T11:07:42Z [27,373ms] [Warning] [omni.usd] Coding Error: in SetEditTarget at line 3849 of /builds/omniverse/usd-ci/USD/pxr/usd/usd/stage.cpp -- Layer @metrics:UnitsAdjust-201427a421c881d0bdab3e34ae908232.metricsAssembler@ is not in the local LayerStack rooted at @anon:0x5cc990ae6b10:World1.usd@
[python-1] 
[python-1] 2026-09-17T11:07:42Z [27,373ms] [Warning] [omni.usd] Coding Error: in SetEditTarget at line 3849 of /builds/omniverse/usd-ci/USD/pxr/usd/usd/stage.cpp -- Layer @metrics:UnitsAdjust-201427a421c881d0bdab3e34ae908232.metricsAssembler@ is not in the local LayerStack rooted at @anon:0x5cc990ae6b10:World1.usd@
[python-1] 
[python-1] 2026-09-17T11:07:42Z [27,373ms] [Warning] [omni.usd] Coding Error: in SetEditTarget at line 3849 of /builds/omniverse/usd-ci/USD/pxr/usd/usd/stage.cpp -- Layer @metrics:UnitsAdjust-201427a421c881d0bdab3e34ae908232.metricsAssembler@ is not in the local LayerStack rooted at @anon:0x5cc990ae6b10:World1.usd@
[python-1] 
[python-1] 2026-09-17T11:07:42Z [27,373ms] [Warning] [omni.usd] Coding Error: in SetEditTarget at line 3849 of /builds/omniverse/usd-ci/USD/pxr/usd/usd/stage.cpp -- Layer @metrics:UnitsAdjust-201427a421c881d0bdab3e34ae908232.metricsAssembler@ is not in the local LayerStack rooted at @anon:0x5cc990ae6b10:World1.usd@
[python-1] 
[python-1] 2026-09-17T11:07:42Z [27,373ms] [Warning] [omni.usd] Coding Error: in SetEditTarget at line 3849 of /builds/omniverse/usd-ci/USD/pxr/usd/usd/stage.cpp -- Layer @metrics:UnitsAdjust-201427a421c881d0bdab3e34ae908232.metricsAssembler@ is not in the local LayerStack rooted at @anon:0x5cc990ae6b10:World1.usd@
[python-1] 
[python-1] 2026-09-17T11:07:42Z [27,373ms] [Warning] [omni.usd] Coding Error: in SetEditTarget at line 3849 of /builds/omniverse/usd-ci/USD/pxr/usd/usd/stage.cpp -- Layer @metrics:UnitsAdjust-201427a421c881d0bdab3e34ae908232.metricsAssembler@ is not in the local LayerStack rooted at @anon:0x5cc990ae6b10:World1.usd@
[python-1] 
[python-1] 2026-09-17T11:07:42Z [27,373ms] [Warning] [omni.usd] Coding Error: in SetEditTarget at line 3849 of /builds/omniverse/usd-ci/USD/pxr/usd/usd/stage.cpp -- Layer @metrics:UnitsAdjust-201427a421c881d0bdab3e34ae908232.metricsAssembler@ is not in the local LayerStack rooted at @anon:0x5cc990ae6b10:World1.usd@
[python-1] 
[python-1] 2026-09-17T11:07:42Z [27,373ms] [Warning] [omni.usd] Coding Error: in SetEditTarget at line 3849 of /builds/omniverse/usd-ci/USD/pxr/usd/usd/stage.cpp -- Layer @metrics:UnitsAdjust-201427a421c881d0bdab3e34ae908232.metricsAssembler@ is not in the local LayerStack rooted at @anon:0x5cc990ae6b10:World1.usd@
[python-1] 
[python-1] 2026-09-17T11:07:42Z [27,373ms] [Warning] [omni.usd] Coding Error: in SetEditTarget at line 3849 of /builds/omniverse/usd-ci/USD/pxr/usd/usd/stage.cpp -- Layer @metrics:UnitsAdjust-201427a421c881d0bdab3e34ae908232.metricsAssembler@ is not in the local LayerStack rooted at @anon:0x5cc990ae6b10:World1.usd@
[python-1] 
[python-1] 2026-09-17T11:07:42Z [27,373ms] [Warning] [omni.usd] Coding Error: in SetEditTarget at line 3849 of /builds/omniverse/usd-ci/USD/pxr/usd/usd/stage.cpp -- Layer @metrics:UnitsAdjust-201427a421c881d0bdab3e34ae908232.metricsAssembler@ is not in the local LayerStack rooted at @anon:0x5cc990ae6b10:World1.usd@
[python-1] 
[python-1] 2026-09-17T11:07:42Z [27,373ms] [Warning] [omni.usd] Coding Error: in SetEditTarget at line 3849 of /builds/omniverse/usd-ci/USD/pxr/usd/usd/stage.cpp -- Layer @metrics:UnitsAdjust-201427a421c881d0bdab3e34ae908232.metricsAssembler@ is not in the local LayerStack rooted at @anon:0x5cc990ae6b10:World1.usd@
[python-1] 
[python-1] 2026-09-17T11:07:42Z [27,373ms] [Warning] [omni.usd] Coding Error: in SetEditTarget at line 3849 of /builds/omniverse/usd-ci/USD/pxr/usd/usd/stage.cpp -- Layer @metrics:UnitsAdjust-201427a421c881d0bdab3e34ae908232.metricsAssembler@ is not in the local LayerStack rooted at @anon:0x5cc990ae6b10:World1.usd@
[python-1] 
[python-1] 2026-09-17T11:07:42Z [27,373ms] [Warning] [omni.usd] Coding Error: in SetEditTarget at line 3849 of /builds/omniverse/usd-ci/USD/pxr/usd/usd/stage.cpp -- Layer @metrics:UnitsAdjust-201427a421c881d0bdab3e34ae908232.metricsAssembler@ is not in the local LayerStack rooted at @anon:0x5cc990ae6b10:World1.usd@
[python-1] 
[python-1] 2026-09-17T11:07:42Z [27,373ms] [Warning] [omni.usd] Coding Error: in SetEditTarget at line 3849 of /builds/omniverse/usd-ci/USD/pxr/usd/usd/stage.cpp -- Layer @metrics:UnitsAdjust-201427a421c881d0bdab3e34ae908232.metricsAssembler@ is not in the local LayerStack rooted at @anon:0x5cc990ae6b10:World1.usd@
[python-1] 
[python-1] 2026-09-17T11:07:42Z [27,373ms] [Warning] [omni.usd] Coding Error: in SetEditTarget at line 3849 of /builds/omniverse/usd-ci/USD/pxr/usd/usd/stage.cpp -- Layer @metrics:UnitsAdjust-201427a421c881d0bdab3e34ae908232.metricsAssembler@ is not in the local LayerStack rooted at @anon:0x5cc990ae6b10:World1.usd@
[python-1] 
[python-1] 2026-09-17T11:07:42Z [27,373ms] [Warning] [omni.usd] Coding Error: in SetEditTarget at line 3849 of /builds/omniverse/usd-ci/USD/pxr/usd/usd/stage.cpp -- Layer @metrics:UnitsAdjust-201427a421c881d0bdab3e34ae908232.metricsAssembler@ is not in the local LayerStack rooted at @anon:0x5cc990ae6b10:World1.usd@
[python-1] 
[python-1] 2026-09-17T11:07:42Z [27,373ms] [Warning] [omni.usd] Coding Error: in SetEditTarget at line 3849 of /builds/omniverse/usd-ci/USD/pxr/usd/usd/stage.cpp -- Layer @metrics:UnitsAdjust-201427a421c881d0bdab3e34ae908232.metricsAssembler@ is not in the local LayerStack rooted at @anon:0x5cc990ae6b10:World1.usd@
[python-1] 
[python-1] 2026-09-17T11:07:42Z [27,373ms] [Warning] [omni.usd] Coding Error: in SetEditTarget at line 3849 of /builds/omniverse/usd-ci/USD/pxr/usd/usd/stage.cpp -- Layer @metrics:UnitsAdjust-201427a421c881d0bdab3e34ae908232.metricsAssembler@ is not in the local LayerStack rooted at @anon:0x5cc990ae6b10:World1.usd@
[python-1] 
[python-1] 2026-09-17T11:07:42Z [27,373ms] [Warning] [omni.usd] Coding Error: in SetEditTarget at line 3849 of /builds/omniverse/usd-ci/USD/pxr/usd/usd/stage.cpp -- Layer @metrics:UnitsAdjust-201427a421c881d0bdab3e34ae908232.metricsAssembler@ is not in the local LayerStack rooted at @anon:0x5cc990ae6b10:World1.usd@
[python-1] 
[python-1] 2026-09-17T11:07:42Z [27,373ms] [Warning] [omni.usd] Coding Error: in SetEditTarget at line 3849 of /builds/omniverse/usd-ci/USD/pxr/usd/usd/stage.cpp -- Layer @metrics:UnitsAdjust-201427a421c881d0bdab3e34ae908232.metricsAssembler@ is not in the local LayerStack rooted at @anon:0x5cc990ae6b10:World1.usd@
[python-1] 
[python-1] 2026-09-17T11:07:42Z [27,373ms] [Warning] [omni.usd] Coding Error: in SetEditTarget at line 3849 of /builds/omniverse/usd-ci/USD/pxr/usd/usd/stage.cpp -- Layer @metrics:UnitsAdjust-201427a421c881d0bdab3e34ae908232.metricsAssembler@ is not in the local LayerStack rooted at @anon:0x5cc990ae6b10:World1.usd@
[python-1] 
[python-1] 2026-09-17T11:07:42Z [27,373ms] [Warning] [omni.usd] Coding Error: in SetEditTarget at line 3849 of /builds/omniverse/usd-ci/USD/pxr/usd/usd/stage.cpp -- Layer @metrics:UnitsAdjust-201427a421c881d0bdab3e34ae908232.metricsAssembler@ is not in the local LayerStack rooted at @anon:0x5cc990ae6b10:World1.usd@
[python-1] 
[python-1] 2026-09-17T11:07:42Z [27,373ms] [Warning] [omni.usd] Coding Error: in SetEditTarget at line 3849 of /builds/omniverse/usd-ci/USD/pxr/usd/usd/stage.cpp -- Layer @metrics:UnitsAdjust-201427a421c881d0bdab3e34ae908232.metricsAssembler@ is not in the local LayerStack rooted at @anon:0x5cc990ae6b10:World1.usd@
[python-1] 
[python-1] 2026-09-17T11:07:42Z [27,373ms] [Warning] [omni.usd] Coding Error: in SetEditTarget at line 3849 of /builds/omniverse/usd-ci/USD/pxr/usd/usd/stage.cpp -- Layer @metrics:UnitsAdjust-201427a421c881d0bdab3e34ae908232.metricsAssembler@ is not in the local LayerStack rooted at @anon:0x5cc990ae6b10:World1.usd@
[python-1] 
[python-1] 2026-09-17T11:07:42Z [27,373ms] [Warning] [omni.usd] Coding Error: in SetEditTarget at line 3849 of /builds/omniverse/usd-ci/USD/pxr/usd/usd/stage.cpp -- Layer @metrics:UnitsAdjust-201427a421c881d0bdab3e34ae908232.metricsAssembler@ is not in the local LayerStack rooted at @anon:0x5cc990ae6b10:World1.usd@
[python-1] 
[python-1] 2026-09-17T11:07:42Z [27,373ms] [Warning] [omni.usd] Coding Error: in SetEditTarget at line 3849 of /builds/omniverse/usd-ci/USD/pxr/usd/usd/stage.cpp -- Layer @metrics:UnitsAdjust-201427a421c881d0bdab3e34ae908232.metricsAssembler@ is not in the local LayerStack rooted at @anon:0x5cc990ae6b10:World1.usd@
[python-1] 
[python-1] 2026-09-17T11:07:42Z [27,373ms] [Warning] [omni.usd] Coding Error: in SetEditTarget at line 3849 of /builds/omniverse/usd-ci/USD/pxr/usd/usd/stage.cpp -- Layer @metrics:UnitsAdjust-201427a421c881d0bdab3e34ae908232.metricsAssembler@ is not in the local LayerStack rooted at @anon:0x5cc990ae6b10:World1.usd@
[python-1] 
[python-1] 2026-09-17T11:07:42Z [27,373ms] [Warning] [omni.usd] Coding Error: in SetEditTarget at line 3849 of /builds/omniverse/usd-ci/USD/pxr/usd/usd/stage.cpp -- Layer @metrics:UnitsAdjust-201427a421c881d0bdab3e34ae908232.metricsAssembler@ is not in the local LayerStack rooted at @anon:0x5cc990ae6b10:World1.usd@
[python-1] 
[python-1] 2026-09-17T11:07:42Z [27,373ms] [Warning] [omni.usd] Coding Error: in SetEditTarget at line 3849 of /builds/omniverse/usd-ci/USD/pxr/usd/usd/stage.cpp -- Layer @metrics:UnitsAdjust-201427a421c881d0bdab3e34ae908232.metricsAssembler@ is not in the local LayerStack rooted at @anon:0x5cc990ae6b10:World1.usd@
[python-1] 
[python-1] 2026-09-17T11:07:42Z [27,373ms] [Warning] [omni.usd] Coding Error: in SetEditTarget at line 3849 of /builds/omniverse/usd-ci/USD/pxr/usd/usd/stage.cpp -- Layer @metrics:UnitsAdjust-201427a421c881d0bdab3e34ae908232.metricsAssembler@ is not in the local LayerStack rooted at @anon:0x5cc990ae6b10:World1.usd@
[python-1] 
[python-1] 2026-09-17T11:07:42Z [27,373ms] [Warning] [omni.usd] Coding Error: in SetEditTarget at line 3849 of /builds/omniverse/usd-ci/USD/pxr/usd/usd/stage.cpp -- Layer @metrics:UnitsAdjust-201427a421c881d0bdab3e34ae908232.metricsAssembler@ is not in the local LayerStack rooted at @anon:0x5cc990ae6b10:World1.usd@
[python-1] 
[python-1] 2026-09-17T11:07:42Z [27,373ms] [Warning] [omni.usd] Coding Error: in SetEditTarget at line 3849 of /builds/omniverse/usd-ci/USD/pxr/usd/usd/stage.cpp -- Layer @metrics:UnitsAdjust-201427a421c881d0bdab3e34ae908232.metricsAssembler@ is not in the local LayerStack rooted at @anon:0x5cc990ae6b10:World1.usd@
[python-1] 
[python-1] 2026-09-17T11:07:42Z [27,373ms] [Warning] [omni.usd] Coding Error: in SetEditTarget at line 3849 of /builds/omniverse/usd-ci/USD/pxr/usd/usd/stage.cpp -- Layer @metrics:UnitsAdjust-201427a421c881d0bdab3e34ae908232.metricsAssembler@ is not in the local LayerStack rooted at @anon:0x5cc990ae6b10:World1.usd@
[python-1] 
[python-1] 2026-09-17T11:07:42Z [27,373ms] [Warning] [omni.usd] Coding Error: in SetEditTarget at line 3849 of /builds/omniverse/usd-ci/USD/pxr/usd/usd/stage.cpp -- Layer @metrics:UnitsAdjust-201427a421c881d0bdab3e34ae908232.metricsAssembler@ is not in the local LayerStack rooted at @anon:0x5cc990ae6b10:World1.usd@
[python-1] 
[python-1] 2026-09-17T11:07:42Z [27,373ms] [Warning] [omni.usd] Coding Error: in SetEditTarget at line 3849 of /builds/omniverse/usd-ci/USD/pxr/usd/usd/stage.cpp -- Layer @metrics:UnitsAdjust-201427a421c881d0bdab3e34ae908232.metricsAssembler@ is not in the local LayerStack rooted at @anon:0x5cc990ae6b10:World1.usd@
[python-1] 
[python-1] 2026-09-17T11:07:42Z [27,373ms] [Warning] [omni.usd] Coding Error: in SetEditTarget at line 3849 of /builds/omniverse/usd-ci/USD/pxr/usd/usd/stage.cpp -- Layer @metrics:UnitsAdjust-201427a421c881d0bdab3e34ae908232.metricsAssembler@ is not in the local LayerStack rooted at @anon:0x5cc990ae6b10:World1.usd@
[python-1] 
[python-1] 2026-09-17T11:07:42Z [27,373ms] [Warning] [omni.usd] Coding Error: in SetEditTarget at line 3849 of /builds/omniverse/usd-ci/USD/pxr/usd/usd/stage.cpp -- Layer @metrics:UnitsAdjust-201427a421c881d0bdab3e34ae908232.metricsAssembler@ is not in the local LayerStack rooted at @anon:0x5cc990ae6b10:World1.usd@
[python-1] 
[python-1] 2026-09-17T11:07:42Z [27,373ms] [Warning] [omni.usd] Coding Error: in SetEditTarget at line 3849 of /builds/omniverse/usd-ci/USD/pxr/usd/usd/stage.cpp -- Layer @metrics:UnitsAdjust-201427a421c881d0bdab3e34ae908232.metricsAssembler@ is not in the local LayerStack rooted at @anon:0x5cc990ae6b10:World1.usd@
[python-1] 
[python-1] 2026-09-17T11:07:42Z [27,373ms] [Warning] [omni.usd] Coding Error: in SetEditTarget at line 3849 of /builds/omniverse/usd-ci/USD/pxr/usd/usd/stage.cpp -- Layer @metrics:UnitsAdjust-201427a421c881d0bdab3e34ae908232.metricsAssembler@ is not in the local LayerStack rooted at @anon:0x5cc990ae6b10:World1.usd@
[python-1] 
[python-1] 2026-09-17T11:07:42Z [27,373ms] [Warning] [omni.usd] Coding Error: in SetEditTarget at line 3849 of /builds/omniverse/usd-ci/USD/pxr/usd/usd/stage.cpp -- Layer @metrics:UnitsAdjust-201427a421c881d0bdab3e34ae908232.metricsAssembler@ is not in the local LayerStack rooted at @anon:0x5cc990ae6b10:World1.usd@
[python-1] 
[python-1] 2026-09-17T11:07:42Z [27,373ms] [Warning] [omni.usd] Coding Error: in SetEditTarget at line 3849 of /builds/omniverse/usd-ci/USD/pxr/usd/usd/stage.cpp -- Layer @metrics:UnitsAdjust-201427a421c881d0bdab3e34ae908232.metricsAssembler@ is not in the local LayerStack rooted at @anon:0x5cc990ae6b10:World1.usd@
[python-1] 
[python-1] 2026-09-17T11:07:42Z [27,373ms] [Warning] [omni.usd] Coding Error: in SetEditTarget at line 3849 of /builds/omniverse/usd-ci/USD/pxr/usd/usd/stage.cpp -- Layer @metrics:UnitsAdjust-201427a421c881d0bdab3e34ae908232.metricsAssembler@ is not in the local LayerStack rooted at @anon:0x5cc990ae6b10:World1.usd@
[python-1] 
[python-1] 2026-09-17T11:07:42Z [27,374ms] [Warning] [omni.usd] Coding Error: in SetEditTarget at line 3849 of /builds/omniverse/usd-ci/USD/pxr/usd/usd/stage.cpp -- Layer @metrics:UnitsAdjust-201427a421c881d0bdab3e34ae908232.metricsAssembler@ is not in the local LayerStack rooted at @anon:0x5cc990ae6b10:World1.usd@
[python-1] 
[python-1] 2026-09-17T11:07:42Z [27,374ms] [Warning] [omni.usd] Coding Error: in SetEditTarget at line 3849 of /builds/omniverse/usd-ci/USD/pxr/usd/usd/stage.cpp -- Layer @metrics:UnitsAdjust-201427a421c881d0bdab3e34ae908232.metricsAssembler@ is not in the local LayerStack rooted at @anon:0x5cc990ae6b10:World1.usd@
[python-1] 
[python-1] 2026-09-17T11:07:42Z [27,374ms] [Warning] [omni.usd] Coding Error: in SetEditTarget at line 3849 of /builds/omniverse/usd-ci/USD/pxr/usd/usd/stage.cpp -- Layer @metrics:UnitsAdjust-201427a421c881d0bdab3e34ae908232.metricsAssembler@ is not in the local LayerStack rooted at @anon:0x5cc990ae6b10:World1.usd@
[python-1] 
[python-1] 2026-09-17T11:07:42Z [27,374ms] [Warning] [omni.usd] Coding Error: in SetEditTarget at line 3849 of /builds/omniverse/usd-ci/USD/pxr/usd/usd/stage.cpp -- Layer @metrics:UnitsAdjust-201427a421c881d0bdab3e34ae908232.metricsAssembler@ is not in the local LayerStack rooted at @anon:0x5cc990ae6b10:World1.usd@
[python-1] 
[python-1] 2026-09-17T11:07:42Z [27,374ms] [Warning] [omni.usd] Coding Error: in SetEditTarget at line 3849 of /builds/omniverse/usd-ci/USD/pxr/usd/usd/stage.cpp -- Layer @metrics:UnitsAdjust-201427a421c881d0bdab3e34ae908232.metricsAssembler@ is not in the local LayerStack rooted at @anon:0x5cc990ae6b10:World1.usd@
[python-1] 
[python-1] 2026-09-17T11:07:42Z [27,374ms] [Warning] [omni.usd] Coding Error: in SetEditTarget at line 3849 of /builds/omniverse/usd-ci/USD/pxr/usd/usd/stage.cpp -- Layer @metrics:UnitsAdjust-201427a421c881d0bdab3e34ae908232.metricsAssembler@ is not in the local LayerStack rooted at @anon:0x5cc990ae6b10:World1.usd@
[python-1] 
[python-1] 2026-09-17T11:07:42Z [27,374ms] [Warning] [omni.usd] Coding Error: in SetEditTarget at line 3849 of /builds/omniverse/usd-ci/USD/pxr/usd/usd/stage.cpp -- Layer @metrics:UnitsAdjust-201427a421c881d0bdab3e34ae908232.metricsAssembler@ is not in the local LayerStack rooted at @anon:0x5cc990ae6b10:World1.usd@
[python-1] 
[python-1] 2026-09-17T11:07:42Z [27,374ms] [Warning] [omni.usd] Coding Error: in SetEditTarget at line 3849 of /builds/omniverse/usd-ci/USD/pxr/usd/usd/stage.cpp -- Layer @metrics:UnitsAdjust-201427a421c881d0bdab3e34ae908232.metricsAssembler@ is not in the local LayerStack rooted at @anon:0x5cc990ae6b10:World1.usd@
[python-1] 
[python-1] 2026-09-17T11:07:42Z [27,374ms] [Warning] [omni.usd] Coding Error: in SetEditTarget at line 3849 of /builds/omniverse/usd-ci/USD/pxr/usd/usd/stage.cpp -- Layer @metrics:UnitsAdjust-201427a421c881d0bdab3e34ae908232.metricsAssembler@ is not in the local LayerStack rooted at @anon:0x5cc990ae6b10:World1.usd@
[python-1] 
[python-1] 2026-09-17T11:07:42Z [27,374ms] [Warning] [omni.usd] Coding Error: in SetEditTarget at line 3849 of /builds/omniverse/usd-ci/USD/pxr/usd/usd/stage.cpp -- Layer @metrics:UnitsAdjust-201427a421c881d0bdab3e34ae908232.metricsAssembler@ is not in the local LayerStack rooted at @anon:0x5cc990ae6b10:World1.usd@
[python-1] 
[python-1] 2026-09-17T11:07:42Z [27,374ms] [Warning] [omni.usd] Coding Error: in SetEditTarget at line 3849 of /builds/omniverse/usd-ci/USD/pxr/usd/usd/stage.cpp -- Layer @metrics:UnitsAdjust-201427a421c881d0bdab3e34ae908232.metricsAssembler@ is not in the local LayerStack rooted at @anon:0x5cc990ae6b10:World1.usd@
[python-1] 
[python-1] 2026-09-17T11:07:42Z [27,374ms] [Warning] [omni.usd] Coding Error: in SetEditTarget at line 3849 of /builds/omniverse/usd-ci/USD/pxr/usd/usd/stage.cpp -- Layer @metrics:UnitsAdjust-201427a421c881d0bdab3e34ae908232.metricsAssembler@ is not in the local LayerStack rooted at @anon:0x5cc990ae6b10:World1.usd@
[python-1] 
[python-1] 2026-09-17T11:07:42Z [27,374ms] [Warning] [omni.usd] Coding Error: in SetEditTarget at line 3849 of /builds/omniverse/usd-ci/USD/pxr/usd/usd/stage.cpp -- Layer @metrics:UnitsAdjust-201427a421c881d0bdab3e34ae908232.metricsAssembler@ is not in the local LayerStack rooted at @anon:0x5cc990ae6b10:World1.usd@
[python-1] 
[python-1] 2026-09-17T11:07:42Z [27,374ms] [Warning] [omni.usd] Coding Error: in SetEditTarget at line 3849 of /builds/omniverse/usd-ci/USD/pxr/usd/usd/stage.cpp -- Layer @metrics:UnitsAdjust-201427a421c881d0bdab3e34ae908232.metricsAssembler@ is not in the local LayerStack rooted at @anon:0x5cc990ae6b10:World1.usd@
[python-1] 
[python-1] 2026-09-17T11:07:42Z [27,374ms] [Warning] [omni.usd] Coding Error: in SetEditTarget at line 3849 of /builds/omniverse/usd-ci/USD/pxr/usd/usd/stage.cpp -- Layer @metrics:UnitsAdjust-201427a421c881d0bdab3e34ae908232.metricsAssembler@ is not in the local LayerStack rooted at @anon:0x5cc990ae6b10:World1.usd@
[python-1] 
[python-1] 2026-09-17T11:07:42Z [27,374ms] [Warning] [omni.usd] Coding Error: in SetEditTarget at line 3849 of /builds/omniverse/usd-ci/USD/pxr/usd/usd/stage.cpp -- Layer @metrics:UnitsAdjust-201427a421c881d0bdab3e34ae908232.metricsAssembler@ is not in the local LayerStack rooted at @anon:0x5cc990ae6b10:World1.usd@
[python-1] 
[python-1] 2026-09-17T11:07:42Z [27,374ms] [Warning] [omni.usd] Coding Error: in SetEditTarget at line 3849 of /builds/omniverse/usd-ci/USD/pxr/usd/usd/stage.cpp -- Layer @metrics:UnitsAdjust-201427a421c881d0bdab3e34ae908232.metricsAssembler@ is not in the local LayerStack rooted at @anon:0x5cc990ae6b10:World1.usd@
[python-1] 
[python-1] 2026-09-17T11:07:42Z [27,374ms] [Warning] [omni.usd] Coding Error: in SetEditTarget at line 3849 of /builds/omniverse/usd-ci/USD/pxr/usd/usd/stage.cpp -- Layer @metrics:UnitsAdjust-201427a421c881d0bdab3e34ae908232.metricsAssembler@ is not in the local LayerStack rooted at @anon:0x5cc990ae6b10:World1.usd@
[python-1] 
[python-1] 2026-09-17T11:07:42Z [27,374ms] [Warning] [omni.usd] Coding Error: in SetEditTarget at line 3849 of /builds/omniverse/usd-ci/USD/pxr/usd/usd/stage.cpp -- Layer @metrics:UnitsAdjust-201427a421c881d0bdab3e34ae908232.metricsAssembler@ is not in the local LayerStack rooted at @anon:0x5cc990ae6b10:World1.usd@
[python-1] 
[python-1] 2026-09-17T11:07:42Z [27,374ms] [Warning] [omni.usd] Coding Error: in SetEditTarget at line 3849 of /builds/omniverse/usd-ci/USD/pxr/usd/usd/stage.cpp -- Layer @metrics:UnitsAdjust-201427a421c881d0bdab3e34ae908232.metricsAssembler@ is not in the local LayerStack rooted at @anon:0x5cc990ae6b10:World1.usd@
[python-1] 
[python-1] 2026-09-17T11:07:42Z [27,374ms] [Warning] [omni.usd] Coding Error: in SetEditTarget at line 3849 of /builds/omniverse/usd-ci/USD/pxr/usd/usd/stage.cpp -- Layer @metrics:UnitsAdjust-201427a421c881d0bdab3e34ae908232.metricsAssembler@ is not in the local LayerStack rooted at @anon:0x5cc990ae6b10:World1.usd@
[python-1] 
[python-1] 2026-09-17T11:07:42Z [27,374ms] [Warning] [omni.usd] Coding Error: in SetEditTarget at line 3849 of /builds/omniverse/usd-ci/USD/pxr/usd/usd/stage.cpp -- Layer @metrics:UnitsAdjust-201427a421c881d0bdab3e34ae908232.metricsAssembler@ is not in the local LayerStack rooted at @anon:0x5cc990ae6b10:World1.usd@
[python-1] 
[python-1] 2026-09-17T11:07:42Z [27,374ms] [Warning] [omni.usd] Coding Error: in SetEditTarget at line 3849 of /builds/omniverse/usd-ci/USD/pxr/usd/usd/stage.cpp -- Layer @metrics:UnitsAdjust-201427a421c881d0bdab3e34ae908232.metricsAssembler@ is not in the local LayerStack rooted at @anon:0x5cc990ae6b10:World1.usd@
[python-1] 
[python-1] 2026-09-17T11:07:42Z [27,374ms] [Warning] [omni.usd] Coding Error: in SetEditTarget at line 3849 of /builds/omniverse/usd-ci/USD/pxr/usd/usd/stage.cpp -- Layer @metrics:UnitsAdjust-201427a421c881d0bdab3e34ae908232.metricsAssembler@ is not in the local LayerStack rooted at @anon:0x5cc990ae6b10:World1.usd@
[python-1] 
[python-1] 2026-09-17T11:07:42Z [27,374ms] [Warning] [omni.usd] Coding Error: in SetEditTarget at line 3849 of /builds/omniverse/usd-ci/USD/pxr/usd/usd/stage.cpp -- Layer @metrics:UnitsAdjust-201427a421c881d0bdab3e34ae908232.metricsAssembler@ is not in the local LayerStack rooted at @anon:0x5cc990ae6b10:World1.usd@
[python-1] 
[python-1] 2026-09-17T11:07:42Z [27,374ms] [Warning] [omni.usd] Coding Error: in SetEditTarget at line 3849 of /builds/omniverse/usd-ci/USD/pxr/usd/usd/stage.cpp -- Layer @metrics:UnitsAdjust-201427a421c881d0bdab3e34ae908232.metricsAssembler@ is not in the local LayerStack rooted at @anon:0x5cc990ae6b10:World1.usd@
[python-1] 
[python-1] 2026-09-17T11:07:42Z [27,374ms] [Warning] [omni.usd] Coding Error: in SetEditTarget at line 3849 of /builds/omniverse/usd-ci/USD/pxr/usd/usd/stage.cpp -- Layer @metrics:UnitsAdjust-201427a421c881d0bdab3e34ae908232.metricsAssembler@ is not in the local LayerStack rooted at @anon:0x5cc990ae6b10:World1.usd@
[python-1] 
[python-1] 2026-09-17T11:07:42Z [27,374ms] [Warning] [omni.usd] Coding Error: in SetEditTarget at line 3849 of /builds/omniverse/usd-ci/USD/pxr/usd/usd/stage.cpp -- Layer @metrics:UnitsAdjust-201427a421c881d0bdab3e34ae908232.metricsAssembler@ is not in the local LayerStack rooted at @anon:0x5cc990ae6b10:World1.usd@
[python-1] 
[python-1] 2026-09-17T11:07:42Z [27,374ms] [Warning] [omni.usd] Coding Error: in SetEditTarget at line 3849 of /builds/omniverse/usd-ci/USD/pxr/usd/usd/stage.cpp -- Layer @metrics:UnitsAdjust-201427a421c881d0bdab3e34ae908232.metricsAssembler@ is not in the local LayerStack rooted at @anon:0x5cc990ae6b10:World1.usd@
[python-1] 
[python-1] 2026-09-17T11:07:42Z [27,374ms] [Warning] [omni.usd] Coding Error: in SetEditTarget at line 3849 of /builds/omniverse/usd-ci/USD/pxr/usd/usd/stage.cpp -- Layer @metrics:UnitsAdjust-201427a421c881d0bdab3e34ae908232.metricsAssembler@ is not in the local LayerStack rooted at @anon:0x5cc990ae6b10:World1.usd@
[python-1] 
[python-1] 2026-09-17T11:07:42Z [27,374ms] [Warning] [omni.usd] Coding Error: in SetEditTarget at line 3849 of /builds/omniverse/usd-ci/USD/pxr/usd/usd/stage.cpp -- Layer @metrics:UnitsAdjust-201427a421c881d0bdab3e34ae908232.metricsAssembler@ is not in the local LayerStack rooted at @anon:0x5cc990ae6b10:World1.usd@
[python-1] 
[python-1] 2026-09-17T11:07:42Z [27,374ms] [Warning] [omni.usd] Coding Error: in SetEditTarget at line 3849 of /builds/omniverse/usd-ci/USD/pxr/usd/usd/stage.cpp -- Layer @metrics:UnitsAdjust-201427a421c881d0bdab3e34ae908232.metricsAssembler@ is not in the local LayerStack rooted at @anon:0x5cc990ae6b10:World1.usd@
[python-1] 
[python-1] 2026-09-17T11:07:42Z [27,374ms] [Warning] [omni.usd] Coding Error: in SetEditTarget at line 3849 of /builds/omniverse/usd-ci/USD/pxr/usd/usd/stage.cpp -- Layer @metrics:UnitsAdjust-201427a421c881d0bdab3e34ae908232.metricsAssembler@ is not in the local LayerStack rooted at @anon:0x5cc990ae6b10:World1.usd@
[python-1] 
[python-1] 2026-09-17T11:07:42Z [27,374ms] [Warning] [omni.usd] Coding Error: in SetEditTarget at line 3849 of /builds/omniverse/usd-ci/USD/pxr/usd/usd/stage.cpp -- Layer @metrics:UnitsAdjust-201427a421c881d0bdab3e34ae908232.metricsAssembler@ is not in the local LayerStack rooted at @anon:0x5cc990ae6b10:World1.usd@
[python-1] 
[python-1] 2026-09-17T11:07:42Z [27,374ms] [Warning] [omni.usd] Coding Error: in SetEditTarget at line 3849 of /builds/omniverse/usd-ci/USD/pxr/usd/usd/stage.cpp -- Layer @metrics:UnitsAdjust-201427a421c881d0bdab3e34ae908232.metricsAssembler@ is not in the local LayerStack rooted at @anon:0x5cc990ae6b10:World1.usd@
[python-1] 
[python-1] 2026-09-17T11:07:42Z [27,374ms] [Warning] [omni.usd] Coding Error: in SetEditTarget at line 3849 of /builds/omniverse/usd-ci/USD/pxr/usd/usd/stage.cpp -- Layer @metrics:UnitsAdjust-201427a421c881d0bdab3e34ae908232.metricsAssembler@ is not in the local LayerStack rooted at @anon:0x5cc990ae6b10:World1.usd@
[python-1] 
[python-1] 2026-09-17T11:07:42Z [27,374ms] [Warning] [omni.usd] Coding Error: in SetEditTarget at line 3849 of /builds/omniverse/usd-ci/USD/pxr/usd/usd/stage.cpp -- Layer @metrics:UnitsAdjust-201427a421c881d0bdab3e34ae908232.metricsAssembler@ is not in the local LayerStack rooted at @anon:0x5cc990ae6b10:World1.usd@
[python-1] 
[python-1] 2026-09-17T11:07:42Z [27,374ms] [Warning] [omni.usd] Coding Error: in SetEditTarget at line 3849 of /builds/omniverse/usd-ci/USD/pxr/usd/usd/stage.cpp -- Layer @metrics:UnitsAdjust-201427a421c881d0bdab3e34ae908232.metricsAssembler@ is not in the local LayerStack rooted at @anon:0x5cc990ae6b10:World1.usd@
[python-1] 
[python-1] 2026-09-17T11:07:42Z [27,374ms] [Warning] [omni.usd] Coding Error: in SetEditTarget at line 3849 of /builds/omniverse/usd-ci/USD/pxr/usd/usd/stage.cpp -- Layer @metrics:UnitsAdjust-201427a421c881d0bdab3e34ae908232.metricsAssembler@ is not in the local LayerStack rooted at @anon:0x5cc990ae6b10:World1.usd@
[python-1] 
[python-1] 2026-09-17T11:07:42Z [27,374ms] [Warning] [omni.usd] Coding Error: in SetEditTarget at line 3849 of /builds/omniverse/usd-ci/USD/pxr/usd/usd/stage.cpp -- Layer @metrics:UnitsAdjust-201427a421c881d0bdab3e34ae908232.metricsAssembler@ is not in the local LayerStack rooted at @anon:0x5cc990ae6b10:World1.usd@
[python-1] 
[python-1] 2026-09-17T11:07:42Z [27,374ms] [Warning] [omni.usd] Coding Error: in SetEditTarget at line 3849 of /builds/omniverse/usd-ci/USD/pxr/usd/usd/stage.cpp -- Layer @metrics:UnitsAdjust-201427a421c881d0bdab3e34ae908232.metricsAssembler@ is not in the local LayerStack rooted at @anon:0x5cc990ae6b10:World1.usd@
[python-1] 
[python-1] 2026-09-17T11:07:42Z [27,374ms] [Warning] [omni.usd] Coding Error: in SetEditTarget at line 3849 of /builds/omniverse/usd-ci/USD/pxr/usd/usd/stage.cpp -- Layer @metrics:UnitsAdjust-201427a421c881d0bdab3e34ae908232.metricsAssembler@ is not in the local LayerStack rooted at @anon:0x5cc990ae6b10:World1.usd@
[python-1] 
[python-1] 2026-09-17T11:07:42Z [27,374ms] [Warning] [omni.usd] Coding Error: in SetEditTarget at line 3849 of /builds/omniverse/usd-ci/USD/pxr/usd/usd/stage.cpp -- Layer @metrics:UnitsAdjust-201427a421c881d0bdab3e34ae908232.metricsAssembler@ is not in the local LayerStack rooted at @anon:0x5cc990ae6b10:World1.usd@
[python-1] 
[python-1] 2026-09-17T11:07:42Z [27,374ms] [Warning] [omni.usd] Coding Error: in SetEditTarget at line 3849 of /builds/omniverse/usd-ci/USD/pxr/usd/usd/stage.cpp -- Layer @metrics:UnitsAdjust-201427a421c881d0bdab3e34ae908232.metricsAssembler@ is not in the local LayerStack rooted at @anon:0x5cc990ae6b10:World1.usd@
[python-1] 
[python-1] 2026-09-17T11:07:42Z [27,374ms] [Warning] [omni.usd] Coding Error: in SetEditTarget at line 3849 of /builds/omniverse/usd-ci/USD/pxr/usd/usd/stage.cpp -- Layer @metrics:UnitsAdjust-201427a421c881d0bdab3e34ae908232.metricsAssembler@ is not in the local LayerStack rooted at @anon:0x5cc990ae6b10:World1.usd@
[python-1] 
[python-1] 2026-09-17T11:07:42Z [27,375ms] [Warning] [omni.usd] Coding Error: in SetEditTarget at line 3849 of /builds/omniverse/usd-ci/USD/pxr/usd/usd/stage.cpp -- Layer @metrics:UnitsAdjust-201427a421c881d0bdab3e34ae908232.metricsAssembler@ is not in the local LayerStack rooted at @anon:0x5cc990ae6b10:World1.usd@
[python-1] 
[python-1] 2026-09-17T11:07:42Z [27,375ms] [Warning] [omni.usd] Coding Error: in SetEditTarget at line 3849 of /builds/omniverse/usd-ci/USD/pxr/usd/usd/stage.cpp -- Layer @metrics:UnitsAdjust-201427a421c881d0bdab3e34ae908232.metricsAssembler@ is not in the local LayerStack rooted at @anon:0x5cc990ae6b10:World1.usd@
[python-1] 
[python-1] 2026-09-17T11:07:42Z [27,375ms] [Warning] [omni.usd] Coding Error: in SetEditTarget at line 3849 of /builds/omniverse/usd-ci/USD/pxr/usd/usd/stage.cpp -- Layer @metrics:UnitsAdjust-201427a421c881d0bdab3e34ae908232.metricsAssembler@ is not in the local LayerStack rooted at @anon:0x5cc990ae6b10:World1.usd@
[python-1] 
[python-1] 2026-09-17T11:07:42Z [27,375ms] [Warning] [omni.usd] Coding Error: in SetEditTarget at line 3849 of /builds/omniverse/usd-ci/USD/pxr/usd/usd/stage.cpp -- Layer @metrics:UnitsAdjust-201427a421c881d0bdab3e34ae908232.metricsAssembler@ is not in the local LayerStack rooted at @anon:0x5cc990ae6b10:World1.usd@
[python-1] 
[python-1] 2026-09-17T11:07:42Z [27,375ms] [Warning] [omni.usd] Coding Error: in SetEditTarget at line 3849 of /builds/omniverse/usd-ci/USD/pxr/usd/usd/stage.cpp -- Layer @metrics:UnitsAdjust-201427a421c881d0bdab3e34ae908232.metricsAssembler@ is not in the local LayerStack rooted at @anon:0x5cc990ae6b10:World1.usd@
[python-1] 
[python-1] 2026-09-17T11:07:42Z [27,375ms] [Warning] [omni.usd] Coding Error: in SetEditTarget at line 3849 of /builds/omniverse/usd-ci/USD/pxr/usd/usd/stage.cpp -- Layer @metrics:UnitsAdjust-201427a421c881d0bdab3e34ae908232.metricsAssembler@ is not in the local LayerStack rooted at @anon:0x5cc990ae6b10:World1.usd@
[python-1] 
[python-1] 2026-09-17T11:07:42Z [27,375ms] [Warning] [omni.usd] Coding Error: in SetEditTarget at line 3849 of /builds/omniverse/usd-ci/USD/pxr/usd/usd/stage.cpp -- Layer @metrics:UnitsAdjust-201427a421c881d0bdab3e34ae908232.metricsAssembler@ is not in the local LayerStack rooted at @anon:0x5cc990ae6b10:World1.usd@
[python-1] 
[python-1] 2026-09-17T11:07:42Z [27,375ms] [Warning] [omni.usd] Coding Error: in SetEditTarget at line 3849 of /builds/omniverse/usd-ci/USD/pxr/usd/usd/stage.cpp -- Layer @metrics:UnitsAdjust-201427a421c881d0bdab3e34ae908232.metricsAssembler@ is not in the local LayerStack rooted at @anon:0x5cc990ae6b10:World1.usd@
[python-1] 
[python-1] 2026-09-17T11:07:42Z [27,375ms] [Warning] [omni.usd] Coding Error: in SetEditTarget at line 3849 of /builds/omniverse/usd-ci/USD/pxr/usd/usd/stage.cpp -- Layer @metrics:UnitsAdjust-201427a421c881d0bdab3e34ae908232.metricsAssembler@ is not in the local LayerStack rooted at @anon:0x5cc990ae6b10:World1.usd@
[python-1] 
[python-1] 2026-09-17T11:07:42Z [27,375ms] [Warning] [omni.usd] Coding Error: in SetEditTarget at line 3849 of /builds/omniverse/usd-ci/USD/pxr/usd/usd/stage.cpp -- Layer @metrics:UnitsAdjust-201427a421c881d0bdab3e34ae908232.metricsAssembler@ is not in the local LayerStack rooted at @anon:0x5cc990ae6b10:World1.usd@
[python-1] 
[python-1] 2026-09-17T11:07:42Z [27,375ms] [Warning] [omni.usd] Coding Error: in SetEditTarget at line 3849 of /builds/omniverse/usd-ci/USD/pxr/usd/usd/stage.cpp -- Layer @metrics:UnitsAdjust-201427a421c881d0bdab3e34ae908232.metricsAssembler@ is not in the local LayerStack rooted at @anon:0x5cc990ae6b10:World1.usd@
[python-1] 
[python-1] 2026-09-17T11:07:42Z [27,375ms] [Warning] [omni.usd] Coding Error: in SetEditTarget at line 3849 of /builds/omniverse/usd-ci/USD/pxr/usd/usd/stage.cpp -- Layer @metrics:UnitsAdjust-201427a421c881d0bdab3e34ae908232.metricsAssembler@ is not in the local LayerStack rooted at @anon:0x5cc990ae6b10:World1.usd@
[python-1] 
[python-1] 2026-09-17T11:07:42Z [27,375ms] [Warning] [omni.usd] Coding Error: in SetEditTarget at line 3849 of /builds/omniverse/usd-ci/USD/pxr/usd/usd/stage.cpp -- Layer @metrics:UnitsAdjust-201427a421c881d0bdab3e34ae908232.metricsAssembler@ is not in the local LayerStack rooted at @anon:0x5cc990ae6b10:World1.usd@
[python-1] 
[python-1] 2026-09-17T11:07:42Z [27,375ms] [Warning] [omni.usd] Coding Error: in SetEditTarget at line 3849 of /builds/omniverse/usd-ci/USD/pxr/usd/usd/stage.cpp -- Layer @metrics:UnitsAdjust-201427a421c881d0bdab3e34ae908232.metricsAssembler@ is not in the local LayerStack rooted at @anon:0x5cc990ae6b10:World1.usd@
[python-1] 
[python-1] 2026-09-17T11:07:42Z [27,375ms] [Warning] [omni.usd] Coding Error: in SetEditTarget at line 3849 of /builds/omniverse/usd-ci/USD/pxr/usd/usd/stage.cpp -- Layer @metrics:UnitsAdjust-201427a421c881d0bdab3e34ae908232.metricsAssembler@ is not in the local LayerStack rooted at @anon:0x5cc990ae6b10:World1.usd@
[python-1] 
[python-1] 2026-09-17T11:07:42Z [27,375ms] [Warning] [omni.usd] Coding Error: in SetEditTarget at line 3849 of /builds/omniverse/usd-ci/USD/pxr/usd/usd/stage.cpp -- Layer @metrics:UnitsAdjust-201427a421c881d0bdab3e34ae908232.metricsAssembler@ is not in the local LayerStack rooted at @anon:0x5cc990ae6b10:World1.usd@
[python-1] 
[python-1] 2026-09-17T11:07:42Z [27,375ms] [Warning] [omni.usd] Coding Error: in SetEditTarget at line 3849 of /builds/omniverse/usd-ci/USD/pxr/usd/usd/stage.cpp -- Layer @metrics:UnitsAdjust-201427a421c881d0bdab3e34ae908232.metricsAssembler@ is not in the local LayerStack rooted at @anon:0x5cc990ae6b10:World1.usd@
[python-1] 
[python-1] 2026-09-17T11:07:42Z [27,375ms] [Warning] [omni.usd] Coding Error: in SetEditTarget at line 3849 of /builds/omniverse/usd-ci/USD/pxr/usd/usd/stage.cpp -- Layer @metrics:UnitsAdjust-201427a421c881d0bdab3e34ae908232.metricsAssembler@ is not in the local LayerStack rooted at @anon:0x5cc990ae6b10:World1.usd@
[python-1] 
[python-1] 2026-09-17T11:07:42Z [27,375ms] [Warning] [omni.usd] Coding Error: in SetEditTarget at line 3849 of /builds/omniverse/usd-ci/USD/pxr/usd/usd/stage.cpp -- Layer @metrics:UnitsAdjust-201427a421c881d0bdab3e34ae908232.metricsAssembler@ is not in the local LayerStack rooted at @anon:0x5cc990ae6b10:World1.usd@
[python-1] 
[python-1] 2026-09-17T11:07:42Z [27,375ms] [Warning] [omni.usd] Coding Error: in SetEditTarget at line 3849 of /builds/omniverse/usd-ci/USD/pxr/usd/usd/stage.cpp -- Layer @metrics:UnitsAdjust-201427a421c881d0bdab3e34ae908232.metricsAssembler@ is not in the local LayerStack rooted at @anon:0x5cc990ae6b10:World1.usd@
[python-1] 
[python-1] 2026-09-17T11:07:42Z [27,375ms] [Warning] [omni.usd] Coding Error: in SetEditTarget at line 3849 of /builds/omniverse/usd-ci/USD/pxr/usd/usd/stage.cpp -- Layer @metrics:UnitsAdjust-201427a421c881d0bdab3e34ae908232.metricsAssembler@ is not in the local LayerStack rooted at @anon:0x5cc990ae6b10:World1.usd@
[python-1] 
[python-1] 2026-09-17T11:07:42Z [27,375ms] [Warning] [omni.usd] Coding Error: in SetEditTarget at line 3849 of /builds/omniverse/usd-ci/USD/pxr/usd/usd/stage.cpp -- Layer @metrics:UnitsAdjust-201427a421c881d0bdab3e34ae908232.metricsAssembler@ is not in the local LayerStack rooted at @anon:0x5cc990ae6b10:World1.usd@
[python-1] 
[python-1] 2026-09-17T11:07:42Z [27,375ms] [Warning] [omni.usd] Coding Error: in SetEditTarget at line 3849 of /builds/omniverse/usd-ci/USD/pxr/usd/usd/stage.cpp -- Layer @metrics:UnitsAdjust-201427a421c881d0bdab3e34ae908232.metricsAssembler@ is not in the local LayerStack rooted at @anon:0x5cc990ae6b10:World1.usd@
[python-1] 
[python-1] 2026-09-17T11:07:42Z [27,375ms] [Warning] [omni.usd] Coding Error: in SetEditTarget at line 3849 of /builds/omniverse/usd-ci/USD/pxr/usd/usd/stage.cpp -- Layer @metrics:UnitsAdjust-201427a421c881d0bdab3e34ae908232.metricsAssembler@ is not in the local LayerStack rooted at @anon:0x5cc990ae6b10:World1.usd@
[python-1] 
[python-1] 2026-09-17T11:07:42Z [27,375ms] [Warning] [omni.usd] Coding Error: in SetEditTarget at line 3849 of /builds/omniverse/usd-ci/USD/pxr/usd/usd/stage.cpp -- Layer @metrics:UnitsAdjust-201427a421c881d0bdab3e34ae908232.metricsAssembler@ is not in the local LayerStack rooted at @anon:0x5cc990ae6b10:World1.usd@
[python-1] 
[python-1] 2026-09-17T11:07:42Z [27,375ms] [Warning] [omni.usd] Coding Error: in SetEditTarget at line 3849 of /builds/omniverse/usd-ci/USD/pxr/usd/usd/stage.cpp -- Layer @metrics:UnitsAdjust-201427a421c881d0bdab3e34ae908232.metricsAssembler@ is not in the local LayerStack rooted at @anon:0x5cc990ae6b10:World1.usd@
[python-1] 
[python-1] 2026-09-17T11:07:42Z [27,375ms] [Warning] [omni.usd] Coding Error: in SetEditTarget at line 3849 of /builds/omniverse/usd-ci/USD/pxr/usd/usd/stage.cpp -- Layer @metrics:UnitsAdjust-201427a421c881d0bdab3e34ae908232.metricsAssembler@ is not in the local LayerStack rooted at @anon:0x5cc990ae6b10:World1.usd@
[python-1] 
[python-1] 2026-09-17T11:07:42Z [27,375ms] [Warning] [omni.usd] Coding Error: in SetEditTarget at line 3849 of /builds/omniverse/usd-ci/USD/pxr/usd/usd/stage.cpp -- Layer @metrics:UnitsAdjust-201427a421c881d0bdab3e34ae908232.metricsAssembler@ is not in the local LayerStack rooted at @anon:0x5cc990ae6b10:World1.usd@
[python-1] 
[python-1] 2026-09-17T11:07:42Z [27,375ms] [Warning] [omni.usd] Coding Error: in SetEditTarget at line 3849 of /builds/omniverse/usd-ci/USD/pxr/usd/usd/stage.cpp -- Layer @metrics:UnitsAdjust-201427a421c881d0bdab3e34ae908232.metricsAssembler@ is not in the local LayerStack rooted at @anon:0x5cc990ae6b10:World1.usd@
[python-1] 
[python-1] 2026-09-17T11:07:42Z [27,375ms] [Warning] [omni.usd] Coding Error: in SetEditTarget at line 3849 of /builds/omniverse/usd-ci/USD/pxr/usd/usd/stage.cpp -- Layer @metrics:UnitsAdjust-201427a421c881d0bdab3e34ae908232.metricsAssembler@ is not in the local LayerStack rooted at @anon:0x5cc990ae6b10:World1.usd@
[python-1] 
[python-1] 2026-09-17T11:07:42Z [27,375ms] [Warning] [omni.usd] Coding Error: in SetEditTarget at line 3849 of /builds/omniverse/usd-ci/USD/pxr/usd/usd/stage.cpp -- Layer @metrics:UnitsAdjust-201427a421c881d0bdab3e34ae908232.metricsAssembler@ is not in the local LayerStack rooted at @anon:0x5cc990ae6b10:World1.usd@
[python-1] 
[python-1] 2026-09-17T11:07:42Z [27,375ms] [Warning] [omni.usd] Coding Error: in SetEditTarget at line 3849 of /builds/omniverse/usd-ci/USD/pxr/usd/usd/stage.cpp -- Layer @metrics:UnitsAdjust-201427a421c881d0bdab3e34ae908232.metricsAssembler@ is not in the local LayerStack rooted at @anon:0x5cc990ae6b10:World1.usd@
[python-1] 
[python-1] 2026-09-17T11:07:42Z [27,375ms] [Warning] [omni.usd] Coding Error: in SetEditTarget at line 3849 of /builds/omniverse/usd-ci/USD/pxr/usd/usd/stage.cpp -- Layer @metrics:UnitsAdjust-201427a421c881d0bdab3e34ae908232.metricsAssembler@ is not in the local LayerStack rooted at @anon:0x5cc990ae6b10:World1.usd@
[python-1] 
[python-1] 2026-09-17T11:07:42Z [27,375ms] [Warning] [omni.usd] Coding Error: in SetEditTarget at line 3849 of /builds/omniverse/usd-ci/USD/pxr/usd/usd/stage.cpp -- Layer @metrics:UnitsAdjust-201427a421c881d0bdab3e34ae908232.metricsAssembler@ is not in the local LayerStack rooted at @anon:0x5cc990ae6b10:World1.usd@
[python-1] 
[python-1] 2026-09-17T11:07:42Z [27,375ms] [Warning] [omni.usd] Coding Error: in SetEditTarget at line 3849 of /builds/omniverse/usd-ci/USD/pxr/usd/usd/stage.cpp -- Layer @metrics:UnitsAdjust-201427a421c881d0bdab3e34ae908232.metricsAssembler@ is not in the local LayerStack rooted at @anon:0x5cc990ae6b10:World1.usd@
[python-1] 
[python-1] 2026-09-17T11:07:42Z [27,378ms] [Warning] [omni.usd] Coding Error: in SetEditTarget at line 3849 of /builds/omniverse/usd-ci/USD/pxr/usd/usd/stage.cpp -- Layer @metrics:UnitsAdjust-201427a421c881d0bdab3e34ae908232.metricsAssembler@ is not in the local LayerStack rooted at @anon:0x5cc990ae6b10:World1.usd@
[python-1] 
[python-1] 2026-09-17T11:07:42Z [27,378ms] [Warning] [omni.usd] Coding Error: in SetEditTarget at line 3849 of /builds/omniverse/usd-ci/USD/pxr/usd/usd/stage.cpp -- Layer @metrics:UnitsAdjust-201427a421c881d0bdab3e34ae908232.metricsAssembler@ is not in the local LayerStack rooted at @anon:0x5cc990ae6b10:World1.usd@
[python-1] 
[python-1] 2026-09-17T11:07:42Z [27,378ms] [Warning] [omni.usd] Coding Error: in SetEditTarget at line 3849 of /builds/omniverse/usd-ci/USD/pxr/usd/usd/stage.cpp -- Layer @metrics:UnitsAdjust-201427a421c881d0bdab3e34ae908232.metricsAssembler@ is not in the local LayerStack rooted at @anon:0x5cc990ae6b10:World1.usd@
[python-1] 
[python-1] 2026-09-17T11:07:42Z [27,378ms] [Warning] [omni.usd] Coding Error: in SetEditTarget at line 3849 of /builds/omniverse/usd-ci/USD/pxr/usd/usd/stage.cpp -- Layer @metrics:UnitsAdjust-201427a421c881d0bdab3e34ae908232.metricsAssembler@ is not in the local LayerStack rooted at @anon:0x5cc990ae6b10:World1.usd@
[python-1] 
[python-1] 2026-09-17T11:07:42Z [27,378ms] [Warning] [omni.usd] Coding Error: in SetEditTarget at line 3849 of /builds/omniverse/usd-ci/USD/pxr/usd/usd/stage.cpp -- Layer @metrics:UnitsAdjust-201427a421c881d0bdab3e34ae908232.metricsAssembler@ is not in the local LayerStack rooted at @anon:0x5cc990ae6b10:World1.usd@
[python-1] 
[python-1] 2026-09-17T11:07:42Z [27,378ms] [Warning] [omni.usd] Coding Error: in SetEditTarget at line 3849 of /builds/omniverse/usd-ci/USD/pxr/usd/usd/stage.cpp -- Layer @metrics:UnitsAdjust-201427a421c881d0bdab3e34ae908232.metricsAssembler@ is not in the local LayerStack rooted at @anon:0x5cc990ae6b10:World1.usd@
[python-1] 
[python-1] 2026-09-17T11:07:42Z [27,378ms] [Warning] [omni.usd] Coding Error: in SetEditTarget at line 3849 of /builds/omniverse/usd-ci/USD/pxr/usd/usd/stage.cpp -- Layer @metrics:UnitsAdjust-201427a421c881d0bdab3e34ae908232.metricsAssembler@ is not in the local LayerStack rooted at @anon:0x5cc990ae6b10:World1.usd@
[python-1] 
[python-1] 2026-09-17T11:07:42Z [27,378ms] [Warning] [omni.usd] Coding Error: in SetEditTarget at line 3849 of /builds/omniverse/usd-ci/USD/pxr/usd/usd/stage.cpp -- Layer @metrics:UnitsAdjust-201427a421c881d0bdab3e34ae908232.metricsAssembler@ is not in the local LayerStack rooted at @anon:0x5cc990ae6b10:World1.usd@
[python-1] 
[python-1] 2026-09-17T11:07:42Z [27,378ms] [Warning] [omni.usd] Coding Error: in SetEditTarget at line 3849 of /builds/omniverse/usd-ci/USD/pxr/usd/usd/stage.cpp -- Layer @metrics:UnitsAdjust-201427a421c881d0bdab3e34ae908232.metricsAssembler@ is not in the local LayerStack rooted at @anon:0x5cc990ae6b10:World1.usd@
[python-1] 
[python-1] 2026-09-17T11:07:42Z [27,378ms] [Warning] [omni.usd] Coding Error: in SetEditTarget at line 3849 of /builds/omniverse/usd-ci/USD/pxr/usd/usd/stage.cpp -- Layer @metrics:UnitsAdjust-201427a421c881d0bdab3e34ae908232.metricsAssembler@ is not in the local LayerStack rooted at @anon:0x5cc990ae6b10:World1.usd@
[python-1] 
[python-1] 2026-09-17T11:07:42Z [27,378ms] [Warning] [omni.usd] Coding Error: in SetEditTarget at line 3849 of /builds/omniverse/usd-ci/USD/pxr/usd/usd/stage.cpp -- Layer @metrics:UnitsAdjust-201427a421c881d0bdab3e34ae908232.metricsAssembler@ is not in the local LayerStack rooted at @anon:0x5cc990ae6b10:World1.usd@
[python-1] 
[python-1] 2026-09-17T11:07:42Z [27,378ms] [Warning] [omni.usd] Coding Error: in SetEditTarget at line 3849 of /builds/omniverse/usd-ci/USD/pxr/usd/usd/stage.cpp -- Layer @metrics:UnitsAdjust-201427a421c881d0bdab3e34ae908232.metricsAssembler@ is not in the local LayerStack rooted at @anon:0x5cc990ae6b10:World1.usd@
[python-1] 
[python-1] 2026-09-17T11:07:42Z [27,378ms] [Warning] [omni.usd] Coding Error: in SetEditTarget at line 3849 of /builds/omniverse/usd-ci/USD/pxr/usd/usd/stage.cpp -- Layer @metrics:UnitsAdjust-201427a421c881d0bdab3e34ae908232.metricsAssembler@ is not in the local LayerStack rooted at @anon:0x5cc990ae6b10:World1.usd@
[python-1] 
[python-1] 2026-09-17T11:07:42Z [27,378ms] [Warning] [omni.usd] Coding Error: in SetEditTarget at line 3849 of /builds/omniverse/usd-ci/USD/pxr/usd/usd/stage.cpp -- Layer @metrics:UnitsAdjust-201427a421c881d0bdab3e34ae908232.metricsAssembler@ is not in the local LayerStack rooted at @anon:0x5cc990ae6b10:World1.usd@
[python-1] 
[python-1] 2026-09-17T11:07:42Z [27,378ms] [Warning] [omni.usd] Coding Error: in SetEditTarget at line 3849 of /builds/omniverse/usd-ci/USD/pxr/usd/usd/stage.cpp -- Layer @metrics:UnitsAdjust-201427a421c881d0bdab3e34ae908232.metricsAssembler@ is not in the local LayerStack rooted at @anon:0x5cc990ae6b10:World1.usd@
[python-1] 
[python-1] 2026-09-17T11:07:42Z [27,378ms] [Warning] [omni.usd] Coding Error: in SetEditTarget at line 3849 of /builds/omniverse/usd-ci/USD/pxr/usd/usd/stage.cpp -- Layer @metrics:UnitsAdjust-201427a421c881d0bdab3e34ae908232.metricsAssembler@ is not in the local LayerStack rooted at @anon:0x5cc990ae6b10:World1.usd@
[python-1] 
[python-1] 2026-09-17T11:07:42Z [27,378ms] [Warning] [omni.usd] Coding Error: in SetEditTarget at line 3849 of /builds/omniverse/usd-ci/USD/pxr/usd/usd/stage.cpp -- Layer @metrics:UnitsAdjust-201427a421c881d0bdab3e34ae908232.metricsAssembler@ is not in the local LayerStack rooted at @anon:0x5cc990ae6b10:World1.usd@
[python-1] 
[python-1] 2026-09-17T11:07:42Z [27,378ms] [Warning] [omni.usd] Coding Error: in SetEditTarget at line 3849 of /builds/omniverse/usd-ci/USD/pxr/usd/usd/stage.cpp -- Layer @metrics:UnitsAdjust-201427a421c881d0bdab3e34ae908232.metricsAssembler@ is not in the local LayerStack rooted at @anon:0x5cc990ae6b10:World1.usd@
[python-1] 
[python-1] 2026-09-17T11:07:42Z [27,378ms] [Warning] [omni.usd] Coding Error: in SetEditTarget at line 3849 of /builds/omniverse/usd-ci/USD/pxr/usd/usd/stage.cpp -- Layer @metrics:UnitsAdjust-201427a421c881d0bdab3e34ae908232.metricsAssembler@ is not in the local LayerStack rooted at @anon:0x5cc990ae6b10:World1.usd@
[python-1] 
[python-1] 2026-09-17T11:07:42Z [27,378ms] [Warning] [omni.usd] Coding Error: in SetEditTarget at line 3849 of /builds/omniverse/usd-ci/USD/pxr/usd/usd/stage.cpp -- Layer @metrics:UnitsAdjust-201427a421c881d0bdab3e34ae908232.metricsAssembler@ is not in the local LayerStack rooted at @anon:0x5cc990ae6b10:World1.usd@
[python-1] 
[python-1] 2026-09-17T11:07:42Z [27,378ms] [Warning] [omni.usd] Coding Error: in SetEditTarget at line 3849 of /builds/omniverse/usd-ci/USD/pxr/usd/usd/stage.cpp -- Layer @metrics:UnitsAdjust-201427a421c881d0bdab3e34ae908232.metricsAssembler@ is not in the local LayerStack rooted at @anon:0x5cc990ae6b10:World1.usd@
[python-1] 
[python-1] 2026-09-17T11:07:42Z [27,378ms] [Warning] [omni.usd] Coding Error: in SetEditTarget at line 3849 of /builds/omniverse/usd-ci/USD/pxr/usd/usd/stage.cpp -- Layer @metrics:UnitsAdjust-201427a421c881d0bdab3e34ae908232.metricsAssembler@ is not in the local LayerStack rooted at @anon:0x5cc990ae6b10:World1.usd@
[python-1] 
[python-1] 2026-09-17T11:07:42Z [27,378ms] [Warning] [omni.usd] Coding Error: in SetEditTarget at line 3849 of /builds/omniverse/usd-ci/USD/pxr/usd/usd/stage.cpp -- Layer @metrics:UnitsAdjust-201427a421c881d0bdab3e34ae908232.metricsAssembler@ is not in the local LayerStack rooted at @anon:0x5cc990ae6b10:World1.usd@
[python-1] 
[python-1] 2026-09-17T11:07:42Z [27,378ms] [Warning] [omni.usd] Coding Error: in SetEditTarget at line 3849 of /builds/omniverse/usd-ci/USD/pxr/usd/usd/stage.cpp -- Layer @metrics:UnitsAdjust-201427a421c881d0bdab3e34ae908232.metricsAssembler@ is not in the local LayerStack rooted at @anon:0x5cc990ae6b10:World1.usd@
[python-1] 
[python-1] 2026-09-17T11:07:42Z [27,378ms] [Warning] [omni.usd] Coding Error: in SetEditTarget at line 3849 of /builds/omniverse/usd-ci/USD/pxr/usd/usd/stage.cpp -- Layer @metrics:UnitsAdjust-201427a421c881d0bdab3e34ae908232.metricsAssembler@ is not in the local LayerStack rooted at @anon:0x5cc990ae6b10:World1.usd@
[python-1] 
[python-1] 2026-09-17T11:07:42Z [27,378ms] [Warning] [omni.usd] Coding Error: in SetEditTarget at line 3849 of /builds/omniverse/usd-ci/USD/pxr/usd/usd/stage.cpp -- Layer @metrics:UnitsAdjust-201427a421c881d0bdab3e34ae908232.metricsAssembler@ is not in the local LayerStack rooted at @anon:0x5cc990ae6b10:World1.usd@
[python-1] 
[python-1] 2026-09-17T11:07:42Z [27,378ms] [Warning] [omni.usd] Coding Error: in SetEditTarget at line 3849 of /builds/omniverse/usd-ci/USD/pxr/usd/usd/stage.cpp -- Layer @metrics:UnitsAdjust-201427a421c881d0bdab3e34ae908232.metricsAssembler@ is not in the local LayerStack rooted at @anon:0x5cc990ae6b10:World1.usd@
[python-1] 
[python-1] 2026-09-17T11:07:42Z [27,378ms] [Warning] [omni.usd] Coding Error: in SetEditTarget at line 3849 of /builds/omniverse/usd-ci/USD/pxr/usd/usd/stage.cpp -- Layer @metrics:UnitsAdjust-201427a421c881d0bdab3e34ae908232.metricsAssembler@ is not in the local LayerStack rooted at @anon:0x5cc990ae6b10:World1.usd@
[python-1] 
[python-1] 2026-09-17T11:07:42Z [27,378ms] [Warning] [omni.usd] Coding Error: in SetEditTarget at line 3849 of /builds/omniverse/usd-ci/USD/pxr/usd/usd/stage.cpp -- Layer @metrics:UnitsAdjust-201427a421c881d0bdab3e34ae908232.metricsAssembler@ is not in the local LayerStack rooted at @anon:0x5cc990ae6b10:World1.usd@
[python-1] 
[python-1] 2026-09-17T11:07:42Z [27,378ms] [Warning] [omni.usd] Coding Error: in SetEditTarget at line 3849 of /builds/omniverse/usd-ci/USD/pxr/usd/usd/stage.cpp -- Layer @metrics:UnitsAdjust-201427a421c881d0bdab3e34ae908232.metricsAssembler@ is not in the local LayerStack rooted at @anon:0x5cc990ae6b10:World1.usd@
[python-1] 
[python-1] 2026-09-17T11:07:42Z [27,378ms] [Warning] [omni.usd] Coding Error: in SetEditTarget at line 3849 of /builds/omniverse/usd-ci/USD/pxr/usd/usd/stage.cpp -- Layer @metrics:UnitsAdjust-201427a421c881d0bdab3e34ae908232.metricsAssembler@ is not in the local LayerStack rooted at @anon:0x5cc990ae6b10:World1.usd@
[python-1] 
[python-1] 2026-09-17T11:07:42Z [27,378ms] [Warning] [omni.usd] Coding Error: in SetEditTarget at line 3849 of /builds/omniverse/usd-ci/USD/pxr/usd/usd/stage.cpp -- Layer @metrics:UnitsAdjust-201427a421c881d0bdab3e34ae908232.metricsAssembler@ is not in the local LayerStack rooted at @anon:0x5cc990ae6b10:World1.usd@
[python-1] 
[python-1] 2026-09-17T11:07:42Z [27,378ms] [Warning] [omni.usd] Coding Error: in SetEditTarget at line 3849 of /builds/omniverse/usd-ci/USD/pxr/usd/usd/stage.cpp -- Layer @metrics:UnitsAdjust-201427a421c881d0bdab3e34ae908232.metricsAssembler@ is not in the local LayerStack rooted at @anon:0x5cc990ae6b10:World1.usd@
[python-1] 
[python-1] 2026-09-17T11:07:42Z [27,378ms] [Warning] [omni.usd] Coding Error: in SetEditTarget at line 3849 of /builds/omniverse/usd-ci/USD/pxr/usd/usd/stage.cpp -- Layer @metrics:UnitsAdjust-201427a421c881d0bdab3e34ae908232.metricsAssembler@ is not in the local LayerStack rooted at @anon:0x5cc990ae6b10:World1.usd@
[python-1] 
[python-1] 2026-09-17T11:07:42Z [27,378ms] [Warning] [omni.usd] Coding Error: in SetEditTarget at line 3849 of /builds/omniverse/usd-ci/USD/pxr/usd/usd/stage.cpp -- Layer @metrics:UnitsAdjust-201427a421c881d0bdab3e34ae908232.metricsAssembler@ is not in the local LayerStack rooted at @anon:0x5cc990ae6b10:World1.usd@
[python-1] 
[python-1] 2026-09-17T11:07:42Z [27,378ms] [Warning] [omni.usd] Coding Error: in SetEditTarget at line 3849 of /builds/omniverse/usd-ci/USD/pxr/usd/usd/stage.cpp -- Layer @metrics:UnitsAdjust-201427a421c881d0bdab3e34ae908232.metricsAssembler@ is not in the local LayerStack rooted at @anon:0x5cc990ae6b10:World1.usd@
[python-1] 
[python-1] 2026-09-17T11:07:42Z [27,378ms] [Warning] [omni.usd] Coding Error: in SetEditTarget at line 3849 of /builds/omniverse/usd-ci/USD/pxr/usd/usd/stage.cpp -- Layer @metrics:UnitsAdjust-201427a421c881d0bdab3e34ae908232.metricsAssembler@ is not in the local LayerStack rooted at @anon:0x5cc990ae6b10:World1.usd@
[python-1] 
[python-1] 2026-09-17T11:07:42Z [27,378ms] [Warning] [omni.usd] Coding Error: in SetEditTarget at line 3849 of /builds/omniverse/usd-ci/USD/pxr/usd/usd/stage.cpp -- Layer @metrics:UnitsAdjust-201427a421c881d0bdab3e34ae908232.metricsAssembler@ is not in the local LayerStack rooted at @anon:0x5cc990ae6b10:World1.usd@
[python-1] 
[python-1] 2026-09-17T11:07:42Z [27,378ms] [Warning] [omni.usd] Coding Error: in SetEditTarget at line 3849 of /builds/omniverse/usd-ci/USD/pxr/usd/usd/stage.cpp -- Layer @metrics:UnitsAdjust-201427a421c881d0bdab3e34ae908232.metricsAssembler@ is not in the local LayerStack rooted at @anon:0x5cc990ae6b10:World1.usd@
[python-1] 
[python-1] 2026-09-17T11:07:42Z [27,378ms] [Warning] [omni.usd] Coding Error: in SetEditTarget at line 3849 of /builds/omniverse/usd-ci/USD/pxr/usd/usd/stage.cpp -- Layer @metrics:UnitsAdjust-201427a421c881d0bdab3e34ae908232.metricsAssembler@ is not in the local LayerStack rooted at @anon:0x5cc990ae6b10:World1.usd@
[python-1] 
[python-1] 2026-09-17T11:07:42Z [27,378ms] [Warning] [omni.usd] Coding Error: in SetEditTarget at line 3849 of /builds/omniverse/usd-ci/USD/pxr/usd/usd/stage.cpp -- Layer @metrics:UnitsAdjust-201427a421c881d0bdab3e34ae908232.metricsAssembler@ is not in the local LayerStack rooted at @anon:0x5cc990ae6b10:World1.usd@
[python-1] 
[python-1] 2026-09-17T11:07:42Z [27,378ms] [Warning] [omni.usd] Coding Error: in SetEditTarget at line 3849 of /builds/omniverse/usd-ci/USD/pxr/usd/usd/stage.cpp -- Layer @metrics:UnitsAdjust-201427a421c881d0bdab3e34ae908232.metricsAssembler@ is not in the local LayerStack rooted at @anon:0x5cc990ae6b10:World1.usd@
[python-1] 
[python-1] 2026-09-17T11:07:42Z [27,378ms] [Warning] [omni.usd] Coding Error: in SetEditTarget at line 3849 of /builds/omniverse/usd-ci/USD/pxr/usd/usd/stage.cpp -- Layer @metrics:UnitsAdjust-201427a421c881d0bdab3e34ae908232.metricsAssembler@ is not in the local LayerStack rooted at @anon:0x5cc990ae6b10:World1.usd@
[python-1] 
[python-1] 2026-09-17T11:07:42Z [27,379ms] [Warning] [omni.usd] Coding Error: in SetEditTarget at line 3849 of /builds/omniverse/usd-ci/USD/pxr/usd/usd/stage.cpp -- Layer @metrics:UnitsAdjust-201427a421c881d0bdab3e34ae908232.metricsAssembler@ is not in the local LayerStack rooted at @anon:0x5cc990ae6b10:World1.usd@
[python-1] 
[python-1] 2026-09-17T11:07:42Z [27,379ms] [Warning] [omni.usd] Coding Error: in SetEditTarget at line 3849 of /builds/omniverse/usd-ci/USD/pxr/usd/usd/stage.cpp -- Layer @metrics:UnitsAdjust-201427a421c881d0bdab3e34ae908232.metricsAssembler@ is not in the local LayerStack rooted at @anon:0x5cc990ae6b10:World1.usd@
[python-1] 
[python-1] 2026-09-17T11:07:42Z [27,379ms] [Warning] [omni.usd] Coding Error: in SetEditTarget at line 3849 of /builds/omniverse/usd-ci/USD/pxr/usd/usd/stage.cpp -- Layer @metrics:UnitsAdjust-201427a421c881d0bdab3e34ae908232.metricsAssembler@ is not in the local LayerStack rooted at @anon:0x5cc990ae6b10:World1.usd@
[python-1] 
[python-1] 2026-09-17T11:07:42Z [27,379ms] [Warning] [omni.usd] Coding Error: in SetEditTarget at line 3849 of /builds/omniverse/usd-ci/USD/pxr/usd/usd/stage.cpp -- Layer @metrics:UnitsAdjust-201427a421c881d0bdab3e34ae908232.metricsAssembler@ is not in the local LayerStack rooted at @anon:0x5cc990ae6b10:World1.usd@
[python-1] 
[python-1] 2026-09-17T11:07:42Z [27,379ms] [Warning] [omni.usd] Coding Error: in SetEditTarget at line 3849 of /builds/omniverse/usd-ci/USD/pxr/usd/usd/stage.cpp -- Layer @metrics:UnitsAdjust-201427a421c881d0bdab3e34ae908232.metricsAssembler@ is not in the local LayerStack rooted at @anon:0x5cc990ae6b10:World1.usd@
[python-1] 
[python-1] 2026-09-17T11:07:42Z [27,379ms] [Warning] [omni.usd] Coding Error: in SetEditTarget at line 3849 of /builds/omniverse/usd-ci/USD/pxr/usd/usd/stage.cpp -- Layer @metrics:UnitsAdjust-201427a421c881d0bdab3e34ae908232.metricsAssembler@ is not in the local LayerStack rooted at @anon:0x5cc990ae6b10:World1.usd@
[python-1] 
[python-1] 2026-09-17T11:07:42Z [27,379ms] [Warning] [omni.usd] Coding Error: in SetEditTarget at line 3849 of /builds/omniverse/usd-ci/USD/pxr/usd/usd/stage.cpp -- Layer @metrics:UnitsAdjust-201427a421c881d0bdab3e34ae908232.metricsAssembler@ is not in the local LayerStack rooted at @anon:0x5cc990ae6b10:World1.usd@
[python-1] 
[python-1] 2026-09-17T11:07:42Z [27,379ms] [Warning] [omni.usd] Coding Error: in SetEditTarget at line 3849 of /builds/omniverse/usd-ci/USD/pxr/usd/usd/stage.cpp -- Layer @metrics:UnitsAdjust-201427a421c881d0bdab3e34ae908232.metricsAssembler@ is not in the local LayerStack rooted at @anon:0x5cc990ae6b10:World1.usd@
[python-1] 
[python-1] 2026-09-17T11:07:42Z [27,379ms] [Warning] [omni.usd] Coding Error: in SetEditTarget at line 3849 of /builds/omniverse/usd-ci/USD/pxr/usd/usd/stage.cpp -- Layer @metrics:UnitsAdjust-201427a421c881d0bdab3e34ae908232.metricsAssembler@ is not in the local LayerStack rooted at @anon:0x5cc990ae6b10:World1.usd@
[python-1] 
[python-1] 2026-09-17T11:07:42Z [27,379ms] [Warning] [omni.usd] Coding Error: in SetEditTarget at line 3849 of /builds/omniverse/usd-ci/USD/pxr/usd/usd/stage.cpp -- Layer @metrics:UnitsAdjust-201427a421c881d0bdab3e34ae908232.metricsAssembler@ is not in the local LayerStack rooted at @anon:0x5cc990ae6b10:World1.usd@
[python-1] 
[python-1] 2026-09-17T11:07:42Z [27,379ms] [Warning] [omni.usd] Coding Error: in SetEditTarget at line 3849 of /builds/omniverse/usd-ci/USD/pxr/usd/usd/stage.cpp -- Layer @metrics:UnitsAdjust-201427a421c881d0bdab3e34ae908232.metricsAssembler@ is not in the local LayerStack rooted at @anon:0x5cc990ae6b10:World1.usd@
[python-1] 
[python-1] 2026-09-17T11:07:42Z [27,379ms] [Warning] [omni.usd] Coding Error: in SetEditTarget at line 3849 of /builds/omniverse/usd-ci/USD/pxr/usd/usd/stage.cpp -- Layer @metrics:UnitsAdjust-201427a421c881d0bdab3e34ae908232.metricsAssembler@ is not in the local LayerStack rooted at @anon:0x5cc990ae6b10:World1.usd@
[python-1] 
[python-1] 2026-09-17T11:07:42Z [27,379ms] [Warning] [omni.usd] Coding Error: in SetEditTarget at line 3849 of /builds/omniverse/usd-ci/USD/pxr/usd/usd/stage.cpp -- Layer @metrics:UnitsAdjust-201427a421c881d0bdab3e34ae908232.metricsAssembler@ is not in the local LayerStack rooted at @anon:0x5cc990ae6b10:World1.usd@
[python-1] 
[python-1] 2026-09-17T11:07:42Z [27,379ms] [Warning] [omni.usd] Coding Error: in SetEditTarget at line 3849 of /builds/omniverse/usd-ci/USD/pxr/usd/usd/stage.cpp -- Layer @metrics:UnitsAdjust-201427a421c881d0bdab3e34ae908232.metricsAssembler@ is not in the local LayerStack rooted at @anon:0x5cc990ae6b10:World1.usd@
[python-1] 
[python-1] 2026-09-17T11:07:42Z [27,379ms] [Warning] [omni.usd] Coding Error: in SetEditTarget at line 3849 of /builds/omniverse/usd-ci/USD/pxr/usd/usd/stage.cpp -- Layer @metrics:UnitsAdjust-201427a421c881d0bdab3e34ae908232.metricsAssembler@ is not in the local LayerStack rooted at @anon:0x5cc990ae6b10:World1.usd@
[python-1] 
[python-1] 2026-09-17T11:07:42Z [27,379ms] [Warning] [omni.usd] Coding Error: in SetEditTarget at line 3849 of /builds/omniverse/usd-ci/USD/pxr/usd/usd/stage.cpp -- Layer @metrics:UnitsAdjust-201427a421c881d0bdab3e34ae908232.metricsAssembler@ is not in the local LayerStack rooted at @anon:0x5cc990ae6b10:World1.usd@
[python-1] 
[python-1] 2026-09-17T11:07:42Z [27,379ms] [Warning] [omni.usd] Coding Error: in SetEditTarget at line 3849 of /builds/omniverse/usd-ci/USD/pxr/usd/usd/stage.cpp -- Layer @metrics:UnitsAdjust-201427a421c881d0bdab3e34ae908232.metricsAssembler@ is not in the local LayerStack rooted at @anon:0x5cc990ae6b10:World1.usd@
[python-1] 
[python-1] 2026-09-17T11:07:42Z [27,379ms] [Warning] [omni.usd] Coding Error: in SetEditTarget at line 3849 of /builds/omniverse/usd-ci/USD/pxr/usd/usd/stage.cpp -- Layer @metrics:UnitsAdjust-201427a421c881d0bdab3e34ae908232.metricsAssembler@ is not in the local LayerStack rooted at @anon:0x5cc990ae6b10:World1.usd@
[python-1] 
[python-1] 2026-09-17T11:07:42Z [27,379ms] [Warning] [omni.usd] Coding Error: in SetEditTarget at line 3849 of /builds/omniverse/usd-ci/USD/pxr/usd/usd/stage.cpp -- Layer @metrics:UnitsAdjust-201427a421c881d0bdab3e34ae908232.metricsAssembler@ is not in the local LayerStack rooted at @anon:0x5cc990ae6b10:World1.usd@
[python-1] 
[python-1] 2026-09-17T11:07:42Z [27,379ms] [Warning] [omni.usd] Coding Error: in SetEditTarget at line 3849 of /builds/omniverse/usd-ci/USD/pxr/usd/usd/stage.cpp -- Layer @metrics:UnitsAdjust-201427a421c881d0bdab3e34ae908232.metricsAssembler@ is not in the local LayerStack rooted at @anon:0x5cc990ae6b10:World1.usd@
[python-1] 
[python-1] 2026-09-17T11:07:42Z [27,379ms] [Warning] [omni.usd] Coding Error: in SetEditTarget at line 3849 of /builds/omniverse/usd-ci/USD/pxr/usd/usd/stage.cpp -- Layer @metrics:UnitsAdjust-201427a421c881d0bdab3e34ae908232.metricsAssembler@ is not in the local LayerStack rooted at @anon:0x5cc990ae6b10:World1.usd@
[python-1] 
[python-1] 2026-09-17T11:07:42Z [27,379ms] [Warning] [omni.usd] Coding Error: in SetEditTarget at line 3849 of /builds/omniverse/usd-ci/USD/pxr/usd/usd/stage.cpp -- Layer @metrics:UnitsAdjust-201427a421c881d0bdab3e34ae908232.metricsAssembler@ is not in the local LayerStack rooted at @anon:0x5cc990ae6b10:World1.usd@
[python-1] 
[python-1] 2026-09-17T11:07:42Z [27,379ms] [Warning] [omni.usd] Coding Error: in SetEditTarget at line 3849 of /builds/omniverse/usd-ci/USD/pxr/usd/usd/stage.cpp -- Layer @metrics:UnitsAdjust-201427a421c881d0bdab3e34ae908232.metricsAssembler@ is not in the local LayerStack rooted at @anon:0x5cc990ae6b10:World1.usd@
[python-1] 
[python-1] 2026-09-17T11:07:42Z [27,379ms] [Warning] [omni.usd] Coding Error: in SetEditTarget at line 3849 of /builds/omniverse/usd-ci/USD/pxr/usd/usd/stage.cpp -- Layer @metrics:UnitsAdjust-201427a421c881d0bdab3e34ae908232.metricsAssembler@ is not in the local LayerStack rooted at @anon:0x5cc990ae6b10:World1.usd@
[python-1] 
[python-1] 2026-09-17T11:07:42Z [27,379ms] [Warning] [omni.usd] Coding Error: in SetEditTarget at line 3849 of /builds/omniverse/usd-ci/USD/pxr/usd/usd/stage.cpp -- Layer @metrics:UnitsAdjust-201427a421c881d0bdab3e34ae908232.metricsAssembler@ is not in the local LayerStack rooted at @anon:0x5cc990ae6b10:World1.usd@
[python-1] 
[python-1] 2026-09-17T11:07:42Z [27,379ms] [Warning] [omni.usd] Coding Error: in SetEditTarget at line 3849 of /builds/omniverse/usd-ci/USD/pxr/usd/usd/stage.cpp -- Layer @metrics:UnitsAdjust-201427a421c881d0bdab3e34ae908232.metricsAssembler@ is not in the local LayerStack rooted at @anon:0x5cc990ae6b10:World1.usd@
[python-1] 
[python-1] 2026-09-17T11:07:42Z [27,379ms] [Warning] [omni.usd] Coding Error: in SetEditTarget at line 3849 of /builds/omniverse/usd-ci/USD/pxr/usd/usd/stage.cpp -- Layer @metrics:UnitsAdjust-201427a421c881d0bdab3e34ae908232.metricsAssembler@ is not in the local LayerStack rooted at @anon:0x5cc990ae6b10:World1.usd@
[python-1] 
[python-1] 2026-09-17T11:07:42Z [27,379ms] [Warning] [omni.usd] Coding Error: in SetEditTarget at line 3849 of /builds/omniverse/usd-ci/USD/pxr/usd/usd/stage.cpp -- Layer @metrics:UnitsAdjust-201427a421c881d0bdab3e34ae908232.metricsAssembler@ is not in the local LayerStack rooted at @anon:0x5cc990ae6b10:World1.usd@
[python-1] 
[python-1] 2026-09-17T11:07:42Z [27,379ms] [Warning] [omni.usd] Coding Error: in SetEditTarget at line 3849 of /builds/omniverse/usd-ci/USD/pxr/usd/usd/stage.cpp -- Layer @metrics:UnitsAdjust-201427a421c881d0bdab3e34ae908232.metricsAssembler@ is not in the local LayerStack rooted at @anon:0x5cc990ae6b10:World1.usd@
[python-1] 
[python-1] 2026-09-17T11:07:42Z [27,379ms] [Warning] [omni.usd] Coding Error: in SetEditTarget at line 3849 of /builds/omniverse/usd-ci/USD/pxr/usd/usd/stage.cpp -- Layer @metrics:UnitsAdjust-201427a421c881d0bdab3e34ae908232.metricsAssembler@ is not in the local LayerStack rooted at @anon:0x5cc990ae6b10:World1.usd@
[python-1] 
[python-1] 2026-09-17T11:07:42Z [27,379ms] [Warning] [omni.usd] Coding Error: in SetEditTarget at line 3849 of /builds/omniverse/usd-ci/USD/pxr/usd/usd/stage.cpp -- Layer @metrics:UnitsAdjust-201427a421c881d0bdab3e34ae908232.metricsAssembler@ is not in the local LayerStack rooted at @anon:0x5cc990ae6b10:World1.usd@
[python-1] 
[python-1] 2026-09-17T11:07:42Z [27,379ms] [Warning] [omni.usd] Coding Error: in SetEditTarget at line 3849 of /builds/omniverse/usd-ci/USD/pxr/usd/usd/stage.cpp -- Layer @metrics:UnitsAdjust-201427a421c881d0bdab3e34ae908232.metricsAssembler@ is not in the local LayerStack rooted at @anon:0x5cc990ae6b10:World1.usd@
[python-1] 
[python-1] 2026-09-17T11:07:42Z [27,379ms] [Warning] [omni.usd] Coding Error: in SetEditTarget at line 3849 of /builds/omniverse/usd-ci/USD/pxr/usd/usd/stage.cpp -- Layer @metrics:UnitsAdjust-201427a421c881d0bdab3e34ae908232.metricsAssembler@ is not in the local LayerStack rooted at @anon:0x5cc990ae6b10:World1.usd@
[python-1] 
[python-1] 2026-09-17T11:07:42Z [27,379ms] [Warning] [omni.usd] Coding Error: in SetEditTarget at line 3849 of /builds/omniverse/usd-ci/USD/pxr/usd/usd/stage.cpp -- Layer @metrics:UnitsAdjust-201427a421c881d0bdab3e34ae908232.metricsAssembler@ is not in the local LayerStack rooted at @anon:0x5cc990ae6b10:World1.usd@
[python-1] 
[python-1] 2026-09-17T11:07:42Z [27,379ms] [Warning] [omni.usd] Coding Error: in SetEditTarget at line 3849 of /builds/omniverse/usd-ci/USD/pxr/usd/usd/stage.cpp -- Layer @metrics:UnitsAdjust-201427a421c881d0bdab3e34ae908232.metricsAssembler@ is not in the local LayerStack rooted at @anon:0x5cc990ae6b10:World1.usd@
[python-1] 
[python-1] 2026-09-17T11:07:42Z [27,379ms] [Warning] [omni.usd] Coding Error: in SetEditTarget at line 3849 of /builds/omniverse/usd-ci/USD/pxr/usd/usd/stage.cpp -- Layer @metrics:UnitsAdjust-201427a421c881d0bdab3e34ae908232.metricsAssembler@ is not in the local LayerStack rooted at @anon:0x5cc990ae6b10:World1.usd@
[python-1] 
[python-1] 2026-09-17T11:07:42Z [27,379ms] [Warning] [omni.usd] Coding Error: in SetEditTarget at line 3849 of /builds/omniverse/usd-ci/USD/pxr/usd/usd/stage.cpp -- Layer @metrics:UnitsAdjust-201427a421c881d0bdab3e34ae908232.metricsAssembler@ is not in the local LayerStack rooted at @anon:0x5cc990ae6b10:World1.usd@
[python-1] 
[python-1] 2026-09-17T11:07:42Z [27,379ms] [Warning] [omni.usd] Coding Error: in SetEditTarget at line 3849 of /builds/omniverse/usd-ci/USD/pxr/usd/usd/stage.cpp -- Layer @metrics:UnitsAdjust-201427a421c881d0bdab3e34ae908232.metricsAssembler@ is not in the local LayerStack rooted at @anon:0x5cc990ae6b10:World1.usd@
[python-1] 
[python-1] 2026-09-17T11:07:42Z [27,379ms] [Warning] [omni.usd] Coding Error: in SetEditTarget at line 3849 of /builds/omniverse/usd-ci/USD/pxr/usd/usd/stage.cpp -- Layer @metrics:UnitsAdjust-201427a421c881d0bdab3e34ae908232.metricsAssembler@ is not in the local LayerStack rooted at @anon:0x5cc990ae6b10:World1.usd@
[python-1] 
[python-1] 2026-09-17T11:07:42Z [27,379ms] [Warning] [omni.usd] Coding Error: in SetEditTarget at line 3849 of /builds/omniverse/usd-ci/USD/pxr/usd/usd/stage.cpp -- Layer @metrics:UnitsAdjust-201427a421c881d0bdab3e34ae908232.metricsAssembler@ is not in the local LayerStack rooted at @anon:0x5cc990ae6b10:World1.usd@
[python-1] 
[python-1] 2026-09-17T11:07:42Z [27,379ms] [Warning] [omni.usd] Coding Error: in SetEditTarget at line 3849 of /builds/omniverse/usd-ci/USD/pxr/usd/usd/stage.cpp -- Layer @metrics:UnitsAdjust-201427a421c881d0bdab3e34ae908232.metricsAssembler@ is not in the local LayerStack rooted at @anon:0x5cc990ae6b10:World1.usd@
[python-1] 
[controller_server-8] [INFO] [1789643263.263678830] [local_costmap.local_costmap]: Timed out waiting for transform from base_link to odom to become available, tf error: Invalid frame ID "odom" passed to canTransform argument target_frame - frame does not exist
[controller_server-8] [INFO] [1789643263.763739372] [local_costmap.local_costmap]: Timed out waiting for transform from base_link to odom to become available, tf error: Invalid frame ID "odom" passed to canTransform argument target_frame - frame does not exist
[python-1] 2026-09-17T11:07:42Z [27,379ms] [Warning] [omni.usd] Coding Error: in SetEditTarget at line 3849 of /builds/omniverse/usd-ci/USD/pxr/usd/usd/stage.cpp -- Layer @metrics:UnitsAdjust-201427a421c881d0bdab3e34ae908232.metricsAssembler@ is not in the local LayerStack rooted at @anon:0x5cc990ae6b10:World1.usd@
[python-1] 
[python-1] 2026-09-17T11:07:42Z [27,379ms] [Warning] [omni.usd] Coding Error: in SetEditTarget at line 3849 of /builds/omniverse/usd-ci/USD/pxr/usd/usd/stage.cpp -- Layer @metrics:UnitsAdjust-201427a421c881d0bdab3e34ae908232.metricsAssembler@ is not in the local LayerStack rooted at @anon:0x5cc990ae6b10:World1.usd@
[python-1] 
[python-1] 2026-09-17T11:07:42Z [27,379ms] [Warning] [omni.usd] Coding Error: in SetEditTarget at line 3849 of /builds/omniverse/usd-ci/USD/pxr/usd/usd/stage.cpp -- Layer @metrics:UnitsAdjust-201427a421c881d0bdab3e34ae908232.metricsAssembler@ is not in the local LayerStack rooted at @anon:0x5cc990ae6b10:World1.usd@
[python-1] 
[python-1] 2026-09-17T11:07:42Z [27,379ms] [Warning] [omni.usd] Coding Error: in SetEditTarget at line 3849 of /builds/omniverse/usd-ci/USD/pxr/usd/usd/stage.cpp -- Layer @metrics:UnitsAdjust-201427a421c881d0bdab3e34ae908232.metricsAssembler@ is not in the local LayerStack rooted at @anon:0x5cc990ae6b10:World1.usd@
[python-1] 
[python-1] 2026-09-17T11:07:42Z [27,379ms] [Warning] [omni.usd] Coding Error: in SetEditTarget at line 3849 of /builds/omniverse/usd-ci/USD/pxr/usd/usd/stage.cpp -- Layer @metrics:UnitsAdjust-201427a421c881d0bdab3e34ae908232.metricsAssembler@ is not in the local LayerStack rooted at @anon:0x5cc990ae6b10:World1.usd@
[python-1] 
[python-1] 2026-09-17T11:07:42Z [27,379ms] [Warning] [omni.usd] Coding Error: in SetEditTarget at line 3849 of /builds/omniverse/usd-ci/USD/pxr/usd/usd/stage.cpp -- Layer @metrics:UnitsAdjust-201427a421c881d0bdab3e34ae908232.metricsAssembler@ is not in the local LayerStack rooted at @anon:0x5cc990ae6b10:World1.usd@
[python-1] 
[python-1] 2026-09-17T11:07:42Z [27,379ms] [Warning] [omni.usd] Coding Error: in SetEditTarget at line 3849 of /builds/omniverse/usd-ci/USD/pxr/usd/usd/stage.cpp -- Layer @metrics:UnitsAdjust-201427a421c881d0bdab3e34ae908232.metricsAssembler@ is not in the local LayerStack rooted at @anon:0x5cc990ae6b10:World1.usd@
[python-1] 
[python-1] 2026-09-17T11:07:42Z [27,379ms] [Warning] [omni.usd] Coding Error: in SetEditTarget at line 3849 of /builds/omniverse/usd-ci/USD/pxr/usd/usd/stage.cpp -- Layer @metrics:UnitsAdjust-201427a421c881d0bdab3e34ae908232.metricsAssembler@ is not in the local LayerStack rooted at @anon:0x5cc990ae6b10:World1.usd@
[python-1] 
[python-1] 2026-09-17T11:07:42Z [27,380ms] [Warning] [omni.usd] Coding Error: in SetEditTarget at line 3849 of /builds/omniverse/usd-ci/USD/pxr/usd/usd/stage.cpp -- Layer @metrics:UnitsAdjust-201427a421c881d0bdab3e34ae908232.metricsAssembler@ is not in the local LayerStack rooted at @anon:0x5cc990ae6b10:World1.usd@
[python-1] 
[python-1] 2026-09-17T11:07:42Z [27,380ms] [Warning] [omni.usd] Coding Error: in SetEditTarget at line 3849 of /builds/omniverse/usd-ci/USD/pxr/usd/usd/stage.cpp -- Layer @metrics:UnitsAdjust-201427a421c881d0bdab3e34ae908232.metricsAssembler@ is not in the local LayerStack rooted at @anon:0x5cc990ae6b10:World1.usd@
[python-1] 
[python-1] 2026-09-17T11:07:42Z [27,380ms] [Warning] [omni.usd] Coding Error: in SetEditTarget at line 3849 of /builds/omniverse/usd-ci/USD/pxr/usd/usd/stage.cpp -- Layer @metrics:UnitsAdjust-201427a421c881d0bdab3e34ae908232.metricsAssembler@ is not in the local LayerStack rooted at @anon:0x5cc990ae6b10:World1.usd@
[python-1] 
[python-1] 2026-09-17T11:07:42Z [27,380ms] [Warning] [omni.usd] Coding Error: in SetEditTarget at line 3849 of /builds/omniverse/usd-ci/USD/pxr/usd/usd/stage.cpp -- Layer @metrics:UnitsAdjust-201427a421c881d0bdab3e34ae908232.metricsAssembler@ is not in the local LayerStack rooted at @anon:0x5cc990ae6b10:World1.usd@
[python-1] 
[python-1] 2026-09-17T11:07:42Z [27,380ms] [Warning] [omni.usd] Coding Error: in SetEditTarget at line 3849 of /builds/omniverse/usd-ci/USD/pxr/usd/usd/stage.cpp -- Layer @metrics:UnitsAdjust-201427a421c881d0bdab3e34ae908232.metricsAssembler@ is not in the local LayerStack rooted at @anon:0x5cc990ae6b10:World1.usd@
[python-1] 
[python-1] 2026-09-17T11:07:44Z [28,713ms] [Warning] [omni.fabric.plugin] Warning: attribute evaluatedTranslations not found for bucket id 302
[python-1] 
[controller_server-8] [INFO] [1789643264.263665051] [local_costmap.local_costmap]: Timed out waiting for transform from base_link to odom to become available, tf error: Invalid frame ID "odom" passed to canTransform argument target_frame - frame does not exist
[controller_server-8] [INFO] [1789643264.763681569] [local_costmap.local_costmap]: Timed out waiting for transform from base_link to odom to become available, tf error: Invalid frame ID "odom" passed to canTransform argument target_frame - frame does not exist
[controller_server-8] [INFO] [1789643265.263682041] [local_costmap.local_costmap]: Timed out waiting for transform from base_link to odom to become available, tf error: Invalid frame ID "odom" passed to canTransform argument target_frame - frame does not exist
[controller_server-8] [INFO] [1789643265.763680221] [local_costmap.local_costmap]: Timed out waiting for transform from base_link to odom to become available, tf error: Invalid frame ID "odom" passed to canTransform argument target_frame - frame does not exist
[controller_server-8] [INFO] [1789643266.263655975] [local_costmap.local_costmap]: Timed out waiting for transform from base_link to odom to become available, tf error: Invalid frame ID "odom" passed to canTransform argument target_frame - frame does not exist
[controller_server-8] [INFO] [1789643266.763676759] [local_costmap.local_costmap]: Timed out waiting for transform from base_link to odom to become available, tf error: Invalid frame ID "odom" passed to canTransform argument target_frame - frame does not exist
[controller_server-8] [INFO] [1789643267.263650028] [local_costmap.local_costmap]: Timed out waiting for transform from base_link to odom to become available, tf error: Invalid frame ID "odom" passed to canTransform argument target_frame - frame does not exist
[controller_server-8] [INFO] [1789643267.763661380] [local_costmap.local_costmap]: Timed out waiting for transform from base_link to odom to become available, tf error: Invalid frame ID "odom" passed to canTransform argument target_frame - frame does not exist
[controller_server-8] [INFO] [1789643268.263651048] [local_costmap.local_costmap]: Timed out waiting for transform from base_link to odom to become available, tf error: Invalid frame ID "odom" passed to canTransform argument target_frame - frame does not exist
[controller_server-8] [INFO] [1789643268.763661067] [local_costmap.local_costmap]: Timed out waiting for transform from base_link to odom to become available, tf error: Invalid frame ID "odom" passed to canTransform argument target_frame - frame does not exist
[python-1] 2026-09-17T11:07:48Z [33,288ms] [Warning] [isaacsim.asset.importer.urdf] Creating Asset in an in-memory stage, will not create layered structure
[python-1] 2026-09-17T11:07:48Z [33,359ms] [Warning] [isaacsim.asset.importer.urdf] No mass specified for link base_link
[python-1] 2026-09-17T11:07:48Z [33,360ms] [Warning] [omni.usd] Warning: in _ReportErrors at line 3172 of /builds/omniverse/usd-ci/USD/pxr/usd/usd/stage.cpp -- In </jackal/base_link/visuals>: Unresolved reference prim path @anon:0x5cc990ae6b10:World1.usd@</visuals/base_link> introduced by @anon:0x5cc990ae6b10:World1.usd@</jackal/base_link/visuals> (recomposing stage on stage @anon:0x5cc990ae6b10:World1.usd@ <0x5cc992849270>)
[python-1] 
[python-1] 2026-09-17T11:07:48Z [33,360ms] [Warning] [omni.usd] Warning: in _ReportErrors at line 3172 of /builds/omniverse/usd-ci/USD/pxr/usd/usd/stage.cpp -- In </jackal/base_link/visuals>: Unresolved reference prim path @anon:0x5cc990ae6b10:World1.usd@</visuals/base_link> introduced by @anon:0x5cc990ae6b10:World1.usd@</jackal/base_link/visuals> (recomposing stage on stage @anon:0x5cc990ae6b10:World1.usd@ <0x5cc992849270>)
[python-1] 
[python-1] 2026-09-17T11:07:48Z [33,360ms] [Warning] [omni.usd] Warning: in _ReportErrors at line 3172 of /builds/omniverse/usd-ci/USD/pxr/usd/usd/stage.cpp -- In </jackal/base_link/visuals>: Unresolved reference prim path @anon:0x5cc990ae6b10:World1.usd@</visuals/base_link> introduced by @anon:0x5cc990ae6b10:World1.usd@</jackal/base_link/visuals> (recomposing stage on stage @anon:0x5cc990ae6b10:World1.usd@ <0x5cc992849270>)
[python-1] 
[python-1] 2026-09-17T11:07:48Z [33,360ms] [Warning] [omni.usd] Warning: in _ReportErrors at line 3172 of /builds/omniverse/usd-ci/USD/pxr/usd/usd/stage.cpp -- In </jackal/base_link/visuals>: Unresolved reference prim path @anon:0x5cc990ae6b10:World1.usd@</visuals/base_link> introduced by @anon:0x5cc990ae6b10:World1.usd@</jackal/base_link/visuals> (recomposing stage on stage @anon:0x5cc990ae6b10:World1.usd@ <0x5cc992849270>)
[python-1] 
[python-1] 2026-09-17T11:07:48Z [33,360ms] [Warning] [omni.usd] Warning: in _ReportErrors at line 3172 of /builds/omniverse/usd-ci/USD/pxr/usd/usd/stage.cpp -- In </jackal/base_link/visuals>: Unresolved reference prim path @anon:0x5cc990ae6b10:World1.usd@</visuals/base_link> introduced by @anon:0x5cc990ae6b10:World1.usd@</jackal/base_link/visuals> (recomposing stage on stage @anon:0x5cc990ae6b10:World1.usd@ <0x5cc992849270>)
[python-1] 
[python-1] 2026-09-17T11:07:48Z [33,360ms] [Warning] [omni.usd] Warning: in _ReportErrors at line 3172 of /builds/omniverse/usd-ci/USD/pxr/usd/usd/stage.cpp -- In </jackal/base_link/visuals>: Unresolved reference prim path @anon:0x5cc990ae6b10:World1.usd@</visuals/base_link> introduced by @anon:0x5cc990ae6b10:World1.usd@</jackal/base_link/visuals> (recomposing stage on stage @anon:0x5cc990ae6b10:World1.usd@ <0x5cc992849270>)
[python-1] 
[python-1] 2026-09-17T11:07:48Z [33,362ms] [Warning] [isaacsim.asset.importer.urdf] Link base_link has no colliders, and no inertia was imported; assigning a small isotropic inertia matrix
[python-1] 2026-09-17T11:07:48Z [33,417ms] [Warning] [isaacsim.asset.importer.urdf] No mass specified for link front_fender_link
[python-1] 2026-09-17T11:07:48Z [33,439ms] [Warning] [isaacsim.asset.importer.urdf] Link front_fender_link has no colliders, and no inertia was imported; assigning a small isotropic inertia matrix
[python-1] 2026-09-17T11:07:49Z [33,542ms] [Warning] [isaacsim.asset.importer.urdf] No mass specified for link imu_link
[python-1] 2026-09-17T11:07:49Z [33,543ms] [Warning] [omni.usd] Warning: in _ReportErrors at line 3172 of /builds/omniverse/usd-ci/USD/pxr/usd/usd/stage.cpp -- In </jackal/imu_link/visuals>: Unresolved reference prim path @anon:0x5cc990ae6b10:World1.usd@</visuals/imu_link> introduced by @anon:0x5cc990ae6b10:World1.usd@</jackal/imu_link/visuals> (recomposing stage on stage @anon:0x5cc990ae6b10:World1.usd@ <0x5cc992849270>)
[python-1] 
[python-1] 2026-09-17T11:07:49Z [33,543ms] [Warning] [omni.usd] Warning: in _ReportErrors at line 3172 of /builds/omniverse/usd-ci/USD/pxr/usd/usd/stage.cpp -- In </jackal/imu_link/visuals>: Unresolved reference prim path @anon:0x5cc990ae6b10:World1.usd@</visuals/imu_link> introduced by @anon:0x5cc990ae6b10:World1.usd@</jackal/imu_link/visuals> (recomposing stage on stage @anon:0x5cc990ae6b10:World1.usd@ <0x5cc992849270>)
[python-1] 
[python-1] 2026-09-17T11:07:49Z [33,543ms] [Warning] [omni.usd] Warning: in _ReportErrors at line 3172 of /builds/omniverse/usd-ci/USD/pxr/usd/usd/stage.cpp -- In </jackal/imu_link/visuals>: Unresolved reference prim path @anon:0x5cc990ae6b10:World1.usd@</visuals/imu_link> introduced by @anon:0x5cc990ae6b10:World1.usd@</jackal/imu_link/visuals> (recomposing stage on stage @anon:0x5cc990ae6b10:World1.usd@ <0x5cc992849270>)
[python-1] 
[python-1] 2026-09-17T11:07:49Z [33,543ms] [Warning] [omni.usd] Warning: in _ReportErrors at line 3172 of /builds/omniverse/usd-ci/USD/pxr/usd/usd/stage.cpp -- In </jackal/imu_link/visuals>: Unresolved reference prim path @anon:0x5cc990ae6b10:World1.usd@</visuals/imu_link> introduced by @anon:0x5cc990ae6b10:World1.usd@</jackal/imu_link/visuals> (recomposing stage on stage @anon:0x5cc990ae6b10:World1.usd@ <0x5cc992849270>)
[python-1] 
[python-1] 2026-09-17T11:07:49Z [33,543ms] [Warning] [omni.usd] Warning: in _ReportErrors at line 3172 of /builds/omniverse/usd-ci/USD/pxr/usd/usd/stage.cpp -- In </jackal/imu_link/visuals>: Unresolved reference prim path @anon:0x5cc990ae6b10:World1.usd@</visuals/imu_link> introduced by @anon:0x5cc990ae6b10:World1.usd@</jackal/imu_link/visuals> (recomposing stage on stage @anon:0x5cc990ae6b10:World1.usd@ <0x5cc992849270>)
[python-1] 
[python-1] 2026-09-17T11:07:49Z [33,543ms] [Warning] [omni.usd] Warning: in _ReportErrors at line 3172 of /builds/omniverse/usd-ci/USD/pxr/usd/usd/stage.cpp -- In </jackal/imu_link/visuals>: Unresolved reference prim path @anon:0x5cc990ae6b10:World1.usd@</visuals/imu_link> introduced by @anon:0x5cc990ae6b10:World1.usd@</jackal/imu_link/visuals> (recomposing stage on stage @anon:0x5cc990ae6b10:World1.usd@ <0x5cc992849270>)
[python-1] 
[python-1] 2026-09-17T11:07:49Z [33,544ms] [Warning] [isaacsim.asset.importer.urdf] Link imu_link has no colliders, and no inertia was imported; assigning a small isotropic inertia matrix
[python-1] 2026-09-17T11:07:49Z [33,558ms] [Warning] [isaacsim.asset.importer.urdf] No mass specified for link lidar_link
[python-1] 2026-09-17T11:07:49Z [33,587ms] [Warning] [isaacsim.asset.importer.urdf] No mass specified for link mid_mount
[python-1] 2026-09-17T11:07:49Z [33,587ms] [Warning] [omni.usd] Warning: in _ReportErrors at line 3172 of /builds/omniverse/usd-ci/USD/pxr/usd/usd/stage.cpp -- In </jackal/mid_mount/visuals>: Unresolved reference prim path @anon:0x5cc990ae6b10:World1.usd@</visuals/mid_mount> introduced by @anon:0x5cc990ae6b10:World1.usd@</jackal/mid_mount/visuals> (recomposing stage on stage @anon:0x5cc990ae6b10:World1.usd@ <0x5cc992849270>)
[python-1] 
[python-1] 2026-09-17T11:07:49Z [33,587ms] [Warning] [omni.usd] Warning: in _ReportErrors at line 3172 of /builds/omniverse/usd-ci/USD/pxr/usd/usd/stage.cpp -- In </jackal/mid_mount/visuals>: Unresolved reference prim path @anon:0x5cc990ae6b10:World1.usd@</visuals/mid_mount> introduced by @anon:0x5cc990ae6b10:World1.usd@</jackal/mid_mount/visuals> (recomposing stage on stage @anon:0x5cc990ae6b10:World1.usd@ <0x5cc992849270>)
[python-1] 
[python-1] 2026-09-17T11:07:49Z [33,587ms] [Warning] [omni.usd] Warning: in _ReportErrors at line 3172 of /builds/omniverse/usd-ci/USD/pxr/usd/usd/stage.cpp -- In </jackal/mid_mount/visuals>: Unresolved reference prim path @anon:0x5cc990ae6b10:World1.usd@</visuals/mid_mount> introduced by @anon:0x5cc990ae6b10:World1.usd@</jackal/mid_mount/visuals> (recomposing stage on stage @anon:0x5cc990ae6b10:World1.usd@ <0x5cc992849270>)
[python-1] 
[python-1] 2026-09-17T11:07:49Z [33,588ms] [Warning] [omni.usd] Warning: in _ReportErrors at line 3172 of /builds/omniverse/usd-ci/USD/pxr/usd/usd/stage.cpp -- In </jackal/mid_mount/visuals>: Unresolved reference prim path @anon:0x5cc990ae6b10:World1.usd@</visuals/mid_mount> introduced by @anon:0x5cc990ae6b10:World1.usd@</jackal/mid_mount/visuals> (recomposing stage on stage @anon:0x5cc990ae6b10:World1.usd@ <0x5cc992849270>)
[python-1] 
[python-1] 2026-09-17T11:07:49Z [33,588ms] [Warning] [omni.usd] Warning: in _ReportErrors at line 3172 of /builds/omniverse/usd-ci/USD/pxr/usd/usd/stage.cpp -- In </jackal/mid_mount/visuals>: Unresolved reference prim path @anon:0x5cc990ae6b10:World1.usd@</visuals/mid_mount> introduced by @anon:0x5cc990ae6b10:World1.usd@</jackal/mid_mount/visuals> (recomposing stage on stage @anon:0x5cc990ae6b10:World1.usd@ <0x5cc992849270>)
[python-1] 
[python-1] 2026-09-17T11:07:49Z [33,588ms] [Warning] [omni.usd] Warning: in _ReportErrors at line 3172 of /builds/omniverse/usd-ci/USD/pxr/usd/usd/stage.cpp -- In </jackal/mid_mount/visuals>: Unresolved reference prim path @anon:0x5cc990ae6b10:World1.usd@</visuals/mid_mount> introduced by @anon:0x5cc990ae6b10:World1.usd@</jackal/mid_mount/visuals> (recomposing stage on stage @anon:0x5cc990ae6b10:World1.usd@ <0x5cc992849270>)
[python-1] 
[python-1] 2026-09-17T11:07:49Z [33,589ms] [Warning] [isaacsim.asset.importer.urdf] Link mid_mount has no colliders, and no inertia was imported; assigning a small isotropic inertia matrix
[python-1] 2026-09-17T11:07:49Z [33,601ms] [Warning] [isaacsim.asset.importer.urdf] No mass specified for link front_mount
[python-1] 2026-09-17T11:07:49Z [33,602ms] [Warning] [omni.usd] Warning: in _ReportErrors at line 3172 of /builds/omniverse/usd-ci/USD/pxr/usd/usd/stage.cpp -- In </jackal/front_mount/visuals>: Unresolved reference prim path @anon:0x5cc990ae6b10:World1.usd@</visuals/front_mount> introduced by @anon:0x5cc990ae6b10:World1.usd@</jackal/front_mount/visuals> (recomposing stage on stage @anon:0x5cc990ae6b10:World1.usd@ <0x5cc992849270>)
[python-1] 
[python-1] 2026-09-17T11:07:49Z [33,602ms] [Warning] [omni.usd] Warning: in _ReportErrors at line 3172 of /builds/omniverse/usd-ci/USD/pxr/usd/usd/stage.cpp -- In </jackal/front_mount/visuals>: Unresolved reference prim path @anon:0x5cc990ae6b10:World1.usd@</visuals/front_mount> introduced by @anon:0x5cc990ae6b10:World1.usd@</jackal/front_mount/visuals> (recomposing stage on stage @anon:0x5cc990ae6b10:World1.usd@ <0x5cc992849270>)
[python-1] 
[python-1] 2026-09-17T11:07:49Z [33,602ms] [Warning] [omni.usd] Warning: in _ReportErrors at line 3172 of /builds/omniverse/usd-ci/USD/pxr/usd/usd/stage.cpp -- In </jackal/front_mount/visuals>: Unresolved reference prim path @anon:0x5cc990ae6b10:World1.usd@</visuals/front_mount> introduced by @anon:0x5cc990ae6b10:World1.usd@</jackal/front_mount/visuals> (recomposing stage on stage @anon:0x5cc990ae6b10:World1.usd@ <0x5cc992849270>)
[python-1] 
[python-1] 2026-09-17T11:07:49Z [33,603ms] [Warning] [omni.usd] Warning: in _ReportErrors at line 3172 of /builds/omniverse/usd-ci/USD/pxr/usd/usd/stage.cpp -- In </jackal/front_mount/visuals>: Unresolved reference prim path @anon:0x5cc990ae6b10:World1.usd@</visuals/front_mount> introduced by @anon:0x5cc990ae6b10:World1.usd@</jackal/front_mount/visuals> (recomposing stage on stage @anon:0x5cc990ae6b10:World1.usd@ <0x5cc992849270>)
[python-1] 
[python-1] 2026-09-17T11:07:49Z [33,603ms] [Warning] [omni.usd] Warning: in _ReportErrors at line 3172 of /builds/omniverse/usd-ci/USD/pxr/usd/usd/stage.cpp -- In </jackal/front_mount/visuals>: Unresolved reference prim path @anon:0x5cc990ae6b10:World1.usd@</visuals/front_mount> introduced by @anon:0x5cc990ae6b10:World1.usd@</jackal/front_mount/visuals> (recomposing stage on stage @anon:0x5cc990ae6b10:World1.usd@ <0x5cc992849270>)
[python-1] 
[python-1] 2026-09-17T11:07:49Z [33,603ms] [Warning] [omni.usd] Warning: in _ReportErrors at line 3172 of /builds/omniverse/usd-ci/USD/pxr/usd/usd/stage.cpp -- In </jackal/front_mount/visuals>: Unresolved reference prim path @anon:0x5cc990ae6b10:World1.usd@</visuals/front_mount> introduced by @anon:0x5cc990ae6b10:World1.usd@</jackal/front_mount/visuals> (recomposing stage on stage @anon:0x5cc990ae6b10:World1.usd@ <0x5cc992849270>)
[python-1] 
[python-1] 2026-09-17T11:07:49Z [33,604ms] [Warning] [isaacsim.asset.importer.urdf] Link front_mount has no colliders, and no inertia was imported; assigning a small isotropic inertia matrix
[python-1] 2026-09-17T11:07:49Z [33,617ms] [Warning] [isaacsim.asset.importer.urdf] No mass specified for link rear_mount
[python-1] 2026-09-17T11:07:49Z [33,617ms] [Warning] [omni.usd] Warning: in _ReportErrors at line 3172 of /builds/omniverse/usd-ci/USD/pxr/usd/usd/stage.cpp -- In </jackal/rear_mount/visuals>: Unresolved reference prim path @anon:0x5cc990ae6b10:World1.usd@</visuals/rear_mount> introduced by @anon:0x5cc990ae6b10:World1.usd@</jackal/rear_mount/visuals> (recomposing stage on stage @anon:0x5cc990ae6b10:World1.usd@ <0x5cc992849270>)
[python-1] 
[python-1] 2026-09-17T11:07:49Z [33,617ms] [Warning] [omni.usd] Warning: in _ReportErrors at line 3172 of /builds/omniverse/usd-ci/USD/pxr/usd/usd/stage.cpp -- In </jackal/rear_mount/visuals>: Unresolved reference prim path @anon:0x5cc990ae6b10:World1.usd@</visuals/rear_mount> introduced by @anon:0x5cc990ae6b10:World1.usd@</jackal/rear_mount/visuals> (recomposing stage on stage @anon:0x5cc990ae6b10:World1.usd@ <0x5cc992849270>)
[python-1] 
[controller_server-8] [INFO] [1789643269.263659972] [local_costmap.local_costmap]: Timed out waiting for transform from base_link to odom to become available, tf error: Invalid frame ID "odom" passed to canTransform argument target_frame - frame does not exist
[python-1] 2026-09-17T11:07:49Z [33,617ms] [Warning] [omni.usd] Warning: in _ReportErrors at line 3172 of /builds/omniverse/usd-ci/USD/pxr/usd/usd/stage.cpp -- In </jackal/rear_mount/visuals>: Unresolved reference prim path @anon:0x5cc990ae6b10:World1.usd@</visuals/rear_mount> introduced by @anon:0x5cc990ae6b10:World1.usd@</jackal/rear_mount/visuals> (recomposing stage on stage @anon:0x5cc990ae6b10:World1.usd@ <0x5cc992849270>)
[python-1] 
[python-1] 2026-09-17T11:07:49Z [33,618ms] [Warning] [omni.usd] Warning: in _ReportErrors at line 3172 of /builds/omniverse/usd-ci/USD/pxr/usd/usd/stage.cpp -- In </jackal/rear_mount/visuals>: Unresolved reference prim path @anon:0x5cc990ae6b10:World1.usd@</visuals/rear_mount> introduced by @anon:0x5cc990ae6b10:World1.usd@</jackal/rear_mount/visuals> (recomposing stage on stage @anon:0x5cc990ae6b10:World1.usd@ <0x5cc992849270>)
[python-1] 
[python-1] 2026-09-17T11:07:49Z [33,618ms] [Warning] [omni.usd] Warning: in _ReportErrors at line 3172 of /builds/omniverse/usd-ci/USD/pxr/usd/usd/stage.cpp -- In </jackal/rear_mount/visuals>: Unresolved reference prim path @anon:0x5cc990ae6b10:World1.usd@</visuals/rear_mount> introduced by @anon:0x5cc990ae6b10:World1.usd@</jackal/rear_mount/visuals> (recomposing stage on stage @anon:0x5cc990ae6b10:World1.usd@ <0x5cc992849270>)
[python-1] 
[python-1] 2026-09-17T11:07:49Z [33,618ms] [Warning] [omni.usd] Warning: in _ReportErrors at line 3172 of /builds/omniverse/usd-ci/USD/pxr/usd/usd/stage.cpp -- In </jackal/rear_mount/visuals>: Unresolved reference prim path @anon:0x5cc990ae6b10:World1.usd@</visuals/rear_mount> introduced by @anon:0x5cc990ae6b10:World1.usd@</jackal/rear_mount/visuals> (recomposing stage on stage @anon:0x5cc990ae6b10:World1.usd@ <0x5cc992849270>)
[python-1] 
[python-1] 2026-09-17T11:07:49Z [33,619ms] [Warning] [isaacsim.asset.importer.urdf] Link rear_mount has no colliders, and no inertia was imported; assigning a small isotropic inertia matrix
[python-1] 2026-09-17T11:07:49Z [33,632ms] [Warning] [isaacsim.asset.importer.urdf] No mass specified for link navsat_link
[python-1] 2026-09-17T11:07:49Z [33,641ms] [Warning] [isaacsim.asset.importer.urdf] Link navsat_link has no colliders, and no inertia was imported; assigning a small isotropic inertia matrix
[python-1] 2026-09-17T11:07:49Z [33,654ms] [Warning] [isaacsim.asset.importer.urdf] No mass specified for link rear_fender_link
[python-1] 2026-09-17T11:07:49Z [33,662ms] [Warning] [isaacsim.asset.importer.urdf] Link rear_fender_link has no colliders, and no inertia was imported; assigning a small isotropic inertia matrix
[python-1] 2026-09-17T11:07:49Z [33,753ms] [Warning] [omni.usd] Warning: in _ReportErrors at line 3172 of /builds/omniverse/usd-ci/USD/pxr/usd/usd/stage.cpp -- In </World/arena_robot/imu_link/visuals>: Unresolved reference prim path @anon:0x5cc990ae6b10:World1.usd@</visuals/imu_link> introduced by @anon:0x5cc990ae6b10:World1.usd@</World/arena_robot/imu_link/visuals> (recomposing stage on stage @anon:0x5cc990ae6b10:World1.usd@ <0x5cc992849270>)
[python-1] 
[python-1] 2026-09-17T11:07:49Z [33,753ms] [Warning] [omni.usd] Warning: in _ReportErrors at line 3172 of /builds/omniverse/usd-ci/USD/pxr/usd/usd/stage.cpp -- In </World/arena_robot/imu_link/visuals>: Unresolved reference prim path @anon:0x5cc990ae6b10:World1.usd@</visuals/imu_link> introduced by @anon:0x5cc990ae6b10:World1.usd@</World/arena_robot/imu_link/visuals> (recomposing stage on stage @anon:0x5cc990ae6b10:World1.usd@ <0x5cc992849270>)
[python-1] 
[python-1] 2026-09-17T11:07:49Z [33,753ms] [Warning] [omni.usd] Warning: in _ReportErrors at line 3172 of /builds/omniverse/usd-ci/USD/pxr/usd/usd/stage.cpp -- In </World/arena_robot/imu_link/visuals>: Unresolved reference prim path @anon:0x5cc990ae6b10:World1.usd@</visuals/imu_link> introduced by @anon:0x5cc990ae6b10:World1.usd@</World/arena_robot/imu_link/visuals> (recomposing stage on stage @anon:0x5cc990ae6b10:World1.usd@ <0x5cc992849270>)
[python-1] 
[python-1] 2026-09-17T11:07:49Z [33,753ms] [Warning] [omni.usd] Warning: in _ReportErrors at line 3172 of /builds/omniverse/usd-ci/USD/pxr/usd/usd/stage.cpp -- In </World/arena_robot/base_link/visuals>: Unresolved reference prim path @anon:0x5cc990ae6b10:World1.usd@</visuals/base_link> introduced by @anon:0x5cc990ae6b10:World1.usd@</World/arena_robot/base_link/visuals> (recomposing stage on stage @anon:0x5cc990ae6b10:World1.usd@ <0x5cc992849270>)
[python-1] 
[python-1] 2026-09-17T11:07:49Z [33,753ms] [Warning] [omni.usd] Warning: in _ReportErrors at line 3172 of /builds/omniverse/usd-ci/USD/pxr/usd/usd/stage.cpp -- In </World/arena_robot/base_link/visuals>: Unresolved reference prim path @anon:0x5cc990ae6b10:World1.usd@</visuals/base_link> introduced by @anon:0x5cc990ae6b10:World1.usd@</World/arena_robot/base_link/visuals> (recomposing stage on stage @anon:0x5cc990ae6b10:World1.usd@ <0x5cc992849270>)
[python-1] 
[python-1] 2026-09-17T11:07:49Z [33,753ms] [Warning] [omni.usd] Warning: in _ReportErrors at line 3172 of /builds/omniverse/usd-ci/USD/pxr/usd/usd/stage.cpp -- In </World/arena_robot/base_link/visuals>: Unresolved reference prim path @anon:0x5cc990ae6b10:World1.usd@</visuals/base_link> introduced by @anon:0x5cc990ae6b10:World1.usd@</World/arena_robot/base_link/visuals> (recomposing stage on stage @anon:0x5cc990ae6b10:World1.usd@ <0x5cc992849270>)
[python-1] 
[python-1] 2026-09-17T11:07:49Z [33,753ms] [Warning] [omni.usd] Warning: in _ReportErrors at line 3172 of /builds/omniverse/usd-ci/USD/pxr/usd/usd/stage.cpp -- In </World/arena_robot/mid_mount/visuals>: Unresolved reference prim path @anon:0x5cc990ae6b10:World1.usd@</visuals/mid_mount> introduced by @anon:0x5cc990ae6b10:World1.usd@</World/arena_robot/mid_mount/visuals> (recomposing stage on stage @anon:0x5cc990ae6b10:World1.usd@ <0x5cc992849270>)
[python-1] 
[python-1] 2026-09-17T11:07:49Z [33,753ms] [Warning] [omni.usd] Warning: in _ReportErrors at line 3172 of /builds/omniverse/usd-ci/USD/pxr/usd/usd/stage.cpp -- In </World/arena_robot/mid_mount/visuals>: Unresolved reference prim path @anon:0x5cc990ae6b10:World1.usd@</visuals/mid_mount> introduced by @anon:0x5cc990ae6b10:World1.usd@</World/arena_robot/mid_mount/visuals> (recomposing stage on stage @anon:0x5cc990ae6b10:World1.usd@ <0x5cc992849270>)
[python-1] 
[python-1] 2026-09-17T11:07:49Z [33,753ms] [Warning] [omni.usd] Warning: in _ReportErrors at line 3172 of /builds/omniverse/usd-ci/USD/pxr/usd/usd/stage.cpp -- In </World/arena_robot/mid_mount/visuals>: Unresolved reference prim path @anon:0x5cc990ae6b10:World1.usd@</visuals/mid_mount> introduced by @anon:0x5cc990ae6b10:World1.usd@</World/arena_robot/mid_mount/visuals> (recomposing stage on stage @anon:0x5cc990ae6b10:World1.usd@ <0x5cc992849270>)
[python-1] 
[python-1] 2026-09-17T11:07:49Z [33,753ms] [Warning] [omni.usd] Warning: in _ReportErrors at line 3172 of /builds/omniverse/usd-ci/USD/pxr/usd/usd/stage.cpp -- In </World/arena_robot/rear_mount/visuals>: Unresolved reference prim path @anon:0x5cc990ae6b10:World1.usd@</visuals/rear_mount> introduced by @anon:0x5cc990ae6b10:World1.usd@</World/arena_robot/rear_mount/visuals> (recomposing stage on stage @anon:0x5cc990ae6b10:World1.usd@ <0x5cc992849270>)
[python-1] 
[python-1] 2026-09-17T11:07:49Z [33,753ms] [Warning] [omni.usd] Warning: in _ReportErrors at line 3172 of /builds/omniverse/usd-ci/USD/pxr/usd/usd/stage.cpp -- In </World/arena_robot/rear_mount/visuals>: Unresolved reference prim path @anon:0x5cc990ae6b10:World1.usd@</visuals/rear_mount> introduced by @anon:0x5cc990ae6b10:World1.usd@</World/arena_robot/rear_mount/visuals> (recomposing stage on stage @anon:0x5cc990ae6b10:World1.usd@ <0x5cc992849270>)
[python-1] 
[python-1] 2026-09-17T11:07:49Z [33,753ms] [Warning] [omni.usd] Warning: in _ReportErrors at line 3172 of /builds/omniverse/usd-ci/USD/pxr/usd/usd/stage.cpp -- In </World/arena_robot/rear_mount/visuals>: Unresolved reference prim path @anon:0x5cc990ae6b10:World1.usd@</visuals/rear_mount> introduced by @anon:0x5cc990ae6b10:World1.usd@</World/arena_robot/rear_mount/visuals> (recomposing stage on stage @anon:0x5cc990ae6b10:World1.usd@ <0x5cc992849270>)
[python-1] 
[python-1] 2026-09-17T11:07:49Z [33,753ms] [Warning] [omni.usd] Warning: in _ReportErrors at line 3172 of /builds/omniverse/usd-ci/USD/pxr/usd/usd/stage.cpp -- In </World/arena_robot/front_mount/visuals>: Unresolved reference prim path @anon:0x5cc990ae6b10:World1.usd@</visuals/front_mount> introduced by @anon:0x5cc990ae6b10:World1.usd@</World/arena_robot/front_mount/visuals> (recomposing stage on stage @anon:0x5cc990ae6b10:World1.usd@ <0x5cc992849270>)
[python-1] 
[python-1] 2026-09-17T11:07:49Z [33,753ms] [Warning] [omni.usd] Warning: in _ReportErrors at line 3172 of /builds/omniverse/usd-ci/USD/pxr/usd/usd/stage.cpp -- In </World/arena_robot/front_mount/visuals>: Unresolved reference prim path @anon:0x5cc990ae6b10:World1.usd@</visuals/front_mount> introduced by @anon:0x5cc990ae6b10:World1.usd@</World/arena_robot/front_mount/visuals> (recomposing stage on stage @anon:0x5cc990ae6b10:World1.usd@ <0x5cc992849270>)
[python-1] 
[controller_server-8] [INFO] [1789643269.763699572] [local_costmap.local_costmap]: Timed out waiting for transform from base_link to odom to become available, tf error: Invalid frame ID "odom" passed to canTransform argument target_frame - frame does not exist
[controller_server-8] [INFO] [1789643270.263654875] [local_costmap.local_costmap]: Timed out waiting for transform from base_link to odom to become available, tf error: Invalid frame ID "odom" passed to canTransform argument target_frame - frame does not exist
[controller_server-8] [INFO] [1789643270.763680461] [local_costmap.local_costmap]: Timed out waiting for transform from base_link to odom to become available, tf error: Invalid frame ID "odom" passed to canTransform argument target_frame - frame does not exist
[controller_server-8] [INFO] [1789643271.263649625] [local_costmap.local_costmap]: Timed out waiting for transform from base_link to odom to become available, tf error: Invalid frame ID "odom" passed to canTransform argument target_frame - frame does not exist
[controller_server-8] [INFO] [1789643271.763677011] [local_costmap.local_costmap]: Timed out waiting for transform from base_link to odom to become available, tf error: Invalid frame ID "odom" passed to canTransform argument target_frame - frame does not exist
[controller_server-8] [INFO] [1789643272.263656802] [local_costmap.local_costmap]: Timed out waiting for transform from base_link to odom to become available, tf error: Invalid frame ID "odom" passed to canTransform argument target_frame - frame does not exist
[controller_server-8] [INFO] [1789643272.763666047] [local_costmap.local_costmap]: Timed out waiting for transform from base_link to odom to become available, tf error: Invalid frame ID "odom" passed to canTransform argument target_frame - frame does not exist
[controller_server-8] [INFO] [1789643273.263656998] [local_costmap.local_costmap]: Timed out waiting for transform from base_link to odom to become available, tf error: Invalid frame ID "odom" passed to canTransform argument target_frame - frame does not exist
[controller_server-8] [INFO] [1789643273.763660238] [local_costmap.local_costmap]: Timed out waiting for transform from base_link to odom to become available, tf error: Invalid frame ID "odom" passed to canTransform argument target_frame - frame does not exist
[controller_server-8] [INFO] [1789643274.263680290] [local_costmap.local_costmap]: Timed out waiting for transform from base_link to odom to become available, tf error: Invalid frame ID "odom" passed to canTransform argument target_frame - frame does not exist
[controller_server-8] [INFO] [1789643274.763694511] [local_costmap.local_costmap]: Timed out waiting for transform from base_link to odom to become available, tf error: Invalid frame ID "odom" passed to canTransform argument target_frame - frame does not exist
[controller_server-8] [INFO] [1789643275.263659590] [local_costmap.local_costmap]: Timed out waiting for transform from base_link to odom to become available, tf error: Invalid frame ID "odom" passed to canTransform argument target_frame - frame does not exist
[hunav_six_behaviors_bridge-5] [INFO] [1789643275.334692984] [arena_hunav_isaac_bridge]: SIX_BEHAVIORS_ROBOT_OK path=/World/arena_robot
[hunav_six_behaviors_bridge-5] [INFO] [1789643275.551945393] [arena_hunav_isaac_bridge]: SIX_BEHAVIORS_HUNAV_SERVICE_OK service=/compute_agents
[python-1] 2026-09-17T11:07:49Z [33,753ms] [Warning] [omni.usd] Warning: in _ReportErrors at line 3172 of /builds/omniverse/usd-ci/USD/pxr/usd/usd/stage.cpp -- In </World/arena_robot/front_mount/visuals>: Unresolved reference prim path @anon:0x5cc990ae6b10:World1.usd@</visuals/front_mount> introduced by @anon:0x5cc990ae6b10:World1.usd@</World/arena_robot/front_mount/visuals> (recomposing stage on stage @anon:0x5cc990ae6b10:World1.usd@ <0x5cc992849270>)
[python-1] 
[python-1] 2026-09-17T11:07:49Z [34,214ms] [Warning] [omni.replicator.core.scripts.functional.create_batch] World/arena_robot/lidar_link/gpu_lidar_points is an invalid prim path. Renaming to World_arena_robot_lidar_link_gpu_lidar_points.
[python-1] 2026-09-17T11:07:49Z [34,232ms] [Warning] [omni.replicator.core.scripts.functional.create_batch] World/arena_robot/lidar_link/gpu_lidar_scan is an invalid prim path. Renaming to World_arena_robot_lidar_link_gpu_lidar_scan.
[python-1] 2026-09-17T11:07:50Z [34,743ms] [Warning] [carb] Client omni.hydratexture.plugin has acquired [carb::settings::ISettings v1.0] 100 times. Consider accessing this interface with carb::getCachedInterface() (Performance warning)
[python-1] 2026-09-17T11:07:52Z [37,377ms] [Warning] [omni.fabric.plugin] getAttributeCount called on non-existent path /World/arena_robot/chassis_link/collisions/mesh_0
[python-1] 2026-09-17T11:07:52Z [37,377ms] [Warning] [omni.fabric.plugin] getTypes called on non-existent path /World/arena_robot/chassis_link/collisions/mesh_0
[python-1] 2026-09-17T11:07:53Z [37,819ms] [Warning] [omni.sensors.nv.lidar.lidar_core.plugin] MotionBVH for lidar model not enabled. This will result in an incorrect point cloud without motion effects!
[python-1] 2026-09-17T11:07:53Z [37,833ms] [Warning] [carb] Client omni.sensors.nv.materials.composite_material has acquired [omni::sensors::materials::IMaterialReaderFactory v0.1] 100 times. Consider accessing this interface with carb::getCachedInterface() (Performance warning)
[python-1] 2026-09-17T11:07:53Z [38,060ms] [Warning] [rtx.postprocessing.plugin] DLSS Skipped: Target resolution below 64x64.
[python-1] 2026-09-17T11:07:53Z [38,109ms] [Warning] [omni.syntheticdata.plugin] OgnSdPostRenderVarToHost : rendervar copy from texture directly to host buffer is counter-performant. Please use copy from texture to device buffer first.
[python-1] 2026-09-17T11:07:53Z [38,152ms] [Warning] [omni.anim.graph.core.plugin] getCharacter - /World/regular/ManRoot/female_adult_business_02 is not a SkelRoot prim or does not apply AnimationGraphAPI
[python-1] 2026-09-17T11:07:53Z [38,166ms] [Warning] [omni.fabric.plugin] Warning: attribute animationGraph not found for path /World/threatening/ManRoot/female_adult_police_01
[python-1] 
[python-1] 2026-09-17T11:07:53Z [38,224ms] [Warning] [carb] Plugin interface for a client: omni.hydratexture.plugin was already released.
[python-1] 2026-09-17T11:07:53Z [38,227ms] [Warning] [carb] Plugin interface for a client: omni.hydratexture.plugin was already released.
[python-1] 2026-09-17T11:07:53Z [38,231ms] [Warning] [carb] Plugin interface for a client: omni.hydratexture.plugin was already released.
[python-1] 2026-09-17T11:07:53Z [38,234ms] [Warning] [carb] Plugin interface for a client: omni.hydratexture.plugin was already released.
[python-1] 2026-09-17T11:07:53Z [38,237ms] [Warning] [carb] Plugin interface for a client: omni.hydratexture.plugin was already released.
[python-1] 2026-09-17T11:07:53Z [38,239ms] [Warning] [carb] Plugin interface for a client: omni.hydratexture.plugin was already released.
[python-1] 2026-09-17T11:07:54Z [39,294ms] [Warning] [omni.graph.core.plugin] /World/arena_robot/imu_link/IMUPublisher/read_imu: [/World/arena_robot/imu_link/IMUPublisher] no valid sensor reading, is the sensor enabled?
[python-1] 2026-09-17T11:07:55Z [39,800ms] [Warning] [omni.timeline.plugin] Deprecated: direct use of ITimeline callbacks is deprecated. Use ITimeline::getTimeline (Python: omni.timeline.get_timeline_interface) instead.
[python-1] 2026-09-17T11:07:55Z [40,096ms] [Warning] [isaacsim.core.simulation_manager.plugin] No adjacent samples found for interpolation at time 176/30
[python-1] 2026-09-17T11:07:55Z [40,096ms] [Warning] [isaacsim.core.simulation_manager.plugin] getSimulationTimeMonotonicAtTime: no data found for time 176/30, returning current sim time
[python-1] 2026-09-17T11:07:55Z [40,096ms] [Warning] [isaacsim.core.simulation_manager.plugin] No adjacent samples found for interpolation at time 176/30
[controller_server-8] [INFO] [1789643275.763760152] [local_costmap.local_costmap]: Timed out waiting for transform from base_link to odom to become available, tf error: Invalid frame ID "odom" passed to canTransform argument target_frame - frame does not exist
[hunav_agent_manager-3] [AgentManager.init] All agents cleared and flags reset 
[hunav_agent_manager-3] 	robot 0, x:3.00, y:3.00
[hunav_agent_manager-3] SFM Robot initialized
[hunav_agent_manager-3] Initializing SFM Agents...
[hunav_agent_manager-3] 	agent regular, x:15.00, y:12.00, th:-3.14
[hunav_agent_manager-3] 	agent impassive, x:5.00, y:10.00, th:0.00
[hunav_agent_manager-3] 	agent surprised, x:6.50, y:4.50, th:-3.14
[hunav_agent_manager-3] 	agent scared, x:4.50, y:5.00, th:-2.21
[hunav_agent_manager-3] 	agent curious, x:1.00, y:8.00, th:-1.57
[hunav_agent_manager-3] 	agent threatening, x:6.00, y:3.00, th:-3.14
[hunav_agent_manager-3] SFM Agents initialized
[hunav_agent_manager-3] [ERROR] [1789643275.911532848] [hunav_agent_manager]: First service call received!
[hunav_agent_manager-3] [ERROR] [1789643275.911641112] [hunav_agent_manager]: robot pose x:3.00, y:3.00, th:0.00
[hunav_agent_manager-3] [ERROR] [1789643275.911667254] [hunav_agent_manager]: Agents received: 6
[hunav_agent_manager-3] [ERROR] [1789643275.911683459] [hunav_agent_manager]: Initializing Behavior Trees of 6 agents...
[hunav_agent_manager-3] [INFO] [1789643275.911702746] [hunav_agent_manager]: Initializing Behavior tree of Agent regular, id: 1, behavior: 1
[hunav_agent_manager-3] [INFO] [1789643275.911742183] [hunav_agent_manager]: Loading BTRegularNav.xml tree
[hunav_agent_manager-3] [INFO] [1789643275.912416343] [hunav_agent_manager]: Behavior Tree for agent regular [id:1] loaded!
[hunav_agent_manager-3] [INFO] [1789643275.912540448] [hunav_agent_manager]: Initializing Behavior tree of Agent impassive, id: 2, behavior: 2
[hunav_agent_manager-3] [INFO] [1789643275.912566014] [hunav_agent_manager]: Loading BTRegularNav.xml tree (with impassive behavior)
[hunav_agent_manager-3] [INFO] [1789643275.912877551] [hunav_agent_manager]: Behavior Tree for agent impassive [id:2] loaded!
[hunav_agent_manager-3] [INFO] [1789643275.912927364] [hunav_agent_manager]: Initializing Behavior tree of Agent surprised, id: 3, behavior: 3
[hunav_agent_manager-3] [INFO] [1789643275.912952864] [hunav_agent_manager]: Loading BTSurprisedNav.xml tree
[hunav_agent_manager-3] ----------------
[hunav_agent_manager-3] RegularNavFallback
[hunav_agent_manager-3]    RegularNavigation
[hunav_agent_manager-3]       Inverter
[hunav_agent_manager-3]          IsGoalReached
[hunav_agent_manager-3]       RegularNav
[hunav_agent_manager-3]    UpdateGoal
[hunav_agent_manager-3] ----------------
[hunav_agent_manager-3] ----------------
[hunav_agent_manager-3] RegularNavFallback
[hunav_agent_manager-3]    RegularNavigation
[hunav_agent_manager-3]       Inverter
[hunav_agent_manager-3]          IsGoalReached
[hunav_agent_manager-3]       RegularNav
[hunav_agent_manager-3]    UpdateGoal
[hunav_agent_manager-3] ----------------
[hunav_agent_manager-3] [INFO] [1789643275.913596716] [hunav_agent_manager]: Behavior Tree for agent surprised [id:3] loaded!
[hunav_agent_manager-3] [INFO] [1789643275.913654262] [hunav_agent_manager]: Initializing Behavior tree of Agent scared, id: 4, behavior: 4
[hunav_agent_manager-3] [INFO] [1789643275.913672679] [hunav_agent_manager]: Loading BTScaredNav.xml tree
[hunav_agent_manager-3] TimeExpiredCondition initiated!
[hunav_agent_manager-3]  seconds:30.00, dt:0.000, only_once:0
[hunav_agent_manager-3] ----------------
[hunav_agent_manager-3] SurprisedFallback
[hunav_agent_manager-3]    SurNav
[hunav_agent_manager-3]       IsRobotVisible
[hunav_agent_manager-3]       Inverter
[hunav_agent_manager-3]          TimeExpiredCondition
[hunav_agent_manager-3]       SurprisedNav
[hunav_agent_manager-3]    RegNav
[hunav_agent_manager-3]       SetBlackboard
[hunav_agent_manager-3]       SetBlackboard
[hunav_agent_manager-3]       RegularNavTree
[hunav_agent_manager-3]          RegularNavFallback
[hunav_agent_manager-3]             RegularNavigation
[hunav_agent_manager-3]                Inverter
[hunav_agent_manager-3]                   IsGoalReached
[hunav_agent_manager-3]                RegularNav
[hunav_agent_manager-3]             UpdateGoal
[hunav_agent_manager-3] ----------------
[hunav_agent_manager-3] TimeExpiredCondition initiated!
[hunav_agent_manager-3]  seconds:40.00, dt:0.000, only_once:0
[hunav_agent_manager-3] ----------------
[hunav_agent_manager-3] ScaredFallback
[hunav_agent_manager-3]    ScaNav
[hunav_agent_manager-3]       IsRobotVisible
[hunav_agent_manager-3]       Inverter
[hunav_agent_manager-3]          TimeExpiredCondition
[hunav_agent_manager-3]       ScaredNav
[hunav_agent_manager-3]    RegNav
[hunav_agent_manager-3]       SetBlackboard
[hunav_agent_manager-3]       SetBlackboard
[hunav_agent_manager-3]       RegularNavTree
[hunav_agent_manager-3]          RegularNavFallback
[hunav_agent_manager-3]             RegularNavigation
[hunav_agent_manager-3]                Inverter
[hunav_agent_manager-3]                   IsGoalReached
[hunav_agent_manager-3]                RegularNav
[hunav_agent_manager-3]             UpdateGoal
[hunav_agent_manager-3] ----------------
[hunav_agent_manager-3] TimeExpiredCondition initiated!
[hunav_agent_manager-3]  seconds:30.00, dt:0.000, only_once:0
[hunav_agent_manager-3] ----------------
[hunav_agent_manager-3] CuriousFallback
[hunav_agent_manager-3]    CurNav
[hunav_agent_manager-3]       IsRobotVisible
[hunav_agent_manager-3]       Inverter
[hunav_agent_manager-3]          TimeExpiredCondition
[hunav_agent_manager-3]       CuriousNav
[hunav_agent_manager-3]    RegNav
[hunav_agent_manager-3]       SetBlackboard
[hunav_agent_manager-3]       SetBlackboard
[hunav_agent_manager-3]       RegularNavTree
[hunav_agent_manager-3]          RegularNavFallback
[hunav_agent_manager-3]             RegularNavigation
[hunav_agent_manager-3]                Inverter
[hunav_agent_manager-3]                   IsGoalReached
[hunav_agent_manager-3]                RegularNav
[hunav_agent_manager-3]             UpdateGoal
[hunav_agent_manager-3] ----------------
[hunav_agent_manager-3] TimeExpiredCondition initiated!
[hunav_agent_manager-3]  seconds:40.00, dt:0.000, only_once:0
[hunav_agent_manager-3] ----------------
[hunav_agent_manager-3] ThreateningFallback
[hunav_agent_manager-3]    ThreadNav
[hunav_agent_manager-3]       IsRobotVisible
[hunav_agent_manager-3]       ThreadTimerNav
[hunav_agent_manager-3]          Inverter
[hunav_agent_manager-3]             TimeExpiredCondition
[hunav_agent_manager-3]          ThreateningNav
[hunav_agent_manager-3]    RegNav
[hunav_agent_manager-3]       SetBlackboard
[hunav_agent_manager-3]       SetBlackboard
[hunav_agent_manager-3]       RegularNavTree
[hunav_agent_manager-3]          RegularNavFallback
[hunav_agent_manager-3]             RegularNavigation
[hunav_agent_manager-3]                Inverter
[hunav_agent_manager-3]                   IsGoalReached
[hunav_agent_manager-3]                RegularNav
[hunav_agent_manager-3]             UpdateGoal
[hunav_agent_manager-3] ----------------
[hunav_agent_manager-3] [INFO] [1789643275.914064042] [hunav_agent_manager]: Behavior Tree for agent scared [id:4] loaded!
[hunav_agent_manager-3] [INFO] [1789643275.914101221] [hunav_agent_manager]: Initializing Behavior tree of Agent curious, id: 5, behavior: 5
[hunav_agent_manager-3] [INFO] [1789643275.914112931] [hunav_agent_manager]: Loading BTCuriousNav.xml tree
[hunav_agent_manager-3] [INFO] [1789643275.914395438] [hunav_agent_manager]: Behavior Tree for agent curious [id:5] loaded!
[hunav_agent_manager-3] [INFO] [1789643275.914429991] [hunav_agent_manager]: Initializing Behavior tree of Agent threatening, id: 6, behavior: 6
[hunav_agent_manager-3] [INFO] [1789643275.914439982] [hunav_agent_manager]: Loading BTThreatening.xml tree
[hunav_agent_manager-3] [INFO] [1789643275.914714281] [hunav_agent_manager]: Behavior Tree for agent threatening [id:6] loaded!
[hunav_agent_manager-3] [ERROR] [1789643275.914746596] [hunav_agent_manager]: Behavior trees succesfully initiated!
[controller_server-8] [INFO] [1789643276.263856633] [local_costmap.local_costmap]: start
[controller_server-8] [INFO] [1789643276.416357942] [controller_server]: Creating bond (controller_server) to lifecycle manager.
[lifecycle_manager-15] [INFO] [1789643276.523699584] [lifecycle_manager_navigation]: Server controller_server connected with bond.
[lifecycle_manager-15] [INFO] [1789643276.523828841] [lifecycle_manager_navigation]: [34m[1mActivating smoother_server[0m[0m
[smoother_server-9] [INFO] [1789643276.524537094] [smoother_server]: Activating
[smoother_server-9] [INFO] [1789643276.524600470] [smoother_server]: Creating bond (smoother_server) to lifecycle manager.
[lifecycle_manager-15] [INFO] [1789643276.631444415] [lifecycle_manager_navigation]: Server smoother_server connected with bond.
[lifecycle_manager-15] [INFO] [1789643276.631536866] [lifecycle_manager_navigation]: [34m[1mActivating planner_server[0m[0m
[planner_server-10] [INFO] [1789643276.632014078] [planner_server]: Activating
[planner_server-10] [INFO] [1789643276.632132857] [global_costmap.global_costmap]: Activating
[planner_server-10] [INFO] [1789643276.632161229] [global_costmap.global_costmap]: Checking transform
[planner_server-10] [INFO] [1789643276.632343290] [global_costmap.global_costmap]: start
[planner_server-10] [INFO] [1789643276.682479764] [planner_server]: Activating plugin GridBased of type NavfnPlanner
[planner_server-10] [INFO] [1789643276.684496946] [planner_server]: Creating bond (planner_server) to lifecycle manager.
[lifecycle_manager-15] [INFO] [1789643276.791764612] [lifecycle_manager_navigation]: Server planner_server connected with bond.
[lifecycle_manager-15] [INFO] [1789643276.791866540] [lifecycle_manager_navigation]: [34m[1mActivating behavior_server[0m[0m
[behavior_server-11] [INFO] [1789643276.792430556] [behavior_server]: Activating
[behavior_server-11] [INFO] [1789643276.792512454] [behavior_server]: Activating spin
[behavior_server-11] [INFO] [1789643276.792541608] [behavior_server]: Activating backup
[behavior_server-11] [INFO] [1789643276.792566968] [behavior_server]: Activating drive_on_heading
[behavior_server-11] [INFO] [1789643276.792590996] [behavior_server]: Activating wait
[behavior_server-11] [INFO] [1789643276.792616962] [behavior_server]: Creating bond (behavior_server) to lifecycle manager.
[lifecycle_manager-15] [INFO] [1789643276.899875269] [lifecycle_manager_navigation]: Server behavior_server connected with bond.
[lifecycle_manager-15] [INFO] [1789643276.899970024] [lifecycle_manager_navigation]: [34m[1mActivating bt_navigator[0m[0m
[bt_navigator-12] [INFO] [1789643276.900765815] [bt_navigator]: Activating
[bt_navigator-12] [INFO] [1789643276.921639891] [bt_navigator]: Creating bond (bt_navigator) to lifecycle manager.
[lifecycle_manager-15] [INFO] [1789643277.031131416] [lifecycle_manager_navigation]: Server bt_navigator connected with bond.
[lifecycle_manager-15] [INFO] [1789643277.031229018] [lifecycle_manager_navigation]: [34m[1mActivating waypoint_follower[0m[0m
[waypoint_follower-13] [INFO] [1789643277.031782874] [waypoint_follower]: Activating
[waypoint_follower-13] [INFO] [1789643277.031860867] [waypoint_follower]: Creating bond (waypoint_follower) to lifecycle manager.
[lifecycle_manager-15] [INFO] [1789643277.139956721] [lifecycle_manager_navigation]: Server waypoint_follower connected with bond.
[lifecycle_manager-15] [INFO] [1789643277.140064452] [lifecycle_manager_navigation]: [34m[1mActivating velocity_smoother[0m[0m
[velocity_smoother-14] [INFO] [1789643277.140587063] [velocity_smoother]: Activating
[velocity_smoother-14] [INFO] [1789643277.140673662] [velocity_smoother]: Creating bond (velocity_smoother) to lifecycle manager.
[lifecycle_manager-15] [INFO] [1789643277.249256064] [lifecycle_manager_navigation]: Server velocity_smoother connected with bond.
[lifecycle_manager-15] [INFO] [1789643277.249367054] [lifecycle_manager_navigation]: [34m[1mManaged nodes are active[0m[0m
[lifecycle_manager-15] [INFO] [1789643277.249398718] [lifecycle_manager_navigation]: [34m[1mCreating bond timer...[0m[0m
[hunav_six_behaviors_bridge-5] [INFO] [1789643277.922897513] [arena_hunav_isaac_bridge]: SIX_BEHAVIORS_READY pedestrians=6 behavior_types=1,2,3,4,5,6 compute_rate=40.0 max_dt=0.025 robot_state=odom hunav=/compute_agents isaac=/isaac/UpdatePedestrians
[hunav_agent_manager-3] Updating goal for agent 4
[hunav_agent_manager-3] 
[hunav_six_behaviors_bridge-5] [INFO] [1789643291.868286467] [arena_hunav_isaac_bridge]: SIX_BEHAVIORS_RUNNING compute=200 updates=77 compute_hz=12.5 display_hz=4.8 max_dt=0.025 lag=0.008 substeps=199 states=regular:1/0,impassive:2/0,surprised:3/1,scared:4/0,curious:5/0,threatening:6/0
[hunav_agent_manager-3] Updating goal for agent 6
[hunav_agent_manager-3] 
[hunav_agent_manager-3] Updating goal for agent 2
[hunav_agent_manager-3] 
[hunav_agent_manager-3] Updating goal for agent 1
[hunav_agent_manager-3] 
[hunav_agent_manager-3] Updating goal for agent 6
[hunav_agent_manager-3] 
[hunav_six_behaviors_bridge-5] [INFO] [1789643307.534276771] [arena_hunav_isaac_bridge]: SIX_BEHAVIORS_RUNNING compute=400 updates=153 compute_hz=12.6 display_hz=4.8 max_dt=0.025 lag=0.008 substeps=399 states=regular:1/0,impassive:2/0,surprised:3/1,scared:4/0,curious:5/0,threatening:6/0
[hunav_agent_manager-3] Updating goal for agent 4
[hunav_agent_manager-3] 
[hunav_agent_manager-3] Updating goal for agent 6
[hunav_agent_manager-3] 
[hunav_agent_manager-3] Updating goal for agent 2
[hunav_agent_manager-3] 
[hunav_agent_manager-3] Updating goal for agent 1
[hunav_agent_manager-3] 
[hunav_six_behaviors_bridge-5] [INFO] [1789643323.622149623] [arena_hunav_isaac_bridge]: SIX_BEHAVIORS_RUNNING compute=600 updates=230 compute_hz=12.6 display_hz=4.8 max_dt=0.025 lag=0.008 substeps=599 states=regular:1/0,impassive:2/0,surprised:3/1,scared:4/0,curious:5/0,threatening:6/0
[hunav_agent_manager-3] Updating goal for agent 6
[hunav_agent_manager-3] 
[hunav_agent_manager-3] Updating goal for agent 4
[hunav_agent_manager-3] 
[hunav_six_behaviors_bridge-5] [INFO] [1789643339.644705963] [arena_hunav_isaac_bridge]: SIX_BEHAVIORS_RUNNING compute=800 updates=308 compute_hz=12.6 display_hz=4.8 max_dt=0.025 lag=0.008 substeps=799 states=regular:1/0,impassive:2/0,surprised:3/1,scared:4/0,curious:5/1,threatening:6/0
[hunav_agent_manager-3] Updating goal for agent 2
[hunav_agent_manager-3] 
[hunav_agent_manager-3] Updating goal for agent 1
[hunav_agent_manager-3] 
[hunav_agent_manager-3] Updating goal for agent 6
[hunav_agent_manager-3] 
[bt_navigator-12] [INFO] [1789643341.859849451] [bt_navigator]: Begin navigating from current location (3.00, 3.00) to (3.60, 3.00)
[controller_server-8] [INFO] [1789643342.061388409] [controller_server]: Received a goal, begin computing control effort.
[controller_server-8] [WARN] [1789643342.061703332] [controller_server]: No goal checker was specified in parameter 'current_goal_checker'. Server will use only plugin loaded goal_checker . This warning will appear once.
[mpc_command_watchdog-17] [WARN] [1789643342.136762065] [mpc_command_watchdog]: publishing zero command: command_sequence
[controller_server-8] [INFO] [1789643342.561854886] [controller_server]: Passing new path to controller.
[mpc_command_watchdog-17] [INFO] [1789643343.056515081] [mpc_command_watchdog]: command forwarding enabled
[controller_server-8] [INFO] [1789643343.061862415] [controller_server]: Passing new path to controller.
[controller_server-8] [INFO] [1789643343.561862297] [controller_server]: Passing new path to controller.
[controller_server-8] [INFO] [1789643344.061854483] [controller_server]: Passing new path to controller.
[controller_server-8] [INFO] [1789643344.561858047] [controller_server]: Passing new path to controller.
[controller_server-8] [INFO] [1789643345.061854482] [controller_server]: Passing new path to controller.
[controller_server-8] [INFO] [1789643345.561847544] [controller_server]: Passing new path to controller.
[controller_server-8] [INFO] [1789643346.061840230] [controller_server]: Passing new path to controller.
[controller_server-8] [INFO] [1789643346.561833505] [controller_server]: Passing new path to controller.
[controller_server-8] [INFO] [1789643347.061837149] [controller_server]: Passing new path to controller.
[controller_server-8] [INFO] [1789643347.561833297] [controller_server]: Passing new path to controller.
[controller_server-8] [INFO] [1789643348.061835303] [controller_server]: Passing new path to controller.
[controller_server-8] [INFO] [1789643348.561840107] [controller_server]: Passing new path to controller.
[controller_server-8] [INFO] [1789643349.061883259] [controller_server]: Passing new path to controller.
[controller_server-8] [INFO] [1789643349.561971787] [controller_server]: Passing new path to controller.
[controller_server-8] [INFO] [1789643350.061836766] [controller_server]: Passing new path to controller.
[controller_server-8] [INFO] [1789643350.561842561] [controller_server]: Passing new path to controller.
[controller_server-8] [INFO] [1789643351.061832034] [controller_server]: Passing new path to controller.
[controller_server-8] [INFO] [1789643351.561836863] [controller_server]: Passing new path to controller.
[controller_server-8] [INFO] [1789643352.061841481] [controller_server]: Passing new path to controller.
[controller_server-8] [INFO] [1789643352.561844697] [controller_server]: Passing new path to controller.
[controller_server-8] [INFO] [1789643353.061856804] [controller_server]: Passing new path to controller.
[controller_server-8] [INFO] [1789643353.561842920] [controller_server]: Passing new path to controller.
[controller_server-8] [INFO] [1789643354.061843695] [controller_server]: Passing new path to controller.
[controller_server-8] [INFO] [1789643354.561845163] [controller_server]: Passing new path to controller.
[controller_server-8] [INFO] [1789643355.061847525] [controller_server]: Passing new path to controller.
[controller_server-8] [INFO] [1789643355.561848661] [controller_server]: Passing new path to controller.
[controller_server-8] [INFO] [1789643356.061845497] [controller_server]: Passing new path to controller.
[controller_server-8] [INFO] [1789643356.304317080] [controller_server]: Reached the goal!
[hunav_agent_manager-3] Updating goal for agent 6
[hunav_agent_manager-3] 
[mpc_command_watchdog-17] [WARN] [1789643356.555970677] [mpc_command_watchdog]: publishing zero command: status_lease
[hunav_six_behaviors_bridge-5] [INFO] [1789643356.739402731] [arena_hunav_isaac_bridge]: SIX_BEHAVIORS_RUNNING compute=1000 updates=391 compute_hz=12.4 display_hz=4.8 max_dt=0.025 lag=0.008 substeps=999 states=regular:1/0,impassive:2/0,surprised:3/1,scared:4/0,curious:5/0,threatening:6/0
[bt_navigator-12] [INFO] [1789643356.760315493] [bt_navigator]: Goal succeeded
[WARNING] [launch]: user interrupted with ctrl-c (SIGINT)
[bt_navigator-12] [INFO] [1789643360.844915935] [rclcpp]: signal_handler(signum=2)
[bt_navigator-12] [INFO] [1789643360.845080507] [bt_navigator]: Running Nav2 LifecycleNode rcl preshutdown (bt_navigator)
[bt_navigator-12] [INFO] [1789643360.845307063] [bt_navigator]: Deactivating
[bt_navigator-12] [INFO] [1789643360.845348133] [bt_navigator]: Destroying bond (bt_navigator) to lifecycle manager.
[smoother_server-9] [INFO] [1789643360.844942783] [rclcpp]: signal_handler(signum=2)
[smoother_server-9] [INFO] [1789643360.845187394] [smoother_server]: Running Nav2 LifecycleNode rcl preshutdown (smoother_server)
[smoother_server-9] [INFO] [1789643360.845389424] [smoother_server]: Deactivating
[smoother_server-9] [INFO] [1789643360.845432128] [smoother_server]: Destroying bond (smoother_server) to lifecycle manager.
[waypoint_follower-13] [INFO] [1789643360.844944115] [rclcpp]: signal_handler(signum=2)
[waypoint_follower-13] [INFO] [1789643360.845186101] [waypoint_follower]: Running Nav2 LifecycleNode rcl preshutdown (waypoint_follower)
[waypoint_follower-13] [INFO] [1789643360.845411148] [waypoint_follower]: Deactivating
[waypoint_follower-13] [INFO] [1789643360.845449311] [waypoint_follower]: Destroying bond (waypoint_follower) to lifecycle manager.
[lifecycle_manager-15] [INFO] [1789643360.844949649] [rclcpp]: signal_handler(signum=2)
[lifecycle_manager-15] [INFO] [1789643360.845205824] [lifecycle_manager_navigation]: Running Nav2 LifecycleManager rcl preshutdown (lifecycle_manager_navigation)
[lifecycle_manager-15] [INFO] [1789643360.845346669] [lifecycle_manager_navigation]: [34m[1mTerminating bond timer...[0m[0m
[behavior_server-11] [INFO] [1789643360.844965469] [rclcpp]: signal_handler(signum=2)
[behavior_server-11] [INFO] [1789643360.845304302] [behavior_server]: Running Nav2 LifecycleNode rcl preshutdown (behavior_server)
[behavior_server-11] [INFO] [1789643360.845671994] [behavior_server]: Deactivating
[behavior_server-11] [INFO] [1789643360.845730998] [behavior_server]: Destroying bond (behavior_server) to lifecycle manager.
[hunav_loader-2] [INFO] [1789643360.844978491] [rclcpp]: signal_handler(signum=2)
[lifecycle_manager-7] [INFO] [1789643360.844989896] [rclcpp]: signal_handler(signum=2)
[lifecycle_manager-7] [INFO] [1789643360.845309463] [lifecycle_manager_map]: Running Nav2 LifecycleManager rcl preshutdown (lifecycle_manager_map)
[lifecycle_manager-7] [INFO] [1789643360.845517998] [lifecycle_manager_map]: [34m[1mTerminating bond timer...[0m[0m
[map_server-6] [INFO] [1789643360.845024815] [rclcpp]: signal_handler(signum=2)
[map_server-6] [INFO] [1789643360.845256575] [map_server]: Running Nav2 LifecycleNode rcl preshutdown (map_server)
[map_server-6] [INFO] [1789643360.845432749] [map_server]: Deactivating
[map_server-6] [INFO] [1789643360.845476412] [map_server]: Destroying bond (map_server) to lifecycle manager.
[hunav_agent_manager-3] [INFO] [1789643360.844997895] [rclcpp]: signal_handler(signum=2)
[robot_state_publisher-4] [INFO] [1789643360.845036048] [rclcpp]: signal_handler(signum=2)
[velocity_smoother-14] [INFO] [1789643360.845060302] [rclcpp]: signal_handler(signum=2)
[velocity_smoother-14] [INFO] [1789643360.845371003] [velocity_smoother]: Running Nav2 LifecycleNode rcl preshutdown (velocity_smoother)
[velocity_smoother-14] [INFO] [1789643360.845696101] [velocity_smoother]: Deactivating
[velocity_smoother-14] [INFO] [1789643360.845759181] [velocity_smoother]: Destroying bond (velocity_smoother) to lifecycle manager.
[planner_server-10] [INFO] [1789643360.845038103] [rclcpp]: signal_handler(signum=2)
[planner_server-10] [INFO] [1789643360.845259834] [planner_server]: Running Nav2 LifecycleNode rcl preshutdown (planner_server)
[planner_server-10] [INFO] [1789643360.845451792] [planner_server]: Deactivating
[planner_server-10] [INFO] [1789643360.845562692] [global_costmap.global_costmap]: Deactivating
[mpc_command_watchdog-17] [INFO] [1789643360.845138279] [rclcpp]: signal_handler(signum=2)
[controller_server-8] [INFO] [1789643360.845998479] [rclcpp]: signal_handler(signum=2)
[controller_server-8] [INFO] [1789643360.846259871] [controller_server]: Running Nav2 LifecycleNode rcl preshutdown (controller_server)
[controller_server-8] [INFO] [1789643360.846488617] [controller_server]: Deactivating
[controller_server-8] [INFO] [1789643360.846670183] [local_costmap.local_costmap]: Deactivating
[bt_navigator-12] [INFO] [1789643360.855667234] [bt_navigator]: Cleaning up
[waypoint_follower-13] [INFO] [1789643360.855793697] [waypoint_follower]: Cleaning up
[waypoint_follower-13] [INFO] [1789643360.864445651] [waypoint_follower]: Destroying bond (waypoint_follower) to lifecycle manager.
[smoother_server-9] [INFO] [1789643360.855830319] [smoother_server]: Cleaning up
[map_server-6] [INFO] [1789643360.855877778] [map_server]: Cleaning up
[map_server-6] [INFO] [1789643360.856156634] [map_server]: Destroying bond (map_server) to lifecycle manager.
[map_server-6] [INFO] [1789643360.864022512] [map_server]: Destroying
[behavior_server-11] [INFO] [1789643360.856195781] [behavior_server]: Cleaning up
[velocity_smoother-14] [INFO] [1789643360.856198612] [velocity_smoother]: Cleaning up
[velocity_smoother-14] [INFO] [1789643360.856288546] [velocity_smoother]: Destroying bond (velocity_smoother) to lifecycle manager.
[velocity_smoother-14] [INFO] [1789643360.864179442] [velocity_smoother]: Destroying
[controller_server-8] [INFO] [1789643360.864163433] [controller_server]: Destroying bond (controller_server) to lifecycle manager.
[lifecycle_manager-7] [INFO] [1789643360.864474705] [lifecycle_manager_map]: Destroying lifecycle_manager_map
[waypoint_follower-13] [INFO] [1789643360.868201191] [waypoint_follower]: Destroying
[smoother_server-9] [INFO] [1789643360.870626307] [smoother_server]: Destroying bond (smoother_server) to lifecycle manager.
[behavior_server-11] [INFO] [1789643360.871794068] [behavior_server]: Destroying bond (behavior_server) to lifecycle manager.
[smoother_server-9] [INFO] [1789643360.873146914] [smoother_server]: Destroying
[controller_server-8] [INFO] [1789643360.874607483] [controller_server]: Cleaning up
[behavior_server-11] [INFO] [1789643360.889412728] [behavior_server]: Destroying
[bt_navigator-12] [INFO] [1789643360.904832500] [bt_navigator]: Completed Cleaning up
[bt_navigator-12] [INFO] [1789643360.904910154] [bt_navigator]: Destroying bond (bt_navigator) to lifecycle manager.
[bt_navigator-12] [INFO] [1789643360.911259006] [bt_navigator]: Destroying
[controller_server-8] [INFO] [1789643360.937187057] [local_costmap.local_costmap]: Cleaning up
[python-1] 2026-09-17T11:07:55Z [40,096ms] [Warning] [isaacsim.core.simulation_manager.plugin] getSimulationTimeMonotonicAtTime: no data found for time 176/30, returning current sim time
[python-1] 2026-09-17T11:07:56Z [41,185ms] [Warning] [carb] Client gpu.foundation.plugin has acquired [gpu::unstable::IMemoryBudgetManagerFactory v0.1] 100 times. Consider accessing this interface with carb::getCachedInterface() (Performance warning)
[lifecycle_manager-15] [INFO] [1789643360.952405444] [lifecycle_manager_navigation]: Destroying lifecycle_manager_navigation
[controller_server-8] [INFO] [1789643360.953968852] [controller_server]: Destroying bond (controller_server) to lifecycle manager.
[controller_server-8] [INFO] [1789643360.958666578] [local_costmap.local_costmap]: Destroying
[controller_server-8] [INFO] [1789643360.967202844] [controller_server]: Destroying
[INFO] [robot_state_publisher-4]: process has finished cleanly [pid 167800]
[INFO] [hunav_loader-2]: process has finished cleanly [pid 167796]
[INFO] [mpc_command_watchdog-17]: process has finished cleanly [pid 167826]
[INFO] [hunav_agent_manager-3]: process has finished cleanly [pid 167798]
[INFO] [velocity_smoother-14]: process has finished cleanly [pid 167820]
[INFO] [lifecycle_manager-7]: process has finished cleanly [pid 167806]
[INFO] [waypoint_follower-13]: process has finished cleanly [pid 167818]
[INFO] [map_server-6]: process has finished cleanly [pid 167804]
[INFO] [smoother_server-9]: process has finished cleanly [pid 167810]
[INFO] [behavior_server-11]: process has finished cleanly [pid 167814]
[INFO] [mpc_visualizer.py-16]: process has finished cleanly [pid 167824]
[planner_server-10] [INFO] [1789643361.032692864] [planner_server]: Deactivating plugin GridBased of type NavfnPlanner
[planner_server-10] [INFO] [1789643361.032778207] [planner_server]: Destroying bond (planner_server) to lifecycle manager.
[INFO] [bt_navigator-12]: process has finished cleanly [pid 167816]
[planner_server-10] [INFO] [1789643361.042994453] [planner_server]: Cleaning up
[planner_server-10] [INFO] [1789643361.050591925] [global_costmap.global_costmap]: Cleaning up
[planner_server-10] [INFO] [1789643361.054205042] [planner_server]: Cleaning up plugin GridBased of type NavfnPlanner
[planner_server-10] [INFO] [1789643361.054433770] [planner_server]: Destroying plugin GridBased of type NavfnPlanner
[planner_server-10] [INFO] [1789643361.060393713] [planner_server]: Destroying bond (planner_server) to lifecycle manager.
[planner_server-10] [INFO] [1789643361.064556217] [global_costmap.global_costmap]: Destroying
[INFO] [hunav_six_behaviors_bridge-5]: process has finished cleanly [pid 167802]
[planner_server-10] [INFO] [1789643361.073641811] [planner_server]: Destroying
[INFO] [lifecycle_manager-15]: process has finished cleanly [pid 167822]
[INFO] [controller_server-8]: process has finished cleanly [pid 167808]
[INFO] [planner_server-10]: process has finished cleanly [pid 167812]
[INFO] [python-1]: process has finished cleanly [pid 167794]
