mode,t,x,y,vx,vy,gap_r1,gap_r2,force_r1,force_r2,arrived
legacy_r1,0,10,10,0,0,0.530624847487,0.530624847487,0,0,0
legacy_r1,0.025,10.0024371398,10.0000502882,0.0974855917673,0.00201152658614,0.528754129477,0.528691206479,0,0,0
legacy_r1,0.05,10.0070913968,10.0002765956,0.186170281487,0.00905229568262,0.525268647636,0.52492157322,0,0,0
legacy_r1,0.075,10.0137095112,10.0007266436,0.264724573113,0.0180019201762,0.520406268123,0.519490774559,0,0,0
legacy_r1,0.1,10.0220668644,10.0014325818,0.334294128373,0.0282375291325,0.51437628929,0.512562132805,0,0,0
legacy_r1,0.125,10.0319690172,10.0024096992,0.396086112297,0.0390846964708,0.507356476533,0.504286359503,0,0,0
legacy_r1,0.15,10.0432499606,10.0036586383,0.45123773594,0.0499575629095,0.49949503593,0.494801270218,0,0,0
legacy_r1,0.175,10.0557685145,10.0051688524,0.500742157754,0.0604085661638,0.490914976578,0.484232413821,0,0,0
legacy_r1,0.2,10.0694041616,10.0069220382,0.545425883859,0.0701274326019,0.48171903867,0.472694265892,0,0,0
legacy_r1,0.225,10.0840531051,10.00889502,0.585957741077,0.0789192721052,0.471994217521,0.460291619201,0,0,0
legacy_r1,0.25,10.0996249093,10.0110619727,0.622872166441,0.0866781049414,0.461815508837,0.447120927441,0,0,0
legacy_r1,0.275,10.1160398087,10.0133960444,0.65659597392,0.0933628685288,0.451248827224,0.43327148317,0,0,0
legacy_r1,0.3,10.1332266358,10.0158704952,0.687473086532,0.0989780333655,0.440353195412,0.418826396491,0,0,0
legacy_r1,0.325,10.1511212629,10.0184594655,0.715785082038,0.103558810627,0.429182346797,0.403863387691,0,0,0
legacy_r1,0.35,10.1696654429,10.0211384707,0.741767201654,0.107160208682,0.417785881387,0.388455426676,0,0,0
legacy_r1,0.375,10.1888059503,10.0238846979,0.765620294619,0.109849088726,0.406210094134,0.372671255729,0,0,0
legacy_r1,0.4,10.2084939367,10.0266771599,0.787519455154,0.111698481196,0.394498569286,0.356575828069,0,0,0
legacy_r1,0.425,10.2286844398,10.0294967495,0.807620124492,0.112783582495,0.382692610955,0.340230687735,0,0,0
legacy_r1,0.45,10.2493359981,10.0323262244,0.826062332188,0.113178993764,0.370831560737,0.323694309202,0,0,0
legacy_r1,0.475,10.2704103385,10.0351501462,0.842973617433,0.112956875132,0.358953038192,0.307022408926,0,0,0
legacy_r1,0.5,10.2918721145,10.0379547905,0.858471040923,0.112185772085,0.347093128756,0.2902682363,0,0,0
legacy_r1,0.525,10.3136886792,10.0407280388,0.87266258651,0.110929931648,0.335286535593,0.273482847975,0,0,0
legacy_r1,0.55,10.3358298833,10.0434592631,0.885648163537,0.109248971084,0.323566706107,0.256715367188,0,0,0
legacy_r1,0.575,10.3582678921,10.046139208,0.897520354104,0.107197795437,0.311965939928,0.240013228196,0,0,0
legacy_r1,0.6,10.3809770172,10.0487598751,0.908365001122,0.104826685682,0.300515482474,0.223422404971,0,0,0
legacy_r1,0.625,10.4039335596,10.0513144126,0.918261698818,0.1021814987,0.289245606406,0.206987622762,0,0,0
legacy_r1,0.65,10.4271156652,10.053797011,0.927284224039,0.0993039353258,0.278185682154,0.190752550805,0,0,0
legacy_r1,0.675,10.4505031885,10.0562028071,0.935500931012,0.0962318442928,0.267364237974,0.174759974278,0,0,0
legacy_r1,0.7,10.4740775666,10.0585277956,0.942975122128,0.0929995388427,0.256809009567,0.159051943486,0,0,0
legacy_r1,0.725,10.4978217016,10.0607687483,0.949765400929,0.0896381096611,0.24654697905,0.143669898168,0,0,0
legacy_r1,0.75,10.5217198518,10.0629231414,0.955926009657,0.0861757230661,0.236604403024,0.128654764772,0,0,0
legacy_r1,0.775,10.5457575306,10.0649890888,0.961507151591,0.0826378973904,0.227006829434,0.114047024507,0,0,0
legacy_r1,0.8,10.569921413,10.0669652827,0.966555297326,0.0790477535337,0.217779103039,0.0998867499823,0,0,0
legacy_r1,0.825,10.5941992499,10.0688509386,0.971113473775,0.0754262379303,0.208945359389,0.0862136083424,0,0,0
legacy_r1,0.85,10.6185797883,10.0706457465,0.975221534699,0.0717923178604,0.200529007397,0.0730668289741,0,0,0
legacy_r1,0.875,10.6430526986,10.0723498253,0.978916411853,0.0681631502561,0.192552700762,0.0604851341928,0,0,0
legacy_r1,0.9,10.6676085072,10.073963681,0.982232346215,0.064554226012,0.185038298736,0.048506631817,0,0,0
legacy_r1,0.925,10.6922385347,10.0754881683,0.985201099191,0.0609794923909,0.178006816945,0.0371686692561,0,0,0
legacy_r1,0.95,10.7169348383,10.0769244547,0.987852144142,0.0574514564646,0.17147836924,0.0265076496862,0,0,0
legacy_r1,0.975,10.7416901593,10.0782739865,0.99021283897,0.0539812726941,0.165472101796,0.0165588120914,0,0,0
legacy_r1,1,10.7664978738,10.0795384569,0.992308580831,0.0505788177689,0.160006120954,0.00735597837525,0,0,0
legacy_r1,1.025,10.7913519474,10.0807197758,0.994162944356,0.0472527557131,0.155097416519,-0.00106872762593,0,0,0
legacy_r1,1.05,10.8162468925,10.0818200407,0.995797804932,0.0440105960528,0.15076178246,-0.008685182661,0,0,0
legacy_r1,1.075,10.8411777287,10.0828415094,0.997233448756,0.0408587475449,0.14701373713,-0.0154655797975,0,0,0
legacy_r1,1.1,10.8661399455,10.0837865737,0.998488671412,0.0378025696133,0.143866445261,-0.0213847474447,0,0,0
legacy_r1,1.125,10.8911247682,10.0846575704,0.999392907421,0.0348398707884,0.141332055417,-0.026419591446,0,0,0
legacy_r1,1.15,10.916111995,10.0854566318,0.999489070192,0.0319624555705,0.139421522237,-0.0305492216958,0,0,0
legacy_r1,1.175,10.9411013295,10.0861868104,0.99957338033,0.0292071452799,0.13814194609,-0.0337609875424,0,0,0
legacy_r1,1.2,10.9660925023,10.0868510986,0.99964691468,0.0265715255787,0.137499064487,-0.0360454678472,0,0,0
legacy_r1,1.225,10.9910852694,10.0874524276,0.999710680896,0.0240531599372,0.137497202054,-0.0373966633718,0,0,0
legacy_r1,1.25,11.0160794099,10.087993666,0.999765621339,0.0216495355511,0.138139233587,-0.0378121265335,0,0,0
legacy_r1,1.275,11.0410747253,10.0884776166,0.99981261587,0.0193580253982,0.139426561486,-0.0372930229601,0,0,0
legacy_r1,1.3,11.0660710374,10.0889070132,0.99985248396,0.0171758644059,0.141359108405,-0.0358441221778,0,0,0
legacy_r1,1.325,11.0910681871,10.0892845167,0.999885986421,0.0151001377075,0.143935325553,-0.0334737178954,0,0,0
legacy_r1,1.35,11.1160660327,10.0896127111,0.999913826996,0.0131277790086,0.147152216613,-0.0301934814632,0,0,0
legacy_r1,1.375,11.1410644491,10.0898941006,0.999936653985,0.0112555771696,0.151005376798,-0.0260182549256,0,0,0
legacy_r1,1.4,11.1660633256,10.0901311053,0.999955061996,0.00948018922488,0.155489046173,-0.0209657924472,0,0,0
legacy_r1,1.425,11.1910625655,10.0903260593,0.999969593902,0.00779815820909,0.160596175982,-0.0150564606045,0,0,0
legacy_r1,1.45,11.216062084,10.0904812076,0.999980743004,0.0062059343281,0.166318506456,-0.00831290902779,0,0,0
legacy_r1,1.475,11.2410618079,10.0905987051,0.999988955417,0.00469989819355,0.172646654311,-0.000759723121504,0,0,0
legacy_r1,1.5,11.2660616738,10.0906806147,0.999994632636,0.00327638502843,0.179570208015,0.00757692983041,0,0,0
legacy_r1,1.525,11.2910616271,10.0907289074,0.999998134249,0.00193170893529,0.187077828828,0.0166696508594,0,0,0
legacy_r1,1.55,11.3160616216,10.0907454621,0.999999780754,0.000662186496167,0.195157355618,0.0264901468959,0,0,0
legacy_r1,1.575,11.341061618,10.0907320661,0.999999856437,-0.000535840863246,0.203795911503,0.0370095484918,0,0,0
legacy_r1,1.6,11.3660615833,10.0906904164,0.999998612244,-0.00166598616523,0.212980010525,0.0481987021925,0,0,0
legacy_r1,1.625,11.3910614901,10.0906221215,0.999996268633,-0.00273179811834,0.222695662694,0.0600284338112,0,0,0
legacy_r1,1.65,11.4160613155,10.0905287028,0.999993018346,-0.00373674448327,0.232928475957,0.0724697804579,0,0,0
legacy_r1,1.675,11.4410610412,10.0904115979,0.999989029086,-0.00468419765552,0.243663753879,0.0854941905861,0,0,0
legacy_r1,1.7,11.4660606524,10.0902721623,0.999984446058,-0.00557742248002,0.254886587998,0.0990736924841,0,0,0
legacy_r1,1.725,11.4910601373,10.0901116732,0.999979394372,-0.00641956625471,0.266581944129,0.113181032553,0,0,0
legacy_r1,1.75,11.5160594868,10.0899313319,0.999973981282,-0.00721365083549,0.278734742007,0.127789785376,0,0,0
legacy_r1,1.775,11.5410586942,10.0897322677,0.999968298263,-0.00796256672274,0.291329927964,0.142874438041,0,0,0
legacy_r1,1.8,11.5660577548,10.089515541,0.999962422915,-0.00866906898704,0.304352540422,0.158410451419,0,0,0
legacy_r1,1.825,11.5910566653,10.0892821466,0.999956420704,-0.00933577487749,0.317787768226,0.174374301199,0,0,0
legacy_r1,1.85,11.616055424,10.0890330176,0.999950346531,-0.00996516294803,0.331621001906,0.190743501462,0,0,0
legacy_r1,1.875,11.6410540302,10.0887690282,0.999944246149,-0.0105595735348,0.345837878116,0.207496613455,0,0,0
legacy_r1,1.9,11.6660524841,10.088490998,0.999938157427,-0.0111212104182,0.360424317562,0.224613242024,0,0,0
legacy_r1,1.925,11.6910507869,10.0881996944,0.999932111471,-0.0116521435091,0.375366556789,0.242074021994,0,0,0
legacy_r1,1.95,11.7160489402,10.0878958366,0.999926133617,-0.012154312402,0.390651174279,0.259860596495,0,0,0
legacy_r1,1.975,11.7410469463,10.0875800983,0.999920244297,-0.0126295306503,0.406265111279,0.277955589012,0,0,0
legacy_r1,2,11.7660448078,10.087253111,0.999914459804,-0.0130794906241,0.422195687858,0.296342570721,0,0,0
legacy_r1,2.025,11.7910425276,10.0869154668,0.999908792945,-0.0135057688236,0.438430614642,0.315006024394,0,0,0
legacy_r1,2.05,11.816040109,10.086567721,0.999903253613,-0.0139098315297,0.454958000695,0.333931306005,0,0,0
legacy_r1,2.075,11.8410375552,10.086210395,0.999897849277,-0.0142930406863,0.471766357987,0.35310460495,0,0,0
legacy_r1,2.1,11.8660348698,10.0858439785,0.999892585391,-0.0146566599174,0.488844602872,0.372512903628,0,0,0
legacy_r1,2.125,11.8910320565,10.085468932,0.999887465757,-0.0150018605946,0.506182054972,0.392143937002,0,0,0
legacy_r1,2.15,11.9160291188,10.0850856888,0.999882492818,-0.0153297278801,0.523768433836,0.411986152612,0,0,0
legacy_r1,2.175,11.9410260605,10.0846946571,0.999877667906,-0.0156412666802,0.541593853704,0.432028671431,0,0,0
legacy_r1,2.2,11.9660228853,10.084296222,0.999872991456,-0.0159374074563,0.559648816695,0.452261249824,0,0,0
legacy_r1,2.225,11.9910195969,10.0838907467,0.999868463176,-0.0162190118462,0.577924204694,0.472674242845,0,0,0
legacy_r1,2.25,12.0160161989,10.0834785747,0.999864082189,-0.0164868780599,0.596411270173,0.493258569002,0,0,0
legacy_r1,2.275,12.0410126951,10.0830600311,0.999859847149,-0.016741746022,0.615101626188,0.514005676589,0,0,0
legacy_r1,2.3,12.066009089,10.0826354235,0.999855756336,-0.0169843022381,0.633987235735,0.534907511647,0,0,0
legacy_r1,2.325,12.0910053842,10.0822050439,0.999851807733,-0.0172151843711,0.653060400637,0.555956487558,0,0,0
legacy_r1,2.35,12.1160015842,10.0817691692,0.999847999088,-0.0174349855198,0.672313750109,0.577145456289,0,0,0
legacy_r1,2.375,12.1409976924,10.0813280628,0.999844327959,-0.0176442581952,0.691740229133,0.598467681243,0,0,0
legacy_r1,2.4,12.1659937122,10.0808819748,0.999840791759,-0.0178435179963,0.711333086757,0.619916811688,0,0,0
legacy_r1,2.425,12.1909896469,10.0804311437,0.99983738778,-0.0180332469903,0.731085864394,0.64148685871,0,0,0
legacy_r1,2.45,12.2159854997,10.0799757963,0.999834113222,-0.0182138968061,0.750992384218,0.663172172624,0,0,0
legacy_r1,2.475,12.2409812738,10.079516149,0.999830965211,-0.0183858914509,0.77104673771,0.684967421796,0,0,0
legacy_r1,2.5,12.2659769724,10.0790524082,0.999827940814,-0.0185496298636,0.791243274415,0.706867572785,0,0,0
legacy_r1,2.525,12.2909725983,10.078584771,0.999825037049,-0.0187054882192,0.811576590939,0.728867871763,0,0,0
legacy_r1,2.55,12.3159681546,10.0781134255,0.999822250901,-0.0188538220004,0.832041520245,0.750963827113,0,0,0
legacy_r1,2.575,12.340963644,10.0776385513,0.999819579322,-0.0189949678508,0.852633121241,0.773151193168,0,0,0
legacy_r1,2.6,12.3659590695,10.0771603201,0.999817019248,-0.0191292452285,0.873346668712,0.795425955,0,0,0
legacy_r1,2.625,12.3909544337,10.0766788962,0.999814567594,-0.0192569578745,0.894177643588,0.817784314207,0,0,0
legacy_r1,2.65,12.4159497392,10.0761944363,0.999812221271,-0.0193783951139,0.915121723561,0.840222675629,0,0,0
legacy_r1,2.675,12.4409449887,10.0757070905,0.999809977183,-0.0194938330039,0.936174774067,0.862737634939,0,0,0
legacy_r1,2.7,12.4659401845,10.0752170021,0.999807832237,-0.0196035353455,0.957332839615,0.885325967049,0,0,0
legacy_r1,2.725,12.4909353291,10.0747243082,0.999805783345,-0.019707754572,0.978592135485,0.907984615279,0,0,0
legacy_r1,2.75,12.5159304247,10.0742291399,0.999803827431,-0.0198067325281,0.999949039761,0.930710681231,0,0,0
legacy_r1,2.775,12.5409254738,10.0737316224,0.999801961437,-0.0199007011534,1.02140008573,0.953501415338,0,0,0
legacy_r1,2.8,12.5659204783,10.0732318753,0.999800182324,-0.0199898830797,1.0429419546,0.976354208017,0,0,0
legacy_r1,2.825,12.5909154405,10.072730013,0.999798487079,-0.0200744921551,1.06457146855,0.999266581412,0,0,0
legacy_r1,2.85,12.6159103623,10.0722261447,0.99979687272,-0.0201547339039,1.08628558415,1.02223618167,0,0,0
legacy_r1,2.875,12.6409052457,10.0717203745,0.999795336302,-0.0202308059302,1.10808138596,1.0452607717,0,0,0
legacy_r1,2.9,12.6659000926,10.0712128021,0.999793874917,-0.0203028982751,1.12995608062,1.06833822444,0,0,0
legacy_r1,2.925,12.6908949048,10.0707035222,0.999792485702,-0.0203711937326,1.15190699103,1.09146651651,0,0,0
legacy_r1,2.95,12.7158896839,10.0701926255,0.999791165841,-0.0204358681321,1.17393155097,1.11464372232,0,0,0
legacy_r1,2.975,12.7408844317,10.0696801982,0.99978991257,-0.0204970905918,1.19602729987,1.13786800848,0,0,0
legacy_r1,3,12.7658791498,10.0691663227,0.99978872318,-0.0205550237491,1.21819187787,1.16113762865,0,0,0
legacy_r1,3.025,12.7908738397,10.0686510771,0.99978759502,-0.0206098239709,1.24042302119,1.18445091866,0,0,0
legacy_r1,3.05,12.8158685028,10.068134536,0.999786525499,-0.0206616415482,1.2627185576,1.20780629197,0,0,0
legacy_r1,3.075,12.8408631406,10.0676167705,0.999785512089,-0.0207106208779,1.28507640223,1.23120223534,0,0,0
legacy_r1,3.1,12.8658577544,10.067097848,0.999784552329,-0.0207569006343,1.30749455351,1.25463730489,0,0,0
legacy_r1,3.125,12.8908523455,10.0665778326,0.999783643825,-0.0208006139326,1.32997108936,1.27811012229,0,0,0
legacy_r1,3.15,12.9158469151,10.0660567854,0.999782784251,-0.0208418884856,1.35250416355,1.30161937123,0,0,0
legacy_r1,3.175,12.9408414644,10.0655347643,0.999781971351,-0.0208808467566,1.37509200226,1.32516379413,0,0,0
legacy_r1,3.2,12.9658359945,10.0650118241,0.999781202941,-0.0209176061071,1.39773290076,1.348742189,0,0,0
legacy_r1,3.225,12.9908305064,10.0644880171,0.999780476908,-0.0209522789432,1.42042522031,1.37235340652,0,0,0
legacy_r1,3.25,13.0158250012,10.0639633928,0.999779791211,-0.0209849728584,1.4431673852,1.39599634728,0,0,0
legacy_r1,3.275,13.0408194798,10.063437998,0.99977914388,-0.021015790776,1.4659578799,1.41966995918,0,0,0
legacy_r1,3.3,13.0658139431,10.0629118773,0.999778533018,-0.0210448310893,1.48879524643,1.44337323505,0,0,0
legacy_r1,3.325,13.090808392,10.0623850726,0.999777956799,-0.0210721878013,1.51167808177,1.46710521026,0,0,0
legacy_r1,3.35,13.1158028274,10.0618576238,0.999777413467,-0.0210979506632,1.53460503544,1.49086496064,0,0,0
legacy_r1,3.375,13.1407972499,10.0613295687,0.999776901335,-0.0211222053118,1.55757480724,1.51465160042,0,0,0
legacy_r1,3.4,13.1657916604,10.0608009428,0.999776418787,-0.0211450334063,1.580586145,1.5384642803,0,0,0
legacy_r1,3.425,13.1907860595,10.06027178,0.999775964273,-0.0211665127638,1.60363784254,1.56230218566,0,0,0
legacy_r1,3.45,13.2157804479,10.0597421121,0.999775536309,-0.0211867174934,1.62672873767,1.58616453484,0,0,0
legacy_r1,3.475,13.2407748262,10.0592119691,0.999775133477,-0.0212057181295,1.6498577103,1.61005057753,0,0,0
legacy_r1,3.5,13.2657691951,10.0586813796,0.999774754421,-0.021223581763,1.67302368065,1.63395959327,0,0,0
legacy_r1,3.525,13.290763555,10.0581503703,0.999774397847,-0.021240372171,1.69622560755,1.65789089,0,0,0
legacy_r1,3.55,13.3157579066,10.0576189665,0.999774062521,-0.0212561499449,1.71946248679,1.68184380271,0,0,0
legacy_r1,3.575,13.3407522503,10.0570871922,0.999773747267,-0.0212709726156,1.74273334959,1.70581769216,0,0,0
legacy_r1,3.6,13.3657465865,10.0565550698,0.999773450965,-0.0212848947777,1.76603726113,1.72981194366,0,0,0
legacy_r1,3.625,13.3907409159,10.0560226206,0.99977317255,-0.0212979682097,1.7893733191,1.75382596595,0,0,0
legacy_r1,3.65,13.4157352386,10.0554898646,0.999772911008,-0.0213102419932,1.81274065242,1.77785919009,0,0,0
legacy_r1,3.675,13.4407295553,10.0549568205,0.999772665379,-0.0213217626279,1.8361384199,1.80191106844,0,0,0
legacy_r1,3.7,13.4657238661,10.0544235062,0.999772434747,-0.0213325741452,1.85956580908,1.82598107372,0,0,0
legacy_r1,3.725,13.4907181716,10.0538899382,0.999772218247,-0.0213427182175,1.88302203501,1.85006869805,0,0,0
legacy_r1,3.75,13.515712472,10.0533561323,0.999772015057,-0.0213522342653,1.9065063392,1.8741734521,0,0,0
legacy_r1,3.775,13.5407067676,10.0528221034,0.999771824399,-0.0213611595608,1.93001798852,1.89829486425,0,0,0
legacy_r1,3.8,13.5657010587,10.0522878651,0.999771645535,-0.0213695293287,1.95355627419,1.92243247984,0,0,0
legacy_r1,3.825,13.5906953457,10.0517534307,0.999771477768,-0.021377376843,1.97712051086,1.94658586039,0,0,0
legacy_r1,3.85,13.6156896287,10.0512188124,0.999771320439,-0.0213847335216,2.00071003562,1.97075458292,0,0,0
legacy_r1,3.875,13.640683908,10.0506840216,0.999771172923,-0.0213916290166,2.02432420719,1.99493823926,0,0,0
legacy_r1,3.9,13.6656781839,10.0501490694,0.999771034632,-0.021398091302,2.04796240504,2.01913643544,0,0,0
legacy_r1,3.925,13.6906724565,10.0496139657,0.999770905009,-0.021404146758,2.0716240286,2.04334879107,0,0,0
legacy_r1,3.95,13.7156667261,10.0490787202,0.999770783528,-0.0214098202516,2.09530849648,2.06757493877,0,0,0
legacy_r1,3.975,13.7406609928,10.0485433418,0.999770669696,-0.0214151352149,2.11901524577,2.09181452362,0,0,0
legacy_r1,4,13.7656552569,10.048007839,0.999770563043,-0.0214201137193,2.14274373129,2.11606720267,0,0,0
legacy_r1,4.025,13.7906495185,10.0474722195,0.999770463131,-0.0214247765473,2.16649342496,2.1403326444,0,0,0
legacy_r1,4.05,13.8156437777,10.046936491,0.999770369544,-0.0214291432606,2.19026381515,2.16461052828,0,0,0
legacy_r1,4.075,13.8406380348,10.0464006602,0.999770281892,-0.0214332322658,2.21405440605,2.18890054434,0,0,0
legacy_r1,4.1,13.8656322898,10.0458647336,0.999770199806,-0.0214370608769,2.2378647171,2.21320239269,0,0,0
legacy_r1,4.125,13.8906265428,10.0453287175,0.999770122941,-0.0214406453751,2.26169428241,2.23751578317,0,0,0
legacy_r1,4.15,13.9156207941,10.0447926175,0.999770050971,-0.0214440010654,2.28554265026,2.26184043495,0,0,0
legacy_r1,4.175,13.9406150437,10.0442564389,0.999769983589,-0.021447142331,2.30940938251,2.28617607613,0,0,0
legacy_r1,4.2,13.9656092917,10.0437201869,0.999769920508,-0.0214500826852,2.33329405421,2.31052244344,0,0,0
legacy_r1,4.225,13.9906035382,10.043183866,0.999769861457,-0.0214528348201,2.35719625302,2.33487928186,0,0,0
legacy_r1,4.25,14.0155977834,10.0426474807,0.999769806182,-0.0214554106535,2.38111557882,2.35924634432,0,0,0
legacy_r1,4.275,14.0405920273,10.0421110352,0.999769754444,-0.0214578213731,2.40505164328,2.38362339141,0,0,0
legacy_r1,4.3,14.0655862699,10.0415745332,0.99976970602,-0.0214600774789,2.42900406939,2.40801019106,0,0,0
legacy_r1,4.325,14.0905805114,10.0410379785,0.999769660697,-0.0214621888229,2.45297249112,2.43240651828,0,0,0
legacy_r1,4.35,14.1155747519,10.0405013744,0.99976961828,-0.0214641646468,2.47695655299,2.4568121549,0,0,0
legacy_r1,4.375,14.1405689913,10.0399647241,0.999769578583,-0.0214660136182,2.50095590974,2.48122688929,0,0,0
legacy_r1,4.4,14.1655632299,10.0394280305,0.999769541431,-0.0214677438643,2.52497022592,2.50565051613,0,0,0
legacy_r1,4.425,14.1905574675,10.0388912964,0.999769506663,-0.021469363004,2.54899917564,2.53008283621,0,0,0
legacy_r1,4.45,14.2155517044,10.0383545244,0.999769474124,-0.0214708781784,2.57304244215,2.55452365616,0,0,0
legacy_r1,4.475,14.2405459405,10.037817717,0.999769443672,-0.0214722960795,2.59709971758,2.57897278825,0,0,0
legacy_r1,4.5,14.2655401759,10.0372808765,0.999769415173,-0.021473622977,2.62117070263,2.60343005021,0,0,0
legacy_r1,4.525,14.2905344106,10.0367440048,0.999769388501,-0.0214748647442,2.6452551063,2.62789526501,0,0,0
legacy_r1,4.55,14.3155286447,10.0362071042,0.999769363538,-0.0214760268822,2.66935264556,2.65236826069,0,0,0
legacy_r1,4.575,14.3405228782,10.0356701763,0.999769340173,-0.0214771145424,2.69346304513,2.67684887017,0,0,0
legacy_r1,4.6,14.3655171111,10.035133223,0.999769318304,-0.0214781325481,2.71758603721,2.70133693109,0,0,0
legacy_r1,4.625,14.3905113436,10.0345962459,0.999769297833,-0.0214790854149,2.74172136124,2.72583228562,0,0,0
legacy_r1,4.65,14.4155055755,10.0340592464,0.99976927867,-0.0214799773693,2.76586876364,2.75033478035,0,0,0
legacy_r1,4.675,14.4404998071,10.0335222261,0.99976926073,-0.0214808123674,2.79002799761,2.7748442661,0,0,0
legacy_r1,4.7,14.4654940382,10.0329851863,0.999769243933,-0.0214815941108,2.81419882289,2.79936059777,0,0,0
legacy_r1,4.725,14.4904882689,10.0324481281,0.999769228206,-0.0214823260636,2.83838100556,2.82388363425,0,0,0
legacy_r1,4.75,14.5154824992,10.0319110528,0.999769213478,-0.0214830114663,2.86257431785,2.84841323822,0,0,0
legacy_r1,4.775,14.5404767292,10.0313739615,0.999769199685,-0.0214836533507,2.88677853791,2.87294927608,0,0,0
legacy_r1,4.8,14.5654709589,10.0308368551,0.999769186766,-0.0214842545525,2.91099344964,2.8974916178,0,0,0
legacy_r1,4.825,14.5904651882,10.0302997347,0.999769174664,-0.0214848177241,2.93521884253,2.92204013681,0,0,0
legacy_r1,4.85,14.6154594173,10.0297626011,0.999769163325,-0.0214853453461,2.95945451143,2.94659470986,0,0,0
legacy_r1,4.875,14.6404536461,10.0292254551,0.9997691527,-0.0214858397383,2.98370025644,2.97115521697,0,0,0
legacy_r1,4.9,14.6654478747,10.0286882975,0.999769142743,-0.0214863030699,3.00795588273,2.99572154125,0,0,0
legacy_r1,4.925,14.690442103,10.028151129,0.999769133409,-0.0214867373691,3.03222120035,3.02029356887,0,0,0
legacy_r1,4.95,14.7154363312,10.0276139504,0.999769124658,-0.0214871445325,3.05649602414,3.04487118891,0,0,0
legacy_r1,4.975,14.7404305591,10.0270767623,0.999769116452,-0.0214875263331,3.08078017352,3.0694542933,0,0,0
legacy_r1,5,14.7654247868,10.0265395652,0.999769108756,-0.0214878844287,3.10507347241,3.09404277671,0,0,0
legacy_r1,5.025,14.7904190143,10.0260023597,0.999769101536,-0.0214882203691,3.12937574904,3.11863653648,0,0,0
legacy_r1,5.05,14.8154132417,10.0254651463,0.99976909476,-0.021488535603,3.15368683587,3.14323547252,0,0,0
legacy_r1,5.075,14.8404074689,10.0249279255,0.999769088401,-0.0214888314851,3.17800656942,3.16783948725,0,0,0
legacy_r1,5.1,14.865401696,10.0243906977,0.99976908243,-0.0214891092816,3.20233479018,3.19244848551,0,0,0
legacy_r1,5.125,14.8903959229,10.0238534635,0.999769076822,-0.0214893701764,3.22667134248,3.21706237447,0,0,0
legacy_r1,5.15,14.9153901497,10.0233162231,0.999769071554,-0.0214896152763,3.25101607437,3.24168106359,0,0,0
legacy_r1,5.175,14.9403843763,10.022778977,0.999769066603,-0.0214898456162,3.27536883754,3.26630446454,0,0,0
legacy_r1,5.2,14.9653786029,10.0222417254,0.999769061948,-0.0214900621637,3.29972948717,3.29093249113,0,0,0
legacy_r1,5.225,14.9903728293,10.0217044688,0.99976905757,-0.0214902658235,3.32409788186,3.31556505924,0,0,0
legacy_r1,5.25,15.0153670557,10.0211672073,0.999769053451,-0.0214904574421,3.34847388354,3.34020208677,0,0,0
legacy_r1,5.275,15.0403612819,10.0206299414,0.999769049574,-0.0214906378108,3.37285735734,3.36484349356,0,0,0
legacy_r1,5.3,15.065355508,10.0200926712,0.999769045923,-0.0214908076701,3.39724817152,3.38948920138,0,0,0
legacy_r1,5.325,15.0903497341,10.019555397,0.999769042483,-0.0214909677129,3.42164619738,3.4141391338,0,0,0
legacy_r1,5.35,15.1153439601,10.019018119,0.999769039239,-0.0214911185876,3.44605130917,3.43879321622,0,0,0
legacy_r1,5.375,15.140338186,10.0184808375,0.99976903618,-0.0214912609013,3.47046338401,3.46345137574,0,0,0
legacy_r1,5.4,15.1653324118,10.0179435526,0.999769033293,-0.0214913952225,3.49488230182,3.48811354117,0,0,0
legacy_r1,5.425,15.1903266376,10.0174062646,0.999769030566,-0.0214915220839,3.51930794522,3.51277964296,0,0,0
legacy_r1,5.45,15.2153208633,10.0168689735,0.999769027988,-0.021491641985,3.54374019945,3.53744961313,0,0,0
legacy_r1,5.475,15.2403150889,10.0163316796,0.99976902555,-0.021491755394,3.56817895236,3.56212338526,0,0,0
legacy_r1,5.5,15.2653093145,10.0157943831,0.999769023243,-0.0214918627507,3.59262409424,3.58680089444,0,0,0
legacy_r1,5.525,15.29030354,10.015257084,0.999769021056,-0.0214919644681,3.61707551785,3.61148207722,0,0,0
legacy_r1,5.55,15.3152977655,10.0147197824,0.999769018982,-0.021492060935,3.64153311828,3.63616687155,0,0,0
legacy_r1,5.575,15.3402919909,10.0141824786,0.999769017014,-0.0214921525171,3.66599679292,3.66085521679,0,0,0
legacy_r1,5.6,15.3652862163,10.0136451726,0.999769015142,-0.0214922395598,3.69046644141,3.68554705362,0,0,0
legacy_r1,5.625,15.3902804416,10.0131078646,0.999769013362,-0.0214923223895,3.71494196555,3.71024232403,0,0,0
legacy_r1,5.65,15.4152746669,10.0125705546,0.999769011665,-0.0214924013153,3.73942326927,3.7349409713,0,0,0
legacy_r1,5.675,15.4402688922,10.0120332426,0.999769010046,-0.0214924766312,3.76391025853,3.75964293993,0,0,0
legacy_r1,5.7,15.4652631174,10.0114959289,0.999769008498,-0.0214925486176,3.78840284134,3.78434817562,0,0,0
legacy_r1,5.725,15.4902573426,10.0109586135,0.999769007017,-0.0214926175432,3.81290092763,3.80905662525,0,0,0
legacy_r1,5.75,15.5152515677,10.0104212964,0.999769005595,-0.021492683667,3.83740442924,3.83376823683,0,0,0
legacy_r1,5.775,15.5402457928,10.0098839777,0.999769004229,-0.0214927472403,3.86191325988,3.85848295949,0,0,0
legacy_r1,5.8,15.5652400179,10.0093466575,0.999769002911,-0.0214928085092,3.88642733503,3.88320074344,0,0,0
legacy_r1,5.825,15.5902342429,10.0088093358,0.999769001639,-0.0214928677171,3.91094657197,3.90792153993,0,0,0
legacy_r1,5.85,15.6152284679,10.0082720127,0.999769000405,-0.0214929251079,3.93547088966,3.93264530125,0,0,0
legacy_r1,5.875,15.6402226929,10.0077346882,0.999768999205,-0.0214929809302,3.96000020875,3.95737198066,0,0,0
legacy_r1,5.9,15.6652169179,10.0071973623,0.999768998033,-0.0214930354418,3.98453445151,3.98210153243,0,0,0
legacy_r1,5.925,15.6902111428,10.006660035,0.999768996883,-0.0214930889164,4.00907354179,4.00683391176,0,0,0
legacy_r1,5.95,15.7152053677,10.0061227065,0,0,4.03361740501,4.03156907476,0,0,1
legacy_r1,5.975,15.7152053677,10.0061227065,0,0,4.03361740501,4.03156907476,0,0,1
legacy_r1,6,15.7152053677,10.0061227065,0,0,4.03361740501,4.03156907476,0,0,1
legacy_r1,6.025,15.7152053677,10.0061227065,0,0,4.03361740501,4.03156907476,0,0,1
legacy_r1,6.05,15.7152053677,10.0061227065,0,0,4.03361740501,4.03156907476,0,0,1
legacy_r1,6.075,15.7152053677,10.0061227065,0,0,4.03361740501,4.03156907476,0,0,1
legacy_r1,6.1,15.7152053677,10.0061227065,0,0,4.03361740501,4.03156907476,0,0,1
legacy_r1,6.125,15.7152053677,10.0061227065,0,0,4.03361740501,4.03156907476,0,0,1
legacy_r1,6.15,15.7152053677,10.0061227065,0,0,4.03361740501,4.03156907476,0,0,1
legacy_r1,6.175,15.7152053677,10.0061227065,0,0,4.03361740501,4.03156907476,0,0,1
legacy_r1,6.2,15.7152053677,10.0061227065,0,0,4.03361740501,4.03156907476,0,0,1
legacy_r1,6.225,15.7152053677,10.0061227065,0,0,4.03361740501,4.03156907476,0,0,1
legacy_r1,6.25,15.7152053677,10.0061227065,0,0,4.03361740501,4.03156907476,0,0,1
legacy_r1,6.275,15.7152053677,10.0061227065,0,0,4.03361740501,4.03156907476,0,0,1
legacy_r1,6.3,15.7152053677,10.0061227065,0,0,4.03361740501,4.03156907476,0,0,1
legacy_r1,6.325,15.7152053677,10.0061227065,0,0,4.03361740501,4.03156907476,0,0,1
legacy_r1,6.35,15.7152053677,10.0061227065,0,0,4.03361740501,4.03156907476,0,0,1
legacy_r1,6.375,15.7152053677,10.0061227065,0,0,4.03361740501,4.03156907476,0,0,1
legacy_r1,6.4,15.7152053677,10.0061227065,0,0,4.03361740501,4.03156907476,0,0,1
legacy_r1,6.425,15.7152053677,10.0061227065,0,0,4.03361740501,4.03156907476,0,0,1
legacy_r1,6.45,15.7152053677,10.0061227065,0,0,4.03361740501,4.03156907476,0,0,1
legacy_r1,6.475,15.7152053677,10.0061227065,0,0,4.03361740501,4.03156907476,0,0,1
legacy_r1,6.5,15.7152053677,10.0061227065,0,0,4.03361740501,4.03156907476,0,0,1
legacy_r1,6.525,15.7152053677,10.0061227065,0,0,4.03361740501,4.03156907476,0,0,1
legacy_r1,6.55,15.7152053677,10.0061227065,0,0,4.03361740501,4.03156907476,0,0,1
legacy_r1,6.575,15.7152053677,10.0061227065,0,0,4.03361740501,4.03156907476,0,0,1
legacy_r1,6.6,15.7152053677,10.0061227065,0,0,4.03361740501,4.03156907476,0,0,1
legacy_r1,6.625,15.7152053677,10.0061227065,0,0,4.03361740501,4.03156907476,0,0,1
legacy_r1,6.65,15.7152053677,10.0061227065,0,0,4.03361740501,4.03156907476,0,0,1
legacy_r1,6.675,15.7152053677,10.0061227065,0,0,4.03361740501,4.03156907476,0,0,1
legacy_r1,6.7,15.7152053677,10.0061227065,0,0,4.03361740501,4.03156907476,0,0,1
legacy_r1,6.725,15.7152053677,10.0061227065,0,0,4.03361740501,4.03156907476,0,0,1
legacy_r1,6.75,15.7152053677,10.0061227065,0,0,4.03361740501,4.03156907476,0,0,1
legacy_r1,6.775,15.7152053677,10.0061227065,0,0,4.03361740501,4.03156907476,0,0,1
legacy_r1,6.8,15.7152053677,10.0061227065,0,0,4.03361740501,4.03156907476,0,0,1
legacy_r1,6.825,15.7152053677,10.0061227065,0,0,4.03361740501,4.03156907476,0,0,1
legacy_r1,6.85,15.7152053677,10.0061227065,0,0,4.03361740501,4.03156907476,0,0,1
legacy_r1,6.875,15.7152053677,10.0061227065,0,0,4.03361740501,4.03156907476,0,0,1
legacy_r1,6.9,15.7152053677,10.0061227065,0,0,4.03361740501,4.03156907476,0,0,1
legacy_r1,6.925,15.7152053677,10.0061227065,0,0,4.03361740501,4.03156907476,0,0,1
legacy_r1,6.95,15.7152053677,10.0061227065,0,0,4.03361740501,4.03156907476,0,0,1
legacy_r1,6.975,15.7152053677,10.0061227065,0,0,4.03361740501,4.03156907476,0,0,1
legacy_r1,7,15.7152053677,10.0061227065,0,0,4.03361740501,4.03156907476,0,0,1
legacy_r1,7.025,15.7152053677,10.0061227065,0,0,4.03361740501,4.03156907476,0,0,1
legacy_r1,7.05,15.7152053677,10.0061227065,0,0,4.03361740501,4.03156907476,0,0,1
legacy_r1,7.075,15.7152053677,10.0061227065,0,0,4.03361740501,4.03156907476,0,0,1
legacy_r1,7.1,15.7152053677,10.0061227065,0,0,4.03361740501,4.03156907476,0,0,1
legacy_r1,7.125,15.7152053677,10.0061227065,0,0,4.03361740501,4.03156907476,0,0,1
legacy_r1,7.15,15.7152053677,10.0061227065,0,0,4.03361740501,4.03156907476,0,0,1
legacy_r1,7.175,15.7152053677,10.0061227065,0,0,4.03361740501,4.03156907476,0,0,1
legacy_r1,7.2,15.7152053677,10.0061227065,0,0,4.03361740501,4.03156907476,0,0,1
legacy_r1,7.225,15.7152053677,10.0061227065,0,0,4.03361740501,4.03156907476,0,0,1
legacy_r1,7.25,15.7152053677,10.0061227065,0,0,4.03361740501,4.03156907476,0,0,1
legacy_r1,7.275,15.7152053677,10.0061227065,0,0,4.03361740501,4.03156907476,0,0,1
legacy_r1,7.3,15.7152053677,10.0061227065,0,0,4.03361740501,4.03156907476,0,0,1
legacy_r1,7.325,15.7152053677,10.0061227065,0,0,4.03361740501,4.03156907476,0,0,1
legacy_r1,7.35,15.7152053677,10.0061227065,0,0,4.03361740501,4.03156907476,0,0,1
legacy_r1,7.375,15.7152053677,10.0061227065,0,0,4.03361740501,4.03156907476,0,0,1
legacy_r1,7.4,15.7152053677,10.0061227065,0,0,4.03361740501,4.03156907476,0,0,1
legacy_r1,7.425,15.7152053677,10.0061227065,0,0,4.03361740501,4.03156907476,0,0,1
legacy_r1,7.45,15.7152053677,10.0061227065,0,0,4.03361740501,4.03156907476,0,0,1
legacy_r1,7.475,15.7152053677,10.0061227065,0,0,4.03361740501,4.03156907476,0,0,1
legacy_r1,7.5,15.7152053677,10.0061227065,0,0,4.03361740501,4.03156907476,0,0,1
legacy_r1,7.525,15.7152053677,10.0061227065,0,0,4.03361740501,4.03156907476,0,0,1
legacy_r1,7.55,15.7152053677,10.0061227065,0,0,4.03361740501,4.03156907476,0,0,1
legacy_r1,7.575,15.7152053677,10.0061227065,0,0,4.03361740501,4.03156907476,0,0,1
legacy_r1,7.6,15.7152053677,10.0061227065,0,0,4.03361740501,4.03156907476,0,0,1
legacy_r1,7.625,15.7152053677,10.0061227065,0,0,4.03361740501,4.03156907476,0,0,1
legacy_r1,7.65,15.7152053677,10.0061227065,0,0,4.03361740501,4.03156907476,0,0,1
legacy_r1,7.675,15.7152053677,10.0061227065,0,0,4.03361740501,4.03156907476,0,0,1
legacy_r1,7.7,15.7152053677,10.0061227065,0,0,4.03361740501,4.03156907476,0,0,1
legacy_r1,7.725,15.7152053677,10.0061227065,0,0,4.03361740501,4.03156907476,0,0,1
legacy_r1,7.75,15.7152053677,10.0061227065,0,0,4.03361740501,4.03156907476,0,0,1
legacy_r1,7.775,15.7152053677,10.0061227065,0,0,4.03361740501,4.03156907476,0,0,1
legacy_r1,7.8,15.7152053677,10.0061227065,0,0,4.03361740501,4.03156907476,0,0,1
legacy_r1,7.825,15.7152053677,10.0061227065,0,0,4.03361740501,4.03156907476,0,0,1
legacy_r1,7.85,15.7152053677,10.0061227065,0,0,4.03361740501,4.03156907476,0,0,1
legacy_r1,7.875,15.7152053677,10.0061227065,0,0,4.03361740501,4.03156907476,0,0,1
legacy_r1,7.9,15.7152053677,10.0061227065,0,0,4.03361740501,4.03156907476,0,0,1
legacy_r1,7.925,15.7152053677,10.0061227065,0,0,4.03361740501,4.03156907476,0,0,1
legacy_r1,7.95,15.7152053677,10.0061227065,0,0,4.03361740501,4.03156907476,0,0,1
legacy_r1,7.975,15.7152053677,10.0061227065,0,0,4.03361740501,4.03156907476,0,0,1
legacy_r1,8,15.7152053677,10.0061227065,0,0,4.03361740501,4.03156907476,0,0,1
legacy_r1,8.025,15.7152053677,10.0061227065,0,0,4.03361740501,4.03156907476,0,0,1
legacy_r1,8.05,15.7152053677,10.0061227065,0,0,4.03361740501,4.03156907476,0,0,1
legacy_r1,8.075,15.7152053677,10.0061227065,0,0,4.03361740501,4.03156907476,0,0,1
legacy_r1,8.1,15.7152053677,10.0061227065,0,0,4.03361740501,4.03156907476,0,0,1
legacy_r1,8.125,15.7152053677,10.0061227065,0,0,4.03361740501,4.03156907476,0,0,1
legacy_r1,8.15,15.7152053677,10.0061227065,0,0,4.03361740501,4.03156907476,0,0,1
legacy_r1,8.175,15.7152053677,10.0061227065,0,0,4.03361740501,4.03156907476,0,0,1
legacy_r1,8.2,15.7152053677,10.0061227065,0,0,4.03361740501,4.03156907476,0,0,1
legacy_r1,8.225,15.7152053677,10.0061227065,0,0,4.03361740501,4.03156907476,0,0,1
legacy_r1,8.25,15.7152053677,10.0061227065,0,0,4.03361740501,4.03156907476,0,0,1
legacy_r1,8.275,15.7152053677,10.0061227065,0,0,4.03361740501,4.03156907476,0,0,1
legacy_r1,8.3,15.7152053677,10.0061227065,0,0,4.03361740501,4.03156907476,0,0,1
legacy_r1,8.325,15.7152053677,10.0061227065,0,0,4.03361740501,4.03156907476,0,0,1
legacy_r1,8.35,15.7152053677,10.0061227065,0,0,4.03361740501,4.03156907476,0,0,1
legacy_r1,8.375,15.7152053677,10.0061227065,0,0,4.03361740501,4.03156907476,0,0,1
legacy_r1,8.4,15.7152053677,10.0061227065,0,0,4.03361740501,4.03156907476,0,0,1
legacy_r1,8.425,15.7152053677,10.0061227065,0,0,4.03361740501,4.03156907476,0,0,1
legacy_r1,8.45,15.7152053677,10.0061227065,0,0,4.03361740501,4.03156907476,0,0,1
legacy_r1,8.475,15.7152053677,10.0061227065,0,0,4.03361740501,4.03156907476,0,0,1
legacy_r1,8.5,15.7152053677,10.0061227065,0,0,4.03361740501,4.03156907476,0,0,1
legacy_r1,8.525,15.7152053677,10.0061227065,0,0,4.03361740501,4.03156907476,0,0,1
legacy_r1,8.55,15.7152053677,10.0061227065,0,0,4.03361740501,4.03156907476,0,0,1
legacy_r1,8.575,15.7152053677,10.0061227065,0,0,4.03361740501,4.03156907476,0,0,1
legacy_r1,8.6,15.7152053677,10.0061227065,0,0,4.03361740501,4.03156907476,0,0,1
legacy_r1,8.625,15.7152053677,10.0061227065,0,0,4.03361740501,4.03156907476,0,0,1
legacy_r1,8.65,15.7152053677,10.0061227065,0,0,4.03361740501,4.03156907476,0,0,1
legacy_r1,8.675,15.7152053677,10.0061227065,0,0,4.03361740501,4.03156907476,0,0,1
legacy_r1,8.7,15.7152053677,10.0061227065,0,0,4.03361740501,4.03156907476,0,0,1
legacy_r1,8.725,15.7152053677,10.0061227065,0,0,4.03361740501,4.03156907476,0,0,1
legacy_r1,8.75,15.7152053677,10.0061227065,0,0,4.03361740501,4.03156907476,0,0,1
legacy_r1,8.775,15.7152053677,10.0061227065,0,0,4.03361740501,4.03156907476,0,0,1
legacy_r1,8.8,15.7152053677,10.0061227065,0,0,4.03361740501,4.03156907476,0,0,1
legacy_r1,8.825,15.7152053677,10.0061227065,0,0,4.03361740501,4.03156907476,0,0,1
legacy_r1,8.85,15.7152053677,10.0061227065,0,0,4.03361740501,4.03156907476,0,0,1
legacy_r1,8.875,15.7152053677,10.0061227065,0,0,4.03361740501,4.03156907476,0,0,1
legacy_r1,8.9,15.7152053677,10.0061227065,0,0,4.03361740501,4.03156907476,0,0,1
legacy_r1,8.925,15.7152053677,10.0061227065,0,0,4.03361740501,4.03156907476,0,0,1
legacy_r1,8.95,15.7152053677,10.0061227065,0,0,4.03361740501,4.03156907476,0,0,1
legacy_r1,8.975,15.7152053677,10.0061227065,0,0,4.03361740501,4.03156907476,0,0,1
legacy_r1,9,15.7152053677,10.0061227065,0,0,4.03361740501,4.03156907476,0,0,1
legacy_r1,9.025,15.7152053677,10.0061227065,0,0,4.03361740501,4.03156907476,0,0,1
legacy_r1,9.05,15.7152053677,10.0061227065,0,0,4.03361740501,4.03156907476,0,0,1
legacy_r1,9.075,15.7152053677,10.0061227065,0,0,4.03361740501,4.03156907476,0,0,1
legacy_r1,9.1,15.7152053677,10.0061227065,0,0,4.03361740501,4.03156907476,0,0,1
legacy_r1,9.125,15.7152053677,10.0061227065,0,0,4.03361740501,4.03156907476,0,0,1
legacy_r1,9.15,15.7152053677,10.0061227065,0,0,4.03361740501,4.03156907476,0,0,1
legacy_r1,9.175,15.7152053677,10.0061227065,0,0,4.03361740501,4.03156907476,0,0,1
legacy_r1,9.2,15.7152053677,10.0061227065,0,0,4.03361740501,4.03156907476,0,0,1
legacy_r1,9.225,15.7152053677,10.0061227065,0,0,4.03361740501,4.03156907476,0,0,1
legacy_r1,9.25,15.7152053677,10.0061227065,0,0,4.03361740501,4.03156907476,0,0,1
legacy_r1,9.275,15.7152053677,10.0061227065,0,0,4.03361740501,4.03156907476,0,0,1
legacy_r1,9.3,15.7152053677,10.0061227065,0,0,4.03361740501,4.03156907476,0,0,1
legacy_r1,9.325,15.7152053677,10.0061227065,0,0,4.03361740501,4.03156907476,0,0,1
legacy_r1,9.35,15.7152053677,10.0061227065,0,0,4.03361740501,4.03156907476,0,0,1
legacy_r1,9.375,15.7152053677,10.0061227065,0,0,4.03361740501,4.03156907476,0,0,1
legacy_r1,9.4,15.7152053677,10.0061227065,0,0,4.03361740501,4.03156907476,0,0,1
legacy_r1,9.425,15.7152053677,10.0061227065,0,0,4.03361740501,4.03156907476,0,0,1
legacy_r1,9.45,15.7152053677,10.0061227065,0,0,4.03361740501,4.03156907476,0,0,1
legacy_r1,9.475,15.7152053677,10.0061227065,0,0,4.03361740501,4.03156907476,0,0,1
legacy_r1,9.5,15.7152053677,10.0061227065,0,0,4.03361740501,4.03156907476,0,0,1
legacy_r1,9.525,15.7152053677,10.0061227065,0,0,4.03361740501,4.03156907476,0,0,1
legacy_r1,9.55,15.7152053677,10.0061227065,0,0,4.03361740501,4.03156907476,0,0,1
legacy_r1,9.575,15.7152053677,10.0061227065,0,0,4.03361740501,4.03156907476,0,0,1
legacy_r1,9.6,15.7152053677,10.0061227065,0,0,4.03361740501,4.03156907476,0,0,1
legacy_r1,9.625,15.7152053677,10.0061227065,0,0,4.03361740501,4.03156907476,0,0,1
legacy_r1,9.65,15.7152053677,10.0061227065,0,0,4.03361740501,4.03156907476,0,0,1
legacy_r1,9.675,15.7152053677,10.0061227065,0,0,4.03361740501,4.03156907476,0,0,1
legacy_r1,9.7,15.7152053677,10.0061227065,0,0,4.03361740501,4.03156907476,0,0,1
legacy_r1,9.725,15.7152053677,10.0061227065,0,0,4.03361740501,4.03156907476,0,0,1
legacy_r1,9.75,15.7152053677,10.0061227065,0,0,4.03361740501,4.03156907476,0,0,1
legacy_r1,9.775,15.7152053677,10.0061227065,0,0,4.03361740501,4.03156907476,0,0,1
legacy_r1,9.8,15.7152053677,10.0061227065,0,0,4.03361740501,4.03156907476,0,0,1
legacy_r1,9.825,15.7152053677,10.0061227065,0,0,4.03361740501,4.03156907476,0,0,1
legacy_r1,9.85,15.7152053677,10.0061227065,0,0,4.03361740501,4.03156907476,0,0,1
legacy_r1,9.875,15.7152053677,10.0061227065,0,0,4.03361740501,4.03156907476,0,0,1
legacy_r1,9.9,15.7152053677,10.0061227065,0,0,4.03361740501,4.03156907476,0,0,1
legacy_r1,9.925,15.7152053677,10.0061227065,0,0,4.03361740501,4.03156907476,0,0,1
legacy_r1,9.95,15.7152053677,10.0061227065,0,0,4.03361740501,4.03156907476,0,0,1
legacy_r1,9.975,15.7152053677,10.0061227065,0,0,4.03361740501,4.03156907476,0,0,1
legacy_r1,10,15.7152053677,10.0061227065,0,0,4.03361740501,4.03156907476,0,0,1
legacy_r1,10.025,15.7152053677,10.0061227065,0,0,4.03361740501,4.03156907476,0,0,1
legacy_r1,10.05,15.7152053677,10.0061227065,0,0,4.03361740501,4.03156907476,0,0,1
legacy_r1,10.075,15.7152053677,10.0061227065,0,0,4.03361740501,4.03156907476,0,0,1
legacy_r1,10.1,15.7152053677,10.0061227065,0,0,4.03361740501,4.03156907476,0,0,1
legacy_r1,10.125,15.7152053677,10.0061227065,0,0,4.03361740501,4.03156907476,0,0,1
legacy_r1,10.15,15.7152053677,10.0061227065,0,0,4.03361740501,4.03156907476,0,0,1
legacy_r1,10.175,15.7152053677,10.0061227065,0,0,4.03361740501,4.03156907476,0,0,1
legacy_r1,10.2,15.7152053677,10.0061227065,0,0,4.03361740501,4.03156907476,0,0,1
legacy_r1,10.225,15.7152053677,10.0061227065,0,0,4.03361740501,4.03156907476,0,0,1
legacy_r1,10.25,15.7152053677,10.0061227065,0,0,4.03361740501,4.03156907476,0,0,1
legacy_r1,10.275,15.7152053677,10.0061227065,0,0,4.03361740501,4.03156907476,0,0,1
legacy_r1,10.3,15.7152053677,10.0061227065,0,0,4.03361740501,4.03156907476,0,0,1
legacy_r1,10.325,15.7152053677,10.0061227065,0,0,4.03361740501,4.03156907476,0,0,1
legacy_r1,10.35,15.7152053677,10.0061227065,0,0,4.03361740501,4.03156907476,0,0,1
legacy_r1,10.375,15.7152053677,10.0061227065,0,0,4.03361740501,4.03156907476,0,0,1
legacy_r1,10.4,15.7152053677,10.0061227065,0,0,4.03361740501,4.03156907476,0,0,1
legacy_r1,10.425,15.7152053677,10.0061227065,0,0,4.03361740501,4.03156907476,0,0,1
legacy_r1,10.45,15.7152053677,10.0061227065,0,0,4.03361740501,4.03156907476,0,0,1
legacy_r1,10.475,15.7152053677,10.0061227065,0,0,4.03361740501,4.03156907476,0,0,1
legacy_r1,10.5,15.7152053677,10.0061227065,0,0,4.03361740501,4.03156907476,0,0,1
legacy_r1,10.525,15.7152053677,10.0061227065,0,0,4.03361740501,4.03156907476,0,0,1
legacy_r1,10.55,15.7152053677,10.0061227065,0,0,4.03361740501,4.03156907476,0,0,1
legacy_r1,10.575,15.7152053677,10.0061227065,0,0,4.03361740501,4.03156907476,0,0,1
legacy_r1,10.6,15.7152053677,10.0061227065,0,0,4.03361740501,4.03156907476,0,0,1
legacy_r1,10.625,15.7152053677,10.0061227065,0,0,4.03361740501,4.03156907476,0,0,1
legacy_r1,10.65,15.7152053677,10.0061227065,0,0,4.03361740501,4.03156907476,0,0,1
legacy_r1,10.675,15.7152053677,10.0061227065,0,0,4.03361740501,4.03156907476,0,0,1
legacy_r1,10.7,15.7152053677,10.0061227065,0,0,4.03361740501,4.03156907476,0,0,1
legacy_r1,10.725,15.7152053677,10.0061227065,0,0,4.03361740501,4.03156907476,0,0,1
legacy_r1,10.75,15.7152053677,10.0061227065,0,0,4.03361740501,4.03156907476,0,0,1
legacy_r1,10.775,15.7152053677,10.0061227065,0,0,4.03361740501,4.03156907476,0,0,1
legacy_r1,10.8,15.7152053677,10.0061227065,0,0,4.03361740501,4.03156907476,0,0,1
legacy_r1,10.825,15.7152053677,10.0061227065,0,0,4.03361740501,4.03156907476,0,0,1
legacy_r1,10.85,15.7152053677,10.0061227065,0,0,4.03361740501,4.03156907476,0,0,1
legacy_r1,10.875,15.7152053677,10.0061227065,0,0,4.03361740501,4.03156907476,0,0,1
legacy_r1,10.9,15.7152053677,10.0061227065,0,0,4.03361740501,4.03156907476,0,0,1
legacy_r1,10.925,15.7152053677,10.0061227065,0,0,4.03361740501,4.03156907476,0,0,1
legacy_r1,10.95,15.7152053677,10.0061227065,0,0,4.03361740501,4.03156907476,0,0,1
legacy_r1,10.975,15.7152053677,10.0061227065,0,0,4.03361740501,4.03156907476,0,0,1
legacy_r1,11,15.7152053677,10.0061227065,0,0,4.03361740501,4.03156907476,0,0,1
legacy_r1,11.025,15.7152053677,10.0061227065,0,0,4.03361740501,4.03156907476,0,0,1
legacy_r1,11.05,15.7152053677,10.0061227065,0,0,4.03361740501,4.03156907476,0,0,1
legacy_r1,11.075,15.7152053677,10.0061227065,0,0,4.03361740501,4.03156907476,0,0,1
legacy_r1,11.1,15.7152053677,10.0061227065,0,0,4.03361740501,4.03156907476,0,0,1
legacy_r1,11.125,15.7152053677,10.0061227065,0,0,4.03361740501,4.03156907476,0,0,1
legacy_r1,11.15,15.7152053677,10.0061227065,0,0,4.03361740501,4.03156907476,0,0,1
legacy_r1,11.175,15.7152053677,10.0061227065,0,0,4.03361740501,4.03156907476,0,0,1
legacy_r1,11.2,15.7152053677,10.0061227065,0,0,4.03361740501,4.03156907476,0,0,1
legacy_r1,11.225,15.7152053677,10.0061227065,0,0,4.03361740501,4.03156907476,0,0,1
legacy_r1,11.25,15.7152053677,10.0061227065,0,0,4.03361740501,4.03156907476,0,0,1
legacy_r1,11.275,15.7152053677,10.0061227065,0,0,4.03361740501,4.03156907476,0,0,1
legacy_r1,11.3,15.7152053677,10.0061227065,0,0,4.03361740501,4.03156907476,0,0,1
legacy_r1,11.325,15.7152053677,10.0061227065,0,0,4.03361740501,4.03156907476,0,0,1
legacy_r1,11.35,15.7152053677,10.0061227065,0,0,4.03361740501,4.03156907476,0,0,1
legacy_r1,11.375,15.7152053677,10.0061227065,0,0,4.03361740501,4.03156907476,0,0,1
legacy_r1,11.4,15.7152053677,10.0061227065,0,0,4.03361740501,4.03156907476,0,0,1
legacy_r1,11.425,15.7152053677,10.0061227065,0,0,4.03361740501,4.03156907476,0,0,1
legacy_r1,11.45,15.7152053677,10.0061227065,0,0,4.03361740501,4.03156907476,0,0,1
legacy_r1,11.475,15.7152053677,10.0061227065,0,0,4.03361740501,4.03156907476,0,0,1
legacy_r1,11.5,15.7152053677,10.0061227065,0,0,4.03361740501,4.03156907476,0,0,1
legacy_r1,11.525,15.7152053677,10.0061227065,0,0,4.03361740501,4.03156907476,0,0,1
legacy_r1,11.55,15.7152053677,10.0061227065,0,0,4.03361740501,4.03156907476,0,0,1
legacy_r1,11.575,15.7152053677,10.0061227065,0,0,4.03361740501,4.03156907476,0,0,1
legacy_r1,11.6,15.7152053677,10.0061227065,0,0,4.03361740501,4.03156907476,0,0,1
legacy_r1,11.625,15.7152053677,10.0061227065,0,0,4.03361740501,4.03156907476,0,0,1
legacy_r1,11.65,15.7152053677,10.0061227065,0,0,4.03361740501,4.03156907476,0,0,1
legacy_r1,11.675,15.7152053677,10.0061227065,0,0,4.03361740501,4.03156907476,0,0,1
legacy_r1,11.7,15.7152053677,10.0061227065,0,0,4.03361740501,4.03156907476,0,0,1
legacy_r1,11.725,15.7152053677,10.0061227065,0,0,4.03361740501,4.03156907476,0,0,1
legacy_r1,11.75,15.7152053677,10.0061227065,0,0,4.03361740501,4.03156907476,0,0,1
legacy_r1,11.775,15.7152053677,10.0061227065,0,0,4.03361740501,4.03156907476,0,0,1
legacy_r1,11.8,15.7152053677,10.0061227065,0,0,4.03361740501,4.03156907476,0,0,1
legacy_r1,11.825,15.7152053677,10.0061227065,0,0,4.03361740501,4.03156907476,0,0,1
legacy_r1,11.85,15.7152053677,10.0061227065,0,0,4.03361740501,4.03156907476,0,0,1
legacy_r1,11.875,15.7152053677,10.0061227065,0,0,4.03361740501,4.03156907476,0,0,1
legacy_r1,11.9,15.7152053677,10.0061227065,0,0,4.03361740501,4.03156907476,0,0,1
legacy_r1,11.925,15.7152053677,10.0061227065,0,0,4.03361740501,4.03156907476,0,0,1
legacy_r1,11.95,15.7152053677,10.0061227065,0,0,4.03361740501,4.03156907476,0,0,1
legacy_r1,11.975,15.7152053677,10.0061227065,0,0,4.03361740501,4.03156907476,0,0,1
legacy_r1,12,15.7152053677,10.0061227065,0,0,4.03361740501,4.03156907476,0,0,1
legacy_r1,12.025,15.7152053677,10.0061227065,0,0,4.03361740501,4.03156907476,0,0,1
legacy_r1,12.05,15.7152053677,10.0061227065,0,0,4.03361740501,4.03156907476,0,0,1
legacy_r1,12.075,15.7152053677,10.0061227065,0,0,4.03361740501,4.03156907476,0,0,1
legacy_r1,12.1,15.7152053677,10.0061227065,0,0,4.03361740501,4.03156907476,0,0,1
legacy_r1,12.125,15.7152053677,10.0061227065,0,0,4.03361740501,4.03156907476,0,0,1
legacy_r1,12.15,15.7152053677,10.0061227065,0,0,4.03361740501,4.03156907476,0,0,1
legacy_r1,12.175,15.7152053677,10.0061227065,0,0,4.03361740501,4.03156907476,0,0,1
legacy_r1,12.2,15.7152053677,10.0061227065,0,0,4.03361740501,4.03156907476,0,0,1
legacy_r1,12.225,15.7152053677,10.0061227065,0,0,4.03361740501,4.03156907476,0,0,1
legacy_r1,12.25,15.7152053677,10.0061227065,0,0,4.03361740501,4.03156907476,0,0,1
legacy_r1,12.275,15.7152053677,10.0061227065,0,0,4.03361740501,4.03156907476,0,0,1
legacy_r1,12.3,15.7152053677,10.0061227065,0,0,4.03361740501,4.03156907476,0,0,1
legacy_r1,12.325,15.7152053677,10.0061227065,0,0,4.03361740501,4.03156907476,0,0,1
legacy_r1,12.35,15.7152053677,10.0061227065,0,0,4.03361740501,4.03156907476,0,0,1
legacy_r1,12.375,15.7152053677,10.0061227065,0,0,4.03361740501,4.03156907476,0,0,1
legacy_r1,12.4,15.7152053677,10.0061227065,0,0,4.03361740501,4.03156907476,0,0,1
legacy_r1,12.425,15.7152053677,10.0061227065,0,0,4.03361740501,4.03156907476,0,0,1
legacy_r1,12.45,15.7152053677,10.0061227065,0,0,4.03361740501,4.03156907476,0,0,1
legacy_r1,12.475,15.7152053677,10.0061227065,0,0,4.03361740501,4.03156907476,0,0,1
legacy_r1,12.5,15.7152053677,10.0061227065,0,0,4.03361740501,4.03156907476,0,0,1
legacy_r1,12.525,15.7152053677,10.0061227065,0,0,4.03361740501,4.03156907476,0,0,1
legacy_r1,12.55,15.7152053677,10.0061227065,0,0,4.03361740501,4.03156907476,0,0,1
legacy_r1,12.575,15.7152053677,10.0061227065,0,0,4.03361740501,4.03156907476,0,0,1
legacy_r1,12.6,15.7152053677,10.0061227065,0,0,4.03361740501,4.03156907476,0,0,1
legacy_r1,12.625,15.7152053677,10.0061227065,0,0,4.03361740501,4.03156907476,0,0,1
legacy_r1,12.65,15.7152053677,10.0061227065,0,0,4.03361740501,4.03156907476,0,0,1
legacy_r1,12.675,15.7152053677,10.0061227065,0,0,4.03361740501,4.03156907476,0,0,1
legacy_r1,12.7,15.7152053677,10.0061227065,0,0,4.03361740501,4.03156907476,0,0,1
legacy_r1,12.725,15.7152053677,10.0061227065,0,0,4.03361740501,4.03156907476,0,0,1
legacy_r1,12.75,15.7152053677,10.0061227065,0,0,4.03361740501,4.03156907476,0,0,1
legacy_r1,12.775,15.7152053677,10.0061227065,0,0,4.03361740501,4.03156907476,0,0,1
legacy_r1,12.8,15.7152053677,10.0061227065,0,0,4.03361740501,4.03156907476,0,0,1
legacy_r1,12.825,15.7152053677,10.0061227065,0,0,4.03361740501,4.03156907476,0,0,1
legacy_r1,12.85,15.7152053677,10.0061227065,0,0,4.03361740501,4.03156907476,0,0,1
legacy_r1,12.875,15.7152053677,10.0061227065,0,0,4.03361740501,4.03156907476,0,0,1
legacy_r1,12.9,15.7152053677,10.0061227065,0,0,4.03361740501,4.03156907476,0,0,1
legacy_r1,12.925,15.7152053677,10.0061227065,0,0,4.03361740501,4.03156907476,0,0,1
legacy_r1,12.95,15.7152053677,10.0061227065,0,0,4.03361740501,4.03156907476,0,0,1
legacy_r1,12.975,15.7152053677,10.0061227065,0,0,4.03361740501,4.03156907476,0,0,1
legacy_r1,13,15.7152053677,10.0061227065,0,0,4.03361740501,4.03156907476,0,0,1
legacy_r1,13.025,15.7152053677,10.0061227065,0,0,4.03361740501,4.03156907476,0,0,1
legacy_r1,13.05,15.7152053677,10.0061227065,0,0,4.03361740501,4.03156907476,0,0,1
legacy_r1,13.075,15.7152053677,10.0061227065,0,0,4.03361740501,4.03156907476,0,0,1
legacy_r1,13.1,15.7152053677,10.0061227065,0,0,4.03361740501,4.03156907476,0,0,1
legacy_r1,13.125,15.7152053677,10.0061227065,0,0,4.03361740501,4.03156907476,0,0,1
legacy_r1,13.15,15.7152053677,10.0061227065,0,0,4.03361740501,4.03156907476,0,0,1
legacy_r1,13.175,15.7152053677,10.0061227065,0,0,4.03361740501,4.03156907476,0,0,1
legacy_r1,13.2,15.7152053677,10.0061227065,0,0,4.03361740501,4.03156907476,0,0,1
legacy_r1,13.225,15.7152053677,10.0061227065,0,0,4.03361740501,4.03156907476,0,0,1
legacy_r1,13.25,15.7152053677,10.0061227065,0,0,4.03361740501,4.03156907476,0,0,1
legacy_r1,13.275,15.7152053677,10.0061227065,0,0,4.03361740501,4.03156907476,0,0,1
legacy_r1,13.3,15.7152053677,10.0061227065,0,0,4.03361740501,4.03156907476,0,0,1
legacy_r1,13.325,15.7152053677,10.0061227065,0,0,4.03361740501,4.03156907476,0,0,1
legacy_r1,13.35,15.7152053677,10.0061227065,0,0,4.03361740501,4.03156907476,0,0,1
legacy_r1,13.375,15.7152053677,10.0061227065,0,0,4.03361740501,4.03156907476,0,0,1
legacy_r1,13.4,15.7152053677,10.0061227065,0,0,4.03361740501,4.03156907476,0,0,1
legacy_r1,13.425,15.7152053677,10.0061227065,0,0,4.03361740501,4.03156907476,0,0,1
legacy_r1,13.45,15.7152053677,10.0061227065,0,0,4.03361740501,4.03156907476,0,0,1
legacy_r1,13.475,15.7152053677,10.0061227065,0,0,4.03361740501,4.03156907476,0,0,1
legacy_r1,13.5,15.7152053677,10.0061227065,0,0,4.03361740501,4.03156907476,0,0,1
legacy_r1,13.525,15.7152053677,10.0061227065,0,0,4.03361740501,4.03156907476,0,0,1
legacy_r1,13.55,15.7152053677,10.0061227065,0,0,4.03361740501,4.03156907476,0,0,1
legacy_r1,13.575,15.7152053677,10.0061227065,0,0,4.03361740501,4.03156907476,0,0,1
legacy_r1,13.6,15.7152053677,10.0061227065,0,0,4.03361740501,4.03156907476,0,0,1
legacy_r1,13.625,15.7152053677,10.0061227065,0,0,4.03361740501,4.03156907476,0,0,1
legacy_r1,13.65,15.7152053677,10.0061227065,0,0,4.03361740501,4.03156907476,0,0,1
legacy_r1,13.675,15.7152053677,10.0061227065,0,0,4.03361740501,4.03156907476,0,0,1
legacy_r1,13.7,15.7152053677,10.0061227065,0,0,4.03361740501,4.03156907476,0,0,1
legacy_r1,13.725,15.7152053677,10.0061227065,0,0,4.03361740501,4.03156907476,0,0,1
legacy_r1,13.75,15.7152053677,10.0061227065,0,0,4.03361740501,4.03156907476,0,0,1
legacy_r1,13.775,15.7152053677,10.0061227065,0,0,4.03361740501,4.03156907476,0,0,1
legacy_r1,13.8,15.7152053677,10.0061227065,0,0,4.03361740501,4.03156907476,0,0,1
legacy_r1,13.825,15.7152053677,10.0061227065,0,0,4.03361740501,4.03156907476,0,0,1
legacy_r1,13.85,15.7152053677,10.0061227065,0,0,4.03361740501,4.03156907476,0,0,1
legacy_r1,13.875,15.7152053677,10.0061227065,0,0,4.03361740501,4.03156907476,0,0,1
legacy_r1,13.9,15.7152053677,10.0061227065,0,0,4.03361740501,4.03156907476,0,0,1
legacy_r1,13.925,15.7152053677,10.0061227065,0,0,4.03361740501,4.03156907476,0,0,1
legacy_r1,13.95,15.7152053677,10.0061227065,0,0,4.03361740501,4.03156907476,0,0,1
legacy_r1,13.975,15.7152053677,10.0061227065,0,0,4.03361740501,4.03156907476,0,0,1
legacy_r1,14,15.7152053677,10.0061227065,0,0,4.03361740501,4.03156907476,0,0,1
legacy_r1,14.025,15.7152053677,10.0061227065,0,0,4.03361740501,4.03156907476,0,0,1
legacy_r1,14.05,15.7152053677,10.0061227065,0,0,4.03361740501,4.03156907476,0,0,1
legacy_r1,14.075,15.7152053677,10.0061227065,0,0,4.03361740501,4.03156907476,0,0,1
legacy_r1,14.1,15.7152053677,10.0061227065,0,0,4.03361740501,4.03156907476,0,0,1
legacy_r1,14.125,15.7152053677,10.0061227065,0,0,4.03361740501,4.03156907476,0,0,1
legacy_r1,14.15,15.7152053677,10.0061227065,0,0,4.03361740501,4.03156907476,0,0,1
legacy_r1,14.175,15.7152053677,10.0061227065,0,0,4.03361740501,4.03156907476,0,0,1
legacy_r1,14.2,15.7152053677,10.0061227065,0,0,4.03361740501,4.03156907476,0,0,1
legacy_r1,14.225,15.7152053677,10.0061227065,0,0,4.03361740501,4.03156907476,0,0,1
legacy_r1,14.25,15.7152053677,10.0061227065,0,0,4.03361740501,4.03156907476,0,0,1
legacy_r1,14.275,15.7152053677,10.0061227065,0,0,4.03361740501,4.03156907476,0,0,1
legacy_r1,14.3,15.7152053677,10.0061227065,0,0,4.03361740501,4.03156907476,0,0,1
legacy_r1,14.325,15.7152053677,10.0061227065,0,0,4.03361740501,4.03156907476,0,0,1
legacy_r1,14.35,15.7152053677,10.0061227065,0,0,4.03361740501,4.03156907476,0,0,1
legacy_r1,14.375,15.7152053677,10.0061227065,0,0,4.03361740501,4.03156907476,0,0,1
legacy_r1,14.4,15.7152053677,10.0061227065,0,0,4.03361740501,4.03156907476,0,0,1
legacy_r1,14.425,15.7152053677,10.0061227065,0,0,4.03361740501,4.03156907476,0,0,1
legacy_r1,14.45,15.7152053677,10.0061227065,0,0,4.03361740501,4.03156907476,0,0,1
legacy_r1,14.475,15.7152053677,10.0061227065,0,0,4.03361740501,4.03156907476,0,0,1
legacy_r1,14.5,15.7152053677,10.0061227065,0,0,4.03361740501,4.03156907476,0,0,1
legacy_r1,14.525,15.7152053677,10.0061227065,0,0,4.03361740501,4.03156907476,0,0,1
legacy_r1,14.55,15.7152053677,10.0061227065,0,0,4.03361740501,4.03156907476,0,0,1
legacy_r1,14.575,15.7152053677,10.0061227065,0,0,4.03361740501,4.03156907476,0,0,1
legacy_r1,14.6,15.7152053677,10.0061227065,0,0,4.03361740501,4.03156907476,0,0,1
legacy_r1,14.625,15.7152053677,10.0061227065,0,0,4.03361740501,4.03156907476,0,0,1
legacy_r1,14.65,15.7152053677,10.0061227065,0,0,4.03361740501,4.03156907476,0,0,1
legacy_r1,14.675,15.7152053677,10.0061227065,0,0,4.03361740501,4.03156907476,0,0,1
legacy_r1,14.7,15.7152053677,10.0061227065,0,0,4.03361740501,4.03156907476,0,0,1
legacy_r1,14.725,15.7152053677,10.0061227065,0,0,4.03361740501,4.03156907476,0,0,1
legacy_r1,14.75,15.7152053677,10.0061227065,0,0,4.03361740501,4.03156907476,0,0,1
legacy_r1,14.775,15.7152053677,10.0061227065,0,0,4.03361740501,4.03156907476,0,0,1
legacy_r1,14.8,15.7152053677,10.0061227065,0,0,4.03361740501,4.03156907476,0,0,1
legacy_r1,14.825,15.7152053677,10.0061227065,0,0,4.03361740501,4.03156907476,0,0,1
legacy_r1,14.85,15.7152053677,10.0061227065,0,0,4.03361740501,4.03156907476,0,0,1
legacy_r1,14.875,15.7152053677,10.0061227065,0,0,4.03361740501,4.03156907476,0,0,1
legacy_r1,14.9,15.7152053677,10.0061227065,0,0,4.03361740501,4.03156907476,0,0,1
legacy_r1,14.925,15.7152053677,10.0061227065,0,0,4.03361740501,4.03156907476,0,0,1
legacy_r1,14.95,15.7152053677,10.0061227065,0,0,4.03361740501,4.03156907476,0,0,1
legacy_r1,14.975,15.7152053677,10.0061227065,0,0,4.03361740501,4.03156907476,0,0,1
legacy_r1,15,15.7152053677,10.0061227065,0,0,4.03361740501,4.03156907476,0,0,1
legacy_r1,15.025,15.7152053677,10.0061227065,0,0,4.03361740501,4.03156907476,0,0,1
legacy_r1,15.05,15.7152053677,10.0061227065,0,0,4.03361740501,4.03156907476,0,0,1
legacy_r1,15.075,15.7152053677,10.0061227065,0,0,4.03361740501,4.03156907476,0,0,1
legacy_r1,15.1,15.7152053677,10.0061227065,0,0,4.03361740501,4.03156907476,0,0,1
legacy_r1,15.125,15.7152053677,10.0061227065,0,0,4.03361740501,4.03156907476,0,0,1
legacy_r1,15.15,15.7152053677,10.0061227065,0,0,4.03361740501,4.03156907476,0,0,1
legacy_r1,15.175,15.7152053677,10.0061227065,0,0,4.03361740501,4.03156907476,0,0,1
legacy_r1,15.2,15.7152053677,10.0061227065,0,0,4.03361740501,4.03156907476,0,0,1
legacy_r1,15.225,15.7152053677,10.0061227065,0,0,4.03361740501,4.03156907476,0,0,1
legacy_r1,15.25,15.7152053677,10.0061227065,0,0,4.03361740501,4.03156907476,0,0,1
legacy_r1,15.275,15.7152053677,10.0061227065,0,0,4.03361740501,4.03156907476,0,0,1
legacy_r1,15.3,15.7152053677,10.0061227065,0,0,4.03361740501,4.03156907476,0,0,1
legacy_r1,15.325,15.7152053677,10.0061227065,0,0,4.03361740501,4.03156907476,0,0,1
legacy_r1,15.35,15.7152053677,10.0061227065,0,0,4.03361740501,4.03156907476,0,0,1
legacy_r1,15.375,15.7152053677,10.0061227065,0,0,4.03361740501,4.03156907476,0,0,1
legacy_r1,15.4,15.7152053677,10.0061227065,0,0,4.03361740501,4.03156907476,0,0,1
legacy_r1,15.425,15.7152053677,10.0061227065,0,0,4.03361740501,4.03156907476,0,0,1
legacy_r1,15.45,15.7152053677,10.0061227065,0,0,4.03361740501,4.03156907476,0,0,1
legacy_r1,15.475,15.7152053677,10.0061227065,0,0,4.03361740501,4.03156907476,0,0,1
legacy_r1,15.5,15.7152053677,10.0061227065,0,0,4.03361740501,4.03156907476,0,0,1
legacy_r1,15.525,15.7152053677,10.0061227065,0,0,4.03361740501,4.03156907476,0,0,1
legacy_r1,15.55,15.7152053677,10.0061227065,0,0,4.03361740501,4.03156907476,0,0,1
legacy_r1,15.575,15.7152053677,10.0061227065,0,0,4.03361740501,4.03156907476,0,0,1
legacy_r1,15.6,15.7152053677,10.0061227065,0,0,4.03361740501,4.03156907476,0,0,1
legacy_r1,15.625,15.7152053677,10.0061227065,0,0,4.03361740501,4.03156907476,0,0,1
legacy_r1,15.65,15.7152053677,10.0061227065,0,0,4.03361740501,4.03156907476,0,0,1
legacy_r1,15.675,15.7152053677,10.0061227065,0,0,4.03361740501,4.03156907476,0,0,1
legacy_r1,15.7,15.7152053677,10.0061227065,0,0,4.03361740501,4.03156907476,0,0,1
legacy_r1,15.725,15.7152053677,10.0061227065,0,0,4.03361740501,4.03156907476,0,0,1
legacy_r1,15.75,15.7152053677,10.0061227065,0,0,4.03361740501,4.03156907476,0,0,1
legacy_r1,15.775,15.7152053677,10.0061227065,0,0,4.03361740501,4.03156907476,0,0,1
legacy_r1,15.8,15.7152053677,10.0061227065,0,0,4.03361740501,4.03156907476,0,0,1
legacy_r1,15.825,15.7152053677,10.0061227065,0,0,4.03361740501,4.03156907476,0,0,1
legacy_r1,15.85,15.7152053677,10.0061227065,0,0,4.03361740501,4.03156907476,0,0,1
legacy_r1,15.875,15.7152053677,10.0061227065,0,0,4.03361740501,4.03156907476,0,0,1
legacy_r1,15.9,15.7152053677,10.0061227065,0,0,4.03361740501,4.03156907476,0,0,1
legacy_r1,15.925,15.7152053677,10.0061227065,0,0,4.03361740501,4.03156907476,0,0,1
legacy_r1,15.95,15.7152053677,10.0061227065,0,0,4.03361740501,4.03156907476,0,0,1
legacy_r1,15.975,15.7152053677,10.0061227065,0,0,4.03361740501,4.03156907476,0,0,1
legacy_r1,16,15.7152053677,10.0061227065,0,0,4.03361740501,4.03156907476,0,0,1
legacy_r1,16.025,15.7152053677,10.0061227065,0,0,4.03361740501,4.03156907476,0,0,1
legacy_r1,16.05,15.7152053677,10.0061227065,0,0,4.03361740501,4.03156907476,0,0,1
legacy_r1,16.075,15.7152053677,10.0061227065,0,0,4.03361740501,4.03156907476,0,0,1
legacy_r1,16.1,15.7152053677,10.0061227065,0,0,4.03361740501,4.03156907476,0,0,1
legacy_r1,16.125,15.7152053677,10.0061227065,0,0,4.03361740501,4.03156907476,0,0,1
legacy_r1,16.15,15.7152053677,10.0061227065,0,0,4.03361740501,4.03156907476,0,0,1
legacy_r1,16.175,15.7152053677,10.0061227065,0,0,4.03361740501,4.03156907476,0,0,1
legacy_r1,16.2,15.7152053677,10.0061227065,0,0,4.03361740501,4.03156907476,0,0,1
legacy_r1,16.225,15.7152053677,10.0061227065,0,0,4.03361740501,4.03156907476,0,0,1
legacy_r1,16.25,15.7152053677,10.0061227065,0,0,4.03361740501,4.03156907476,0,0,1
legacy_r1,16.275,15.7152053677,10.0061227065,0,0,4.03361740501,4.03156907476,0,0,1
legacy_r1,16.3,15.7152053677,10.0061227065,0,0,4.03361740501,4.03156907476,0,0,1
legacy_r1,16.325,15.7152053677,10.0061227065,0,0,4.03361740501,4.03156907476,0,0,1
legacy_r1,16.35,15.7152053677,10.0061227065,0,0,4.03361740501,4.03156907476,0,0,1
legacy_r1,16.375,15.7152053677,10.0061227065,0,0,4.03361740501,4.03156907476,0,0,1
legacy_r1,16.4,15.7152053677,10.0061227065,0,0,4.03361740501,4.03156907476,0,0,1
legacy_r1,16.425,15.7152053677,10.0061227065,0,0,4.03361740501,4.03156907476,0,0,1
legacy_r1,16.45,15.7152053677,10.0061227065,0,0,4.03361740501,4.03156907476,0,0,1
legacy_r1,16.475,15.7152053677,10.0061227065,0,0,4.03361740501,4.03156907476,0,0,1
legacy_r1,16.5,15.7152053677,10.0061227065,0,0,4.03361740501,4.03156907476,0,0,1
legacy_r1,16.525,15.7152053677,10.0061227065,0,0,4.03361740501,4.03156907476,0,0,1
legacy_r1,16.55,15.7152053677,10.0061227065,0,0,4.03361740501,4.03156907476,0,0,1
legacy_r1,16.575,15.7152053677,10.0061227065,0,0,4.03361740501,4.03156907476,0,0,1
legacy_r1,16.6,15.7152053677,10.0061227065,0,0,4.03361740501,4.03156907476,0,0,1
legacy_r1,16.625,15.7152053677,10.0061227065,0,0,4.03361740501,4.03156907476,0,0,1
legacy_r1,16.65,15.7152053677,10.0061227065,0,0,4.03361740501,4.03156907476,0,0,1
legacy_r1,16.675,15.7152053677,10.0061227065,0,0,4.03361740501,4.03156907476,0,0,1
legacy_r1,16.7,15.7152053677,10.0061227065,0,0,4.03361740501,4.03156907476,0,0,1
legacy_r1,16.725,15.7152053677,10.0061227065,0,0,4.03361740501,4.03156907476,0,0,1
legacy_r1,16.75,15.7152053677,10.0061227065,0,0,4.03361740501,4.03156907476,0,0,1
legacy_r1,16.775,15.7152053677,10.0061227065,0,0,4.03361740501,4.03156907476,0,0,1
legacy_r1,16.8,15.7152053677,10.0061227065,0,0,4.03361740501,4.03156907476,0,0,1
legacy_r1,16.825,15.7152053677,10.0061227065,0,0,4.03361740501,4.03156907476,0,0,1
legacy_r1,16.85,15.7152053677,10.0061227065,0,0,4.03361740501,4.03156907476,0,0,1
legacy_r1,16.875,15.7152053677,10.0061227065,0,0,4.03361740501,4.03156907476,0,0,1
legacy_r1,16.9,15.7152053677,10.0061227065,0,0,4.03361740501,4.03156907476,0,0,1
legacy_r1,16.925,15.7152053677,10.0061227065,0,0,4.03361740501,4.03156907476,0,0,1
legacy_r1,16.95,15.7152053677,10.0061227065,0,0,4.03361740501,4.03156907476,0,0,1
legacy_r1,16.975,15.7152053677,10.0061227065,0,0,4.03361740501,4.03156907476,0,0,1
legacy_r1,17,15.7152053677,10.0061227065,0,0,4.03361740501,4.03156907476,0,0,1
legacy_r1,17.025,15.7152053677,10.0061227065,0,0,4.03361740501,4.03156907476,0,0,1
legacy_r1,17.05,15.7152053677,10.0061227065,0,0,4.03361740501,4.03156907476,0,0,1
legacy_r1,17.075,15.7152053677,10.0061227065,0,0,4.03361740501,4.03156907476,0,0,1
legacy_r1,17.1,15.7152053677,10.0061227065,0,0,4.03361740501,4.03156907476,0,0,1
legacy_r1,17.125,15.7152053677,10.0061227065,0,0,4.03361740501,4.03156907476,0,0,1
legacy_r1,17.15,15.7152053677,10.0061227065,0,0,4.03361740501,4.03156907476,0,0,1
legacy_r1,17.175,15.7152053677,10.0061227065,0,0,4.03361740501,4.03156907476,0,0,1
legacy_r1,17.2,15.7152053677,10.0061227065,0,0,4.03361740501,4.03156907476,0,0,1
legacy_r1,17.225,15.7152053677,10.0061227065,0,0,4.03361740501,4.03156907476,0,0,1
legacy_r1,17.25,15.7152053677,10.0061227065,0,0,4.03361740501,4.03156907476,0,0,1
legacy_r1,17.275,15.7152053677,10.0061227065,0,0,4.03361740501,4.03156907476,0,0,1
legacy_r1,17.3,15.7152053677,10.0061227065,0,0,4.03361740501,4.03156907476,0,0,1
legacy_r1,17.325,15.7152053677,10.0061227065,0,0,4.03361740501,4.03156907476,0,0,1
legacy_r1,17.35,15.7152053677,10.0061227065,0,0,4.03361740501,4.03156907476,0,0,1
legacy_r1,17.375,15.7152053677,10.0061227065,0,0,4.03361740501,4.03156907476,0,0,1
legacy_r1,17.4,15.7152053677,10.0061227065,0,0,4.03361740501,4.03156907476,0,0,1
legacy_r1,17.425,15.7152053677,10.0061227065,0,0,4.03361740501,4.03156907476,0,0,1
legacy_r1,17.45,15.7152053677,10.0061227065,0,0,4.03361740501,4.03156907476,0,0,1
legacy_r1,17.475,15.7152053677,10.0061227065,0,0,4.03361740501,4.03156907476,0,0,1
legacy_r1,17.5,15.7152053677,10.0061227065,0,0,4.03361740501,4.03156907476,0,0,1
legacy_r1,17.525,15.7152053677,10.0061227065,0,0,4.03361740501,4.03156907476,0,0,1
legacy_r1,17.55,15.7152053677,10.0061227065,0,0,4.03361740501,4.03156907476,0,0,1
legacy_r1,17.575,15.7152053677,10.0061227065,0,0,4.03361740501,4.03156907476,0,0,1
legacy_r1,17.6,15.7152053677,10.0061227065,0,0,4.03361740501,4.03156907476,0,0,1
legacy_r1,17.625,15.7152053677,10.0061227065,0,0,4.03361740501,4.03156907476,0,0,1
legacy_r1,17.65,15.7152053677,10.0061227065,0,0,4.03361740501,4.03156907476,0,0,1
legacy_r1,17.675,15.7152053677,10.0061227065,0,0,4.03361740501,4.03156907476,0,0,1
legacy_r1,17.7,15.7152053677,10.0061227065,0,0,4.03361740501,4.03156907476,0,0,1
legacy_r1,17.725,15.7152053677,10.0061227065,0,0,4.03361740501,4.03156907476,0,0,1
legacy_r1,17.75,15.7152053677,10.0061227065,0,0,4.03361740501,4.03156907476,0,0,1
legacy_r1,17.775,15.7152053677,10.0061227065,0,0,4.03361740501,4.03156907476,0,0,1
legacy_r1,17.8,15.7152053677,10.0061227065,0,0,4.03361740501,4.03156907476,0,0,1
legacy_r1,17.825,15.7152053677,10.0061227065,0,0,4.03361740501,4.03156907476,0,0,1
legacy_r1,17.85,15.7152053677,10.0061227065,0,0,4.03361740501,4.03156907476,0,0,1
legacy_r1,17.875,15.7152053677,10.0061227065,0,0,4.03361740501,4.03156907476,0,0,1
legacy_r1,17.9,15.7152053677,10.0061227065,0,0,4.03361740501,4.03156907476,0,0,1
legacy_r1,17.925,15.7152053677,10.0061227065,0,0,4.03361740501,4.03156907476,0,0,1
legacy_r1,17.95,15.7152053677,10.0061227065,0,0,4.03361740501,4.03156907476,0,0,1
legacy_r1,17.975,15.7152053677,10.0061227065,0,0,4.03361740501,4.03156907476,0,0,1
legacy_r1,18,15.7152053677,10.0061227065,0,0,4.03361740501,4.03156907476,0,0,1
legacy_r1,18.025,15.7152053677,10.0061227065,0,0,4.03361740501,4.03156907476,0,0,1
legacy_r1,18.05,15.7152053677,10.0061227065,0,0,4.03361740501,4.03156907476,0,0,1
legacy_r1,18.075,15.7152053677,10.0061227065,0,0,4.03361740501,4.03156907476,0,0,1
legacy_r1,18.1,15.7152053677,10.0061227065,0,0,4.03361740501,4.03156907476,0,0,1
legacy_r1,18.125,15.7152053677,10.0061227065,0,0,4.03361740501,4.03156907476,0,0,1
legacy_r1,18.15,15.7152053677,10.0061227065,0,0,4.03361740501,4.03156907476,0,0,1
legacy_r1,18.175,15.7152053677,10.0061227065,0,0,4.03361740501,4.03156907476,0,0,1
legacy_r1,18.2,15.7152053677,10.0061227065,0,0,4.03361740501,4.03156907476,0,0,1
legacy_r1,18.225,15.7152053677,10.0061227065,0,0,4.03361740501,4.03156907476,0,0,1
legacy_r1,18.25,15.7152053677,10.0061227065,0,0,4.03361740501,4.03156907476,0,0,1
legacy_r1,18.275,15.7152053677,10.0061227065,0,0,4.03361740501,4.03156907476,0,0,1
legacy_r1,18.3,15.7152053677,10.0061227065,0,0,4.03361740501,4.03156907476,0,0,1
legacy_r1,18.325,15.7152053677,10.0061227065,0,0,4.03361740501,4.03156907476,0,0,1
legacy_r1,18.35,15.7152053677,10.0061227065,0,0,4.03361740501,4.03156907476,0,0,1
legacy_r1,18.375,15.7152053677,10.0061227065,0,0,4.03361740501,4.03156907476,0,0,1
legacy_r1,18.4,15.7152053677,10.0061227065,0,0,4.03361740501,4.03156907476,0,0,1
legacy_r1,18.425,15.7152053677,10.0061227065,0,0,4.03361740501,4.03156907476,0,0,1
legacy_r1,18.45,15.7152053677,10.0061227065,0,0,4.03361740501,4.03156907476,0,0,1
legacy_r1,18.475,15.7152053677,10.0061227065,0,0,4.03361740501,4.03156907476,0,0,1
legacy_r1,18.5,15.7152053677,10.0061227065,0,0,4.03361740501,4.03156907476,0,0,1
legacy_r1,18.525,15.7152053677,10.0061227065,0,0,4.03361740501,4.03156907476,0,0,1
legacy_r1,18.55,15.7152053677,10.0061227065,0,0,4.03361740501,4.03156907476,0,0,1
legacy_r1,18.575,15.7152053677,10.0061227065,0,0,4.03361740501,4.03156907476,0,0,1
legacy_r1,18.6,15.7152053677,10.0061227065,0,0,4.03361740501,4.03156907476,0,0,1
legacy_r1,18.625,15.7152053677,10.0061227065,0,0,4.03361740501,4.03156907476,0,0,1
legacy_r1,18.65,15.7152053677,10.0061227065,0,0,4.03361740501,4.03156907476,0,0,1
legacy_r1,18.675,15.7152053677,10.0061227065,0,0,4.03361740501,4.03156907476,0,0,1
legacy_r1,18.7,15.7152053677,10.0061227065,0,0,4.03361740501,4.03156907476,0,0,1
legacy_r1,18.725,15.7152053677,10.0061227065,0,0,4.03361740501,4.03156907476,0,0,1
legacy_r1,18.75,15.7152053677,10.0061227065,0,0,4.03361740501,4.03156907476,0,0,1
legacy_r1,18.775,15.7152053677,10.0061227065,0,0,4.03361740501,4.03156907476,0,0,1
legacy_r1,18.8,15.7152053677,10.0061227065,0,0,4.03361740501,4.03156907476,0,0,1
legacy_r1,18.825,15.7152053677,10.0061227065,0,0,4.03361740501,4.03156907476,0,0,1
legacy_r1,18.85,15.7152053677,10.0061227065,0,0,4.03361740501,4.03156907476,0,0,1
legacy_r1,18.875,15.7152053677,10.0061227065,0,0,4.03361740501,4.03156907476,0,0,1
legacy_r1,18.9,15.7152053677,10.0061227065,0,0,4.03361740501,4.03156907476,0,0,1
legacy_r1,18.925,15.7152053677,10.0061227065,0,0,4.03361740501,4.03156907476,0,0,1
legacy_r1,18.95,15.7152053677,10.0061227065,0,0,4.03361740501,4.03156907476,0,0,1
legacy_r1,18.975,15.7152053677,10.0061227065,0,0,4.03361740501,4.03156907476,0,0,1
legacy_r1,19,15.7152053677,10.0061227065,0,0,4.03361740501,4.03156907476,0,0,1
legacy_r1,19.025,15.7152053677,10.0061227065,0,0,4.03361740501,4.03156907476,0,0,1
legacy_r1,19.05,15.7152053677,10.0061227065,0,0,4.03361740501,4.03156907476,0,0,1
legacy_r1,19.075,15.7152053677,10.0061227065,0,0,4.03361740501,4.03156907476,0,0,1
legacy_r1,19.1,15.7152053677,10.0061227065,0,0,4.03361740501,4.03156907476,0,0,1
legacy_r1,19.125,15.7152053677,10.0061227065,0,0,4.03361740501,4.03156907476,0,0,1
legacy_r1,19.15,15.7152053677,10.0061227065,0,0,4.03361740501,4.03156907476,0,0,1
legacy_r1,19.175,15.7152053677,10.0061227065,0,0,4.03361740501,4.03156907476,0,0,1
legacy_r1,19.2,15.7152053677,10.0061227065,0,0,4.03361740501,4.03156907476,0,0,1
legacy_r1,19.225,15.7152053677,10.0061227065,0,0,4.03361740501,4.03156907476,0,0,1
legacy_r1,19.25,15.7152053677,10.0061227065,0,0,4.03361740501,4.03156907476,0,0,1
legacy_r1,19.275,15.7152053677,10.0061227065,0,0,4.03361740501,4.03156907476,0,0,1
legacy_r1,19.3,15.7152053677,10.0061227065,0,0,4.03361740501,4.03156907476,0,0,1
legacy_r1,19.325,15.7152053677,10.0061227065,0,0,4.03361740501,4.03156907476,0,0,1
legacy_r1,19.35,15.7152053677,10.0061227065,0,0,4.03361740501,4.03156907476,0,0,1
legacy_r1,19.375,15.7152053677,10.0061227065,0,0,4.03361740501,4.03156907476,0,0,1
legacy_r1,19.4,15.7152053677,10.0061227065,0,0,4.03361740501,4.03156907476,0,0,1
legacy_r1,19.425,15.7152053677,10.0061227065,0,0,4.03361740501,4.03156907476,0,0,1
legacy_r1,19.45,15.7152053677,10.0061227065,0,0,4.03361740501,4.03156907476,0,0,1
legacy_r1,19.475,15.7152053677,10.0061227065,0,0,4.03361740501,4.03156907476,0,0,1
legacy_r1,19.5,15.7152053677,10.0061227065,0,0,4.03361740501,4.03156907476,0,0,1
legacy_r1,19.525,15.7152053677,10.0061227065,0,0,4.03361740501,4.03156907476,0,0,1
legacy_r1,19.55,15.7152053677,10.0061227065,0,0,4.03361740501,4.03156907476,0,0,1
legacy_r1,19.575,15.7152053677,10.0061227065,0,0,4.03361740501,4.03156907476,0,0,1
legacy_r1,19.6,15.7152053677,10.0061227065,0,0,4.03361740501,4.03156907476,0,0,1
legacy_r1,19.625,15.7152053677,10.0061227065,0,0,4.03361740501,4.03156907476,0,0,1
legacy_r1,19.65,15.7152053677,10.0061227065,0,0,4.03361740501,4.03156907476,0,0,1
legacy_r1,19.675,15.7152053677,10.0061227065,0,0,4.03361740501,4.03156907476,0,0,1
legacy_r1,19.7,15.7152053677,10.0061227065,0,0,4.03361740501,4.03156907476,0,0,1
legacy_r1,19.725,15.7152053677,10.0061227065,0,0,4.03361740501,4.03156907476,0,0,1
legacy_r1,19.75,15.7152053677,10.0061227065,0,0,4.03361740501,4.03156907476,0,0,1
legacy_r1,19.775,15.7152053677,10.0061227065,0,0,4.03361740501,4.03156907476,0,0,1
legacy_r1,19.8,15.7152053677,10.0061227065,0,0,4.03361740501,4.03156907476,0,0,1
legacy_r1,19.825,15.7152053677,10.0061227065,0,0,4.03361740501,4.03156907476,0,0,1
legacy_r1,19.85,15.7152053677,10.0061227065,0,0,4.03361740501,4.03156907476,0,0,1
legacy_r1,19.875,15.7152053677,10.0061227065,0,0,4.03361740501,4.03156907476,0,0,1
legacy_r1,19.9,15.7152053677,10.0061227065,0,0,4.03361740501,4.03156907476,0,0,1
legacy_r1,19.925,15.7152053677,10.0061227065,0,0,4.03361740501,4.03156907476,0,0,1
legacy_r1,19.95,15.7152053677,10.0061227065,0,0,4.03361740501,4.03156907476,0,0,1
legacy_r1,19.975,15.7152053677,10.0061227065,0,0,4.03361740501,4.03156907476,0,0,1
legacy_r1,20,15.7152053677,10.0061227065,0,0,4.03361740501,4.03156907476,0,0,1
legacy_r1,20.025,15.7152053677,10.0061227065,0,0,4.03361740501,4.03156907476,0,0,1
legacy_r1,20.05,15.7152053677,10.0061227065,0,0,4.03361740501,4.03156907476,0,0,1
legacy_r1,20.075,15.7152053677,10.0061227065,0,0,4.03361740501,4.03156907476,0,0,1
legacy_r1,20.1,15.7152053677,10.0061227065,0,0,4.03361740501,4.03156907476,0,0,1
legacy_r1,20.125,15.7152053677,10.0061227065,0,0,4.03361740501,4.03156907476,0,0,1
legacy_r1,20.15,15.7152053677,10.0061227065,0,0,4.03361740501,4.03156907476,0,0,1
legacy_r1,20.175,15.7152053677,10.0061227065,0,0,4.03361740501,4.03156907476,0,0,1
legacy_r1,20.2,15.7152053677,10.0061227065,0,0,4.03361740501,4.03156907476,0,0,1
legacy_r1,20.225,15.7152053677,10.0061227065,0,0,4.03361740501,4.03156907476,0,0,1
legacy_r1,20.25,15.7152053677,10.0061227065,0,0,4.03361740501,4.03156907476,0,0,1
legacy_r1,20.275,15.7152053677,10.0061227065,0,0,4.03361740501,4.03156907476,0,0,1
legacy_r1,20.3,15.7152053677,10.0061227065,0,0,4.03361740501,4.03156907476,0,0,1
legacy_r1,20.325,15.7152053677,10.0061227065,0,0,4.03361740501,4.03156907476,0,0,1
legacy_r1,20.35,15.7152053677,10.0061227065,0,0,4.03361740501,4.03156907476,0,0,1
legacy_r1,20.375,15.7152053677,10.0061227065,0,0,4.03361740501,4.03156907476,0,0,1
legacy_r1,20.4,15.7152053677,10.0061227065,0,0,4.03361740501,4.03156907476,0,0,1
legacy_r1,20.425,15.7152053677,10.0061227065,0,0,4.03361740501,4.03156907476,0,0,1
legacy_r1,20.45,15.7152053677,10.0061227065,0,0,4.03361740501,4.03156907476,0,0,1
legacy_r1,20.475,15.7152053677,10.0061227065,0,0,4.03361740501,4.03156907476,0,0,1
legacy_r1,20.5,15.7152053677,10.0061227065,0,0,4.03361740501,4.03156907476,0,0,1
legacy_r1,20.525,15.7152053677,10.0061227065,0,0,4.03361740501,4.03156907476,0,0,1
legacy_r1,20.55,15.7152053677,10.0061227065,0,0,4.03361740501,4.03156907476,0,0,1
legacy_r1,20.575,15.7152053677,10.0061227065,0,0,4.03361740501,4.03156907476,0,0,1
legacy_r1,20.6,15.7152053677,10.0061227065,0,0,4.03361740501,4.03156907476,0,0,1
legacy_r1,20.625,15.7152053677,10.0061227065,0,0,4.03361740501,4.03156907476,0,0,1
legacy_r1,20.65,15.7152053677,10.0061227065,0,0,4.03361740501,4.03156907476,0,0,1
legacy_r1,20.675,15.7152053677,10.0061227065,0,0,4.03361740501,4.03156907476,0,0,1
legacy_r1,20.7,15.7152053677,10.0061227065,0,0,4.03361740501,4.03156907476,0,0,1
legacy_r1,20.725,15.7152053677,10.0061227065,0,0,4.03361740501,4.03156907476,0,0,1
legacy_r1,20.75,15.7152053677,10.0061227065,0,0,4.03361740501,4.03156907476,0,0,1
legacy_r1,20.775,15.7152053677,10.0061227065,0,0,4.03361740501,4.03156907476,0,0,1
legacy_r1,20.8,15.7152053677,10.0061227065,0,0,4.03361740501,4.03156907476,0,0,1
legacy_r1,20.825,15.7152053677,10.0061227065,0,0,4.03361740501,4.03156907476,0,0,1
legacy_r1,20.85,15.7152053677,10.0061227065,0,0,4.03361740501,4.03156907476,0,0,1
legacy_r1,20.875,15.7152053677,10.0061227065,0,0,4.03361740501,4.03156907476,0,0,1
legacy_r1,20.9,15.7152053677,10.0061227065,0,0,4.03361740501,4.03156907476,0,0,1
legacy_r1,20.925,15.7152053677,10.0061227065,0,0,4.03361740501,4.03156907476,0,0,1
legacy_r1,20.95,15.7152053677,10.0061227065,0,0,4.03361740501,4.03156907476,0,0,1
legacy_r1,20.975,15.7152053677,10.0061227065,0,0,4.03361740501,4.03156907476,0,0,1
legacy_r1,21,15.7152053677,10.0061227065,0,0,4.03361740501,4.03156907476,0,0,1
legacy_r1,21.025,15.7152053677,10.0061227065,0,0,4.03361740501,4.03156907476,0,0,1
legacy_r1,21.05,15.7152053677,10.0061227065,0,0,4.03361740501,4.03156907476,0,0,1
legacy_r1,21.075,15.7152053677,10.0061227065,0,0,4.03361740501,4.03156907476,0,0,1
legacy_r1,21.1,15.7152053677,10.0061227065,0,0,4.03361740501,4.03156907476,0,0,1
legacy_r1,21.125,15.7152053677,10.0061227065,0,0,4.03361740501,4.03156907476,0,0,1
legacy_r1,21.15,15.7152053677,10.0061227065,0,0,4.03361740501,4.03156907476,0,0,1
legacy_r1,21.175,15.7152053677,10.0061227065,0,0,4.03361740501,4.03156907476,0,0,1
legacy_r1,21.2,15.7152053677,10.0061227065,0,0,4.03361740501,4.03156907476,0,0,1
legacy_r1,21.225,15.7152053677,10.0061227065,0,0,4.03361740501,4.03156907476,0,0,1
legacy_r1,21.25,15.7152053677,10.0061227065,0,0,4.03361740501,4.03156907476,0,0,1
legacy_r1,21.275,15.7152053677,10.0061227065,0,0,4.03361740501,4.03156907476,0,0,1
legacy_r1,21.3,15.7152053677,10.0061227065,0,0,4.03361740501,4.03156907476,0,0,1
legacy_r1,21.325,15.7152053677,10.0061227065,0,0,4.03361740501,4.03156907476,0,0,1
legacy_r1,21.35,15.7152053677,10.0061227065,0,0,4.03361740501,4.03156907476,0,0,1
legacy_r1,21.375,15.7152053677,10.0061227065,0,0,4.03361740501,4.03156907476,0,0,1
legacy_r1,21.4,15.7152053677,10.0061227065,0,0,4.03361740501,4.03156907476,0,0,1
legacy_r1,21.425,15.7152053677,10.0061227065,0,0,4.03361740501,4.03156907476,0,0,1
legacy_r1,21.45,15.7152053677,10.0061227065,0,0,4.03361740501,4.03156907476,0,0,1
legacy_r1,21.475,15.7152053677,10.0061227065,0,0,4.03361740501,4.03156907476,0,0,1
legacy_r1,21.5,15.7152053677,10.0061227065,0,0,4.03361740501,4.03156907476,0,0,1
legacy_r1,21.525,15.7152053677,10.0061227065,0,0,4.03361740501,4.03156907476,0,0,1
legacy_r1,21.55,15.7152053677,10.0061227065,0,0,4.03361740501,4.03156907476,0,0,1
legacy_r1,21.575,15.7152053677,10.0061227065,0,0,4.03361740501,4.03156907476,0,0,1
legacy_r1,21.6,15.7152053677,10.0061227065,0,0,4.03361740501,4.03156907476,0,0,1
legacy_r1,21.625,15.7152053677,10.0061227065,0,0,4.03361740501,4.03156907476,0,0,1
legacy_r1,21.65,15.7152053677,10.0061227065,0,0,4.03361740501,4.03156907476,0,0,1
legacy_r1,21.675,15.7152053677,10.0061227065,0,0,4.03361740501,4.03156907476,0,0,1
legacy_r1,21.7,15.7152053677,10.0061227065,0,0,4.03361740501,4.03156907476,0,0,1
legacy_r1,21.725,15.7152053677,10.0061227065,0,0,4.03361740501,4.03156907476,0,0,1
legacy_r1,21.75,15.7152053677,10.0061227065,0,0,4.03361740501,4.03156907476,0,0,1
legacy_r1,21.775,15.7152053677,10.0061227065,0,0,4.03361740501,4.03156907476,0,0,1
legacy_r1,21.8,15.7152053677,10.0061227065,0,0,4.03361740501,4.03156907476,0,0,1
legacy_r1,21.825,15.7152053677,10.0061227065,0,0,4.03361740501,4.03156907476,0,0,1
legacy_r1,21.85,15.7152053677,10.0061227065,0,0,4.03361740501,4.03156907476,0,0,1
legacy_r1,21.875,15.7152053677,10.0061227065,0,0,4.03361740501,4.03156907476,0,0,1
legacy_r1,21.9,15.7152053677,10.0061227065,0,0,4.03361740501,4.03156907476,0,0,1
legacy_r1,21.925,15.7152053677,10.0061227065,0,0,4.03361740501,4.03156907476,0,0,1
legacy_r1,21.95,15.7152053677,10.0061227065,0,0,4.03361740501,4.03156907476,0,0,1
legacy_r1,21.975,15.7152053677,10.0061227065,0,0,4.03361740501,4.03156907476,0,0,1
legacy_r1,22,15.7152053677,10.0061227065,0,0,4.03361740501,4.03156907476,0,0,1
legacy_r1,22.025,15.7152053677,10.0061227065,0,0,4.03361740501,4.03156907476,0,0,1
legacy_r1,22.05,15.7152053677,10.0061227065,0,0,4.03361740501,4.03156907476,0,0,1
legacy_r1,22.075,15.7152053677,10.0061227065,0,0,4.03361740501,4.03156907476,0,0,1
legacy_r1,22.1,15.7152053677,10.0061227065,0,0,4.03361740501,4.03156907476,0,0,1
legacy_r1,22.125,15.7152053677,10.0061227065,0,0,4.03361740501,4.03156907476,0,0,1
legacy_r1,22.15,15.7152053677,10.0061227065,0,0,4.03361740501,4.03156907476,0,0,1
legacy_r1,22.175,15.7152053677,10.0061227065,0,0,4.03361740501,4.03156907476,0,0,1
legacy_r1,22.2,15.7152053677,10.0061227065,0,0,4.03361740501,4.03156907476,0,0,1
legacy_r1,22.225,15.7152053677,10.0061227065,0,0,4.03361740501,4.03156907476,0,0,1
legacy_r1,22.25,15.7152053677,10.0061227065,0,0,4.03361740501,4.03156907476,0,0,1
legacy_r1,22.275,15.7152053677,10.0061227065,0,0,4.03361740501,4.03156907476,0,0,1
legacy_r1,22.3,15.7152053677,10.0061227065,0,0,4.03361740501,4.03156907476,0,0,1
legacy_r1,22.325,15.7152053677,10.0061227065,0,0,4.03361740501,4.03156907476,0,0,1
legacy_r1,22.35,15.7152053677,10.0061227065,0,0,4.03361740501,4.03156907476,0,0,1
legacy_r1,22.375,15.7152053677,10.0061227065,0,0,4.03361740501,4.03156907476,0,0,1
legacy_r1,22.4,15.7152053677,10.0061227065,0,0,4.03361740501,4.03156907476,0,0,1
legacy_r1,22.425,15.7152053677,10.0061227065,0,0,4.03361740501,4.03156907476,0,0,1
legacy_r1,22.45,15.7152053677,10.0061227065,0,0,4.03361740501,4.03156907476,0,0,1
legacy_r1,22.475,15.7152053677,10.0061227065,0,0,4.03361740501,4.03156907476,0,0,1
legacy_r1,22.5,15.7152053677,10.0061227065,0,0,4.03361740501,4.03156907476,0,0,1
legacy_r1,22.525,15.7152053677,10.0061227065,0,0,4.03361740501,4.03156907476,0,0,1
legacy_r1,22.55,15.7152053677,10.0061227065,0,0,4.03361740501,4.03156907476,0,0,1
legacy_r1,22.575,15.7152053677,10.0061227065,0,0,4.03361740501,4.03156907476,0,0,1
legacy_r1,22.6,15.7152053677,10.0061227065,0,0,4.03361740501,4.03156907476,0,0,1
legacy_r1,22.625,15.7152053677,10.0061227065,0,0,4.03361740501,4.03156907476,0,0,1
legacy_r1,22.65,15.7152053677,10.0061227065,0,0,4.03361740501,4.03156907476,0,0,1
legacy_r1,22.675,15.7152053677,10.0061227065,0,0,4.03361740501,4.03156907476,0,0,1
legacy_r1,22.7,15.7152053677,10.0061227065,0,0,4.03361740501,4.03156907476,0,0,1
legacy_r1,22.725,15.7152053677,10.0061227065,0,0,4.03361740501,4.03156907476,0,0,1
legacy_r1,22.75,15.7152053677,10.0061227065,0,0,4.03361740501,4.03156907476,0,0,1
legacy_r1,22.775,15.7152053677,10.0061227065,0,0,4.03361740501,4.03156907476,0,0,1
legacy_r1,22.8,15.7152053677,10.0061227065,0,0,4.03361740501,4.03156907476,0,0,1
legacy_r1,22.825,15.7152053677,10.0061227065,0,0,4.03361740501,4.03156907476,0,0,1
legacy_r1,22.85,15.7152053677,10.0061227065,0,0,4.03361740501,4.03156907476,0,0,1
legacy_r1,22.875,15.7152053677,10.0061227065,0,0,4.03361740501,4.03156907476,0,0,1
legacy_r1,22.9,15.7152053677,10.0061227065,0,0,4.03361740501,4.03156907476,0,0,1
legacy_r1,22.925,15.7152053677,10.0061227065,0,0,4.03361740501,4.03156907476,0,0,1
legacy_r1,22.95,15.7152053677,10.0061227065,0,0,4.03361740501,4.03156907476,0,0,1
legacy_r1,22.975,15.7152053677,10.0061227065,0,0,4.03361740501,4.03156907476,0,0,1
legacy_r1,23,15.7152053677,10.0061227065,0,0,4.03361740501,4.03156907476,0,0,1
legacy_r1,23.025,15.7152053677,10.0061227065,0,0,4.03361740501,4.03156907476,0,0,1
legacy_r1,23.05,15.7152053677,10.0061227065,0,0,4.03361740501,4.03156907476,0,0,1
legacy_r1,23.075,15.7152053677,10.0061227065,0,0,4.03361740501,4.03156907476,0,0,1
legacy_r1,23.1,15.7152053677,10.0061227065,0,0,4.03361740501,4.03156907476,0,0,1
legacy_r1,23.125,15.7152053677,10.0061227065,0,0,4.03361740501,4.03156907476,0,0,1
legacy_r1,23.15,15.7152053677,10.0061227065,0,0,4.03361740501,4.03156907476,0,0,1
legacy_r1,23.175,15.7152053677,10.0061227065,0,0,4.03361740501,4.03156907476,0,0,1
legacy_r1,23.2,15.7152053677,10.0061227065,0,0,4.03361740501,4.03156907476,0,0,1
legacy_r1,23.225,15.7152053677,10.0061227065,0,0,4.03361740501,4.03156907476,0,0,1
legacy_r1,23.25,15.7152053677,10.0061227065,0,0,4.03361740501,4.03156907476,0,0,1
legacy_r1,23.275,15.7152053677,10.0061227065,0,0,4.03361740501,4.03156907476,0,0,1
legacy_r1,23.3,15.7152053677,10.0061227065,0,0,4.03361740501,4.03156907476,0,0,1
legacy_r1,23.325,15.7152053677,10.0061227065,0,0,4.03361740501,4.03156907476,0,0,1
legacy_r1,23.35,15.7152053677,10.0061227065,0,0,4.03361740501,4.03156907476,0,0,1
legacy_r1,23.375,15.7152053677,10.0061227065,0,0,4.03361740501,4.03156907476,0,0,1
legacy_r1,23.4,15.7152053677,10.0061227065,0,0,4.03361740501,4.03156907476,0,0,1
legacy_r1,23.425,15.7152053677,10.0061227065,0,0,4.03361740501,4.03156907476,0,0,1
legacy_r1,23.45,15.7152053677,10.0061227065,0,0,4.03361740501,4.03156907476,0,0,1
legacy_r1,23.475,15.7152053677,10.0061227065,0,0,4.03361740501,4.03156907476,0,0,1
legacy_r1,23.5,15.7152053677,10.0061227065,0,0,4.03361740501,4.03156907476,0,0,1
legacy_r1,23.525,15.7152053677,10.0061227065,0,0,4.03361740501,4.03156907476,0,0,1
legacy_r1,23.55,15.7152053677,10.0061227065,0,0,4.03361740501,4.03156907476,0,0,1
legacy_r1,23.575,15.7152053677,10.0061227065,0,0,4.03361740501,4.03156907476,0,0,1
legacy_r1,23.6,15.7152053677,10.0061227065,0,0,4.03361740501,4.03156907476,0,0,1
legacy_r1,23.625,15.7152053677,10.0061227065,0,0,4.03361740501,4.03156907476,0,0,1
legacy_r1,23.65,15.7152053677,10.0061227065,0,0,4.03361740501,4.03156907476,0,0,1
legacy_r1,23.675,15.7152053677,10.0061227065,0,0,4.03361740501,4.03156907476,0,0,1
legacy_r1,23.7,15.7152053677,10.0061227065,0,0,4.03361740501,4.03156907476,0,0,1
legacy_r1,23.725,15.7152053677,10.0061227065,0,0,4.03361740501,4.03156907476,0,0,1
legacy_r1,23.75,15.7152053677,10.0061227065,0,0,4.03361740501,4.03156907476,0,0,1
legacy_r1,23.775,15.7152053677,10.0061227065,0,0,4.03361740501,4.03156907476,0,0,1
legacy_r1,23.8,15.7152053677,10.0061227065,0,0,4.03361740501,4.03156907476,0,0,1
legacy_r1,23.825,15.7152053677,10.0061227065,0,0,4.03361740501,4.03156907476,0,0,1
legacy_r1,23.85,15.7152053677,10.0061227065,0,0,4.03361740501,4.03156907476,0,0,1
legacy_r1,23.875,15.7152053677,10.0061227065,0,0,4.03361740501,4.03156907476,0,0,1
legacy_r1,23.9,15.7152053677,10.0061227065,0,0,4.03361740501,4.03156907476,0,0,1
legacy_r1,23.925,15.7152053677,10.0061227065,0,0,4.03361740501,4.03156907476,0,0,1
legacy_r1,23.95,15.7152053677,10.0061227065,0,0,4.03361740501,4.03156907476,0,0,1
legacy_r1,23.975,15.7152053677,10.0061227065,0,0,4.03361740501,4.03156907476,0,0,1
legacy_r1,24,15.7152053677,10.0061227065,0,0,4.03361740501,4.03156907476,0,0,1
legacy_r1,24.025,15.7152053677,10.0061227065,0,0,4.03361740501,4.03156907476,0,0,1
legacy_r1,24.05,15.7152053677,10.0061227065,0,0,4.03361740501,4.03156907476,0,0,1
legacy_r1,24.075,15.7152053677,10.0061227065,0,0,4.03361740501,4.03156907476,0,0,1
legacy_r1,24.1,15.7152053677,10.0061227065,0,0,4.03361740501,4.03156907476,0,0,1
legacy_r1,24.125,15.7152053677,10.0061227065,0,0,4.03361740501,4.03156907476,0,0,1
legacy_r1,24.15,15.7152053677,10.0061227065,0,0,4.03361740501,4.03156907476,0,0,1
legacy_r1,24.175,15.7152053677,10.0061227065,0,0,4.03361740501,4.03156907476,0,0,1
legacy_r1,24.2,15.7152053677,10.0061227065,0,0,4.03361740501,4.03156907476,0,0,1
legacy_r1,24.225,15.7152053677,10.0061227065,0,0,4.03361740501,4.03156907476,0,0,1
legacy_r1,24.25,15.7152053677,10.0061227065,0,0,4.03361740501,4.03156907476,0,0,1
legacy_r1,24.275,15.7152053677,10.0061227065,0,0,4.03361740501,4.03156907476,0,0,1
legacy_r1,24.3,15.7152053677,10.0061227065,0,0,4.03361740501,4.03156907476,0,0,1
legacy_r1,24.325,15.7152053677,10.0061227065,0,0,4.03361740501,4.03156907476,0,0,1
legacy_r1,24.35,15.7152053677,10.0061227065,0,0,4.03361740501,4.03156907476,0,0,1
legacy_r1,24.375,15.7152053677,10.0061227065,0,0,4.03361740501,4.03156907476,0,0,1
legacy_r1,24.4,15.7152053677,10.0061227065,0,0,4.03361740501,4.03156907476,0,0,1
legacy_r1,24.425,15.7152053677,10.0061227065,0,0,4.03361740501,4.03156907476,0,0,1
legacy_r1,24.45,15.7152053677,10.0061227065,0,0,4.03361740501,4.03156907476,0,0,1
legacy_r1,24.475,15.7152053677,10.0061227065,0,0,4.03361740501,4.03156907476,0,0,1
legacy_r1,24.5,15.7152053677,10.0061227065,0,0,4.03361740501,4.03156907476,0,0,1
legacy_r1,24.525,15.7152053677,10.0061227065,0,0,4.03361740501,4.03156907476,0,0,1
legacy_r1,24.55,15.7152053677,10.0061227065,0,0,4.03361740501,4.03156907476,0,0,1
legacy_r1,24.575,15.7152053677,10.0061227065,0,0,4.03361740501,4.03156907476,0,0,1
legacy_r1,24.6,15.7152053677,10.0061227065,0,0,4.03361740501,4.03156907476,0,0,1
legacy_r1,24.625,15.7152053677,10.0061227065,0,0,4.03361740501,4.03156907476,0,0,1
legacy_r1,24.65,15.7152053677,10.0061227065,0,0,4.03361740501,4.03156907476,0,0,1
legacy_r1,24.675,15.7152053677,10.0061227065,0,0,4.03361740501,4.03156907476,0,0,1
legacy_r1,24.7,15.7152053677,10.0061227065,0,0,4.03361740501,4.03156907476,0,0,1
legacy_r1,24.725,15.7152053677,10.0061227065,0,0,4.03361740501,4.03156907476,0,0,1
legacy_r1,24.75,15.7152053677,10.0061227065,0,0,4.03361740501,4.03156907476,0,0,1
legacy_r1,24.775,15.7152053677,10.0061227065,0,0,4.03361740501,4.03156907476,0,0,1
legacy_r1,24.8,15.7152053677,10.0061227065,0,0,4.03361740501,4.03156907476,0,0,1
legacy_r1,24.825,15.7152053677,10.0061227065,0,0,4.03361740501,4.03156907476,0,0,1
legacy_r1,24.85,15.7152053677,10.0061227065,0,0,4.03361740501,4.03156907476,0,0,1
legacy_r1,24.875,15.7152053677,10.0061227065,0,0,4.03361740501,4.03156907476,0,0,1
legacy_r1,24.9,15.7152053677,10.0061227065,0,0,4.03361740501,4.03156907476,0,0,1
legacy_r1,24.925,15.7152053677,10.0061227065,0,0,4.03361740501,4.03156907476,0,0,1
legacy_r1,24.95,15.7152053677,10.0061227065,0,0,4.03361740501,4.03156907476,0,0,1
legacy_r1,24.975,15.7152053677,10.0061227065,0,0,4.03361740501,4.03156907476,0,0,1
legacy_r1,25,15.7152053677,10.0061227065,0,0,4.03361740501,4.03156907476,0,0,1
legacy_r1,25.025,15.7152053677,10.0061227065,0,0,4.03361740501,4.03156907476,0,0,1
legacy_r1,25.05,15.7152053677,10.0061227065,0,0,4.03361740501,4.03156907476,0,0,1
legacy_r1,25.075,15.7152053677,10.0061227065,0,0,4.03361740501,4.03156907476,0,0,1
legacy_r1,25.1,15.7152053677,10.0061227065,0,0,4.03361740501,4.03156907476,0,0,1
legacy_r1,25.125,15.7152053677,10.0061227065,0,0,4.03361740501,4.03156907476,0,0,1
legacy_r1,25.15,15.7152053677,10.0061227065,0,0,4.03361740501,4.03156907476,0,0,1
legacy_r1,25.175,15.7152053677,10.0061227065,0,0,4.03361740501,4.03156907476,0,0,1
legacy_r1,25.2,15.7152053677,10.0061227065,0,0,4.03361740501,4.03156907476,0,0,1
legacy_r1,25.225,15.7152053677,10.0061227065,0,0,4.03361740501,4.03156907476,0,0,1
legacy_r1,25.25,15.7152053677,10.0061227065,0,0,4.03361740501,4.03156907476,0,0,1
legacy_r1,25.275,15.7152053677,10.0061227065,0,0,4.03361740501,4.03156907476,0,0,1
legacy_r1,25.3,15.7152053677,10.0061227065,0,0,4.03361740501,4.03156907476,0,0,1
legacy_r1,25.325,15.7152053677,10.0061227065,0,0,4.03361740501,4.03156907476,0,0,1
legacy_r1,25.35,15.7152053677,10.0061227065,0,0,4.03361740501,4.03156907476,0,0,1
legacy_r1,25.375,15.7152053677,10.0061227065,0,0,4.03361740501,4.03156907476,0,0,1
legacy_r1,25.4,15.7152053677,10.0061227065,0,0,4.03361740501,4.03156907476,0,0,1
legacy_r1,25.425,15.7152053677,10.0061227065,0,0,4.03361740501,4.03156907476,0,0,1
legacy_r1,25.45,15.7152053677,10.0061227065,0,0,4.03361740501,4.03156907476,0,0,1
legacy_r1,25.475,15.7152053677,10.0061227065,0,0,4.03361740501,4.03156907476,0,0,1
legacy_r1,25.5,15.7152053677,10.0061227065,0,0,4.03361740501,4.03156907476,0,0,1
legacy_r1,25.525,15.7152053677,10.0061227065,0,0,4.03361740501,4.03156907476,0,0,1
legacy_r1,25.55,15.7152053677,10.0061227065,0,0,4.03361740501,4.03156907476,0,0,1
legacy_r1,25.575,15.7152053677,10.0061227065,0,0,4.03361740501,4.03156907476,0,0,1
legacy_r1,25.6,15.7152053677,10.0061227065,0,0,4.03361740501,4.03156907476,0,0,1
legacy_r1,25.625,15.7152053677,10.0061227065,0,0,4.03361740501,4.03156907476,0,0,1
legacy_r1,25.65,15.7152053677,10.0061227065,0,0,4.03361740501,4.03156907476,0,0,1
legacy_r1,25.675,15.7152053677,10.0061227065,0,0,4.03361740501,4.03156907476,0,0,1
legacy_r1,25.7,15.7152053677,10.0061227065,0,0,4.03361740501,4.03156907476,0,0,1
legacy_r1,25.725,15.7152053677,10.0061227065,0,0,4.03361740501,4.03156907476,0,0,1
legacy_r1,25.75,15.7152053677,10.0061227065,0,0,4.03361740501,4.03156907476,0,0,1
legacy_r1,25.775,15.7152053677,10.0061227065,0,0,4.03361740501,4.03156907476,0,0,1
legacy_r1,25.8,15.7152053677,10.0061227065,0,0,4.03361740501,4.03156907476,0,0,1
legacy_r1,25.825,15.7152053677,10.0061227065,0,0,4.03361740501,4.03156907476,0,0,1
legacy_r1,25.85,15.7152053677,10.0061227065,0,0,4.03361740501,4.03156907476,0,0,1
legacy_r1,25.875,15.7152053677,10.0061227065,0,0,4.03361740501,4.03156907476,0,0,1
legacy_r1,25.9,15.7152053677,10.0061227065,0,0,4.03361740501,4.03156907476,0,0,1
legacy_r1,25.925,15.7152053677,10.0061227065,0,0,4.03361740501,4.03156907476,0,0,1
legacy_r1,25.95,15.7152053677,10.0061227065,0,0,4.03361740501,4.03156907476,0,0,1
legacy_r1,25.975,15.7152053677,10.0061227065,0,0,4.03361740501,4.03156907476,0,0,1
legacy_r1,26,15.7152053677,10.0061227065,0,0,4.03361740501,4.03156907476,0,0,1
legacy_r1,26.025,15.7152053677,10.0061227065,0,0,4.03361740501,4.03156907476,0,0,1
legacy_r1,26.05,15.7152053677,10.0061227065,0,0,4.03361740501,4.03156907476,0,0,1
legacy_r1,26.075,15.7152053677,10.0061227065,0,0,4.03361740501,4.03156907476,0,0,1
legacy_r1,26.1,15.7152053677,10.0061227065,0,0,4.03361740501,4.03156907476,0,0,1
legacy_r1,26.125,15.7152053677,10.0061227065,0,0,4.03361740501,4.03156907476,0,0,1
legacy_r1,26.15,15.7152053677,10.0061227065,0,0,4.03361740501,4.03156907476,0,0,1
legacy_r1,26.175,15.7152053677,10.0061227065,0,0,4.03361740501,4.03156907476,0,0,1
legacy_r1,26.2,15.7152053677,10.0061227065,0,0,4.03361740501,4.03156907476,0,0,1
legacy_r1,26.225,15.7152053677,10.0061227065,0,0,4.03361740501,4.03156907476,0,0,1
legacy_r1,26.25,15.7152053677,10.0061227065,0,0,4.03361740501,4.03156907476,0,0,1
legacy_r1,26.275,15.7152053677,10.0061227065,0,0,4.03361740501,4.03156907476,0,0,1
legacy_r1,26.3,15.7152053677,10.0061227065,0,0,4.03361740501,4.03156907476,0,0,1
legacy_r1,26.325,15.7152053677,10.0061227065,0,0,4.03361740501,4.03156907476,0,0,1
legacy_r1,26.35,15.7152053677,10.0061227065,0,0,4.03361740501,4.03156907476,0,0,1
legacy_r1,26.375,15.7152053677,10.0061227065,0,0,4.03361740501,4.03156907476,0,0,1
legacy_r1,26.4,15.7152053677,10.0061227065,0,0,4.03361740501,4.03156907476,0,0,1
legacy_r1,26.425,15.7152053677,10.0061227065,0,0,4.03361740501,4.03156907476,0,0,1
legacy_r1,26.45,15.7152053677,10.0061227065,0,0,4.03361740501,4.03156907476,0,0,1
legacy_r1,26.475,15.7152053677,10.0061227065,0,0,4.03361740501,4.03156907476,0,0,1
legacy_r1,26.5,15.7152053677,10.0061227065,0,0,4.03361740501,4.03156907476,0,0,1
legacy_r1,26.525,15.7152053677,10.0061227065,0,0,4.03361740501,4.03156907476,0,0,1
legacy_r1,26.55,15.7152053677,10.0061227065,0,0,4.03361740501,4.03156907476,0,0,1
legacy_r1,26.575,15.7152053677,10.0061227065,0,0,4.03361740501,4.03156907476,0,0,1
legacy_r1,26.6,15.7152053677,10.0061227065,0,0,4.03361740501,4.03156907476,0,0,1
legacy_r1,26.625,15.7152053677,10.0061227065,0,0,4.03361740501,4.03156907476,0,0,1
legacy_r1,26.65,15.7152053677,10.0061227065,0,0,4.03361740501,4.03156907476,0,0,1
legacy_r1,26.675,15.7152053677,10.0061227065,0,0,4.03361740501,4.03156907476,0,0,1
legacy_r1,26.7,15.7152053677,10.0061227065,0,0,4.03361740501,4.03156907476,0,0,1
legacy_r1,26.725,15.7152053677,10.0061227065,0,0,4.03361740501,4.03156907476,0,0,1
legacy_r1,26.75,15.7152053677,10.0061227065,0,0,4.03361740501,4.03156907476,0,0,1
legacy_r1,26.775,15.7152053677,10.0061227065,0,0,4.03361740501,4.03156907476,0,0,1
legacy_r1,26.8,15.7152053677,10.0061227065,0,0,4.03361740501,4.03156907476,0,0,1
legacy_r1,26.825,15.7152053677,10.0061227065,0,0,4.03361740501,4.03156907476,0,0,1
legacy_r1,26.85,15.7152053677,10.0061227065,0,0,4.03361740501,4.03156907476,0,0,1
legacy_r1,26.875,15.7152053677,10.0061227065,0,0,4.03361740501,4.03156907476,0,0,1
legacy_r1,26.9,15.7152053677,10.0061227065,0,0,4.03361740501,4.03156907476,0,0,1
legacy_r1,26.925,15.7152053677,10.0061227065,0,0,4.03361740501,4.03156907476,0,0,1
legacy_r1,26.95,15.7152053677,10.0061227065,0,0,4.03361740501,4.03156907476,0,0,1
legacy_r1,26.975,15.7152053677,10.0061227065,0,0,4.03361740501,4.03156907476,0,0,1
legacy_r1,27,15.7152053677,10.0061227065,0,0,4.03361740501,4.03156907476,0,0,1
legacy_r1,27.025,15.7152053677,10.0061227065,0,0,4.03361740501,4.03156907476,0,0,1
legacy_r1,27.05,15.7152053677,10.0061227065,0,0,4.03361740501,4.03156907476,0,0,1
legacy_r1,27.075,15.7152053677,10.0061227065,0,0,4.03361740501,4.03156907476,0,0,1
legacy_r1,27.1,15.7152053677,10.0061227065,0,0,4.03361740501,4.03156907476,0,0,1
legacy_r1,27.125,15.7152053677,10.0061227065,0,0,4.03361740501,4.03156907476,0,0,1
legacy_r1,27.15,15.7152053677,10.0061227065,0,0,4.03361740501,4.03156907476,0,0,1
legacy_r1,27.175,15.7152053677,10.0061227065,0,0,4.03361740501,4.03156907476,0,0,1
legacy_r1,27.2,15.7152053677,10.0061227065,0,0,4.03361740501,4.03156907476,0,0,1
legacy_r1,27.225,15.7152053677,10.0061227065,0,0,4.03361740501,4.03156907476,0,0,1
legacy_r1,27.25,15.7152053677,10.0061227065,0,0,4.03361740501,4.03156907476,0,0,1
legacy_r1,27.275,15.7152053677,10.0061227065,0,0,4.03361740501,4.03156907476,0,0,1
legacy_r1,27.3,15.7152053677,10.0061227065,0,0,4.03361740501,4.03156907476,0,0,1
legacy_r1,27.325,15.7152053677,10.0061227065,0,0,4.03361740501,4.03156907476,0,0,1
legacy_r1,27.35,15.7152053677,10.0061227065,0,0,4.03361740501,4.03156907476,0,0,1
legacy_r1,27.375,15.7152053677,10.0061227065,0,0,4.03361740501,4.03156907476,0,0,1
legacy_r1,27.4,15.7152053677,10.0061227065,0,0,4.03361740501,4.03156907476,0,0,1
legacy_r1,27.425,15.7152053677,10.0061227065,0,0,4.03361740501,4.03156907476,0,0,1
legacy_r1,27.45,15.7152053677,10.0061227065,0,0,4.03361740501,4.03156907476,0,0,1
legacy_r1,27.475,15.7152053677,10.0061227065,0,0,4.03361740501,4.03156907476,0,0,1
legacy_r1,27.5,15.7152053677,10.0061227065,0,0,4.03361740501,4.03156907476,0,0,1
legacy_r1,27.525,15.7152053677,10.0061227065,0,0,4.03361740501,4.03156907476,0,0,1
legacy_r1,27.55,15.7152053677,10.0061227065,0,0,4.03361740501,4.03156907476,0,0,1
legacy_r1,27.575,15.7152053677,10.0061227065,0,0,4.03361740501,4.03156907476,0,0,1
legacy_r1,27.6,15.7152053677,10.0061227065,0,0,4.03361740501,4.03156907476,0,0,1
legacy_r1,27.625,15.7152053677,10.0061227065,0,0,4.03361740501,4.03156907476,0,0,1
legacy_r1,27.65,15.7152053677,10.0061227065,0,0,4.03361740501,4.03156907476,0,0,1
legacy_r1,27.675,15.7152053677,10.0061227065,0,0,4.03361740501,4.03156907476,0,0,1
legacy_r1,27.7,15.7152053677,10.0061227065,0,0,4.03361740501,4.03156907476,0,0,1
legacy_r1,27.725,15.7152053677,10.0061227065,0,0,4.03361740501,4.03156907476,0,0,1
legacy_r1,27.75,15.7152053677,10.0061227065,0,0,4.03361740501,4.03156907476,0,0,1
legacy_r1,27.775,15.7152053677,10.0061227065,0,0,4.03361740501,4.03156907476,0,0,1
legacy_r1,27.8,15.7152053677,10.0061227065,0,0,4.03361740501,4.03156907476,0,0,1
legacy_r1,27.825,15.7152053677,10.0061227065,0,0,4.03361740501,4.03156907476,0,0,1
legacy_r1,27.85,15.7152053677,10.0061227065,0,0,4.03361740501,4.03156907476,0,0,1
legacy_r1,27.875,15.7152053677,10.0061227065,0,0,4.03361740501,4.03156907476,0,0,1
legacy_r1,27.9,15.7152053677,10.0061227065,0,0,4.03361740501,4.03156907476,0,0,1
legacy_r1,27.925,15.7152053677,10.0061227065,0,0,4.03361740501,4.03156907476,0,0,1
legacy_r1,27.95,15.7152053677,10.0061227065,0,0,4.03361740501,4.03156907476,0,0,1
legacy_r1,27.975,15.7152053677,10.0061227065,0,0,4.03361740501,4.03156907476,0,0,1
legacy_r1,28,15.7152053677,10.0061227065,0,0,4.03361740501,4.03156907476,0,0,1
legacy_r1,28.025,15.7152053677,10.0061227065,0,0,4.03361740501,4.03156907476,0,0,1
legacy_r1,28.05,15.7152053677,10.0061227065,0,0,4.03361740501,4.03156907476,0,0,1
legacy_r1,28.075,15.7152053677,10.0061227065,0,0,4.03361740501,4.03156907476,0,0,1
legacy_r1,28.1,15.7152053677,10.0061227065,0,0,4.03361740501,4.03156907476,0,0,1
legacy_r1,28.125,15.7152053677,10.0061227065,0,0,4.03361740501,4.03156907476,0,0,1
legacy_r1,28.15,15.7152053677,10.0061227065,0,0,4.03361740501,4.03156907476,0,0,1
legacy_r1,28.175,15.7152053677,10.0061227065,0,0,4.03361740501,4.03156907476,0,0,1
legacy_r1,28.2,15.7152053677,10.0061227065,0,0,4.03361740501,4.03156907476,0,0,1
legacy_r1,28.225,15.7152053677,10.0061227065,0,0,4.03361740501,4.03156907476,0,0,1
legacy_r1,28.25,15.7152053677,10.0061227065,0,0,4.03361740501,4.03156907476,0,0,1
legacy_r1,28.275,15.7152053677,10.0061227065,0,0,4.03361740501,4.03156907476,0,0,1
legacy_r1,28.3,15.7152053677,10.0061227065,0,0,4.03361740501,4.03156907476,0,0,1
legacy_r1,28.325,15.7152053677,10.0061227065,0,0,4.03361740501,4.03156907476,0,0,1
legacy_r1,28.35,15.7152053677,10.0061227065,0,0,4.03361740501,4.03156907476,0,0,1
legacy_r1,28.375,15.7152053677,10.0061227065,0,0,4.03361740501,4.03156907476,0,0,1
legacy_r1,28.4,15.7152053677,10.0061227065,0,0,4.03361740501,4.03156907476,0,0,1
legacy_r1,28.425,15.7152053677,10.0061227065,0,0,4.03361740501,4.03156907476,0,0,1
legacy_r1,28.45,15.7152053677,10.0061227065,0,0,4.03361740501,4.03156907476,0,0,1
legacy_r1,28.475,15.7152053677,10.0061227065,0,0,4.03361740501,4.03156907476,0,0,1
legacy_r1,28.5,15.7152053677,10.0061227065,0,0,4.03361740501,4.03156907476,0,0,1
legacy_r1,28.525,15.7152053677,10.0061227065,0,0,4.03361740501,4.03156907476,0,0,1
legacy_r1,28.55,15.7152053677,10.0061227065,0,0,4.03361740501,4.03156907476,0,0,1
legacy_r1,28.575,15.7152053677,10.0061227065,0,0,4.03361740501,4.03156907476,0,0,1
legacy_r1,28.6,15.7152053677,10.0061227065,0,0,4.03361740501,4.03156907476,0,0,1
legacy_r1,28.625,15.7152053677,10.0061227065,0,0,4.03361740501,4.03156907476,0,0,1
legacy_r1,28.65,15.7152053677,10.0061227065,0,0,4.03361740501,4.03156907476,0,0,1
legacy_r1,28.675,15.7152053677,10.0061227065,0,0,4.03361740501,4.03156907476,0,0,1
legacy_r1,28.7,15.7152053677,10.0061227065,0,0,4.03361740501,4.03156907476,0,0,1
legacy_r1,28.725,15.7152053677,10.0061227065,0,0,4.03361740501,4.03156907476,0,0,1
legacy_r1,28.75,15.7152053677,10.0061227065,0,0,4.03361740501,4.03156907476,0,0,1
legacy_r1,28.775,15.7152053677,10.0061227065,0,0,4.03361740501,4.03156907476,0,0,1
legacy_r1,28.8,15.7152053677,10.0061227065,0,0,4.03361740501,4.03156907476,0,0,1
legacy_r1,28.825,15.7152053677,10.0061227065,0,0,4.03361740501,4.03156907476,0,0,1
legacy_r1,28.85,15.7152053677,10.0061227065,0,0,4.03361740501,4.03156907476,0,0,1
legacy_r1,28.875,15.7152053677,10.0061227065,0,0,4.03361740501,4.03156907476,0,0,1
legacy_r1,28.9,15.7152053677,10.0061227065,0,0,4.03361740501,4.03156907476,0,0,1
legacy_r1,28.925,15.7152053677,10.0061227065,0,0,4.03361740501,4.03156907476,0,0,1
legacy_r1,28.95,15.7152053677,10.0061227065,0,0,4.03361740501,4.03156907476,0,0,1
legacy_r1,28.975,15.7152053677,10.0061227065,0,0,4.03361740501,4.03156907476,0,0,1
legacy_r1,29,15.7152053677,10.0061227065,0,0,4.03361740501,4.03156907476,0,0,1
legacy_r1,29.025,15.7152053677,10.0061227065,0,0,4.03361740501,4.03156907476,0,0,1
legacy_r1,29.05,15.7152053677,10.0061227065,0,0,4.03361740501,4.03156907476,0,0,1
legacy_r1,29.075,15.7152053677,10.0061227065,0,0,4.03361740501,4.03156907476,0,0,1
legacy_r1,29.1,15.7152053677,10.0061227065,0,0,4.03361740501,4.03156907476,0,0,1
legacy_r1,29.125,15.7152053677,10.0061227065,0,0,4.03361740501,4.03156907476,0,0,1
legacy_r1,29.15,15.7152053677,10.0061227065,0,0,4.03361740501,4.03156907476,0,0,1
legacy_r1,29.175,15.7152053677,10.0061227065,0,0,4.03361740501,4.03156907476,0,0,1
legacy_r1,29.2,15.7152053677,10.0061227065,0,0,4.03361740501,4.03156907476,0,0,1
legacy_r1,29.225,15.7152053677,10.0061227065,0,0,4.03361740501,4.03156907476,0,0,1
legacy_r1,29.25,15.7152053677,10.0061227065,0,0,4.03361740501,4.03156907476,0,0,1
legacy_r1,29.275,15.7152053677,10.0061227065,0,0,4.03361740501,4.03156907476,0,0,1
legacy_r1,29.3,15.7152053677,10.0061227065,0,0,4.03361740501,4.03156907476,0,0,1
legacy_r1,29.325,15.7152053677,10.0061227065,0,0,4.03361740501,4.03156907476,0,0,1
legacy_r1,29.35,15.7152053677,10.0061227065,0,0,4.03361740501,4.03156907476,0,0,1
legacy_r1,29.375,15.7152053677,10.0061227065,0,0,4.03361740501,4.03156907476,0,0,1
legacy_r1,29.4,15.7152053677,10.0061227065,0,0,4.03361740501,4.03156907476,0,0,1
legacy_r1,29.425,15.7152053677,10.0061227065,0,0,4.03361740501,4.03156907476,0,0,1
legacy_r1,29.45,15.7152053677,10.0061227065,0,0,4.03361740501,4.03156907476,0,0,1
legacy_r1,29.475,15.7152053677,10.0061227065,0,0,4.03361740501,4.03156907476,0,0,1
legacy_r1,29.5,15.7152053677,10.0061227065,0,0,4.03361740501,4.03156907476,0,0,1
legacy_r1,29.525,15.7152053677,10.0061227065,0,0,4.03361740501,4.03156907476,0,0,1
legacy_r1,29.55,15.7152053677,10.0061227065,0,0,4.03361740501,4.03156907476,0,0,1
legacy_r1,29.575,15.7152053677,10.0061227065,0,0,4.03361740501,4.03156907476,0,0,1
legacy_r1,29.6,15.7152053677,10.0061227065,0,0,4.03361740501,4.03156907476,0,0,1
legacy_r1,29.625,15.7152053677,10.0061227065,0,0,4.03361740501,4.03156907476,0,0,1
legacy_r1,29.65,15.7152053677,10.0061227065,0,0,4.03361740501,4.03156907476,0,0,1
legacy_r1,29.675,15.7152053677,10.0061227065,0,0,4.03361740501,4.03156907476,0,0,1
legacy_r1,29.7,15.7152053677,10.0061227065,0,0,4.03361740501,4.03156907476,0,0,1
legacy_r1,29.725,15.7152053677,10.0061227065,0,0,4.03361740501,4.03156907476,0,0,1
legacy_r1,29.75,15.7152053677,10.0061227065,0,0,4.03361740501,4.03156907476,0,0,1
legacy_r1,29.775,15.7152053677,10.0061227065,0,0,4.03361740501,4.03156907476,0,0,1
legacy_r1,29.8,15.7152053677,10.0061227065,0,0,4.03361740501,4.03156907476,0,0,1
legacy_r1,29.825,15.7152053677,10.0061227065,0,0,4.03361740501,4.03156907476,0,0,1
legacy_r1,29.85,15.7152053677,10.0061227065,0,0,4.03361740501,4.03156907476,0,0,1
legacy_r1,29.875,15.7152053677,10.0061227065,0,0,4.03361740501,4.03156907476,0,0,1
legacy_r1,29.9,15.7152053677,10.0061227065,0,0,4.03361740501,4.03156907476,0,0,1
legacy_r1,29.925,15.7152053677,10.0061227065,0,0,4.03361740501,4.03156907476,0,0,1
legacy_r1,29.95,15.7152053677,10.0061227065,0,0,4.03361740501,4.03156907476,0,0,1
legacy_r1,29.975,15.7152053677,10.0061227065,0,0,4.03361740501,4.03156907476,0,0,1
legacy_r1,30,15.7152053677,10.0061227065,0,0,4.03361740501,4.03156907476,0,0,1
legacy_r2,0,10,10,0,0,0.530624847487,0.530624847487,0,0,0
legacy_r2,0.025,10.0024371398,9.99994971184,0.0974855917673,-0.00201152658614,0.528691206479,0.528754129477,0,0,0
legacy_r2,0.05,10.0070913968,9.99972340444,0.186170281487,-0.00905229568262,0.52492157322,0.525268647636,0,0,0
legacy_r2,0.075,10.0137095112,9.99927335644,0.264724573113,-0.0180019201762,0.519490774559,0.520406268123,0,0,0
legacy_r2,0.1,10.0220668644,9.99856741821,0.334294128373,-0.0282375291325,0.512562132805,0.51437628929,0,0,0
legacy_r2,0.125,10.0319690172,9.9975903008,0.396086112297,-0.0390846964708,0.504286359503,0.507356476533,0,0,0
legacy_r2,0.15,10.0432499606,9.99634136173,0.45123773594,-0.0499575629095,0.494801270218,0.49949503593,0,0,0
legacy_r2,0.175,10.0557685145,9.99483114757,0.500742157754,-0.0604085661638,0.484232413821,0.490914976578,0,0,0
legacy_r2,0.2,10.0694041616,9.99307796176,0.545425883859,-0.0701274326019,0.472694265892,0.48171903867,0,0,0
legacy_r2,0.225,10.0840531051,9.99110497995,0.585957741077,-0.0789192721052,0.460291619201,0.471994217521,0,0,0
legacy_r2,0.25,10.0996249093,9.98893802733,0.622872166441,-0.0866781049414,0.447120927441,0.461815508837,0,0,0
legacy_r2,0.275,10.1160398087,9.98660395562,0.65659597392,-0.0933628685288,0.43327148317,0.451248827224,0,0,0
legacy_r2,0.3,10.1332266358,9.98412950478,0.687473086532,-0.0989780333655,0.418826396491,0.440353195412,0,0,0
legacy_r2,0.325,10.1511212629,9.98154053452,0.715785082038,-0.103558810627,0.403863387691,0.429182346797,0,0,0
legacy_r2,0.35,10.1696654429,9.9788615293,0.741767201654,-0.107160208682,0.388455426676,0.417785881387,0,0,0
legacy_r2,0.375,10.1888059503,9.97611530208,0.765620294619,-0.109849088726,0.372671255729,0.406210094134,0,0,0
legacy_r2,0.4,10.2084939367,9.97332284005,0.787519455154,-0.111698481196,0.356575828069,0.394498569286,0,0,0
legacy_r2,0.425,10.2286844398,9.97050325049,0.807620124492,-0.112783582495,0.340230687735,0.382692610955,0,0,0
legacy_r2,0.45,10.2493359981,9.96767377565,0.826062332188,-0.113178993764,0.323694309202,0.370831560737,0,0,0
legacy_r2,0.475,10.2704103385,9.96484985377,0.842973617433,-0.112956875132,0.307022408926,0.358953038192,0,0,0
legacy_r2,0.5,10.2918721145,9.96204520947,0.858471040923,-0.112185772085,0.2902682363,0.347093128756,0,0,0
legacy_r2,0.525,10.3136886792,9.95927196117,0.87266258651,-0.110929931648,0.273482847975,0.335286535593,0,0,0
legacy_r2,0.55,10.3358298833,9.9565407369,0.885648163537,-0.109248971084,0.256715367188,0.323566706107,0,0,0
legacy_r2,0.575,10.3582678921,9.95386079201,0.897520354104,-0.107197795437,0.240013228196,0.311965939928,0,0,0
legacy_r2,0.6,10.3809770172,9.95124012487,0.908365001122,-0.104826685682,0.223422404971,0.300515482474,0,0,0
legacy_r2,0.625,10.4039335596,9.9486855874,0.918261698818,-0.1021814987,0.206987622762,0.289245606406,0,0,0
legacy_r2,0.65,10.4271156652,9.94620298902,0.927284224039,-0.0993039353258,0.190752550805,0.278185682154,0,0,0
legacy_r2,0.675,10.4505031885,9.94379719291,0.935500931012,-0.0962318442928,0.174759974278,0.267364237974,0,0,0
legacy_r2,0.7,10.4740775666,9.94147220444,0.942975122128,-0.0929995388427,0.159051943486,0.256809009567,0,0,0
legacy_r2,0.725,10.4978217016,9.9392312517,0.949765400929,-0.0896381096611,0.143669898168,0.24654697905,0,0,0
legacy_r2,0.75,10.5217198518,9.93707685862,0.955926009657,-0.0861757230661,0.128654764772,0.236604403024,0,0,0
legacy_r2,0.775,10.5457575306,9.93501091119,0.961507151591,-0.0826378973904,0.114047024507,0.227006829434,0,0,0
legacy_r2,0.8,10.569921413,9.93303471735,0.966555297326,-0.0790477535337,0.0998867499823,0.217779103039,0,0,0
legacy_r2,0.825,10.5941992499,9.9311490614,0.971113473775,-0.0754262379303,0.0862136083424,0.208945359389,0,0,0
legacy_r2,0.85,10.6185797883,9.92935425345,0.975221534699,-0.0717923178604,0.0730668289741,0.200529007397,0,0,0
legacy_r2,0.875,10.6430526986,9.9276501747,0.978916411853,-0.0681631502561,0.0604851341928,0.192552700762,0,0,0
legacy_r2,0.9,10.6676085072,9.92603631905,0.982232346215,-0.064554226012,0.048506631817,0.185038298736,0,0,0
legacy_r2,0.925,10.6922385347,9.92451183174,0.985201099191,-0.0609794923909,0.0371686692561,0.178006816945,0,0,0
legacy_r2,0.95,10.7169348383,9.92307554533,0.987852144142,-0.0574514564646,0.0265076496862,0.17147836924,0,0,0
legacy_r2,0.975,10.7416901593,9.92172601351,0.99021283897,-0.0539812726941,0.0165588120914,0.165472101796,0,0,0
legacy_r2,1,10.7664978738,9.92046154306,0.992308580831,-0.0505788177689,0.00735597837525,0.160006120954,0,0,0
legacy_r2,1.025,10.7913519474,9.91928022417,0.994162944356,-0.0472527557131,-0.00106872762593,0.155097416519,0,0,0
legacy_r2,1.05,10.8162468925,9.91817995927,0.995797804932,-0.0440105960528,-0.008685182661,0.15076178246,0,0,0
legacy_r2,1.075,10.8411777287,9.91715849058,0.997233448756,-0.0408587475449,-0.0154655797975,0.14701373713,0,0,0
legacy_r2,1.1,10.8661399455,9.91621342634,0.998488671412,-0.0378025696133,-0.0213847474447,0.143866445261,0,0,0
legacy_r2,1.125,10.8911247682,9.91534242957,0.999392907421,-0.0348398707884,-0.026419591446,0.141332055417,0,0,0
legacy_r2,1.15,10.916111995,9.91454336818,0.999489070192,-0.0319624555705,-0.0305492216958,0.139421522237,0,0,0
legacy_r2,1.175,10.9411013295,9.91381318955,0.99957338033,-0.0292071452799,-0.0337609875424,0.13814194609,0,0,0
legacy_r2,1.2,10.9660925023,9.91314890141,0.99964691468,-0.0265715255787,-0.0360454678472,0.137499064487,0,0,0
legacy_r2,1.225,10.9910852694,9.91254757241,0.999710680896,-0.0240531599372,-0.0373966633718,0.137497202054,0,0,0
legacy_r2,1.25,11.0160794099,9.91200633402,0.999765621339,-0.0216495355511,-0.0378121265335,0.138139233587,0,0,0
legacy_r2,1.275,11.0410747253,9.91152238339,0.99981261587,-0.0193580253982,-0.0372930229601,0.139426561486,0,0,0
legacy_r2,1.3,11.0660710374,9.91109298678,0.99985248396,-0.0171758644059,-0.0358441221778,0.141359108405,0,0,0
legacy_r2,1.325,11.0910681871,9.91071548334,0.999885986421,-0.0151001377075,-0.0334737178954,0.143935325553,0,0,0
legacy_r2,1.35,11.1160660327,9.91038728886,0.999913826996,-0.0131277790086,-0.0301934814632,0.147152216613,0,0,0
legacy_r2,1.375,11.1410644491,9.91010589943,0.999936653985,-0.0112555771696,-0.0260182549256,0.151005376798,0,0,0
legacy_r2,1.4,11.1660633256,9.9098688947,0.999955061996,-0.00948018922488,-0.0209657924472,0.155489046173,0,0,0
legacy_r2,1.425,11.1910625655,9.90967394075,0.999969593902,-0.00779815820909,-0.0150564606045,0.160596175982,0,0,0
legacy_r2,1.45,11.216062084,9.90951879239,0.999980743004,-0.0062059343281,-0.00831290902779,0.166318506456,0,0,0
legacy_r2,1.475,11.2410618079,9.90940129493,0.999988955417,-0.00469989819355,-0.000759723121504,0.172646654311,0,0,0
legacy_r2,1.5,11.2660616738,9.90931938531,0.999994632636,-0.00327638502843,0.00757692983041,0.179570208015,0,0,0
legacy_r2,1.525,11.2910616271,9.90927109258,0.999998134249,-0.00193170893529,0.0166696508594,0.187077828828,0,0,0
legacy_r2,1.55,11.3160616216,9.90925453792,0.999999780754,-0.000662186496167,0.0264901468959,0.195157355618,0,0,0
legacy_r2,1.575,11.341061618,9.90926793394,0.999999856437,0.000535840863246,0.0370095484918,0.203795911503,0,0,0
legacy_r2,1.6,11.3660615833,9.9093095836,0.999998612244,0.00166598616523,0.0481987021925,0.212980010525,0,0,0
legacy_r2,1.625,11.3910614901,9.90937787855,0.999996268633,0.00273179811834,0.0600284338112,0.222695662694,0,0,0
legacy_r2,1.65,11.4160613155,9.90947129716,0.999993018346,0.00373674448327,0.0724697804579,0.232928475957,0,0,0
legacy_r2,1.675,11.4410610412,9.9095884021,0.999989029086,0.00468419765552,0.0854941905861,0.243663753879,0,0,0
legacy_r2,1.7,11.4660606524,9.90972783767,0.999984446058,0.00557742248002,0.0990736924841,0.254886587998,0,0,0
legacy_r2,1.725,11.4910601373,9.90988832682,0.999979394372,0.00641956625471,0.113181032553,0.266581944129,0,0,0
legacy_r2,1.75,11.5160594868,9.91006866809,0.999973981282,0.00721365083549,0.127789785376,0.278734742007,0,0,0
legacy_r2,1.775,11.5410586942,9.91026773226,0.999968298263,0.00796256672274,0.142874438041,0.291329927964,0,0,0
legacy_r2,1.8,11.5660577548,9.91048445899,0.999962422915,0.00866906898704,0.158410451419,0.304352540422,0,0,0
legacy_r2,1.825,11.5910566653,9.91071785336,0.999956420704,0.00933577487749,0.174374301199,0.317787768226,0,0,0
legacy_r2,1.85,11.616055424,9.91096698243,0.999950346531,0.00996516294803,0.190743501462,0.331621001906,0,0,0
legacy_r2,1.875,11.6410540302,9.91123097177,0.999944246149,0.0105595735348,0.207496613455,0.345837878116,0,0,0
legacy_r2,1.9,11.6660524841,9.91150900203,0.999938157427,0.0111212104182,0.224613242024,0.360424317562,0,0,0
legacy_r2,1.925,11.6910507869,9.91180030562,0.999932111471,0.0116521435091,0.242074021994,0.375366556789,0,0,0
legacy_r2,1.95,11.7160489402,9.91210416343,0.999926133617,0.012154312402,0.259860596495,0.390651174279,0,0,0
legacy_r2,1.975,11.7410469463,9.91241990169,0.999920244297,0.0126295306503,0.277955589012,0.406265111279,0,0,0
legacy_r2,2,11.7660448078,9.91274688896,0.999914459804,0.0130794906241,0.296342570721,0.422195687858,0,0,0
legacy_r2,2.025,11.7910425276,9.91308453318,0.999908792945,0.0135057688236,0.315006024394,0.438430614642,0,0,0
legacy_r2,2.05,11.816040109,9.91343227897,0.999903253613,0.0139098315297,0.333931306005,0.454958000695,0,0,0
legacy_r2,2.075,11.8410375552,9.91378960499,0.999897849277,0.0142930406863,0.35310460495,0.471766357987,0,0,0
legacy_r2,2.1,11.8660348698,9.91415602148,0.999892585391,0.0146566599174,0.372512903628,0.488844602872,0,0,0
legacy_r2,2.125,11.8910320565,9.914531068,0.999887465757,0.0150018605946,0.392143937002,0.506182054972,0,0,0
legacy_r2,2.15,11.9160291188,9.9149143112,0.999882492818,0.0153297278801,0.411986152612,0.523768433836,0,0,0
legacy_r2,2.175,11.9410260605,9.91530534286,0.999877667906,0.0156412666802,0.432028671431,0.541593853704,0,0,0
legacy_r2,2.2,11.9660228853,9.91570377805,0.999872991456,0.0159374074563,0.452261249824,0.559648816695,0,0,0
legacy_r2,2.225,11.9910195969,9.91610925334,0.999868463176,0.0162190118462,0.472674242845,0.577924204694,0,0,0
legacy_r2,2.25,12.0160161989,9.9165214253,0.999864082189,0.0164868780599,0.493258569002,0.596411270173,0,0,0
legacy_r2,2.275,12.0410126951,9.91693996895,0.999859847149,0.016741746022,0.514005676589,0.615101626188,0,0,0
legacy_r2,2.3,12.066009089,9.9173645765,0.999855756336,0.0169843022381,0.534907511647,0.633987235735,0,0,0
legacy_r2,2.325,12.0910053842,9.91779495611,0.999851807733,0.0172151843711,0.555956487558,0.653060400637,0,0,0
legacy_r2,2.35,12.1160015842,9.91823083075,0.999847999088,0.0174349855198,0.577145456289,0.672313750109,0,0,0
legacy_r2,2.375,12.1409976924,9.91867193721,0.999844327959,0.0176442581952,0.598467681243,0.691740229133,0,0,0
legacy_r2,2.4,12.1659937122,9.91911802515,0.999840791759,0.0178435179963,0.619916811688,0.711333086757,0,0,0
legacy_r2,2.425,12.1909896469,9.91956885633,0.99983738778,0.0180332469903,0.64148685871,0.731085864394,0,0,0
legacy_r2,2.45,12.2159854997,9.92002420375,0.999834113222,0.0182138968061,0.663172172624,0.750992384218,0,0,0
legacy_r2,2.475,12.2409812738,9.92048385104,0.999830965211,0.0183858914509,0.684967421796,0.77104673771,0,0,0
legacy_r2,2.5,12.2659769724,9.92094759178,0.999827940814,0.0185496298636,0.706867572785,0.791243274415,0,0,0
legacy_r2,2.525,12.2909725983,9.92141522899,0.999825037049,0.0187054882192,0.728867871763,0.811576590939,0,0,0
legacy_r2,2.55,12.3159681546,9.92188657454,0.999822250901,0.0188538220004,0.750963827113,0.832041520245,0,0,0
legacy_r2,2.575,12.340963644,9.92236144873,0.999819579322,0.0189949678508,0.773151193168,0.852633121241,0,0,0
legacy_r2,2.6,12.3659590695,9.92283967987,0.999817019248,0.0191292452285,0.795425955,0.873346668712,0,0,0
legacy_r2,2.625,12.3909544337,9.92332110381,0.999814567594,0.0192569578745,0.817784314207,0.894177643588,0,0,0
legacy_r2,2.65,12.4159497392,9.92380556369,0.999812221271,0.0193783951139,0.840222675629,0.915121723561,0,0,0
legacy_r2,2.675,12.4409449887,9.92429290952,0.999809977183,0.0194938330039,0.862737634939,0.936174774067,0,0,0
legacy_r2,2.7,12.4659401845,9.9247829979,0.999807832237,0.0196035353455,0.885325967049,0.957332839615,0,0,0
legacy_r2,2.725,12.4909353291,9.92527569176,0.999805783345,0.019707754572,0.907984615279,0.978592135485,0,0,0
legacy_r2,2.75,12.5159304247,9.92577086008,0.999803827431,0.0198067325281,0.930710681231,0.999949039761,0,0,0
legacy_r2,2.775,12.5409254738,9.9262683776,0.999801961437,0.0199007011534,0.953501415338,1.02140008573,0,0,0
legacy_r2,2.8,12.5659204783,9.92676812468,0.999800182324,0.0199898830797,0.976354208017,1.0429419546,0,0,0
legacy_r2,2.825,12.5909154405,9.92726998699,0.999798487079,0.0200744921551,0.999266581412,1.06457146855,0,0,0
legacy_r2,2.85,12.6159103623,9.92777385533,0.99979687272,0.0201547339039,1.02223618167,1.08628558415,0,0,0
legacy_r2,2.875,12.6409052457,9.92827962548,0.999795336302,0.0202308059302,1.0452607717,1.10808138596,0,0,0
legacy_r2,2.9,12.6659000926,9.92878719794,0.999793874917,0.0203028982751,1.06833822444,1.12995608062,0,0,0
legacy_r2,2.925,12.6908949048,9.92929647778,0.999792485702,0.0203711937326,1.09146651651,1.15190699103,0,0,0
legacy_r2,2.95,12.7158896839,9.92980737449,0.999791165841,0.0204358681321,1.11464372232,1.17393155097,0,0,0
legacy_r2,2.975,12.7408844317,9.93031980175,0.99978991257,0.0204970905918,1.13786800848,1.19602729987,0,0,0
legacy_r2,3,12.7658791498,9.93083367734,0.99978872318,0.0205550237491,1.16113762865,1.21819187787,0,0,0
legacy_r2,3.025,12.7908738397,9.93134892294,0.99978759502,0.0206098239709,1.18445091866,1.24042302119,0,0,0
legacy_r2,3.05,12.8158685028,9.93186546398,0.999786525499,0.0206616415482,1.20780629197,1.2627185576,0,0,0
legacy_r2,3.075,12.8408631406,9.9323832295,0.999785512089,0.0207106208779,1.23120223534,1.28507640223,0,0,0
legacy_r2,3.1,12.8658577544,9.93290215202,0.999784552329,0.0207569006343,1.25463730489,1.30749455351,0,0,0
legacy_r2,3.125,12.8908523455,9.93342216737,0.999783643825,0.0208006139326,1.27811012229,1.32997108936,0,0,0
legacy_r2,3.15,12.9158469151,9.93394321458,0.999782784251,0.0208418884856,1.30161937123,1.35250416355,0,0,0
legacy_r2,3.175,12.9408414644,9.93446523575,0.999781971351,0.0208808467566,1.32516379413,1.37509200226,0,0,0
legacy_r2,3.2,12.9658359945,9.9349881759,0.999781202941,0.0209176061071,1.348742189,1.39773290076,0,0,0
legacy_r2,3.225,12.9908305064,9.93551198288,0.999780476908,0.0209522789432,1.37235340652,1.42042522031,0,0,0
legacy_r2,3.25,13.0158250012,9.9360366072,0.999779791211,0.0209849728584,1.39599634728,1.4431673852,0,0,0
legacy_r2,3.275,13.0408194798,9.93656200197,0.99977914388,0.021015790776,1.41966995918,1.4659578799,0,0,0
legacy_r2,3.3,13.0658139431,9.93708812274,0.999778533018,0.0210448310893,1.44337323505,1.48879524643,0,0,0
legacy_r2,3.325,13.090808392,9.93761492744,0.999777956799,0.0210721878013,1.46710521026,1.51167808177,0,0,0
legacy_r2,3.35,13.1158028274,9.9381423762,0.999777413467,0.0210979506632,1.49086496064,1.53460503544,0,0,0
legacy_r2,3.375,13.1407972499,9.93867043134,0.999776901335,0.0211222053118,1.51465160042,1.55757480724,0,0,0
legacy_r2,3.4,13.1657916604,9.93919905717,0.999776418787,0.0211450334063,1.5384642803,1.580586145,0,0,0
legacy_r2,3.425,13.1907860595,9.93972821999,0.999775964273,0.0211665127638,1.56230218566,1.60363784254,0,0,0
legacy_r2,3.45,13.2157804479,9.94025788793,0.999775536309,0.0211867174934,1.58616453484,1.62672873767,0,0,0
legacy_r2,3.475,13.2407748262,9.94078803088,0.999775133477,0.0212057181295,1.61005057753,1.6498577103,0,0,0
legacy_r2,3.5,13.2657691951,9.94131862043,0.999774754421,0.021223581763,1.63395959327,1.67302368065,0,0,0
legacy_r2,3.525,13.290763555,9.94184962973,0.999774397847,0.021240372171,1.65789089,1.69622560755,0,0,0
legacy_r2,3.55,13.3157579066,9.94238103348,0.999774062521,0.0212561499449,1.68184380271,1.71946248679,0,0,0
legacy_r2,3.575,13.3407522503,9.94291280779,0.999773747267,0.0212709726156,1.70581769216,1.74273334959,0,0,0
legacy_r2,3.6,13.3657465865,9.94344493016,0.999773450965,0.0212848947777,1.72981194366,1.76603726113,0,0,0
legacy_r2,3.625,13.3907409159,9.94397737937,0.99977317255,0.0212979682097,1.75382596595,1.7893733191,0,0,0
legacy_r2,3.65,13.4157352386,9.94451013542,0.999772911008,0.0213102419932,1.77785919009,1.81274065242,0,0,0
legacy_r2,3.675,13.4407295553,9.94504317949,0.999772665379,0.0213217626279,1.80191106844,1.8361384199,0,0,0
legacy_r2,3.7,13.4657238661,9.94557649384,0.999772434747,0.0213325741452,1.82598107372,1.85956580908,0,0,0
legacy_r2,3.725,13.4907181716,9.94611006179,0.999772218247,0.0213427182175,1.85006869805,1.88302203501,0,0,0
legacy_r2,3.75,13.515712472,9.94664386765,0.999772015057,0.0213522342653,1.8741734521,1.9065063392,0,0,0
legacy_r2,3.775,13.5407067676,9.94717789664,0.999771824399,0.0213611595608,1.89829486425,1.93001798852,0,0,0
legacy_r2,3.8,13.5657010587,9.94771213487,0.999771645535,0.0213695293287,1.92243247984,1.95355627419,0,0,0
legacy_r2,3.825,13.5906953457,9.94824656929,0.999771477768,0.021377376843,1.94658586039,1.97712051086,0,0,0
legacy_r2,3.85,13.6156896287,9.94878118763,0.999771320439,0.0213847335216,1.97075458292,2.00071003562,0,0,0
legacy_r2,3.875,13.640683908,9.94931597836,0.999771172923,0.0213916290166,1.99493823926,2.02432420719,0,0,0
legacy_r2,3.9,13.6656781839,9.94985093064,0.999771034632,0.021398091302,2.01913643544,2.04796240504,0,0,0
legacy_r2,3.925,13.6906724565,9.95038603431,0.999770905009,0.021404146758,2.04334879107,2.0716240286,0,0,0
legacy_r2,3.95,13.7156667261,9.95092127982,0.999770783528,0.0214098202516,2.06757493877,2.09530849648,0,0,0
legacy_r2,3.975,13.7406609928,9.9514566582,0.999770669696,0.0214151352149,2.09181452362,2.11901524577,0,0,0
legacy_r2,4,13.7656552569,9.95199216104,0.999770563043,0.0214201137193,2.11606720267,2.14274373129,0,0,0
legacy_r2,4.025,13.7906495185,9.95252778045,0.999770463131,0.0214247765473,2.1403326444,2.16649342496,0,0,0
legacy_r2,4.05,13.8156437777,9.95306350903,0.999770369544,0.0214291432606,2.16461052828,2.19026381515,0,0,0
legacy_r2,4.075,13.8406380348,9.95359933984,0.999770281892,0.0214332322658,2.18890054434,2.21405440605,0,0,0
legacy_r2,4.1,13.8656322898,9.95413526636,0.999770199806,0.0214370608769,2.21320239269,2.2378647171,0,0,0
legacy_r2,4.125,13.8906265428,9.9546712825,0.999770122941,0.0214406453751,2.23751578317,2.26169428241,0,0,0
legacy_r2,4.15,13.9156207941,9.95520738252,0.999770050971,0.0214440010654,2.26184043495,2.28554265026,0,0,0
legacy_r2,4.175,13.9406150437,9.95574356108,0.999769983589,0.021447142331,2.28617607613,2.30940938251,0,0,0
legacy_r2,4.2,13.9656092917,9.95627981315,0.999769920508,0.0214500826852,2.31052244344,2.33329405421,0,0,0
legacy_r2,4.225,13.9906035382,9.95681613402,0.999769861457,0.0214528348201,2.33487928186,2.35719625302,0,0,0
legacy_r2,4.25,14.0155977834,9.95735251929,0.999769806182,0.0214554106535,2.35924634432,2.38111557882,0,0,0
legacy_r2,4.275,14.0405920273,9.95788896482,0.999769754444,0.0214578213731,2.38362339141,2.40505164328,0,0,0
legacy_r2,4.3,14.0655862699,9.95842546676,0.99976970602,0.0214600774789,2.40801019106,2.42900406939,0,0,0
legacy_r2,4.325,14.0905805114,9.95896202148,0.999769660697,0.0214621888229,2.43240651828,2.45297249112,0,0,0
legacy_r2,4.35,14.1155747519,9.95949862559,0.99976961828,0.0214641646468,2.4568121549,2.47695655299,0,0,0
legacy_r2,4.375,14.1405689913,9.96003527593,0.999769578583,0.0214660136182,2.48122688929,2.50095590974,0,0,0
legacy_r2,4.4,14.1655632299,9.96057196953,0.999769541431,0.0214677438643,2.50565051613,2.52497022592,0,0,0
legacy_r2,4.425,14.1905574675,9.96110870361,0.999769506663,0.021469363004,2.53008283621,2.54899917564,0,0,0
legacy_r2,4.45,14.2155517044,9.96164547556,0.999769474124,0.0214708781784,2.55452365616,2.57304244215,0,0,0
legacy_r2,4.475,14.2405459405,9.96218228296,0.999769443672,0.0214722960795,2.57897278825,2.59709971758,0,0,0
legacy_r2,4.5,14.2655401759,9.96271912354,0.999769415173,0.021473622977,2.60343005021,2.62117070263,0,0,0
legacy_r2,4.525,14.2905344106,9.96325599516,0.999769388501,0.0214748647442,2.62789526501,2.6452551063,0,0,0
legacy_r2,4.55,14.3155286447,9.96379289583,0.999769363538,0.0214760268822,2.65236826069,2.66935264556,0,0,0
legacy_r2,4.575,14.3405228782,9.96432982369,0.999769340173,0.0214771145424,2.67684887017,2.69346304513,0,0,0
legacy_r2,4.6,14.3655171111,9.964866777,0.999769318304,0.0214781325481,2.70133693109,2.71758603721,0,0,0
legacy_r2,4.625,14.3905113436,9.96540375414,0.999769297833,0.0214790854149,2.72583228562,2.74172136124,0,0,0
legacy_r2,4.65,14.4155055755,9.96594075357,0.99976927867,0.0214799773693,2.75033478035,2.76586876364,0,0,0
legacy_r2,4.675,14.4404998071,9.96647777388,0.99976926073,0.0214808123674,2.7748442661,2.79002799761,0,0,0
legacy_r2,4.7,14.4654940382,9.96701481374,0.999769243933,0.0214815941108,2.79936059777,2.81419882289,0,0,0
legacy_r2,4.725,14.4904882689,9.96755187189,0.999769228206,0.0214823260636,2.82388363425,2.83838100556,0,0,0
legacy_r2,4.75,14.5154824992,9.96808894717,0.999769213478,0.0214830114663,2.84841323822,2.86257431785,0,0,0
legacy_r2,4.775,14.5404767292,9.96862603851,0.999769199685,0.0214836533507,2.87294927608,2.88677853791,0,0,0
legacy_r2,4.8,14.5654709589,9.96916314487,0.999769186766,0.0214842545525,2.8974916178,2.91099344964,0,0,0
legacy_r2,4.825,14.5904651882,9.96970026532,0.999769174664,0.0214848177241,2.92204013681,2.93521884253,0,0,0
legacy_r2,4.85,14.6154594173,9.97023739895,0.999769163325,0.0214853453461,2.94659470986,2.95945451143,0,0,0
legacy_r2,4.875,14.6404536461,9.97077454494,0.9997691527,0.0214858397383,2.97115521697,2.98370025644,0,0,0
legacy_r2,4.9,14.6654478747,9.97131170252,0.999769142743,0.0214863030699,2.99572154125,3.00795588273,0,0,0
legacy_r2,4.925,14.690442103,9.97184887095,0.999769133409,0.0214867373691,3.02029356887,3.03222120035,0,0,0
legacy_r2,4.95,14.7154363312,9.97238604957,0.999769124658,0.0214871445325,3.04487118891,3.05649602414,0,0,0
legacy_r2,4.975,14.7404305591,9.97292323772,0.999769116452,0.0214875263331,3.0694542933,3.08078017352,0,0,0
legacy_r2,5,14.7654247868,9.97346043484,0.999769108756,0.0214878844287,3.09404277671,3.10507347241,0,0,0
legacy_r2,5.025,14.7904190143,9.97399764034,0.999769101536,0.0214882203691,3.11863653648,3.12937574904,0,0,0
legacy_r2,5.05,14.8154132417,9.97453485373,0.99976909476,0.021488535603,3.14323547252,3.15368683587,0,0,0
legacy_r2,5.075,14.8404074689,9.97507207452,0.999769088401,0.0214888314851,3.16783948725,3.17800656942,0,0,0
legacy_r2,5.1,14.865401696,9.97560930225,0.99976908243,0.0214891092816,3.19244848551,3.20233479018,0,0,0
legacy_r2,5.125,14.8903959229,9.97614653651,0.999769076822,0.0214893701764,3.21706237447,3.22667134248,0,0,0
legacy_r2,5.15,14.9153901497,9.97668377689,0.999769071554,0.0214896152763,3.24168106359,3.25101607437,0,0,0
legacy_r2,5.175,14.9403843763,9.97722102303,0.999769066603,0.0214898456162,3.26630446454,3.27536883754,0,0,0
legacy_r2,5.2,14.9653786029,9.97775827458,0.999769061948,0.0214900621637,3.29093249113,3.29972948717,0,0,0
legacy_r2,5.225,14.9903728293,9.97829553123,0.99976905757,0.0214902658235,3.31556505924,3.32409788186,0,0,0
legacy_r2,5.25,15.0153670557,9.97883279267,0.999769053451,0.0214904574421,3.34020208677,3.34847388354,0,0,0
legacy_r2,5.275,15.0403612819,9.97937005861,0.999769049574,0.0214906378108,3.36484349356,3.37285735734,0,0,0
legacy_r2,5.3,15.065355508,9.9799073288,0.999769045923,0.0214908076701,3.38948920138,3.39724817152,0,0,0
legacy_r2,5.325,15.0903497341,9.980444603,0.999769042483,0.0214909677129,3.4141391338,3.42164619738,0,0,0
legacy_r2,5.35,15.1153439601,9.98098188096,0.999769039239,0.0214911185876,3.43879321622,3.44605130917,0,0,0
legacy_r2,5.375,15.140338186,9.98151916248,0.99976903618,0.0214912609013,3.46345137574,3.47046338401,0,0,0
legacy_r2,5.4,15.1653324118,9.98205644736,0.999769033293,0.0214913952225,3.48811354117,3.49488230182,0,0,0
legacy_r2,5.425,15.1903266376,9.98259373542,0.999769030566,0.0214915220839,3.51277964296,3.51930794522,0,0,0
legacy_r2,5.45,15.2153208633,9.98313102647,0.999769027988,0.021491641985,3.53744961313,3.54374019945,0,0,0
legacy_r2,5.475,15.2403150889,9.98366832035,0.99976902555,0.021491755394,3.56212338526,3.56817895236,0,0,0
legacy_r2,5.5,15.2653093145,9.98420561692,0.999769023243,0.0214918627507,3.58680089444,3.59262409424,0,0,0
legacy_r2,5.525,15.29030354,9.98474291603,0.999769021056,0.0214919644681,3.61148207722,3.61707551785,0,0,0
legacy_r2,5.55,15.3152977655,9.98528021755,0.999769018982,0.021492060935,3.63616687155,3.64153311828,0,0,0
legacy_r2,5.575,15.3402919909,9.98581752137,0.999769017014,0.0214921525171,3.66085521679,3.66599679292,0,0,0
legacy_r2,5.6,15.3652862163,9.98635482736,0.999769015142,0.0214922395598,3.68554705362,3.69046644141,0,0,0
legacy_r2,5.625,15.3902804416,9.98689213542,0.999769013362,0.0214923223895,3.71024232403,3.71494196555,0,0,0
legacy_r2,5.65,15.4152746669,9.98742944545,0.999769011665,0.0214924013153,3.7349409713,3.73942326927,0,0,0
legacy_r2,5.675,15.4402688922,9.98796675736,0.999769010046,0.0214924766312,3.75964293993,3.76391025853,0,0,0
legacy_r2,5.7,15.4652631174,9.98850407108,0.999769008498,0.0214925486176,3.78434817562,3.78840284134,0,0,0
legacy_r2,5.725,15.4902573426,9.98904138652,0.999769007017,0.0214926175432,3.80905662525,3.81290092763,0,0,0
legacy_r2,5.75,15.5152515677,9.98957870361,0.999769005595,0.021492683667,3.83376823683,3.83740442924,0,0,0
legacy_r2,5.775,15.5402457928,9.99011602229,0.999769004229,0.0214927472403,3.85848295949,3.86191325988,0,0,0
legacy_r2,5.8,15.5652400179,9.9906533425,0.999769002911,0.0214928085092,3.88320074344,3.88642733503,0,0,0
legacy_r2,5.825,15.5902342429,9.9911906642,0.999769001639,0.0214928677171,3.90792153993,3.91094657197,0,0,0
legacy_r2,5.85,15.6152284679,9.99172798732,0.999769000405,0.0214929251079,3.93264530125,3.93547088966,0,0,0
legacy_r2,5.875,15.6402226929,9.99226531185,0.999768999205,0.0214929809302,3.95737198066,3.96000020875,0,0,0
legacy_r2,5.9,15.6652169179,9.99280263773,0.999768998033,0.0214930354418,3.98210153243,3.98453445151,0,0,0
legacy_r2,5.925,15.6902111428,9.99333996496,0.999768996883,0.0214930889164,4.00683391176,4.00907354179,0,0,0
legacy_r2,5.95,15.7152053677,9.9938772935,0,0,4.03156907476,4.03361740501,0,0,1
legacy_r2,5.975,15.7152053677,9.9938772935,0,0,4.03156907476,4.03361740501,0,0,1
legacy_r2,6,15.7152053677,9.9938772935,0,0,4.03156907476,4.03361740501,0,0,1
legacy_r2,6.025,15.7152053677,9.9938772935,0,0,4.03156907476,4.03361740501,0,0,1
legacy_r2,6.05,15.7152053677,9.9938772935,0,0,4.03156907476,4.03361740501,0,0,1
legacy_r2,6.075,15.7152053677,9.9938772935,0,0,4.03156907476,4.03361740501,0,0,1
legacy_r2,6.1,15.7152053677,9.9938772935,0,0,4.03156907476,4.03361740501,0,0,1
legacy_r2,6.125,15.7152053677,9.9938772935,0,0,4.03156907476,4.03361740501,0,0,1
legacy_r2,6.15,15.7152053677,9.9938772935,0,0,4.03156907476,4.03361740501,0,0,1
legacy_r2,6.175,15.7152053677,9.9938772935,0,0,4.03156907476,4.03361740501,0,0,1
legacy_r2,6.2,15.7152053677,9.9938772935,0,0,4.03156907476,4.03361740501,0,0,1
legacy_r2,6.225,15.7152053677,9.9938772935,0,0,4.03156907476,4.03361740501,0,0,1
legacy_r2,6.25,15.7152053677,9.9938772935,0,0,4.03156907476,4.03361740501,0,0,1
legacy_r2,6.275,15.7152053677,9.9938772935,0,0,4.03156907476,4.03361740501,0,0,1
legacy_r2,6.3,15.7152053677,9.9938772935,0,0,4.03156907476,4.03361740501,0,0,1
legacy_r2,6.325,15.7152053677,9.9938772935,0,0,4.03156907476,4.03361740501,0,0,1
legacy_r2,6.35,15.7152053677,9.9938772935,0,0,4.03156907476,4.03361740501,0,0,1
legacy_r2,6.375,15.7152053677,9.9938772935,0,0,4.03156907476,4.03361740501,0,0,1
legacy_r2,6.4,15.7152053677,9.9938772935,0,0,4.03156907476,4.03361740501,0,0,1
legacy_r2,6.425,15.7152053677,9.9938772935,0,0,4.03156907476,4.03361740501,0,0,1
legacy_r2,6.45,15.7152053677,9.9938772935,0,0,4.03156907476,4.03361740501,0,0,1
legacy_r2,6.475,15.7152053677,9.9938772935,0,0,4.03156907476,4.03361740501,0,0,1
legacy_r2,6.5,15.7152053677,9.9938772935,0,0,4.03156907476,4.03361740501,0,0,1
legacy_r2,6.525,15.7152053677,9.9938772935,0,0,4.03156907476,4.03361740501,0,0,1
legacy_r2,6.55,15.7152053677,9.9938772935,0,0,4.03156907476,4.03361740501,0,0,1
legacy_r2,6.575,15.7152053677,9.9938772935,0,0,4.03156907476,4.03361740501,0,0,1
legacy_r2,6.6,15.7152053677,9.9938772935,0,0,4.03156907476,4.03361740501,0,0,1
legacy_r2,6.625,15.7152053677,9.9938772935,0,0,4.03156907476,4.03361740501,0,0,1
legacy_r2,6.65,15.7152053677,9.9938772935,0,0,4.03156907476,4.03361740501,0,0,1
legacy_r2,6.675,15.7152053677,9.9938772935,0,0,4.03156907476,4.03361740501,0,0,1
legacy_r2,6.7,15.7152053677,9.9938772935,0,0,4.03156907476,4.03361740501,0,0,1
legacy_r2,6.725,15.7152053677,9.9938772935,0,0,4.03156907476,4.03361740501,0,0,1
legacy_r2,6.75,15.7152053677,9.9938772935,0,0,4.03156907476,4.03361740501,0,0,1
legacy_r2,6.775,15.7152053677,9.9938772935,0,0,4.03156907476,4.03361740501,0,0,1
legacy_r2,6.8,15.7152053677,9.9938772935,0,0,4.03156907476,4.03361740501,0,0,1
legacy_r2,6.825,15.7152053677,9.9938772935,0,0,4.03156907476,4.03361740501,0,0,1
legacy_r2,6.85,15.7152053677,9.9938772935,0,0,4.03156907476,4.03361740501,0,0,1
legacy_r2,6.875,15.7152053677,9.9938772935,0,0,4.03156907476,4.03361740501,0,0,1
legacy_r2,6.9,15.7152053677,9.9938772935,0,0,4.03156907476,4.03361740501,0,0,1
legacy_r2,6.925,15.7152053677,9.9938772935,0,0,4.03156907476,4.03361740501,0,0,1
legacy_r2,6.95,15.7152053677,9.9938772935,0,0,4.03156907476,4.03361740501,0,0,1
legacy_r2,6.975,15.7152053677,9.9938772935,0,0,4.03156907476,4.03361740501,0,0,1
legacy_r2,7,15.7152053677,9.9938772935,0,0,4.03156907476,4.03361740501,0,0,1
legacy_r2,7.025,15.7152053677,9.9938772935,0,0,4.03156907476,4.03361740501,0,0,1
legacy_r2,7.05,15.7152053677,9.9938772935,0,0,4.03156907476,4.03361740501,0,0,1
legacy_r2,7.075,15.7152053677,9.9938772935,0,0,4.03156907476,4.03361740501,0,0,1
legacy_r2,7.1,15.7152053677,9.9938772935,0,0,4.03156907476,4.03361740501,0,0,1
legacy_r2,7.125,15.7152053677,9.9938772935,0,0,4.03156907476,4.03361740501,0,0,1
legacy_r2,7.15,15.7152053677,9.9938772935,0,0,4.03156907476,4.03361740501,0,0,1
legacy_r2,7.175,15.7152053677,9.9938772935,0,0,4.03156907476,4.03361740501,0,0,1
legacy_r2,7.2,15.7152053677,9.9938772935,0,0,4.03156907476,4.03361740501,0,0,1
legacy_r2,7.225,15.7152053677,9.9938772935,0,0,4.03156907476,4.03361740501,0,0,1
legacy_r2,7.25,15.7152053677,9.9938772935,0,0,4.03156907476,4.03361740501,0,0,1
legacy_r2,7.275,15.7152053677,9.9938772935,0,0,4.03156907476,4.03361740501,0,0,1
legacy_r2,7.3,15.7152053677,9.9938772935,0,0,4.03156907476,4.03361740501,0,0,1
legacy_r2,7.325,15.7152053677,9.9938772935,0,0,4.03156907476,4.03361740501,0,0,1
legacy_r2,7.35,15.7152053677,9.9938772935,0,0,4.03156907476,4.03361740501,0,0,1
legacy_r2,7.375,15.7152053677,9.9938772935,0,0,4.03156907476,4.03361740501,0,0,1
legacy_r2,7.4,15.7152053677,9.9938772935,0,0,4.03156907476,4.03361740501,0,0,1
legacy_r2,7.425,15.7152053677,9.9938772935,0,0,4.03156907476,4.03361740501,0,0,1
legacy_r2,7.45,15.7152053677,9.9938772935,0,0,4.03156907476,4.03361740501,0,0,1
legacy_r2,7.475,15.7152053677,9.9938772935,0,0,4.03156907476,4.03361740501,0,0,1
legacy_r2,7.5,15.7152053677,9.9938772935,0,0,4.03156907476,4.03361740501,0,0,1
legacy_r2,7.525,15.7152053677,9.9938772935,0,0,4.03156907476,4.03361740501,0,0,1
legacy_r2,7.55,15.7152053677,9.9938772935,0,0,4.03156907476,4.03361740501,0,0,1
legacy_r2,7.575,15.7152053677,9.9938772935,0,0,4.03156907476,4.03361740501,0,0,1
legacy_r2,7.6,15.7152053677,9.9938772935,0,0,4.03156907476,4.03361740501,0,0,1
legacy_r2,7.625,15.7152053677,9.9938772935,0,0,4.03156907476,4.03361740501,0,0,1
legacy_r2,7.65,15.7152053677,9.9938772935,0,0,4.03156907476,4.03361740501,0,0,1
legacy_r2,7.675,15.7152053677,9.9938772935,0,0,4.03156907476,4.03361740501,0,0,1
legacy_r2,7.7,15.7152053677,9.9938772935,0,0,4.03156907476,4.03361740501,0,0,1
legacy_r2,7.725,15.7152053677,9.9938772935,0,0,4.03156907476,4.03361740501,0,0,1
legacy_r2,7.75,15.7152053677,9.9938772935,0,0,4.03156907476,4.03361740501,0,0,1
legacy_r2,7.775,15.7152053677,9.9938772935,0,0,4.03156907476,4.03361740501,0,0,1
legacy_r2,7.8,15.7152053677,9.9938772935,0,0,4.03156907476,4.03361740501,0,0,1
legacy_r2,7.825,15.7152053677,9.9938772935,0,0,4.03156907476,4.03361740501,0,0,1
legacy_r2,7.85,15.7152053677,9.9938772935,0,0,4.03156907476,4.03361740501,0,0,1
legacy_r2,7.875,15.7152053677,9.9938772935,0,0,4.03156907476,4.03361740501,0,0,1
legacy_r2,7.9,15.7152053677,9.9938772935,0,0,4.03156907476,4.03361740501,0,0,1
legacy_r2,7.925,15.7152053677,9.9938772935,0,0,4.03156907476,4.03361740501,0,0,1
legacy_r2,7.95,15.7152053677,9.9938772935,0,0,4.03156907476,4.03361740501,0,0,1
legacy_r2,7.975,15.7152053677,9.9938772935,0,0,4.03156907476,4.03361740501,0,0,1
legacy_r2,8,15.7152053677,9.9938772935,0,0,4.03156907476,4.03361740501,0,0,1
legacy_r2,8.025,15.7152053677,9.9938772935,0,0,4.03156907476,4.03361740501,0,0,1
legacy_r2,8.05,15.7152053677,9.9938772935,0,0,4.03156907476,4.03361740501,0,0,1
legacy_r2,8.075,15.7152053677,9.9938772935,0,0,4.03156907476,4.03361740501,0,0,1
legacy_r2,8.1,15.7152053677,9.9938772935,0,0,4.03156907476,4.03361740501,0,0,1
legacy_r2,8.125,15.7152053677,9.9938772935,0,0,4.03156907476,4.03361740501,0,0,1
legacy_r2,8.15,15.7152053677,9.9938772935,0,0,4.03156907476,4.03361740501,0,0,1
legacy_r2,8.175,15.7152053677,9.9938772935,0,0,4.03156907476,4.03361740501,0,0,1
legacy_r2,8.2,15.7152053677,9.9938772935,0,0,4.03156907476,4.03361740501,0,0,1
legacy_r2,8.225,15.7152053677,9.9938772935,0,0,4.03156907476,4.03361740501,0,0,1
legacy_r2,8.25,15.7152053677,9.9938772935,0,0,4.03156907476,4.03361740501,0,0,1
legacy_r2,8.275,15.7152053677,9.9938772935,0,0,4.03156907476,4.03361740501,0,0,1
legacy_r2,8.3,15.7152053677,9.9938772935,0,0,4.03156907476,4.03361740501,0,0,1
legacy_r2,8.325,15.7152053677,9.9938772935,0,0,4.03156907476,4.03361740501,0,0,1
legacy_r2,8.35,15.7152053677,9.9938772935,0,0,4.03156907476,4.03361740501,0,0,1
legacy_r2,8.375,15.7152053677,9.9938772935,0,0,4.03156907476,4.03361740501,0,0,1
legacy_r2,8.4,15.7152053677,9.9938772935,0,0,4.03156907476,4.03361740501,0,0,1
legacy_r2,8.425,15.7152053677,9.9938772935,0,0,4.03156907476,4.03361740501,0,0,1
legacy_r2,8.45,15.7152053677,9.9938772935,0,0,4.03156907476,4.03361740501,0,0,1
legacy_r2,8.475,15.7152053677,9.9938772935,0,0,4.03156907476,4.03361740501,0,0,1
legacy_r2,8.5,15.7152053677,9.9938772935,0,0,4.03156907476,4.03361740501,0,0,1
legacy_r2,8.525,15.7152053677,9.9938772935,0,0,4.03156907476,4.03361740501,0,0,1
legacy_r2,8.55,15.7152053677,9.9938772935,0,0,4.03156907476,4.03361740501,0,0,1
legacy_r2,8.575,15.7152053677,9.9938772935,0,0,4.03156907476,4.03361740501,0,0,1
legacy_r2,8.6,15.7152053677,9.9938772935,0,0,4.03156907476,4.03361740501,0,0,1
legacy_r2,8.625,15.7152053677,9.9938772935,0,0,4.03156907476,4.03361740501,0,0,1
legacy_r2,8.65,15.7152053677,9.9938772935,0,0,4.03156907476,4.03361740501,0,0,1
legacy_r2,8.675,15.7152053677,9.9938772935,0,0,4.03156907476,4.03361740501,0,0,1
legacy_r2,8.7,15.7152053677,9.9938772935,0,0,4.03156907476,4.03361740501,0,0,1
legacy_r2,8.725,15.7152053677,9.9938772935,0,0,4.03156907476,4.03361740501,0,0,1
legacy_r2,8.75,15.7152053677,9.9938772935,0,0,4.03156907476,4.03361740501,0,0,1
legacy_r2,8.775,15.7152053677,9.9938772935,0,0,4.03156907476,4.03361740501,0,0,1
legacy_r2,8.8,15.7152053677,9.9938772935,0,0,4.03156907476,4.03361740501,0,0,1
legacy_r2,8.825,15.7152053677,9.9938772935,0,0,4.03156907476,4.03361740501,0,0,1
legacy_r2,8.85,15.7152053677,9.9938772935,0,0,4.03156907476,4.03361740501,0,0,1
legacy_r2,8.875,15.7152053677,9.9938772935,0,0,4.03156907476,4.03361740501,0,0,1
legacy_r2,8.9,15.7152053677,9.9938772935,0,0,4.03156907476,4.03361740501,0,0,1
legacy_r2,8.925,15.7152053677,9.9938772935,0,0,4.03156907476,4.03361740501,0,0,1
legacy_r2,8.95,15.7152053677,9.9938772935,0,0,4.03156907476,4.03361740501,0,0,1
legacy_r2,8.975,15.7152053677,9.9938772935,0,0,4.03156907476,4.03361740501,0,0,1
legacy_r2,9,15.7152053677,9.9938772935,0,0,4.03156907476,4.03361740501,0,0,1
legacy_r2,9.025,15.7152053677,9.9938772935,0,0,4.03156907476,4.03361740501,0,0,1
legacy_r2,9.05,15.7152053677,9.9938772935,0,0,4.03156907476,4.03361740501,0,0,1
legacy_r2,9.075,15.7152053677,9.9938772935,0,0,4.03156907476,4.03361740501,0,0,1
legacy_r2,9.1,15.7152053677,9.9938772935,0,0,4.03156907476,4.03361740501,0,0,1
legacy_r2,9.125,15.7152053677,9.9938772935,0,0,4.03156907476,4.03361740501,0,0,1
legacy_r2,9.15,15.7152053677,9.9938772935,0,0,4.03156907476,4.03361740501,0,0,1
legacy_r2,9.175,15.7152053677,9.9938772935,0,0,4.03156907476,4.03361740501,0,0,1
legacy_r2,9.2,15.7152053677,9.9938772935,0,0,4.03156907476,4.03361740501,0,0,1
legacy_r2,9.225,15.7152053677,9.9938772935,0,0,4.03156907476,4.03361740501,0,0,1
legacy_r2,9.25,15.7152053677,9.9938772935,0,0,4.03156907476,4.03361740501,0,0,1
legacy_r2,9.275,15.7152053677,9.9938772935,0,0,4.03156907476,4.03361740501,0,0,1
legacy_r2,9.3,15.7152053677,9.9938772935,0,0,4.03156907476,4.03361740501,0,0,1
legacy_r2,9.325,15.7152053677,9.9938772935,0,0,4.03156907476,4.03361740501,0,0,1
legacy_r2,9.35,15.7152053677,9.9938772935,0,0,4.03156907476,4.03361740501,0,0,1
legacy_r2,9.375,15.7152053677,9.9938772935,0,0,4.03156907476,4.03361740501,0,0,1
legacy_r2,9.4,15.7152053677,9.9938772935,0,0,4.03156907476,4.03361740501,0,0,1
legacy_r2,9.425,15.7152053677,9.9938772935,0,0,4.03156907476,4.03361740501,0,0,1
legacy_r2,9.45,15.7152053677,9.9938772935,0,0,4.03156907476,4.03361740501,0,0,1
legacy_r2,9.475,15.7152053677,9.9938772935,0,0,4.03156907476,4.03361740501,0,0,1
legacy_r2,9.5,15.7152053677,9.9938772935,0,0,4.03156907476,4.03361740501,0,0,1
legacy_r2,9.525,15.7152053677,9.9938772935,0,0,4.03156907476,4.03361740501,0,0,1
legacy_r2,9.55,15.7152053677,9.9938772935,0,0,4.03156907476,4.03361740501,0,0,1
legacy_r2,9.575,15.7152053677,9.9938772935,0,0,4.03156907476,4.03361740501,0,0,1
legacy_r2,9.6,15.7152053677,9.9938772935,0,0,4.03156907476,4.03361740501,0,0,1
legacy_r2,9.625,15.7152053677,9.9938772935,0,0,4.03156907476,4.03361740501,0,0,1
legacy_r2,9.65,15.7152053677,9.9938772935,0,0,4.03156907476,4.03361740501,0,0,1
legacy_r2,9.675,15.7152053677,9.9938772935,0,0,4.03156907476,4.03361740501,0,0,1
legacy_r2,9.7,15.7152053677,9.9938772935,0,0,4.03156907476,4.03361740501,0,0,1
legacy_r2,9.725,15.7152053677,9.9938772935,0,0,4.03156907476,4.03361740501,0,0,1
legacy_r2,9.75,15.7152053677,9.9938772935,0,0,4.03156907476,4.03361740501,0,0,1
legacy_r2,9.775,15.7152053677,9.9938772935,0,0,4.03156907476,4.03361740501,0,0,1
legacy_r2,9.8,15.7152053677,9.9938772935,0,0,4.03156907476,4.03361740501,0,0,1
legacy_r2,9.825,15.7152053677,9.9938772935,0,0,4.03156907476,4.03361740501,0,0,1
legacy_r2,9.85,15.7152053677,9.9938772935,0,0,4.03156907476,4.03361740501,0,0,1
legacy_r2,9.875,15.7152053677,9.9938772935,0,0,4.03156907476,4.03361740501,0,0,1
legacy_r2,9.9,15.7152053677,9.9938772935,0,0,4.03156907476,4.03361740501,0,0,1
legacy_r2,9.925,15.7152053677,9.9938772935,0,0,4.03156907476,4.03361740501,0,0,1
legacy_r2,9.95,15.7152053677,9.9938772935,0,0,4.03156907476,4.03361740501,0,0,1
legacy_r2,9.975,15.7152053677,9.9938772935,0,0,4.03156907476,4.03361740501,0,0,1
legacy_r2,10,15.7152053677,9.9938772935,0,0,4.03156907476,4.03361740501,0,0,1
legacy_r2,10.025,15.7152053677,9.9938772935,0,0,4.03156907476,4.03361740501,0,0,1
legacy_r2,10.05,15.7152053677,9.9938772935,0,0,4.03156907476,4.03361740501,0,0,1
legacy_r2,10.075,15.7152053677,9.9938772935,0,0,4.03156907476,4.03361740501,0,0,1
legacy_r2,10.1,15.7152053677,9.9938772935,0,0,4.03156907476,4.03361740501,0,0,1
legacy_r2,10.125,15.7152053677,9.9938772935,0,0,4.03156907476,4.03361740501,0,0,1
legacy_r2,10.15,15.7152053677,9.9938772935,0,0,4.03156907476,4.03361740501,0,0,1
legacy_r2,10.175,15.7152053677,9.9938772935,0,0,4.03156907476,4.03361740501,0,0,1
legacy_r2,10.2,15.7152053677,9.9938772935,0,0,4.03156907476,4.03361740501,0,0,1
legacy_r2,10.225,15.7152053677,9.9938772935,0,0,4.03156907476,4.03361740501,0,0,1
legacy_r2,10.25,15.7152053677,9.9938772935,0,0,4.03156907476,4.03361740501,0,0,1
legacy_r2,10.275,15.7152053677,9.9938772935,0,0,4.03156907476,4.03361740501,0,0,1
legacy_r2,10.3,15.7152053677,9.9938772935,0,0,4.03156907476,4.03361740501,0,0,1
legacy_r2,10.325,15.7152053677,9.9938772935,0,0,4.03156907476,4.03361740501,0,0,1
legacy_r2,10.35,15.7152053677,9.9938772935,0,0,4.03156907476,4.03361740501,0,0,1
legacy_r2,10.375,15.7152053677,9.9938772935,0,0,4.03156907476,4.03361740501,0,0,1
legacy_r2,10.4,15.7152053677,9.9938772935,0,0,4.03156907476,4.03361740501,0,0,1
legacy_r2,10.425,15.7152053677,9.9938772935,0,0,4.03156907476,4.03361740501,0,0,1
legacy_r2,10.45,15.7152053677,9.9938772935,0,0,4.03156907476,4.03361740501,0,0,1
legacy_r2,10.475,15.7152053677,9.9938772935,0,0,4.03156907476,4.03361740501,0,0,1
legacy_r2,10.5,15.7152053677,9.9938772935,0,0,4.03156907476,4.03361740501,0,0,1
legacy_r2,10.525,15.7152053677,9.9938772935,0,0,4.03156907476,4.03361740501,0,0,1
legacy_r2,10.55,15.7152053677,9.9938772935,0,0,4.03156907476,4.03361740501,0,0,1
legacy_r2,10.575,15.7152053677,9.9938772935,0,0,4.03156907476,4.03361740501,0,0,1
legacy_r2,10.6,15.7152053677,9.9938772935,0,0,4.03156907476,4.03361740501,0,0,1
legacy_r2,10.625,15.7152053677,9.9938772935,0,0,4.03156907476,4.03361740501,0,0,1
legacy_r2,10.65,15.7152053677,9.9938772935,0,0,4.03156907476,4.03361740501,0,0,1
legacy_r2,10.675,15.7152053677,9.9938772935,0,0,4.03156907476,4.03361740501,0,0,1
legacy_r2,10.7,15.7152053677,9.9938772935,0,0,4.03156907476,4.03361740501,0,0,1
legacy_r2,10.725,15.7152053677,9.9938772935,0,0,4.03156907476,4.03361740501,0,0,1
legacy_r2,10.75,15.7152053677,9.9938772935,0,0,4.03156907476,4.03361740501,0,0,1
legacy_r2,10.775,15.7152053677,9.9938772935,0,0,4.03156907476,4.03361740501,0,0,1
legacy_r2,10.8,15.7152053677,9.9938772935,0,0,4.03156907476,4.03361740501,0,0,1
legacy_r2,10.825,15.7152053677,9.9938772935,0,0,4.03156907476,4.03361740501,0,0,1
legacy_r2,10.85,15.7152053677,9.9938772935,0,0,4.03156907476,4.03361740501,0,0,1
legacy_r2,10.875,15.7152053677,9.9938772935,0,0,4.03156907476,4.03361740501,0,0,1
legacy_r2,10.9,15.7152053677,9.9938772935,0,0,4.03156907476,4.03361740501,0,0,1
legacy_r2,10.925,15.7152053677,9.9938772935,0,0,4.03156907476,4.03361740501,0,0,1
legacy_r2,10.95,15.7152053677,9.9938772935,0,0,4.03156907476,4.03361740501,0,0,1
legacy_r2,10.975,15.7152053677,9.9938772935,0,0,4.03156907476,4.03361740501,0,0,1
legacy_r2,11,15.7152053677,9.9938772935,0,0,4.03156907476,4.03361740501,0,0,1
legacy_r2,11.025,15.7152053677,9.9938772935,0,0,4.03156907476,4.03361740501,0,0,1
legacy_r2,11.05,15.7152053677,9.9938772935,0,0,4.03156907476,4.03361740501,0,0,1
legacy_r2,11.075,15.7152053677,9.9938772935,0,0,4.03156907476,4.03361740501,0,0,1
legacy_r2,11.1,15.7152053677,9.9938772935,0,0,4.03156907476,4.03361740501,0,0,1
legacy_r2,11.125,15.7152053677,9.9938772935,0,0,4.03156907476,4.03361740501,0,0,1
legacy_r2,11.15,15.7152053677,9.9938772935,0,0,4.03156907476,4.03361740501,0,0,1
legacy_r2,11.175,15.7152053677,9.9938772935,0,0,4.03156907476,4.03361740501,0,0,1
legacy_r2,11.2,15.7152053677,9.9938772935,0,0,4.03156907476,4.03361740501,0,0,1
legacy_r2,11.225,15.7152053677,9.9938772935,0,0,4.03156907476,4.03361740501,0,0,1
legacy_r2,11.25,15.7152053677,9.9938772935,0,0,4.03156907476,4.03361740501,0,0,1
legacy_r2,11.275,15.7152053677,9.9938772935,0,0,4.03156907476,4.03361740501,0,0,1
legacy_r2,11.3,15.7152053677,9.9938772935,0,0,4.03156907476,4.03361740501,0,0,1
legacy_r2,11.325,15.7152053677,9.9938772935,0,0,4.03156907476,4.03361740501,0,0,1
legacy_r2,11.35,15.7152053677,9.9938772935,0,0,4.03156907476,4.03361740501,0,0,1
legacy_r2,11.375,15.7152053677,9.9938772935,0,0,4.03156907476,4.03361740501,0,0,1
legacy_r2,11.4,15.7152053677,9.9938772935,0,0,4.03156907476,4.03361740501,0,0,1
legacy_r2,11.425,15.7152053677,9.9938772935,0,0,4.03156907476,4.03361740501,0,0,1
legacy_r2,11.45,15.7152053677,9.9938772935,0,0,4.03156907476,4.03361740501,0,0,1
legacy_r2,11.475,15.7152053677,9.9938772935,0,0,4.03156907476,4.03361740501,0,0,1
legacy_r2,11.5,15.7152053677,9.9938772935,0,0,4.03156907476,4.03361740501,0,0,1
legacy_r2,11.525,15.7152053677,9.9938772935,0,0,4.03156907476,4.03361740501,0,0,1
legacy_r2,11.55,15.7152053677,9.9938772935,0,0,4.03156907476,4.03361740501,0,0,1
legacy_r2,11.575,15.7152053677,9.9938772935,0,0,4.03156907476,4.03361740501,0,0,1
legacy_r2,11.6,15.7152053677,9.9938772935,0,0,4.03156907476,4.03361740501,0,0,1
legacy_r2,11.625,15.7152053677,9.9938772935,0,0,4.03156907476,4.03361740501,0,0,1
legacy_r2,11.65,15.7152053677,9.9938772935,0,0,4.03156907476,4.03361740501,0,0,1
legacy_r2,11.675,15.7152053677,9.9938772935,0,0,4.03156907476,4.03361740501,0,0,1
legacy_r2,11.7,15.7152053677,9.9938772935,0,0,4.03156907476,4.03361740501,0,0,1
legacy_r2,11.725,15.7152053677,9.9938772935,0,0,4.03156907476,4.03361740501,0,0,1
legacy_r2,11.75,15.7152053677,9.9938772935,0,0,4.03156907476,4.03361740501,0,0,1
legacy_r2,11.775,15.7152053677,9.9938772935,0,0,4.03156907476,4.03361740501,0,0,1
legacy_r2,11.8,15.7152053677,9.9938772935,0,0,4.03156907476,4.03361740501,0,0,1
legacy_r2,11.825,15.7152053677,9.9938772935,0,0,4.03156907476,4.03361740501,0,0,1
legacy_r2,11.85,15.7152053677,9.9938772935,0,0,4.03156907476,4.03361740501,0,0,1
legacy_r2,11.875,15.7152053677,9.9938772935,0,0,4.03156907476,4.03361740501,0,0,1
legacy_r2,11.9,15.7152053677,9.9938772935,0,0,4.03156907476,4.03361740501,0,0,1
legacy_r2,11.925,15.7152053677,9.9938772935,0,0,4.03156907476,4.03361740501,0,0,1
legacy_r2,11.95,15.7152053677,9.9938772935,0,0,4.03156907476,4.03361740501,0,0,1
legacy_r2,11.975,15.7152053677,9.9938772935,0,0,4.03156907476,4.03361740501,0,0,1
legacy_r2,12,15.7152053677,9.9938772935,0,0,4.03156907476,4.03361740501,0,0,1
legacy_r2,12.025,15.7152053677,9.9938772935,0,0,4.03156907476,4.03361740501,0,0,1
legacy_r2,12.05,15.7152053677,9.9938772935,0,0,4.03156907476,4.03361740501,0,0,1
legacy_r2,12.075,15.7152053677,9.9938772935,0,0,4.03156907476,4.03361740501,0,0,1
legacy_r2,12.1,15.7152053677,9.9938772935,0,0,4.03156907476,4.03361740501,0,0,1
legacy_r2,12.125,15.7152053677,9.9938772935,0,0,4.03156907476,4.03361740501,0,0,1
legacy_r2,12.15,15.7152053677,9.9938772935,0,0,4.03156907476,4.03361740501,0,0,1
legacy_r2,12.175,15.7152053677,9.9938772935,0,0,4.03156907476,4.03361740501,0,0,1
legacy_r2,12.2,15.7152053677,9.9938772935,0,0,4.03156907476,4.03361740501,0,0,1
legacy_r2,12.225,15.7152053677,9.9938772935,0,0,4.03156907476,4.03361740501,0,0,1
legacy_r2,12.25,15.7152053677,9.9938772935,0,0,4.03156907476,4.03361740501,0,0,1
legacy_r2,12.275,15.7152053677,9.9938772935,0,0,4.03156907476,4.03361740501,0,0,1
legacy_r2,12.3,15.7152053677,9.9938772935,0,0,4.03156907476,4.03361740501,0,0,1
legacy_r2,12.325,15.7152053677,9.9938772935,0,0,4.03156907476,4.03361740501,0,0,1
legacy_r2,12.35,15.7152053677,9.9938772935,0,0,4.03156907476,4.03361740501,0,0,1
legacy_r2,12.375,15.7152053677,9.9938772935,0,0,4.03156907476,4.03361740501,0,0,1
legacy_r2,12.4,15.7152053677,9.9938772935,0,0,4.03156907476,4.03361740501,0,0,1
legacy_r2,12.425,15.7152053677,9.9938772935,0,0,4.03156907476,4.03361740501,0,0,1
legacy_r2,12.45,15.7152053677,9.9938772935,0,0,4.03156907476,4.03361740501,0,0,1
legacy_r2,12.475,15.7152053677,9.9938772935,0,0,4.03156907476,4.03361740501,0,0,1
legacy_r2,12.5,15.7152053677,9.9938772935,0,0,4.03156907476,4.03361740501,0,0,1
legacy_r2,12.525,15.7152053677,9.9938772935,0,0,4.03156907476,4.03361740501,0,0,1
legacy_r2,12.55,15.7152053677,9.9938772935,0,0,4.03156907476,4.03361740501,0,0,1
legacy_r2,12.575,15.7152053677,9.9938772935,0,0,4.03156907476,4.03361740501,0,0,1
legacy_r2,12.6,15.7152053677,9.9938772935,0,0,4.03156907476,4.03361740501,0,0,1
legacy_r2,12.625,15.7152053677,9.9938772935,0,0,4.03156907476,4.03361740501,0,0,1
legacy_r2,12.65,15.7152053677,9.9938772935,0,0,4.03156907476,4.03361740501,0,0,1
legacy_r2,12.675,15.7152053677,9.9938772935,0,0,4.03156907476,4.03361740501,0,0,1
legacy_r2,12.7,15.7152053677,9.9938772935,0,0,4.03156907476,4.03361740501,0,0,1
legacy_r2,12.725,15.7152053677,9.9938772935,0,0,4.03156907476,4.03361740501,0,0,1
legacy_r2,12.75,15.7152053677,9.9938772935,0,0,4.03156907476,4.03361740501,0,0,1
legacy_r2,12.775,15.7152053677,9.9938772935,0,0,4.03156907476,4.03361740501,0,0,1
legacy_r2,12.8,15.7152053677,9.9938772935,0,0,4.03156907476,4.03361740501,0,0,1
legacy_r2,12.825,15.7152053677,9.9938772935,0,0,4.03156907476,4.03361740501,0,0,1
legacy_r2,12.85,15.7152053677,9.9938772935,0,0,4.03156907476,4.03361740501,0,0,1
legacy_r2,12.875,15.7152053677,9.9938772935,0,0,4.03156907476,4.03361740501,0,0,1
legacy_r2,12.9,15.7152053677,9.9938772935,0,0,4.03156907476,4.03361740501,0,0,1
legacy_r2,12.925,15.7152053677,9.9938772935,0,0,4.03156907476,4.03361740501,0,0,1
legacy_r2,12.95,15.7152053677,9.9938772935,0,0,4.03156907476,4.03361740501,0,0,1
legacy_r2,12.975,15.7152053677,9.9938772935,0,0,4.03156907476,4.03361740501,0,0,1
legacy_r2,13,15.7152053677,9.9938772935,0,0,4.03156907476,4.03361740501,0,0,1
legacy_r2,13.025,15.7152053677,9.9938772935,0,0,4.03156907476,4.03361740501,0,0,1
legacy_r2,13.05,15.7152053677,9.9938772935,0,0,4.03156907476,4.03361740501,0,0,1
legacy_r2,13.075,15.7152053677,9.9938772935,0,0,4.03156907476,4.03361740501,0,0,1
legacy_r2,13.1,15.7152053677,9.9938772935,0,0,4.03156907476,4.03361740501,0,0,1
legacy_r2,13.125,15.7152053677,9.9938772935,0,0,4.03156907476,4.03361740501,0,0,1
legacy_r2,13.15,15.7152053677,9.9938772935,0,0,4.03156907476,4.03361740501,0,0,1
legacy_r2,13.175,15.7152053677,9.9938772935,0,0,4.03156907476,4.03361740501,0,0,1
legacy_r2,13.2,15.7152053677,9.9938772935,0,0,4.03156907476,4.03361740501,0,0,1
legacy_r2,13.225,15.7152053677,9.9938772935,0,0,4.03156907476,4.03361740501,0,0,1
legacy_r2,13.25,15.7152053677,9.9938772935,0,0,4.03156907476,4.03361740501,0,0,1
legacy_r2,13.275,15.7152053677,9.9938772935,0,0,4.03156907476,4.03361740501,0,0,1
legacy_r2,13.3,15.7152053677,9.9938772935,0,0,4.03156907476,4.03361740501,0,0,1
legacy_r2,13.325,15.7152053677,9.9938772935,0,0,4.03156907476,4.03361740501,0,0,1
legacy_r2,13.35,15.7152053677,9.9938772935,0,0,4.03156907476,4.03361740501,0,0,1
legacy_r2,13.375,15.7152053677,9.9938772935,0,0,4.03156907476,4.03361740501,0,0,1
legacy_r2,13.4,15.7152053677,9.9938772935,0,0,4.03156907476,4.03361740501,0,0,1
legacy_r2,13.425,15.7152053677,9.9938772935,0,0,4.03156907476,4.03361740501,0,0,1
legacy_r2,13.45,15.7152053677,9.9938772935,0,0,4.03156907476,4.03361740501,0,0,1
legacy_r2,13.475,15.7152053677,9.9938772935,0,0,4.03156907476,4.03361740501,0,0,1
legacy_r2,13.5,15.7152053677,9.9938772935,0,0,4.03156907476,4.03361740501,0,0,1
legacy_r2,13.525,15.7152053677,9.9938772935,0,0,4.03156907476,4.03361740501,0,0,1
legacy_r2,13.55,15.7152053677,9.9938772935,0,0,4.03156907476,4.03361740501,0,0,1
legacy_r2,13.575,15.7152053677,9.9938772935,0,0,4.03156907476,4.03361740501,0,0,1
legacy_r2,13.6,15.7152053677,9.9938772935,0,0,4.03156907476,4.03361740501,0,0,1
legacy_r2,13.625,15.7152053677,9.9938772935,0,0,4.03156907476,4.03361740501,0,0,1
legacy_r2,13.65,15.7152053677,9.9938772935,0,0,4.03156907476,4.03361740501,0,0,1
legacy_r2,13.675,15.7152053677,9.9938772935,0,0,4.03156907476,4.03361740501,0,0,1
legacy_r2,13.7,15.7152053677,9.9938772935,0,0,4.03156907476,4.03361740501,0,0,1
legacy_r2,13.725,15.7152053677,9.9938772935,0,0,4.03156907476,4.03361740501,0,0,1
legacy_r2,13.75,15.7152053677,9.9938772935,0,0,4.03156907476,4.03361740501,0,0,1
legacy_r2,13.775,15.7152053677,9.9938772935,0,0,4.03156907476,4.03361740501,0,0,1
legacy_r2,13.8,15.7152053677,9.9938772935,0,0,4.03156907476,4.03361740501,0,0,1
legacy_r2,13.825,15.7152053677,9.9938772935,0,0,4.03156907476,4.03361740501,0,0,1
legacy_r2,13.85,15.7152053677,9.9938772935,0,0,4.03156907476,4.03361740501,0,0,1
legacy_r2,13.875,15.7152053677,9.9938772935,0,0,4.03156907476,4.03361740501,0,0,1
legacy_r2,13.9,15.7152053677,9.9938772935,0,0,4.03156907476,4.03361740501,0,0,1
legacy_r2,13.925,15.7152053677,9.9938772935,0,0,4.03156907476,4.03361740501,0,0,1
legacy_r2,13.95,15.7152053677,9.9938772935,0,0,4.03156907476,4.03361740501,0,0,1
legacy_r2,13.975,15.7152053677,9.9938772935,0,0,4.03156907476,4.03361740501,0,0,1
legacy_r2,14,15.7152053677,9.9938772935,0,0,4.03156907476,4.03361740501,0,0,1
legacy_r2,14.025,15.7152053677,9.9938772935,0,0,4.03156907476,4.03361740501,0,0,1
legacy_r2,14.05,15.7152053677,9.9938772935,0,0,4.03156907476,4.03361740501,0,0,1
legacy_r2,14.075,15.7152053677,9.9938772935,0,0,4.03156907476,4.03361740501,0,0,1
legacy_r2,14.1,15.7152053677,9.9938772935,0,0,4.03156907476,4.03361740501,0,0,1
legacy_r2,14.125,15.7152053677,9.9938772935,0,0,4.03156907476,4.03361740501,0,0,1
legacy_r2,14.15,15.7152053677,9.9938772935,0,0,4.03156907476,4.03361740501,0,0,1
legacy_r2,14.175,15.7152053677,9.9938772935,0,0,4.03156907476,4.03361740501,0,0,1
legacy_r2,14.2,15.7152053677,9.9938772935,0,0,4.03156907476,4.03361740501,0,0,1
legacy_r2,14.225,15.7152053677,9.9938772935,0,0,4.03156907476,4.03361740501,0,0,1
legacy_r2,14.25,15.7152053677,9.9938772935,0,0,4.03156907476,4.03361740501,0,0,1
legacy_r2,14.275,15.7152053677,9.9938772935,0,0,4.03156907476,4.03361740501,0,0,1
legacy_r2,14.3,15.7152053677,9.9938772935,0,0,4.03156907476,4.03361740501,0,0,1
legacy_r2,14.325,15.7152053677,9.9938772935,0,0,4.03156907476,4.03361740501,0,0,1
legacy_r2,14.35,15.7152053677,9.9938772935,0,0,4.03156907476,4.03361740501,0,0,1
legacy_r2,14.375,15.7152053677,9.9938772935,0,0,4.03156907476,4.03361740501,0,0,1
legacy_r2,14.4,15.7152053677,9.9938772935,0,0,4.03156907476,4.03361740501,0,0,1
legacy_r2,14.425,15.7152053677,9.9938772935,0,0,4.03156907476,4.03361740501,0,0,1
legacy_r2,14.45,15.7152053677,9.9938772935,0,0,4.03156907476,4.03361740501,0,0,1
legacy_r2,14.475,15.7152053677,9.9938772935,0,0,4.03156907476,4.03361740501,0,0,1
legacy_r2,14.5,15.7152053677,9.9938772935,0,0,4.03156907476,4.03361740501,0,0,1
legacy_r2,14.525,15.7152053677,9.9938772935,0,0,4.03156907476,4.03361740501,0,0,1
legacy_r2,14.55,15.7152053677,9.9938772935,0,0,4.03156907476,4.03361740501,0,0,1
legacy_r2,14.575,15.7152053677,9.9938772935,0,0,4.03156907476,4.03361740501,0,0,1
legacy_r2,14.6,15.7152053677,9.9938772935,0,0,4.03156907476,4.03361740501,0,0,1
legacy_r2,14.625,15.7152053677,9.9938772935,0,0,4.03156907476,4.03361740501,0,0,1
legacy_r2,14.65,15.7152053677,9.9938772935,0,0,4.03156907476,4.03361740501,0,0,1
legacy_r2,14.675,15.7152053677,9.9938772935,0,0,4.03156907476,4.03361740501,0,0,1
legacy_r2,14.7,15.7152053677,9.9938772935,0,0,4.03156907476,4.03361740501,0,0,1
legacy_r2,14.725,15.7152053677,9.9938772935,0,0,4.03156907476,4.03361740501,0,0,1
legacy_r2,14.75,15.7152053677,9.9938772935,0,0,4.03156907476,4.03361740501,0,0,1
legacy_r2,14.775,15.7152053677,9.9938772935,0,0,4.03156907476,4.03361740501,0,0,1
legacy_r2,14.8,15.7152053677,9.9938772935,0,0,4.03156907476,4.03361740501,0,0,1
legacy_r2,14.825,15.7152053677,9.9938772935,0,0,4.03156907476,4.03361740501,0,0,1
legacy_r2,14.85,15.7152053677,9.9938772935,0,0,4.03156907476,4.03361740501,0,0,1
legacy_r2,14.875,15.7152053677,9.9938772935,0,0,4.03156907476,4.03361740501,0,0,1
legacy_r2,14.9,15.7152053677,9.9938772935,0,0,4.03156907476,4.03361740501,0,0,1
legacy_r2,14.925,15.7152053677,9.9938772935,0,0,4.03156907476,4.03361740501,0,0,1
legacy_r2,14.95,15.7152053677,9.9938772935,0,0,4.03156907476,4.03361740501,0,0,1
legacy_r2,14.975,15.7152053677,9.9938772935,0,0,4.03156907476,4.03361740501,0,0,1
legacy_r2,15,15.7152053677,9.9938772935,0,0,4.03156907476,4.03361740501,0,0,1
legacy_r2,15.025,15.7152053677,9.9938772935,0,0,4.03156907476,4.03361740501,0,0,1
legacy_r2,15.05,15.7152053677,9.9938772935,0,0,4.03156907476,4.03361740501,0,0,1
legacy_r2,15.075,15.7152053677,9.9938772935,0,0,4.03156907476,4.03361740501,0,0,1
legacy_r2,15.1,15.7152053677,9.9938772935,0,0,4.03156907476,4.03361740501,0,0,1
legacy_r2,15.125,15.7152053677,9.9938772935,0,0,4.03156907476,4.03361740501,0,0,1
legacy_r2,15.15,15.7152053677,9.9938772935,0,0,4.03156907476,4.03361740501,0,0,1
legacy_r2,15.175,15.7152053677,9.9938772935,0,0,4.03156907476,4.03361740501,0,0,1
legacy_r2,15.2,15.7152053677,9.9938772935,0,0,4.03156907476,4.03361740501,0,0,1
legacy_r2,15.225,15.7152053677,9.9938772935,0,0,4.03156907476,4.03361740501,0,0,1
legacy_r2,15.25,15.7152053677,9.9938772935,0,0,4.03156907476,4.03361740501,0,0,1
legacy_r2,15.275,15.7152053677,9.9938772935,0,0,4.03156907476,4.03361740501,0,0,1
legacy_r2,15.3,15.7152053677,9.9938772935,0,0,4.03156907476,4.03361740501,0,0,1
legacy_r2,15.325,15.7152053677,9.9938772935,0,0,4.03156907476,4.03361740501,0,0,1
legacy_r2,15.35,15.7152053677,9.9938772935,0,0,4.03156907476,4.03361740501,0,0,1
legacy_r2,15.375,15.7152053677,9.9938772935,0,0,4.03156907476,4.03361740501,0,0,1
legacy_r2,15.4,15.7152053677,9.9938772935,0,0,4.03156907476,4.03361740501,0,0,1
legacy_r2,15.425,15.7152053677,9.9938772935,0,0,4.03156907476,4.03361740501,0,0,1
legacy_r2,15.45,15.7152053677,9.9938772935,0,0,4.03156907476,4.03361740501,0,0,1
legacy_r2,15.475,15.7152053677,9.9938772935,0,0,4.03156907476,4.03361740501,0,0,1
legacy_r2,15.5,15.7152053677,9.9938772935,0,0,4.03156907476,4.03361740501,0,0,1
legacy_r2,15.525,15.7152053677,9.9938772935,0,0,4.03156907476,4.03361740501,0,0,1
legacy_r2,15.55,15.7152053677,9.9938772935,0,0,4.03156907476,4.03361740501,0,0,1
legacy_r2,15.575,15.7152053677,9.9938772935,0,0,4.03156907476,4.03361740501,0,0,1
legacy_r2,15.6,15.7152053677,9.9938772935,0,0,4.03156907476,4.03361740501,0,0,1
legacy_r2,15.625,15.7152053677,9.9938772935,0,0,4.03156907476,4.03361740501,0,0,1
legacy_r2,15.65,15.7152053677,9.9938772935,0,0,4.03156907476,4.03361740501,0,0,1
legacy_r2,15.675,15.7152053677,9.9938772935,0,0,4.03156907476,4.03361740501,0,0,1
legacy_r2,15.7,15.7152053677,9.9938772935,0,0,4.03156907476,4.03361740501,0,0,1
legacy_r2,15.725,15.7152053677,9.9938772935,0,0,4.03156907476,4.03361740501,0,0,1
legacy_r2,15.75,15.7152053677,9.9938772935,0,0,4.03156907476,4.03361740501,0,0,1
legacy_r2,15.775,15.7152053677,9.9938772935,0,0,4.03156907476,4.03361740501,0,0,1
legacy_r2,15.8,15.7152053677,9.9938772935,0,0,4.03156907476,4.03361740501,0,0,1
legacy_r2,15.825,15.7152053677,9.9938772935,0,0,4.03156907476,4.03361740501,0,0,1
legacy_r2,15.85,15.7152053677,9.9938772935,0,0,4.03156907476,4.03361740501,0,0,1
legacy_r2,15.875,15.7152053677,9.9938772935,0,0,4.03156907476,4.03361740501,0,0,1
legacy_r2,15.9,15.7152053677,9.9938772935,0,0,4.03156907476,4.03361740501,0,0,1
legacy_r2,15.925,15.7152053677,9.9938772935,0,0,4.03156907476,4.03361740501,0,0,1
legacy_r2,15.95,15.7152053677,9.9938772935,0,0,4.03156907476,4.03361740501,0,0,1
legacy_r2,15.975,15.7152053677,9.9938772935,0,0,4.03156907476,4.03361740501,0,0,1
legacy_r2,16,15.7152053677,9.9938772935,0,0,4.03156907476,4.03361740501,0,0,1
legacy_r2,16.025,15.7152053677,9.9938772935,0,0,4.03156907476,4.03361740501,0,0,1
legacy_r2,16.05,15.7152053677,9.9938772935,0,0,4.03156907476,4.03361740501,0,0,1
legacy_r2,16.075,15.7152053677,9.9938772935,0,0,4.03156907476,4.03361740501,0,0,1
legacy_r2,16.1,15.7152053677,9.9938772935,0,0,4.03156907476,4.03361740501,0,0,1
legacy_r2,16.125,15.7152053677,9.9938772935,0,0,4.03156907476,4.03361740501,0,0,1
legacy_r2,16.15,15.7152053677,9.9938772935,0,0,4.03156907476,4.03361740501,0,0,1
legacy_r2,16.175,15.7152053677,9.9938772935,0,0,4.03156907476,4.03361740501,0,0,1
legacy_r2,16.2,15.7152053677,9.9938772935,0,0,4.03156907476,4.03361740501,0,0,1
legacy_r2,16.225,15.7152053677,9.9938772935,0,0,4.03156907476,4.03361740501,0,0,1
legacy_r2,16.25,15.7152053677,9.9938772935,0,0,4.03156907476,4.03361740501,0,0,1
legacy_r2,16.275,15.7152053677,9.9938772935,0,0,4.03156907476,4.03361740501,0,0,1
legacy_r2,16.3,15.7152053677,9.9938772935,0,0,4.03156907476,4.03361740501,0,0,1
legacy_r2,16.325,15.7152053677,9.9938772935,0,0,4.03156907476,4.03361740501,0,0,1
legacy_r2,16.35,15.7152053677,9.9938772935,0,0,4.03156907476,4.03361740501,0,0,1
legacy_r2,16.375,15.7152053677,9.9938772935,0,0,4.03156907476,4.03361740501,0,0,1
legacy_r2,16.4,15.7152053677,9.9938772935,0,0,4.03156907476,4.03361740501,0,0,1
legacy_r2,16.425,15.7152053677,9.9938772935,0,0,4.03156907476,4.03361740501,0,0,1
legacy_r2,16.45,15.7152053677,9.9938772935,0,0,4.03156907476,4.03361740501,0,0,1
legacy_r2,16.475,15.7152053677,9.9938772935,0,0,4.03156907476,4.03361740501,0,0,1
legacy_r2,16.5,15.7152053677,9.9938772935,0,0,4.03156907476,4.03361740501,0,0,1
legacy_r2,16.525,15.7152053677,9.9938772935,0,0,4.03156907476,4.03361740501,0,0,1
legacy_r2,16.55,15.7152053677,9.9938772935,0,0,4.03156907476,4.03361740501,0,0,1
legacy_r2,16.575,15.7152053677,9.9938772935,0,0,4.03156907476,4.03361740501,0,0,1
legacy_r2,16.6,15.7152053677,9.9938772935,0,0,4.03156907476,4.03361740501,0,0,1
legacy_r2,16.625,15.7152053677,9.9938772935,0,0,4.03156907476,4.03361740501,0,0,1
legacy_r2,16.65,15.7152053677,9.9938772935,0,0,4.03156907476,4.03361740501,0,0,1
legacy_r2,16.675,15.7152053677,9.9938772935,0,0,4.03156907476,4.03361740501,0,0,1
legacy_r2,16.7,15.7152053677,9.9938772935,0,0,4.03156907476,4.03361740501,0,0,1
legacy_r2,16.725,15.7152053677,9.9938772935,0,0,4.03156907476,4.03361740501,0,0,1
legacy_r2,16.75,15.7152053677,9.9938772935,0,0,4.03156907476,4.03361740501,0,0,1
legacy_r2,16.775,15.7152053677,9.9938772935,0,0,4.03156907476,4.03361740501,0,0,1
legacy_r2,16.8,15.7152053677,9.9938772935,0,0,4.03156907476,4.03361740501,0,0,1
legacy_r2,16.825,15.7152053677,9.9938772935,0,0,4.03156907476,4.03361740501,0,0,1
legacy_r2,16.85,15.7152053677,9.9938772935,0,0,4.03156907476,4.03361740501,0,0,1
legacy_r2,16.875,15.7152053677,9.9938772935,0,0,4.03156907476,4.03361740501,0,0,1
legacy_r2,16.9,15.7152053677,9.9938772935,0,0,4.03156907476,4.03361740501,0,0,1
legacy_r2,16.925,15.7152053677,9.9938772935,0,0,4.03156907476,4.03361740501,0,0,1
legacy_r2,16.95,15.7152053677,9.9938772935,0,0,4.03156907476,4.03361740501,0,0,1
legacy_r2,16.975,15.7152053677,9.9938772935,0,0,4.03156907476,4.03361740501,0,0,1
legacy_r2,17,15.7152053677,9.9938772935,0,0,4.03156907476,4.03361740501,0,0,1
legacy_r2,17.025,15.7152053677,9.9938772935,0,0,4.03156907476,4.03361740501,0,0,1
legacy_r2,17.05,15.7152053677,9.9938772935,0,0,4.03156907476,4.03361740501,0,0,1
legacy_r2,17.075,15.7152053677,9.9938772935,0,0,4.03156907476,4.03361740501,0,0,1
legacy_r2,17.1,15.7152053677,9.9938772935,0,0,4.03156907476,4.03361740501,0,0,1
legacy_r2,17.125,15.7152053677,9.9938772935,0,0,4.03156907476,4.03361740501,0,0,1
legacy_r2,17.15,15.7152053677,9.9938772935,0,0,4.03156907476,4.03361740501,0,0,1
legacy_r2,17.175,15.7152053677,9.9938772935,0,0,4.03156907476,4.03361740501,0,0,1
legacy_r2,17.2,15.7152053677,9.9938772935,0,0,4.03156907476,4.03361740501,0,0,1
legacy_r2,17.225,15.7152053677,9.9938772935,0,0,4.03156907476,4.03361740501,0,0,1
legacy_r2,17.25,15.7152053677,9.9938772935,0,0,4.03156907476,4.03361740501,0,0,1
legacy_r2,17.275,15.7152053677,9.9938772935,0,0,4.03156907476,4.03361740501,0,0,1
legacy_r2,17.3,15.7152053677,9.9938772935,0,0,4.03156907476,4.03361740501,0,0,1
legacy_r2,17.325,15.7152053677,9.9938772935,0,0,4.03156907476,4.03361740501,0,0,1
legacy_r2,17.35,15.7152053677,9.9938772935,0,0,4.03156907476,4.03361740501,0,0,1
legacy_r2,17.375,15.7152053677,9.9938772935,0,0,4.03156907476,4.03361740501,0,0,1
legacy_r2,17.4,15.7152053677,9.9938772935,0,0,4.03156907476,4.03361740501,0,0,1
legacy_r2,17.425,15.7152053677,9.9938772935,0,0,4.03156907476,4.03361740501,0,0,1
legacy_r2,17.45,15.7152053677,9.9938772935,0,0,4.03156907476,4.03361740501,0,0,1
legacy_r2,17.475,15.7152053677,9.9938772935,0,0,4.03156907476,4.03361740501,0,0,1
legacy_r2,17.5,15.7152053677,9.9938772935,0,0,4.03156907476,4.03361740501,0,0,1
legacy_r2,17.525,15.7152053677,9.9938772935,0,0,4.03156907476,4.03361740501,0,0,1
legacy_r2,17.55,15.7152053677,9.9938772935,0,0,4.03156907476,4.03361740501,0,0,1
legacy_r2,17.575,15.7152053677,9.9938772935,0,0,4.03156907476,4.03361740501,0,0,1
legacy_r2,17.6,15.7152053677,9.9938772935,0,0,4.03156907476,4.03361740501,0,0,1
legacy_r2,17.625,15.7152053677,9.9938772935,0,0,4.03156907476,4.03361740501,0,0,1
legacy_r2,17.65,15.7152053677,9.9938772935,0,0,4.03156907476,4.03361740501,0,0,1
legacy_r2,17.675,15.7152053677,9.9938772935,0,0,4.03156907476,4.03361740501,0,0,1
legacy_r2,17.7,15.7152053677,9.9938772935,0,0,4.03156907476,4.03361740501,0,0,1
legacy_r2,17.725,15.7152053677,9.9938772935,0,0,4.03156907476,4.03361740501,0,0,1
legacy_r2,17.75,15.7152053677,9.9938772935,0,0,4.03156907476,4.03361740501,0,0,1
legacy_r2,17.775,15.7152053677,9.9938772935,0,0,4.03156907476,4.03361740501,0,0,1
legacy_r2,17.8,15.7152053677,9.9938772935,0,0,4.03156907476,4.03361740501,0,0,1
legacy_r2,17.825,15.7152053677,9.9938772935,0,0,4.03156907476,4.03361740501,0,0,1
legacy_r2,17.85,15.7152053677,9.9938772935,0,0,4.03156907476,4.03361740501,0,0,1
legacy_r2,17.875,15.7152053677,9.9938772935,0,0,4.03156907476,4.03361740501,0,0,1
legacy_r2,17.9,15.7152053677,9.9938772935,0,0,4.03156907476,4.03361740501,0,0,1
legacy_r2,17.925,15.7152053677,9.9938772935,0,0,4.03156907476,4.03361740501,0,0,1
legacy_r2,17.95,15.7152053677,9.9938772935,0,0,4.03156907476,4.03361740501,0,0,1
legacy_r2,17.975,15.7152053677,9.9938772935,0,0,4.03156907476,4.03361740501,0,0,1
legacy_r2,18,15.7152053677,9.9938772935,0,0,4.03156907476,4.03361740501,0,0,1
legacy_r2,18.025,15.7152053677,9.9938772935,0,0,4.03156907476,4.03361740501,0,0,1
legacy_r2,18.05,15.7152053677,9.9938772935,0,0,4.03156907476,4.03361740501,0,0,1
legacy_r2,18.075,15.7152053677,9.9938772935,0,0,4.03156907476,4.03361740501,0,0,1
legacy_r2,18.1,15.7152053677,9.9938772935,0,0,4.03156907476,4.03361740501,0,0,1
legacy_r2,18.125,15.7152053677,9.9938772935,0,0,4.03156907476,4.03361740501,0,0,1
legacy_r2,18.15,15.7152053677,9.9938772935,0,0,4.03156907476,4.03361740501,0,0,1
legacy_r2,18.175,15.7152053677,9.9938772935,0,0,4.03156907476,4.03361740501,0,0,1
legacy_r2,18.2,15.7152053677,9.9938772935,0,0,4.03156907476,4.03361740501,0,0,1
legacy_r2,18.225,15.7152053677,9.9938772935,0,0,4.03156907476,4.03361740501,0,0,1
legacy_r2,18.25,15.7152053677,9.9938772935,0,0,4.03156907476,4.03361740501,0,0,1
legacy_r2,18.275,15.7152053677,9.9938772935,0,0,4.03156907476,4.03361740501,0,0,1
legacy_r2,18.3,15.7152053677,9.9938772935,0,0,4.03156907476,4.03361740501,0,0,1
legacy_r2,18.325,15.7152053677,9.9938772935,0,0,4.03156907476,4.03361740501,0,0,1
legacy_r2,18.35,15.7152053677,9.9938772935,0,0,4.03156907476,4.03361740501,0,0,1
legacy_r2,18.375,15.7152053677,9.9938772935,0,0,4.03156907476,4.03361740501,0,0,1
legacy_r2,18.4,15.7152053677,9.9938772935,0,0,4.03156907476,4.03361740501,0,0,1
legacy_r2,18.425,15.7152053677,9.9938772935,0,0,4.03156907476,4.03361740501,0,0,1
legacy_r2,18.45,15.7152053677,9.9938772935,0,0,4.03156907476,4.03361740501,0,0,1
legacy_r2,18.475,15.7152053677,9.9938772935,0,0,4.03156907476,4.03361740501,0,0,1
legacy_r2,18.5,15.7152053677,9.9938772935,0,0,4.03156907476,4.03361740501,0,0,1
legacy_r2,18.525,15.7152053677,9.9938772935,0,0,4.03156907476,4.03361740501,0,0,1
legacy_r2,18.55,15.7152053677,9.9938772935,0,0,4.03156907476,4.03361740501,0,0,1
legacy_r2,18.575,15.7152053677,9.9938772935,0,0,4.03156907476,4.03361740501,0,0,1
legacy_r2,18.6,15.7152053677,9.9938772935,0,0,4.03156907476,4.03361740501,0,0,1
legacy_r2,18.625,15.7152053677,9.9938772935,0,0,4.03156907476,4.03361740501,0,0,1
legacy_r2,18.65,15.7152053677,9.9938772935,0,0,4.03156907476,4.03361740501,0,0,1
legacy_r2,18.675,15.7152053677,9.9938772935,0,0,4.03156907476,4.03361740501,0,0,1
legacy_r2,18.7,15.7152053677,9.9938772935,0,0,4.03156907476,4.03361740501,0,0,1
legacy_r2,18.725,15.7152053677,9.9938772935,0,0,4.03156907476,4.03361740501,0,0,1
legacy_r2,18.75,15.7152053677,9.9938772935,0,0,4.03156907476,4.03361740501,0,0,1
legacy_r2,18.775,15.7152053677,9.9938772935,0,0,4.03156907476,4.03361740501,0,0,1
legacy_r2,18.8,15.7152053677,9.9938772935,0,0,4.03156907476,4.03361740501,0,0,1
legacy_r2,18.825,15.7152053677,9.9938772935,0,0,4.03156907476,4.03361740501,0,0,1
legacy_r2,18.85,15.7152053677,9.9938772935,0,0,4.03156907476,4.03361740501,0,0,1
legacy_r2,18.875,15.7152053677,9.9938772935,0,0,4.03156907476,4.03361740501,0,0,1
legacy_r2,18.9,15.7152053677,9.9938772935,0,0,4.03156907476,4.03361740501,0,0,1
legacy_r2,18.925,15.7152053677,9.9938772935,0,0,4.03156907476,4.03361740501,0,0,1
legacy_r2,18.95,15.7152053677,9.9938772935,0,0,4.03156907476,4.03361740501,0,0,1
legacy_r2,18.975,15.7152053677,9.9938772935,0,0,4.03156907476,4.03361740501,0,0,1
legacy_r2,19,15.7152053677,9.9938772935,0,0,4.03156907476,4.03361740501,0,0,1
legacy_r2,19.025,15.7152053677,9.9938772935,0,0,4.03156907476,4.03361740501,0,0,1
legacy_r2,19.05,15.7152053677,9.9938772935,0,0,4.03156907476,4.03361740501,0,0,1
legacy_r2,19.075,15.7152053677,9.9938772935,0,0,4.03156907476,4.03361740501,0,0,1
legacy_r2,19.1,15.7152053677,9.9938772935,0,0,4.03156907476,4.03361740501,0,0,1
legacy_r2,19.125,15.7152053677,9.9938772935,0,0,4.03156907476,4.03361740501,0,0,1
legacy_r2,19.15,15.7152053677,9.9938772935,0,0,4.03156907476,4.03361740501,0,0,1
legacy_r2,19.175,15.7152053677,9.9938772935,0,0,4.03156907476,4.03361740501,0,0,1
legacy_r2,19.2,15.7152053677,9.9938772935,0,0,4.03156907476,4.03361740501,0,0,1
legacy_r2,19.225,15.7152053677,9.9938772935,0,0,4.03156907476,4.03361740501,0,0,1
legacy_r2,19.25,15.7152053677,9.9938772935,0,0,4.03156907476,4.03361740501,0,0,1
legacy_r2,19.275,15.7152053677,9.9938772935,0,0,4.03156907476,4.03361740501,0,0,1
legacy_r2,19.3,15.7152053677,9.9938772935,0,0,4.03156907476,4.03361740501,0,0,1
legacy_r2,19.325,15.7152053677,9.9938772935,0,0,4.03156907476,4.03361740501,0,0,1
legacy_r2,19.35,15.7152053677,9.9938772935,0,0,4.03156907476,4.03361740501,0,0,1
legacy_r2,19.375,15.7152053677,9.9938772935,0,0,4.03156907476,4.03361740501,0,0,1
legacy_r2,19.4,15.7152053677,9.9938772935,0,0,4.03156907476,4.03361740501,0,0,1
legacy_r2,19.425,15.7152053677,9.9938772935,0,0,4.03156907476,4.03361740501,0,0,1
legacy_r2,19.45,15.7152053677,9.9938772935,0,0,4.03156907476,4.03361740501,0,0,1
legacy_r2,19.475,15.7152053677,9.9938772935,0,0,4.03156907476,4.03361740501,0,0,1
legacy_r2,19.5,15.7152053677,9.9938772935,0,0,4.03156907476,4.03361740501,0,0,1
legacy_r2,19.525,15.7152053677,9.9938772935,0,0,4.03156907476,4.03361740501,0,0,1
legacy_r2,19.55,15.7152053677,9.9938772935,0,0,4.03156907476,4.03361740501,0,0,1
legacy_r2,19.575,15.7152053677,9.9938772935,0,0,4.03156907476,4.03361740501,0,0,1
legacy_r2,19.6,15.7152053677,9.9938772935,0,0,4.03156907476,4.03361740501,0,0,1
legacy_r2,19.625,15.7152053677,9.9938772935,0,0,4.03156907476,4.03361740501,0,0,1
legacy_r2,19.65,15.7152053677,9.9938772935,0,0,4.03156907476,4.03361740501,0,0,1
legacy_r2,19.675,15.7152053677,9.9938772935,0,0,4.03156907476,4.03361740501,0,0,1
legacy_r2,19.7,15.7152053677,9.9938772935,0,0,4.03156907476,4.03361740501,0,0,1
legacy_r2,19.725,15.7152053677,9.9938772935,0,0,4.03156907476,4.03361740501,0,0,1
legacy_r2,19.75,15.7152053677,9.9938772935,0,0,4.03156907476,4.03361740501,0,0,1
legacy_r2,19.775,15.7152053677,9.9938772935,0,0,4.03156907476,4.03361740501,0,0,1
legacy_r2,19.8,15.7152053677,9.9938772935,0,0,4.03156907476,4.03361740501,0,0,1
legacy_r2,19.825,15.7152053677,9.9938772935,0,0,4.03156907476,4.03361740501,0,0,1
legacy_r2,19.85,15.7152053677,9.9938772935,0,0,4.03156907476,4.03361740501,0,0,1
legacy_r2,19.875,15.7152053677,9.9938772935,0,0,4.03156907476,4.03361740501,0,0,1
legacy_r2,19.9,15.7152053677,9.9938772935,0,0,4.03156907476,4.03361740501,0,0,1
legacy_r2,19.925,15.7152053677,9.9938772935,0,0,4.03156907476,4.03361740501,0,0,1
legacy_r2,19.95,15.7152053677,9.9938772935,0,0,4.03156907476,4.03361740501,0,0,1
legacy_r2,19.975,15.7152053677,9.9938772935,0,0,4.03156907476,4.03361740501,0,0,1
legacy_r2,20,15.7152053677,9.9938772935,0,0,4.03156907476,4.03361740501,0,0,1
legacy_r2,20.025,15.7152053677,9.9938772935,0,0,4.03156907476,4.03361740501,0,0,1
legacy_r2,20.05,15.7152053677,9.9938772935,0,0,4.03156907476,4.03361740501,0,0,1
legacy_r2,20.075,15.7152053677,9.9938772935,0,0,4.03156907476,4.03361740501,0,0,1
legacy_r2,20.1,15.7152053677,9.9938772935,0,0,4.03156907476,4.03361740501,0,0,1
legacy_r2,20.125,15.7152053677,9.9938772935,0,0,4.03156907476,4.03361740501,0,0,1
legacy_r2,20.15,15.7152053677,9.9938772935,0,0,4.03156907476,4.03361740501,0,0,1
legacy_r2,20.175,15.7152053677,9.9938772935,0,0,4.03156907476,4.03361740501,0,0,1
legacy_r2,20.2,15.7152053677,9.9938772935,0,0,4.03156907476,4.03361740501,0,0,1
legacy_r2,20.225,15.7152053677,9.9938772935,0,0,4.03156907476,4.03361740501,0,0,1
legacy_r2,20.25,15.7152053677,9.9938772935,0,0,4.03156907476,4.03361740501,0,0,1
legacy_r2,20.275,15.7152053677,9.9938772935,0,0,4.03156907476,4.03361740501,0,0,1
legacy_r2,20.3,15.7152053677,9.9938772935,0,0,4.03156907476,4.03361740501,0,0,1
legacy_r2,20.325,15.7152053677,9.9938772935,0,0,4.03156907476,4.03361740501,0,0,1
legacy_r2,20.35,15.7152053677,9.9938772935,0,0,4.03156907476,4.03361740501,0,0,1
legacy_r2,20.375,15.7152053677,9.9938772935,0,0,4.03156907476,4.03361740501,0,0,1
legacy_r2,20.4,15.7152053677,9.9938772935,0,0,4.03156907476,4.03361740501,0,0,1
legacy_r2,20.425,15.7152053677,9.9938772935,0,0,4.03156907476,4.03361740501,0,0,1
legacy_r2,20.45,15.7152053677,9.9938772935,0,0,4.03156907476,4.03361740501,0,0,1
legacy_r2,20.475,15.7152053677,9.9938772935,0,0,4.03156907476,4.03361740501,0,0,1
legacy_r2,20.5,15.7152053677,9.9938772935,0,0,4.03156907476,4.03361740501,0,0,1
legacy_r2,20.525,15.7152053677,9.9938772935,0,0,4.03156907476,4.03361740501,0,0,1
legacy_r2,20.55,15.7152053677,9.9938772935,0,0,4.03156907476,4.03361740501,0,0,1
legacy_r2,20.575,15.7152053677,9.9938772935,0,0,4.03156907476,4.03361740501,0,0,1
legacy_r2,20.6,15.7152053677,9.9938772935,0,0,4.03156907476,4.03361740501,0,0,1
legacy_r2,20.625,15.7152053677,9.9938772935,0,0,4.03156907476,4.03361740501,0,0,1
legacy_r2,20.65,15.7152053677,9.9938772935,0,0,4.03156907476,4.03361740501,0,0,1
legacy_r2,20.675,15.7152053677,9.9938772935,0,0,4.03156907476,4.03361740501,0,0,1
legacy_r2,20.7,15.7152053677,9.9938772935,0,0,4.03156907476,4.03361740501,0,0,1
legacy_r2,20.725,15.7152053677,9.9938772935,0,0,4.03156907476,4.03361740501,0,0,1
legacy_r2,20.75,15.7152053677,9.9938772935,0,0,4.03156907476,4.03361740501,0,0,1
legacy_r2,20.775,15.7152053677,9.9938772935,0,0,4.03156907476,4.03361740501,0,0,1
legacy_r2,20.8,15.7152053677,9.9938772935,0,0,4.03156907476,4.03361740501,0,0,1
legacy_r2,20.825,15.7152053677,9.9938772935,0,0,4.03156907476,4.03361740501,0,0,1
legacy_r2,20.85,15.7152053677,9.9938772935,0,0,4.03156907476,4.03361740501,0,0,1
legacy_r2,20.875,15.7152053677,9.9938772935,0,0,4.03156907476,4.03361740501,0,0,1
legacy_r2,20.9,15.7152053677,9.9938772935,0,0,4.03156907476,4.03361740501,0,0,1
legacy_r2,20.925,15.7152053677,9.9938772935,0,0,4.03156907476,4.03361740501,0,0,1
legacy_r2,20.95,15.7152053677,9.9938772935,0,0,4.03156907476,4.03361740501,0,0,1
legacy_r2,20.975,15.7152053677,9.9938772935,0,0,4.03156907476,4.03361740501,0,0,1
legacy_r2,21,15.7152053677,9.9938772935,0,0,4.03156907476,4.03361740501,0,0,1
legacy_r2,21.025,15.7152053677,9.9938772935,0,0,4.03156907476,4.03361740501,0,0,1
legacy_r2,21.05,15.7152053677,9.9938772935,0,0,4.03156907476,4.03361740501,0,0,1
legacy_r2,21.075,15.7152053677,9.9938772935,0,0,4.03156907476,4.03361740501,0,0,1
legacy_r2,21.1,15.7152053677,9.9938772935,0,0,4.03156907476,4.03361740501,0,0,1
legacy_r2,21.125,15.7152053677,9.9938772935,0,0,4.03156907476,4.03361740501,0,0,1
legacy_r2,21.15,15.7152053677,9.9938772935,0,0,4.03156907476,4.03361740501,0,0,1
legacy_r2,21.175,15.7152053677,9.9938772935,0,0,4.03156907476,4.03361740501,0,0,1
legacy_r2,21.2,15.7152053677,9.9938772935,0,0,4.03156907476,4.03361740501,0,0,1
legacy_r2,21.225,15.7152053677,9.9938772935,0,0,4.03156907476,4.03361740501,0,0,1
legacy_r2,21.25,15.7152053677,9.9938772935,0,0,4.03156907476,4.03361740501,0,0,1
legacy_r2,21.275,15.7152053677,9.9938772935,0,0,4.03156907476,4.03361740501,0,0,1
legacy_r2,21.3,15.7152053677,9.9938772935,0,0,4.03156907476,4.03361740501,0,0,1
legacy_r2,21.325,15.7152053677,9.9938772935,0,0,4.03156907476,4.03361740501,0,0,1
legacy_r2,21.35,15.7152053677,9.9938772935,0,0,4.03156907476,4.03361740501,0,0,1
legacy_r2,21.375,15.7152053677,9.9938772935,0,0,4.03156907476,4.03361740501,0,0,1
legacy_r2,21.4,15.7152053677,9.9938772935,0,0,4.03156907476,4.03361740501,0,0,1
legacy_r2,21.425,15.7152053677,9.9938772935,0,0,4.03156907476,4.03361740501,0,0,1
legacy_r2,21.45,15.7152053677,9.9938772935,0,0,4.03156907476,4.03361740501,0,0,1
legacy_r2,21.475,15.7152053677,9.9938772935,0,0,4.03156907476,4.03361740501,0,0,1
legacy_r2,21.5,15.7152053677,9.9938772935,0,0,4.03156907476,4.03361740501,0,0,1
legacy_r2,21.525,15.7152053677,9.9938772935,0,0,4.03156907476,4.03361740501,0,0,1
legacy_r2,21.55,15.7152053677,9.9938772935,0,0,4.03156907476,4.03361740501,0,0,1
legacy_r2,21.575,15.7152053677,9.9938772935,0,0,4.03156907476,4.03361740501,0,0,1
legacy_r2,21.6,15.7152053677,9.9938772935,0,0,4.03156907476,4.03361740501,0,0,1
legacy_r2,21.625,15.7152053677,9.9938772935,0,0,4.03156907476,4.03361740501,0,0,1
legacy_r2,21.65,15.7152053677,9.9938772935,0,0,4.03156907476,4.03361740501,0,0,1
legacy_r2,21.675,15.7152053677,9.9938772935,0,0,4.03156907476,4.03361740501,0,0,1
legacy_r2,21.7,15.7152053677,9.9938772935,0,0,4.03156907476,4.03361740501,0,0,1
legacy_r2,21.725,15.7152053677,9.9938772935,0,0,4.03156907476,4.03361740501,0,0,1
legacy_r2,21.75,15.7152053677,9.9938772935,0,0,4.03156907476,4.03361740501,0,0,1
legacy_r2,21.775,15.7152053677,9.9938772935,0,0,4.03156907476,4.03361740501,0,0,1
legacy_r2,21.8,15.7152053677,9.9938772935,0,0,4.03156907476,4.03361740501,0,0,1
legacy_r2,21.825,15.7152053677,9.9938772935,0,0,4.03156907476,4.03361740501,0,0,1
legacy_r2,21.85,15.7152053677,9.9938772935,0,0,4.03156907476,4.03361740501,0,0,1
legacy_r2,21.875,15.7152053677,9.9938772935,0,0,4.03156907476,4.03361740501,0,0,1
legacy_r2,21.9,15.7152053677,9.9938772935,0,0,4.03156907476,4.03361740501,0,0,1
legacy_r2,21.925,15.7152053677,9.9938772935,0,0,4.03156907476,4.03361740501,0,0,1
legacy_r2,21.95,15.7152053677,9.9938772935,0,0,4.03156907476,4.03361740501,0,0,1
legacy_r2,21.975,15.7152053677,9.9938772935,0,0,4.03156907476,4.03361740501,0,0,1
legacy_r2,22,15.7152053677,9.9938772935,0,0,4.03156907476,4.03361740501,0,0,1
legacy_r2,22.025,15.7152053677,9.9938772935,0,0,4.03156907476,4.03361740501,0,0,1
legacy_r2,22.05,15.7152053677,9.9938772935,0,0,4.03156907476,4.03361740501,0,0,1
legacy_r2,22.075,15.7152053677,9.9938772935,0,0,4.03156907476,4.03361740501,0,0,1
legacy_r2,22.1,15.7152053677,9.9938772935,0,0,4.03156907476,4.03361740501,0,0,1
legacy_r2,22.125,15.7152053677,9.9938772935,0,0,4.03156907476,4.03361740501,0,0,1
legacy_r2,22.15,15.7152053677,9.9938772935,0,0,4.03156907476,4.03361740501,0,0,1
legacy_r2,22.175,15.7152053677,9.9938772935,0,0,4.03156907476,4.03361740501,0,0,1
legacy_r2,22.2,15.7152053677,9.9938772935,0,0,4.03156907476,4.03361740501,0,0,1
legacy_r2,22.225,15.7152053677,9.9938772935,0,0,4.03156907476,4.03361740501,0,0,1
legacy_r2,22.25,15.7152053677,9.9938772935,0,0,4.03156907476,4.03361740501,0,0,1
legacy_r2,22.275,15.7152053677,9.9938772935,0,0,4.03156907476,4.03361740501,0,0,1
legacy_r2,22.3,15.7152053677,9.9938772935,0,0,4.03156907476,4.03361740501,0,0,1
legacy_r2,22.325,15.7152053677,9.9938772935,0,0,4.03156907476,4.03361740501,0,0,1
legacy_r2,22.35,15.7152053677,9.9938772935,0,0,4.03156907476,4.03361740501,0,0,1
legacy_r2,22.375,15.7152053677,9.9938772935,0,0,4.03156907476,4.03361740501,0,0,1
legacy_r2,22.4,15.7152053677,9.9938772935,0,0,4.03156907476,4.03361740501,0,0,1
legacy_r2,22.425,15.7152053677,9.9938772935,0,0,4.03156907476,4.03361740501,0,0,1
legacy_r2,22.45,15.7152053677,9.9938772935,0,0,4.03156907476,4.03361740501,0,0,1
legacy_r2,22.475,15.7152053677,9.9938772935,0,0,4.03156907476,4.03361740501,0,0,1
legacy_r2,22.5,15.7152053677,9.9938772935,0,0,4.03156907476,4.03361740501,0,0,1
legacy_r2,22.525,15.7152053677,9.9938772935,0,0,4.03156907476,4.03361740501,0,0,1
legacy_r2,22.55,15.7152053677,9.9938772935,0,0,4.03156907476,4.03361740501,0,0,1
legacy_r2,22.575,15.7152053677,9.9938772935,0,0,4.03156907476,4.03361740501,0,0,1
legacy_r2,22.6,15.7152053677,9.9938772935,0,0,4.03156907476,4.03361740501,0,0,1
legacy_r2,22.625,15.7152053677,9.9938772935,0,0,4.03156907476,4.03361740501,0,0,1
legacy_r2,22.65,15.7152053677,9.9938772935,0,0,4.03156907476,4.03361740501,0,0,1
legacy_r2,22.675,15.7152053677,9.9938772935,0,0,4.03156907476,4.03361740501,0,0,1
legacy_r2,22.7,15.7152053677,9.9938772935,0,0,4.03156907476,4.03361740501,0,0,1
legacy_r2,22.725,15.7152053677,9.9938772935,0,0,4.03156907476,4.03361740501,0,0,1
legacy_r2,22.75,15.7152053677,9.9938772935,0,0,4.03156907476,4.03361740501,0,0,1
legacy_r2,22.775,15.7152053677,9.9938772935,0,0,4.03156907476,4.03361740501,0,0,1
legacy_r2,22.8,15.7152053677,9.9938772935,0,0,4.03156907476,4.03361740501,0,0,1
legacy_r2,22.825,15.7152053677,9.9938772935,0,0,4.03156907476,4.03361740501,0,0,1
legacy_r2,22.85,15.7152053677,9.9938772935,0,0,4.03156907476,4.03361740501,0,0,1
legacy_r2,22.875,15.7152053677,9.9938772935,0,0,4.03156907476,4.03361740501,0,0,1
legacy_r2,22.9,15.7152053677,9.9938772935,0,0,4.03156907476,4.03361740501,0,0,1
legacy_r2,22.925,15.7152053677,9.9938772935,0,0,4.03156907476,4.03361740501,0,0,1
legacy_r2,22.95,15.7152053677,9.9938772935,0,0,4.03156907476,4.03361740501,0,0,1
legacy_r2,22.975,15.7152053677,9.9938772935,0,0,4.03156907476,4.03361740501,0,0,1
legacy_r2,23,15.7152053677,9.9938772935,0,0,4.03156907476,4.03361740501,0,0,1
legacy_r2,23.025,15.7152053677,9.9938772935,0,0,4.03156907476,4.03361740501,0,0,1
legacy_r2,23.05,15.7152053677,9.9938772935,0,0,4.03156907476,4.03361740501,0,0,1
legacy_r2,23.075,15.7152053677,9.9938772935,0,0,4.03156907476,4.03361740501,0,0,1
legacy_r2,23.1,15.7152053677,9.9938772935,0,0,4.03156907476,4.03361740501,0,0,1
legacy_r2,23.125,15.7152053677,9.9938772935,0,0,4.03156907476,4.03361740501,0,0,1
legacy_r2,23.15,15.7152053677,9.9938772935,0,0,4.03156907476,4.03361740501,0,0,1
legacy_r2,23.175,15.7152053677,9.9938772935,0,0,4.03156907476,4.03361740501,0,0,1
legacy_r2,23.2,15.7152053677,9.9938772935,0,0,4.03156907476,4.03361740501,0,0,1
legacy_r2,23.225,15.7152053677,9.9938772935,0,0,4.03156907476,4.03361740501,0,0,1
legacy_r2,23.25,15.7152053677,9.9938772935,0,0,4.03156907476,4.03361740501,0,0,1
legacy_r2,23.275,15.7152053677,9.9938772935,0,0,4.03156907476,4.03361740501,0,0,1
legacy_r2,23.3,15.7152053677,9.9938772935,0,0,4.03156907476,4.03361740501,0,0,1
legacy_r2,23.325,15.7152053677,9.9938772935,0,0,4.03156907476,4.03361740501,0,0,1
legacy_r2,23.35,15.7152053677,9.9938772935,0,0,4.03156907476,4.03361740501,0,0,1
legacy_r2,23.375,15.7152053677,9.9938772935,0,0,4.03156907476,4.03361740501,0,0,1
legacy_r2,23.4,15.7152053677,9.9938772935,0,0,4.03156907476,4.03361740501,0,0,1
legacy_r2,23.425,15.7152053677,9.9938772935,0,0,4.03156907476,4.03361740501,0,0,1
legacy_r2,23.45,15.7152053677,9.9938772935,0,0,4.03156907476,4.03361740501,0,0,1
legacy_r2,23.475,15.7152053677,9.9938772935,0,0,4.03156907476,4.03361740501,0,0,1
legacy_r2,23.5,15.7152053677,9.9938772935,0,0,4.03156907476,4.03361740501,0,0,1
legacy_r2,23.525,15.7152053677,9.9938772935,0,0,4.03156907476,4.03361740501,0,0,1
legacy_r2,23.55,15.7152053677,9.9938772935,0,0,4.03156907476,4.03361740501,0,0,1
legacy_r2,23.575,15.7152053677,9.9938772935,0,0,4.03156907476,4.03361740501,0,0,1
legacy_r2,23.6,15.7152053677,9.9938772935,0,0,4.03156907476,4.03361740501,0,0,1
legacy_r2,23.625,15.7152053677,9.9938772935,0,0,4.03156907476,4.03361740501,0,0,1
legacy_r2,23.65,15.7152053677,9.9938772935,0,0,4.03156907476,4.03361740501,0,0,1
legacy_r2,23.675,15.7152053677,9.9938772935,0,0,4.03156907476,4.03361740501,0,0,1
legacy_r2,23.7,15.7152053677,9.9938772935,0,0,4.03156907476,4.03361740501,0,0,1
legacy_r2,23.725,15.7152053677,9.9938772935,0,0,4.03156907476,4.03361740501,0,0,1
legacy_r2,23.75,15.7152053677,9.9938772935,0,0,4.03156907476,4.03361740501,0,0,1
legacy_r2,23.775,15.7152053677,9.9938772935,0,0,4.03156907476,4.03361740501,0,0,1
legacy_r2,23.8,15.7152053677,9.9938772935,0,0,4.03156907476,4.03361740501,0,0,1
legacy_r2,23.825,15.7152053677,9.9938772935,0,0,4.03156907476,4.03361740501,0,0,1
legacy_r2,23.85,15.7152053677,9.9938772935,0,0,4.03156907476,4.03361740501,0,0,1
legacy_r2,23.875,15.7152053677,9.9938772935,0,0,4.03156907476,4.03361740501,0,0,1
legacy_r2,23.9,15.7152053677,9.9938772935,0,0,4.03156907476,4.03361740501,0,0,1
legacy_r2,23.925,15.7152053677,9.9938772935,0,0,4.03156907476,4.03361740501,0,0,1
legacy_r2,23.95,15.7152053677,9.9938772935,0,0,4.03156907476,4.03361740501,0,0,1
legacy_r2,23.975,15.7152053677,9.9938772935,0,0,4.03156907476,4.03361740501,0,0,1
legacy_r2,24,15.7152053677,9.9938772935,0,0,4.03156907476,4.03361740501,0,0,1
legacy_r2,24.025,15.7152053677,9.9938772935,0,0,4.03156907476,4.03361740501,0,0,1
legacy_r2,24.05,15.7152053677,9.9938772935,0,0,4.03156907476,4.03361740501,0,0,1
legacy_r2,24.075,15.7152053677,9.9938772935,0,0,4.03156907476,4.03361740501,0,0,1
legacy_r2,24.1,15.7152053677,9.9938772935,0,0,4.03156907476,4.03361740501,0,0,1
legacy_r2,24.125,15.7152053677,9.9938772935,0,0,4.03156907476,4.03361740501,0,0,1
legacy_r2,24.15,15.7152053677,9.9938772935,0,0,4.03156907476,4.03361740501,0,0,1
legacy_r2,24.175,15.7152053677,9.9938772935,0,0,4.03156907476,4.03361740501,0,0,1
legacy_r2,24.2,15.7152053677,9.9938772935,0,0,4.03156907476,4.03361740501,0,0,1
legacy_r2,24.225,15.7152053677,9.9938772935,0,0,4.03156907476,4.03361740501,0,0,1
legacy_r2,24.25,15.7152053677,9.9938772935,0,0,4.03156907476,4.03361740501,0,0,1
legacy_r2,24.275,15.7152053677,9.9938772935,0,0,4.03156907476,4.03361740501,0,0,1
legacy_r2,24.3,15.7152053677,9.9938772935,0,0,4.03156907476,4.03361740501,0,0,1
legacy_r2,24.325,15.7152053677,9.9938772935,0,0,4.03156907476,4.03361740501,0,0,1
legacy_r2,24.35,15.7152053677,9.9938772935,0,0,4.03156907476,4.03361740501,0,0,1
legacy_r2,24.375,15.7152053677,9.9938772935,0,0,4.03156907476,4.03361740501,0,0,1
legacy_r2,24.4,15.7152053677,9.9938772935,0,0,4.03156907476,4.03361740501,0,0,1
legacy_r2,24.425,15.7152053677,9.9938772935,0,0,4.03156907476,4.03361740501,0,0,1
legacy_r2,24.45,15.7152053677,9.9938772935,0,0,4.03156907476,4.03361740501,0,0,1
legacy_r2,24.475,15.7152053677,9.9938772935,0,0,4.03156907476,4.03361740501,0,0,1
legacy_r2,24.5,15.7152053677,9.9938772935,0,0,4.03156907476,4.03361740501,0,0,1
legacy_r2,24.525,15.7152053677,9.9938772935,0,0,4.03156907476,4.03361740501,0,0,1
legacy_r2,24.55,15.7152053677,9.9938772935,0,0,4.03156907476,4.03361740501,0,0,1
legacy_r2,24.575,15.7152053677,9.9938772935,0,0,4.03156907476,4.03361740501,0,0,1
legacy_r2,24.6,15.7152053677,9.9938772935,0,0,4.03156907476,4.03361740501,0,0,1
legacy_r2,24.625,15.7152053677,9.9938772935,0,0,4.03156907476,4.03361740501,0,0,1
legacy_r2,24.65,15.7152053677,9.9938772935,0,0,4.03156907476,4.03361740501,0,0,1
legacy_r2,24.675,15.7152053677,9.9938772935,0,0,4.03156907476,4.03361740501,0,0,1
legacy_r2,24.7,15.7152053677,9.9938772935,0,0,4.03156907476,4.03361740501,0,0,1
legacy_r2,24.725,15.7152053677,9.9938772935,0,0,4.03156907476,4.03361740501,0,0,1
legacy_r2,24.75,15.7152053677,9.9938772935,0,0,4.03156907476,4.03361740501,0,0,1
legacy_r2,24.775,15.7152053677,9.9938772935,0,0,4.03156907476,4.03361740501,0,0,1
legacy_r2,24.8,15.7152053677,9.9938772935,0,0,4.03156907476,4.03361740501,0,0,1
legacy_r2,24.825,15.7152053677,9.9938772935,0,0,4.03156907476,4.03361740501,0,0,1
legacy_r2,24.85,15.7152053677,9.9938772935,0,0,4.03156907476,4.03361740501,0,0,1
legacy_r2,24.875,15.7152053677,9.9938772935,0,0,4.03156907476,4.03361740501,0,0,1
legacy_r2,24.9,15.7152053677,9.9938772935,0,0,4.03156907476,4.03361740501,0,0,1
legacy_r2,24.925,15.7152053677,9.9938772935,0,0,4.03156907476,4.03361740501,0,0,1
legacy_r2,24.95,15.7152053677,9.9938772935,0,0,4.03156907476,4.03361740501,0,0,1
legacy_r2,24.975,15.7152053677,9.9938772935,0,0,4.03156907476,4.03361740501,0,0,1
legacy_r2,25,15.7152053677,9.9938772935,0,0,4.03156907476,4.03361740501,0,0,1
legacy_r2,25.025,15.7152053677,9.9938772935,0,0,4.03156907476,4.03361740501,0,0,1
legacy_r2,25.05,15.7152053677,9.9938772935,0,0,4.03156907476,4.03361740501,0,0,1
legacy_r2,25.075,15.7152053677,9.9938772935,0,0,4.03156907476,4.03361740501,0,0,1
legacy_r2,25.1,15.7152053677,9.9938772935,0,0,4.03156907476,4.03361740501,0,0,1
legacy_r2,25.125,15.7152053677,9.9938772935,0,0,4.03156907476,4.03361740501,0,0,1
legacy_r2,25.15,15.7152053677,9.9938772935,0,0,4.03156907476,4.03361740501,0,0,1
legacy_r2,25.175,15.7152053677,9.9938772935,0,0,4.03156907476,4.03361740501,0,0,1
legacy_r2,25.2,15.7152053677,9.9938772935,0,0,4.03156907476,4.03361740501,0,0,1
legacy_r2,25.225,15.7152053677,9.9938772935,0,0,4.03156907476,4.03361740501,0,0,1
legacy_r2,25.25,15.7152053677,9.9938772935,0,0,4.03156907476,4.03361740501,0,0,1
legacy_r2,25.275,15.7152053677,9.9938772935,0,0,4.03156907476,4.03361740501,0,0,1
legacy_r2,25.3,15.7152053677,9.9938772935,0,0,4.03156907476,4.03361740501,0,0,1
legacy_r2,25.325,15.7152053677,9.9938772935,0,0,4.03156907476,4.03361740501,0,0,1
legacy_r2,25.35,15.7152053677,9.9938772935,0,0,4.03156907476,4.03361740501,0,0,1
legacy_r2,25.375,15.7152053677,9.9938772935,0,0,4.03156907476,4.03361740501,0,0,1
legacy_r2,25.4,15.7152053677,9.9938772935,0,0,4.03156907476,4.03361740501,0,0,1
legacy_r2,25.425,15.7152053677,9.9938772935,0,0,4.03156907476,4.03361740501,0,0,1
legacy_r2,25.45,15.7152053677,9.9938772935,0,0,4.03156907476,4.03361740501,0,0,1
legacy_r2,25.475,15.7152053677,9.9938772935,0,0,4.03156907476,4.03361740501,0,0,1
legacy_r2,25.5,15.7152053677,9.9938772935,0,0,4.03156907476,4.03361740501,0,0,1
legacy_r2,25.525,15.7152053677,9.9938772935,0,0,4.03156907476,4.03361740501,0,0,1
legacy_r2,25.55,15.7152053677,9.9938772935,0,0,4.03156907476,4.03361740501,0,0,1
legacy_r2,25.575,15.7152053677,9.9938772935,0,0,4.03156907476,4.03361740501,0,0,1
legacy_r2,25.6,15.7152053677,9.9938772935,0,0,4.03156907476,4.03361740501,0,0,1
legacy_r2,25.625,15.7152053677,9.9938772935,0,0,4.03156907476,4.03361740501,0,0,1
legacy_r2,25.65,15.7152053677,9.9938772935,0,0,4.03156907476,4.03361740501,0,0,1
legacy_r2,25.675,15.7152053677,9.9938772935,0,0,4.03156907476,4.03361740501,0,0,1
legacy_r2,25.7,15.7152053677,9.9938772935,0,0,4.03156907476,4.03361740501,0,0,1
legacy_r2,25.725,15.7152053677,9.9938772935,0,0,4.03156907476,4.03361740501,0,0,1
legacy_r2,25.75,15.7152053677,9.9938772935,0,0,4.03156907476,4.03361740501,0,0,1
legacy_r2,25.775,15.7152053677,9.9938772935,0,0,4.03156907476,4.03361740501,0,0,1
legacy_r2,25.8,15.7152053677,9.9938772935,0,0,4.03156907476,4.03361740501,0,0,1
legacy_r2,25.825,15.7152053677,9.9938772935,0,0,4.03156907476,4.03361740501,0,0,1
legacy_r2,25.85,15.7152053677,9.9938772935,0,0,4.03156907476,4.03361740501,0,0,1
legacy_r2,25.875,15.7152053677,9.9938772935,0,0,4.03156907476,4.03361740501,0,0,1
legacy_r2,25.9,15.7152053677,9.9938772935,0,0,4.03156907476,4.03361740501,0,0,1
legacy_r2,25.925,15.7152053677,9.9938772935,0,0,4.03156907476,4.03361740501,0,0,1
legacy_r2,25.95,15.7152053677,9.9938772935,0,0,4.03156907476,4.03361740501,0,0,1
legacy_r2,25.975,15.7152053677,9.9938772935,0,0,4.03156907476,4.03361740501,0,0,1
legacy_r2,26,15.7152053677,9.9938772935,0,0,4.03156907476,4.03361740501,0,0,1
legacy_r2,26.025,15.7152053677,9.9938772935,0,0,4.03156907476,4.03361740501,0,0,1
legacy_r2,26.05,15.7152053677,9.9938772935,0,0,4.03156907476,4.03361740501,0,0,1
legacy_r2,26.075,15.7152053677,9.9938772935,0,0,4.03156907476,4.03361740501,0,0,1
legacy_r2,26.1,15.7152053677,9.9938772935,0,0,4.03156907476,4.03361740501,0,0,1
legacy_r2,26.125,15.7152053677,9.9938772935,0,0,4.03156907476,4.03361740501,0,0,1
legacy_r2,26.15,15.7152053677,9.9938772935,0,0,4.03156907476,4.03361740501,0,0,1
legacy_r2,26.175,15.7152053677,9.9938772935,0,0,4.03156907476,4.03361740501,0,0,1
legacy_r2,26.2,15.7152053677,9.9938772935,0,0,4.03156907476,4.03361740501,0,0,1
legacy_r2,26.225,15.7152053677,9.9938772935,0,0,4.03156907476,4.03361740501,0,0,1
legacy_r2,26.25,15.7152053677,9.9938772935,0,0,4.03156907476,4.03361740501,0,0,1
legacy_r2,26.275,15.7152053677,9.9938772935,0,0,4.03156907476,4.03361740501,0,0,1
legacy_r2,26.3,15.7152053677,9.9938772935,0,0,4.03156907476,4.03361740501,0,0,1
legacy_r2,26.325,15.7152053677,9.9938772935,0,0,4.03156907476,4.03361740501,0,0,1
legacy_r2,26.35,15.7152053677,9.9938772935,0,0,4.03156907476,4.03361740501,0,0,1
legacy_r2,26.375,15.7152053677,9.9938772935,0,0,4.03156907476,4.03361740501,0,0,1
legacy_r2,26.4,15.7152053677,9.9938772935,0,0,4.03156907476,4.03361740501,0,0,1
legacy_r2,26.425,15.7152053677,9.9938772935,0,0,4.03156907476,4.03361740501,0,0,1
legacy_r2,26.45,15.7152053677,9.9938772935,0,0,4.03156907476,4.03361740501,0,0,1
legacy_r2,26.475,15.7152053677,9.9938772935,0,0,4.03156907476,4.03361740501,0,0,1
legacy_r2,26.5,15.7152053677,9.9938772935,0,0,4.03156907476,4.03361740501,0,0,1
legacy_r2,26.525,15.7152053677,9.9938772935,0,0,4.03156907476,4.03361740501,0,0,1
legacy_r2,26.55,15.7152053677,9.9938772935,0,0,4.03156907476,4.03361740501,0,0,1
legacy_r2,26.575,15.7152053677,9.9938772935,0,0,4.03156907476,4.03361740501,0,0,1
legacy_r2,26.6,15.7152053677,9.9938772935,0,0,4.03156907476,4.03361740501,0,0,1
legacy_r2,26.625,15.7152053677,9.9938772935,0,0,4.03156907476,4.03361740501,0,0,1
legacy_r2,26.65,15.7152053677,9.9938772935,0,0,4.03156907476,4.03361740501,0,0,1
legacy_r2,26.675,15.7152053677,9.9938772935,0,0,4.03156907476,4.03361740501,0,0,1
legacy_r2,26.7,15.7152053677,9.9938772935,0,0,4.03156907476,4.03361740501,0,0,1
legacy_r2,26.725,15.7152053677,9.9938772935,0,0,4.03156907476,4.03361740501,0,0,1
legacy_r2,26.75,15.7152053677,9.9938772935,0,0,4.03156907476,4.03361740501,0,0,1
legacy_r2,26.775,15.7152053677,9.9938772935,0,0,4.03156907476,4.03361740501,0,0,1
legacy_r2,26.8,15.7152053677,9.9938772935,0,0,4.03156907476,4.03361740501,0,0,1
legacy_r2,26.825,15.7152053677,9.9938772935,0,0,4.03156907476,4.03361740501,0,0,1
legacy_r2,26.85,15.7152053677,9.9938772935,0,0,4.03156907476,4.03361740501,0,0,1
legacy_r2,26.875,15.7152053677,9.9938772935,0,0,4.03156907476,4.03361740501,0,0,1
legacy_r2,26.9,15.7152053677,9.9938772935,0,0,4.03156907476,4.03361740501,0,0,1
legacy_r2,26.925,15.7152053677,9.9938772935,0,0,4.03156907476,4.03361740501,0,0,1
legacy_r2,26.95,15.7152053677,9.9938772935,0,0,4.03156907476,4.03361740501,0,0,1
legacy_r2,26.975,15.7152053677,9.9938772935,0,0,4.03156907476,4.03361740501,0,0,1
legacy_r2,27,15.7152053677,9.9938772935,0,0,4.03156907476,4.03361740501,0,0,1
legacy_r2,27.025,15.7152053677,9.9938772935,0,0,4.03156907476,4.03361740501,0,0,1
legacy_r2,27.05,15.7152053677,9.9938772935,0,0,4.03156907476,4.03361740501,0,0,1
legacy_r2,27.075,15.7152053677,9.9938772935,0,0,4.03156907476,4.03361740501,0,0,1
legacy_r2,27.1,15.7152053677,9.9938772935,0,0,4.03156907476,4.03361740501,0,0,1
legacy_r2,27.125,15.7152053677,9.9938772935,0,0,4.03156907476,4.03361740501,0,0,1
legacy_r2,27.15,15.7152053677,9.9938772935,0,0,4.03156907476,4.03361740501,0,0,1
legacy_r2,27.175,15.7152053677,9.9938772935,0,0,4.03156907476,4.03361740501,0,0,1
legacy_r2,27.2,15.7152053677,9.9938772935,0,0,4.03156907476,4.03361740501,0,0,1
legacy_r2,27.225,15.7152053677,9.9938772935,0,0,4.03156907476,4.03361740501,0,0,1
legacy_r2,27.25,15.7152053677,9.9938772935,0,0,4.03156907476,4.03361740501,0,0,1
legacy_r2,27.275,15.7152053677,9.9938772935,0,0,4.03156907476,4.03361740501,0,0,1
legacy_r2,27.3,15.7152053677,9.9938772935,0,0,4.03156907476,4.03361740501,0,0,1
legacy_r2,27.325,15.7152053677,9.9938772935,0,0,4.03156907476,4.03361740501,0,0,1
legacy_r2,27.35,15.7152053677,9.9938772935,0,0,4.03156907476,4.03361740501,0,0,1
legacy_r2,27.375,15.7152053677,9.9938772935,0,0,4.03156907476,4.03361740501,0,0,1
legacy_r2,27.4,15.7152053677,9.9938772935,0,0,4.03156907476,4.03361740501,0,0,1
legacy_r2,27.425,15.7152053677,9.9938772935,0,0,4.03156907476,4.03361740501,0,0,1
legacy_r2,27.45,15.7152053677,9.9938772935,0,0,4.03156907476,4.03361740501,0,0,1
legacy_r2,27.475,15.7152053677,9.9938772935,0,0,4.03156907476,4.03361740501,0,0,1
legacy_r2,27.5,15.7152053677,9.9938772935,0,0,4.03156907476,4.03361740501,0,0,1
legacy_r2,27.525,15.7152053677,9.9938772935,0,0,4.03156907476,4.03361740501,0,0,1
legacy_r2,27.55,15.7152053677,9.9938772935,0,0,4.03156907476,4.03361740501,0,0,1
legacy_r2,27.575,15.7152053677,9.9938772935,0,0,4.03156907476,4.03361740501,0,0,1
legacy_r2,27.6,15.7152053677,9.9938772935,0,0,4.03156907476,4.03361740501,0,0,1
legacy_r2,27.625,15.7152053677,9.9938772935,0,0,4.03156907476,4.03361740501,0,0,1
legacy_r2,27.65,15.7152053677,9.9938772935,0,0,4.03156907476,4.03361740501,0,0,1
legacy_r2,27.675,15.7152053677,9.9938772935,0,0,4.03156907476,4.03361740501,0,0,1
legacy_r2,27.7,15.7152053677,9.9938772935,0,0,4.03156907476,4.03361740501,0,0,1
legacy_r2,27.725,15.7152053677,9.9938772935,0,0,4.03156907476,4.03361740501,0,0,1
legacy_r2,27.75,15.7152053677,9.9938772935,0,0,4.03156907476,4.03361740501,0,0,1
legacy_r2,27.775,15.7152053677,9.9938772935,0,0,4.03156907476,4.03361740501,0,0,1
legacy_r2,27.8,15.7152053677,9.9938772935,0,0,4.03156907476,4.03361740501,0,0,1
legacy_r2,27.825,15.7152053677,9.9938772935,0,0,4.03156907476,4.03361740501,0,0,1
legacy_r2,27.85,15.7152053677,9.9938772935,0,0,4.03156907476,4.03361740501,0,0,1
legacy_r2,27.875,15.7152053677,9.9938772935,0,0,4.03156907476,4.03361740501,0,0,1
legacy_r2,27.9,15.7152053677,9.9938772935,0,0,4.03156907476,4.03361740501,0,0,1
legacy_r2,27.925,15.7152053677,9.9938772935,0,0,4.03156907476,4.03361740501,0,0,1
legacy_r2,27.95,15.7152053677,9.9938772935,0,0,4.03156907476,4.03361740501,0,0,1
legacy_r2,27.975,15.7152053677,9.9938772935,0,0,4.03156907476,4.03361740501,0,0,1
legacy_r2,28,15.7152053677,9.9938772935,0,0,4.03156907476,4.03361740501,0,0,1
legacy_r2,28.025,15.7152053677,9.9938772935,0,0,4.03156907476,4.03361740501,0,0,1
legacy_r2,28.05,15.7152053677,9.9938772935,0,0,4.03156907476,4.03361740501,0,0,1
legacy_r2,28.075,15.7152053677,9.9938772935,0,0,4.03156907476,4.03361740501,0,0,1
legacy_r2,28.1,15.7152053677,9.9938772935,0,0,4.03156907476,4.03361740501,0,0,1
legacy_r2,28.125,15.7152053677,9.9938772935,0,0,4.03156907476,4.03361740501,0,0,1
legacy_r2,28.15,15.7152053677,9.9938772935,0,0,4.03156907476,4.03361740501,0,0,1
legacy_r2,28.175,15.7152053677,9.9938772935,0,0,4.03156907476,4.03361740501,0,0,1
legacy_r2,28.2,15.7152053677,9.9938772935,0,0,4.03156907476,4.03361740501,0,0,1
legacy_r2,28.225,15.7152053677,9.9938772935,0,0,4.03156907476,4.03361740501,0,0,1
legacy_r2,28.25,15.7152053677,9.9938772935,0,0,4.03156907476,4.03361740501,0,0,1
legacy_r2,28.275,15.7152053677,9.9938772935,0,0,4.03156907476,4.03361740501,0,0,1
legacy_r2,28.3,15.7152053677,9.9938772935,0,0,4.03156907476,4.03361740501,0,0,1
legacy_r2,28.325,15.7152053677,9.9938772935,0,0,4.03156907476,4.03361740501,0,0,1
legacy_r2,28.35,15.7152053677,9.9938772935,0,0,4.03156907476,4.03361740501,0,0,1
legacy_r2,28.375,15.7152053677,9.9938772935,0,0,4.03156907476,4.03361740501,0,0,1
legacy_r2,28.4,15.7152053677,9.9938772935,0,0,4.03156907476,4.03361740501,0,0,1
legacy_r2,28.425,15.7152053677,9.9938772935,0,0,4.03156907476,4.03361740501,0,0,1
legacy_r2,28.45,15.7152053677,9.9938772935,0,0,4.03156907476,4.03361740501,0,0,1
legacy_r2,28.475,15.7152053677,9.9938772935,0,0,4.03156907476,4.03361740501,0,0,1
legacy_r2,28.5,15.7152053677,9.9938772935,0,0,4.03156907476,4.03361740501,0,0,1
legacy_r2,28.525,15.7152053677,9.9938772935,0,0,4.03156907476,4.03361740501,0,0,1
legacy_r2,28.55,15.7152053677,9.9938772935,0,0,4.03156907476,4.03361740501,0,0,1
legacy_r2,28.575,15.7152053677,9.9938772935,0,0,4.03156907476,4.03361740501,0,0,1
legacy_r2,28.6,15.7152053677,9.9938772935,0,0,4.03156907476,4.03361740501,0,0,1
legacy_r2,28.625,15.7152053677,9.9938772935,0,0,4.03156907476,4.03361740501,0,0,1
legacy_r2,28.65,15.7152053677,9.9938772935,0,0,4.03156907476,4.03361740501,0,0,1
legacy_r2,28.675,15.7152053677,9.9938772935,0,0,4.03156907476,4.03361740501,0,0,1
legacy_r2,28.7,15.7152053677,9.9938772935,0,0,4.03156907476,4.03361740501,0,0,1
legacy_r2,28.725,15.7152053677,9.9938772935,0,0,4.03156907476,4.03361740501,0,0,1
legacy_r2,28.75,15.7152053677,9.9938772935,0,0,4.03156907476,4.03361740501,0,0,1
legacy_r2,28.775,15.7152053677,9.9938772935,0,0,4.03156907476,4.03361740501,0,0,1
legacy_r2,28.8,15.7152053677,9.9938772935,0,0,4.03156907476,4.03361740501,0,0,1
legacy_r2,28.825,15.7152053677,9.9938772935,0,0,4.03156907476,4.03361740501,0,0,1
legacy_r2,28.85,15.7152053677,9.9938772935,0,0,4.03156907476,4.03361740501,0,0,1
legacy_r2,28.875,15.7152053677,9.9938772935,0,0,4.03156907476,4.03361740501,0,0,1
legacy_r2,28.9,15.7152053677,9.9938772935,0,0,4.03156907476,4.03361740501,0,0,1
legacy_r2,28.925,15.7152053677,9.9938772935,0,0,4.03156907476,4.03361740501,0,0,1
legacy_r2,28.95,15.7152053677,9.9938772935,0,0,4.03156907476,4.03361740501,0,0,1
legacy_r2,28.975,15.7152053677,9.9938772935,0,0,4.03156907476,4.03361740501,0,0,1
legacy_r2,29,15.7152053677,9.9938772935,0,0,4.03156907476,4.03361740501,0,0,1
legacy_r2,29.025,15.7152053677,9.9938772935,0,0,4.03156907476,4.03361740501,0,0,1
legacy_r2,29.05,15.7152053677,9.9938772935,0,0,4.03156907476,4.03361740501,0,0,1
legacy_r2,29.075,15.7152053677,9.9938772935,0,0,4.03156907476,4.03361740501,0,0,1
legacy_r2,29.1,15.7152053677,9.9938772935,0,0,4.03156907476,4.03361740501,0,0,1
legacy_r2,29.125,15.7152053677,9.9938772935,0,0,4.03156907476,4.03361740501,0,0,1
legacy_r2,29.15,15.7152053677,9.9938772935,0,0,4.03156907476,4.03361740501,0,0,1
legacy_r2,29.175,15.7152053677,9.9938772935,0,0,4.03156907476,4.03361740501,0,0,1
legacy_r2,29.2,15.7152053677,9.9938772935,0,0,4.03156907476,4.03361740501,0,0,1
legacy_r2,29.225,15.7152053677,9.9938772935,0,0,4.03156907476,4.03361740501,0,0,1
legacy_r2,29.25,15.7152053677,9.9938772935,0,0,4.03156907476,4.03361740501,0,0,1
legacy_r2,29.275,15.7152053677,9.9938772935,0,0,4.03156907476,4.03361740501,0,0,1
legacy_r2,29.3,15.7152053677,9.9938772935,0,0,4.03156907476,4.03361740501,0,0,1
legacy_r2,29.325,15.7152053677,9.9938772935,0,0,4.03156907476,4.03361740501,0,0,1
legacy_r2,29.35,15.7152053677,9.9938772935,0,0,4.03156907476,4.03361740501,0,0,1
legacy_r2,29.375,15.7152053677,9.9938772935,0,0,4.03156907476,4.03361740501,0,0,1
legacy_r2,29.4,15.7152053677,9.9938772935,0,0,4.03156907476,4.03361740501,0,0,1
legacy_r2,29.425,15.7152053677,9.9938772935,0,0,4.03156907476,4.03361740501,0,0,1
legacy_r2,29.45,15.7152053677,9.9938772935,0,0,4.03156907476,4.03361740501,0,0,1
legacy_r2,29.475,15.7152053677,9.9938772935,0,0,4.03156907476,4.03361740501,0,0,1
legacy_r2,29.5,15.7152053677,9.9938772935,0,0,4.03156907476,4.03361740501,0,0,1
legacy_r2,29.525,15.7152053677,9.9938772935,0,0,4.03156907476,4.03361740501,0,0,1
legacy_r2,29.55,15.7152053677,9.9938772935,0,0,4.03156907476,4.03361740501,0,0,1
legacy_r2,29.575,15.7152053677,9.9938772935,0,0,4.03156907476,4.03361740501,0,0,1
legacy_r2,29.6,15.7152053677,9.9938772935,0,0,4.03156907476,4.03361740501,0,0,1
legacy_r2,29.625,15.7152053677,9.9938772935,0,0,4.03156907476,4.03361740501,0,0,1
legacy_r2,29.65,15.7152053677,9.9938772935,0,0,4.03156907476,4.03361740501,0,0,1
legacy_r2,29.675,15.7152053677,9.9938772935,0,0,4.03156907476,4.03361740501,0,0,1
legacy_r2,29.7,15.7152053677,9.9938772935,0,0,4.03156907476,4.03361740501,0,0,1
legacy_r2,29.725,15.7152053677,9.9938772935,0,0,4.03156907476,4.03361740501,0,0,1
legacy_r2,29.75,15.7152053677,9.9938772935,0,0,4.03156907476,4.03361740501,0,0,1
legacy_r2,29.775,15.7152053677,9.9938772935,0,0,4.03156907476,4.03361740501,0,0,1
legacy_r2,29.8,15.7152053677,9.9938772935,0,0,4.03156907476,4.03361740501,0,0,1
legacy_r2,29.825,15.7152053677,9.9938772935,0,0,4.03156907476,4.03361740501,0,0,1
legacy_r2,29.85,15.7152053677,9.9938772935,0,0,4.03156907476,4.03361740501,0,0,1
legacy_r2,29.875,15.7152053677,9.9938772935,0,0,4.03156907476,4.03361740501,0,0,1
legacy_r2,29.9,15.7152053677,9.9938772935,0,0,4.03156907476,4.03361740501,0,0,1
legacy_r2,29.925,15.7152053677,9.9938772935,0,0,4.03156907476,4.03361740501,0,0,1
legacy_r2,29.95,15.7152053677,9.9938772935,0,0,4.03156907476,4.03361740501,0,0,1
legacy_r2,29.975,15.7152053677,9.9938772935,0,0,4.03156907476,4.03361740501,0,0,1
legacy_r2,30,15.7152053677,9.9938772935,0,0,4.03156907476,4.03361740501,0,0,1
current_r1,0,10,10,0,0,0.530624847487,0.530624847487,1.29000856147,0,0
current_r1,0.025,10.0018105079,10.0004875306,0.072420316598,0.0195012241629,0.529516529304,0.528906740474,1.36972102349,0,0
current_r1,0.05,10.0053374273,10.0015342281,0.141076773406,0.0418678984321,0.527423482009,0.525500381255,1.45166864683,0,0
current_r1,0.075,10.0103803335,10.0031272402,0.201716250346,0.0637204843964,0.524504000863,0.52057202852,1.52931458916,0,0
current_r1,0.1,10.0167592009,10.0052512582,0.255154696587,0.0849607207449,0.520902064595,0.51427371703,1.59731284943,0,0
current_r1,0.125,10.0243153347,10.0078870617,0.302245352203,0.105432139416,0.516744674539,0.506743200937,1.65427678943,0,0
current_r1,0.15,10.0329104585,10.0110119054,0.3438049505,0.12499374844,0.512142025281,0.498104320453,1.70122774773,0,0
current_r1,0.175,10.0424246175,10.0146007081,0.380566359114,0.143552109121,0.507189296365,0.488467868343,1.74022687686,0,0
current_r1,0.2,10.0527536239,10.0186273774,0.413160258404,0.16106677123,0.501969041153,0.477932763766,1.77351081574,0,0
current_r1,0.225,10.0638065475,10.0230659527,0.442116941249,0.177543012907,0.496553546025,0.466587314745,1.80306022309,0,0
current_r1,0.25,10.0755035099,10.0278914664,0.46787849914,0.193020546845,0.491006865517,0.454510418305,1.83044256792,0,0
current_r1,0.275,10.0877738729,10.0330805266,0.49081451973,0.207562407214,0.485386445879,0.441772623292,1.85679888316,0,0
current_r1,0.3,10.1005548088,10.0386116662,0.511237436194,0.221245586834,0.479744355005,0.428437035521,1.88289294025,0,0
current_r1,0.325,10.1137902036,10.0444655091,0.529415791667,0.234153714313,0.474128179255,0.414560075789,1.90917930225,0,0
current_r1,0.35,10.1274298265,10.050624798,0.5455849146,0.246371557439,0.468581656981,0.400192114827,1.93587007649,0,0
current_r1,0.375,10.1414287044,10.0570743232,0.559955114383,0.257981006124,0.463145112994,0.385378012369,1.96299273606,0,0
current_r1,0.4,10.1557466482,10.0638007783,0.57271775515,0.269058204226,0.457855747412,0.370157585346,1.9904374053,0,0
current_r1,0.425,10.1703478888,10.0707925673,0.584049623164,0.27967156089,0.452747820991,0.354566025858,2.01799452492,0,0
current_r1,0.45,10.1852007881,10.0780395782,0.594115972699,0.289880436195,0.447852769164,0.338634284909,2.04538461136,0,0
current_r1,0.475,10.2002776025,10.085532937,0.603072572942,0.299734349364,0.443199269014,0.322389433607,2.07228185699,0,0
current_r1,0.5,10.2155542777,10.0932647519,0.611067011685,0.309272598311,0.438813277256,0.305855009957,2.0983330581,0,0
current_r1,0.525,10.2310102641,10.1012278571,0.618239452471,0.318524208657,0.434718052727,0.289051356592,2.12317302493,0,0
current_r1,0.55,10.2466283389,10.1094155609,0.624722994296,0.327508150962,0.430934173502,0.271995952657,2.14643731489,0,0
current_r1,0.575,10.2623944326,10.1178214054,0.630643746828,0.336233779058,0.427479556197,0.254703741427,2.16777286837,0,0
current_r1,0.6,10.2782974503,10.1264389417,0.636120707683,0.344701451744,0.42436948314,0.237187454119,2.1868469236,0,0
current_r1,0.625,10.294329088,10.1352615243,0.641265509505,0.352903305936,0.421616641613,0.219457929499,2.20335443796,0,0
current_r1,0.65,10.3104836403,10.1442821281,0.646182091188,0.360824152785,0.419231178097,0.201524428365,2.21702414159,0,0
current_r1,0.675,10.3267577987,10.1534931899,0.650966337954,0.368442469977,0.417220769489,0.183394941635,2.22762328631,0,0
current_r1,0.7,10.3431504419,10.1628864765,0.655705727626,0.375731464084,0.415590712279,0.165076490664,2.23496112171,0,0
current_r1,0.725,10.3596624173,10.1724529809,0.660479014374,0.382660177013,0.414344029885,0.146575418458,2.23889112303,0,0
current_r1,0.75,10.3762963167,10.1821828462,0.665355975708,0.389194610726,0.413481597589,0.127897670645,2.23931200549,0,0
current_r1,0.775,10.3930562478,10.1920653173,0.670397243233,0.395298844803,0.413002283825,0.109049065418,2.23616758102,0,0
current_r1,0.8,10.4099476036,10.2020887204,0.675654232338,0.400936122352,0.412903106031,0.0900355521284,2.22944554042,0,0
current_r1,0.825,10.4269768331,10.2122404674,0.681169180661,0.406069881359,0.413179398743,0.0708634587891,2.21917527175,0,0
current_r1,0.85,10.4441512156,10.2225070852,0.686975299903,0.410664710905,0.413824991295,0.0515397293997,2.20542485103,0,0
current_r1,0.875,10.4614786416,10.2328742655,0.693097040462,0.414687214604,0.414832392178,0.0320721527717,2.18829736065,0,0
current_r1,0.9,10.4789674032,10.2433269347,0.699550463722,0.418106767192,0.416192977018,0.0124695853245,2.16792670292,0,0
current_r1,0.925,10.496625996,10.2538493386,0.706343712739,0.420896154036,0.417897177108,-0.00725782880457,2.14447308029,0,0
current_r1,0.95,10.5144629352,10.2644251408,0.71347756873,0.423032087476,0.419934665501,-0.0270984360792,2.11811830909,0,0
current_r1,0.975,10.5324865872,10.2750375307,0.720946078266,0.424495597955,0.422294537899,-0.0470388450787,2.08906112256,0,0
current_r1,1,10.550705018,10.2856693382,0.728737234478,0.425272301726,0.4249654858,-0.0670636849424,2.05751260137,0,0
current_r1,1.025,10.5691258604,10.296303152,0.736833694844,0.425352550441,0.427935959748,-0.0871553433612,2.02369184826,0,0
current_r1,1.05,10.5877561984,10.3069214388,0.745213518236,0.424731470818,0.431194320851,-0.107293675531,1.98782199939,0,0
current_r1,1.075,10.606602471,10.3175066614,0.753850904695,0.423408904977,0.434728979182,-0.127455674174,1.95012664024,0,0
current_r1,1.1,10.6256703941,10.328041393,0.762716922851,0.421389263718,0.438528518041,-0.147615089329,1.9108266697,0,0
current_r1,1.125,10.6449648994,10.3385084256,0.77178021169,0.41868130607,0.442581803469,-0.167741985125,1.87013763382,0,0
current_r1,1.15,10.6644900905,10.3488908721,0.781007645547,0.415297858898,0.446878078762,-0.187802219294,1.82826753133,0,0
current_r1,1.175,10.6842492143,10.3591722594,0.790364953459,0.411255490259,0.451407044079,-0.207756829871,1.78541507654,0,0
current_r1,1.2,10.7042446465,10.3693366131,0.799817286308,0.406574149621,0.456158921499,-0.227561312755,1.74176839293,0,0
current_r1,1.225,10.7244778897,10.3793685328,0.809329727392,0.401276787159,0.461124506165,-0.247164774027,1.69750410088,0,0
current_r1,1.25,10.7449495833,10.3892532569,0.818867744098,0.395388963128,0.466295204324,-0.266508943146,1.65278675718,0,0
current_r1,1.275,10.7656595228,10.3989767183,0.828397580136,0.38893845692,0.47166305923,-0.285527038752,1.60776860058,0,0
current_r1,1.3,10.7866066875,10.4085255904,0.837886589362,0.381954883986,0.477220765984,-0.304142490041,1.56258955647,0,0
current_r1,1.325,10.8077892753,10.4178873236,0.847303513412,0.374469327268,0.482961676456,-0.322267536711,1.51737745492,0,0
current_r1,1.35,10.829204743,10.4270501733,0.85661870642,0.366513988352,0.488879795452,-0.339801763712,1.47224841859,0,0
current_r1,1.375,10.8508498508,10.4360032198,0.865804310706,0.358121862211,0.494969769303,-0.356630678653,1.42730738051,0,0
current_r1,1.4,10.8727207105,10.4447363808,0.874834387871,0.349326438131,0.501226868008,-0.372624515011,1.38264869571,0,0
current_r1,1.425,10.8948128357,10.4532404165,0.883685009917,0.340161428361,0.507646962027,-0.387637545718,1.33835681518,0,0
current_r1,1.45,10.9171211936,10.4615069296,0.892334315106,0.330660525026,0.514226494763,-0.401508313963,1.29450699514,0,0
current_r1,1.475,10.9396402569,10.4695283593,0.900762533202,0.320857185141,0.520962451669,-0.41406130929,1.25116601908,0,0
current_r1,1.5,10.9623640565,10.4772979703,0.908951984524,0.310784442842,0.527852326857,-0.425110689324,1.20839291408,0,0
current_r1,1.525,10.985286233,10.484809839,0.916887056983,0.300474747549,0.534894088003,-0.434466590488,1.16623964684,0,0
current_r1,1.55,11.0084000871,10.4920588347,0.924554164905,0.28995982636,0.542086140216,-0.44194428627,1.12475178848,0,0
current_r1,1.575,11.0316986294,10.4990405989,0.931941693133,0.279270568776,0.549427289499,-0.447375869736,1.08396913992,0,0
current_r1,1.6,11.0551746277,10.5057515222,0.939039929434,0.268436931703,0.556916706314,-0.450623303797,1.04392631248,0,0
current_r1,1.625,11.0788206524,10.5121887188,0.945840987926,0.257487862629,0.56455388968,-0.451590836522,1.00465326052,0,0
current_r1,1.65,11.1026291205,10.5183499997,0.952338725824,0.246451238907,0.572338632183,-0.450234326471,0.96617576483,0,0
current_r1,1.675,11.1265923369,10.5242338453,0.958528655464,0.235353821119,0.580270986185,-0.446565341698,0.928515866709,0,0
current_r1,1.7,11.1507025332,10.5298393757,0.964407853232,0.224221218639,0.588351231458,-0.440649040043,0.891692254307,0,0
current_r1,1.725,11.1749519049,10.5351663224,0.969974866765,0.213077865636,0.596579844421,-0.43259639915,0.85572060323,0,0
current_r1,1.75,11.1993326454,10.5402149975,0.975229621482,0.201947005938,0.604957469108,-0.422552674393,0.820613874374,0,0
current_r1,1.775,11.2238369786,10.5449862646,0.980173327317,0.190850685326,0.613484889934,-0.410684515223,0.786382572261,0,0
current_r1,1.8,11.248430407,10.5494766186,0.983737136844,0.179614157557,0.622153348298,-0.397183288704,0.753213767568,0,0
current_r1,1.825,11.2730739854,10.5536830474,0.985743136293,0.168257152152,0.630951553933,-0.382248123508,0.721164381836,0,0
current_r1,1.85,11.2977637255,10.5576094625,0.987589602258,0.157056606074,0.639880098785,-0.366051554416,0.690041927329,0,0
current_r1,1.875,11.3224957364,10.561260166,0.989280436948,0.146028137944,0.648939862723,-0.348751687421,0.659842099334,0,0
current_r1,1.9,11.3472662438,10.5646398057,0.990820294946,0.135185587707,0.658131969429,-0.330490446899,0.63055872591,0,0
current_r1,1.925,11.372071605,10.5677533337,0.992214447426,0.124541118987,0.66745774574,-0.311393350194,0.602184090311,0,0
current_r1,1.95,11.3969083214,10.5706059668,0.993468658313,0.11410532393,0.676918684343,-0.291570247357,0.574709197446,0,0
current_r1,1.975,11.4217730482,10.57320315,0.994589072421,0.103887328494,0.686516409688,-0.271116595186,0.548123991768,0,0
current_r1,2,11.4466626011,10.5755505224,0.995582115356,0.0938948964672,0.696252646968,-0.25011496597,0.522417533473,0,0
current_r1,2.025,11.4715739612,10.5776538857,0.996454404735,0.0841345308689,0.706129193984,-0.228636599397,0.4975781393,0,0
current_r1,2.05,11.496504278,10.5795191749,0.997212672086,0.0746115716927,0.71614789573,-0.206742885611,0.47359349364,0,0
current_r1,2.075,11.5214508704,10.5811524322,0.997863694755,0.0653302892187,0.726310621501,-0.184486721466,0.450450735084,0,0
current_r1,2.1,11.5464112263,10.5825597815,0.998414237016,0.0562939723642,0.736619244341,-0.161913716451,0.428136522937,0,0
current_r1,2.125,11.5713830013,10.5837474068,0.998870999609,0.0475050117421,0.747075622662,-0.139063245267,0.406637087711,0,0
current_r1,2.15,11.5963640158,10.5847215312,0.999240576912,0.0389649772653,0.757681583848,-0.115969355307,0.385938269089,0,0
current_r1,2.175,11.6213522513,10.5854883985,0.999529420966,0.0306746902769,0.768438909686,-0.0926615427658,0.366025544348,0,0
current_r1,2.2,11.6463458466,10.5860542557,0.999743811635,0.0226342902952,0.779349323464,-0.0691654129901,0.346884049837,0,0
current_r1,2.225,11.6713430924,10.5864253381,0.999889832205,0.0148432965507,0.790414478607,-0.0455032406986,0.328498597661,0,0
current_r1,2.25,11.6963424261,10.5866078548,0.999973349793,0.0073006645593,0.80163594869,-0.0216944445736,0.3108536894,0,0
current_r1,2.275,11.7213424261,10.5866079757,0.999999999988,4.83801874148e-06,0.813015218734,0.00224401077748,0.293933528327,0,0
current_r1,2.3,11.7463418055,10.5864318206,0.999975175199,-0.00704620364848,0.82455367766,0.0262972741678,0.277722031339,0,0
current_r1,2.325,11.7713394059,10.5860854481,0.999904016242,-0.0138549017702,0.836252611798,0.0504523187723,0.262202841532,0,0
current_r1,2.35,11.7963341911,10.5855748461,0.999791406752,-0.0204240785729,0.848113199375,0.0746976964284,0.247359342121,0,0
current_r1,2.375,11.8213252403,10.5849059236,0.999641970041,-0.0267569006623,0.860136505881,0.0990233283604,0.233174672242,0,0
current_r1,2.4,11.846311742,10.5840845024,0.999460068088,-0.0328568455053,0.87232348026,0.123420326517,0.219631744951,0,0
current_r1,2.425,11.8712929871,10.5831163107,0.999249802367,-0.038727670598,0.884674951853,0.147880840665,0.206713267627,0,0
current_r1,2.45,11.8962683625,10.5820069761,0.999015016254,-0.0443733850227,0.897191628035,0.172397927193,0.194401764847,0,0
current_r1,2.475,11.921237345,10.5807620205,0.998759298817,-0.0497982231225,0.909874092498,0.196965436231,0.182679603683,0,0
current_r1,2.5,11.9461994947,10.579386855,0.998485989762,-0.0550066200414,0.922722804132,0.22157791429,0.171529021293,0,0
current_r1,2.525,11.9711544493,10.5778867753,0.998198185393,-0.0600031889076,0.935738096471,0.24623052005,0.160932154617,0,0
current_r1,2.55,11.996101918,10.5762669578,0.997898745413,-0.0647926994611,0.948920177653,0.270918951328,0.150871071903,0,0
current_r1,2.575,12.0210416755,10.5745324563,0.997590300453,-0.0693800579508,0.962269130877,0.295639381591,0.141327805781,0,0
current_r1,2.6,12.045973557,10.5726881991,0.99727526019,-0.0737702881514,0.975784915311,0.32038840462,0.132284387531,0,0
current_r1,2.625,12.0708974525,10.5707389863,0.996955821951,-0.0779685133756,0.989467367434,0.345162986166,0.123722882216,0,0
current_r1,2.65,12.095813302,10.5686894878,0.996633979724,-0.0819799393722,1.00331620278,0.369960421608,0.115625424303,0,0
current_r1,2.675,12.1207210904,10.5665442418,0.996311533456,-0.085809838029,1.01733101804,0.394778298805,0.107974253413,0,0
current_r1,2.7,12.1456208428,10.5643076536,0.995990098583,-0.0894635318099,1.03151129356,0.419614465416,0.100751749846,0,0
current_r1,2.725,12.1705126207,10.5619839941,0.995671115707,-0.092946378875,1.0458563961,0.444467000111,0.0939404695357,0,0
current_r1,2.75,12.1953965172,10.5595774001,0.99535586035,-0.0962637588477,1.06036558195,0.469334187152,0.0875231781,0,0
current_r1,2.775,12.2202726536,10.5570918736,0.995045452724,-0.0994210592009,1.07503800028,0.494214493915,0.0814828836998,0,0
current_r1,2.8,12.2451411752,10.5545312821,0.994740867468,-0.10242366225,1.08987269679,0.519106550988,0.0758028684185,0,0
current_r1,2.825,12.2700022488,10.5518993588,0.994442943277,-0.10527693274,1.10486861751,0.544009134512,0.0704667179209,0,0
current_r1,2.85,12.2948560586,10.5491997036,0.994152392395,-0.107986206038,1.12002461288,0.568921150505,0.0654583491778,0,0
current_r1,2.875,12.3197028039,10.5464357842,0.993869809924,-0.110556776918,1.13533944198,0.593841620919,0.0607620360747,0,0
current_r1,2.9,12.344542696,10.543610937,0.99359568289,-0.112993888964,1.15081177688,0.618769671233,0.0563624327588,0,0
current_r1,2.925,12.3693759559,10.5407283688,0.993330399063,-0.11530272459,1.16644020718,0.643704519402,0.0522445946103,0,0
current_r1,2.95,12.3942028123,10.5377911589,0.99307425547,-0.117488395692,1.18222324456,0.668645465997,0.0483939967598,0,0
current_r1,2.975,12.419023499,10.5348022606,0.992827466592,-0.119555934944,1.19815932754,0.693591885422,0.0447965501039,0,0
current_r1,3,12.4438382533,10.5317645034,0.992590172212,-0.121510287743,1.21424682617,0.718543218056,0.041438614801,0,0
current_r1,3.025,12.4686473144,10.5286805958,0.992362444907,-0.123356304817,1.23048404681,0.743498963252,0.0383070112605,0,0
current_r1,3.05,12.4934509218,10.5255531274,0.992144297155,-0.125098735498,1.24686923694,0.768458673073,0.0353890286637,0,0
current_r1,3.075,12.518249314,10.5223845718,0.991935688061,-0.126742221658,1.2634005899,0.793421946694,0.0326724310757,0,0
current_r1,3.1,12.5430427273,10.5191772895,0.991736529686,-0.128291292322,1.28007624965,0.818388425402,0.0301454612349,0,0
current_r1,3.125,12.5678313946,10.5159335306,0.991546692979,-0.129750358932,1.29689431548,0.843357788124,0.0277968421186,0,0
current_r1,3.15,12.5926155449,10.5126554378,0.991366013308,-0.131123711272,1.31385284657,0.868329747432,0.025615776404,0,0
current_r1,3.175,12.6173954023,10.5093450499,0.991194295606,-0.132415514036,1.33094986658,0.893304045964,0.0235919439523,0,0
current_r1,3.2,12.6421711853,10.5060043048,0.99103131912,-0.133629804022,1.34818336807,0.918280453232,0.021715497458,0,0
current_r1,3.225,12.6669431064,10.5026350426,0.990876841784,-0.13477048793,1.36555131681,0.943258762768,0.0199770564092,0,0
current_r1,3.25,12.6917113715,10.4992390091,0.990730604222,-0.135841340758,1.38305165598,0.968238789564,0.0183676995113,0,0
current_r1,3.275,12.7164761798,10.495817859,0.990592333396,-0.136846004752,1.40068231021,0.993220367798,0.01687895573,0,0
current_r1,3.3,12.7412377234,10.4923731593,0.990461745913,-0.137787988895,1.4184411895,1.01820334879,0.0155027941074,0,0
current_r1,3.325,12.7659961872,10.4889063925,0.990338550995,-0.138670668902,1.43632619295,1.04318759918,0.0142316125069,0,0
current_r1,3.35,12.7907517485,10.4854189603,0.990222453152,-0.139497287693,1.45433521238,1.06817299931,0.0130582254357,0,0
current_r1,3.375,12.8155045774,10.4819121864,0.990113154552,-0.140270956303,1.4724661357,1.09315944175,0.0119758510925,0,0
current_r1,3.4,12.8402548363,10.4783873201,0.990010357118,-0.140994655212,1.49071685019,1.11814683003,0.0109780977802,0,0
current_r1,3.425,12.8650026804,10.4748455392,0.989913764365,-0.14167123604,1.50908524557,1.14313507745,0.0100589498168,0,0
current_r1,3.45,12.8897482575,10.4712879536,0.989823082997,-0.142303423592,1.52756921688,1.16812410606,0.00921275307042,0,0
current_r1,3.475,12.9144917081,10.4677156081,0.989738024286,-0.142893818208,1.54616666719,1.19311384576,0.00843420023541,0,0
current_r1,3.5,12.9392331658,10.4641294857,0.989658305238,-0.143444898384,1.56487551019,1.21810423341,0.00771831595879,0,0
current_r1,3.525,12.963972757,10.4605305101,0.989583649578,-0.143959023641,1.58369367249,1.24309521218,0.00706044191565,0,0
current_r1,3.55,12.9887106017,10.4569195491,0.989513788558,-0.14443843759,1.60261909588,1.26808673082,0.00645622192442,0,0
current_r1,3.575,13.0134468133,10.4532974173,0.989448461615,-0.144885271188,1.62164973934,1.29307874313,0.00590158718308,0,0
current_r1,3.6,13.0381814987,10.4496648787,0.989387416886,-0.145301546129,1.64078358087,1.31807120737,0.00539274169842,0,0
current_r1,3.625,13.062914759,10.4460226492,0.989330411596,-0.145689178364,1.66001861925,1.34306408588,0.00492614797195,0,0
current_r1,3.65,13.0876466893,10.4423713997,0.989277212334,-0.146049981704,1.67935287556,1.36805734459,0.00449851299739,0,0
current_r1,3.675,13.1123773792,10.4387117579,0.989227595238,-0.146385671499,1.69878439457,1.39305095269,0.00410677461671,0,0
current_r1,3.7,13.1371069128,10.4350443112,0.989181346075,-0.146697868349,1.71831124605,1.41804488227,0.00374808827421,0,0
current_r1,3.725,13.1618353693,10.4313696086,0.989138260262,-0.146988101849,1.7379315258,1.44303910805,0.00341981420072,0,0
current_r1,3.75,13.1865628229,10.4276881633,0.989098142815,-0.147257814324,1.75764335675,1.46803360709,0.00311950505376,0,0
current_r1,3.775,13.2112893431,10.4240004542,0.989060808234,-0.147508364563,1.77744488974,1.49302835856,0.00284489403315,0,0
current_r1,3.8,13.2360149951,10.4203069284,0.989026080349,-0.147741031501,1.79733430428,1.51802334356,0.002593883486,0,0
current_r1,3.825,13.2607398399,10.4166080029,0.988993792125,-0.147957017874,1.81730980922,1.54301854487,0.00236453401029,0,0
current_r1,3.85,13.2854639345,10.4129040666,0.988963785426,-0.148157453801,1.83736964325,1.56801394683,0.00215505406131,0,0
current_r1,3.875,13.3101873323,10.4091954816,0.988935910758,-0.1483434003,1.85751207533,1.59300953518,0.00196379006152,0,0
current_r1,3.9,13.334910083,10.4054825853,0.988910026994,-0.148515852725,1.87773540505,1.61800529689,0.00178921701084,0,0
current_r1,3.925,13.359632233,10.4017656917,0.988886001071,-0.148675744108,1.89803796285,1.64300122009,0.00162992959114,0,0
current_r1,3.95,13.3843538257,10.398045093,0.988863707686,-0.148823948415,1.9184181102,1.66799729392,0.00148463375628,0,0
current_r1,3.975,13.4090749014,10.3943210609,0.988843028979,-0.148961283691,1.93887423973,1.69299350845,0.00135213879664,0,0
current_r1,4,13.4337954978,10.390593848,0.988823854214,-0.149088515107,1.9594047752,1.71798985458,0.00123134986531,0,0
current_r1,4.025,13.4585156498,10.386863689,0.988806079454,-0.149206357892,1.9800081715,1.74298632398,0.00112126095165,0,0
current_r1,4.05,13.4832353899,10.383130802,0.98878960724,-0.149315480157,2.00068291458,1.76798290901,0.00102094828647,0,0
current_r1,4.075,13.5079547486,10.3793953894,0.988774346275,-0.149416505607,2.02142752125,1.79297960265,0.000929564162543,0,0
current_r1,4.1,13.5326737539,10.375657639,0.98876021111,-0.149510016137,2.04224053901,1.81797639844,0.000846331153084,0,0
current_r1,4.125,13.5573924319,10.3719177251,0.988747121835,-0.149596554313,2.06312054582,1.84297329044,0.000770536710697,0,0
current_r1,4.15,13.582110807,10.3681758095,0.988735003783,-0.149676625747,2.08406614983,1.86797027318,0.000701528128864,0,0
current_r1,4.175,13.6068289017,10.364432042,0.988723787235,-0.149750701355,2.10507598902,1.89296734161,0.000638707848047,0,0
current_r1,4.2,13.6315467369,10.3606865615,0.988713407144,-0.149819219506,2.12614873091,1.91796449108,0.000581529088516,0,0
current_r1,4.225,13.656264332,10.3569394968,0.988703802863,-0.149882588063,2.14728307218,1.94296171728,0.00052949179225,0,0
current_r1,4.25,13.6809817049,10.3531909671,0.988694917881,-0.149941186324,2.16847773824,1.96795901622,0.000482138856555,0,0
current_r1,4.275,13.7056988724,10.3494410829,0.988686699578,-0.149995366853,2.18973148283,1.99295638423,0.000439052642431,0,0
current_r1,4.3,13.7304158499,10.3456899465,0.988679098984,-0.150045457219,2.21104308761,2.01795381787,0.000399851741238,0,0
current_r1,4.325,13.7551326516,10.3419376525,0.988672070552,-0.150091761633,2.23241136166,2.04295131398,0.000364187983708,0,0
current_r1,4.35,13.7798492909,10.3381842884,0.988665571942,-0.150134562499,2.25383514105,2.06794886961,0.000331743675961,0,0
current_r1,4.375,13.80456578,10.3344299354,0.988659563814,-0.150174121871,2.27531328835,2.09294648201,0.000302229047778,0,0
current_r1,4.4,13.8292821303,10.3306746683,0.988654009634,-0.150210682826,2.29684469215,2.11794414862,0.000275379899058,0,0
current_r1,4.425,13.8539983521,10.3269185565,0.98864887549,-0.150244470756,2.31842826657,2.14294186707,0.000250955431002,0,0
current_r1,4.45,13.8787144554,10.3231616641,0.988644129916,-0.150275694582,2.34006295074,2.16793963513,0.000228736249265,0,0
current_r1,4.475,13.903430449,10.3194040505,0.98863974373,-0.150304547892,2.36174770833,2.19293745072,0.000208522526973,0,0
current_r1,4.5,13.9281463412,10.3156457702,0.988635689876,-0.15033121001,2.38348152703,2.2179353119,0.000190132316136,0,0
current_r1,4.525,13.9528621398,10.311886874,0.988631943281,-0.150355846994,2.40526341807,2.24293321685,0.000173399996685,0,0
current_r1,4.55,13.9775778518,10.3081274087,0.988628480714,-0.150378612577,2.42709241566,2.26793116386,0.000158174852945,0,0
current_r1,4.575,14.0022934839,10.3043674175,0.988625280664,-0.15039964904,2.44896757658,2.29292915133,0.000144319768011,0,0
current_r1,4.6,14.0270090419,10.3006069403,0.988622323214,-0.15041908803,2.47088797957,2.31792717776,0.000131710027066,0,0
current_r1,4.625,14.0517245317,10.296846014,0.988619589927,-0.150437051327,2.49285272495,2.34292524172,0.000120232221282,0,0
current_r1,4.65,14.0764399583,10.2930846727,0.988617063748,-0.150453651555,2.51486093403,2.36792334189,0.000109783244459,0,0
current_r1,4.675,14.1011553265,10.2893229479,0.988614728896,-0.15046899285,2.53691174872,2.392921477,0.000100269375134,0,0
current_r1,4.7,14.1258706408,10.2855608686,0.988612570779,-0.150483171476,2.55900433095,2.41791964587,9.16054373391e-05,0,0
current_r1,4.725,14.1505859052,10.2817984617,0.988610575903,-0.150496276407,2.58113786228,2.44291784738,8.37140337216e-05,0,0
current_r1,4.75,14.1753011235,10.2780357519,0.988608731795,-0.150508389861,2.6033115434,2.46791608046,7.65248451425e-05,0,0
current_r1,4.775,14.2000162991,10.2742727623,0.988607026926,-0.150519587803,2.62552459366,2.49291434411,6.9973991328e-05,0,0
current_r1,4.8,14.2247314354,10.2705095137,0.988605450644,-0.150529940404,2.64777625065,2.51791263737,6.40034475368e-05,0,0
current_r1,4.825,14.2494465352,10.2667460259,0.988603993105,-0.15053951248,2.67006576971,2.54291095934,5.8560512587e-05,0,0
current_r1,4.85,14.2741616014,10.2629823168,0.988602645217,-0.150548363889,2.69239242355,2.56790930916,5.35973239409e-05,0,0
current_r1,4.875,14.2988766363,10.2592184031,0.988601398583,-0.150556549904,2.71475550178,2.59290768602,4.90704158782e-05,0,0
current_r1,4.9,14.3235916425,10.2554543,0.988600245448,-0.150564121558,2.73715431051,2.61790608912,4.49403170948e-05,0,0
current_r1,4.925,14.3483066219,10.2516900219,0.988599178649,-0.150571125967,2.75958817193,2.64290451774,4.1171184358e-05,0,0
current_r1,4.95,14.3730215767,10.2479255817,0.988598191574,-0.150577606622,2.78205642393,2.66790297116,3.77304691144e-05,0,0
current_r1,4.975,14.3977365087,10.2441609916,0.98859727812,-0.150583603669,2.80455841966,2.69290144871,3.45886141961e-05,0,0
current_r1,5,14.4224514195,10.2403962628,0.98859643265,-0.150589154162,2.8270935272,2.71789994974,3.17187780075e-05,0,0
current_r1,5.025,14.4471663107,10.2366314055,0.988595649964,-0.150594292299,2.84966112914,2.74289847364,2.90965837843e-05,0,0
current_r1,5.05,14.4718811839,10.2328664292,0.988594925259,-0.150599049641,2.87226062225,2.7678970198,2.66998917188e-05,0,0
current_r1,5.075,14.4965960402,10.2291013429,0.988594254104,-0.150603455313,2.89489141708,2.79289558768,2.45085919303e-05,0,0
current_r1,5.1,14.521310881,10.2253361545,0.98859363241,-0.150607536194,2.91755293765,2.81789417671,2.25044164256e-05,0,0
current_r1,5.125,14.5460257074,10.2215708715,0.988593056402,-0.150611317086,2.94024462107,2.84289278638,2.06707683559e-05,0,0
current_r1,5.15,14.5707405205,10.217805501,0.988592522596,-0.150614820877,2.96296591724,2.8678914162,1.89925670174e-05,0,0
current_r1,5.175,14.5954553212,10.2140400493,0.988592027777,-0.150618068688,2.98571628851,2.89289006567,1.74561071791e-05,0,0
current_r1,5.2,14.6201701104,10.2102745223,0.988591568979,-0.150621080008,3.00849520935,2.91788873433,1.60489314405e-05,0,0
current_r1,5.225,14.644884889,10.2065089255,0.988591143464,-0.150623872822,3.03130216607,2.94288742174,1.47597144364e-05,0,0
current_r1,5.25,14.6695996577,10.2027432639,0.988590748705,-0.15062646373,3.05413665648,2.96788612747,1.35781578107e-05,0,0
current_r1,5.275,14.6943144173,10.1989775422,0.988590382368,-0.150628868047,3.07699818964,2.99288485109,1.24948949711e-05,0,0
current_r1,5.3,14.7190291683,10.1952117647,0.988590042302,-0.150631099911,3.09988628553,3.01788359222,1.15014047298e-05,0,0
current_r1,5.325,14.7437439115,10.1914459354,0.98858972652,-0.15063317237,3.12280047481,3.04288235047,1.058993301e-05,0,0
current_r1,5.35,14.7684586473,10.1876800579,0.988589433188,-0.150635097466,3.14574029852,3.06788112546,9.75342187376e-06,0,0
current_r1,5.375,14.7931733763,10.1839141358,0.988589160613,-0.150636886317,3.16870530783,3.09287991682,8.98544519232e-06,0,0
current_r1,5.4,14.817888099,10.180148172,0.988588907231,-0.150638549185,3.19169506378,3.11787872423,8.28015034224e-06,0,0
current_r1,5.425,14.8426028158,10.1763821696,0.988588671599,-0.150640095546,3.21470913704,3.14287754732,7.63220536495e-06,0,0
current_r1,5.45,14.8673175271,10.1726161313,0.988588452385,-0.150641534149,3.23774710764,3.16787638579,7.03675108007e-06,0,0
current_r1,5.475,14.8920322333,10.1688500595,0.988588248358,-0.150642873074,3.26080856475,3.19287523931,6.48935768819e-06,0,0
current_r1,5.5,14.9167469348,10.1650839565,0.988588058382,-0.150644119782,3.28389310645,3.21787410757,5.98598544205e-06,0,0
current_r1,5.525,14.9414616318,10.1613178244,0.988587881406,-0.150645281167,3.30700033951,3.24287299029,5.52294900345e-06,0,0
current_r1,5.55,14.9661763247,10.1575516654,0.98858771646,-0.150646363597,3.33012987916,3.26787188716,5.09688513881e-06,0,0
current_r1,5.575,14.9908910138,10.153785481,0.988587562648,-0.150647372956,3.35328134886,3.29287079791,4.70472343829e-06,0,0
current_r1,5.6,15.0156056993,10.1500192732,0.988587419141,-0.150648314684,3.37645438016,3.31786972228,4.34365977297e-06,0,0
current_r1,5.625,15.0403203814,10.1462530433,0.988587285173,-0.150649193808,3.39964861241,3.34286865998,4.01113223104e-06,0,0
current_r1,5.65,15.0650350604,10.1424867929,0.988587160036,-0.150650014976,3.42286369263,3.36786761078,3.70479929832e-06,0,0
current_r1,5.675,15.0897497365,10.1387205234,0.988587043075,-0.150650782489,3.4460992753,3.39286657441,3.42252007057e-06,0,0
current_r1,5.7,15.1144644098,10.1349542359,0.988586933684,-0.150651500325,3.46935502216,3.41786555064,3.1623363049e-06,0,0
current_r1,5.725,15.1391790806,10.1311879316,0.988586831301,-0.150652172164,3.49263060204,3.44286453923,2.92245613615e-06,0,0
current_r1,5.75,15.163893749,10.1274216115,0.988586735408,-0.150652801417,3.5159256907,3.46786353995,2.70123930011e-06,0,0
current_r1,5.775,15.1886084151,10.1236552768,0.988586645524,-0.150653391239,3.53923997063,3.49286255258,2.49718372107e-06,0,0
current_r1,5.8,15.2133230792,10.1198889281,0.988586561202,-0.150653944558,3.56257313093,3.5178615769,2.30891333427e-06,0,0
current_r1,5.825,15.2380377412,10.1161225665,0.988586482029,-0.150654464085,3.58592486708,3.5428606127,2.13516702643e-06,0,0
current_r1,5.85,15.2627524014,10.1123561927,0.988586407622,-0.15065495234,3.60929488085,3.56785965977,1.97478858863e-06,0,0
current_r1,5.875,15.2874670599,10.1085898074,0.988586337625,-0.150655411659,3.6326828801,3.59285871791,1.82671758596e-06,0,0
current_r1,5.9,15.3121817166,10.1048234113,0.988586271705,-0.150655844216,3.65608857867,3.61785778693,1.68998105735e-06,0,0
current_r1,5.925,15.3368963719,10.101057005,0.988586209556,-0.150656252033,3.6795116962,3.64285686663,1.56368596768e-06,0,0
current_r1,5.95,15.3616110257,10.0972905891,0.988586150889,-0.150656636994,3.70295195802,3.66785595683,1.44701234117e-06,0,0
current_r1,5.975,15.386325678,10.0935241641,0.988586095438,-0.150657000857,3.72640909499,3.69285505735,1.33920701244e-06,0,0
current_r1,6,15.4110403291,10.0897577305,0.988586042951,-0.150657345268,3.74988284336,3.717854168,1.23957793735e-06,0,0
current_r1,6.025,15.4357549789,10.0859912887,0.988585993193,-0.150657671767,3.7733729447,3.74285328863,1.14748901134e-06,0,0
current_r1,6.05,15.4604696276,10.0822248391,0.988585945944,-0.150657981804,3.79687914568,3.76785241905,1.06235534827e-06,0,0
current_r1,6.075,15.4851842751,10.0784583822,0.988585900996,-0.150658276747,3.82040119804,3.7928515591,9.83638976785e-07,0,0
current_r1,6.1,15.5098989216,10.0746919182,0.98858585815,-0.150658557891,3.84393885839,3.81785070862,9.10844915826e-07,0,0
current_r1,6.125,15.534613567,10.0709254476,0.988585817219,-0.150658826473,3.86749188817,3.84284986746,8.43517594251e-07,0,0
current_r1,6.15,15.5593282115,10.0671589705,0.988585778021,-0.150659083678,3.89106005347,3.86784903546,7.81237582999e-07,0,0
current_r1,6.175,15.584042855,10.0633924872,0.988585740382,-0.150659330655,3.91464312495,3.89284821247,7.23618611229e-07,0,0
current_r1,6.2,15.6087574976,10.059625998,0.98858570413,-0.150659568529,3.93824087776,3.91784739834,6.70304840554e-07,0,0
current_r1,6.225,15.6334721393,10.0558595031,0.988585669096,-0.150659798416,3.96185309136,3.94284659294,6.20968373951e-07,0,0
current_r1,6.25,15.6581867802,10.0520930025,0.988585635106,-0.150660021443,3.98547954952,3.96784579611,5.7530697817e-07,0,0
current_r1,6.275,15.6829014202,10.0483264965,0.988585601986,-0.150660238771,4.00912004012,3.99284500773,5.33042000406e-07,0,0
current_r1,6.3,15.7076160595,10.0445599853,0,0,4.03277435512,4.01784422765,0,0,1
current_r1,6.325,15.7076160595,10.0445599853,0,0,4.03277435512,4.01784422765,0,0,1
current_r1,6.35,15.7076160595,10.0445599853,0,0,4.03277435512,4.01784422765,0,0,1
current_r1,6.375,15.7076160595,10.0445599853,0,0,4.03277435512,4.01784422765,0,0,1
current_r1,6.4,15.7076160595,10.0445599853,0,0,4.03277435512,4.01784422765,0,0,1
current_r1,6.425,15.7076160595,10.0445599853,0,0,4.03277435512,4.01784422765,0,0,1
current_r1,6.45,15.7076160595,10.0445599853,0,0,4.03277435512,4.01784422765,0,0,1
current_r1,6.475,15.7076160595,10.0445599853,0,0,4.03277435512,4.01784422765,0,0,1
current_r1,6.5,15.7076160595,10.0445599853,0,0,4.03277435512,4.01784422765,0,0,1
current_r1,6.525,15.7076160595,10.0445599853,0,0,4.03277435512,4.01784422765,0,0,1
current_r1,6.55,15.7076160595,10.0445599853,0,0,4.03277435512,4.01784422765,0,0,1
current_r1,6.575,15.7076160595,10.0445599853,0,0,4.03277435512,4.01784422765,0,0,1
current_r1,6.6,15.7076160595,10.0445599853,0,0,4.03277435512,4.01784422765,0,0,1
current_r1,6.625,15.7076160595,10.0445599853,0,0,4.03277435512,4.01784422765,0,0,1
current_r1,6.65,15.7076160595,10.0445599853,0,0,4.03277435512,4.01784422765,0,0,1
current_r1,6.675,15.7076160595,10.0445599853,0,0,4.03277435512,4.01784422765,0,0,1
current_r1,6.7,15.7076160595,10.0445599853,0,0,4.03277435512,4.01784422765,0,0,1
current_r1,6.725,15.7076160595,10.0445599853,0,0,4.03277435512,4.01784422765,0,0,1
current_r1,6.75,15.7076160595,10.0445599853,0,0,4.03277435512,4.01784422765,0,0,1
current_r1,6.775,15.7076160595,10.0445599853,0,0,4.03277435512,4.01784422765,0,0,1
current_r1,6.8,15.7076160595,10.0445599853,0,0,4.03277435512,4.01784422765,0,0,1
current_r1,6.825,15.7076160595,10.0445599853,0,0,4.03277435512,4.01784422765,0,0,1
current_r1,6.85,15.7076160595,10.0445599853,0,0,4.03277435512,4.01784422765,0,0,1
current_r1,6.875,15.7076160595,10.0445599853,0,0,4.03277435512,4.01784422765,0,0,1
current_r1,6.9,15.7076160595,10.0445599853,0,0,4.03277435512,4.01784422765,0,0,1
current_r1,6.925,15.7076160595,10.0445599853,0,0,4.03277435512,4.01784422765,0,0,1
current_r1,6.95,15.7076160595,10.0445599853,0,0,4.03277435512,4.01784422765,0,0,1
current_r1,6.975,15.7076160595,10.0445599853,0,0,4.03277435512,4.01784422765,0,0,1
current_r1,7,15.7076160595,10.0445599853,0,0,4.03277435512,4.01784422765,0,0,1
current_r1,7.025,15.7076160595,10.0445599853,0,0,4.03277435512,4.01784422765,0,0,1
current_r1,7.05,15.7076160595,10.0445599853,0,0,4.03277435512,4.01784422765,0,0,1
current_r1,7.075,15.7076160595,10.0445599853,0,0,4.03277435512,4.01784422765,0,0,1
current_r1,7.1,15.7076160595,10.0445599853,0,0,4.03277435512,4.01784422765,0,0,1
current_r1,7.125,15.7076160595,10.0445599853,0,0,4.03277435512,4.01784422765,0,0,1
current_r1,7.15,15.7076160595,10.0445599853,0,0,4.03277435512,4.01784422765,0,0,1
current_r1,7.175,15.7076160595,10.0445599853,0,0,4.03277435512,4.01784422765,0,0,1
current_r1,7.2,15.7076160595,10.0445599853,0,0,4.03277435512,4.01784422765,0,0,1
current_r1,7.225,15.7076160595,10.0445599853,0,0,4.03277435512,4.01784422765,0,0,1
current_r1,7.25,15.7076160595,10.0445599853,0,0,4.03277435512,4.01784422765,0,0,1
current_r1,7.275,15.7076160595,10.0445599853,0,0,4.03277435512,4.01784422765,0,0,1
current_r1,7.3,15.7076160595,10.0445599853,0,0,4.03277435512,4.01784422765,0,0,1
current_r1,7.325,15.7076160595,10.0445599853,0,0,4.03277435512,4.01784422765,0,0,1
current_r1,7.35,15.7076160595,10.0445599853,0,0,4.03277435512,4.01784422765,0,0,1
current_r1,7.375,15.7076160595,10.0445599853,0,0,4.03277435512,4.01784422765,0,0,1
current_r1,7.4,15.7076160595,10.0445599853,0,0,4.03277435512,4.01784422765,0,0,1
current_r1,7.425,15.7076160595,10.0445599853,0,0,4.03277435512,4.01784422765,0,0,1
current_r1,7.45,15.7076160595,10.0445599853,0,0,4.03277435512,4.01784422765,0,0,1
current_r1,7.475,15.7076160595,10.0445599853,0,0,4.03277435512,4.01784422765,0,0,1
current_r1,7.5,15.7076160595,10.0445599853,0,0,4.03277435512,4.01784422765,0,0,1
current_r1,7.525,15.7076160595,10.0445599853,0,0,4.03277435512,4.01784422765,0,0,1
current_r1,7.55,15.7076160595,10.0445599853,0,0,4.03277435512,4.01784422765,0,0,1
current_r1,7.575,15.7076160595,10.0445599853,0,0,4.03277435512,4.01784422765,0,0,1
current_r1,7.6,15.7076160595,10.0445599853,0,0,4.03277435512,4.01784422765,0,0,1
current_r1,7.625,15.7076160595,10.0445599853,0,0,4.03277435512,4.01784422765,0,0,1
current_r1,7.65,15.7076160595,10.0445599853,0,0,4.03277435512,4.01784422765,0,0,1
current_r1,7.675,15.7076160595,10.0445599853,0,0,4.03277435512,4.01784422765,0,0,1
current_r1,7.7,15.7076160595,10.0445599853,0,0,4.03277435512,4.01784422765,0,0,1
current_r1,7.725,15.7076160595,10.0445599853,0,0,4.03277435512,4.01784422765,0,0,1
current_r1,7.75,15.7076160595,10.0445599853,0,0,4.03277435512,4.01784422765,0,0,1
current_r1,7.775,15.7076160595,10.0445599853,0,0,4.03277435512,4.01784422765,0,0,1
current_r1,7.8,15.7076160595,10.0445599853,0,0,4.03277435512,4.01784422765,0,0,1
current_r1,7.825,15.7076160595,10.0445599853,0,0,4.03277435512,4.01784422765,0,0,1
current_r1,7.85,15.7076160595,10.0445599853,0,0,4.03277435512,4.01784422765,0,0,1
current_r1,7.875,15.7076160595,10.0445599853,0,0,4.03277435512,4.01784422765,0,0,1
current_r1,7.9,15.7076160595,10.0445599853,0,0,4.03277435512,4.01784422765,0,0,1
current_r1,7.925,15.7076160595,10.0445599853,0,0,4.03277435512,4.01784422765,0,0,1
current_r1,7.95,15.7076160595,10.0445599853,0,0,4.03277435512,4.01784422765,0,0,1
current_r1,7.975,15.7076160595,10.0445599853,0,0,4.03277435512,4.01784422765,0,0,1
current_r1,8,15.7076160595,10.0445599853,0,0,4.03277435512,4.01784422765,0,0,1
current_r1,8.025,15.7076160595,10.0445599853,0,0,4.03277435512,4.01784422765,0,0,1
current_r1,8.05,15.7076160595,10.0445599853,0,0,4.03277435512,4.01784422765,0,0,1
current_r1,8.075,15.7076160595,10.0445599853,0,0,4.03277435512,4.01784422765,0,0,1
current_r1,8.1,15.7076160595,10.0445599853,0,0,4.03277435512,4.01784422765,0,0,1
current_r1,8.125,15.7076160595,10.0445599853,0,0,4.03277435512,4.01784422765,0,0,1
current_r1,8.15,15.7076160595,10.0445599853,0,0,4.03277435512,4.01784422765,0,0,1
current_r1,8.175,15.7076160595,10.0445599853,0,0,4.03277435512,4.01784422765,0,0,1
current_r1,8.2,15.7076160595,10.0445599853,0,0,4.03277435512,4.01784422765,0,0,1
current_r1,8.225,15.7076160595,10.0445599853,0,0,4.03277435512,4.01784422765,0,0,1
current_r1,8.25,15.7076160595,10.0445599853,0,0,4.03277435512,4.01784422765,0,0,1
current_r1,8.275,15.7076160595,10.0445599853,0,0,4.03277435512,4.01784422765,0,0,1
current_r1,8.3,15.7076160595,10.0445599853,0,0,4.03277435512,4.01784422765,0,0,1
current_r1,8.325,15.7076160595,10.0445599853,0,0,4.03277435512,4.01784422765,0,0,1
current_r1,8.35,15.7076160595,10.0445599853,0,0,4.03277435512,4.01784422765,0,0,1
current_r1,8.375,15.7076160595,10.0445599853,0,0,4.03277435512,4.01784422765,0,0,1
current_r1,8.4,15.7076160595,10.0445599853,0,0,4.03277435512,4.01784422765,0,0,1
current_r1,8.425,15.7076160595,10.0445599853,0,0,4.03277435512,4.01784422765,0,0,1
current_r1,8.45,15.7076160595,10.0445599853,0,0,4.03277435512,4.01784422765,0,0,1
current_r1,8.475,15.7076160595,10.0445599853,0,0,4.03277435512,4.01784422765,0,0,1
current_r1,8.5,15.7076160595,10.0445599853,0,0,4.03277435512,4.01784422765,0,0,1
current_r1,8.525,15.7076160595,10.0445599853,0,0,4.03277435512,4.01784422765,0,0,1
current_r1,8.55,15.7076160595,10.0445599853,0,0,4.03277435512,4.01784422765,0,0,1
current_r1,8.575,15.7076160595,10.0445599853,0,0,4.03277435512,4.01784422765,0,0,1
current_r1,8.6,15.7076160595,10.0445599853,0,0,4.03277435512,4.01784422765,0,0,1
current_r1,8.625,15.7076160595,10.0445599853,0,0,4.03277435512,4.01784422765,0,0,1
current_r1,8.65,15.7076160595,10.0445599853,0,0,4.03277435512,4.01784422765,0,0,1
current_r1,8.675,15.7076160595,10.0445599853,0,0,4.03277435512,4.01784422765,0,0,1
current_r1,8.7,15.7076160595,10.0445599853,0,0,4.03277435512,4.01784422765,0,0,1
current_r1,8.725,15.7076160595,10.0445599853,0,0,4.03277435512,4.01784422765,0,0,1
current_r1,8.75,15.7076160595,10.0445599853,0,0,4.03277435512,4.01784422765,0,0,1
current_r1,8.775,15.7076160595,10.0445599853,0,0,4.03277435512,4.01784422765,0,0,1
current_r1,8.8,15.7076160595,10.0445599853,0,0,4.03277435512,4.01784422765,0,0,1
current_r1,8.825,15.7076160595,10.0445599853,0,0,4.03277435512,4.01784422765,0,0,1
current_r1,8.85,15.7076160595,10.0445599853,0,0,4.03277435512,4.01784422765,0,0,1
current_r1,8.875,15.7076160595,10.0445599853,0,0,4.03277435512,4.01784422765,0,0,1
current_r1,8.9,15.7076160595,10.0445599853,0,0,4.03277435512,4.01784422765,0,0,1
current_r1,8.925,15.7076160595,10.0445599853,0,0,4.03277435512,4.01784422765,0,0,1
current_r1,8.95,15.7076160595,10.0445599853,0,0,4.03277435512,4.01784422765,0,0,1
current_r1,8.975,15.7076160595,10.0445599853,0,0,4.03277435512,4.01784422765,0,0,1
current_r1,9,15.7076160595,10.0445599853,0,0,4.03277435512,4.01784422765,0,0,1
current_r1,9.025,15.7076160595,10.0445599853,0,0,4.03277435512,4.01784422765,0,0,1
current_r1,9.05,15.7076160595,10.0445599853,0,0,4.03277435512,4.01784422765,0,0,1
current_r1,9.075,15.7076160595,10.0445599853,0,0,4.03277435512,4.01784422765,0,0,1
current_r1,9.1,15.7076160595,10.0445599853,0,0,4.03277435512,4.01784422765,0,0,1
current_r1,9.125,15.7076160595,10.0445599853,0,0,4.03277435512,4.01784422765,0,0,1
current_r1,9.15,15.7076160595,10.0445599853,0,0,4.03277435512,4.01784422765,0,0,1
current_r1,9.175,15.7076160595,10.0445599853,0,0,4.03277435512,4.01784422765,0,0,1
current_r1,9.2,15.7076160595,10.0445599853,0,0,4.03277435512,4.01784422765,0,0,1
current_r1,9.225,15.7076160595,10.0445599853,0,0,4.03277435512,4.01784422765,0,0,1
current_r1,9.25,15.7076160595,10.0445599853,0,0,4.03277435512,4.01784422765,0,0,1
current_r1,9.275,15.7076160595,10.0445599853,0,0,4.03277435512,4.01784422765,0,0,1
current_r1,9.3,15.7076160595,10.0445599853,0,0,4.03277435512,4.01784422765,0,0,1
current_r1,9.325,15.7076160595,10.0445599853,0,0,4.03277435512,4.01784422765,0,0,1
current_r1,9.35,15.7076160595,10.0445599853,0,0,4.03277435512,4.01784422765,0,0,1
current_r1,9.375,15.7076160595,10.0445599853,0,0,4.03277435512,4.01784422765,0,0,1
current_r1,9.4,15.7076160595,10.0445599853,0,0,4.03277435512,4.01784422765,0,0,1
current_r1,9.425,15.7076160595,10.0445599853,0,0,4.03277435512,4.01784422765,0,0,1
current_r1,9.45,15.7076160595,10.0445599853,0,0,4.03277435512,4.01784422765,0,0,1
current_r1,9.475,15.7076160595,10.0445599853,0,0,4.03277435512,4.01784422765,0,0,1
current_r1,9.5,15.7076160595,10.0445599853,0,0,4.03277435512,4.01784422765,0,0,1
current_r1,9.525,15.7076160595,10.0445599853,0,0,4.03277435512,4.01784422765,0,0,1
current_r1,9.55,15.7076160595,10.0445599853,0,0,4.03277435512,4.01784422765,0,0,1
current_r1,9.575,15.7076160595,10.0445599853,0,0,4.03277435512,4.01784422765,0,0,1
current_r1,9.6,15.7076160595,10.0445599853,0,0,4.03277435512,4.01784422765,0,0,1
current_r1,9.625,15.7076160595,10.0445599853,0,0,4.03277435512,4.01784422765,0,0,1
current_r1,9.65,15.7076160595,10.0445599853,0,0,4.03277435512,4.01784422765,0,0,1
current_r1,9.675,15.7076160595,10.0445599853,0,0,4.03277435512,4.01784422765,0,0,1
current_r1,9.7,15.7076160595,10.0445599853,0,0,4.03277435512,4.01784422765,0,0,1
current_r1,9.725,15.7076160595,10.0445599853,0,0,4.03277435512,4.01784422765,0,0,1
current_r1,9.75,15.7076160595,10.0445599853,0,0,4.03277435512,4.01784422765,0,0,1
current_r1,9.775,15.7076160595,10.0445599853,0,0,4.03277435512,4.01784422765,0,0,1
current_r1,9.8,15.7076160595,10.0445599853,0,0,4.03277435512,4.01784422765,0,0,1
current_r1,9.825,15.7076160595,10.0445599853,0,0,4.03277435512,4.01784422765,0,0,1
current_r1,9.85,15.7076160595,10.0445599853,0,0,4.03277435512,4.01784422765,0,0,1
current_r1,9.875,15.7076160595,10.0445599853,0,0,4.03277435512,4.01784422765,0,0,1
current_r1,9.9,15.7076160595,10.0445599853,0,0,4.03277435512,4.01784422765,0,0,1
current_r1,9.925,15.7076160595,10.0445599853,0,0,4.03277435512,4.01784422765,0,0,1
current_r1,9.95,15.7076160595,10.0445599853,0,0,4.03277435512,4.01784422765,0,0,1
current_r1,9.975,15.7076160595,10.0445599853,0,0,4.03277435512,4.01784422765,0,0,1
current_r1,10,15.7076160595,10.0445599853,0,0,4.03277435512,4.01784422765,0,0,1
current_r1,10.025,15.7076160595,10.0445599853,0,0,4.03277435512,4.01784422765,0,0,1
current_r1,10.05,15.7076160595,10.0445599853,0,0,4.03277435512,4.01784422765,0,0,1
current_r1,10.075,15.7076160595,10.0445599853,0,0,4.03277435512,4.01784422765,0,0,1
current_r1,10.1,15.7076160595,10.0445599853,0,0,4.03277435512,4.01784422765,0,0,1
current_r1,10.125,15.7076160595,10.0445599853,0,0,4.03277435512,4.01784422765,0,0,1
current_r1,10.15,15.7076160595,10.0445599853,0,0,4.03277435512,4.01784422765,0,0,1
current_r1,10.175,15.7076160595,10.0445599853,0,0,4.03277435512,4.01784422765,0,0,1
current_r1,10.2,15.7076160595,10.0445599853,0,0,4.03277435512,4.01784422765,0,0,1
current_r1,10.225,15.7076160595,10.0445599853,0,0,4.03277435512,4.01784422765,0,0,1
current_r1,10.25,15.7076160595,10.0445599853,0,0,4.03277435512,4.01784422765,0,0,1
current_r1,10.275,15.7076160595,10.0445599853,0,0,4.03277435512,4.01784422765,0,0,1
current_r1,10.3,15.7076160595,10.0445599853,0,0,4.03277435512,4.01784422765,0,0,1
current_r1,10.325,15.7076160595,10.0445599853,0,0,4.03277435512,4.01784422765,0,0,1
current_r1,10.35,15.7076160595,10.0445599853,0,0,4.03277435512,4.01784422765,0,0,1
current_r1,10.375,15.7076160595,10.0445599853,0,0,4.03277435512,4.01784422765,0,0,1
current_r1,10.4,15.7076160595,10.0445599853,0,0,4.03277435512,4.01784422765,0,0,1
current_r1,10.425,15.7076160595,10.0445599853,0,0,4.03277435512,4.01784422765,0,0,1
current_r1,10.45,15.7076160595,10.0445599853,0,0,4.03277435512,4.01784422765,0,0,1
current_r1,10.475,15.7076160595,10.0445599853,0,0,4.03277435512,4.01784422765,0,0,1
current_r1,10.5,15.7076160595,10.0445599853,0,0,4.03277435512,4.01784422765,0,0,1
current_r1,10.525,15.7076160595,10.0445599853,0,0,4.03277435512,4.01784422765,0,0,1
current_r1,10.55,15.7076160595,10.0445599853,0,0,4.03277435512,4.01784422765,0,0,1
current_r1,10.575,15.7076160595,10.0445599853,0,0,4.03277435512,4.01784422765,0,0,1
current_r1,10.6,15.7076160595,10.0445599853,0,0,4.03277435512,4.01784422765,0,0,1
current_r1,10.625,15.7076160595,10.0445599853,0,0,4.03277435512,4.01784422765,0,0,1
current_r1,10.65,15.7076160595,10.0445599853,0,0,4.03277435512,4.01784422765,0,0,1
current_r1,10.675,15.7076160595,10.0445599853,0,0,4.03277435512,4.01784422765,0,0,1
current_r1,10.7,15.7076160595,10.0445599853,0,0,4.03277435512,4.01784422765,0,0,1
current_r1,10.725,15.7076160595,10.0445599853,0,0,4.03277435512,4.01784422765,0,0,1
current_r1,10.75,15.7076160595,10.0445599853,0,0,4.03277435512,4.01784422765,0,0,1
current_r1,10.775,15.7076160595,10.0445599853,0,0,4.03277435512,4.01784422765,0,0,1
current_r1,10.8,15.7076160595,10.0445599853,0,0,4.03277435512,4.01784422765,0,0,1
current_r1,10.825,15.7076160595,10.0445599853,0,0,4.03277435512,4.01784422765,0,0,1
current_r1,10.85,15.7076160595,10.0445599853,0,0,4.03277435512,4.01784422765,0,0,1
current_r1,10.875,15.7076160595,10.0445599853,0,0,4.03277435512,4.01784422765,0,0,1
current_r1,10.9,15.7076160595,10.0445599853,0,0,4.03277435512,4.01784422765,0,0,1
current_r1,10.925,15.7076160595,10.0445599853,0,0,4.03277435512,4.01784422765,0,0,1
current_r1,10.95,15.7076160595,10.0445599853,0,0,4.03277435512,4.01784422765,0,0,1
current_r1,10.975,15.7076160595,10.0445599853,0,0,4.03277435512,4.01784422765,0,0,1
current_r1,11,15.7076160595,10.0445599853,0,0,4.03277435512,4.01784422765,0,0,1
current_r1,11.025,15.7076160595,10.0445599853,0,0,4.03277435512,4.01784422765,0,0,1
current_r1,11.05,15.7076160595,10.0445599853,0,0,4.03277435512,4.01784422765,0,0,1
current_r1,11.075,15.7076160595,10.0445599853,0,0,4.03277435512,4.01784422765,0,0,1
current_r1,11.1,15.7076160595,10.0445599853,0,0,4.03277435512,4.01784422765,0,0,1
current_r1,11.125,15.7076160595,10.0445599853,0,0,4.03277435512,4.01784422765,0,0,1
current_r1,11.15,15.7076160595,10.0445599853,0,0,4.03277435512,4.01784422765,0,0,1
current_r1,11.175,15.7076160595,10.0445599853,0,0,4.03277435512,4.01784422765,0,0,1
current_r1,11.2,15.7076160595,10.0445599853,0,0,4.03277435512,4.01784422765,0,0,1
current_r1,11.225,15.7076160595,10.0445599853,0,0,4.03277435512,4.01784422765,0,0,1
current_r1,11.25,15.7076160595,10.0445599853,0,0,4.03277435512,4.01784422765,0,0,1
current_r1,11.275,15.7076160595,10.0445599853,0,0,4.03277435512,4.01784422765,0,0,1
current_r1,11.3,15.7076160595,10.0445599853,0,0,4.03277435512,4.01784422765,0,0,1
current_r1,11.325,15.7076160595,10.0445599853,0,0,4.03277435512,4.01784422765,0,0,1
current_r1,11.35,15.7076160595,10.0445599853,0,0,4.03277435512,4.01784422765,0,0,1
current_r1,11.375,15.7076160595,10.0445599853,0,0,4.03277435512,4.01784422765,0,0,1
current_r1,11.4,15.7076160595,10.0445599853,0,0,4.03277435512,4.01784422765,0,0,1
current_r1,11.425,15.7076160595,10.0445599853,0,0,4.03277435512,4.01784422765,0,0,1
current_r1,11.45,15.7076160595,10.0445599853,0,0,4.03277435512,4.01784422765,0,0,1
current_r1,11.475,15.7076160595,10.0445599853,0,0,4.03277435512,4.01784422765,0,0,1
current_r1,11.5,15.7076160595,10.0445599853,0,0,4.03277435512,4.01784422765,0,0,1
current_r1,11.525,15.7076160595,10.0445599853,0,0,4.03277435512,4.01784422765,0,0,1
current_r1,11.55,15.7076160595,10.0445599853,0,0,4.03277435512,4.01784422765,0,0,1
current_r1,11.575,15.7076160595,10.0445599853,0,0,4.03277435512,4.01784422765,0,0,1
current_r1,11.6,15.7076160595,10.0445599853,0,0,4.03277435512,4.01784422765,0,0,1
current_r1,11.625,15.7076160595,10.0445599853,0,0,4.03277435512,4.01784422765,0,0,1
current_r1,11.65,15.7076160595,10.0445599853,0,0,4.03277435512,4.01784422765,0,0,1
current_r1,11.675,15.7076160595,10.0445599853,0,0,4.03277435512,4.01784422765,0,0,1
current_r1,11.7,15.7076160595,10.0445599853,0,0,4.03277435512,4.01784422765,0,0,1
current_r1,11.725,15.7076160595,10.0445599853,0,0,4.03277435512,4.01784422765,0,0,1
current_r1,11.75,15.7076160595,10.0445599853,0,0,4.03277435512,4.01784422765,0,0,1
current_r1,11.775,15.7076160595,10.0445599853,0,0,4.03277435512,4.01784422765,0,0,1
current_r1,11.8,15.7076160595,10.0445599853,0,0,4.03277435512,4.01784422765,0,0,1
current_r1,11.825,15.7076160595,10.0445599853,0,0,4.03277435512,4.01784422765,0,0,1
current_r1,11.85,15.7076160595,10.0445599853,0,0,4.03277435512,4.01784422765,0,0,1
current_r1,11.875,15.7076160595,10.0445599853,0,0,4.03277435512,4.01784422765,0,0,1
current_r1,11.9,15.7076160595,10.0445599853,0,0,4.03277435512,4.01784422765,0,0,1
current_r1,11.925,15.7076160595,10.0445599853,0,0,4.03277435512,4.01784422765,0,0,1
current_r1,11.95,15.7076160595,10.0445599853,0,0,4.03277435512,4.01784422765,0,0,1
current_r1,11.975,15.7076160595,10.0445599853,0,0,4.03277435512,4.01784422765,0,0,1
current_r1,12,15.7076160595,10.0445599853,0,0,4.03277435512,4.01784422765,0,0,1
current_r1,12.025,15.7076160595,10.0445599853,0,0,4.03277435512,4.01784422765,0,0,1
current_r1,12.05,15.7076160595,10.0445599853,0,0,4.03277435512,4.01784422765,0,0,1
current_r1,12.075,15.7076160595,10.0445599853,0,0,4.03277435512,4.01784422765,0,0,1
current_r1,12.1,15.7076160595,10.0445599853,0,0,4.03277435512,4.01784422765,0,0,1
current_r1,12.125,15.7076160595,10.0445599853,0,0,4.03277435512,4.01784422765,0,0,1
current_r1,12.15,15.7076160595,10.0445599853,0,0,4.03277435512,4.01784422765,0,0,1
current_r1,12.175,15.7076160595,10.0445599853,0,0,4.03277435512,4.01784422765,0,0,1
current_r1,12.2,15.7076160595,10.0445599853,0,0,4.03277435512,4.01784422765,0,0,1
current_r1,12.225,15.7076160595,10.0445599853,0,0,4.03277435512,4.01784422765,0,0,1
current_r1,12.25,15.7076160595,10.0445599853,0,0,4.03277435512,4.01784422765,0,0,1
current_r1,12.275,15.7076160595,10.0445599853,0,0,4.03277435512,4.01784422765,0,0,1
current_r1,12.3,15.7076160595,10.0445599853,0,0,4.03277435512,4.01784422765,0,0,1
current_r1,12.325,15.7076160595,10.0445599853,0,0,4.03277435512,4.01784422765,0,0,1
current_r1,12.35,15.7076160595,10.0445599853,0,0,4.03277435512,4.01784422765,0,0,1
current_r1,12.375,15.7076160595,10.0445599853,0,0,4.03277435512,4.01784422765,0,0,1
current_r1,12.4,15.7076160595,10.0445599853,0,0,4.03277435512,4.01784422765,0,0,1
current_r1,12.425,15.7076160595,10.0445599853,0,0,4.03277435512,4.01784422765,0,0,1
current_r1,12.45,15.7076160595,10.0445599853,0,0,4.03277435512,4.01784422765,0,0,1
current_r1,12.475,15.7076160595,10.0445599853,0,0,4.03277435512,4.01784422765,0,0,1
current_r1,12.5,15.7076160595,10.0445599853,0,0,4.03277435512,4.01784422765,0,0,1
current_r1,12.525,15.7076160595,10.0445599853,0,0,4.03277435512,4.01784422765,0,0,1
current_r1,12.55,15.7076160595,10.0445599853,0,0,4.03277435512,4.01784422765,0,0,1
current_r1,12.575,15.7076160595,10.0445599853,0,0,4.03277435512,4.01784422765,0,0,1
current_r1,12.6,15.7076160595,10.0445599853,0,0,4.03277435512,4.01784422765,0,0,1
current_r1,12.625,15.7076160595,10.0445599853,0,0,4.03277435512,4.01784422765,0,0,1
current_r1,12.65,15.7076160595,10.0445599853,0,0,4.03277435512,4.01784422765,0,0,1
current_r1,12.675,15.7076160595,10.0445599853,0,0,4.03277435512,4.01784422765,0,0,1
current_r1,12.7,15.7076160595,10.0445599853,0,0,4.03277435512,4.01784422765,0,0,1
current_r1,12.725,15.7076160595,10.0445599853,0,0,4.03277435512,4.01784422765,0,0,1
current_r1,12.75,15.7076160595,10.0445599853,0,0,4.03277435512,4.01784422765,0,0,1
current_r1,12.775,15.7076160595,10.0445599853,0,0,4.03277435512,4.01784422765,0,0,1
current_r1,12.8,15.7076160595,10.0445599853,0,0,4.03277435512,4.01784422765,0,0,1
current_r1,12.825,15.7076160595,10.0445599853,0,0,4.03277435512,4.01784422765,0,0,1
current_r1,12.85,15.7076160595,10.0445599853,0,0,4.03277435512,4.01784422765,0,0,1
current_r1,12.875,15.7076160595,10.0445599853,0,0,4.03277435512,4.01784422765,0,0,1
current_r1,12.9,15.7076160595,10.0445599853,0,0,4.03277435512,4.01784422765,0,0,1
current_r1,12.925,15.7076160595,10.0445599853,0,0,4.03277435512,4.01784422765,0,0,1
current_r1,12.95,15.7076160595,10.0445599853,0,0,4.03277435512,4.01784422765,0,0,1
current_r1,12.975,15.7076160595,10.0445599853,0,0,4.03277435512,4.01784422765,0,0,1
current_r1,13,15.7076160595,10.0445599853,0,0,4.03277435512,4.01784422765,0,0,1
current_r1,13.025,15.7076160595,10.0445599853,0,0,4.03277435512,4.01784422765,0,0,1
current_r1,13.05,15.7076160595,10.0445599853,0,0,4.03277435512,4.01784422765,0,0,1
current_r1,13.075,15.7076160595,10.0445599853,0,0,4.03277435512,4.01784422765,0,0,1
current_r1,13.1,15.7076160595,10.0445599853,0,0,4.03277435512,4.01784422765,0,0,1
current_r1,13.125,15.7076160595,10.0445599853,0,0,4.03277435512,4.01784422765,0,0,1
current_r1,13.15,15.7076160595,10.0445599853,0,0,4.03277435512,4.01784422765,0,0,1
current_r1,13.175,15.7076160595,10.0445599853,0,0,4.03277435512,4.01784422765,0,0,1
current_r1,13.2,15.7076160595,10.0445599853,0,0,4.03277435512,4.01784422765,0,0,1
current_r1,13.225,15.7076160595,10.0445599853,0,0,4.03277435512,4.01784422765,0,0,1
current_r1,13.25,15.7076160595,10.0445599853,0,0,4.03277435512,4.01784422765,0,0,1
current_r1,13.275,15.7076160595,10.0445599853,0,0,4.03277435512,4.01784422765,0,0,1
current_r1,13.3,15.7076160595,10.0445599853,0,0,4.03277435512,4.01784422765,0,0,1
current_r1,13.325,15.7076160595,10.0445599853,0,0,4.03277435512,4.01784422765,0,0,1
current_r1,13.35,15.7076160595,10.0445599853,0,0,4.03277435512,4.01784422765,0,0,1
current_r1,13.375,15.7076160595,10.0445599853,0,0,4.03277435512,4.01784422765,0,0,1
current_r1,13.4,15.7076160595,10.0445599853,0,0,4.03277435512,4.01784422765,0,0,1
current_r1,13.425,15.7076160595,10.0445599853,0,0,4.03277435512,4.01784422765,0,0,1
current_r1,13.45,15.7076160595,10.0445599853,0,0,4.03277435512,4.01784422765,0,0,1
current_r1,13.475,15.7076160595,10.0445599853,0,0,4.03277435512,4.01784422765,0,0,1
current_r1,13.5,15.7076160595,10.0445599853,0,0,4.03277435512,4.01784422765,0,0,1
current_r1,13.525,15.7076160595,10.0445599853,0,0,4.03277435512,4.01784422765,0,0,1
current_r1,13.55,15.7076160595,10.0445599853,0,0,4.03277435512,4.01784422765,0,0,1
current_r1,13.575,15.7076160595,10.0445599853,0,0,4.03277435512,4.01784422765,0,0,1
current_r1,13.6,15.7076160595,10.0445599853,0,0,4.03277435512,4.01784422765,0,0,1
current_r1,13.625,15.7076160595,10.0445599853,0,0,4.03277435512,4.01784422765,0,0,1
current_r1,13.65,15.7076160595,10.0445599853,0,0,4.03277435512,4.01784422765,0,0,1
current_r1,13.675,15.7076160595,10.0445599853,0,0,4.03277435512,4.01784422765,0,0,1
current_r1,13.7,15.7076160595,10.0445599853,0,0,4.03277435512,4.01784422765,0,0,1
current_r1,13.725,15.7076160595,10.0445599853,0,0,4.03277435512,4.01784422765,0,0,1
current_r1,13.75,15.7076160595,10.0445599853,0,0,4.03277435512,4.01784422765,0,0,1
current_r1,13.775,15.7076160595,10.0445599853,0,0,4.03277435512,4.01784422765,0,0,1
current_r1,13.8,15.7076160595,10.0445599853,0,0,4.03277435512,4.01784422765,0,0,1
current_r1,13.825,15.7076160595,10.0445599853,0,0,4.03277435512,4.01784422765,0,0,1
current_r1,13.85,15.7076160595,10.0445599853,0,0,4.03277435512,4.01784422765,0,0,1
current_r1,13.875,15.7076160595,10.0445599853,0,0,4.03277435512,4.01784422765,0,0,1
current_r1,13.9,15.7076160595,10.0445599853,0,0,4.03277435512,4.01784422765,0,0,1
current_r1,13.925,15.7076160595,10.0445599853,0,0,4.03277435512,4.01784422765,0,0,1
current_r1,13.95,15.7076160595,10.0445599853,0,0,4.03277435512,4.01784422765,0,0,1
current_r1,13.975,15.7076160595,10.0445599853,0,0,4.03277435512,4.01784422765,0,0,1
current_r1,14,15.7076160595,10.0445599853,0,0,4.03277435512,4.01784422765,0,0,1
current_r1,14.025,15.7076160595,10.0445599853,0,0,4.03277435512,4.01784422765,0,0,1
current_r1,14.05,15.7076160595,10.0445599853,0,0,4.03277435512,4.01784422765,0,0,1
current_r1,14.075,15.7076160595,10.0445599853,0,0,4.03277435512,4.01784422765,0,0,1
current_r1,14.1,15.7076160595,10.0445599853,0,0,4.03277435512,4.01784422765,0,0,1
current_r1,14.125,15.7076160595,10.0445599853,0,0,4.03277435512,4.01784422765,0,0,1
current_r1,14.15,15.7076160595,10.0445599853,0,0,4.03277435512,4.01784422765,0,0,1
current_r1,14.175,15.7076160595,10.0445599853,0,0,4.03277435512,4.01784422765,0,0,1
current_r1,14.2,15.7076160595,10.0445599853,0,0,4.03277435512,4.01784422765,0,0,1
current_r1,14.225,15.7076160595,10.0445599853,0,0,4.03277435512,4.01784422765,0,0,1
current_r1,14.25,15.7076160595,10.0445599853,0,0,4.03277435512,4.01784422765,0,0,1
current_r1,14.275,15.7076160595,10.0445599853,0,0,4.03277435512,4.01784422765,0,0,1
current_r1,14.3,15.7076160595,10.0445599853,0,0,4.03277435512,4.01784422765,0,0,1
current_r1,14.325,15.7076160595,10.0445599853,0,0,4.03277435512,4.01784422765,0,0,1
current_r1,14.35,15.7076160595,10.0445599853,0,0,4.03277435512,4.01784422765,0,0,1
current_r1,14.375,15.7076160595,10.0445599853,0,0,4.03277435512,4.01784422765,0,0,1
current_r1,14.4,15.7076160595,10.0445599853,0,0,4.03277435512,4.01784422765,0,0,1
current_r1,14.425,15.7076160595,10.0445599853,0,0,4.03277435512,4.01784422765,0,0,1
current_r1,14.45,15.7076160595,10.0445599853,0,0,4.03277435512,4.01784422765,0,0,1
current_r1,14.475,15.7076160595,10.0445599853,0,0,4.03277435512,4.01784422765,0,0,1
current_r1,14.5,15.7076160595,10.0445599853,0,0,4.03277435512,4.01784422765,0,0,1
current_r1,14.525,15.7076160595,10.0445599853,0,0,4.03277435512,4.01784422765,0,0,1
current_r1,14.55,15.7076160595,10.0445599853,0,0,4.03277435512,4.01784422765,0,0,1
current_r1,14.575,15.7076160595,10.0445599853,0,0,4.03277435512,4.01784422765,0,0,1
current_r1,14.6,15.7076160595,10.0445599853,0,0,4.03277435512,4.01784422765,0,0,1
current_r1,14.625,15.7076160595,10.0445599853,0,0,4.03277435512,4.01784422765,0,0,1
current_r1,14.65,15.7076160595,10.0445599853,0,0,4.03277435512,4.01784422765,0,0,1
current_r1,14.675,15.7076160595,10.0445599853,0,0,4.03277435512,4.01784422765,0,0,1
current_r1,14.7,15.7076160595,10.0445599853,0,0,4.03277435512,4.01784422765,0,0,1
current_r1,14.725,15.7076160595,10.0445599853,0,0,4.03277435512,4.01784422765,0,0,1
current_r1,14.75,15.7076160595,10.0445599853,0,0,4.03277435512,4.01784422765,0,0,1
current_r1,14.775,15.7076160595,10.0445599853,0,0,4.03277435512,4.01784422765,0,0,1
current_r1,14.8,15.7076160595,10.0445599853,0,0,4.03277435512,4.01784422765,0,0,1
current_r1,14.825,15.7076160595,10.0445599853,0,0,4.03277435512,4.01784422765,0,0,1
current_r1,14.85,15.7076160595,10.0445599853,0,0,4.03277435512,4.01784422765,0,0,1
current_r1,14.875,15.7076160595,10.0445599853,0,0,4.03277435512,4.01784422765,0,0,1
current_r1,14.9,15.7076160595,10.0445599853,0,0,4.03277435512,4.01784422765,0,0,1
current_r1,14.925,15.7076160595,10.0445599853,0,0,4.03277435512,4.01784422765,0,0,1
current_r1,14.95,15.7076160595,10.0445599853,0,0,4.03277435512,4.01784422765,0,0,1
current_r1,14.975,15.7076160595,10.0445599853,0,0,4.03277435512,4.01784422765,0,0,1
current_r1,15,15.7076160595,10.0445599853,0,0,4.03277435512,4.01784422765,0,0,1
current_r1,15.025,15.7076160595,10.0445599853,0,0,4.03277435512,4.01784422765,0,0,1
current_r1,15.05,15.7076160595,10.0445599853,0,0,4.03277435512,4.01784422765,0,0,1
current_r1,15.075,15.7076160595,10.0445599853,0,0,4.03277435512,4.01784422765,0,0,1
current_r1,15.1,15.7076160595,10.0445599853,0,0,4.03277435512,4.01784422765,0,0,1
current_r1,15.125,15.7076160595,10.0445599853,0,0,4.03277435512,4.01784422765,0,0,1
current_r1,15.15,15.7076160595,10.0445599853,0,0,4.03277435512,4.01784422765,0,0,1
current_r1,15.175,15.7076160595,10.0445599853,0,0,4.03277435512,4.01784422765,0,0,1
current_r1,15.2,15.7076160595,10.0445599853,0,0,4.03277435512,4.01784422765,0,0,1
current_r1,15.225,15.7076160595,10.0445599853,0,0,4.03277435512,4.01784422765,0,0,1
current_r1,15.25,15.7076160595,10.0445599853,0,0,4.03277435512,4.01784422765,0,0,1
current_r1,15.275,15.7076160595,10.0445599853,0,0,4.03277435512,4.01784422765,0,0,1
current_r1,15.3,15.7076160595,10.0445599853,0,0,4.03277435512,4.01784422765,0,0,1
current_r1,15.325,15.7076160595,10.0445599853,0,0,4.03277435512,4.01784422765,0,0,1
current_r1,15.35,15.7076160595,10.0445599853,0,0,4.03277435512,4.01784422765,0,0,1
current_r1,15.375,15.7076160595,10.0445599853,0,0,4.03277435512,4.01784422765,0,0,1
current_r1,15.4,15.7076160595,10.0445599853,0,0,4.03277435512,4.01784422765,0,0,1
current_r1,15.425,15.7076160595,10.0445599853,0,0,4.03277435512,4.01784422765,0,0,1
current_r1,15.45,15.7076160595,10.0445599853,0,0,4.03277435512,4.01784422765,0,0,1
current_r1,15.475,15.7076160595,10.0445599853,0,0,4.03277435512,4.01784422765,0,0,1
current_r1,15.5,15.7076160595,10.0445599853,0,0,4.03277435512,4.01784422765,0,0,1
current_r1,15.525,15.7076160595,10.0445599853,0,0,4.03277435512,4.01784422765,0,0,1
current_r1,15.55,15.7076160595,10.0445599853,0,0,4.03277435512,4.01784422765,0,0,1
current_r1,15.575,15.7076160595,10.0445599853,0,0,4.03277435512,4.01784422765,0,0,1
current_r1,15.6,15.7076160595,10.0445599853,0,0,4.03277435512,4.01784422765,0,0,1
current_r1,15.625,15.7076160595,10.0445599853,0,0,4.03277435512,4.01784422765,0,0,1
current_r1,15.65,15.7076160595,10.0445599853,0,0,4.03277435512,4.01784422765,0,0,1
current_r1,15.675,15.7076160595,10.0445599853,0,0,4.03277435512,4.01784422765,0,0,1
current_r1,15.7,15.7076160595,10.0445599853,0,0,4.03277435512,4.01784422765,0,0,1
current_r1,15.725,15.7076160595,10.0445599853,0,0,4.03277435512,4.01784422765,0,0,1
current_r1,15.75,15.7076160595,10.0445599853,0,0,4.03277435512,4.01784422765,0,0,1
current_r1,15.775,15.7076160595,10.0445599853,0,0,4.03277435512,4.01784422765,0,0,1
current_r1,15.8,15.7076160595,10.0445599853,0,0,4.03277435512,4.01784422765,0,0,1
current_r1,15.825,15.7076160595,10.0445599853,0,0,4.03277435512,4.01784422765,0,0,1
current_r1,15.85,15.7076160595,10.0445599853,0,0,4.03277435512,4.01784422765,0,0,1
current_r1,15.875,15.7076160595,10.0445599853,0,0,4.03277435512,4.01784422765,0,0,1
current_r1,15.9,15.7076160595,10.0445599853,0,0,4.03277435512,4.01784422765,0,0,1
current_r1,15.925,15.7076160595,10.0445599853,0,0,4.03277435512,4.01784422765,0,0,1
current_r1,15.95,15.7076160595,10.0445599853,0,0,4.03277435512,4.01784422765,0,0,1
current_r1,15.975,15.7076160595,10.0445599853,0,0,4.03277435512,4.01784422765,0,0,1
current_r1,16,15.7076160595,10.0445599853,0,0,4.03277435512,4.01784422765,0,0,1
current_r1,16.025,15.7076160595,10.0445599853,0,0,4.03277435512,4.01784422765,0,0,1
current_r1,16.05,15.7076160595,10.0445599853,0,0,4.03277435512,4.01784422765,0,0,1
current_r1,16.075,15.7076160595,10.0445599853,0,0,4.03277435512,4.01784422765,0,0,1
current_r1,16.1,15.7076160595,10.0445599853,0,0,4.03277435512,4.01784422765,0,0,1
current_r1,16.125,15.7076160595,10.0445599853,0,0,4.03277435512,4.01784422765,0,0,1
current_r1,16.15,15.7076160595,10.0445599853,0,0,4.03277435512,4.01784422765,0,0,1
current_r1,16.175,15.7076160595,10.0445599853,0,0,4.03277435512,4.01784422765,0,0,1
current_r1,16.2,15.7076160595,10.0445599853,0,0,4.03277435512,4.01784422765,0,0,1
current_r1,16.225,15.7076160595,10.0445599853,0,0,4.03277435512,4.01784422765,0,0,1
current_r1,16.25,15.7076160595,10.0445599853,0,0,4.03277435512,4.01784422765,0,0,1
current_r1,16.275,15.7076160595,10.0445599853,0,0,4.03277435512,4.01784422765,0,0,1
current_r1,16.3,15.7076160595,10.0445599853,0,0,4.03277435512,4.01784422765,0,0,1
current_r1,16.325,15.7076160595,10.0445599853,0,0,4.03277435512,4.01784422765,0,0,1
current_r1,16.35,15.7076160595,10.0445599853,0,0,4.03277435512,4.01784422765,0,0,1
current_r1,16.375,15.7076160595,10.0445599853,0,0,4.03277435512,4.01784422765,0,0,1
current_r1,16.4,15.7076160595,10.0445599853,0,0,4.03277435512,4.01784422765,0,0,1
current_r1,16.425,15.7076160595,10.0445599853,0,0,4.03277435512,4.01784422765,0,0,1
current_r1,16.45,15.7076160595,10.0445599853,0,0,4.03277435512,4.01784422765,0,0,1
current_r1,16.475,15.7076160595,10.0445599853,0,0,4.03277435512,4.01784422765,0,0,1
current_r1,16.5,15.7076160595,10.0445599853,0,0,4.03277435512,4.01784422765,0,0,1
current_r1,16.525,15.7076160595,10.0445599853,0,0,4.03277435512,4.01784422765,0,0,1
current_r1,16.55,15.7076160595,10.0445599853,0,0,4.03277435512,4.01784422765,0,0,1
current_r1,16.575,15.7076160595,10.0445599853,0,0,4.03277435512,4.01784422765,0,0,1
current_r1,16.6,15.7076160595,10.0445599853,0,0,4.03277435512,4.01784422765,0,0,1
current_r1,16.625,15.7076160595,10.0445599853,0,0,4.03277435512,4.01784422765,0,0,1
current_r1,16.65,15.7076160595,10.0445599853,0,0,4.03277435512,4.01784422765,0,0,1
current_r1,16.675,15.7076160595,10.0445599853,0,0,4.03277435512,4.01784422765,0,0,1
current_r1,16.7,15.7076160595,10.0445599853,0,0,4.03277435512,4.01784422765,0,0,1
current_r1,16.725,15.7076160595,10.0445599853,0,0,4.03277435512,4.01784422765,0,0,1
current_r1,16.75,15.7076160595,10.0445599853,0,0,4.03277435512,4.01784422765,0,0,1
current_r1,16.775,15.7076160595,10.0445599853,0,0,4.03277435512,4.01784422765,0,0,1
current_r1,16.8,15.7076160595,10.0445599853,0,0,4.03277435512,4.01784422765,0,0,1
current_r1,16.825,15.7076160595,10.0445599853,0,0,4.03277435512,4.01784422765,0,0,1
current_r1,16.85,15.7076160595,10.0445599853,0,0,4.03277435512,4.01784422765,0,0,1
current_r1,16.875,15.7076160595,10.0445599853,0,0,4.03277435512,4.01784422765,0,0,1
current_r1,16.9,15.7076160595,10.0445599853,0,0,4.03277435512,4.01784422765,0,0,1
current_r1,16.925,15.7076160595,10.0445599853,0,0,4.03277435512,4.01784422765,0,0,1
current_r1,16.95,15.7076160595,10.0445599853,0,0,4.03277435512,4.01784422765,0,0,1
current_r1,16.975,15.7076160595,10.0445599853,0,0,4.03277435512,4.01784422765,0,0,1
current_r1,17,15.7076160595,10.0445599853,0,0,4.03277435512,4.01784422765,0,0,1
current_r1,17.025,15.7076160595,10.0445599853,0,0,4.03277435512,4.01784422765,0,0,1
current_r1,17.05,15.7076160595,10.0445599853,0,0,4.03277435512,4.01784422765,0,0,1
current_r1,17.075,15.7076160595,10.0445599853,0,0,4.03277435512,4.01784422765,0,0,1
current_r1,17.1,15.7076160595,10.0445599853,0,0,4.03277435512,4.01784422765,0,0,1
current_r1,17.125,15.7076160595,10.0445599853,0,0,4.03277435512,4.01784422765,0,0,1
current_r1,17.15,15.7076160595,10.0445599853,0,0,4.03277435512,4.01784422765,0,0,1
current_r1,17.175,15.7076160595,10.0445599853,0,0,4.03277435512,4.01784422765,0,0,1
current_r1,17.2,15.7076160595,10.0445599853,0,0,4.03277435512,4.01784422765,0,0,1
current_r1,17.225,15.7076160595,10.0445599853,0,0,4.03277435512,4.01784422765,0,0,1
current_r1,17.25,15.7076160595,10.0445599853,0,0,4.03277435512,4.01784422765,0,0,1
current_r1,17.275,15.7076160595,10.0445599853,0,0,4.03277435512,4.01784422765,0,0,1
current_r1,17.3,15.7076160595,10.0445599853,0,0,4.03277435512,4.01784422765,0,0,1
current_r1,17.325,15.7076160595,10.0445599853,0,0,4.03277435512,4.01784422765,0,0,1
current_r1,17.35,15.7076160595,10.0445599853,0,0,4.03277435512,4.01784422765,0,0,1
current_r1,17.375,15.7076160595,10.0445599853,0,0,4.03277435512,4.01784422765,0,0,1
current_r1,17.4,15.7076160595,10.0445599853,0,0,4.03277435512,4.01784422765,0,0,1
current_r1,17.425,15.7076160595,10.0445599853,0,0,4.03277435512,4.01784422765,0,0,1
current_r1,17.45,15.7076160595,10.0445599853,0,0,4.03277435512,4.01784422765,0,0,1
current_r1,17.475,15.7076160595,10.0445599853,0,0,4.03277435512,4.01784422765,0,0,1
current_r1,17.5,15.7076160595,10.0445599853,0,0,4.03277435512,4.01784422765,0,0,1
current_r1,17.525,15.7076160595,10.0445599853,0,0,4.03277435512,4.01784422765,0,0,1
current_r1,17.55,15.7076160595,10.0445599853,0,0,4.03277435512,4.01784422765,0,0,1
current_r1,17.575,15.7076160595,10.0445599853,0,0,4.03277435512,4.01784422765,0,0,1
current_r1,17.6,15.7076160595,10.0445599853,0,0,4.03277435512,4.01784422765,0,0,1
current_r1,17.625,15.7076160595,10.0445599853,0,0,4.03277435512,4.01784422765,0,0,1
current_r1,17.65,15.7076160595,10.0445599853,0,0,4.03277435512,4.01784422765,0,0,1
current_r1,17.675,15.7076160595,10.0445599853,0,0,4.03277435512,4.01784422765,0,0,1
current_r1,17.7,15.7076160595,10.0445599853,0,0,4.03277435512,4.01784422765,0,0,1
current_r1,17.725,15.7076160595,10.0445599853,0,0,4.03277435512,4.01784422765,0,0,1
current_r1,17.75,15.7076160595,10.0445599853,0,0,4.03277435512,4.01784422765,0,0,1
current_r1,17.775,15.7076160595,10.0445599853,0,0,4.03277435512,4.01784422765,0,0,1
current_r1,17.8,15.7076160595,10.0445599853,0,0,4.03277435512,4.01784422765,0,0,1
current_r1,17.825,15.7076160595,10.0445599853,0,0,4.03277435512,4.01784422765,0,0,1
current_r1,17.85,15.7076160595,10.0445599853,0,0,4.03277435512,4.01784422765,0,0,1
current_r1,17.875,15.7076160595,10.0445599853,0,0,4.03277435512,4.01784422765,0,0,1
current_r1,17.9,15.7076160595,10.0445599853,0,0,4.03277435512,4.01784422765,0,0,1
current_r1,17.925,15.7076160595,10.0445599853,0,0,4.03277435512,4.01784422765,0,0,1
current_r1,17.95,15.7076160595,10.0445599853,0,0,4.03277435512,4.01784422765,0,0,1
current_r1,17.975,15.7076160595,10.0445599853,0,0,4.03277435512,4.01784422765,0,0,1
current_r1,18,15.7076160595,10.0445599853,0,0,4.03277435512,4.01784422765,0,0,1
current_r1,18.025,15.7076160595,10.0445599853,0,0,4.03277435512,4.01784422765,0,0,1
current_r1,18.05,15.7076160595,10.0445599853,0,0,4.03277435512,4.01784422765,0,0,1
current_r1,18.075,15.7076160595,10.0445599853,0,0,4.03277435512,4.01784422765,0,0,1
current_r1,18.1,15.7076160595,10.0445599853,0,0,4.03277435512,4.01784422765,0,0,1
current_r1,18.125,15.7076160595,10.0445599853,0,0,4.03277435512,4.01784422765,0,0,1
current_r1,18.15,15.7076160595,10.0445599853,0,0,4.03277435512,4.01784422765,0,0,1
current_r1,18.175,15.7076160595,10.0445599853,0,0,4.03277435512,4.01784422765,0,0,1
current_r1,18.2,15.7076160595,10.0445599853,0,0,4.03277435512,4.01784422765,0,0,1
current_r1,18.225,15.7076160595,10.0445599853,0,0,4.03277435512,4.01784422765,0,0,1
current_r1,18.25,15.7076160595,10.0445599853,0,0,4.03277435512,4.01784422765,0,0,1
current_r1,18.275,15.7076160595,10.0445599853,0,0,4.03277435512,4.01784422765,0,0,1
current_r1,18.3,15.7076160595,10.0445599853,0,0,4.03277435512,4.01784422765,0,0,1
current_r1,18.325,15.7076160595,10.0445599853,0,0,4.03277435512,4.01784422765,0,0,1
current_r1,18.35,15.7076160595,10.0445599853,0,0,4.03277435512,4.01784422765,0,0,1
current_r1,18.375,15.7076160595,10.0445599853,0,0,4.03277435512,4.01784422765,0,0,1
current_r1,18.4,15.7076160595,10.0445599853,0,0,4.03277435512,4.01784422765,0,0,1
current_r1,18.425,15.7076160595,10.0445599853,0,0,4.03277435512,4.01784422765,0,0,1
current_r1,18.45,15.7076160595,10.0445599853,0,0,4.03277435512,4.01784422765,0,0,1
current_r1,18.475,15.7076160595,10.0445599853,0,0,4.03277435512,4.01784422765,0,0,1
current_r1,18.5,15.7076160595,10.0445599853,0,0,4.03277435512,4.01784422765,0,0,1
current_r1,18.525,15.7076160595,10.0445599853,0,0,4.03277435512,4.01784422765,0,0,1
current_r1,18.55,15.7076160595,10.0445599853,0,0,4.03277435512,4.01784422765,0,0,1
current_r1,18.575,15.7076160595,10.0445599853,0,0,4.03277435512,4.01784422765,0,0,1
current_r1,18.6,15.7076160595,10.0445599853,0,0,4.03277435512,4.01784422765,0,0,1
current_r1,18.625,15.7076160595,10.0445599853,0,0,4.03277435512,4.01784422765,0,0,1
current_r1,18.65,15.7076160595,10.0445599853,0,0,4.03277435512,4.01784422765,0,0,1
current_r1,18.675,15.7076160595,10.0445599853,0,0,4.03277435512,4.01784422765,0,0,1
current_r1,18.7,15.7076160595,10.0445599853,0,0,4.03277435512,4.01784422765,0,0,1
current_r1,18.725,15.7076160595,10.0445599853,0,0,4.03277435512,4.01784422765,0,0,1
current_r1,18.75,15.7076160595,10.0445599853,0,0,4.03277435512,4.01784422765,0,0,1
current_r1,18.775,15.7076160595,10.0445599853,0,0,4.03277435512,4.01784422765,0,0,1
current_r1,18.8,15.7076160595,10.0445599853,0,0,4.03277435512,4.01784422765,0,0,1
current_r1,18.825,15.7076160595,10.0445599853,0,0,4.03277435512,4.01784422765,0,0,1
current_r1,18.85,15.7076160595,10.0445599853,0,0,4.03277435512,4.01784422765,0,0,1
current_r1,18.875,15.7076160595,10.0445599853,0,0,4.03277435512,4.01784422765,0,0,1
current_r1,18.9,15.7076160595,10.0445599853,0,0,4.03277435512,4.01784422765,0,0,1
current_r1,18.925,15.7076160595,10.0445599853,0,0,4.03277435512,4.01784422765,0,0,1
current_r1,18.95,15.7076160595,10.0445599853,0,0,4.03277435512,4.01784422765,0,0,1
current_r1,18.975,15.7076160595,10.0445599853,0,0,4.03277435512,4.01784422765,0,0,1
current_r1,19,15.7076160595,10.0445599853,0,0,4.03277435512,4.01784422765,0,0,1
current_r1,19.025,15.7076160595,10.0445599853,0,0,4.03277435512,4.01784422765,0,0,1
current_r1,19.05,15.7076160595,10.0445599853,0,0,4.03277435512,4.01784422765,0,0,1
current_r1,19.075,15.7076160595,10.0445599853,0,0,4.03277435512,4.01784422765,0,0,1
current_r1,19.1,15.7076160595,10.0445599853,0,0,4.03277435512,4.01784422765,0,0,1
current_r1,19.125,15.7076160595,10.0445599853,0,0,4.03277435512,4.01784422765,0,0,1
current_r1,19.15,15.7076160595,10.0445599853,0,0,4.03277435512,4.01784422765,0,0,1
current_r1,19.175,15.7076160595,10.0445599853,0,0,4.03277435512,4.01784422765,0,0,1
current_r1,19.2,15.7076160595,10.0445599853,0,0,4.03277435512,4.01784422765,0,0,1
current_r1,19.225,15.7076160595,10.0445599853,0,0,4.03277435512,4.01784422765,0,0,1
current_r1,19.25,15.7076160595,10.0445599853,0,0,4.03277435512,4.01784422765,0,0,1
current_r1,19.275,15.7076160595,10.0445599853,0,0,4.03277435512,4.01784422765,0,0,1
current_r1,19.3,15.7076160595,10.0445599853,0,0,4.03277435512,4.01784422765,0,0,1
current_r1,19.325,15.7076160595,10.0445599853,0,0,4.03277435512,4.01784422765,0,0,1
current_r1,19.35,15.7076160595,10.0445599853,0,0,4.03277435512,4.01784422765,0,0,1
current_r1,19.375,15.7076160595,10.0445599853,0,0,4.03277435512,4.01784422765,0,0,1
current_r1,19.4,15.7076160595,10.0445599853,0,0,4.03277435512,4.01784422765,0,0,1
current_r1,19.425,15.7076160595,10.0445599853,0,0,4.03277435512,4.01784422765,0,0,1
current_r1,19.45,15.7076160595,10.0445599853,0,0,4.03277435512,4.01784422765,0,0,1
current_r1,19.475,15.7076160595,10.0445599853,0,0,4.03277435512,4.01784422765,0,0,1
current_r1,19.5,15.7076160595,10.0445599853,0,0,4.03277435512,4.01784422765,0,0,1
current_r1,19.525,15.7076160595,10.0445599853,0,0,4.03277435512,4.01784422765,0,0,1
current_r1,19.55,15.7076160595,10.0445599853,0,0,4.03277435512,4.01784422765,0,0,1
current_r1,19.575,15.7076160595,10.0445599853,0,0,4.03277435512,4.01784422765,0,0,1
current_r1,19.6,15.7076160595,10.0445599853,0,0,4.03277435512,4.01784422765,0,0,1
current_r1,19.625,15.7076160595,10.0445599853,0,0,4.03277435512,4.01784422765,0,0,1
current_r1,19.65,15.7076160595,10.0445599853,0,0,4.03277435512,4.01784422765,0,0,1
current_r1,19.675,15.7076160595,10.0445599853,0,0,4.03277435512,4.01784422765,0,0,1
current_r1,19.7,15.7076160595,10.0445599853,0,0,4.03277435512,4.01784422765,0,0,1
current_r1,19.725,15.7076160595,10.0445599853,0,0,4.03277435512,4.01784422765,0,0,1
current_r1,19.75,15.7076160595,10.0445599853,0,0,4.03277435512,4.01784422765,0,0,1
current_r1,19.775,15.7076160595,10.0445599853,0,0,4.03277435512,4.01784422765,0,0,1
current_r1,19.8,15.7076160595,10.0445599853,0,0,4.03277435512,4.01784422765,0,0,1
current_r1,19.825,15.7076160595,10.0445599853,0,0,4.03277435512,4.01784422765,0,0,1
current_r1,19.85,15.7076160595,10.0445599853,0,0,4.03277435512,4.01784422765,0,0,1
current_r1,19.875,15.7076160595,10.0445599853,0,0,4.03277435512,4.01784422765,0,0,1
current_r1,19.9,15.7076160595,10.0445599853,0,0,4.03277435512,4.01784422765,0,0,1
current_r1,19.925,15.7076160595,10.0445599853,0,0,4.03277435512,4.01784422765,0,0,1
current_r1,19.95,15.7076160595,10.0445599853,0,0,4.03277435512,4.01784422765,0,0,1
current_r1,19.975,15.7076160595,10.0445599853,0,0,4.03277435512,4.01784422765,0,0,1
current_r1,20,15.7076160595,10.0445599853,0,0,4.03277435512,4.01784422765,0,0,1
current_r1,20.025,15.7076160595,10.0445599853,0,0,4.03277435512,4.01784422765,0,0,1
current_r1,20.05,15.7076160595,10.0445599853,0,0,4.03277435512,4.01784422765,0,0,1
current_r1,20.075,15.7076160595,10.0445599853,0,0,4.03277435512,4.01784422765,0,0,1
current_r1,20.1,15.7076160595,10.0445599853,0,0,4.03277435512,4.01784422765,0,0,1
current_r1,20.125,15.7076160595,10.0445599853,0,0,4.03277435512,4.01784422765,0,0,1
current_r1,20.15,15.7076160595,10.0445599853,0,0,4.03277435512,4.01784422765,0,0,1
current_r1,20.175,15.7076160595,10.0445599853,0,0,4.03277435512,4.01784422765,0,0,1
current_r1,20.2,15.7076160595,10.0445599853,0,0,4.03277435512,4.01784422765,0,0,1
current_r1,20.225,15.7076160595,10.0445599853,0,0,4.03277435512,4.01784422765,0,0,1
current_r1,20.25,15.7076160595,10.0445599853,0,0,4.03277435512,4.01784422765,0,0,1
current_r1,20.275,15.7076160595,10.0445599853,0,0,4.03277435512,4.01784422765,0,0,1
current_r1,20.3,15.7076160595,10.0445599853,0,0,4.03277435512,4.01784422765,0,0,1
current_r1,20.325,15.7076160595,10.0445599853,0,0,4.03277435512,4.01784422765,0,0,1
current_r1,20.35,15.7076160595,10.0445599853,0,0,4.03277435512,4.01784422765,0,0,1
current_r1,20.375,15.7076160595,10.0445599853,0,0,4.03277435512,4.01784422765,0,0,1
current_r1,20.4,15.7076160595,10.0445599853,0,0,4.03277435512,4.01784422765,0,0,1
current_r1,20.425,15.7076160595,10.0445599853,0,0,4.03277435512,4.01784422765,0,0,1
current_r1,20.45,15.7076160595,10.0445599853,0,0,4.03277435512,4.01784422765,0,0,1
current_r1,20.475,15.7076160595,10.0445599853,0,0,4.03277435512,4.01784422765,0,0,1
current_r1,20.5,15.7076160595,10.0445599853,0,0,4.03277435512,4.01784422765,0,0,1
current_r1,20.525,15.7076160595,10.0445599853,0,0,4.03277435512,4.01784422765,0,0,1
current_r1,20.55,15.7076160595,10.0445599853,0,0,4.03277435512,4.01784422765,0,0,1
current_r1,20.575,15.7076160595,10.0445599853,0,0,4.03277435512,4.01784422765,0,0,1
current_r1,20.6,15.7076160595,10.0445599853,0,0,4.03277435512,4.01784422765,0,0,1
current_r1,20.625,15.7076160595,10.0445599853,0,0,4.03277435512,4.01784422765,0,0,1
current_r1,20.65,15.7076160595,10.0445599853,0,0,4.03277435512,4.01784422765,0,0,1
current_r1,20.675,15.7076160595,10.0445599853,0,0,4.03277435512,4.01784422765,0,0,1
current_r1,20.7,15.7076160595,10.0445599853,0,0,4.03277435512,4.01784422765,0,0,1
current_r1,20.725,15.7076160595,10.0445599853,0,0,4.03277435512,4.01784422765,0,0,1
current_r1,20.75,15.7076160595,10.0445599853,0,0,4.03277435512,4.01784422765,0,0,1
current_r1,20.775,15.7076160595,10.0445599853,0,0,4.03277435512,4.01784422765,0,0,1
current_r1,20.8,15.7076160595,10.0445599853,0,0,4.03277435512,4.01784422765,0,0,1
current_r1,20.825,15.7076160595,10.0445599853,0,0,4.03277435512,4.01784422765,0,0,1
current_r1,20.85,15.7076160595,10.0445599853,0,0,4.03277435512,4.01784422765,0,0,1
current_r1,20.875,15.7076160595,10.0445599853,0,0,4.03277435512,4.01784422765,0,0,1
current_r1,20.9,15.7076160595,10.0445599853,0,0,4.03277435512,4.01784422765,0,0,1
current_r1,20.925,15.7076160595,10.0445599853,0,0,4.03277435512,4.01784422765,0,0,1
current_r1,20.95,15.7076160595,10.0445599853,0,0,4.03277435512,4.01784422765,0,0,1
current_r1,20.975,15.7076160595,10.0445599853,0,0,4.03277435512,4.01784422765,0,0,1
current_r1,21,15.7076160595,10.0445599853,0,0,4.03277435512,4.01784422765,0,0,1
current_r1,21.025,15.7076160595,10.0445599853,0,0,4.03277435512,4.01784422765,0,0,1
current_r1,21.05,15.7076160595,10.0445599853,0,0,4.03277435512,4.01784422765,0,0,1
current_r1,21.075,15.7076160595,10.0445599853,0,0,4.03277435512,4.01784422765,0,0,1
current_r1,21.1,15.7076160595,10.0445599853,0,0,4.03277435512,4.01784422765,0,0,1
current_r1,21.125,15.7076160595,10.0445599853,0,0,4.03277435512,4.01784422765,0,0,1
current_r1,21.15,15.7076160595,10.0445599853,0,0,4.03277435512,4.01784422765,0,0,1
current_r1,21.175,15.7076160595,10.0445599853,0,0,4.03277435512,4.01784422765,0,0,1
current_r1,21.2,15.7076160595,10.0445599853,0,0,4.03277435512,4.01784422765,0,0,1
current_r1,21.225,15.7076160595,10.0445599853,0,0,4.03277435512,4.01784422765,0,0,1
current_r1,21.25,15.7076160595,10.0445599853,0,0,4.03277435512,4.01784422765,0,0,1
current_r1,21.275,15.7076160595,10.0445599853,0,0,4.03277435512,4.01784422765,0,0,1
current_r1,21.3,15.7076160595,10.0445599853,0,0,4.03277435512,4.01784422765,0,0,1
current_r1,21.325,15.7076160595,10.0445599853,0,0,4.03277435512,4.01784422765,0,0,1
current_r1,21.35,15.7076160595,10.0445599853,0,0,4.03277435512,4.01784422765,0,0,1
current_r1,21.375,15.7076160595,10.0445599853,0,0,4.03277435512,4.01784422765,0,0,1
current_r1,21.4,15.7076160595,10.0445599853,0,0,4.03277435512,4.01784422765,0,0,1
current_r1,21.425,15.7076160595,10.0445599853,0,0,4.03277435512,4.01784422765,0,0,1
current_r1,21.45,15.7076160595,10.0445599853,0,0,4.03277435512,4.01784422765,0,0,1
current_r1,21.475,15.7076160595,10.0445599853,0,0,4.03277435512,4.01784422765,0,0,1
current_r1,21.5,15.7076160595,10.0445599853,0,0,4.03277435512,4.01784422765,0,0,1
current_r1,21.525,15.7076160595,10.0445599853,0,0,4.03277435512,4.01784422765,0,0,1
current_r1,21.55,15.7076160595,10.0445599853,0,0,4.03277435512,4.01784422765,0,0,1
current_r1,21.575,15.7076160595,10.0445599853,0,0,4.03277435512,4.01784422765,0,0,1
current_r1,21.6,15.7076160595,10.0445599853,0,0,4.03277435512,4.01784422765,0,0,1
current_r1,21.625,15.7076160595,10.0445599853,0,0,4.03277435512,4.01784422765,0,0,1
current_r1,21.65,15.7076160595,10.0445599853,0,0,4.03277435512,4.01784422765,0,0,1
current_r1,21.675,15.7076160595,10.0445599853,0,0,4.03277435512,4.01784422765,0,0,1
current_r1,21.7,15.7076160595,10.0445599853,0,0,4.03277435512,4.01784422765,0,0,1
current_r1,21.725,15.7076160595,10.0445599853,0,0,4.03277435512,4.01784422765,0,0,1
current_r1,21.75,15.7076160595,10.0445599853,0,0,4.03277435512,4.01784422765,0,0,1
current_r1,21.775,15.7076160595,10.0445599853,0,0,4.03277435512,4.01784422765,0,0,1
current_r1,21.8,15.7076160595,10.0445599853,0,0,4.03277435512,4.01784422765,0,0,1
current_r1,21.825,15.7076160595,10.0445599853,0,0,4.03277435512,4.01784422765,0,0,1
current_r1,21.85,15.7076160595,10.0445599853,0,0,4.03277435512,4.01784422765,0,0,1
current_r1,21.875,15.7076160595,10.0445599853,0,0,4.03277435512,4.01784422765,0,0,1
current_r1,21.9,15.7076160595,10.0445599853,0,0,4.03277435512,4.01784422765,0,0,1
current_r1,21.925,15.7076160595,10.0445599853,0,0,4.03277435512,4.01784422765,0,0,1
current_r1,21.95,15.7076160595,10.0445599853,0,0,4.03277435512,4.01784422765,0,0,1
current_r1,21.975,15.7076160595,10.0445599853,0,0,4.03277435512,4.01784422765,0,0,1
current_r1,22,15.7076160595,10.0445599853,0,0,4.03277435512,4.01784422765,0,0,1
current_r1,22.025,15.7076160595,10.0445599853,0,0,4.03277435512,4.01784422765,0,0,1
current_r1,22.05,15.7076160595,10.0445599853,0,0,4.03277435512,4.01784422765,0,0,1
current_r1,22.075,15.7076160595,10.0445599853,0,0,4.03277435512,4.01784422765,0,0,1
current_r1,22.1,15.7076160595,10.0445599853,0,0,4.03277435512,4.01784422765,0,0,1
current_r1,22.125,15.7076160595,10.0445599853,0,0,4.03277435512,4.01784422765,0,0,1
current_r1,22.15,15.7076160595,10.0445599853,0,0,4.03277435512,4.01784422765,0,0,1
current_r1,22.175,15.7076160595,10.0445599853,0,0,4.03277435512,4.01784422765,0,0,1
current_r1,22.2,15.7076160595,10.0445599853,0,0,4.03277435512,4.01784422765,0,0,1
current_r1,22.225,15.7076160595,10.0445599853,0,0,4.03277435512,4.01784422765,0,0,1
current_r1,22.25,15.7076160595,10.0445599853,0,0,4.03277435512,4.01784422765,0,0,1
current_r1,22.275,15.7076160595,10.0445599853,0,0,4.03277435512,4.01784422765,0,0,1
current_r1,22.3,15.7076160595,10.0445599853,0,0,4.03277435512,4.01784422765,0,0,1
current_r1,22.325,15.7076160595,10.0445599853,0,0,4.03277435512,4.01784422765,0,0,1
current_r1,22.35,15.7076160595,10.0445599853,0,0,4.03277435512,4.01784422765,0,0,1
current_r1,22.375,15.7076160595,10.0445599853,0,0,4.03277435512,4.01784422765,0,0,1
current_r1,22.4,15.7076160595,10.0445599853,0,0,4.03277435512,4.01784422765,0,0,1
current_r1,22.425,15.7076160595,10.0445599853,0,0,4.03277435512,4.01784422765,0,0,1
current_r1,22.45,15.7076160595,10.0445599853,0,0,4.03277435512,4.01784422765,0,0,1
current_r1,22.475,15.7076160595,10.0445599853,0,0,4.03277435512,4.01784422765,0,0,1
current_r1,22.5,15.7076160595,10.0445599853,0,0,4.03277435512,4.01784422765,0,0,1
current_r1,22.525,15.7076160595,10.0445599853,0,0,4.03277435512,4.01784422765,0,0,1
current_r1,22.55,15.7076160595,10.0445599853,0,0,4.03277435512,4.01784422765,0,0,1
current_r1,22.575,15.7076160595,10.0445599853,0,0,4.03277435512,4.01784422765,0,0,1
current_r1,22.6,15.7076160595,10.0445599853,0,0,4.03277435512,4.01784422765,0,0,1
current_r1,22.625,15.7076160595,10.0445599853,0,0,4.03277435512,4.01784422765,0,0,1
current_r1,22.65,15.7076160595,10.0445599853,0,0,4.03277435512,4.01784422765,0,0,1
current_r1,22.675,15.7076160595,10.0445599853,0,0,4.03277435512,4.01784422765,0,0,1
current_r1,22.7,15.7076160595,10.0445599853,0,0,4.03277435512,4.01784422765,0,0,1
current_r1,22.725,15.7076160595,10.0445599853,0,0,4.03277435512,4.01784422765,0,0,1
current_r1,22.75,15.7076160595,10.0445599853,0,0,4.03277435512,4.01784422765,0,0,1
current_r1,22.775,15.7076160595,10.0445599853,0,0,4.03277435512,4.01784422765,0,0,1
current_r1,22.8,15.7076160595,10.0445599853,0,0,4.03277435512,4.01784422765,0,0,1
current_r1,22.825,15.7076160595,10.0445599853,0,0,4.03277435512,4.01784422765,0,0,1
current_r1,22.85,15.7076160595,10.0445599853,0,0,4.03277435512,4.01784422765,0,0,1
current_r1,22.875,15.7076160595,10.0445599853,0,0,4.03277435512,4.01784422765,0,0,1
current_r1,22.9,15.7076160595,10.0445599853,0,0,4.03277435512,4.01784422765,0,0,1
current_r1,22.925,15.7076160595,10.0445599853,0,0,4.03277435512,4.01784422765,0,0,1
current_r1,22.95,15.7076160595,10.0445599853,0,0,4.03277435512,4.01784422765,0,0,1
current_r1,22.975,15.7076160595,10.0445599853,0,0,4.03277435512,4.01784422765,0,0,1
current_r1,23,15.7076160595,10.0445599853,0,0,4.03277435512,4.01784422765,0,0,1
current_r1,23.025,15.7076160595,10.0445599853,0,0,4.03277435512,4.01784422765,0,0,1
current_r1,23.05,15.7076160595,10.0445599853,0,0,4.03277435512,4.01784422765,0,0,1
current_r1,23.075,15.7076160595,10.0445599853,0,0,4.03277435512,4.01784422765,0,0,1
current_r1,23.1,15.7076160595,10.0445599853,0,0,4.03277435512,4.01784422765,0,0,1
current_r1,23.125,15.7076160595,10.0445599853,0,0,4.03277435512,4.01784422765,0,0,1
current_r1,23.15,15.7076160595,10.0445599853,0,0,4.03277435512,4.01784422765,0,0,1
current_r1,23.175,15.7076160595,10.0445599853,0,0,4.03277435512,4.01784422765,0,0,1
current_r1,23.2,15.7076160595,10.0445599853,0,0,4.03277435512,4.01784422765,0,0,1
current_r1,23.225,15.7076160595,10.0445599853,0,0,4.03277435512,4.01784422765,0,0,1
current_r1,23.25,15.7076160595,10.0445599853,0,0,4.03277435512,4.01784422765,0,0,1
current_r1,23.275,15.7076160595,10.0445599853,0,0,4.03277435512,4.01784422765,0,0,1
current_r1,23.3,15.7076160595,10.0445599853,0,0,4.03277435512,4.01784422765,0,0,1
current_r1,23.325,15.7076160595,10.0445599853,0,0,4.03277435512,4.01784422765,0,0,1
current_r1,23.35,15.7076160595,10.0445599853,0,0,4.03277435512,4.01784422765,0,0,1
current_r1,23.375,15.7076160595,10.0445599853,0,0,4.03277435512,4.01784422765,0,0,1
current_r1,23.4,15.7076160595,10.0445599853,0,0,4.03277435512,4.01784422765,0,0,1
current_r1,23.425,15.7076160595,10.0445599853,0,0,4.03277435512,4.01784422765,0,0,1
current_r1,23.45,15.7076160595,10.0445599853,0,0,4.03277435512,4.01784422765,0,0,1
current_r1,23.475,15.7076160595,10.0445599853,0,0,4.03277435512,4.01784422765,0,0,1
current_r1,23.5,15.7076160595,10.0445599853,0,0,4.03277435512,4.01784422765,0,0,1
current_r1,23.525,15.7076160595,10.0445599853,0,0,4.03277435512,4.01784422765,0,0,1
current_r1,23.55,15.7076160595,10.0445599853,0,0,4.03277435512,4.01784422765,0,0,1
current_r1,23.575,15.7076160595,10.0445599853,0,0,4.03277435512,4.01784422765,0,0,1
current_r1,23.6,15.7076160595,10.0445599853,0,0,4.03277435512,4.01784422765,0,0,1
current_r1,23.625,15.7076160595,10.0445599853,0,0,4.03277435512,4.01784422765,0,0,1
current_r1,23.65,15.7076160595,10.0445599853,0,0,4.03277435512,4.01784422765,0,0,1
current_r1,23.675,15.7076160595,10.0445599853,0,0,4.03277435512,4.01784422765,0,0,1
current_r1,23.7,15.7076160595,10.0445599853,0,0,4.03277435512,4.01784422765,0,0,1
current_r1,23.725,15.7076160595,10.0445599853,0,0,4.03277435512,4.01784422765,0,0,1
current_r1,23.75,15.7076160595,10.0445599853,0,0,4.03277435512,4.01784422765,0,0,1
current_r1,23.775,15.7076160595,10.0445599853,0,0,4.03277435512,4.01784422765,0,0,1
current_r1,23.8,15.7076160595,10.0445599853,0,0,4.03277435512,4.01784422765,0,0,1
current_r1,23.825,15.7076160595,10.0445599853,0,0,4.03277435512,4.01784422765,0,0,1
current_r1,23.85,15.7076160595,10.0445599853,0,0,4.03277435512,4.01784422765,0,0,1
current_r1,23.875,15.7076160595,10.0445599853,0,0,4.03277435512,4.01784422765,0,0,1
current_r1,23.9,15.7076160595,10.0445599853,0,0,4.03277435512,4.01784422765,0,0,1
current_r1,23.925,15.7076160595,10.0445599853,0,0,4.03277435512,4.01784422765,0,0,1
current_r1,23.95,15.7076160595,10.0445599853,0,0,4.03277435512,4.01784422765,0,0,1
current_r1,23.975,15.7076160595,10.0445599853,0,0,4.03277435512,4.01784422765,0,0,1
current_r1,24,15.7076160595,10.0445599853,0,0,4.03277435512,4.01784422765,0,0,1
current_r1,24.025,15.7076160595,10.0445599853,0,0,4.03277435512,4.01784422765,0,0,1
current_r1,24.05,15.7076160595,10.0445599853,0,0,4.03277435512,4.01784422765,0,0,1
current_r1,24.075,15.7076160595,10.0445599853,0,0,4.03277435512,4.01784422765,0,0,1
current_r1,24.1,15.7076160595,10.0445599853,0,0,4.03277435512,4.01784422765,0,0,1
current_r1,24.125,15.7076160595,10.0445599853,0,0,4.03277435512,4.01784422765,0,0,1
current_r1,24.15,15.7076160595,10.0445599853,0,0,4.03277435512,4.01784422765,0,0,1
current_r1,24.175,15.7076160595,10.0445599853,0,0,4.03277435512,4.01784422765,0,0,1
current_r1,24.2,15.7076160595,10.0445599853,0,0,4.03277435512,4.01784422765,0,0,1
current_r1,24.225,15.7076160595,10.0445599853,0,0,4.03277435512,4.01784422765,0,0,1
current_r1,24.25,15.7076160595,10.0445599853,0,0,4.03277435512,4.01784422765,0,0,1
current_r1,24.275,15.7076160595,10.0445599853,0,0,4.03277435512,4.01784422765,0,0,1
current_r1,24.3,15.7076160595,10.0445599853,0,0,4.03277435512,4.01784422765,0,0,1
current_r1,24.325,15.7076160595,10.0445599853,0,0,4.03277435512,4.01784422765,0,0,1
current_r1,24.35,15.7076160595,10.0445599853,0,0,4.03277435512,4.01784422765,0,0,1
current_r1,24.375,15.7076160595,10.0445599853,0,0,4.03277435512,4.01784422765,0,0,1
current_r1,24.4,15.7076160595,10.0445599853,0,0,4.03277435512,4.01784422765,0,0,1
current_r1,24.425,15.7076160595,10.0445599853,0,0,4.03277435512,4.01784422765,0,0,1
current_r1,24.45,15.7076160595,10.0445599853,0,0,4.03277435512,4.01784422765,0,0,1
current_r1,24.475,15.7076160595,10.0445599853,0,0,4.03277435512,4.01784422765,0,0,1
current_r1,24.5,15.7076160595,10.0445599853,0,0,4.03277435512,4.01784422765,0,0,1
current_r1,24.525,15.7076160595,10.0445599853,0,0,4.03277435512,4.01784422765,0,0,1
current_r1,24.55,15.7076160595,10.0445599853,0,0,4.03277435512,4.01784422765,0,0,1
current_r1,24.575,15.7076160595,10.0445599853,0,0,4.03277435512,4.01784422765,0,0,1
current_r1,24.6,15.7076160595,10.0445599853,0,0,4.03277435512,4.01784422765,0,0,1
current_r1,24.625,15.7076160595,10.0445599853,0,0,4.03277435512,4.01784422765,0,0,1
current_r1,24.65,15.7076160595,10.0445599853,0,0,4.03277435512,4.01784422765,0,0,1
current_r1,24.675,15.7076160595,10.0445599853,0,0,4.03277435512,4.01784422765,0,0,1
current_r1,24.7,15.7076160595,10.0445599853,0,0,4.03277435512,4.01784422765,0,0,1
current_r1,24.725,15.7076160595,10.0445599853,0,0,4.03277435512,4.01784422765,0,0,1
current_r1,24.75,15.7076160595,10.0445599853,0,0,4.03277435512,4.01784422765,0,0,1
current_r1,24.775,15.7076160595,10.0445599853,0,0,4.03277435512,4.01784422765,0,0,1
current_r1,24.8,15.7076160595,10.0445599853,0,0,4.03277435512,4.01784422765,0,0,1
current_r1,24.825,15.7076160595,10.0445599853,0,0,4.03277435512,4.01784422765,0,0,1
current_r1,24.85,15.7076160595,10.0445599853,0,0,4.03277435512,4.01784422765,0,0,1
current_r1,24.875,15.7076160595,10.0445599853,0,0,4.03277435512,4.01784422765,0,0,1
current_r1,24.9,15.7076160595,10.0445599853,0,0,4.03277435512,4.01784422765,0,0,1
current_r1,24.925,15.7076160595,10.0445599853,0,0,4.03277435512,4.01784422765,0,0,1
current_r1,24.95,15.7076160595,10.0445599853,0,0,4.03277435512,4.01784422765,0,0,1
current_r1,24.975,15.7076160595,10.0445599853,0,0,4.03277435512,4.01784422765,0,0,1
current_r1,25,15.7076160595,10.0445599853,0,0,4.03277435512,4.01784422765,0,0,1
current_r1,25.025,15.7076160595,10.0445599853,0,0,4.03277435512,4.01784422765,0,0,1
current_r1,25.05,15.7076160595,10.0445599853,0,0,4.03277435512,4.01784422765,0,0,1
current_r1,25.075,15.7076160595,10.0445599853,0,0,4.03277435512,4.01784422765,0,0,1
current_r1,25.1,15.7076160595,10.0445599853,0,0,4.03277435512,4.01784422765,0,0,1
current_r1,25.125,15.7076160595,10.0445599853,0,0,4.03277435512,4.01784422765,0,0,1
current_r1,25.15,15.7076160595,10.0445599853,0,0,4.03277435512,4.01784422765,0,0,1
current_r1,25.175,15.7076160595,10.0445599853,0,0,4.03277435512,4.01784422765,0,0,1
current_r1,25.2,15.7076160595,10.0445599853,0,0,4.03277435512,4.01784422765,0,0,1
current_r1,25.225,15.7076160595,10.0445599853,0,0,4.03277435512,4.01784422765,0,0,1
current_r1,25.25,15.7076160595,10.0445599853,0,0,4.03277435512,4.01784422765,0,0,1
current_r1,25.275,15.7076160595,10.0445599853,0,0,4.03277435512,4.01784422765,0,0,1
current_r1,25.3,15.7076160595,10.0445599853,0,0,4.03277435512,4.01784422765,0,0,1
current_r1,25.325,15.7076160595,10.0445599853,0,0,4.03277435512,4.01784422765,0,0,1
current_r1,25.35,15.7076160595,10.0445599853,0,0,4.03277435512,4.01784422765,0,0,1
current_r1,25.375,15.7076160595,10.0445599853,0,0,4.03277435512,4.01784422765,0,0,1
current_r1,25.4,15.7076160595,10.0445599853,0,0,4.03277435512,4.01784422765,0,0,1
current_r1,25.425,15.7076160595,10.0445599853,0,0,4.03277435512,4.01784422765,0,0,1
current_r1,25.45,15.7076160595,10.0445599853,0,0,4.03277435512,4.01784422765,0,0,1
current_r1,25.475,15.7076160595,10.0445599853,0,0,4.03277435512,4.01784422765,0,0,1
current_r1,25.5,15.7076160595,10.0445599853,0,0,4.03277435512,4.01784422765,0,0,1
current_r1,25.525,15.7076160595,10.0445599853,0,0,4.03277435512,4.01784422765,0,0,1
current_r1,25.55,15.7076160595,10.0445599853,0,0,4.03277435512,4.01784422765,0,0,1
current_r1,25.575,15.7076160595,10.0445599853,0,0,4.03277435512,4.01784422765,0,0,1
current_r1,25.6,15.7076160595,10.0445599853,0,0,4.03277435512,4.01784422765,0,0,1
current_r1,25.625,15.7076160595,10.0445599853,0,0,4.03277435512,4.01784422765,0,0,1
current_r1,25.65,15.7076160595,10.0445599853,0,0,4.03277435512,4.01784422765,0,0,1
current_r1,25.675,15.7076160595,10.0445599853,0,0,4.03277435512,4.01784422765,0,0,1
current_r1,25.7,15.7076160595,10.0445599853,0,0,4.03277435512,4.01784422765,0,0,1
current_r1,25.725,15.7076160595,10.0445599853,0,0,4.03277435512,4.01784422765,0,0,1
current_r1,25.75,15.7076160595,10.0445599853,0,0,4.03277435512,4.01784422765,0,0,1
current_r1,25.775,15.7076160595,10.0445599853,0,0,4.03277435512,4.01784422765,0,0,1
current_r1,25.8,15.7076160595,10.0445599853,0,0,4.03277435512,4.01784422765,0,0,1
current_r1,25.825,15.7076160595,10.0445599853,0,0,4.03277435512,4.01784422765,0,0,1
current_r1,25.85,15.7076160595,10.0445599853,0,0,4.03277435512,4.01784422765,0,0,1
current_r1,25.875,15.7076160595,10.0445599853,0,0,4.03277435512,4.01784422765,0,0,1
current_r1,25.9,15.7076160595,10.0445599853,0,0,4.03277435512,4.01784422765,0,0,1
current_r1,25.925,15.7076160595,10.0445599853,0,0,4.03277435512,4.01784422765,0,0,1
current_r1,25.95,15.7076160595,10.0445599853,0,0,4.03277435512,4.01784422765,0,0,1
current_r1,25.975,15.7076160595,10.0445599853,0,0,4.03277435512,4.01784422765,0,0,1
current_r1,26,15.7076160595,10.0445599853,0,0,4.03277435512,4.01784422765,0,0,1
current_r1,26.025,15.7076160595,10.0445599853,0,0,4.03277435512,4.01784422765,0,0,1
current_r1,26.05,15.7076160595,10.0445599853,0,0,4.03277435512,4.01784422765,0,0,1
current_r1,26.075,15.7076160595,10.0445599853,0,0,4.03277435512,4.01784422765,0,0,1
current_r1,26.1,15.7076160595,10.0445599853,0,0,4.03277435512,4.01784422765,0,0,1
current_r1,26.125,15.7076160595,10.0445599853,0,0,4.03277435512,4.01784422765,0,0,1
current_r1,26.15,15.7076160595,10.0445599853,0,0,4.03277435512,4.01784422765,0,0,1
current_r1,26.175,15.7076160595,10.0445599853,0,0,4.03277435512,4.01784422765,0,0,1
current_r1,26.2,15.7076160595,10.0445599853,0,0,4.03277435512,4.01784422765,0,0,1
current_r1,26.225,15.7076160595,10.0445599853,0,0,4.03277435512,4.01784422765,0,0,1
current_r1,26.25,15.7076160595,10.0445599853,0,0,4.03277435512,4.01784422765,0,0,1
current_r1,26.275,15.7076160595,10.0445599853,0,0,4.03277435512,4.01784422765,0,0,1
current_r1,26.3,15.7076160595,10.0445599853,0,0,4.03277435512,4.01784422765,0,0,1
current_r1,26.325,15.7076160595,10.0445599853,0,0,4.03277435512,4.01784422765,0,0,1
current_r1,26.35,15.7076160595,10.0445599853,0,0,4.03277435512,4.01784422765,0,0,1
current_r1,26.375,15.7076160595,10.0445599853,0,0,4.03277435512,4.01784422765,0,0,1
current_r1,26.4,15.7076160595,10.0445599853,0,0,4.03277435512,4.01784422765,0,0,1
current_r1,26.425,15.7076160595,10.0445599853,0,0,4.03277435512,4.01784422765,0,0,1
current_r1,26.45,15.7076160595,10.0445599853,0,0,4.03277435512,4.01784422765,0,0,1
current_r1,26.475,15.7076160595,10.0445599853,0,0,4.03277435512,4.01784422765,0,0,1
current_r1,26.5,15.7076160595,10.0445599853,0,0,4.03277435512,4.01784422765,0,0,1
current_r1,26.525,15.7076160595,10.0445599853,0,0,4.03277435512,4.01784422765,0,0,1
current_r1,26.55,15.7076160595,10.0445599853,0,0,4.03277435512,4.01784422765,0,0,1
current_r1,26.575,15.7076160595,10.0445599853,0,0,4.03277435512,4.01784422765,0,0,1
current_r1,26.6,15.7076160595,10.0445599853,0,0,4.03277435512,4.01784422765,0,0,1
current_r1,26.625,15.7076160595,10.0445599853,0,0,4.03277435512,4.01784422765,0,0,1
current_r1,26.65,15.7076160595,10.0445599853,0,0,4.03277435512,4.01784422765,0,0,1
current_r1,26.675,15.7076160595,10.0445599853,0,0,4.03277435512,4.01784422765,0,0,1
current_r1,26.7,15.7076160595,10.0445599853,0,0,4.03277435512,4.01784422765,0,0,1
current_r1,26.725,15.7076160595,10.0445599853,0,0,4.03277435512,4.01784422765,0,0,1
current_r1,26.75,15.7076160595,10.0445599853,0,0,4.03277435512,4.01784422765,0,0,1
current_r1,26.775,15.7076160595,10.0445599853,0,0,4.03277435512,4.01784422765,0,0,1
current_r1,26.8,15.7076160595,10.0445599853,0,0,4.03277435512,4.01784422765,0,0,1
current_r1,26.825,15.7076160595,10.0445599853,0,0,4.03277435512,4.01784422765,0,0,1
current_r1,26.85,15.7076160595,10.0445599853,0,0,4.03277435512,4.01784422765,0,0,1
current_r1,26.875,15.7076160595,10.0445599853,0,0,4.03277435512,4.01784422765,0,0,1
current_r1,26.9,15.7076160595,10.0445599853,0,0,4.03277435512,4.01784422765,0,0,1
current_r1,26.925,15.7076160595,10.0445599853,0,0,4.03277435512,4.01784422765,0,0,1
current_r1,26.95,15.7076160595,10.0445599853,0,0,4.03277435512,4.01784422765,0,0,1
current_r1,26.975,15.7076160595,10.0445599853,0,0,4.03277435512,4.01784422765,0,0,1
current_r1,27,15.7076160595,10.0445599853,0,0,4.03277435512,4.01784422765,0,0,1
current_r1,27.025,15.7076160595,10.0445599853,0,0,4.03277435512,4.01784422765,0,0,1
current_r1,27.05,15.7076160595,10.0445599853,0,0,4.03277435512,4.01784422765,0,0,1
current_r1,27.075,15.7076160595,10.0445599853,0,0,4.03277435512,4.01784422765,0,0,1
current_r1,27.1,15.7076160595,10.0445599853,0,0,4.03277435512,4.01784422765,0,0,1
current_r1,27.125,15.7076160595,10.0445599853,0,0,4.03277435512,4.01784422765,0,0,1
current_r1,27.15,15.7076160595,10.0445599853,0,0,4.03277435512,4.01784422765,0,0,1
current_r1,27.175,15.7076160595,10.0445599853,0,0,4.03277435512,4.01784422765,0,0,1
current_r1,27.2,15.7076160595,10.0445599853,0,0,4.03277435512,4.01784422765,0,0,1
current_r1,27.225,15.7076160595,10.0445599853,0,0,4.03277435512,4.01784422765,0,0,1
current_r1,27.25,15.7076160595,10.0445599853,0,0,4.03277435512,4.01784422765,0,0,1
current_r1,27.275,15.7076160595,10.0445599853,0,0,4.03277435512,4.01784422765,0,0,1
current_r1,27.3,15.7076160595,10.0445599853,0,0,4.03277435512,4.01784422765,0,0,1
current_r1,27.325,15.7076160595,10.0445599853,0,0,4.03277435512,4.01784422765,0,0,1
current_r1,27.35,15.7076160595,10.0445599853,0,0,4.03277435512,4.01784422765,0,0,1
current_r1,27.375,15.7076160595,10.0445599853,0,0,4.03277435512,4.01784422765,0,0,1
current_r1,27.4,15.7076160595,10.0445599853,0,0,4.03277435512,4.01784422765,0,0,1
current_r1,27.425,15.7076160595,10.0445599853,0,0,4.03277435512,4.01784422765,0,0,1
current_r1,27.45,15.7076160595,10.0445599853,0,0,4.03277435512,4.01784422765,0,0,1
current_r1,27.475,15.7076160595,10.0445599853,0,0,4.03277435512,4.01784422765,0,0,1
current_r1,27.5,15.7076160595,10.0445599853,0,0,4.03277435512,4.01784422765,0,0,1
current_r1,27.525,15.7076160595,10.0445599853,0,0,4.03277435512,4.01784422765,0,0,1
current_r1,27.55,15.7076160595,10.0445599853,0,0,4.03277435512,4.01784422765,0,0,1
current_r1,27.575,15.7076160595,10.0445599853,0,0,4.03277435512,4.01784422765,0,0,1
current_r1,27.6,15.7076160595,10.0445599853,0,0,4.03277435512,4.01784422765,0,0,1
current_r1,27.625,15.7076160595,10.0445599853,0,0,4.03277435512,4.01784422765,0,0,1
current_r1,27.65,15.7076160595,10.0445599853,0,0,4.03277435512,4.01784422765,0,0,1
current_r1,27.675,15.7076160595,10.0445599853,0,0,4.03277435512,4.01784422765,0,0,1
current_r1,27.7,15.7076160595,10.0445599853,0,0,4.03277435512,4.01784422765,0,0,1
current_r1,27.725,15.7076160595,10.0445599853,0,0,4.03277435512,4.01784422765,0,0,1
current_r1,27.75,15.7076160595,10.0445599853,0,0,4.03277435512,4.01784422765,0,0,1
current_r1,27.775,15.7076160595,10.0445599853,0,0,4.03277435512,4.01784422765,0,0,1
current_r1,27.8,15.7076160595,10.0445599853,0,0,4.03277435512,4.01784422765,0,0,1
current_r1,27.825,15.7076160595,10.0445599853,0,0,4.03277435512,4.01784422765,0,0,1
current_r1,27.85,15.7076160595,10.0445599853,0,0,4.03277435512,4.01784422765,0,0,1
current_r1,27.875,15.7076160595,10.0445599853,0,0,4.03277435512,4.01784422765,0,0,1
current_r1,27.9,15.7076160595,10.0445599853,0,0,4.03277435512,4.01784422765,0,0,1
current_r1,27.925,15.7076160595,10.0445599853,0,0,4.03277435512,4.01784422765,0,0,1
current_r1,27.95,15.7076160595,10.0445599853,0,0,4.03277435512,4.01784422765,0,0,1
current_r1,27.975,15.7076160595,10.0445599853,0,0,4.03277435512,4.01784422765,0,0,1
current_r1,28,15.7076160595,10.0445599853,0,0,4.03277435512,4.01784422765,0,0,1
current_r1,28.025,15.7076160595,10.0445599853,0,0,4.03277435512,4.01784422765,0,0,1
current_r1,28.05,15.7076160595,10.0445599853,0,0,4.03277435512,4.01784422765,0,0,1
current_r1,28.075,15.7076160595,10.0445599853,0,0,4.03277435512,4.01784422765,0,0,1
current_r1,28.1,15.7076160595,10.0445599853,0,0,4.03277435512,4.01784422765,0,0,1
current_r1,28.125,15.7076160595,10.0445599853,0,0,4.03277435512,4.01784422765,0,0,1
current_r1,28.15,15.7076160595,10.0445599853,0,0,4.03277435512,4.01784422765,0,0,1
current_r1,28.175,15.7076160595,10.0445599853,0,0,4.03277435512,4.01784422765,0,0,1
current_r1,28.2,15.7076160595,10.0445599853,0,0,4.03277435512,4.01784422765,0,0,1
current_r1,28.225,15.7076160595,10.0445599853,0,0,4.03277435512,4.01784422765,0,0,1
current_r1,28.25,15.7076160595,10.0445599853,0,0,4.03277435512,4.01784422765,0,0,1
current_r1,28.275,15.7076160595,10.0445599853,0,0,4.03277435512,4.01784422765,0,0,1
current_r1,28.3,15.7076160595,10.0445599853,0,0,4.03277435512,4.01784422765,0,0,1
current_r1,28.325,15.7076160595,10.0445599853,0,0,4.03277435512,4.01784422765,0,0,1
current_r1,28.35,15.7076160595,10.0445599853,0,0,4.03277435512,4.01784422765,0,0,1
current_r1,28.375,15.7076160595,10.0445599853,0,0,4.03277435512,4.01784422765,0,0,1
current_r1,28.4,15.7076160595,10.0445599853,0,0,4.03277435512,4.01784422765,0,0,1
current_r1,28.425,15.7076160595,10.0445599853,0,0,4.03277435512,4.01784422765,0,0,1
current_r1,28.45,15.7076160595,10.0445599853,0,0,4.03277435512,4.01784422765,0,0,1
current_r1,28.475,15.7076160595,10.0445599853,0,0,4.03277435512,4.01784422765,0,0,1
current_r1,28.5,15.7076160595,10.0445599853,0,0,4.03277435512,4.01784422765,0,0,1
current_r1,28.525,15.7076160595,10.0445599853,0,0,4.03277435512,4.01784422765,0,0,1
current_r1,28.55,15.7076160595,10.0445599853,0,0,4.03277435512,4.01784422765,0,0,1
current_r1,28.575,15.7076160595,10.0445599853,0,0,4.03277435512,4.01784422765,0,0,1
current_r1,28.6,15.7076160595,10.0445599853,0,0,4.03277435512,4.01784422765,0,0,1
current_r1,28.625,15.7076160595,10.0445599853,0,0,4.03277435512,4.01784422765,0,0,1
current_r1,28.65,15.7076160595,10.0445599853,0,0,4.03277435512,4.01784422765,0,0,1
current_r1,28.675,15.7076160595,10.0445599853,0,0,4.03277435512,4.01784422765,0,0,1
current_r1,28.7,15.7076160595,10.0445599853,0,0,4.03277435512,4.01784422765,0,0,1
current_r1,28.725,15.7076160595,10.0445599853,0,0,4.03277435512,4.01784422765,0,0,1
current_r1,28.75,15.7076160595,10.0445599853,0,0,4.03277435512,4.01784422765,0,0,1
current_r1,28.775,15.7076160595,10.0445599853,0,0,4.03277435512,4.01784422765,0,0,1
current_r1,28.8,15.7076160595,10.0445599853,0,0,4.03277435512,4.01784422765,0,0,1
current_r1,28.825,15.7076160595,10.0445599853,0,0,4.03277435512,4.01784422765,0,0,1
current_r1,28.85,15.7076160595,10.0445599853,0,0,4.03277435512,4.01784422765,0,0,1
current_r1,28.875,15.7076160595,10.0445599853,0,0,4.03277435512,4.01784422765,0,0,1
current_r1,28.9,15.7076160595,10.0445599853,0,0,4.03277435512,4.01784422765,0,0,1
current_r1,28.925,15.7076160595,10.0445599853,0,0,4.03277435512,4.01784422765,0,0,1
current_r1,28.95,15.7076160595,10.0445599853,0,0,4.03277435512,4.01784422765,0,0,1
current_r1,28.975,15.7076160595,10.0445599853,0,0,4.03277435512,4.01784422765,0,0,1
current_r1,29,15.7076160595,10.0445599853,0,0,4.03277435512,4.01784422765,0,0,1
current_r1,29.025,15.7076160595,10.0445599853,0,0,4.03277435512,4.01784422765,0,0,1
current_r1,29.05,15.7076160595,10.0445599853,0,0,4.03277435512,4.01784422765,0,0,1
current_r1,29.075,15.7076160595,10.0445599853,0,0,4.03277435512,4.01784422765,0,0,1
current_r1,29.1,15.7076160595,10.0445599853,0,0,4.03277435512,4.01784422765,0,0,1
current_r1,29.125,15.7076160595,10.0445599853,0,0,4.03277435512,4.01784422765,0,0,1
current_r1,29.15,15.7076160595,10.0445599853,0,0,4.03277435512,4.01784422765,0,0,1
current_r1,29.175,15.7076160595,10.0445599853,0,0,4.03277435512,4.01784422765,0,0,1
current_r1,29.2,15.7076160595,10.0445599853,0,0,4.03277435512,4.01784422765,0,0,1
current_r1,29.225,15.7076160595,10.0445599853,0,0,4.03277435512,4.01784422765,0,0,1
current_r1,29.25,15.7076160595,10.0445599853,0,0,4.03277435512,4.01784422765,0,0,1
current_r1,29.275,15.7076160595,10.0445599853,0,0,4.03277435512,4.01784422765,0,0,1
current_r1,29.3,15.7076160595,10.0445599853,0,0,4.03277435512,4.01784422765,0,0,1
current_r1,29.325,15.7076160595,10.0445599853,0,0,4.03277435512,4.01784422765,0,0,1
current_r1,29.35,15.7076160595,10.0445599853,0,0,4.03277435512,4.01784422765,0,0,1
current_r1,29.375,15.7076160595,10.0445599853,0,0,4.03277435512,4.01784422765,0,0,1
current_r1,29.4,15.7076160595,10.0445599853,0,0,4.03277435512,4.01784422765,0,0,1
current_r1,29.425,15.7076160595,10.0445599853,0,0,4.03277435512,4.01784422765,0,0,1
current_r1,29.45,15.7076160595,10.0445599853,0,0,4.03277435512,4.01784422765,0,0,1
current_r1,29.475,15.7076160595,10.0445599853,0,0,4.03277435512,4.01784422765,0,0,1
current_r1,29.5,15.7076160595,10.0445599853,0,0,4.03277435512,4.01784422765,0,0,1
current_r1,29.525,15.7076160595,10.0445599853,0,0,4.03277435512,4.01784422765,0,0,1
current_r1,29.55,15.7076160595,10.0445599853,0,0,4.03277435512,4.01784422765,0,0,1
current_r1,29.575,15.7076160595,10.0445599853,0,0,4.03277435512,4.01784422765,0,0,1
current_r1,29.6,15.7076160595,10.0445599853,0,0,4.03277435512,4.01784422765,0,0,1
current_r1,29.625,15.7076160595,10.0445599853,0,0,4.03277435512,4.01784422765,0,0,1
current_r1,29.65,15.7076160595,10.0445599853,0,0,4.03277435512,4.01784422765,0,0,1
current_r1,29.675,15.7076160595,10.0445599853,0,0,4.03277435512,4.01784422765,0,0,1
current_r1,29.7,15.7076160595,10.0445599853,0,0,4.03277435512,4.01784422765,0,0,1
current_r1,29.725,15.7076160595,10.0445599853,0,0,4.03277435512,4.01784422765,0,0,1
current_r1,29.75,15.7076160595,10.0445599853,0,0,4.03277435512,4.01784422765,0,0,1
current_r1,29.775,15.7076160595,10.0445599853,0,0,4.03277435512,4.01784422765,0,0,1
current_r1,29.8,15.7076160595,10.0445599853,0,0,4.03277435512,4.01784422765,0,0,1
current_r1,29.825,15.7076160595,10.0445599853,0,0,4.03277435512,4.01784422765,0,0,1
current_r1,29.85,15.7076160595,10.0445599853,0,0,4.03277435512,4.01784422765,0,0,1
current_r1,29.875,15.7076160595,10.0445599853,0,0,4.03277435512,4.01784422765,0,0,1
current_r1,29.9,15.7076160595,10.0445599853,0,0,4.03277435512,4.01784422765,0,0,1
current_r1,29.925,15.7076160595,10.0445599853,0,0,4.03277435512,4.01784422765,0,0,1
current_r1,29.95,15.7076160595,10.0445599853,0,0,4.03277435512,4.01784422765,0,0,1
current_r1,29.975,15.7076160595,10.0445599853,0,0,4.03277435512,4.01784422765,0,0,1
current_r1,30,15.7076160595,10.0445599853,0,0,4.03277435512,4.01784422765,0,0,1
current_r2,0,10,10,0,0,0.530624847487,0.530624847487,0,1.29000856147,0
current_r2,0.025,10.0018105079,9.9995124694,0.072420316598,-0.0195012241629,0.528906740474,0.529516529304,0,1.36972102349,0
current_r2,0.05,10.0053374273,9.99846577194,0.141076773406,-0.0418678984321,0.525500381255,0.527423482009,0,1.45166864683,0
current_r2,0.075,10.0103803335,9.99687275983,0.201716250346,-0.0637204843964,0.52057202852,0.524504000863,0,1.52931458916,0
current_r2,0.1,10.0167592009,9.99474874181,0.255154696587,-0.0849607207449,0.51427371703,0.520902064595,0,1.59731284943,0
current_r2,0.125,10.0243153347,9.99211293832,0.302245352203,-0.105432139416,0.506743200937,0.516744674539,0,1.65427678943,0
current_r2,0.15,10.0329104585,9.98898809461,0.3438049505,-0.12499374844,0.498104320453,0.512142025281,0,1.70122774773,0
current_r2,0.175,10.0424246175,9.98539929188,0.380566359114,-0.143552109121,0.488467868343,0.507189296365,0,1.74022687686,0
current_r2,0.2,10.0527536239,9.9813726226,0.413160258404,-0.16106677123,0.477932763766,0.501969041153,0,1.77351081574,0
current_r2,0.225,10.0638065475,9.97693404728,0.442116941249,-0.177543012907,0.466587314745,0.496553546025,0,1.80306022309,0
current_r2,0.25,10.0755035099,9.97210853361,0.46787849914,-0.193020546845,0.454510418305,0.491006865517,0,1.83044256792,0
current_r2,0.275,10.0877738729,9.96691947343,0.49081451973,-0.207562407214,0.441772623292,0.485386445879,0,1.85679888316,0
current_r2,0.3,10.1005548088,9.96138833376,0.511237436194,-0.221245586834,0.428437035521,0.479744355005,0,1.88289294025,0
current_r2,0.325,10.1137902036,9.9555344909,0.529415791667,-0.234153714313,0.414560075789,0.474128179255,0,1.90917930225,0
current_r2,0.35,10.1274298265,9.94937520196,0.5455849146,-0.246371557439,0.400192114827,0.468581656981,0,1.93587007649,0
current_r2,0.375,10.1414287044,9.94292567681,0.559955114383,-0.257981006124,0.385378012369,0.463145112994,0,1.96299273606,0
current_r2,0.4,10.1557466482,9.9361992217,0.57271775515,-0.269058204226,0.370157585346,0.457855747412,0,1.9904374053,0
current_r2,0.425,10.1703478888,9.92920743268,0.584049623164,-0.27967156089,0.354566025858,0.452747820991,0,2.01799452492,0
current_r2,0.45,10.1852007881,9.92196042178,0.594115972699,-0.289880436195,0.338634284909,0.447852769164,0,2.04538461136,0
current_r2,0.475,10.2002776025,9.91446706304,0.603072572942,-0.299734349364,0.322389433607,0.443199269014,0,2.07228185699,0
current_r2,0.5,10.2155542777,9.90673524808,0.611067011685,-0.309272598311,0.305855009957,0.438813277256,0,2.0983330581,0
current_r2,0.525,10.2310102641,9.89877214287,0.618239452471,-0.318524208657,0.289051356592,0.434718052727,0,2.12317302493,0
current_r2,0.55,10.2466283389,9.89058443909,0.624722994296,-0.327508150962,0.271995952657,0.430934173502,0,2.14643731489,0
current_r2,0.575,10.2623944326,9.88217859462,0.630643746828,-0.336233779058,0.254703741427,0.427479556197,0,2.16777286837,0
current_r2,0.6,10.2782974503,9.87356105832,0.636120707683,-0.344701451744,0.237187454119,0.42436948314,0,2.1868469236,0
current_r2,0.625,10.294329088,9.86473847568,0.641265509505,-0.352903305936,0.219457929499,0.421616641613,0,2.20335443796,0
current_r2,0.65,10.3104836403,9.85571787186,0.646182091188,-0.360824152785,0.201524428365,0.419231178097,0,2.21702414159,0
current_r2,0.675,10.3267577987,9.84650681011,0.650966337954,-0.368442469977,0.183394941635,0.417220769489,0,2.22762328631,0
current_r2,0.7,10.3431504419,9.8371135235,0.655705727626,-0.375731464084,0.165076490664,0.415590712279,0,2.23496112171,0
current_r2,0.725,10.3596624173,9.82754701908,0.660479014374,-0.382660177013,0.146575418458,0.414344029885,0,2.23889112303,0
current_r2,0.75,10.3762963167,9.81781715381,0.665355975708,-0.389194610726,0.127897670645,0.413481597589,0,2.23931200549,0
current_r2,0.775,10.3930562478,9.80793468269,0.670397243233,-0.395298844803,0.109049065418,0.413002283825,0,2.23616758102,0
current_r2,0.8,10.4099476036,9.79791127963,0.675654232338,-0.400936122352,0.0900355521284,0.412903106031,0,2.22944554042,0
current_r2,0.825,10.4269768331,9.7877595326,0.681169180661,-0.406069881359,0.0708634587891,0.413179398743,0,2.21917527175,0
current_r2,0.85,10.4441512156,9.77749291483,0.686975299903,-0.410664710905,0.0515397293997,0.413824991295,0,2.20542485103,0
current_r2,0.875,10.4614786416,9.76712573446,0.693097040462,-0.414687214604,0.0320721527717,0.414832392178,0,2.18829736065,0
current_r2,0.9,10.4789674032,9.75667306528,0.699550463722,-0.418106767192,0.0124695853245,0.416192977018,0,2.16792670292,0
current_r2,0.925,10.496625996,9.74615066143,0.706343712739,-0.420896154036,-0.00725782880457,0.417897177108,0,2.14447308029,0
current_r2,0.95,10.5144629352,9.73557485924,0.71347756873,-0.423032087476,-0.0270984360792,0.419934665501,0,2.11811830909,0
current_r2,0.975,10.5324865872,9.72496246929,0.720946078266,-0.424495597955,-0.0470388450787,0.422294537899,0,2.08906112256,0
current_r2,1,10.550705018,9.71433066175,0.728737234478,-0.425272301726,-0.0670636849424,0.4249654858,0,2.05751260137,0
current_r2,1.025,10.5691258604,9.70369684799,0.736833694844,-0.425352550441,-0.0871553433612,0.427935959748,0,2.02369184826,0
current_r2,1.05,10.5877561984,9.69307856122,0.745213518236,-0.424731470818,-0.107293675531,0.431194320851,0,1.98782199939,0
current_r2,1.075,10.606602471,9.6824933386,0.753850904695,-0.423408904977,-0.127455674174,0.434728979182,0,1.95012664024,0
current_r2,1.1,10.6256703941,9.671958607,0.762716922851,-0.421389263718,-0.147615089329,0.438528518041,0,1.9108266697,0
current_r2,1.125,10.6449648994,9.66149157435,0.77178021169,-0.41868130607,-0.167741985125,0.442581803469,0,1.87013763382,0
current_r2,1.15,10.6644900905,9.65110912788,0.781007645547,-0.415297858898,-0.187802219294,0.446878078762,0,1.82826753133,0
current_r2,1.175,10.6842492143,9.64082774062,0.790364953459,-0.411255490259,-0.207756829871,0.451407044079,0,1.78541507654,0
current_r2,1.2,10.7042446465,9.63066338688,0.799817286308,-0.406574149621,-0.227561312755,0.456158921499,0,1.74176839293,0
current_r2,1.225,10.7244778897,9.6206314672,0.809329727392,-0.401276787159,-0.247164774027,0.461124506165,0,1.69750410088,0
current_r2,1.25,10.7449495833,9.61074674312,0.818867744098,-0.395388963128,-0.266508943146,0.466295204324,0,1.65278675718,0
current_r2,1.275,10.7656595228,9.6010232817,0.828397580136,-0.38893845692,-0.285527038752,0.47166305923,0,1.60776860058,0
current_r2,1.3,10.7866066875,9.5914744096,0.837886589362,-0.381954883986,-0.304142490041,0.477220765984,0,1.56258955647,0
current_r2,1.325,10.8077892753,9.58211267642,0.847303513412,-0.374469327268,-0.322267536711,0.482961676456,0,1.51737745492,0
current_r2,1.35,10.829204743,9.57294982671,0.85661870642,-0.366513988352,-0.339801763712,0.488879795452,0,1.47224841859,0
current_r2,1.375,10.8508498508,9.56399678016,0.865804310706,-0.358121862211,-0.356630678653,0.494969769303,0,1.42730738051,0
current_r2,1.4,10.8727207105,9.5552636192,0.874834387871,-0.349326438131,-0.372624515011,0.501226868008,0,1.38264869571,0
current_r2,1.425,10.8948128357,9.54675958349,0.883685009917,-0.340161428361,-0.387637545718,0.507646962027,0,1.33835681518,0
current_r2,1.45,10.9171211936,9.53849307037,0.892334315106,-0.330660525026,-0.401508313963,0.514226494763,0,1.29450699514,0
current_r2,1.475,10.9396402569,9.53047164074,0.900762533202,-0.320857185141,-0.41406130929,0.520962451669,0,1.25116601908,0
current_r2,1.5,10.9623640565,9.52270202967,0.908951984524,-0.310784442842,-0.425110689324,0.527852326857,0,1.20839291408,0
current_r2,1.525,10.985286233,9.51519016098,0.916887056983,-0.300474747549,-0.434466590488,0.534894088003,0,1.16623964684,0
current_r2,1.55,11.0084000871,9.50794116532,0.924554164905,-0.28995982636,-0.44194428627,0.542086140216,0,1.12475178848,0
current_r2,1.575,11.0316986294,9.5009594011,0.931941693133,-0.279270568776,-0.447375869736,0.549427289499,0,1.08396913992,0
current_r2,1.6,11.0551746277,9.49424847781,0.939039929434,-0.268436931703,-0.450623303797,0.556916706314,0,1.04392631248,0
current_r2,1.625,11.0788206524,9.48781128124,0.945840987926,-0.257487862629,-0.451590836522,0.56455388968,0,1.00465326052,0
current_r2,1.65,11.1026291205,9.48165000027,0.952338725824,-0.246451238907,-0.450234326471,0.572338632183,0,0.96617576483,0
current_r2,1.675,11.1265923369,9.47576615474,0.958528655464,-0.235353821119,-0.446565341698,0.580270986185,0,0.928515866709,0
current_r2,1.7,11.1507025332,9.47016062428,0.964407853232,-0.224221218639,-0.440649040043,0.588351231458,0,0.891692254307,0
current_r2,1.725,11.1749519049,9.46483367763,0.969974866765,-0.213077865636,-0.43259639915,0.596579844421,0,0.85572060323,0
current_r2,1.75,11.1993326454,9.45978500249,0.975229621482,-0.201947005938,-0.422552674393,0.604957469108,0,0.820613874374,0
current_r2,1.775,11.2238369786,9.45501373535,0.980173327317,-0.190850685326,-0.410684515223,0.613484889934,0,0.786382572261,0
current_r2,1.8,11.248430407,9.45052338141,0.983737136844,-0.179614157557,-0.397183288704,0.622153348298,0,0.753213767568,0
current_r2,1.825,11.2730739854,9.44631695261,0.985743136293,-0.168257152152,-0.382248123508,0.630951553933,0,0.721164381836,0
current_r2,1.85,11.2977637255,9.44239053746,0.987589602258,-0.157056606074,-0.366051554416,0.639880098785,0,0.690041927329,0
current_r2,1.875,11.3224957364,9.43873983401,0.989280436948,-0.146028137944,-0.348751687421,0.648939862723,0,0.659842099334,0
current_r2,1.9,11.3472662438,9.43536019432,0.990820294946,-0.135185587707,-0.330490446899,0.658131969429,0,0.63055872591,0
current_r2,1.925,11.372071605,9.43224666634,0.992214447426,-0.124541118987,-0.311393350194,0.66745774574,0,0.602184090311,0
current_r2,1.95,11.3969083214,9.42939403324,0.993468658313,-0.11410532393,-0.291570247357,0.676918684343,0,0.574709197446,0
current_r2,1.975,11.4217730482,9.42679685003,0.994589072421,-0.103887328494,-0.271116595186,0.686516409688,0,0.548123991768,0
current_r2,2,11.4466626011,9.42444947762,0.995582115356,-0.0938948964672,-0.25011496597,0.696252646968,0,0.522417533473,0
current_r2,2.025,11.4715739612,9.42234611435,0.996454404735,-0.0841345308689,-0.228636599397,0.706129193984,0,0.4975781393,0
current_r2,2.05,11.496504278,9.42048082506,0.997212672086,-0.0746115716927,-0.206742885611,0.71614789573,0,0.47359349364,0
current_r2,2.075,11.5214508704,9.41884756783,0.997863694755,-0.0653302892187,-0.184486721466,0.726310621501,0,0.450450735084,0
current_r2,2.1,11.5464112263,9.41744021852,0.998414237016,-0.0562939723642,-0.161913716451,0.736619244341,0,0.428136522937,0
current_r2,2.125,11.5713830013,9.41625259322,0.998870999609,-0.0475050117421,-0.139063245267,0.747075622662,0,0.406637087711,0
current_r2,2.15,11.5963640158,9.41527846879,0.999240576912,-0.0389649772653,-0.115969355307,0.757681583848,0,0.385938269089,0
current_r2,2.175,11.6213522513,9.41451160153,0.999529420966,-0.0306746902769,-0.0926615427658,0.768438909686,0,0.366025544348,0
current_r2,2.2,11.6463458466,9.41394574428,0.999743811635,-0.0226342902952,-0.0691654129901,0.779349323464,0,0.346884049837,0
current_r2,2.225,11.6713430924,9.41357466186,0.999889832205,-0.0148432965507,-0.0455032406986,0.790414478607,0,0.328498597661,0
current_r2,2.25,11.6963424261,9.41339214525,0.999973349793,-0.0073006645593,-0.0216944445736,0.80163594869,0,0.3108536894,0
current_r2,2.275,11.7213424261,9.4133920243,0.999999999988,-4.83801874148e-06,0.00224401077748,0.813015218734,0,0.293933528327,0
current_r2,2.3,11.7463418055,9.41356817939,0.999975175199,0.00704620364848,0.0262972741678,0.82455367766,0,0.277722031339,0
current_r2,2.325,11.7713394059,9.41391455193,0.999904016242,0.0138549017702,0.0504523187723,0.836252611798,0,0.262202841532,0
current_r2,2.35,11.7963341911,9.4144251539,0.999791406752,0.0204240785729,0.0746976964284,0.848113199375,0,0.247359342121,0
current_r2,2.375,11.8213252403,9.41509407642,0.999641970041,0.0267569006623,0.0990233283604,0.860136505881,0,0.233174672242,0
current_r2,2.4,11.846311742,9.41591549755,0.999460068088,0.0328568455053,0.123420326517,0.87232348026,0,0.219631744951,0
current_r2,2.425,11.8712929871,9.41688368932,0.999249802367,0.038727670598,0.147880840665,0.884674951853,0,0.206713267627,0
current_r2,2.45,11.8962683625,9.41799302394,0.999015016254,0.0443733850227,0.172397927193,0.897191628035,0,0.194401764847,0
current_r2,2.475,11.921237345,9.41923797952,0.998759298817,0.0497982231225,0.196965436231,0.909874092498,0,0.182679603683,0
current_r2,2.5,11.9461994947,9.42061314502,0.998485989762,0.0550066200414,0.22157791429,0.922722804132,0,0.171529021293,0
current_r2,2.525,11.9711544493,9.42211322475,0.998198185393,0.0600031889076,0.24623052005,0.935738096471,0,0.160932154617,0
current_r2,2.55,11.996101918,9.42373304223,0.997898745413,0.0647926994611,0.270918951328,0.948920177653,0,0.150871071903,0
current_r2,2.575,12.0210416755,9.42546754368,0.997590300453,0.0693800579508,0.295639381591,0.962269130877,0,0.141327805781,0
current_r2,2.6,12.045973557,9.42731180088,0.99727526019,0.0737702881514,0.32038840462,0.975784915311,0,0.132284387531,0
current_r2,2.625,12.0708974525,9.42926101372,0.996955821951,0.0779685133756,0.345162986166,0.989467367434,0,0.123722882216,0
current_r2,2.65,12.095813302,9.4313105122,0.996633979724,0.0819799393722,0.369960421608,1.00331620278,0,0.115625424303,0
current_r2,2.675,12.1207210904,9.43345575815,0.996311533456,0.085809838029,0.394778298805,1.01733101804,0,0.107974253413,0
current_r2,2.7,12.1456208428,9.43569234645,0.995990098583,0.0894635318099,0.419614465416,1.03151129356,0,0.100751749846,0
current_r2,2.725,12.1705126207,9.43801600592,0.995671115707,0.092946378875,0.444467000111,1.0458563961,0,0.0939404695357,0
current_r2,2.75,12.1953965172,9.44042259989,0.99535586035,0.0962637588477,0.469334187152,1.06036558195,0,0.0875231781,0
current_r2,2.775,12.2202726536,9.44290812637,0.995045452724,0.0994210592009,0.494214493915,1.07503800028,0,0.0814828836998,0
current_r2,2.8,12.2451411752,9.44546871793,0.994740867468,0.10242366225,0.519106550988,1.08987269679,0,0.0758028684185,0
current_r2,2.825,12.2700022488,9.44810064125,0.994442943277,0.10527693274,0.544009134512,1.10486861751,0,0.0704667179209,0
current_r2,2.85,12.2948560586,9.4508002964,0.994152392395,0.107986206038,0.568921150505,1.12002461288,0,0.0654583491778,0
current_r2,2.875,12.3197028039,9.45356421582,0.993869809924,0.110556776918,0.593841620919,1.13533944198,0,0.0607620360747,0
current_r2,2.9,12.344542696,9.45638906305,0.99359568289,0.112993888964,0.618769671233,1.15081177688,0,0.0563624327588,0
current_r2,2.925,12.3693759559,9.45927163116,0.993330399063,0.11530272459,0.643704519402,1.16644020718,0,0.0522445946103,0
current_r2,2.95,12.3942028123,9.46220884105,0.99307425547,0.117488395692,0.668645465997,1.18222324456,0,0.0483939967598,0
current_r2,2.975,12.419023499,9.46519773943,0.992827466592,0.119555934944,0.693591885422,1.19815932754,0,0.0447965501039,0
current_r2,3,12.4438382533,9.46823549662,0.992590172212,0.121510287743,0.718543218056,1.21424682617,0,0.041438614801,0
current_r2,3.025,12.4686473144,9.47131940424,0.992362444907,0.123356304817,0.743498963252,1.23048404681,0,0.0383070112605,0
current_r2,3.05,12.4934509218,9.47444687263,0.992144297155,0.125098735498,0.768458673073,1.24686923694,0,0.0353890286637,0
current_r2,3.075,12.518249314,9.47761542817,0.991935688061,0.126742221658,0.793421946694,1.2634005899,0,0.0326724310757,0
current_r2,3.1,12.5430427273,9.48082271048,0.991736529686,0.128291292322,0.818388425402,1.28007624965,0,0.0301454612349,0
current_r2,3.125,12.5678313946,9.48406646945,0.991546692979,0.129750358932,0.843357788124,1.29689431548,0,0.0277968421186,0
current_r2,3.15,12.5926155449,9.48734456223,0.991366013308,0.131123711272,0.868329747432,1.31385284657,0,0.025615776404,0
current_r2,3.175,12.6173954023,9.49065495008,0.991194295606,0.132415514036,0.893304045964,1.33094986658,0,0.0235919439523,0
current_r2,3.2,12.6421711853,9.49399569518,0.99103131912,0.133629804022,0.918280453232,1.34818336807,0,0.021715497458,0
current_r2,3.225,12.6669431064,9.49736495738,0.990876841784,0.13477048793,0.943258762768,1.36555131681,0,0.0199770564092,0
current_r2,3.25,12.6917113715,9.5007609909,0.990730604222,0.135841340758,0.968238789564,1.38305165598,0,0.0183676995113,0
current_r2,3.275,12.7164761798,9.50418214102,0.990592333396,0.136846004752,0.993220367798,1.40068231021,0,0.01687895573,0
current_r2,3.3,12.7412377234,9.50762684074,0.990461745913,0.137787988895,1.01820334879,1.4184411895,0,0.0155027941074,0
current_r2,3.325,12.7659961872,9.51109360746,0.990338550995,0.138670668902,1.04318759918,1.43632619295,0,0.0142316125069,0
current_r2,3.35,12.7907517485,9.51458103966,0.990222453152,0.139497287693,1.06817299931,1.45433521238,0,0.0130582254357,0
current_r2,3.375,12.8155045774,9.51808781356,0.990113154552,0.140270956303,1.09315944175,1.4724661357,0,0.0119758510925,0
current_r2,3.4,12.8402548363,9.52161267994,0.990010357118,0.140994655212,1.11814683003,1.49071685019,0,0.0109780977802,0
current_r2,3.425,12.8650026804,9.52515446085,0.989913764365,0.14167123604,1.14313507745,1.50908524557,0,0.0100589498168,0
current_r2,3.45,12.8897482575,9.52871204644,0.989823082997,0.142303423592,1.16812410606,1.52756921688,0,0.00921275307042,0
current_r2,3.475,12.9144917081,9.53228439189,0.989738024286,0.142893818208,1.19311384576,1.54616666719,0,0.00843420023541,0
current_r2,3.5,12.9392331658,9.53587051435,0.989658305238,0.143444898384,1.21810423341,1.56487551019,0,0.00771831595879,0
current_r2,3.525,12.963972757,9.53946948994,0.989583649578,0.143959023641,1.24309521218,1.58369367249,0,0.00706044191565,0
current_r2,3.55,12.9887106017,9.54308045088,0.989513788558,0.14443843759,1.26808673082,1.60261909588,0,0.00645622192442,0
current_r2,3.575,13.0134468133,9.54670258266,0.989448461615,0.144885271188,1.29307874313,1.62164973934,0,0.00590158718308,0
current_r2,3.6,13.0381814987,9.55033512131,0.989387416886,0.145301546129,1.31807120737,1.64078358087,0,0.00539274169842,0
current_r2,3.625,13.062914759,9.55397735077,0.989330411596,0.145689178364,1.34306408588,1.66001861925,0,0.00492614797195,0
current_r2,3.65,13.0876466893,9.55762860032,0.989277212334,0.146049981704,1.36805734459,1.67935287556,0,0.00449851299739,0
current_r2,3.675,13.1123773792,9.5612882421,0.989227595238,0.146385671499,1.39305095269,1.69878439457,0,0.00410677461671,0
current_r2,3.7,13.1371069128,9.56495568881,0.989181346075,0.146697868349,1.41804488227,1.71831124605,0,0.00374808827421,0
current_r2,3.725,13.1618353693,9.56863039136,0.989138260262,0.146988101849,1.44303910805,1.7379315258,0,0.00341981420072,0
current_r2,3.75,13.1865628229,9.57231183672,0.989098142815,0.147257814324,1.46803360709,1.75764335675,0,0.00311950505376,0
current_r2,3.775,13.2112893431,9.57599954583,0.989060808234,0.147508364563,1.49302835856,1.77744488974,0,0.00284489403315,0
current_r2,3.8,13.2360149951,9.57969307162,0.989026080349,0.147741031501,1.51802334356,1.79733430428,0,0.002593883486,0
current_r2,3.825,13.2607398399,9.58339199706,0.988993792125,0.147957017874,1.54301854487,1.81730980922,0,0.00236453401029,0
current_r2,3.85,13.2854639345,9.58709593341,0.988963785426,0.148157453801,1.56801394683,1.83736964325,0,0.00215505406131,0
current_r2,3.875,13.3101873323,9.59080451842,0.988935910758,0.1483434003,1.59300953518,1.85751207533,0,0.00196379006152,0
current_r2,3.9,13.334910083,9.59451741473,0.988910026994,0.148515852725,1.61800529689,1.87773540505,0,0.00178921701084,0
current_r2,3.925,13.359632233,9.59823430834,0.988886001071,0.148675744108,1.64300122009,1.89803796285,0,0.00162992959114,0
current_r2,3.95,13.3843538257,9.60195490705,0.988863707686,0.148823948415,1.66799729392,1.9184181102,0,0.00148463375628,0
current_r2,3.975,13.4090749014,9.60567893914,0.988843028979,0.148961283691,1.69299350845,1.93887423973,0,0.00135213879664,0
current_r2,4,13.4337954978,9.60940615202,0.988823854214,0.149088515107,1.71798985458,1.9594047752,0,0.00123134986531,0
current_r2,4.025,13.4585156498,9.61313631097,0.988806079454,0.149206357892,1.74298632398,1.9800081715,0,0.00112126095165,0
current_r2,4.05,13.4832353899,9.61686919797,0.98878960724,0.149315480157,1.76798290901,2.00068291458,0,0.00102094828647,0
current_r2,4.075,13.5079547486,9.62060461061,0.988774346275,0.149416505607,1.79297960265,2.02142752125,0,0.000929564162543,0
current_r2,4.1,13.5326737539,9.62434236101,0.98876021111,0.149510016137,1.81797639844,2.04224053901,0,0.000846331153084,0
current_r2,4.125,13.5573924319,9.62808227487,0.988747121835,0.149596554313,1.84297329044,2.06312054582,0,0.000770536710697,0
current_r2,4.15,13.582110807,9.63182419051,0.988735003783,0.149676625747,1.86797027318,2.08406614983,0,0.000701528128864,0
current_r2,4.175,13.6068289017,9.63556795805,0.988723787235,0.149750701355,1.89296734161,2.10507598902,0,0.000638707848047,0
current_r2,4.2,13.6315467369,9.63931343854,0.988713407144,0.149819219506,1.91796449108,2.12614873091,0,0.000581529088516,0
current_r2,4.225,13.656264332,9.64306050324,0.988703802863,0.149882588063,1.94296171728,2.14728307218,0,0.00052949179225,0
current_r2,4.25,13.6809817049,9.6468090329,0.988694917881,0.149941186324,1.96795901622,2.16847773824,0,0.000482138856555,0
current_r2,4.275,13.7056988724,9.65055891707,0.988686699578,0.149995366853,1.99295638423,2.18973148283,0,0.000439052642431,0
current_r2,4.3,13.7304158499,9.6543100535,0.988679098984,0.150045457219,2.01795381787,2.21104308761,0,0.000399851741238,0
current_r2,4.325,13.7551326516,9.65806234754,0.988672070552,0.150091761633,2.04295131398,2.23241136166,0,0.000364187983708,0
current_r2,4.35,13.7798492909,9.6618157116,0.988665571942,0.150134562499,2.06794886961,2.25383514105,0,0.000331743675961,0
current_r2,4.375,13.80456578,9.66557006465,0.988659563814,0.150174121871,2.09294648201,2.27531328835,0,0.000302229047778,0
current_r2,4.4,13.8292821303,9.66932533172,0.988654009634,0.150210682826,2.11794414862,2.29684469215,0,0.000275379899058,0
current_r2,4.425,13.8539983521,9.67308144349,0.98864887549,0.150244470756,2.14294186707,2.31842826657,0,0.000250955431002,0
current_r2,4.45,13.8787144554,9.67683833585,0.988644129916,0.150275694582,2.16793963513,2.34006295074,0,0.000228736249265,0
current_r2,4.475,13.903430449,9.68059594955,0.98863974373,0.150304547892,2.19293745072,2.36174770833,0,0.000208522526973,0
current_r2,4.5,13.9281463412,9.6843542298,0.988635689876,0.15033121001,2.2179353119,2.38348152703,0,0.000190132316136,0
current_r2,4.525,13.9528621398,9.68811312597,0.988631943281,0.150355846994,2.24293321685,2.40526341807,0,0.000173399996685,0
current_r2,4.55,13.9775778518,9.69187259129,0.988628480714,0.150378612577,2.26793116386,2.42709241566,0,0.000158174852945,0
current_r2,4.575,14.0022934839,9.69563258251,0.988625280664,0.15039964904,2.29292915133,2.44896757658,0,0.000144319768011,0
current_r2,4.6,14.0270090419,9.69939305972,0.988622323214,0.15041908803,2.31792717776,2.47088797957,0,0.000131710027066,0
current_r2,4.625,14.0517245317,9.703153986,0.988619589927,0.150437051327,2.34292524172,2.49285272495,0,0.000120232221282,0
current_r2,4.65,14.0764399583,9.70691532729,0.988617063748,0.150453651555,2.36792334189,2.51486093403,0,0.000109783244459,0
current_r2,4.675,14.1011553265,9.71067705211,0.988614728896,0.15046899285,2.392921477,2.53691174872,0,0.000100269375134,0
current_r2,4.7,14.1258706408,9.7144391314,0.988612570779,0.150483171476,2.41791964587,2.55900433095,0,9.16054373391e-05,0
current_r2,4.725,14.1505859052,9.71820153831,0.988610575903,0.150496276407,2.44291784738,2.58113786228,0,8.37140337216e-05,0
current_r2,4.75,14.1753011235,9.72196424805,0.988608731795,0.150508389861,2.46791608046,2.6033115434,0,7.65248451425e-05,0
current_r2,4.775,14.2000162991,9.72572723775,0.988607026926,0.150519587803,2.49291434411,2.62552459366,0,6.9973991328e-05,0
current_r2,4.8,14.2247314354,9.72949048626,0.988605450644,0.150529940404,2.51791263737,2.64777625065,0,6.40034475368e-05,0
current_r2,4.825,14.2494465352,9.73325397407,0.988603993105,0.15053951248,2.54291095934,2.67006576971,0,5.8560512587e-05,0
current_r2,4.85,14.2741616014,9.73701768317,0.988602645217,0.150548363889,2.56790930916,2.69239242355,0,5.35973239409e-05,0
current_r2,4.875,14.2988766363,9.74078159691,0.988601398583,0.150556549904,2.59290768602,2.71475550178,0,4.90704158782e-05,0
current_r2,4.9,14.3235916425,9.74454569995,0.988600245448,0.150564121558,2.61790608912,2.73715431051,0,4.49403170948e-05,0
current_r2,4.925,14.3483066219,9.7483099781,0.988599178649,0.150571125967,2.64290451774,2.75958817193,0,4.1171184358e-05,0
current_r2,4.95,14.3730215767,9.75207441827,0.988598191574,0.150577606622,2.66790297116,2.78205642393,0,3.77304691144e-05,0
current_r2,4.975,14.3977365087,9.75583900836,0.98859727812,0.150583603669,2.69290144871,2.80455841966,0,3.45886141961e-05,0
current_r2,5,14.4224514195,9.75960373721,0.98859643265,0.150589154162,2.71789994974,2.8270935272,0,3.17187780075e-05,0
current_r2,5.025,14.4471663107,9.76336859452,0.988595649964,0.150594292299,2.74289847364,2.84966112914,0,2.90965837843e-05,0
current_r2,5.05,14.4718811839,9.76713357076,0.988594925259,0.150599049641,2.7678970198,2.87226062225,0,2.66998917188e-05,0
current_r2,5.075,14.4965960402,9.77089865714,0.988594254104,0.150603455313,2.79289558768,2.89489141708,0,2.45085919303e-05,0
current_r2,5.1,14.521310881,9.77466384555,0.98859363241,0.150607536194,2.81789417671,2.91755293765,0,2.25044164256e-05,0
current_r2,5.125,14.5460257074,9.77842912848,0.988593056402,0.150611317086,2.84289278638,2.94024462107,0,2.06707683559e-05,0
current_r2,5.15,14.5707405205,9.782194499,0.988592522596,0.150614820877,2.8678914162,2.96296591724,0,1.89925670174e-05,0
current_r2,5.175,14.5954553212,9.78595995072,0.988592027777,0.150618068688,2.89289006567,2.98571628851,0,1.74561071791e-05,0
current_r2,5.2,14.6201701104,9.78972547772,0.988591568979,0.150621080008,2.91788873433,3.00849520935,0,1.60489314405e-05,0
current_r2,5.225,14.644884889,9.79349107454,0.988591143464,0.150623872822,2.94288742174,3.03130216607,0,1.47597144364e-05,0
current_r2,5.25,14.6695996577,9.79725673613,0.988590748705,0.15062646373,2.96788612747,3.05413665648,0,1.35781578107e-05,0
current_r2,5.275,14.6943144173,9.80102245783,0.988590382368,0.150628868047,2.99288485109,3.07699818964,0,1.24948949711e-05,0
current_r2,5.3,14.7190291683,9.80478823533,0.988590042302,0.150631099911,3.01788359222,3.09988628553,0,1.15014047298e-05,0
current_r2,5.325,14.7437439115,9.80855406464,0.98858972652,0.15063317237,3.04288235047,3.12280047481,0,1.058993301e-05,0
current_r2,5.35,14.7684586473,9.81231994207,0.988589433188,0.150635097466,3.06788112546,3.14574029852,0,9.75342187376e-06,0
current_r2,5.375,14.7931733763,9.81608586423,0.988589160613,0.150636886317,3.09287991682,3.16870530783,0,8.98544519232e-06,0
current_r2,5.4,14.817888099,9.81985182796,0.988588907231,0.150638549185,3.11787872423,3.19169506378,0,8.28015034224e-06,0
current_r2,5.425,14.8426028158,9.82361783035,0.988588671599,0.150640095546,3.14287754732,3.21470913704,0,7.63220536495e-06,0
current_r2,5.45,14.8673175271,9.8273838687,0.988588452385,0.150641534149,3.16787638579,3.23774710764,0,7.03675108007e-06,0
current_r2,5.475,14.8920322333,9.83114994053,0.988588248358,0.150642873074,3.19287523931,3.26080856475,0,6.48935768819e-06,0
current_r2,5.5,14.9167469348,9.83491604353,0.988588058382,0.150644119782,3.21787410757,3.28389310645,0,5.98598544205e-06,0
current_r2,5.525,14.9414616318,9.83868217556,0.988587881406,0.150645281167,3.24287299029,3.30700033951,0,5.52294900345e-06,0
current_r2,5.55,14.9661763247,9.84244833465,0.98858771646,0.150646363597,3.26787188716,3.33012987916,0,5.09688513881e-06,0
current_r2,5.575,14.9908910138,9.84621451897,0.988587562648,0.150647372956,3.29287079791,3.35328134886,0,4.70472343829e-06,0
current_r2,5.6,15.0156056993,9.84998072684,0.988587419141,0.150648314684,3.31786972228,3.37645438016,0,4.34365977297e-06,0
current_r2,5.625,15.0403203814,9.85374695668,0.988587285173,0.150649193808,3.34286865998,3.39964861241,0,4.01113223104e-06,0
current_r2,5.65,15.0650350604,9.85751320706,0.988587160036,0.150650014976,3.36786761078,3.42286369263,0,3.70479929832e-06,0
current_r2,5.675,15.0897497365,9.86127947662,0.988587043075,0.150650782489,3.39286657441,3.4460992753,0,3.42252007057e-06,0
current_r2,5.7,15.1144644098,9.86504576413,0.988586933684,0.150651500325,3.41786555064,3.46935502216,0,3.1623363049e-06,0
current_r2,5.725,15.1391790806,9.86881206843,0.988586831301,0.150652172164,3.44286453923,3.49263060204,0,2.92245613615e-06,0
current_r2,5.75,15.163893749,9.87257838847,0.988586735408,0.150652801417,3.46786353995,3.5159256907,0,2.70123930011e-06,0
current_r2,5.775,15.1886084151,9.87634472325,0.988586645524,0.150653391239,3.49286255258,3.53923997063,0,2.49718372107e-06,0
current_r2,5.8,15.2133230792,9.88011107186,0.988586561202,0.150653944558,3.5178615769,3.56257313093,0,2.30891333427e-06,0
current_r2,5.825,15.2380377412,9.88387743346,0.988586482029,0.150654464085,3.5428606127,3.58592486708,0,2.13516702643e-06,0
current_r2,5.85,15.2627524014,9.88764380727,0.988586407622,0.15065495234,3.56785965977,3.60929488085,0,1.97478858863e-06,0
current_r2,5.875,15.2874670599,9.89141019256,0.988586337625,0.150655411659,3.59285871791,3.6326828801,0,1.82671758596e-06,0
current_r2,5.9,15.3121817166,9.89517658867,0.988586271705,0.150655844216,3.61785778693,3.65608857867,0,1.68998105735e-06,0
current_r2,5.925,15.3368963719,9.89894299497,0.988586209556,0.150656252033,3.64285686663,3.6795116962,0,1.56368596768e-06,0
current_r2,5.95,15.3616110257,9.90270941089,0.988586150889,0.150656636994,3.66785595683,3.70295195802,0,1.44701234117e-06,0
current_r2,5.975,15.386325678,9.90647583592,0.988586095438,0.150657000857,3.69285505735,3.72640909499,0,1.33920701244e-06,0
current_r2,6,15.4110403291,9.91024226955,0.988586042951,0.150657345268,3.717854168,3.74988284336,0,1.23957793735e-06,0
current_r2,6.025,15.4357549789,9.91400871134,0.988585993193,0.150657671767,3.74285328863,3.7733729447,0,1.14748901134e-06,0
current_r2,6.05,15.4604696276,9.91777516089,0.988585945944,0.150657981804,3.76785241905,3.79687914568,0,1.06235534827e-06,0
current_r2,6.075,15.4851842751,9.9215416178,0.988585900996,0.150658276747,3.7928515591,3.82040119804,0,9.83638976785e-07,0
current_r2,6.1,15.5098989216,9.92530808175,0.98858585815,0.150658557891,3.81785070862,3.84393885839,0,9.10844915826e-07,0
current_r2,6.125,15.534613567,9.92907455241,0.988585817219,0.150658826473,3.84284986746,3.86749188817,0,8.43517594251e-07,0
current_r2,6.15,15.5593282115,9.93284102951,0.988585778021,0.150659083678,3.86784903546,3.89106005347,0,7.81237582999e-07,0
current_r2,6.175,15.584042855,9.93660751277,0.988585740382,0.150659330655,3.89284821247,3.91464312495,0,7.23618611229e-07,0
current_r2,6.2,15.6087574976,9.94037400199,0.98858570413,0.150659568529,3.91784739834,3.93824087776,0,6.70304840554e-07,0
current_r2,6.225,15.6334721393,9.94414049695,0.988585669096,0.150659798416,3.94284659294,3.96185309136,0,6.20968373951e-07,0
current_r2,6.25,15.6581867802,9.94790699748,0.988585635106,0.150660021443,3.96784579611,3.98547954952,0,5.7530697817e-07,0
current_r2,6.275,15.6829014202,9.95167350345,0.988585601986,0.150660238771,3.99284500773,4.00912004012,0,5.33042000406e-07,0
current_r2,6.3,15.7076160595,9.95544001474,0,0,4.01784422765,4.03277435512,0,0,1
current_r2,6.325,15.7076160595,9.95544001474,0,0,4.01784422765,4.03277435512,0,0,1
current_r2,6.35,15.7076160595,9.95544001474,0,0,4.01784422765,4.03277435512,0,0,1
current_r2,6.375,15.7076160595,9.95544001474,0,0,4.01784422765,4.03277435512,0,0,1
current_r2,6.4,15.7076160595,9.95544001474,0,0,4.01784422765,4.03277435512,0,0,1
current_r2,6.425,15.7076160595,9.95544001474,0,0,4.01784422765,4.03277435512,0,0,1
current_r2,6.45,15.7076160595,9.95544001474,0,0,4.01784422765,4.03277435512,0,0,1
current_r2,6.475,15.7076160595,9.95544001474,0,0,4.01784422765,4.03277435512,0,0,1
current_r2,6.5,15.7076160595,9.95544001474,0,0,4.01784422765,4.03277435512,0,0,1
current_r2,6.525,15.7076160595,9.95544001474,0,0,4.01784422765,4.03277435512,0,0,1
current_r2,6.55,15.7076160595,9.95544001474,0,0,4.01784422765,4.03277435512,0,0,1
current_r2,6.575,15.7076160595,9.95544001474,0,0,4.01784422765,4.03277435512,0,0,1
current_r2,6.6,15.7076160595,9.95544001474,0,0,4.01784422765,4.03277435512,0,0,1
current_r2,6.625,15.7076160595,9.95544001474,0,0,4.01784422765,4.03277435512,0,0,1
current_r2,6.65,15.7076160595,9.95544001474,0,0,4.01784422765,4.03277435512,0,0,1
current_r2,6.675,15.7076160595,9.95544001474,0,0,4.01784422765,4.03277435512,0,0,1
current_r2,6.7,15.7076160595,9.95544001474,0,0,4.01784422765,4.03277435512,0,0,1
current_r2,6.725,15.7076160595,9.95544001474,0,0,4.01784422765,4.03277435512,0,0,1
current_r2,6.75,15.7076160595,9.95544001474,0,0,4.01784422765,4.03277435512,0,0,1
current_r2,6.775,15.7076160595,9.95544001474,0,0,4.01784422765,4.03277435512,0,0,1
current_r2,6.8,15.7076160595,9.95544001474,0,0,4.01784422765,4.03277435512,0,0,1
current_r2,6.825,15.7076160595,9.95544001474,0,0,4.01784422765,4.03277435512,0,0,1
current_r2,6.85,15.7076160595,9.95544001474,0,0,4.01784422765,4.03277435512,0,0,1
current_r2,6.875,15.7076160595,9.95544001474,0,0,4.01784422765,4.03277435512,0,0,1
current_r2,6.9,15.7076160595,9.95544001474,0,0,4.01784422765,4.03277435512,0,0,1
current_r2,6.925,15.7076160595,9.95544001474,0,0,4.01784422765,4.03277435512,0,0,1
current_r2,6.95,15.7076160595,9.95544001474,0,0,4.01784422765,4.03277435512,0,0,1
current_r2,6.975,15.7076160595,9.95544001474,0,0,4.01784422765,4.03277435512,0,0,1
current_r2,7,15.7076160595,9.95544001474,0,0,4.01784422765,4.03277435512,0,0,1
current_r2,7.025,15.7076160595,9.95544001474,0,0,4.01784422765,4.03277435512,0,0,1
current_r2,7.05,15.7076160595,9.95544001474,0,0,4.01784422765,4.03277435512,0,0,1
current_r2,7.075,15.7076160595,9.95544001474,0,0,4.01784422765,4.03277435512,0,0,1
current_r2,7.1,15.7076160595,9.95544001474,0,0,4.01784422765,4.03277435512,0,0,1
current_r2,7.125,15.7076160595,9.95544001474,0,0,4.01784422765,4.03277435512,0,0,1
current_r2,7.15,15.7076160595,9.95544001474,0,0,4.01784422765,4.03277435512,0,0,1
current_r2,7.175,15.7076160595,9.95544001474,0,0,4.01784422765,4.03277435512,0,0,1
current_r2,7.2,15.7076160595,9.95544001474,0,0,4.01784422765,4.03277435512,0,0,1
current_r2,7.225,15.7076160595,9.95544001474,0,0,4.01784422765,4.03277435512,0,0,1
current_r2,7.25,15.7076160595,9.95544001474,0,0,4.01784422765,4.03277435512,0,0,1
current_r2,7.275,15.7076160595,9.95544001474,0,0,4.01784422765,4.03277435512,0,0,1
current_r2,7.3,15.7076160595,9.95544001474,0,0,4.01784422765,4.03277435512,0,0,1
current_r2,7.325,15.7076160595,9.95544001474,0,0,4.01784422765,4.03277435512,0,0,1
current_r2,7.35,15.7076160595,9.95544001474,0,0,4.01784422765,4.03277435512,0,0,1
current_r2,7.375,15.7076160595,9.95544001474,0,0,4.01784422765,4.03277435512,0,0,1
current_r2,7.4,15.7076160595,9.95544001474,0,0,4.01784422765,4.03277435512,0,0,1
current_r2,7.425,15.7076160595,9.95544001474,0,0,4.01784422765,4.03277435512,0,0,1
current_r2,7.45,15.7076160595,9.95544001474,0,0,4.01784422765,4.03277435512,0,0,1
current_r2,7.475,15.7076160595,9.95544001474,0,0,4.01784422765,4.03277435512,0,0,1
current_r2,7.5,15.7076160595,9.95544001474,0,0,4.01784422765,4.03277435512,0,0,1
current_r2,7.525,15.7076160595,9.95544001474,0,0,4.01784422765,4.03277435512,0,0,1
current_r2,7.55,15.7076160595,9.95544001474,0,0,4.01784422765,4.03277435512,0,0,1
current_r2,7.575,15.7076160595,9.95544001474,0,0,4.01784422765,4.03277435512,0,0,1
current_r2,7.6,15.7076160595,9.95544001474,0,0,4.01784422765,4.03277435512,0,0,1
current_r2,7.625,15.7076160595,9.95544001474,0,0,4.01784422765,4.03277435512,0,0,1
current_r2,7.65,15.7076160595,9.95544001474,0,0,4.01784422765,4.03277435512,0,0,1
current_r2,7.675,15.7076160595,9.95544001474,0,0,4.01784422765,4.03277435512,0,0,1
current_r2,7.7,15.7076160595,9.95544001474,0,0,4.01784422765,4.03277435512,0,0,1
current_r2,7.725,15.7076160595,9.95544001474,0,0,4.01784422765,4.03277435512,0,0,1
current_r2,7.75,15.7076160595,9.95544001474,0,0,4.01784422765,4.03277435512,0,0,1
current_r2,7.775,15.7076160595,9.95544001474,0,0,4.01784422765,4.03277435512,0,0,1
current_r2,7.8,15.7076160595,9.95544001474,0,0,4.01784422765,4.03277435512,0,0,1
current_r2,7.825,15.7076160595,9.95544001474,0,0,4.01784422765,4.03277435512,0,0,1
current_r2,7.85,15.7076160595,9.95544001474,0,0,4.01784422765,4.03277435512,0,0,1
current_r2,7.875,15.7076160595,9.95544001474,0,0,4.01784422765,4.03277435512,0,0,1
current_r2,7.9,15.7076160595,9.95544001474,0,0,4.01784422765,4.03277435512,0,0,1
current_r2,7.925,15.7076160595,9.95544001474,0,0,4.01784422765,4.03277435512,0,0,1
current_r2,7.95,15.7076160595,9.95544001474,0,0,4.01784422765,4.03277435512,0,0,1
current_r2,7.975,15.7076160595,9.95544001474,0,0,4.01784422765,4.03277435512,0,0,1
current_r2,8,15.7076160595,9.95544001474,0,0,4.01784422765,4.03277435512,0,0,1
current_r2,8.025,15.7076160595,9.95544001474,0,0,4.01784422765,4.03277435512,0,0,1
current_r2,8.05,15.7076160595,9.95544001474,0,0,4.01784422765,4.03277435512,0,0,1
current_r2,8.075,15.7076160595,9.95544001474,0,0,4.01784422765,4.03277435512,0,0,1
current_r2,8.1,15.7076160595,9.95544001474,0,0,4.01784422765,4.03277435512,0,0,1
current_r2,8.125,15.7076160595,9.95544001474,0,0,4.01784422765,4.03277435512,0,0,1
current_r2,8.15,15.7076160595,9.95544001474,0,0,4.01784422765,4.03277435512,0,0,1
current_r2,8.175,15.7076160595,9.95544001474,0,0,4.01784422765,4.03277435512,0,0,1
current_r2,8.2,15.7076160595,9.95544001474,0,0,4.01784422765,4.03277435512,0,0,1
current_r2,8.225,15.7076160595,9.95544001474,0,0,4.01784422765,4.03277435512,0,0,1
current_r2,8.25,15.7076160595,9.95544001474,0,0,4.01784422765,4.03277435512,0,0,1
current_r2,8.275,15.7076160595,9.95544001474,0,0,4.01784422765,4.03277435512,0,0,1
current_r2,8.3,15.7076160595,9.95544001474,0,0,4.01784422765,4.03277435512,0,0,1
current_r2,8.325,15.7076160595,9.95544001474,0,0,4.01784422765,4.03277435512,0,0,1
current_r2,8.35,15.7076160595,9.95544001474,0,0,4.01784422765,4.03277435512,0,0,1
current_r2,8.375,15.7076160595,9.95544001474,0,0,4.01784422765,4.03277435512,0,0,1
current_r2,8.4,15.7076160595,9.95544001474,0,0,4.01784422765,4.03277435512,0,0,1
current_r2,8.425,15.7076160595,9.95544001474,0,0,4.01784422765,4.03277435512,0,0,1
current_r2,8.45,15.7076160595,9.95544001474,0,0,4.01784422765,4.03277435512,0,0,1
current_r2,8.475,15.7076160595,9.95544001474,0,0,4.01784422765,4.03277435512,0,0,1
current_r2,8.5,15.7076160595,9.95544001474,0,0,4.01784422765,4.03277435512,0,0,1
current_r2,8.525,15.7076160595,9.95544001474,0,0,4.01784422765,4.03277435512,0,0,1
current_r2,8.55,15.7076160595,9.95544001474,0,0,4.01784422765,4.03277435512,0,0,1
current_r2,8.575,15.7076160595,9.95544001474,0,0,4.01784422765,4.03277435512,0,0,1
current_r2,8.6,15.7076160595,9.95544001474,0,0,4.01784422765,4.03277435512,0,0,1
current_r2,8.625,15.7076160595,9.95544001474,0,0,4.01784422765,4.03277435512,0,0,1
current_r2,8.65,15.7076160595,9.95544001474,0,0,4.01784422765,4.03277435512,0,0,1
current_r2,8.675,15.7076160595,9.95544001474,0,0,4.01784422765,4.03277435512,0,0,1
current_r2,8.7,15.7076160595,9.95544001474,0,0,4.01784422765,4.03277435512,0,0,1
current_r2,8.725,15.7076160595,9.95544001474,0,0,4.01784422765,4.03277435512,0,0,1
current_r2,8.75,15.7076160595,9.95544001474,0,0,4.01784422765,4.03277435512,0,0,1
current_r2,8.775,15.7076160595,9.95544001474,0,0,4.01784422765,4.03277435512,0,0,1
current_r2,8.8,15.7076160595,9.95544001474,0,0,4.01784422765,4.03277435512,0,0,1
current_r2,8.825,15.7076160595,9.95544001474,0,0,4.01784422765,4.03277435512,0,0,1
current_r2,8.85,15.7076160595,9.95544001474,0,0,4.01784422765,4.03277435512,0,0,1
current_r2,8.875,15.7076160595,9.95544001474,0,0,4.01784422765,4.03277435512,0,0,1
current_r2,8.9,15.7076160595,9.95544001474,0,0,4.01784422765,4.03277435512,0,0,1
current_r2,8.925,15.7076160595,9.95544001474,0,0,4.01784422765,4.03277435512,0,0,1
current_r2,8.95,15.7076160595,9.95544001474,0,0,4.01784422765,4.03277435512,0,0,1
current_r2,8.975,15.7076160595,9.95544001474,0,0,4.01784422765,4.03277435512,0,0,1
current_r2,9,15.7076160595,9.95544001474,0,0,4.01784422765,4.03277435512,0,0,1
current_r2,9.025,15.7076160595,9.95544001474,0,0,4.01784422765,4.03277435512,0,0,1
current_r2,9.05,15.7076160595,9.95544001474,0,0,4.01784422765,4.03277435512,0,0,1
current_r2,9.075,15.7076160595,9.95544001474,0,0,4.01784422765,4.03277435512,0,0,1
current_r2,9.1,15.7076160595,9.95544001474,0,0,4.01784422765,4.03277435512,0,0,1
current_r2,9.125,15.7076160595,9.95544001474,0,0,4.01784422765,4.03277435512,0,0,1
current_r2,9.15,15.7076160595,9.95544001474,0,0,4.01784422765,4.03277435512,0,0,1
current_r2,9.175,15.7076160595,9.95544001474,0,0,4.01784422765,4.03277435512,0,0,1
current_r2,9.2,15.7076160595,9.95544001474,0,0,4.01784422765,4.03277435512,0,0,1
current_r2,9.225,15.7076160595,9.95544001474,0,0,4.01784422765,4.03277435512,0,0,1
current_r2,9.25,15.7076160595,9.95544001474,0,0,4.01784422765,4.03277435512,0,0,1
current_r2,9.275,15.7076160595,9.95544001474,0,0,4.01784422765,4.03277435512,0,0,1
current_r2,9.3,15.7076160595,9.95544001474,0,0,4.01784422765,4.03277435512,0,0,1
current_r2,9.325,15.7076160595,9.95544001474,0,0,4.01784422765,4.03277435512,0,0,1
current_r2,9.35,15.7076160595,9.95544001474,0,0,4.01784422765,4.03277435512,0,0,1
current_r2,9.375,15.7076160595,9.95544001474,0,0,4.01784422765,4.03277435512,0,0,1
current_r2,9.4,15.7076160595,9.95544001474,0,0,4.01784422765,4.03277435512,0,0,1
current_r2,9.425,15.7076160595,9.95544001474,0,0,4.01784422765,4.03277435512,0,0,1
current_r2,9.45,15.7076160595,9.95544001474,0,0,4.01784422765,4.03277435512,0,0,1
current_r2,9.475,15.7076160595,9.95544001474,0,0,4.01784422765,4.03277435512,0,0,1
current_r2,9.5,15.7076160595,9.95544001474,0,0,4.01784422765,4.03277435512,0,0,1
current_r2,9.525,15.7076160595,9.95544001474,0,0,4.01784422765,4.03277435512,0,0,1
current_r2,9.55,15.7076160595,9.95544001474,0,0,4.01784422765,4.03277435512,0,0,1
current_r2,9.575,15.7076160595,9.95544001474,0,0,4.01784422765,4.03277435512,0,0,1
current_r2,9.6,15.7076160595,9.95544001474,0,0,4.01784422765,4.03277435512,0,0,1
current_r2,9.625,15.7076160595,9.95544001474,0,0,4.01784422765,4.03277435512,0,0,1
current_r2,9.65,15.7076160595,9.95544001474,0,0,4.01784422765,4.03277435512,0,0,1
current_r2,9.675,15.7076160595,9.95544001474,0,0,4.01784422765,4.03277435512,0,0,1
current_r2,9.7,15.7076160595,9.95544001474,0,0,4.01784422765,4.03277435512,0,0,1
current_r2,9.725,15.7076160595,9.95544001474,0,0,4.01784422765,4.03277435512,0,0,1
current_r2,9.75,15.7076160595,9.95544001474,0,0,4.01784422765,4.03277435512,0,0,1
current_r2,9.775,15.7076160595,9.95544001474,0,0,4.01784422765,4.03277435512,0,0,1
current_r2,9.8,15.7076160595,9.95544001474,0,0,4.01784422765,4.03277435512,0,0,1
current_r2,9.825,15.7076160595,9.95544001474,0,0,4.01784422765,4.03277435512,0,0,1
current_r2,9.85,15.7076160595,9.95544001474,0,0,4.01784422765,4.03277435512,0,0,1
current_r2,9.875,15.7076160595,9.95544001474,0,0,4.01784422765,4.03277435512,0,0,1
current_r2,9.9,15.7076160595,9.95544001474,0,0,4.01784422765,4.03277435512,0,0,1
current_r2,9.925,15.7076160595,9.95544001474,0,0,4.01784422765,4.03277435512,0,0,1
current_r2,9.95,15.7076160595,9.95544001474,0,0,4.01784422765,4.03277435512,0,0,1
current_r2,9.975,15.7076160595,9.95544001474,0,0,4.01784422765,4.03277435512,0,0,1
current_r2,10,15.7076160595,9.95544001474,0,0,4.01784422765,4.03277435512,0,0,1
current_r2,10.025,15.7076160595,9.95544001474,0,0,4.01784422765,4.03277435512,0,0,1
current_r2,10.05,15.7076160595,9.95544001474,0,0,4.01784422765,4.03277435512,0,0,1
current_r2,10.075,15.7076160595,9.95544001474,0,0,4.01784422765,4.03277435512,0,0,1
current_r2,10.1,15.7076160595,9.95544001474,0,0,4.01784422765,4.03277435512,0,0,1
current_r2,10.125,15.7076160595,9.95544001474,0,0,4.01784422765,4.03277435512,0,0,1
current_r2,10.15,15.7076160595,9.95544001474,0,0,4.01784422765,4.03277435512,0,0,1
current_r2,10.175,15.7076160595,9.95544001474,0,0,4.01784422765,4.03277435512,0,0,1
current_r2,10.2,15.7076160595,9.95544001474,0,0,4.01784422765,4.03277435512,0,0,1
current_r2,10.225,15.7076160595,9.95544001474,0,0,4.01784422765,4.03277435512,0,0,1
current_r2,10.25,15.7076160595,9.95544001474,0,0,4.01784422765,4.03277435512,0,0,1
current_r2,10.275,15.7076160595,9.95544001474,0,0,4.01784422765,4.03277435512,0,0,1
current_r2,10.3,15.7076160595,9.95544001474,0,0,4.01784422765,4.03277435512,0,0,1
current_r2,10.325,15.7076160595,9.95544001474,0,0,4.01784422765,4.03277435512,0,0,1
current_r2,10.35,15.7076160595,9.95544001474,0,0,4.01784422765,4.03277435512,0,0,1
current_r2,10.375,15.7076160595,9.95544001474,0,0,4.01784422765,4.03277435512,0,0,1
current_r2,10.4,15.7076160595,9.95544001474,0,0,4.01784422765,4.03277435512,0,0,1
current_r2,10.425,15.7076160595,9.95544001474,0,0,4.01784422765,4.03277435512,0,0,1
current_r2,10.45,15.7076160595,9.95544001474,0,0,4.01784422765,4.03277435512,0,0,1
current_r2,10.475,15.7076160595,9.95544001474,0,0,4.01784422765,4.03277435512,0,0,1
current_r2,10.5,15.7076160595,9.95544001474,0,0,4.01784422765,4.03277435512,0,0,1
current_r2,10.525,15.7076160595,9.95544001474,0,0,4.01784422765,4.03277435512,0,0,1
current_r2,10.55,15.7076160595,9.95544001474,0,0,4.01784422765,4.03277435512,0,0,1
current_r2,10.575,15.7076160595,9.95544001474,0,0,4.01784422765,4.03277435512,0,0,1
current_r2,10.6,15.7076160595,9.95544001474,0,0,4.01784422765,4.03277435512,0,0,1
current_r2,10.625,15.7076160595,9.95544001474,0,0,4.01784422765,4.03277435512,0,0,1
current_r2,10.65,15.7076160595,9.95544001474,0,0,4.01784422765,4.03277435512,0,0,1
current_r2,10.675,15.7076160595,9.95544001474,0,0,4.01784422765,4.03277435512,0,0,1
current_r2,10.7,15.7076160595,9.95544001474,0,0,4.01784422765,4.03277435512,0,0,1
current_r2,10.725,15.7076160595,9.95544001474,0,0,4.01784422765,4.03277435512,0,0,1
current_r2,10.75,15.7076160595,9.95544001474,0,0,4.01784422765,4.03277435512,0,0,1
current_r2,10.775,15.7076160595,9.95544001474,0,0,4.01784422765,4.03277435512,0,0,1
current_r2,10.8,15.7076160595,9.95544001474,0,0,4.01784422765,4.03277435512,0,0,1
current_r2,10.825,15.7076160595,9.95544001474,0,0,4.01784422765,4.03277435512,0,0,1
current_r2,10.85,15.7076160595,9.95544001474,0,0,4.01784422765,4.03277435512,0,0,1
current_r2,10.875,15.7076160595,9.95544001474,0,0,4.01784422765,4.03277435512,0,0,1
current_r2,10.9,15.7076160595,9.95544001474,0,0,4.01784422765,4.03277435512,0,0,1
current_r2,10.925,15.7076160595,9.95544001474,0,0,4.01784422765,4.03277435512,0,0,1
current_r2,10.95,15.7076160595,9.95544001474,0,0,4.01784422765,4.03277435512,0,0,1
current_r2,10.975,15.7076160595,9.95544001474,0,0,4.01784422765,4.03277435512,0,0,1
current_r2,11,15.7076160595,9.95544001474,0,0,4.01784422765,4.03277435512,0,0,1
current_r2,11.025,15.7076160595,9.95544001474,0,0,4.01784422765,4.03277435512,0,0,1
current_r2,11.05,15.7076160595,9.95544001474,0,0,4.01784422765,4.03277435512,0,0,1
current_r2,11.075,15.7076160595,9.95544001474,0,0,4.01784422765,4.03277435512,0,0,1
current_r2,11.1,15.7076160595,9.95544001474,0,0,4.01784422765,4.03277435512,0,0,1
current_r2,11.125,15.7076160595,9.95544001474,0,0,4.01784422765,4.03277435512,0,0,1
current_r2,11.15,15.7076160595,9.95544001474,0,0,4.01784422765,4.03277435512,0,0,1
current_r2,11.175,15.7076160595,9.95544001474,0,0,4.01784422765,4.03277435512,0,0,1
current_r2,11.2,15.7076160595,9.95544001474,0,0,4.01784422765,4.03277435512,0,0,1
current_r2,11.225,15.7076160595,9.95544001474,0,0,4.01784422765,4.03277435512,0,0,1
current_r2,11.25,15.7076160595,9.95544001474,0,0,4.01784422765,4.03277435512,0,0,1
current_r2,11.275,15.7076160595,9.95544001474,0,0,4.01784422765,4.03277435512,0,0,1
current_r2,11.3,15.7076160595,9.95544001474,0,0,4.01784422765,4.03277435512,0,0,1
current_r2,11.325,15.7076160595,9.95544001474,0,0,4.01784422765,4.03277435512,0,0,1
current_r2,11.35,15.7076160595,9.95544001474,0,0,4.01784422765,4.03277435512,0,0,1
current_r2,11.375,15.7076160595,9.95544001474,0,0,4.01784422765,4.03277435512,0,0,1
current_r2,11.4,15.7076160595,9.95544001474,0,0,4.01784422765,4.03277435512,0,0,1
current_r2,11.425,15.7076160595,9.95544001474,0,0,4.01784422765,4.03277435512,0,0,1
current_r2,11.45,15.7076160595,9.95544001474,0,0,4.01784422765,4.03277435512,0,0,1
current_r2,11.475,15.7076160595,9.95544001474,0,0,4.01784422765,4.03277435512,0,0,1
current_r2,11.5,15.7076160595,9.95544001474,0,0,4.01784422765,4.03277435512,0,0,1
current_r2,11.525,15.7076160595,9.95544001474,0,0,4.01784422765,4.03277435512,0,0,1
current_r2,11.55,15.7076160595,9.95544001474,0,0,4.01784422765,4.03277435512,0,0,1
current_r2,11.575,15.7076160595,9.95544001474,0,0,4.01784422765,4.03277435512,0,0,1
current_r2,11.6,15.7076160595,9.95544001474,0,0,4.01784422765,4.03277435512,0,0,1
current_r2,11.625,15.7076160595,9.95544001474,0,0,4.01784422765,4.03277435512,0,0,1
current_r2,11.65,15.7076160595,9.95544001474,0,0,4.01784422765,4.03277435512,0,0,1
current_r2,11.675,15.7076160595,9.95544001474,0,0,4.01784422765,4.03277435512,0,0,1
current_r2,11.7,15.7076160595,9.95544001474,0,0,4.01784422765,4.03277435512,0,0,1
current_r2,11.725,15.7076160595,9.95544001474,0,0,4.01784422765,4.03277435512,0,0,1
current_r2,11.75,15.7076160595,9.95544001474,0,0,4.01784422765,4.03277435512,0,0,1
current_r2,11.775,15.7076160595,9.95544001474,0,0,4.01784422765,4.03277435512,0,0,1
current_r2,11.8,15.7076160595,9.95544001474,0,0,4.01784422765,4.03277435512,0,0,1
current_r2,11.825,15.7076160595,9.95544001474,0,0,4.01784422765,4.03277435512,0,0,1
current_r2,11.85,15.7076160595,9.95544001474,0,0,4.01784422765,4.03277435512,0,0,1
current_r2,11.875,15.7076160595,9.95544001474,0,0,4.01784422765,4.03277435512,0,0,1
current_r2,11.9,15.7076160595,9.95544001474,0,0,4.01784422765,4.03277435512,0,0,1
current_r2,11.925,15.7076160595,9.95544001474,0,0,4.01784422765,4.03277435512,0,0,1
current_r2,11.95,15.7076160595,9.95544001474,0,0,4.01784422765,4.03277435512,0,0,1
current_r2,11.975,15.7076160595,9.95544001474,0,0,4.01784422765,4.03277435512,0,0,1
current_r2,12,15.7076160595,9.95544001474,0,0,4.01784422765,4.03277435512,0,0,1
current_r2,12.025,15.7076160595,9.95544001474,0,0,4.01784422765,4.03277435512,0,0,1
current_r2,12.05,15.7076160595,9.95544001474,0,0,4.01784422765,4.03277435512,0,0,1
current_r2,12.075,15.7076160595,9.95544001474,0,0,4.01784422765,4.03277435512,0,0,1
current_r2,12.1,15.7076160595,9.95544001474,0,0,4.01784422765,4.03277435512,0,0,1
current_r2,12.125,15.7076160595,9.95544001474,0,0,4.01784422765,4.03277435512,0,0,1
current_r2,12.15,15.7076160595,9.95544001474,0,0,4.01784422765,4.03277435512,0,0,1
current_r2,12.175,15.7076160595,9.95544001474,0,0,4.01784422765,4.03277435512,0,0,1
current_r2,12.2,15.7076160595,9.95544001474,0,0,4.01784422765,4.03277435512,0,0,1
current_r2,12.225,15.7076160595,9.95544001474,0,0,4.01784422765,4.03277435512,0,0,1
current_r2,12.25,15.7076160595,9.95544001474,0,0,4.01784422765,4.03277435512,0,0,1
current_r2,12.275,15.7076160595,9.95544001474,0,0,4.01784422765,4.03277435512,0,0,1
current_r2,12.3,15.7076160595,9.95544001474,0,0,4.01784422765,4.03277435512,0,0,1
current_r2,12.325,15.7076160595,9.95544001474,0,0,4.01784422765,4.03277435512,0,0,1
current_r2,12.35,15.7076160595,9.95544001474,0,0,4.01784422765,4.03277435512,0,0,1
current_r2,12.375,15.7076160595,9.95544001474,0,0,4.01784422765,4.03277435512,0,0,1
current_r2,12.4,15.7076160595,9.95544001474,0,0,4.01784422765,4.03277435512,0,0,1
current_r2,12.425,15.7076160595,9.95544001474,0,0,4.01784422765,4.03277435512,0,0,1
current_r2,12.45,15.7076160595,9.95544001474,0,0,4.01784422765,4.03277435512,0,0,1
current_r2,12.475,15.7076160595,9.95544001474,0,0,4.01784422765,4.03277435512,0,0,1
current_r2,12.5,15.7076160595,9.95544001474,0,0,4.01784422765,4.03277435512,0,0,1
current_r2,12.525,15.7076160595,9.95544001474,0,0,4.01784422765,4.03277435512,0,0,1
current_r2,12.55,15.7076160595,9.95544001474,0,0,4.01784422765,4.03277435512,0,0,1
current_r2,12.575,15.7076160595,9.95544001474,0,0,4.01784422765,4.03277435512,0,0,1
current_r2,12.6,15.7076160595,9.95544001474,0,0,4.01784422765,4.03277435512,0,0,1
current_r2,12.625,15.7076160595,9.95544001474,0,0,4.01784422765,4.03277435512,0,0,1
current_r2,12.65,15.7076160595,9.95544001474,0,0,4.01784422765,4.03277435512,0,0,1
current_r2,12.675,15.7076160595,9.95544001474,0,0,4.01784422765,4.03277435512,0,0,1
current_r2,12.7,15.7076160595,9.95544001474,0,0,4.01784422765,4.03277435512,0,0,1
current_r2,12.725,15.7076160595,9.95544001474,0,0,4.01784422765,4.03277435512,0,0,1
current_r2,12.75,15.7076160595,9.95544001474,0,0,4.01784422765,4.03277435512,0,0,1
current_r2,12.775,15.7076160595,9.95544001474,0,0,4.01784422765,4.03277435512,0,0,1
current_r2,12.8,15.7076160595,9.95544001474,0,0,4.01784422765,4.03277435512,0,0,1
current_r2,12.825,15.7076160595,9.95544001474,0,0,4.01784422765,4.03277435512,0,0,1
current_r2,12.85,15.7076160595,9.95544001474,0,0,4.01784422765,4.03277435512,0,0,1
current_r2,12.875,15.7076160595,9.95544001474,0,0,4.01784422765,4.03277435512,0,0,1
current_r2,12.9,15.7076160595,9.95544001474,0,0,4.01784422765,4.03277435512,0,0,1
current_r2,12.925,15.7076160595,9.95544001474,0,0,4.01784422765,4.03277435512,0,0,1
current_r2,12.95,15.7076160595,9.95544001474,0,0,4.01784422765,4.03277435512,0,0,1
current_r2,12.975,15.7076160595,9.95544001474,0,0,4.01784422765,4.03277435512,0,0,1
current_r2,13,15.7076160595,9.95544001474,0,0,4.01784422765,4.03277435512,0,0,1
current_r2,13.025,15.7076160595,9.95544001474,0,0,4.01784422765,4.03277435512,0,0,1
current_r2,13.05,15.7076160595,9.95544001474,0,0,4.01784422765,4.03277435512,0,0,1
current_r2,13.075,15.7076160595,9.95544001474,0,0,4.01784422765,4.03277435512,0,0,1
current_r2,13.1,15.7076160595,9.95544001474,0,0,4.01784422765,4.03277435512,0,0,1
current_r2,13.125,15.7076160595,9.95544001474,0,0,4.01784422765,4.03277435512,0,0,1
current_r2,13.15,15.7076160595,9.95544001474,0,0,4.01784422765,4.03277435512,0,0,1
current_r2,13.175,15.7076160595,9.95544001474,0,0,4.01784422765,4.03277435512,0,0,1
current_r2,13.2,15.7076160595,9.95544001474,0,0,4.01784422765,4.03277435512,0,0,1
current_r2,13.225,15.7076160595,9.95544001474,0,0,4.01784422765,4.03277435512,0,0,1
current_r2,13.25,15.7076160595,9.95544001474,0,0,4.01784422765,4.03277435512,0,0,1
current_r2,13.275,15.7076160595,9.95544001474,0,0,4.01784422765,4.03277435512,0,0,1
current_r2,13.3,15.7076160595,9.95544001474,0,0,4.01784422765,4.03277435512,0,0,1
current_r2,13.325,15.7076160595,9.95544001474,0,0,4.01784422765,4.03277435512,0,0,1
current_r2,13.35,15.7076160595,9.95544001474,0,0,4.01784422765,4.03277435512,0,0,1
current_r2,13.375,15.7076160595,9.95544001474,0,0,4.01784422765,4.03277435512,0,0,1
current_r2,13.4,15.7076160595,9.95544001474,0,0,4.01784422765,4.03277435512,0,0,1
current_r2,13.425,15.7076160595,9.95544001474,0,0,4.01784422765,4.03277435512,0,0,1
current_r2,13.45,15.7076160595,9.95544001474,0,0,4.01784422765,4.03277435512,0,0,1
current_r2,13.475,15.7076160595,9.95544001474,0,0,4.01784422765,4.03277435512,0,0,1
current_r2,13.5,15.7076160595,9.95544001474,0,0,4.01784422765,4.03277435512,0,0,1
current_r2,13.525,15.7076160595,9.95544001474,0,0,4.01784422765,4.03277435512,0,0,1
current_r2,13.55,15.7076160595,9.95544001474,0,0,4.01784422765,4.03277435512,0,0,1
current_r2,13.575,15.7076160595,9.95544001474,0,0,4.01784422765,4.03277435512,0,0,1
current_r2,13.6,15.7076160595,9.95544001474,0,0,4.01784422765,4.03277435512,0,0,1
current_r2,13.625,15.7076160595,9.95544001474,0,0,4.01784422765,4.03277435512,0,0,1
current_r2,13.65,15.7076160595,9.95544001474,0,0,4.01784422765,4.03277435512,0,0,1
current_r2,13.675,15.7076160595,9.95544001474,0,0,4.01784422765,4.03277435512,0,0,1
current_r2,13.7,15.7076160595,9.95544001474,0,0,4.01784422765,4.03277435512,0,0,1
current_r2,13.725,15.7076160595,9.95544001474,0,0,4.01784422765,4.03277435512,0,0,1
current_r2,13.75,15.7076160595,9.95544001474,0,0,4.01784422765,4.03277435512,0,0,1
current_r2,13.775,15.7076160595,9.95544001474,0,0,4.01784422765,4.03277435512,0,0,1
current_r2,13.8,15.7076160595,9.95544001474,0,0,4.01784422765,4.03277435512,0,0,1
current_r2,13.825,15.7076160595,9.95544001474,0,0,4.01784422765,4.03277435512,0,0,1
current_r2,13.85,15.7076160595,9.95544001474,0,0,4.01784422765,4.03277435512,0,0,1
current_r2,13.875,15.7076160595,9.95544001474,0,0,4.01784422765,4.03277435512,0,0,1
current_r2,13.9,15.7076160595,9.95544001474,0,0,4.01784422765,4.03277435512,0,0,1
current_r2,13.925,15.7076160595,9.95544001474,0,0,4.01784422765,4.03277435512,0,0,1
current_r2,13.95,15.7076160595,9.95544001474,0,0,4.01784422765,4.03277435512,0,0,1
current_r2,13.975,15.7076160595,9.95544001474,0,0,4.01784422765,4.03277435512,0,0,1
current_r2,14,15.7076160595,9.95544001474,0,0,4.01784422765,4.03277435512,0,0,1
current_r2,14.025,15.7076160595,9.95544001474,0,0,4.01784422765,4.03277435512,0,0,1
current_r2,14.05,15.7076160595,9.95544001474,0,0,4.01784422765,4.03277435512,0,0,1
current_r2,14.075,15.7076160595,9.95544001474,0,0,4.01784422765,4.03277435512,0,0,1
current_r2,14.1,15.7076160595,9.95544001474,0,0,4.01784422765,4.03277435512,0,0,1
current_r2,14.125,15.7076160595,9.95544001474,0,0,4.01784422765,4.03277435512,0,0,1
current_r2,14.15,15.7076160595,9.95544001474,0,0,4.01784422765,4.03277435512,0,0,1
current_r2,14.175,15.7076160595,9.95544001474,0,0,4.01784422765,4.03277435512,0,0,1
current_r2,14.2,15.7076160595,9.95544001474,0,0,4.01784422765,4.03277435512,0,0,1
current_r2,14.225,15.7076160595,9.95544001474,0,0,4.01784422765,4.03277435512,0,0,1
current_r2,14.25,15.7076160595,9.95544001474,0,0,4.01784422765,4.03277435512,0,0,1
current_r2,14.275,15.7076160595,9.95544001474,0,0,4.01784422765,4.03277435512,0,0,1
current_r2,14.3,15.7076160595,9.95544001474,0,0,4.01784422765,4.03277435512,0,0,1
current_r2,14.325,15.7076160595,9.95544001474,0,0,4.01784422765,4.03277435512,0,0,1
current_r2,14.35,15.7076160595,9.95544001474,0,0,4.01784422765,4.03277435512,0,0,1
current_r2,14.375,15.7076160595,9.95544001474,0,0,4.01784422765,4.03277435512,0,0,1
current_r2,14.4,15.7076160595,9.95544001474,0,0,4.01784422765,4.03277435512,0,0,1
current_r2,14.425,15.7076160595,9.95544001474,0,0,4.01784422765,4.03277435512,0,0,1
current_r2,14.45,15.7076160595,9.95544001474,0,0,4.01784422765,4.03277435512,0,0,1
current_r2,14.475,15.7076160595,9.95544001474,0,0,4.01784422765,4.03277435512,0,0,1
current_r2,14.5,15.7076160595,9.95544001474,0,0,4.01784422765,4.03277435512,0,0,1
current_r2,14.525,15.7076160595,9.95544001474,0,0,4.01784422765,4.03277435512,0,0,1
current_r2,14.55,15.7076160595,9.95544001474,0,0,4.01784422765,4.03277435512,0,0,1
current_r2,14.575,15.7076160595,9.95544001474,0,0,4.01784422765,4.03277435512,0,0,1
current_r2,14.6,15.7076160595,9.95544001474,0,0,4.01784422765,4.03277435512,0,0,1
current_r2,14.625,15.7076160595,9.95544001474,0,0,4.01784422765,4.03277435512,0,0,1
current_r2,14.65,15.7076160595,9.95544001474,0,0,4.01784422765,4.03277435512,0,0,1
current_r2,14.675,15.7076160595,9.95544001474,0,0,4.01784422765,4.03277435512,0,0,1
current_r2,14.7,15.7076160595,9.95544001474,0,0,4.01784422765,4.03277435512,0,0,1
current_r2,14.725,15.7076160595,9.95544001474,0,0,4.01784422765,4.03277435512,0,0,1
current_r2,14.75,15.7076160595,9.95544001474,0,0,4.01784422765,4.03277435512,0,0,1
current_r2,14.775,15.7076160595,9.95544001474,0,0,4.01784422765,4.03277435512,0,0,1
current_r2,14.8,15.7076160595,9.95544001474,0,0,4.01784422765,4.03277435512,0,0,1
current_r2,14.825,15.7076160595,9.95544001474,0,0,4.01784422765,4.03277435512,0,0,1
current_r2,14.85,15.7076160595,9.95544001474,0,0,4.01784422765,4.03277435512,0,0,1
current_r2,14.875,15.7076160595,9.95544001474,0,0,4.01784422765,4.03277435512,0,0,1
current_r2,14.9,15.7076160595,9.95544001474,0,0,4.01784422765,4.03277435512,0,0,1
current_r2,14.925,15.7076160595,9.95544001474,0,0,4.01784422765,4.03277435512,0,0,1
current_r2,14.95,15.7076160595,9.95544001474,0,0,4.01784422765,4.03277435512,0,0,1
current_r2,14.975,15.7076160595,9.95544001474,0,0,4.01784422765,4.03277435512,0,0,1
current_r2,15,15.7076160595,9.95544001474,0,0,4.01784422765,4.03277435512,0,0,1
current_r2,15.025,15.7076160595,9.95544001474,0,0,4.01784422765,4.03277435512,0,0,1
current_r2,15.05,15.7076160595,9.95544001474,0,0,4.01784422765,4.03277435512,0,0,1
current_r2,15.075,15.7076160595,9.95544001474,0,0,4.01784422765,4.03277435512,0,0,1
current_r2,15.1,15.7076160595,9.95544001474,0,0,4.01784422765,4.03277435512,0,0,1
current_r2,15.125,15.7076160595,9.95544001474,0,0,4.01784422765,4.03277435512,0,0,1
current_r2,15.15,15.7076160595,9.95544001474,0,0,4.01784422765,4.03277435512,0,0,1
current_r2,15.175,15.7076160595,9.95544001474,0,0,4.01784422765,4.03277435512,0,0,1
current_r2,15.2,15.7076160595,9.95544001474,0,0,4.01784422765,4.03277435512,0,0,1
current_r2,15.225,15.7076160595,9.95544001474,0,0,4.01784422765,4.03277435512,0,0,1
current_r2,15.25,15.7076160595,9.95544001474,0,0,4.01784422765,4.03277435512,0,0,1
current_r2,15.275,15.7076160595,9.95544001474,0,0,4.01784422765,4.03277435512,0,0,1
current_r2,15.3,15.7076160595,9.95544001474,0,0,4.01784422765,4.03277435512,0,0,1
current_r2,15.325,15.7076160595,9.95544001474,0,0,4.01784422765,4.03277435512,0,0,1
current_r2,15.35,15.7076160595,9.95544001474,0,0,4.01784422765,4.03277435512,0,0,1
current_r2,15.375,15.7076160595,9.95544001474,0,0,4.01784422765,4.03277435512,0,0,1
current_r2,15.4,15.7076160595,9.95544001474,0,0,4.01784422765,4.03277435512,0,0,1
current_r2,15.425,15.7076160595,9.95544001474,0,0,4.01784422765,4.03277435512,0,0,1
current_r2,15.45,15.7076160595,9.95544001474,0,0,4.01784422765,4.03277435512,0,0,1
current_r2,15.475,15.7076160595,9.95544001474,0,0,4.01784422765,4.03277435512,0,0,1
current_r2,15.5,15.7076160595,9.95544001474,0,0,4.01784422765,4.03277435512,0,0,1
current_r2,15.525,15.7076160595,9.95544001474,0,0,4.01784422765,4.03277435512,0,0,1
current_r2,15.55,15.7076160595,9.95544001474,0,0,4.01784422765,4.03277435512,0,0,1
current_r2,15.575,15.7076160595,9.95544001474,0,0,4.01784422765,4.03277435512,0,0,1
current_r2,15.6,15.7076160595,9.95544001474,0,0,4.01784422765,4.03277435512,0,0,1
current_r2,15.625,15.7076160595,9.95544001474,0,0,4.01784422765,4.03277435512,0,0,1
current_r2,15.65,15.7076160595,9.95544001474,0,0,4.01784422765,4.03277435512,0,0,1
current_r2,15.675,15.7076160595,9.95544001474,0,0,4.01784422765,4.03277435512,0,0,1
current_r2,15.7,15.7076160595,9.95544001474,0,0,4.01784422765,4.03277435512,0,0,1
current_r2,15.725,15.7076160595,9.95544001474,0,0,4.01784422765,4.03277435512,0,0,1
current_r2,15.75,15.7076160595,9.95544001474,0,0,4.01784422765,4.03277435512,0,0,1
current_r2,15.775,15.7076160595,9.95544001474,0,0,4.01784422765,4.03277435512,0,0,1
current_r2,15.8,15.7076160595,9.95544001474,0,0,4.01784422765,4.03277435512,0,0,1
current_r2,15.825,15.7076160595,9.95544001474,0,0,4.01784422765,4.03277435512,0,0,1
current_r2,15.85,15.7076160595,9.95544001474,0,0,4.01784422765,4.03277435512,0,0,1
current_r2,15.875,15.7076160595,9.95544001474,0,0,4.01784422765,4.03277435512,0,0,1
current_r2,15.9,15.7076160595,9.95544001474,0,0,4.01784422765,4.03277435512,0,0,1
current_r2,15.925,15.7076160595,9.95544001474,0,0,4.01784422765,4.03277435512,0,0,1
current_r2,15.95,15.7076160595,9.95544001474,0,0,4.01784422765,4.03277435512,0,0,1
current_r2,15.975,15.7076160595,9.95544001474,0,0,4.01784422765,4.03277435512,0,0,1
current_r2,16,15.7076160595,9.95544001474,0,0,4.01784422765,4.03277435512,0,0,1
current_r2,16.025,15.7076160595,9.95544001474,0,0,4.01784422765,4.03277435512,0,0,1
current_r2,16.05,15.7076160595,9.95544001474,0,0,4.01784422765,4.03277435512,0,0,1
current_r2,16.075,15.7076160595,9.95544001474,0,0,4.01784422765,4.03277435512,0,0,1
current_r2,16.1,15.7076160595,9.95544001474,0,0,4.01784422765,4.03277435512,0,0,1
current_r2,16.125,15.7076160595,9.95544001474,0,0,4.01784422765,4.03277435512,0,0,1
current_r2,16.15,15.7076160595,9.95544001474,0,0,4.01784422765,4.03277435512,0,0,1
current_r2,16.175,15.7076160595,9.95544001474,0,0,4.01784422765,4.03277435512,0,0,1
current_r2,16.2,15.7076160595,9.95544001474,0,0,4.01784422765,4.03277435512,0,0,1
current_r2,16.225,15.7076160595,9.95544001474,0,0,4.01784422765,4.03277435512,0,0,1
current_r2,16.25,15.7076160595,9.95544001474,0,0,4.01784422765,4.03277435512,0,0,1
current_r2,16.275,15.7076160595,9.95544001474,0,0,4.01784422765,4.03277435512,0,0,1
current_r2,16.3,15.7076160595,9.95544001474,0,0,4.01784422765,4.03277435512,0,0,1
current_r2,16.325,15.7076160595,9.95544001474,0,0,4.01784422765,4.03277435512,0,0,1
current_r2,16.35,15.7076160595,9.95544001474,0,0,4.01784422765,4.03277435512,0,0,1
current_r2,16.375,15.7076160595,9.95544001474,0,0,4.01784422765,4.03277435512,0,0,1
current_r2,16.4,15.7076160595,9.95544001474,0,0,4.01784422765,4.03277435512,0,0,1
current_r2,16.425,15.7076160595,9.95544001474,0,0,4.01784422765,4.03277435512,0,0,1
current_r2,16.45,15.7076160595,9.95544001474,0,0,4.01784422765,4.03277435512,0,0,1
current_r2,16.475,15.7076160595,9.95544001474,0,0,4.01784422765,4.03277435512,0,0,1
current_r2,16.5,15.7076160595,9.95544001474,0,0,4.01784422765,4.03277435512,0,0,1
current_r2,16.525,15.7076160595,9.95544001474,0,0,4.01784422765,4.03277435512,0,0,1
current_r2,16.55,15.7076160595,9.95544001474,0,0,4.01784422765,4.03277435512,0,0,1
current_r2,16.575,15.7076160595,9.95544001474,0,0,4.01784422765,4.03277435512,0,0,1
current_r2,16.6,15.7076160595,9.95544001474,0,0,4.01784422765,4.03277435512,0,0,1
current_r2,16.625,15.7076160595,9.95544001474,0,0,4.01784422765,4.03277435512,0,0,1
current_r2,16.65,15.7076160595,9.95544001474,0,0,4.01784422765,4.03277435512,0,0,1
current_r2,16.675,15.7076160595,9.95544001474,0,0,4.01784422765,4.03277435512,0,0,1
current_r2,16.7,15.7076160595,9.95544001474,0,0,4.01784422765,4.03277435512,0,0,1
current_r2,16.725,15.7076160595,9.95544001474,0,0,4.01784422765,4.03277435512,0,0,1
current_r2,16.75,15.7076160595,9.95544001474,0,0,4.01784422765,4.03277435512,0,0,1
current_r2,16.775,15.7076160595,9.95544001474,0,0,4.01784422765,4.03277435512,0,0,1
current_r2,16.8,15.7076160595,9.95544001474,0,0,4.01784422765,4.03277435512,0,0,1
current_r2,16.825,15.7076160595,9.95544001474,0,0,4.01784422765,4.03277435512,0,0,1
current_r2,16.85,15.7076160595,9.95544001474,0,0,4.01784422765,4.03277435512,0,0,1
current_r2,16.875,15.7076160595,9.95544001474,0,0,4.01784422765,4.03277435512,0,0,1
current_r2,16.9,15.7076160595,9.95544001474,0,0,4.01784422765,4.03277435512,0,0,1
current_r2,16.925,15.7076160595,9.95544001474,0,0,4.01784422765,4.03277435512,0,0,1
current_r2,16.95,15.7076160595,9.95544001474,0,0,4.01784422765,4.03277435512,0,0,1
current_r2,16.975,15.7076160595,9.95544001474,0,0,4.01784422765,4.03277435512,0,0,1
current_r2,17,15.7076160595,9.95544001474,0,0,4.01784422765,4.03277435512,0,0,1
current_r2,17.025,15.7076160595,9.95544001474,0,0,4.01784422765,4.03277435512,0,0,1
current_r2,17.05,15.7076160595,9.95544001474,0,0,4.01784422765,4.03277435512,0,0,1
current_r2,17.075,15.7076160595,9.95544001474,0,0,4.01784422765,4.03277435512,0,0,1
current_r2,17.1,15.7076160595,9.95544001474,0,0,4.01784422765,4.03277435512,0,0,1
current_r2,17.125,15.7076160595,9.95544001474,0,0,4.01784422765,4.03277435512,0,0,1
current_r2,17.15,15.7076160595,9.95544001474,0,0,4.01784422765,4.03277435512,0,0,1
current_r2,17.175,15.7076160595,9.95544001474,0,0,4.01784422765,4.03277435512,0,0,1
current_r2,17.2,15.7076160595,9.95544001474,0,0,4.01784422765,4.03277435512,0,0,1
current_r2,17.225,15.7076160595,9.95544001474,0,0,4.01784422765,4.03277435512,0,0,1
current_r2,17.25,15.7076160595,9.95544001474,0,0,4.01784422765,4.03277435512,0,0,1
current_r2,17.275,15.7076160595,9.95544001474,0,0,4.01784422765,4.03277435512,0,0,1
current_r2,17.3,15.7076160595,9.95544001474,0,0,4.01784422765,4.03277435512,0,0,1
current_r2,17.325,15.7076160595,9.95544001474,0,0,4.01784422765,4.03277435512,0,0,1
current_r2,17.35,15.7076160595,9.95544001474,0,0,4.01784422765,4.03277435512,0,0,1
current_r2,17.375,15.7076160595,9.95544001474,0,0,4.01784422765,4.03277435512,0,0,1
current_r2,17.4,15.7076160595,9.95544001474,0,0,4.01784422765,4.03277435512,0,0,1
current_r2,17.425,15.7076160595,9.95544001474,0,0,4.01784422765,4.03277435512,0,0,1
current_r2,17.45,15.7076160595,9.95544001474,0,0,4.01784422765,4.03277435512,0,0,1
current_r2,17.475,15.7076160595,9.95544001474,0,0,4.01784422765,4.03277435512,0,0,1
current_r2,17.5,15.7076160595,9.95544001474,0,0,4.01784422765,4.03277435512,0,0,1
current_r2,17.525,15.7076160595,9.95544001474,0,0,4.01784422765,4.03277435512,0,0,1
current_r2,17.55,15.7076160595,9.95544001474,0,0,4.01784422765,4.03277435512,0,0,1
current_r2,17.575,15.7076160595,9.95544001474,0,0,4.01784422765,4.03277435512,0,0,1
current_r2,17.6,15.7076160595,9.95544001474,0,0,4.01784422765,4.03277435512,0,0,1
current_r2,17.625,15.7076160595,9.95544001474,0,0,4.01784422765,4.03277435512,0,0,1
current_r2,17.65,15.7076160595,9.95544001474,0,0,4.01784422765,4.03277435512,0,0,1
current_r2,17.675,15.7076160595,9.95544001474,0,0,4.01784422765,4.03277435512,0,0,1
current_r2,17.7,15.7076160595,9.95544001474,0,0,4.01784422765,4.03277435512,0,0,1
current_r2,17.725,15.7076160595,9.95544001474,0,0,4.01784422765,4.03277435512,0,0,1
current_r2,17.75,15.7076160595,9.95544001474,0,0,4.01784422765,4.03277435512,0,0,1
current_r2,17.775,15.7076160595,9.95544001474,0,0,4.01784422765,4.03277435512,0,0,1
current_r2,17.8,15.7076160595,9.95544001474,0,0,4.01784422765,4.03277435512,0,0,1
current_r2,17.825,15.7076160595,9.95544001474,0,0,4.01784422765,4.03277435512,0,0,1
current_r2,17.85,15.7076160595,9.95544001474,0,0,4.01784422765,4.03277435512,0,0,1
current_r2,17.875,15.7076160595,9.95544001474,0,0,4.01784422765,4.03277435512,0,0,1
current_r2,17.9,15.7076160595,9.95544001474,0,0,4.01784422765,4.03277435512,0,0,1
current_r2,17.925,15.7076160595,9.95544001474,0,0,4.01784422765,4.03277435512,0,0,1
current_r2,17.95,15.7076160595,9.95544001474,0,0,4.01784422765,4.03277435512,0,0,1
current_r2,17.975,15.7076160595,9.95544001474,0,0,4.01784422765,4.03277435512,0,0,1
current_r2,18,15.7076160595,9.95544001474,0,0,4.01784422765,4.03277435512,0,0,1
current_r2,18.025,15.7076160595,9.95544001474,0,0,4.01784422765,4.03277435512,0,0,1
current_r2,18.05,15.7076160595,9.95544001474,0,0,4.01784422765,4.03277435512,0,0,1
current_r2,18.075,15.7076160595,9.95544001474,0,0,4.01784422765,4.03277435512,0,0,1
current_r2,18.1,15.7076160595,9.95544001474,0,0,4.01784422765,4.03277435512,0,0,1
current_r2,18.125,15.7076160595,9.95544001474,0,0,4.01784422765,4.03277435512,0,0,1
current_r2,18.15,15.7076160595,9.95544001474,0,0,4.01784422765,4.03277435512,0,0,1
current_r2,18.175,15.7076160595,9.95544001474,0,0,4.01784422765,4.03277435512,0,0,1
current_r2,18.2,15.7076160595,9.95544001474,0,0,4.01784422765,4.03277435512,0,0,1
current_r2,18.225,15.7076160595,9.95544001474,0,0,4.01784422765,4.03277435512,0,0,1
current_r2,18.25,15.7076160595,9.95544001474,0,0,4.01784422765,4.03277435512,0,0,1
current_r2,18.275,15.7076160595,9.95544001474,0,0,4.01784422765,4.03277435512,0,0,1
current_r2,18.3,15.7076160595,9.95544001474,0,0,4.01784422765,4.03277435512,0,0,1
current_r2,18.325,15.7076160595,9.95544001474,0,0,4.01784422765,4.03277435512,0,0,1
current_r2,18.35,15.7076160595,9.95544001474,0,0,4.01784422765,4.03277435512,0,0,1
current_r2,18.375,15.7076160595,9.95544001474,0,0,4.01784422765,4.03277435512,0,0,1
current_r2,18.4,15.7076160595,9.95544001474,0,0,4.01784422765,4.03277435512,0,0,1
current_r2,18.425,15.7076160595,9.95544001474,0,0,4.01784422765,4.03277435512,0,0,1
current_r2,18.45,15.7076160595,9.95544001474,0,0,4.01784422765,4.03277435512,0,0,1
current_r2,18.475,15.7076160595,9.95544001474,0,0,4.01784422765,4.03277435512,0,0,1
current_r2,18.5,15.7076160595,9.95544001474,0,0,4.01784422765,4.03277435512,0,0,1
current_r2,18.525,15.7076160595,9.95544001474,0,0,4.01784422765,4.03277435512,0,0,1
current_r2,18.55,15.7076160595,9.95544001474,0,0,4.01784422765,4.03277435512,0,0,1
current_r2,18.575,15.7076160595,9.95544001474,0,0,4.01784422765,4.03277435512,0,0,1
current_r2,18.6,15.7076160595,9.95544001474,0,0,4.01784422765,4.03277435512,0,0,1
current_r2,18.625,15.7076160595,9.95544001474,0,0,4.01784422765,4.03277435512,0,0,1
current_r2,18.65,15.7076160595,9.95544001474,0,0,4.01784422765,4.03277435512,0,0,1
current_r2,18.675,15.7076160595,9.95544001474,0,0,4.01784422765,4.03277435512,0,0,1
current_r2,18.7,15.7076160595,9.95544001474,0,0,4.01784422765,4.03277435512,0,0,1
current_r2,18.725,15.7076160595,9.95544001474,0,0,4.01784422765,4.03277435512,0,0,1
current_r2,18.75,15.7076160595,9.95544001474,0,0,4.01784422765,4.03277435512,0,0,1
current_r2,18.775,15.7076160595,9.95544001474,0,0,4.01784422765,4.03277435512,0,0,1
current_r2,18.8,15.7076160595,9.95544001474,0,0,4.01784422765,4.03277435512,0,0,1
current_r2,18.825,15.7076160595,9.95544001474,0,0,4.01784422765,4.03277435512,0,0,1
current_r2,18.85,15.7076160595,9.95544001474,0,0,4.01784422765,4.03277435512,0,0,1
current_r2,18.875,15.7076160595,9.95544001474,0,0,4.01784422765,4.03277435512,0,0,1
current_r2,18.9,15.7076160595,9.95544001474,0,0,4.01784422765,4.03277435512,0,0,1
current_r2,18.925,15.7076160595,9.95544001474,0,0,4.01784422765,4.03277435512,0,0,1
current_r2,18.95,15.7076160595,9.95544001474,0,0,4.01784422765,4.03277435512,0,0,1
current_r2,18.975,15.7076160595,9.95544001474,0,0,4.01784422765,4.03277435512,0,0,1
current_r2,19,15.7076160595,9.95544001474,0,0,4.01784422765,4.03277435512,0,0,1
current_r2,19.025,15.7076160595,9.95544001474,0,0,4.01784422765,4.03277435512,0,0,1
current_r2,19.05,15.7076160595,9.95544001474,0,0,4.01784422765,4.03277435512,0,0,1
current_r2,19.075,15.7076160595,9.95544001474,0,0,4.01784422765,4.03277435512,0,0,1
current_r2,19.1,15.7076160595,9.95544001474,0,0,4.01784422765,4.03277435512,0,0,1
current_r2,19.125,15.7076160595,9.95544001474,0,0,4.01784422765,4.03277435512,0,0,1
current_r2,19.15,15.7076160595,9.95544001474,0,0,4.01784422765,4.03277435512,0,0,1
current_r2,19.175,15.7076160595,9.95544001474,0,0,4.01784422765,4.03277435512,0,0,1
current_r2,19.2,15.7076160595,9.95544001474,0,0,4.01784422765,4.03277435512,0,0,1
current_r2,19.225,15.7076160595,9.95544001474,0,0,4.01784422765,4.03277435512,0,0,1
current_r2,19.25,15.7076160595,9.95544001474,0,0,4.01784422765,4.03277435512,0,0,1
current_r2,19.275,15.7076160595,9.95544001474,0,0,4.01784422765,4.03277435512,0,0,1
current_r2,19.3,15.7076160595,9.95544001474,0,0,4.01784422765,4.03277435512,0,0,1
current_r2,19.325,15.7076160595,9.95544001474,0,0,4.01784422765,4.03277435512,0,0,1
current_r2,19.35,15.7076160595,9.95544001474,0,0,4.01784422765,4.03277435512,0,0,1
current_r2,19.375,15.7076160595,9.95544001474,0,0,4.01784422765,4.03277435512,0,0,1
current_r2,19.4,15.7076160595,9.95544001474,0,0,4.01784422765,4.03277435512,0,0,1
current_r2,19.425,15.7076160595,9.95544001474,0,0,4.01784422765,4.03277435512,0,0,1
current_r2,19.45,15.7076160595,9.95544001474,0,0,4.01784422765,4.03277435512,0,0,1
current_r2,19.475,15.7076160595,9.95544001474,0,0,4.01784422765,4.03277435512,0,0,1
current_r2,19.5,15.7076160595,9.95544001474,0,0,4.01784422765,4.03277435512,0,0,1
current_r2,19.525,15.7076160595,9.95544001474,0,0,4.01784422765,4.03277435512,0,0,1
current_r2,19.55,15.7076160595,9.95544001474,0,0,4.01784422765,4.03277435512,0,0,1
current_r2,19.575,15.7076160595,9.95544001474,0,0,4.01784422765,4.03277435512,0,0,1
current_r2,19.6,15.7076160595,9.95544001474,0,0,4.01784422765,4.03277435512,0,0,1
current_r2,19.625,15.7076160595,9.95544001474,0,0,4.01784422765,4.03277435512,0,0,1
current_r2,19.65,15.7076160595,9.95544001474,0,0,4.01784422765,4.03277435512,0,0,1
current_r2,19.675,15.7076160595,9.95544001474,0,0,4.01784422765,4.03277435512,0,0,1
current_r2,19.7,15.7076160595,9.95544001474,0,0,4.01784422765,4.03277435512,0,0,1
current_r2,19.725,15.7076160595,9.95544001474,0,0,4.01784422765,4.03277435512,0,0,1
current_r2,19.75,15.7076160595,9.95544001474,0,0,4.01784422765,4.03277435512,0,0,1
current_r2,19.775,15.7076160595,9.95544001474,0,0,4.01784422765,4.03277435512,0,0,1
current_r2,19.8,15.7076160595,9.95544001474,0,0,4.01784422765,4.03277435512,0,0,1
current_r2,19.825,15.7076160595,9.95544001474,0,0,4.01784422765,4.03277435512,0,0,1
current_r2,19.85,15.7076160595,9.95544001474,0,0,4.01784422765,4.03277435512,0,0,1
current_r2,19.875,15.7076160595,9.95544001474,0,0,4.01784422765,4.03277435512,0,0,1
current_r2,19.9,15.7076160595,9.95544001474,0,0,4.01784422765,4.03277435512,0,0,1
current_r2,19.925,15.7076160595,9.95544001474,0,0,4.01784422765,4.03277435512,0,0,1
current_r2,19.95,15.7076160595,9.95544001474,0,0,4.01784422765,4.03277435512,0,0,1
current_r2,19.975,15.7076160595,9.95544001474,0,0,4.01784422765,4.03277435512,0,0,1
current_r2,20,15.7076160595,9.95544001474,0,0,4.01784422765,4.03277435512,0,0,1
current_r2,20.025,15.7076160595,9.95544001474,0,0,4.01784422765,4.03277435512,0,0,1
current_r2,20.05,15.7076160595,9.95544001474,0,0,4.01784422765,4.03277435512,0,0,1
current_r2,20.075,15.7076160595,9.95544001474,0,0,4.01784422765,4.03277435512,0,0,1
current_r2,20.1,15.7076160595,9.95544001474,0,0,4.01784422765,4.03277435512,0,0,1
current_r2,20.125,15.7076160595,9.95544001474,0,0,4.01784422765,4.03277435512,0,0,1
current_r2,20.15,15.7076160595,9.95544001474,0,0,4.01784422765,4.03277435512,0,0,1
current_r2,20.175,15.7076160595,9.95544001474,0,0,4.01784422765,4.03277435512,0,0,1
current_r2,20.2,15.7076160595,9.95544001474,0,0,4.01784422765,4.03277435512,0,0,1
current_r2,20.225,15.7076160595,9.95544001474,0,0,4.01784422765,4.03277435512,0,0,1
current_r2,20.25,15.7076160595,9.95544001474,0,0,4.01784422765,4.03277435512,0,0,1
current_r2,20.275,15.7076160595,9.95544001474,0,0,4.01784422765,4.03277435512,0,0,1
current_r2,20.3,15.7076160595,9.95544001474,0,0,4.01784422765,4.03277435512,0,0,1
current_r2,20.325,15.7076160595,9.95544001474,0,0,4.01784422765,4.03277435512,0,0,1
current_r2,20.35,15.7076160595,9.95544001474,0,0,4.01784422765,4.03277435512,0,0,1
current_r2,20.375,15.7076160595,9.95544001474,0,0,4.01784422765,4.03277435512,0,0,1
current_r2,20.4,15.7076160595,9.95544001474,0,0,4.01784422765,4.03277435512,0,0,1
current_r2,20.425,15.7076160595,9.95544001474,0,0,4.01784422765,4.03277435512,0,0,1
current_r2,20.45,15.7076160595,9.95544001474,0,0,4.01784422765,4.03277435512,0,0,1
current_r2,20.475,15.7076160595,9.95544001474,0,0,4.01784422765,4.03277435512,0,0,1
current_r2,20.5,15.7076160595,9.95544001474,0,0,4.01784422765,4.03277435512,0,0,1
current_r2,20.525,15.7076160595,9.95544001474,0,0,4.01784422765,4.03277435512,0,0,1
current_r2,20.55,15.7076160595,9.95544001474,0,0,4.01784422765,4.03277435512,0,0,1
current_r2,20.575,15.7076160595,9.95544001474,0,0,4.01784422765,4.03277435512,0,0,1
current_r2,20.6,15.7076160595,9.95544001474,0,0,4.01784422765,4.03277435512,0,0,1
current_r2,20.625,15.7076160595,9.95544001474,0,0,4.01784422765,4.03277435512,0,0,1
current_r2,20.65,15.7076160595,9.95544001474,0,0,4.01784422765,4.03277435512,0,0,1
current_r2,20.675,15.7076160595,9.95544001474,0,0,4.01784422765,4.03277435512,0,0,1
current_r2,20.7,15.7076160595,9.95544001474,0,0,4.01784422765,4.03277435512,0,0,1
current_r2,20.725,15.7076160595,9.95544001474,0,0,4.01784422765,4.03277435512,0,0,1
current_r2,20.75,15.7076160595,9.95544001474,0,0,4.01784422765,4.03277435512,0,0,1
current_r2,20.775,15.7076160595,9.95544001474,0,0,4.01784422765,4.03277435512,0,0,1
current_r2,20.8,15.7076160595,9.95544001474,0,0,4.01784422765,4.03277435512,0,0,1
current_r2,20.825,15.7076160595,9.95544001474,0,0,4.01784422765,4.03277435512,0,0,1
current_r2,20.85,15.7076160595,9.95544001474,0,0,4.01784422765,4.03277435512,0,0,1
current_r2,20.875,15.7076160595,9.95544001474,0,0,4.01784422765,4.03277435512,0,0,1
current_r2,20.9,15.7076160595,9.95544001474,0,0,4.01784422765,4.03277435512,0,0,1
current_r2,20.925,15.7076160595,9.95544001474,0,0,4.01784422765,4.03277435512,0,0,1
current_r2,20.95,15.7076160595,9.95544001474,0,0,4.01784422765,4.03277435512,0,0,1
current_r2,20.975,15.7076160595,9.95544001474,0,0,4.01784422765,4.03277435512,0,0,1
current_r2,21,15.7076160595,9.95544001474,0,0,4.01784422765,4.03277435512,0,0,1
current_r2,21.025,15.7076160595,9.95544001474,0,0,4.01784422765,4.03277435512,0,0,1
current_r2,21.05,15.7076160595,9.95544001474,0,0,4.01784422765,4.03277435512,0,0,1
current_r2,21.075,15.7076160595,9.95544001474,0,0,4.01784422765,4.03277435512,0,0,1
current_r2,21.1,15.7076160595,9.95544001474,0,0,4.01784422765,4.03277435512,0,0,1
current_r2,21.125,15.7076160595,9.95544001474,0,0,4.01784422765,4.03277435512,0,0,1
current_r2,21.15,15.7076160595,9.95544001474,0,0,4.01784422765,4.03277435512,0,0,1
current_r2,21.175,15.7076160595,9.95544001474,0,0,4.01784422765,4.03277435512,0,0,1
current_r2,21.2,15.7076160595,9.95544001474,0,0,4.01784422765,4.03277435512,0,0,1
current_r2,21.225,15.7076160595,9.95544001474,0,0,4.01784422765,4.03277435512,0,0,1
current_r2,21.25,15.7076160595,9.95544001474,0,0,4.01784422765,4.03277435512,0,0,1
current_r2,21.275,15.7076160595,9.95544001474,0,0,4.01784422765,4.03277435512,0,0,1
current_r2,21.3,15.7076160595,9.95544001474,0,0,4.01784422765,4.03277435512,0,0,1
current_r2,21.325,15.7076160595,9.95544001474,0,0,4.01784422765,4.03277435512,0,0,1
current_r2,21.35,15.7076160595,9.95544001474,0,0,4.01784422765,4.03277435512,0,0,1
current_r2,21.375,15.7076160595,9.95544001474,0,0,4.01784422765,4.03277435512,0,0,1
current_r2,21.4,15.7076160595,9.95544001474,0,0,4.01784422765,4.03277435512,0,0,1
current_r2,21.425,15.7076160595,9.95544001474,0,0,4.01784422765,4.03277435512,0,0,1
current_r2,21.45,15.7076160595,9.95544001474,0,0,4.01784422765,4.03277435512,0,0,1
current_r2,21.475,15.7076160595,9.95544001474,0,0,4.01784422765,4.03277435512,0,0,1
current_r2,21.5,15.7076160595,9.95544001474,0,0,4.01784422765,4.03277435512,0,0,1
current_r2,21.525,15.7076160595,9.95544001474,0,0,4.01784422765,4.03277435512,0,0,1
current_r2,21.55,15.7076160595,9.95544001474,0,0,4.01784422765,4.03277435512,0,0,1
current_r2,21.575,15.7076160595,9.95544001474,0,0,4.01784422765,4.03277435512,0,0,1
current_r2,21.6,15.7076160595,9.95544001474,0,0,4.01784422765,4.03277435512,0,0,1
current_r2,21.625,15.7076160595,9.95544001474,0,0,4.01784422765,4.03277435512,0,0,1
current_r2,21.65,15.7076160595,9.95544001474,0,0,4.01784422765,4.03277435512,0,0,1
current_r2,21.675,15.7076160595,9.95544001474,0,0,4.01784422765,4.03277435512,0,0,1
current_r2,21.7,15.7076160595,9.95544001474,0,0,4.01784422765,4.03277435512,0,0,1
current_r2,21.725,15.7076160595,9.95544001474,0,0,4.01784422765,4.03277435512,0,0,1
current_r2,21.75,15.7076160595,9.95544001474,0,0,4.01784422765,4.03277435512,0,0,1
current_r2,21.775,15.7076160595,9.95544001474,0,0,4.01784422765,4.03277435512,0,0,1
current_r2,21.8,15.7076160595,9.95544001474,0,0,4.01784422765,4.03277435512,0,0,1
current_r2,21.825,15.7076160595,9.95544001474,0,0,4.01784422765,4.03277435512,0,0,1
current_r2,21.85,15.7076160595,9.95544001474,0,0,4.01784422765,4.03277435512,0,0,1
current_r2,21.875,15.7076160595,9.95544001474,0,0,4.01784422765,4.03277435512,0,0,1
current_r2,21.9,15.7076160595,9.95544001474,0,0,4.01784422765,4.03277435512,0,0,1
current_r2,21.925,15.7076160595,9.95544001474,0,0,4.01784422765,4.03277435512,0,0,1
current_r2,21.95,15.7076160595,9.95544001474,0,0,4.01784422765,4.03277435512,0,0,1
current_r2,21.975,15.7076160595,9.95544001474,0,0,4.01784422765,4.03277435512,0,0,1
current_r2,22,15.7076160595,9.95544001474,0,0,4.01784422765,4.03277435512,0,0,1
current_r2,22.025,15.7076160595,9.95544001474,0,0,4.01784422765,4.03277435512,0,0,1
current_r2,22.05,15.7076160595,9.95544001474,0,0,4.01784422765,4.03277435512,0,0,1
current_r2,22.075,15.7076160595,9.95544001474,0,0,4.01784422765,4.03277435512,0,0,1
current_r2,22.1,15.7076160595,9.95544001474,0,0,4.01784422765,4.03277435512,0,0,1
current_r2,22.125,15.7076160595,9.95544001474,0,0,4.01784422765,4.03277435512,0,0,1
current_r2,22.15,15.7076160595,9.95544001474,0,0,4.01784422765,4.03277435512,0,0,1
current_r2,22.175,15.7076160595,9.95544001474,0,0,4.01784422765,4.03277435512,0,0,1
current_r2,22.2,15.7076160595,9.95544001474,0,0,4.01784422765,4.03277435512,0,0,1
current_r2,22.225,15.7076160595,9.95544001474,0,0,4.01784422765,4.03277435512,0,0,1
current_r2,22.25,15.7076160595,9.95544001474,0,0,4.01784422765,4.03277435512,0,0,1
current_r2,22.275,15.7076160595,9.95544001474,0,0,4.01784422765,4.03277435512,0,0,1
current_r2,22.3,15.7076160595,9.95544001474,0,0,4.01784422765,4.03277435512,0,0,1
current_r2,22.325,15.7076160595,9.95544001474,0,0,4.01784422765,4.03277435512,0,0,1
current_r2,22.35,15.7076160595,9.95544001474,0,0,4.01784422765,4.03277435512,0,0,1
current_r2,22.375,15.7076160595,9.95544001474,0,0,4.01784422765,4.03277435512,0,0,1
current_r2,22.4,15.7076160595,9.95544001474,0,0,4.01784422765,4.03277435512,0,0,1
current_r2,22.425,15.7076160595,9.95544001474,0,0,4.01784422765,4.03277435512,0,0,1
current_r2,22.45,15.7076160595,9.95544001474,0,0,4.01784422765,4.03277435512,0,0,1
current_r2,22.475,15.7076160595,9.95544001474,0,0,4.01784422765,4.03277435512,0,0,1
current_r2,22.5,15.7076160595,9.95544001474,0,0,4.01784422765,4.03277435512,0,0,1
current_r2,22.525,15.7076160595,9.95544001474,0,0,4.01784422765,4.03277435512,0,0,1
current_r2,22.55,15.7076160595,9.95544001474,0,0,4.01784422765,4.03277435512,0,0,1
current_r2,22.575,15.7076160595,9.95544001474,0,0,4.01784422765,4.03277435512,0,0,1
current_r2,22.6,15.7076160595,9.95544001474,0,0,4.01784422765,4.03277435512,0,0,1
current_r2,22.625,15.7076160595,9.95544001474,0,0,4.01784422765,4.03277435512,0,0,1
current_r2,22.65,15.7076160595,9.95544001474,0,0,4.01784422765,4.03277435512,0,0,1
current_r2,22.675,15.7076160595,9.95544001474,0,0,4.01784422765,4.03277435512,0,0,1
current_r2,22.7,15.7076160595,9.95544001474,0,0,4.01784422765,4.03277435512,0,0,1
current_r2,22.725,15.7076160595,9.95544001474,0,0,4.01784422765,4.03277435512,0,0,1
current_r2,22.75,15.7076160595,9.95544001474,0,0,4.01784422765,4.03277435512,0,0,1
current_r2,22.775,15.7076160595,9.95544001474,0,0,4.01784422765,4.03277435512,0,0,1
current_r2,22.8,15.7076160595,9.95544001474,0,0,4.01784422765,4.03277435512,0,0,1
current_r2,22.825,15.7076160595,9.95544001474,0,0,4.01784422765,4.03277435512,0,0,1
current_r2,22.85,15.7076160595,9.95544001474,0,0,4.01784422765,4.03277435512,0,0,1
current_r2,22.875,15.7076160595,9.95544001474,0,0,4.01784422765,4.03277435512,0,0,1
current_r2,22.9,15.7076160595,9.95544001474,0,0,4.01784422765,4.03277435512,0,0,1
current_r2,22.925,15.7076160595,9.95544001474,0,0,4.01784422765,4.03277435512,0,0,1
current_r2,22.95,15.7076160595,9.95544001474,0,0,4.01784422765,4.03277435512,0,0,1
current_r2,22.975,15.7076160595,9.95544001474,0,0,4.01784422765,4.03277435512,0,0,1
current_r2,23,15.7076160595,9.95544001474,0,0,4.01784422765,4.03277435512,0,0,1
current_r2,23.025,15.7076160595,9.95544001474,0,0,4.01784422765,4.03277435512,0,0,1
current_r2,23.05,15.7076160595,9.95544001474,0,0,4.01784422765,4.03277435512,0,0,1
current_r2,23.075,15.7076160595,9.95544001474,0,0,4.01784422765,4.03277435512,0,0,1
current_r2,23.1,15.7076160595,9.95544001474,0,0,4.01784422765,4.03277435512,0,0,1
current_r2,23.125,15.7076160595,9.95544001474,0,0,4.01784422765,4.03277435512,0,0,1
current_r2,23.15,15.7076160595,9.95544001474,0,0,4.01784422765,4.03277435512,0,0,1
current_r2,23.175,15.7076160595,9.95544001474,0,0,4.01784422765,4.03277435512,0,0,1
current_r2,23.2,15.7076160595,9.95544001474,0,0,4.01784422765,4.03277435512,0,0,1
current_r2,23.225,15.7076160595,9.95544001474,0,0,4.01784422765,4.03277435512,0,0,1
current_r2,23.25,15.7076160595,9.95544001474,0,0,4.01784422765,4.03277435512,0,0,1
current_r2,23.275,15.7076160595,9.95544001474,0,0,4.01784422765,4.03277435512,0,0,1
current_r2,23.3,15.7076160595,9.95544001474,0,0,4.01784422765,4.03277435512,0,0,1
current_r2,23.325,15.7076160595,9.95544001474,0,0,4.01784422765,4.03277435512,0,0,1
current_r2,23.35,15.7076160595,9.95544001474,0,0,4.01784422765,4.03277435512,0,0,1
current_r2,23.375,15.7076160595,9.95544001474,0,0,4.01784422765,4.03277435512,0,0,1
current_r2,23.4,15.7076160595,9.95544001474,0,0,4.01784422765,4.03277435512,0,0,1
current_r2,23.425,15.7076160595,9.95544001474,0,0,4.01784422765,4.03277435512,0,0,1
current_r2,23.45,15.7076160595,9.95544001474,0,0,4.01784422765,4.03277435512,0,0,1
current_r2,23.475,15.7076160595,9.95544001474,0,0,4.01784422765,4.03277435512,0,0,1
current_r2,23.5,15.7076160595,9.95544001474,0,0,4.01784422765,4.03277435512,0,0,1
current_r2,23.525,15.7076160595,9.95544001474,0,0,4.01784422765,4.03277435512,0,0,1
current_r2,23.55,15.7076160595,9.95544001474,0,0,4.01784422765,4.03277435512,0,0,1
current_r2,23.575,15.7076160595,9.95544001474,0,0,4.01784422765,4.03277435512,0,0,1
current_r2,23.6,15.7076160595,9.95544001474,0,0,4.01784422765,4.03277435512,0,0,1
current_r2,23.625,15.7076160595,9.95544001474,0,0,4.01784422765,4.03277435512,0,0,1
current_r2,23.65,15.7076160595,9.95544001474,0,0,4.01784422765,4.03277435512,0,0,1
current_r2,23.675,15.7076160595,9.95544001474,0,0,4.01784422765,4.03277435512,0,0,1
current_r2,23.7,15.7076160595,9.95544001474,0,0,4.01784422765,4.03277435512,0,0,1
current_r2,23.725,15.7076160595,9.95544001474,0,0,4.01784422765,4.03277435512,0,0,1
current_r2,23.75,15.7076160595,9.95544001474,0,0,4.01784422765,4.03277435512,0,0,1
current_r2,23.775,15.7076160595,9.95544001474,0,0,4.01784422765,4.03277435512,0,0,1
current_r2,23.8,15.7076160595,9.95544001474,0,0,4.01784422765,4.03277435512,0,0,1
current_r2,23.825,15.7076160595,9.95544001474,0,0,4.01784422765,4.03277435512,0,0,1
current_r2,23.85,15.7076160595,9.95544001474,0,0,4.01784422765,4.03277435512,0,0,1
current_r2,23.875,15.7076160595,9.95544001474,0,0,4.01784422765,4.03277435512,0,0,1
current_r2,23.9,15.7076160595,9.95544001474,0,0,4.01784422765,4.03277435512,0,0,1
current_r2,23.925,15.7076160595,9.95544001474,0,0,4.01784422765,4.03277435512,0,0,1
current_r2,23.95,15.7076160595,9.95544001474,0,0,4.01784422765,4.03277435512,0,0,1
current_r2,23.975,15.7076160595,9.95544001474,0,0,4.01784422765,4.03277435512,0,0,1
current_r2,24,15.7076160595,9.95544001474,0,0,4.01784422765,4.03277435512,0,0,1
current_r2,24.025,15.7076160595,9.95544001474,0,0,4.01784422765,4.03277435512,0,0,1
current_r2,24.05,15.7076160595,9.95544001474,0,0,4.01784422765,4.03277435512,0,0,1
current_r2,24.075,15.7076160595,9.95544001474,0,0,4.01784422765,4.03277435512,0,0,1
current_r2,24.1,15.7076160595,9.95544001474,0,0,4.01784422765,4.03277435512,0,0,1
current_r2,24.125,15.7076160595,9.95544001474,0,0,4.01784422765,4.03277435512,0,0,1
current_r2,24.15,15.7076160595,9.95544001474,0,0,4.01784422765,4.03277435512,0,0,1
current_r2,24.175,15.7076160595,9.95544001474,0,0,4.01784422765,4.03277435512,0,0,1
current_r2,24.2,15.7076160595,9.95544001474,0,0,4.01784422765,4.03277435512,0,0,1
current_r2,24.225,15.7076160595,9.95544001474,0,0,4.01784422765,4.03277435512,0,0,1
current_r2,24.25,15.7076160595,9.95544001474,0,0,4.01784422765,4.03277435512,0,0,1
current_r2,24.275,15.7076160595,9.95544001474,0,0,4.01784422765,4.03277435512,0,0,1
current_r2,24.3,15.7076160595,9.95544001474,0,0,4.01784422765,4.03277435512,0,0,1
current_r2,24.325,15.7076160595,9.95544001474,0,0,4.01784422765,4.03277435512,0,0,1
current_r2,24.35,15.7076160595,9.95544001474,0,0,4.01784422765,4.03277435512,0,0,1
current_r2,24.375,15.7076160595,9.95544001474,0,0,4.01784422765,4.03277435512,0,0,1
current_r2,24.4,15.7076160595,9.95544001474,0,0,4.01784422765,4.03277435512,0,0,1
current_r2,24.425,15.7076160595,9.95544001474,0,0,4.01784422765,4.03277435512,0,0,1
current_r2,24.45,15.7076160595,9.95544001474,0,0,4.01784422765,4.03277435512,0,0,1
current_r2,24.475,15.7076160595,9.95544001474,0,0,4.01784422765,4.03277435512,0,0,1
current_r2,24.5,15.7076160595,9.95544001474,0,0,4.01784422765,4.03277435512,0,0,1
current_r2,24.525,15.7076160595,9.95544001474,0,0,4.01784422765,4.03277435512,0,0,1
current_r2,24.55,15.7076160595,9.95544001474,0,0,4.01784422765,4.03277435512,0,0,1
current_r2,24.575,15.7076160595,9.95544001474,0,0,4.01784422765,4.03277435512,0,0,1
current_r2,24.6,15.7076160595,9.95544001474,0,0,4.01784422765,4.03277435512,0,0,1
current_r2,24.625,15.7076160595,9.95544001474,0,0,4.01784422765,4.03277435512,0,0,1
current_r2,24.65,15.7076160595,9.95544001474,0,0,4.01784422765,4.03277435512,0,0,1
current_r2,24.675,15.7076160595,9.95544001474,0,0,4.01784422765,4.03277435512,0,0,1
current_r2,24.7,15.7076160595,9.95544001474,0,0,4.01784422765,4.03277435512,0,0,1
current_r2,24.725,15.7076160595,9.95544001474,0,0,4.01784422765,4.03277435512,0,0,1
current_r2,24.75,15.7076160595,9.95544001474,0,0,4.01784422765,4.03277435512,0,0,1
current_r2,24.775,15.7076160595,9.95544001474,0,0,4.01784422765,4.03277435512,0,0,1
current_r2,24.8,15.7076160595,9.95544001474,0,0,4.01784422765,4.03277435512,0,0,1
current_r2,24.825,15.7076160595,9.95544001474,0,0,4.01784422765,4.03277435512,0,0,1
current_r2,24.85,15.7076160595,9.95544001474,0,0,4.01784422765,4.03277435512,0,0,1
current_r2,24.875,15.7076160595,9.95544001474,0,0,4.01784422765,4.03277435512,0,0,1
current_r2,24.9,15.7076160595,9.95544001474,0,0,4.01784422765,4.03277435512,0,0,1
current_r2,24.925,15.7076160595,9.95544001474,0,0,4.01784422765,4.03277435512,0,0,1
current_r2,24.95,15.7076160595,9.95544001474,0,0,4.01784422765,4.03277435512,0,0,1
current_r2,24.975,15.7076160595,9.95544001474,0,0,4.01784422765,4.03277435512,0,0,1
current_r2,25,15.7076160595,9.95544001474,0,0,4.01784422765,4.03277435512,0,0,1
current_r2,25.025,15.7076160595,9.95544001474,0,0,4.01784422765,4.03277435512,0,0,1
current_r2,25.05,15.7076160595,9.95544001474,0,0,4.01784422765,4.03277435512,0,0,1
current_r2,25.075,15.7076160595,9.95544001474,0,0,4.01784422765,4.03277435512,0,0,1
current_r2,25.1,15.7076160595,9.95544001474,0,0,4.01784422765,4.03277435512,0,0,1
current_r2,25.125,15.7076160595,9.95544001474,0,0,4.01784422765,4.03277435512,0,0,1
current_r2,25.15,15.7076160595,9.95544001474,0,0,4.01784422765,4.03277435512,0,0,1
current_r2,25.175,15.7076160595,9.95544001474,0,0,4.01784422765,4.03277435512,0,0,1
current_r2,25.2,15.7076160595,9.95544001474,0,0,4.01784422765,4.03277435512,0,0,1
current_r2,25.225,15.7076160595,9.95544001474,0,0,4.01784422765,4.03277435512,0,0,1
current_r2,25.25,15.7076160595,9.95544001474,0,0,4.01784422765,4.03277435512,0,0,1
current_r2,25.275,15.7076160595,9.95544001474,0,0,4.01784422765,4.03277435512,0,0,1
current_r2,25.3,15.7076160595,9.95544001474,0,0,4.01784422765,4.03277435512,0,0,1
current_r2,25.325,15.7076160595,9.95544001474,0,0,4.01784422765,4.03277435512,0,0,1
current_r2,25.35,15.7076160595,9.95544001474,0,0,4.01784422765,4.03277435512,0,0,1
current_r2,25.375,15.7076160595,9.95544001474,0,0,4.01784422765,4.03277435512,0,0,1
current_r2,25.4,15.7076160595,9.95544001474,0,0,4.01784422765,4.03277435512,0,0,1
current_r2,25.425,15.7076160595,9.95544001474,0,0,4.01784422765,4.03277435512,0,0,1
current_r2,25.45,15.7076160595,9.95544001474,0,0,4.01784422765,4.03277435512,0,0,1
current_r2,25.475,15.7076160595,9.95544001474,0,0,4.01784422765,4.03277435512,0,0,1
current_r2,25.5,15.7076160595,9.95544001474,0,0,4.01784422765,4.03277435512,0,0,1
current_r2,25.525,15.7076160595,9.95544001474,0,0,4.01784422765,4.03277435512,0,0,1
current_r2,25.55,15.7076160595,9.95544001474,0,0,4.01784422765,4.03277435512,0,0,1
current_r2,25.575,15.7076160595,9.95544001474,0,0,4.01784422765,4.03277435512,0,0,1
current_r2,25.6,15.7076160595,9.95544001474,0,0,4.01784422765,4.03277435512,0,0,1
current_r2,25.625,15.7076160595,9.95544001474,0,0,4.01784422765,4.03277435512,0,0,1
current_r2,25.65,15.7076160595,9.95544001474,0,0,4.01784422765,4.03277435512,0,0,1
current_r2,25.675,15.7076160595,9.95544001474,0,0,4.01784422765,4.03277435512,0,0,1
current_r2,25.7,15.7076160595,9.95544001474,0,0,4.01784422765,4.03277435512,0,0,1
current_r2,25.725,15.7076160595,9.95544001474,0,0,4.01784422765,4.03277435512,0,0,1
current_r2,25.75,15.7076160595,9.95544001474,0,0,4.01784422765,4.03277435512,0,0,1
current_r2,25.775,15.7076160595,9.95544001474,0,0,4.01784422765,4.03277435512,0,0,1
current_r2,25.8,15.7076160595,9.95544001474,0,0,4.01784422765,4.03277435512,0,0,1
current_r2,25.825,15.7076160595,9.95544001474,0,0,4.01784422765,4.03277435512,0,0,1
current_r2,25.85,15.7076160595,9.95544001474,0,0,4.01784422765,4.03277435512,0,0,1
current_r2,25.875,15.7076160595,9.95544001474,0,0,4.01784422765,4.03277435512,0,0,1
current_r2,25.9,15.7076160595,9.95544001474,0,0,4.01784422765,4.03277435512,0,0,1
current_r2,25.925,15.7076160595,9.95544001474,0,0,4.01784422765,4.03277435512,0,0,1
current_r2,25.95,15.7076160595,9.95544001474,0,0,4.01784422765,4.03277435512,0,0,1
current_r2,25.975,15.7076160595,9.95544001474,0,0,4.01784422765,4.03277435512,0,0,1
current_r2,26,15.7076160595,9.95544001474,0,0,4.01784422765,4.03277435512,0,0,1
current_r2,26.025,15.7076160595,9.95544001474,0,0,4.01784422765,4.03277435512,0,0,1
current_r2,26.05,15.7076160595,9.95544001474,0,0,4.01784422765,4.03277435512,0,0,1
current_r2,26.075,15.7076160595,9.95544001474,0,0,4.01784422765,4.03277435512,0,0,1
current_r2,26.1,15.7076160595,9.95544001474,0,0,4.01784422765,4.03277435512,0,0,1
current_r2,26.125,15.7076160595,9.95544001474,0,0,4.01784422765,4.03277435512,0,0,1
current_r2,26.15,15.7076160595,9.95544001474,0,0,4.01784422765,4.03277435512,0,0,1
current_r2,26.175,15.7076160595,9.95544001474,0,0,4.01784422765,4.03277435512,0,0,1
current_r2,26.2,15.7076160595,9.95544001474,0,0,4.01784422765,4.03277435512,0,0,1
current_r2,26.225,15.7076160595,9.95544001474,0,0,4.01784422765,4.03277435512,0,0,1
current_r2,26.25,15.7076160595,9.95544001474,0,0,4.01784422765,4.03277435512,0,0,1
current_r2,26.275,15.7076160595,9.95544001474,0,0,4.01784422765,4.03277435512,0,0,1
current_r2,26.3,15.7076160595,9.95544001474,0,0,4.01784422765,4.03277435512,0,0,1
current_r2,26.325,15.7076160595,9.95544001474,0,0,4.01784422765,4.03277435512,0,0,1
current_r2,26.35,15.7076160595,9.95544001474,0,0,4.01784422765,4.03277435512,0,0,1
current_r2,26.375,15.7076160595,9.95544001474,0,0,4.01784422765,4.03277435512,0,0,1
current_r2,26.4,15.7076160595,9.95544001474,0,0,4.01784422765,4.03277435512,0,0,1
current_r2,26.425,15.7076160595,9.95544001474,0,0,4.01784422765,4.03277435512,0,0,1
current_r2,26.45,15.7076160595,9.95544001474,0,0,4.01784422765,4.03277435512,0,0,1
current_r2,26.475,15.7076160595,9.95544001474,0,0,4.01784422765,4.03277435512,0,0,1
current_r2,26.5,15.7076160595,9.95544001474,0,0,4.01784422765,4.03277435512,0,0,1
current_r2,26.525,15.7076160595,9.95544001474,0,0,4.01784422765,4.03277435512,0,0,1
current_r2,26.55,15.7076160595,9.95544001474,0,0,4.01784422765,4.03277435512,0,0,1
current_r2,26.575,15.7076160595,9.95544001474,0,0,4.01784422765,4.03277435512,0,0,1
current_r2,26.6,15.7076160595,9.95544001474,0,0,4.01784422765,4.03277435512,0,0,1
current_r2,26.625,15.7076160595,9.95544001474,0,0,4.01784422765,4.03277435512,0,0,1
current_r2,26.65,15.7076160595,9.95544001474,0,0,4.01784422765,4.03277435512,0,0,1
current_r2,26.675,15.7076160595,9.95544001474,0,0,4.01784422765,4.03277435512,0,0,1
current_r2,26.7,15.7076160595,9.95544001474,0,0,4.01784422765,4.03277435512,0,0,1
current_r2,26.725,15.7076160595,9.95544001474,0,0,4.01784422765,4.03277435512,0,0,1
current_r2,26.75,15.7076160595,9.95544001474,0,0,4.01784422765,4.03277435512,0,0,1
current_r2,26.775,15.7076160595,9.95544001474,0,0,4.01784422765,4.03277435512,0,0,1
current_r2,26.8,15.7076160595,9.95544001474,0,0,4.01784422765,4.03277435512,0,0,1
current_r2,26.825,15.7076160595,9.95544001474,0,0,4.01784422765,4.03277435512,0,0,1
current_r2,26.85,15.7076160595,9.95544001474,0,0,4.01784422765,4.03277435512,0,0,1
current_r2,26.875,15.7076160595,9.95544001474,0,0,4.01784422765,4.03277435512,0,0,1
current_r2,26.9,15.7076160595,9.95544001474,0,0,4.01784422765,4.03277435512,0,0,1
current_r2,26.925,15.7076160595,9.95544001474,0,0,4.01784422765,4.03277435512,0,0,1
current_r2,26.95,15.7076160595,9.95544001474,0,0,4.01784422765,4.03277435512,0,0,1
current_r2,26.975,15.7076160595,9.95544001474,0,0,4.01784422765,4.03277435512,0,0,1
current_r2,27,15.7076160595,9.95544001474,0,0,4.01784422765,4.03277435512,0,0,1
current_r2,27.025,15.7076160595,9.95544001474,0,0,4.01784422765,4.03277435512,0,0,1
current_r2,27.05,15.7076160595,9.95544001474,0,0,4.01784422765,4.03277435512,0,0,1
current_r2,27.075,15.7076160595,9.95544001474,0,0,4.01784422765,4.03277435512,0,0,1
current_r2,27.1,15.7076160595,9.95544001474,0,0,4.01784422765,4.03277435512,0,0,1
current_r2,27.125,15.7076160595,9.95544001474,0,0,4.01784422765,4.03277435512,0,0,1
current_r2,27.15,15.7076160595,9.95544001474,0,0,4.01784422765,4.03277435512,0,0,1
current_r2,27.175,15.7076160595,9.95544001474,0,0,4.01784422765,4.03277435512,0,0,1
current_r2,27.2,15.7076160595,9.95544001474,0,0,4.01784422765,4.03277435512,0,0,1
current_r2,27.225,15.7076160595,9.95544001474,0,0,4.01784422765,4.03277435512,0,0,1
current_r2,27.25,15.7076160595,9.95544001474,0,0,4.01784422765,4.03277435512,0,0,1
current_r2,27.275,15.7076160595,9.95544001474,0,0,4.01784422765,4.03277435512,0,0,1
current_r2,27.3,15.7076160595,9.95544001474,0,0,4.01784422765,4.03277435512,0,0,1
current_r2,27.325,15.7076160595,9.95544001474,0,0,4.01784422765,4.03277435512,0,0,1
current_r2,27.35,15.7076160595,9.95544001474,0,0,4.01784422765,4.03277435512,0,0,1
current_r2,27.375,15.7076160595,9.95544001474,0,0,4.01784422765,4.03277435512,0,0,1
current_r2,27.4,15.7076160595,9.95544001474,0,0,4.01784422765,4.03277435512,0,0,1
current_r2,27.425,15.7076160595,9.95544001474,0,0,4.01784422765,4.03277435512,0,0,1
current_r2,27.45,15.7076160595,9.95544001474,0,0,4.01784422765,4.03277435512,0,0,1
current_r2,27.475,15.7076160595,9.95544001474,0,0,4.01784422765,4.03277435512,0,0,1
current_r2,27.5,15.7076160595,9.95544001474,0,0,4.01784422765,4.03277435512,0,0,1
current_r2,27.525,15.7076160595,9.95544001474,0,0,4.01784422765,4.03277435512,0,0,1
current_r2,27.55,15.7076160595,9.95544001474,0,0,4.01784422765,4.03277435512,0,0,1
current_r2,27.575,15.7076160595,9.95544001474,0,0,4.01784422765,4.03277435512,0,0,1
current_r2,27.6,15.7076160595,9.95544001474,0,0,4.01784422765,4.03277435512,0,0,1
current_r2,27.625,15.7076160595,9.95544001474,0,0,4.01784422765,4.03277435512,0,0,1
current_r2,27.65,15.7076160595,9.95544001474,0,0,4.01784422765,4.03277435512,0,0,1
current_r2,27.675,15.7076160595,9.95544001474,0,0,4.01784422765,4.03277435512,0,0,1
current_r2,27.7,15.7076160595,9.95544001474,0,0,4.01784422765,4.03277435512,0,0,1
current_r2,27.725,15.7076160595,9.95544001474,0,0,4.01784422765,4.03277435512,0,0,1
current_r2,27.75,15.7076160595,9.95544001474,0,0,4.01784422765,4.03277435512,0,0,1
current_r2,27.775,15.7076160595,9.95544001474,0,0,4.01784422765,4.03277435512,0,0,1
current_r2,27.8,15.7076160595,9.95544001474,0,0,4.01784422765,4.03277435512,0,0,1
current_r2,27.825,15.7076160595,9.95544001474,0,0,4.01784422765,4.03277435512,0,0,1
current_r2,27.85,15.7076160595,9.95544001474,0,0,4.01784422765,4.03277435512,0,0,1
current_r2,27.875,15.7076160595,9.95544001474,0,0,4.01784422765,4.03277435512,0,0,1
current_r2,27.9,15.7076160595,9.95544001474,0,0,4.01784422765,4.03277435512,0,0,1
current_r2,27.925,15.7076160595,9.95544001474,0,0,4.01784422765,4.03277435512,0,0,1
current_r2,27.95,15.7076160595,9.95544001474,0,0,4.01784422765,4.03277435512,0,0,1
current_r2,27.975,15.7076160595,9.95544001474,0,0,4.01784422765,4.03277435512,0,0,1
current_r2,28,15.7076160595,9.95544001474,0,0,4.01784422765,4.03277435512,0,0,1
current_r2,28.025,15.7076160595,9.95544001474,0,0,4.01784422765,4.03277435512,0,0,1
current_r2,28.05,15.7076160595,9.95544001474,0,0,4.01784422765,4.03277435512,0,0,1
current_r2,28.075,15.7076160595,9.95544001474,0,0,4.01784422765,4.03277435512,0,0,1
current_r2,28.1,15.7076160595,9.95544001474,0,0,4.01784422765,4.03277435512,0,0,1
current_r2,28.125,15.7076160595,9.95544001474,0,0,4.01784422765,4.03277435512,0,0,1
current_r2,28.15,15.7076160595,9.95544001474,0,0,4.01784422765,4.03277435512,0,0,1
current_r2,28.175,15.7076160595,9.95544001474,0,0,4.01784422765,4.03277435512,0,0,1
current_r2,28.2,15.7076160595,9.95544001474,0,0,4.01784422765,4.03277435512,0,0,1
current_r2,28.225,15.7076160595,9.95544001474,0,0,4.01784422765,4.03277435512,0,0,1
current_r2,28.25,15.7076160595,9.95544001474,0,0,4.01784422765,4.03277435512,0,0,1
current_r2,28.275,15.7076160595,9.95544001474,0,0,4.01784422765,4.03277435512,0,0,1
current_r2,28.3,15.7076160595,9.95544001474,0,0,4.01784422765,4.03277435512,0,0,1
current_r2,28.325,15.7076160595,9.95544001474,0,0,4.01784422765,4.03277435512,0,0,1
current_r2,28.35,15.7076160595,9.95544001474,0,0,4.01784422765,4.03277435512,0,0,1
current_r2,28.375,15.7076160595,9.95544001474,0,0,4.01784422765,4.03277435512,0,0,1
current_r2,28.4,15.7076160595,9.95544001474,0,0,4.01784422765,4.03277435512,0,0,1
current_r2,28.425,15.7076160595,9.95544001474,0,0,4.01784422765,4.03277435512,0,0,1
current_r2,28.45,15.7076160595,9.95544001474,0,0,4.01784422765,4.03277435512,0,0,1
current_r2,28.475,15.7076160595,9.95544001474,0,0,4.01784422765,4.03277435512,0,0,1
current_r2,28.5,15.7076160595,9.95544001474,0,0,4.01784422765,4.03277435512,0,0,1
current_r2,28.525,15.7076160595,9.95544001474,0,0,4.01784422765,4.03277435512,0,0,1
current_r2,28.55,15.7076160595,9.95544001474,0,0,4.01784422765,4.03277435512,0,0,1
current_r2,28.575,15.7076160595,9.95544001474,0,0,4.01784422765,4.03277435512,0,0,1
current_r2,28.6,15.7076160595,9.95544001474,0,0,4.01784422765,4.03277435512,0,0,1
current_r2,28.625,15.7076160595,9.95544001474,0,0,4.01784422765,4.03277435512,0,0,1
current_r2,28.65,15.7076160595,9.95544001474,0,0,4.01784422765,4.03277435512,0,0,1
current_r2,28.675,15.7076160595,9.95544001474,0,0,4.01784422765,4.03277435512,0,0,1
current_r2,28.7,15.7076160595,9.95544001474,0,0,4.01784422765,4.03277435512,0,0,1
current_r2,28.725,15.7076160595,9.95544001474,0,0,4.01784422765,4.03277435512,0,0,1
current_r2,28.75,15.7076160595,9.95544001474,0,0,4.01784422765,4.03277435512,0,0,1
current_r2,28.775,15.7076160595,9.95544001474,0,0,4.01784422765,4.03277435512,0,0,1
current_r2,28.8,15.7076160595,9.95544001474,0,0,4.01784422765,4.03277435512,0,0,1
current_r2,28.825,15.7076160595,9.95544001474,0,0,4.01784422765,4.03277435512,0,0,1
current_r2,28.85,15.7076160595,9.95544001474,0,0,4.01784422765,4.03277435512,0,0,1
current_r2,28.875,15.7076160595,9.95544001474,0,0,4.01784422765,4.03277435512,0,0,1
current_r2,28.9,15.7076160595,9.95544001474,0,0,4.01784422765,4.03277435512,0,0,1
current_r2,28.925,15.7076160595,9.95544001474,0,0,4.01784422765,4.03277435512,0,0,1
current_r2,28.95,15.7076160595,9.95544001474,0,0,4.01784422765,4.03277435512,0,0,1
current_r2,28.975,15.7076160595,9.95544001474,0,0,4.01784422765,4.03277435512,0,0,1
current_r2,29,15.7076160595,9.95544001474,0,0,4.01784422765,4.03277435512,0,0,1
current_r2,29.025,15.7076160595,9.95544001474,0,0,4.01784422765,4.03277435512,0,0,1
current_r2,29.05,15.7076160595,9.95544001474,0,0,4.01784422765,4.03277435512,0,0,1
current_r2,29.075,15.7076160595,9.95544001474,0,0,4.01784422765,4.03277435512,0,0,1
current_r2,29.1,15.7076160595,9.95544001474,0,0,4.01784422765,4.03277435512,0,0,1
current_r2,29.125,15.7076160595,9.95544001474,0,0,4.01784422765,4.03277435512,0,0,1
current_r2,29.15,15.7076160595,9.95544001474,0,0,4.01784422765,4.03277435512,0,0,1
current_r2,29.175,15.7076160595,9.95544001474,0,0,4.01784422765,4.03277435512,0,0,1
current_r2,29.2,15.7076160595,9.95544001474,0,0,4.01784422765,4.03277435512,0,0,1
current_r2,29.225,15.7076160595,9.95544001474,0,0,4.01784422765,4.03277435512,0,0,1
current_r2,29.25,15.7076160595,9.95544001474,0,0,4.01784422765,4.03277435512,0,0,1
current_r2,29.275,15.7076160595,9.95544001474,0,0,4.01784422765,4.03277435512,0,0,1
current_r2,29.3,15.7076160595,9.95544001474,0,0,4.01784422765,4.03277435512,0,0,1
current_r2,29.325,15.7076160595,9.95544001474,0,0,4.01784422765,4.03277435512,0,0,1
current_r2,29.35,15.7076160595,9.95544001474,0,0,4.01784422765,4.03277435512,0,0,1
current_r2,29.375,15.7076160595,9.95544001474,0,0,4.01784422765,4.03277435512,0,0,1
current_r2,29.4,15.7076160595,9.95544001474,0,0,4.01784422765,4.03277435512,0,0,1
current_r2,29.425,15.7076160595,9.95544001474,0,0,4.01784422765,4.03277435512,0,0,1
current_r2,29.45,15.7076160595,9.95544001474,0,0,4.01784422765,4.03277435512,0,0,1
current_r2,29.475,15.7076160595,9.95544001474,0,0,4.01784422765,4.03277435512,0,0,1
current_r2,29.5,15.7076160595,9.95544001474,0,0,4.01784422765,4.03277435512,0,0,1
current_r2,29.525,15.7076160595,9.95544001474,0,0,4.01784422765,4.03277435512,0,0,1
current_r2,29.55,15.7076160595,9.95544001474,0,0,4.01784422765,4.03277435512,0,0,1
current_r2,29.575,15.7076160595,9.95544001474,0,0,4.01784422765,4.03277435512,0,0,1
current_r2,29.6,15.7076160595,9.95544001474,0,0,4.01784422765,4.03277435512,0,0,1
current_r2,29.625,15.7076160595,9.95544001474,0,0,4.01784422765,4.03277435512,0,0,1
current_r2,29.65,15.7076160595,9.95544001474,0,0,4.01784422765,4.03277435512,0,0,1
current_r2,29.675,15.7076160595,9.95544001474,0,0,4.01784422765,4.03277435512,0,0,1
current_r2,29.7,15.7076160595,9.95544001474,0,0,4.01784422765,4.03277435512,0,0,1
current_r2,29.725,15.7076160595,9.95544001474,0,0,4.01784422765,4.03277435512,0,0,1
current_r2,29.75,15.7076160595,9.95544001474,0,0,4.01784422765,4.03277435512,0,0,1
current_r2,29.775,15.7076160595,9.95544001474,0,0,4.01784422765,4.03277435512,0,0,1
current_r2,29.8,15.7076160595,9.95544001474,0,0,4.01784422765,4.03277435512,0,0,1
current_r2,29.825,15.7076160595,9.95544001474,0,0,4.01784422765,4.03277435512,0,0,1
current_r2,29.85,15.7076160595,9.95544001474,0,0,4.01784422765,4.03277435512,0,0,1
current_r2,29.875,15.7076160595,9.95544001474,0,0,4.01784422765,4.03277435512,0,0,1
current_r2,29.9,15.7076160595,9.95544001474,0,0,4.01784422765,4.03277435512,0,0,1
current_r2,29.925,15.7076160595,9.95544001474,0,0,4.01784422765,4.03277435512,0,0,1
current_r2,29.95,15.7076160595,9.95544001474,0,0,4.01784422765,4.03277435512,0,0,1
current_r2,29.975,15.7076160595,9.95544001474,0,0,4.01784422765,4.03277435512,0,0,1
current_r2,30,15.7076160595,9.95544001474,0,0,4.01784422765,4.03277435512,0,0,1
current_nearest,0,10,10,0,0,0.530624847487,0.530624847487,1.29000856147,0,0
current_nearest,0.025,10.0018105079,10.0004875306,0.072420316598,0.0195012241629,0.529516529304,0.528906740474,0,1.39608477519,0
current_nearest,0.05,10.0053399268,10.0002926203,0.141176753529,-0.00779641143133,0.526642839422,0.526276049461,0,1.48216471645,0
current_nearest,0.075,10.0103837563,9.99944040556,0.201753179969,-0.03408859044,0.52218130466,0.522884902159,1.62268946089,0,0
current_nearest,0.1,10.0167623771,9.99944297826,0.255144835097,0.000102908088121,0.517227405999,0.517930506016,1.69809460608,0,0
current_nearest,0.125,10.0243058868,10.0002456644,0.301740387647,0.0321074459238,0.51189227983,0.511580754368,0,1.82835592054,0
current_nearest,0.15,10.032868812,10.0000857097,0.342517006139,-0.0063981882512,0.5051812131,0.505071952788,0,1.87973530421,0
current_nearest,0.175,10.0423176622,9.99904393836,0.377954009617,-0.0416708535282,0.497247640022,0.498473497027,2.03239560515,0,0
current_nearest,0.2,10.0525318253,9.99910160251,0.40856652432,0.00230656568545,0.489459282571,0.490618468803,2.06295257071,0,0
current_nearest,0.225,10.063406794,10.000150698,0.434998747407,0.041963821536,0.481847382223,0.481651630677,0,2.20538373702,0
current_nearest,0.25,10.0748475151,10.0000072072,0.457628845038,-0.00573963473536,0.473077533023,0.473068104737,0,2.22137595987,0
current_nearest,0.275,10.0867726845,9.99879729103,0.477006775027,-0.0483966459754,0.46328530936,0.464870326671,2.39688054737,0,0
current_nearest,0.3,10.0990951064,9.99889867972,0.492896876851,0.00405554766371,0.454104948794,0.455567481568,2.40329127725,0,0
current_nearest,0.325,10.111750816,10.0001663813,0.506228383953,0.050708061803,0.445513634605,0.445290939682,0,2.57502963337,0
current_nearest,0.35,10.1246719503,10.0000222603,0.516845371676,-0.00576483978489,0.435847718503,0.43581768355,0,2.57604164755,0
current_nearest,0.375,10.1378075206,9.99862556132,0.525422811961,-0.0558679579434,0.425235575828,0.427105289458,2.78642119449,0,0
current_nearest,0.4,10.1510889386,9.99876555315,0.531256719538,0.00559967340244,0.415622751604,0.417315993621,2.78384604248,0,0
current_nearest,0.425,10.1644755235,10.0002666406,0.535463395156,0.0600434986386,0.406947642264,0.406578833005,0,2.99290008492,0
current_nearest,0.45,10.1779164137,10.0001097004,0.537635607713,-0.00627760999405,0.397169105024,0.397016091577,0,2.98775591164,0
current_nearest,0.475,10.1913783407,9.9984854886,0.538477080281,-0.0649684709005,0.386418964735,0.388549296208,3.23830303837,0,0
current_nearest,0.5,10.2048057673,9.99866271964,0.5370970626,0.0070892417337,0.377029727886,0.378926616165,3.23035113078,0,0
current_nearest,0.525,10.2181720088,10.0004326604,0.534649663592,0.0707976308111,0.368904576633,0.36828571407,0,3.47899142046,0
current_nearest,0.55,10.2314439144,10.0003299758,0.530876220685,-0.00410738323091,0.35959746169,0.359121546238,0,3.47299271591,0
current_nearest,0.575,10.2445941465,9.99849503119,0.526009284117,-0.0733977854517,0.349196214695,0.351384682379,3.75207803933,0,0
current_nearest,0.6,10.2575994045,9.9985294735,0.520210323011,0.0013776921468,0.34032470585,0.342480502798,3.75380238626,0,0
current_nearest,0.625,10.2704223652,10.0004300328,0.512918426549,0.0760223721045,0.333038209209,0.332402724334,0,4.01236481909,0
current_nearest,0.65,10.2830754537,10.000463303,0.506123541223,0.00133080943904,0.324580059628,0.323890001272,0,4.01995331362,0
current_nearest,0.675,10.2955220983,9.99863297303,0.497865781019,-0.0732132003566,0.314943068737,0.316994951235,4.2991902946,0,0
current_nearest,0.7,10.3077716785,9.99866725844,0.489983210087,0.00137141652592,0.306905595963,0.308921249087,4.3114839849,0,0
current_nearest,0.725,10.3197892588,10.0005621354,0.480703210882,0.0757950795287,0.300517198884,0.299660684115,0,4.57877626371,0
current_nearest,0.75,10.3316007599,10.0005933718,0.472460043042,0.00124945468083,0.292932064512,0.292021353638,0,4.59475880465,0
current_nearest,0.775,10.3431726016,9.99876498767,0.462873668982,-0.0731353652248,0.284141062347,0.286050083877,4.87697480711,0,0
current_nearest,0.8,10.3545258312,9.99879881559,0.45412918426,0.00135311701872,0.276993890143,0.278863567486,4.89486020482,0,0
current_nearest,0.825,10.3656288911,10.0006908793,0.444122397798,0.0756825474262,0.271534428162,0.270451750077,0,5.16683402322,0
current_nearest,0.85,10.3765134582,10.0007207169,0.435382682237,0.00119350546765,0.264834535436,0.263697607864,0,5.18619590515,0
current_nearest,0.875,10.3871493653,9.99889211616,0.425436286032,-0.0731440301555,0.256883565098,0.258642524363,5.46547547283,0,0
current_nearest,0.9,10.3975638467,9.998925395,0.416579253564,0.00133115346882,0.250605369562,0.252322224441,5.48402541142,0,0
current_nearest,0.925,10.4077287078,10.0008169835,0.406594443207,0.0756635391573,0.246038716433,0.244725478468,0,5.75773471231,0
current_nearest,0.95,10.4176775775,10.0008460541,0.397954788551,0.0011628252854,0.240178673854,0.238810615342,0,5.77587644393,0
current_nearest,0.975,10.4273834596,9.9990159362,0.388235284935,-0.0732047163539,0.233013819151,0.234614225373,6.04726740043,0,0
current_nearest,1,10.4368769043,9.99904874484,0.379737788314,0.00131234579416,0.227541056703,0.229096795032,6.06227741381,0,0
current_nearest,1.025,10.4461326698,10.0009414281,0.370230618832,0.0757073303592,0.223794737478,0.222246687221,0,6.33611826901,0
current_nearest,1.05,10.4551843376,10.0009702527,0.362066711027,0.00115298367592,0.218698844714,0.21709495042,0,6.34933212586,0
current_nearest,1.075,10.4640076095,9.99913803985,0.352930876331,-0.0732885136518,0.212241887187,0.213674074533,6.60910865624,0,0
current_nearest,1.1,10.472634742,9.99917053995,0.345085300367,0.00130000381438,0.207490296191,0.20887535137,6.61740453202,0,0
current_nearest,1.125,10.4810429351,10.0010652136,0.336327723979,0.0757869480114,0.204474678428,0.202687371641,0,6.89111645888,0
current_nearest,1.15,10.4892646082,10.0010941877,0.328866923773,0.00115896090008,0.200053965833,0.198209437544,0,6.89676941717,0
current_nearest,1.175,10.4972776604,9.99925980388,0.320522088193,-0.073375351461,0.194217128033,0.195470577247,7.14242272551,0,0
current_nearest,1.2,10.5051151082,9.99929217881,0.31349791223,0.00129499708549,0.190095230957,0.191299140056,7.14192604284,0,0
current_nearest,1.225,10.512756111,10.0011892345,0.305640112424,0.0758822277768,0.18771573351,0.185684373308,0,7.41637401345,0
current_nearest,1.25,10.5202312888,10.0012186374,0.299007110813,0.00117611497726,0.183878643709,0.181788431758,0,7.41288808228,0
current_nearest,1.275,10.5275202927,9.999382306,0.291560157632,-0.0734532551683,0.178573715417,0.1796374378,7.64291688754,0,0
current_nearest,1.3,10.5346563383,9.99941472521,0.285441825557,0.00129676832747,0.174991149328,0.176002972816,7.63254770284,0,0
current_nearest,1.325,10.5416201379,10.001314216,0.278551984084,0.0759796317198,0.173155767308,0.170875170425,0,7.90939281092,0
current_nearest,1.35,10.5484401613,10.0013442274,0.272800935021,0.00120045390492,0.169814578393,0.167473340813,0,7.89609814101,0
current_nearest,1.375,10.5550974494,9.99950631412,0.266291522674,-0.0735165291103,0.164958264552,0.165821172871,8.1097195071,0,0
current_nearest,1.4,10.5616250979,9.99953891382,0.261105941454,0.00130398777783,0.161830592537,0.162639307323,8.08920844077,0,0
current_nearest,1.425,10.5680050523,10.0014406875,0.255198174085,0.0760709476245,0.160454178122,0.157918834718,0,8.37058078622,0
current_nearest,1.45,10.5742634671,10.0014714045,0.25033659253,0.00122867998918,0.157528516194,0.154930667666,0,8.34750931835,0
current_nearest,1.475,10.5803824963,9.99963230958,0.244761167757,-0.0735637971632,0.153045225863,0.15369645861,8.5443876323,0,0
current_nearest,1.5,10.5863949541,9.99966518354,0.240498311356,0.00131495853762,0.150296362204,0.150891199016,8.5140583222,0,0
current_nearest,1.525,10.5922837821,10.0015689772,0.235553121095,0.0761517482422,0.149302696336,0.146506894811,0,8.80229976885,0
current_nearest,1.55,10.5980727781,10.0016004306,0.231559838837,0.00125813238072,0.146721106035,0.143860931144,0,8.7699720614,0
current_nearest,1.575,10.6037450113,9.999760523,0.226889331672,-0.0735963021094,0.142544066244,0.14297325636,8.95001265047,0,0
current_nearest,1.6,10.6093329521,9.99979371976,0.223517629054,0.00132787036825,0.140107148892,0.140477867925,8.91057737087,0,0
current_nearest,1.625,10.6148203756,10.0016992203,0.219496940688,0.0762200199239,0.139429582838,0.136367574988,0,9.20807012724,0
current_nearest,1.65,10.6202287612,10.0017313874,0.216335423648,0.00128668415135,0.137129872859,0.134001680853,0,9.16730848068,0
current_nearest,1.675,10.6255419658,9.99989097187,0.212528184799,-0.07361661973,0.133201215045,0.133398707417,9.33051969531,0,0
current_nearest,1.7,10.6307921111,9.99992449568,0.210005809921,0.00134095243565,0.131018537862,0.13115564906,9.28291142969,0,0
current_nearest,1.725,10.6359637076,10.0018313735,0.206863862235,0.0762751113002,0.130599780634,0.127265967973,0,9.59197657283,0
current_nearest,1.75,10.6410760051,10.0018641892,0.204491898553,0.00131262876197,0.128528663182,0.125126966012,0,9.54375936169,0
current_nearest,1.775,10.64611358,10.0000234944,0.201502995897,-0.0736277906451,0.12479894256,0.124755970409,0,9.42106753278,0
current_nearest,1.8,10.6510713892,9.9963094971,0.19831237052,-0.148559892642,0.119402087983,0.126167563803,10.0825139241,0,0
current_nearest,1.825,10.655998126,9.9944702423,0.197069469379,-0.0735701920377,0.115748378712,0.125908374133,10.108018226,0,0
current_nearest,1.85,10.6608704974,9.99450519918,0.194894857265,0.0013982750812,0.113856082376,0.123974080672,10.0509451785,0,0
current_nearest,1.875,10.6656742007,9.99641389822,0.192148132188,0.0763479615472,0.113741186554,0.120358755373,9.91412542982,0,0
current_nearest,1.9,10.6704049873,10.0001961789,0.189231464406,0.151291227082,0.115417123187,0.115054347798,0,10.2805344619,0
current_nearest,1.925,10.6751374257,10.0021034603,0.189297534134,0.0762912561836,0.115393351735,0.111495548607,0,10.304541466,0
current_nearest,1.95,10.6798485851,10.0021358625,0.188446379183,0.00129608610411,0.113665948307,0.109700011876,0,10.2437084153,0
current_nearest,1.975,10.6845243794,10.0002935982,0.187031772186,-0.0736905719561,0.110229452185,0.109683195321,0,10.1010640606,0
current_nearest,2,10.6891606292,9.99657675091,0.185449989711,-0.148673889862,0.105076391048,0.111458084662,10.7610157971,0,0
current_nearest,2.025,10.6938028234,9.99473489424,0.185687768808,-0.0736742667891,0.101680845779,0.111515293835,10.7827979401,0,0
current_nearest,2.05,10.698429484,9.99476797322,0.185066423992,0.00132315937083,0.100059355204,0.109850796978,10.7148441484,0,0
current_nearest,2.075,10.7030276866,9.99667583623,0.183928103213,0.0763145203786,0.100226406884,0.106459144984,10.5603057582,0,0
current_nearest,2.1,10.7075940835,10.0004584295,0.18265587758,0.151303729215,0.102194178154,0.101333038832,0,10.9503621833,0
current_nearest,2.125,10.7121947757,10.0023663364,0.184027685483,0.0763162759775,0.102422186992,0.0979689313436,0,10.9727423869,0
current_nearest,2.15,10.7168088653,10.0023992911,0.184563586464,0.00131819060105,0.100906482025,0.0963829567951,0,10.9034596006,0
current_nearest,2.175,10.7214238426,10.0005572461,0.184599090788,-0.0736818009952,0.0976417756073,0.0965892700919,0,10.7456444964,0
current_nearest,2.2,10.7260365823,9.99684020241,0.184509588552,-0.148681747591,0.092621066914,0.098599796544,11.4022818787,0,0
current_nearest,2.225,10.7306896728,9.99499772449,0.186123620708,-0.0736991169342,0.0893744303103,0.0988561220258,11.4233937257,0,0
current_nearest,2.25,10.7353638456,9.99503012804,0.18696690981,0.00129614200588,0.0879171789111,0.0973539927301,11.3484445019,0,0
current_nearest,2.275,10.7400479431,9.99693750532,0.187363899341,0.0762950913273,0.0882627626783,0.0940879351515,11.1805466295,0,0
current_nearest,2.3,10.7447398634,10.0007198663,0.187676812123,0.151294438562,0.0904225375475,0.0890509337985,0,11.5995716211,0
current_nearest,2.325,10.7494977369,10.0026283876,0.190314941138,0.0763408510872,0.0908113417061,0.0857947547963,0,11.6231735715,0
current_nearest,2.35,10.754303218,10.0026625133,0.192219242493,0.00136503074256,0.0894248143894,0.0843344511385,0,11.5489071984,0
current_nearest,2.375,10.7591458865,10.0008220079,0.193706740871,-0.0736202167971,0.0862574916582,0.0846832734889,0,11.3796676587,0
current_nearest,2.4,10.7640241446,9.99710684029,0.195130324675,-0.148606704974,0.0813025437019,0.0868524542898,12.0275486696,0,0
current_nearest,2.425,10.7689776416,9.99526516248,0.198139881911,-0.0736671121996,0.0781412975557,0.0872392064272,12.0505583119,0,0
current_nearest,2.45,10.773989974,9.99529756136,0.200493292428,0.00129595509988,0.0767882092632,0.0858388281423,11.9716760508,0,0
current_nearest,2.475,10.7790523991,9.99720429097,0.202497004212,0.0762691845827,0.0772560207747,0.0826456586057,11.7936598951,0,0
current_nearest,2.5,10.7841646694,10.0009853579,0.204490812697,0.151242678084,0.0795555638752,0.0776528790481,0,12.2420686403,0
current_nearest,2.525,10.7893770612,10.0028940999,0.208495673594,0.0763496804858,0.0800608158782,0.0744633638057,0,12.2691878235,0
current_nearest,2.55,10.7946745775,10.0029297753,0.211900652976,0.00142701291839,0.0787670077338,0.073091411859,0,12.1925451686,0
current_nearest,2.575,10.800049675,10.0010920563,0.215003898112,-0.0735087587106,0.0756685867378,0.0735496554491,0,12.0145123906,0
current_nearest,2.6,10.8055030318,9.99738097124,0.218134271536,-0.148443401982,0.0707590900787,0.0758488820421,12.6409491615,0,0
current_nearest,2.625,10.811070987,9.99554138084,0.222718207386,-0.073583616168,0.0676675734019,0.0763460787768,12.6676214906,0,0
current_nearest,2.65,10.8167409545,9.99557401331,0.226798699884,0.00130529877255,0.0664079179077,0.075036390614,12.5867930168,0,0
current_nearest,2.675,10.8225075436,9.99747915459,0.23066356375,0.0762056514239,0.0669923953782,0.071914399075,12.4006143097,0,0
current_nearest,2.7,10.8283732563,10.0012566739,0.234628508821,0.151100772831,0.0694315082137,0.0669740755544,0,12.8692452603,0
current_nearest,2.725,10.8343803718,10.0031645328,0.240284622373,0.0763143544151,0.0700628804795,0.0638652364254,0,12.9010286957,0
current_nearest,2.75,10.8405183758,10.0032019657,0.245520159248,0.00149731655852,0.0688820343237,0.0626016834433,0,12.8232148762,0
current_nearest,2.775,10.8467837143,10.0013687274,0.250613540556,-0.0733295333475,0.065884224248,0.0631956344209,0,12.63744948,0
current_nearest,2.8,10.8531804122,9.99766509609,0.2558679155,-0.148145250573,0.0610644837974,0.0656575809664,13.2159614029,0,0
current_nearest,2.825,10.8597408523,9.99582930141,0.262417602301,-0.0734317872425,0.058094614202,0.06631068901,13.2461910532,0,0
current_nearest,2.85,10.8664575968,9.99586198042,0.268669779052,0.00130716034089,0.0569881444855,0.0651512301424,13.1633018889,0,0
current_nearest,2.875,10.8733299059,9.99776319485,0.274892367468,0.0760485771953,0.0577570351185,0.0621755994059,12.9687092658,0,0
current_nearest,2.9,10.8803642812,10.001532392,0.281375008703,0.150767887702,0.0604115502097,0.0573804717629,0,13.4302348854,0
current_nearest,2.925,10.887594764,10.003436873,0.289219313151,0.0761792365029,0.0612618232754,0.0544549412208,0,13.4647608985,0
current_nearest,2.95,10.895016887,10.0034761732,0.296884919705,0.00157200846049,0.0603057539367,0.0534125096964,0,13.3836792718,0
current_nearest,2.975,10.90263261,10.0016504951,0.304628922197,-0.073027123072,0.0575419028778,0.0542650935002,0,13.1879020519,0
current_nearest,3,10.9104507764,9.99796077793,0.312726655437,-0.147588686336,0.0529697793551,0.0570229099498,13.6685000986,0,0
current_nearest,3.025,10.918498977,9.9961318964,0.3219280252,-0.0731552610858,0.0502927047094,0.0579890746317,13.697126327,0,0
current_nearest,3.05,10.9267767259,9.99616391053,0.331109952118,0.0012805650873,0.0495239960792,0.0571642376943,13.6067979792,0,0
current_nearest,3.075,10.9352896817,9.99805611353,0.340518234763,0.07568811993,0.0506753309742,0.054550447357,13.3983660806,0,0
current_nearest,3.1,10.9440500286,10.0018069242,0.350413876845,0.150032428843,0.0537566441829,0.0501516015559,0,13.7959239735,0
current_nearest,3.125,10.9530833598,10.0037027135,0.361333245226,0.0758315703969,0.055070942732,0.0476782180829,0,13.8228832287,0
current_nearest,3.15,10.9623933189,10.0037440212,0.372398363629,0.00165230675315,0.0546233367512,0.047143554372,0,13.7278822639,0
current_nearest,3.175,10.9719893725,10.0019322841,0.383842147457,-0.0724694836442,0.0524213254333,0.0485591239438,0,13.5115605698,0
current_nearest,3.2,10.9818871031,9.99826997517,0.39590922105,-0.146492356696,0.0484754412574,0.0519346044103,13.8140826366,0,0
current_nearest,3.225,10.9921081518,9.99645457999,0.408841947643,-0.072615807082,0.0464936781033,0.0535841731173,13.8228020253,0,0
current_nearest,3.25,11.002661259,9.99648454715,0.422124288856,0.00119868615536,0.0464889931075,0.0535198599132,13.7065691986,0,0
current_nearest,3.275,11.0135606559,9.99835725911,0.435975877667,0.0749084784993,0.048472419411,0.051757429285,13.466535614,0,0
current_nearest,3.3,11.0248262863,10.0020688561,0.450625214204,0.148463878974,0.0524529857807,0.0483172645785,0,13.71218402,0
current_nearest,3.325,11.0364746119,10.0039449234,0.465933026417,0.0750426907162,0.0547719161959,0.0468902574232,0,13.700808142,0
current_nearest,3.35,11.0485197894,10.0039884695,0.481807096706,0.00174184561546,0.0554511959356,0.0474888881127,0,13.5614173798,0
current_nearest,3.375,11.060981048,10.0022037647,0.498450345007,-0.0713881912093,0.0545182212539,0.0501234412612,0,13.2958572641,0
current_nearest,3.4,11.0738828307,9.99859654423,0.516071310176,-0.144288819372,0.0520069283546,0.054801945577,13.3297765196,0,0
current_nearest,3.425,11.0872378942,9.9968087087,0.534202537435,-0.0715134210693,0.0515700645859,0.0579150330335,13.2719390533,0,0
current_nearest,3.45,11.1010664872,9.9968350933,0.55314372284,0.00105538418087,0.0532188996568,0.0594987969063,13.0850782044,0,0
current_nearest,3.475,11.1153934665,9.99866902769,0.573079170475,0.0733573753539,0.0569621229658,0.0595968004507,12.7728448276,0,0
current_nearest,3.5,11.1302483766,10.0023021046,0.594196405273,0.145323078258,0.062805823512,0.0582614501959,0,12.7836798882,0
current_nearest,3.525,11.1456346914,10.004137062,0.615452591253,0.0733982942293,0.0672183782983,0.0590780428537,0,12.6669801465,0
current_nearest,3.55,11.1615788585,10.0041819283,0.637766682643,0.00179465378098,0.0702538030312,0.0620554972933,0,12.4216500248,0
current_nearest,3.575,11.1781112956,10.0024464679,0.661297483958,-0.0694184165747,0.0719756489765,0.0671996513297,0,12.0538316977,0
current_nearest,3.6,11.1952664187,9.99894242415,0.686204925222,-0.140161751029,0.0724584922011,0.0745133195401,11.7836222624,0,0
current_nearest,3.625,11.2130395883,9.99720859043,0.710926782248,-0.0693533490895,0.075183254086,0.0805780598213,11.5792274372,0,0
current_nearest,3.65,11.2314632619,9.99723329854,0.736946946162,0.000988324688434,0.0801543073017,0.0854696993841,11.2539938928,0,0
current_nearest,3.675,11.2505731306,9.99900293112,0.764394747943,0.0707853029713,0.0873724247487,0.0892754006578,10.817761977,0,0
current_nearest,3.7,11.2704081586,10.0025016585,0.793401119071,0.139949097214,0.0968349805095,0.0920951115267,0,10.5766982348,0
current_nearest,3.725,11.2909480917,10.0042629356,0.821597323911,0.0704510826186,0.105271688804,0.0972592682894,0,10.2777827905,0
current_nearest,3.75,11.3122304329,10.0043024534,0.851293649688,0.00158070992235,0.112780551324,0.104764545932,0,9.87250946004,0
current_nearest,3.775,11.3342949173,10.0026378945,0.882579374099,-0.0665823552088,0.119471495444,0.114603619612,0,9.37469103944,0
current_nearest,3.8,11.3571835815,9.99928918818,0.915546569051,-0.133948252048,0.125467484978,0.126765598706,8.87884305148,0,0
current_nearest,3.825,11.3808566346,9.99764352594,0.946922124459,-0.0658264895724,0.133904389978,0.13815971965,8.49582895426,0,0
current_nearest,3.85,11.4053539426,9.99768197444,0.979892317432,0.00153794002754,0.144767204981,0.148902682659,8.03272155495,0,0
current_nearest,3.875,11.4302978403,9.99935588236,0.997755907855,0.0669563166513,0.157813889518,0.158948422328,7.51794579862,0,0
current_nearest,3.9,11.4550957696,10.0025280581,0.991917175,0.126887028258,0.172585195811,0.168190425631,0,7.14599485402,0
current_nearest,3.925,11.4800522367,10.0040027614,0.998258683964,0.0589881334665,0.186413685474,0.179549220782,0,6.74859945267,0
current_nearest,3.95,11.5050518343,10.0038609135,0.99998390321,-0.00567391575046,0.199352265294,0.192822783132,0,6.31328321202,0
current_nearest,3.975,11.5299970994,10.0022075072,0.997810601318,-0.0661362525187,0.211474809824,0.207794229937,0,5.85653986019,0
current_nearest,4,11.5548116868,9.99916838748,0.992583498846,-0.121564788562,0.222875181813,0.224241899863,5.43796310172,0,0
current_nearest,4.025,11.5797721175,9.99776236484,0.998417227678,-0.056240905713,0.236184819902,0.239808532758,5.08594533388,0,0
current_nearest,4.05,11.6047717691,9.99789435001,0.999986063834,0.00527940703879,0.251191433494,0.254550828209,4.71691431762,0,0
current_nearest,4.075,11.6297236307,9.99944502803,0.998074464318,0.0620271204945,0.267675883534,0.268548042186,4.34267155449,0,0
current_nearest,4.1,11.6545631335,10.0022732966,0.993580110167,0.113130741535,0.285420367816,0.2819015404,0,4.04980330271,0
current_nearest,4.125,11.6795313621,10.0035332811,0.998729143629,0.0503993816067,0.302344338074,0.296958502683,0,3.7547442381,0
current_nearest,4.15,11.7045305809,10.0033356452,0.999968751559,-0.00790543524886,0.318509007098,0.313502437013,0,3.45559784759,0
current_nearest,4.175,11.7294844476,10.0018175751,0.998154667768,-0.0607228063735,0.334001375876,0.331315283668,0,3.16028433227,0
current_nearest,4.2,11.7543411053,9.99914426926,0.994266311273,-0.106932232126,0.348936789032,0.350181987059,2.89833518058,0,0
current_nearest,4.225,11.7793144039,9.99798912569,0.998931944285,-0.0462057429996,0.36540019047,0.36828099452,2.66822845521,0,0
current_nearest,4.25,11.8043139576,9.99813852115,0.999982144636,0.00597581866924,0.383113428244,0.385738866807,2.44127516166,0,0
current_nearest,4.275,11.8292869987,9.99929921795,0.998921644931,0.04642787189,0.401779564844,0.402752648469,2.22320764579,0,0
current_nearest,4.3,11.8542123767,10.0012293813,0.997015120725,0.0772065349982,0.421173473914,0.419492747202,0,2.03778399407,0
current_nearest,4.325,11.8791984056,10.0020650606,0.999441155982,0.0334271705266,0.440083273481,0.437303669638,0,1.8635710093,0
current_nearest,4.35,11.9041983844,10.0020324725,0.999999150412,-0.00130352409529,0.458648338101,0.455954764176,0,1.6972492644,0
current_nearest,4.375,11.9291882573,10.0013209604,0.999594918386,-0.0284604837915,0.476990667893,0.475266920244,0,1.54077550819,0
current_nearest,4.4,11.954157793,10.0000871509,0.998781428912,-0.0493523784663,0.495213452826,0.495101465795,0,1.39516073079,0
current_nearest,4.425,11.9791047605,9.99845963372,0.99787870022,-0.0651006885301,0.513401725025,0.515350975383,1.27551038168,0,0
current_nearest,4.45,12.00408722,9.99752330067,0.999298378203,-0.0374533218942,0.532277099724,0.535363761094,1.16039725461,0,0
current_nearest,4.475,12.0290843332,9.99714339098,0.999884528238,-0.015196387379,0.551711239346,0.555217721105,1.05279345033,0,0
current_nearest,4.5,12.0540842531,9.99720668382,0.999996795209,0.00253171339037,0.571602099472,0.57497951724,0.953041329767,0,0
current_nearest,4.525,12.0790808589,9.99761862615,0.999864233598,0.016477693164,0.591868463329,0.594704937599,0.861164929807,0,0
current_nearest,4.55,12.1040715552,9.99830060904,0.999627850221,0.0272793156537,0.612445544362,0.614439779699,0.776972711257,0,0
current_nearest,4.575,12.129055818,9.99918751968,0.99937051348,0.0354764257768,0.633281508522,0.634220960985,0.700133742625,0,0
current_nearest,4.6,12.1540342562,10.0002256079,0.999137526288,0.0415235302434,0.654334749278,0.654077683969,0,0.632255885036,0
current_nearest,4.625,12.1790244895,10.0009243475,0.999609334064,0.0279495841032,0.675334542271,0.674296544001,0,0.57143359465,0
current_nearest,4.65,12.2040209357,10.0013458661,0.999857847613,0.0168607404178,0.696313109491,0.694823463027,0,0.515690615308,0
current_nearest,4.675,12.2290201612,10.0015426493,0.999969020596,0.00787133080316,0.71729723485,0.71561410254,0,0.464791323228,0
current_nearest,4.7,12.2540201559,10.0015589173,0.999999788283,0.000650718470341,0.738308855507,0.73663200358,0,0.418456185322,0
current_nearest,4.725,12.2790198329,10.0014318297,0.999987078915,-0.00508350307841,0.75936566499,0.757847092906,0,0.376382434946,0
current_nearest,4.75,12.3040186876,10.0011925311,0.999954187888,-0.00957194474401,0.780481691987,0.77923448497,0,0.338258828914,0
current_nearest,4.775,12.3290165688,10.0008670497,0.999915245879,-0.013019257265,0.801667835349,0.80077352065,0,0.30377594575,0
current_nearest,4.8,12.3540135268,10.0004770674,0.999878323673,-0.015599290025,0.822932346394,0.822446994537,0,0.272633168253,0
current_nearest,4.825,12.3790097161,10.0000405779,0.999847569915,-0.0174595800095,0.844281256048,0.844240532066,0,0.2445432278,0
current_nearest,4.85,12.4040053328,9.99957244742,0.999824667707,-0.0187252194826,0.865718748165,0.866142085779,0.220034375173,0,0
current_nearest,4.875,12.4290028785,9.99922215085,0.99990182903,-0.0140118629216,0.887316485352,0.888076429992,0.197543104028,0,0
current_nearest,4.9,12.4540016042,9.99896973882,0.999949029236,-0.0100964810468,0.90905795821,0.910051247544,0.17722902405,0,0
current_nearest,4.925,12.4790010158,9.99879821643,0.99997646378,-0.00686089549751,0.930929086973,0.932072621156,0.158905671204,0,0
current_nearest,4.95,12.504000795,9.99869312974,0.99999116539,-0.00420346786836,0.952917821497,0.954145267169,0.142397103035,0,0
current_nearest,4.975,12.5290007431,9.99864220849,0.999997925619,-0.00203684990619,0.97501381143,0.976272742779,0.127538743243,0,0
current_nearest,5,12.5540007421,9.9986350578,0.999999959094,-0.000286027486213,0.997208133559,0.998457628027,0.114177709297,0,0
current_nearest,5.025,12.5790007266,9.99866289216,0.999999380199,0.00111337430795,1.0194930658,1.02070168436,0.10217277333,0,0
current_nearest,5.05,12.6040006652,9.99871830608,0.999997543435,0.00221655677109,1.04186189936,1.04300599188,0.0913940691133,0,0
current_nearest,5.075,12.6290005473,9.99879507641,0.999995285042,0.00307081329579,1.06430878222,1.0653710675,0.0817226292215,0,0
current_nearest,5.1,12.6540003746,9.99888799196,0.999993093337,0.00371662178148,1.08682858836,1.08779696614,0.073049814635,0,0
current_nearest,5.125,12.6790001553,9.99899270664,0.99999122783,0.00418858723677,1.10941680827,1.11028336703,0.0652766824354,0,0
current_nearest,5.15,12.7039999004,9.99910561302,0.999989801668,0.00451625512991,1.13206945707,1.13282964699,0.0583133246871,0,0
current_nearest,5.175,12.7289996213,9.99922373335,0.999988838007,0.00472481332603,1.15478299722,1.15543494242,0.0520782021585,0,0
current_nearest,5.2,12.753999329,9.9993446258,0.999988307944,0.004835698016,1.17755427343,1.17809820146,0.0464974894422,0,0
current_nearest,5.225,12.7789990329,9.99946630372,0.999988155516,0.00486711690085,1.20038045773,1.20081822782,0.0415044427434,0,0
current_nearest,5.25,12.8039987408,9.99958716625,0.999988313732,0.00483450103447,1.22325900304,1.22359371733,0.0370387976803,0,0
current_nearest,5.275,12.8289984586,9.99970593863,0.999988714434,0.00475089512052,1.24618760389,1.24642328836,0.0330462015455,0,0
current_nearest,5.3,12.853998191,9.99982162099,0.999989294015,0.00462729468019,1.2691641631,1.26930550694,0.0294776823652,0,0
current_nearest,5.325,12.8789979409,9.99993344443,0.999989996366,0.00447293732569,1.29218676358,1.29223890747,0.0262891555719,0,0
current_nearest,5.35,12.9039977102,10.0000408333,0.999990774064,0.00429555436348,1.31525364435,1.31522200961,0,0.0234676387614,0
current_nearest,5.375,12.9289975461,10.0001314125,0.999993436308,0.0036231673208,1.33835864023,1.33825795589,0,0.0209274616624,0
current_nearest,5.4,12.9539974304,10.0002074926,0.999995369441,0.00304320508929,1.36150135901,1.36134412468,0,0.0186581411984,0
current_nearest,5.425,12.9789973495,10.0002710809,0.999996765215,0.00254353297826,1.38468131399,1.38447812202,0,0.0166314585048,0
current_nearest,5.45,13.0039972937,10.0003239202,0.999997766408,0.0021135700175,1.40789794249,1.40765775453,0,0.0148220245186,0
current_nearest,5.475,13.0289972556,10.0003675225,0.999998479069,0.00174409256616,1.43115062168,1.43088100604,0,0.0132070157077,0
current_nearest,5.5,13.0539972302,10.0004031991,0.999998981746,0.00142706265874,1.45443868199,1.45414601733,0,0.0117659307103,0
current_nearest,5.525,13.0789972135,10.000432086,0.999999332435,0.00115547795612,1.47776141856,1.47745106856,0,0.0104803670504,0
current_nearest,5.55,13.1039972028,10.000455167,0.999999573813,0.000923240571034,1.50111810085,1.50079456404,0,0.00933381690815,0
current_nearest,5.575,13.1289971963,10.0004732931,0.999999737157,0.000725042386891,1.52450798079,1.52417501895,0,0.0083114808192,0
current_nearest,5.6,13.1539971924,10.0004871997,0.999999845285,0.000556264792832,1.54793029959,1.54759104776,0,0.00740009812009,0
current_nearest,5.625,13.1789971903,10.000497522,0.99999991476,0.000412891022362,1.57138429345,1.57104135413,0,0.00658779294532,0
current_nearest,5.65,13.2039971892,10.0005048077,0.999999957534,0.000291429513025,1.59486919832,1.5945247221,0,0.00586393459619,0
current_nearest,5.675,13.2289971888,10.0005095289,0.999999982168,0.000188846904966,1.61838425374,1.61804000831,0,0.00521901113718,0
current_nearest,5.7,13.2539971886,10.0005120916,0.999999994746,0.000102509470772,1.64192870613,1.64158613519,0,0.004644515125,0
current_nearest,5.725,13.2789971886,10.0005128449,0.999999999546,3.01319210437e-05,1.66550181135,1.66516208502,0,0.00413284043312,0
current_nearest,5.75,13.3039971886,10.0005120882,0.999999999542,-3.02673371723e-05,1.68910283681,1.6887668946,0,0.00367718919751,0
current_nearest,5.775,13.3289971885,10.0005100781,0.999999996767,-8.04052962584e-05,1.71273106313,1.71239965063,0,0.00327148797456,0
current_nearest,5.8,13.3539971883,10.0005070339,0.999999992586,-0.000121768504317,1.73638578544,1.73605948553,0,0.00291031226758,0
current_nearest,5.825,13.378997188,10.0005031428,0.999999987888,-0.000155642899755,1.76006631434,1.75974557383,0,0.00258881864246,0
current_nearest,5.85,13.4039971876,10.0004985643,0.99999998323,-0.000183139864909,1.78377197663,1.78345712886,0,0.00230268371547,0
current_nearest,5.875,13.4289971871,10.0004934338,0.999999978943,-0.000205218972025,1.80750211584,1.80719339985,0,0.00204804935539,0
current_nearest,5.9,13.4539971865,10.0004878661,0.999999975201,-0.000222707835952,1.8312560925,1.83095366937,0,0.00182147349846,0
current_nearest,5.925,13.4789971858,10.0004819582,0.999999972077,-0.000236319436285,1.85503328432,1.85473725092,0,0.00161988602722,0
current_nearest,5.95,13.503997185,10.0004757915,0.999999969578,-0.000246667226562,1.87883308624,1.87854348691,0,0.00144054921365,0
current_nearest,5.975,13.5289971842,10.0004694345,0.999999967671,-0.000254278308561,1.90265491034,1.90237174673,0,0.00128102227246,0
current_nearest,6,13.5539971834,10.0004629444,0.999999966303,-0.000259604915142,1.92649818569,1.92622142506,0,0.00113912961271,0
current_nearest,6.025,13.5789971825,10.0004563685,0.999999965406,-0.000263034414761,1.95036235815,1.95009194028,0,0.00101293241449,0
current_nearest,6.05,13.6039971816,10.0004497461,0.999999964915,-0.000264898024213,1.97424689005,1.97398273314,0,0.00090070319324,0
current_nearest,6.075,13.6289971807,10.0004431091,0.999999964761,-0.000265478392934,1.9981512599,1.99789326541,0,0.000800903046494,0
current_nearest,6.1,13.6539971799,10.0004364837,0.999999964883,-0.000265016201776,2.02207496205,2.02182301875,0,0.000712161307969,0
current_nearest,6.125,13.678997179,10.0004298908,0.999999965227,-0.000263715901343,2.04601750624,2.04577149362,0,0.000633257360557,0
current_nearest,6.15,13.7039971781,10.0004233471,0.999999965743,-0.000261750699321,2.06997841728,2.0697382083,0,0.000563104384649,0
current_nearest,6.175,13.7289971773,10.0004168654,0.99999996639,-0.000259266892561,2.09395723458,2.09372269796,0,0.000500734840459,0
current_nearest,6.2,13.7539971765,10.0004104557,0.999999967133,-0.000256387627624,2.11795351176,2.11772451386,0,0.000445287503233,0
current_nearest,6.225,13.7789971757,10.0004041253,0.999999967941,-0.000253216163037,2.14196681623,2.14174322257,0,0.000395995888587,0
current_nearest,6.25,13.8039971749,10.0003978793,0.99999996879,-0.000249838697258,2.16599672875,2.1657784052,0,0.000352177921739,0
current_nearest,6.275,13.8289971741,10.0003917212,0.999999969662,-0.000246326818319,2.19004284298,2.18982965678,0,0.000313226719382,0
current_nearest,6.3,13.8539971734,10.0003856527,0.999999970539,-0.000242739624023,2.21410476515,2.21389658562,0,0.000278602366411,0
current_nearest,6.325,13.8789971727,10.0003796745,0.999999971409,-0.000239125555408,2.23818211355,2.23797881272,0,0.000247824581904,0
current_nearest,6.35,13.903997172,10.0003737864,0.999999972264,-0.000235523980787,2.26227451819,2.26207597122,0,0.000220466179672,0
current_nearest,6.375,13.9289971713,10.0003679873,0.999999973096,-0.000231966562905,2.28638162039,2.28618770589,0,0.000196147238592,0
current_nearest,6.4,13.9539971707,10.0003622753,0.999999973899,-0.000228478437644,2.31050307238,2.31031367266,0,0.000174529906767,0
current_nearest,6.425,13.97899717,10.0003566483,0.99999997467,-0.000225079229069,2.33463853694,2.33445353814,0,0.000155313771523,0
current_nearest,6.45,14.0039971694,10.0003511037,0.999999975406,-0.000221783922417,2.35878768704,2.35860697921,0,0.000138231734442,0
current_nearest,6.475,14.0289971688,10.0003456386,0.999999976106,-0.000218603613904,2.38295020548,2.3827736826,0,0.000123046337004,0
current_nearest,6.5,14.0539971682,10.00034025,0.99999997677,-0.000215546153746,2.40712578453,2.40695334451,0,0.000109546488203,0
current_nearest,6.525,14.0789971677,10.0003349346,0.999999977397,-0.000212616696721,2.43131412565,2.43114567027,0,9.75445506568e-05,0
current_nearest,6.55,14.1039971671,10.0003296891,0.999999977988,-0.000209818172708,2.4555149391,2.45535037393,0,8.68737463679e-05,0
current_nearest,6.575,14.1289971666,10.0003245103,0.999999978544,-0.00020715168806,2.4797279437,2.47956717802,0,7.73858474217e-05,0
current_nearest,6.6,14.1539971661,10.0003193949,0.999999979066,-0.000204616867212,2.5039528665,2.50379581316,0,6.89491206488e-05,0
current_nearest,6.625,14.1789971656,10.0003143396,0.999999979555,-0.000202212142744,2.52818944248,2.52803601781,0,6.14464985774e-05,0
current_nearest,6.65,14.2039971651,10.0003093412,0.999999980013,-0.000199935000998,2.55243741429,2.55228753797,0,5.47739519926e-05,0
current_nearest,6.675,14.2289971646,10.0003043967,0.999999980441,-0.000197782189438,2.57669653201,2.5765501269,0,4.88390420711e-05,0
current_nearest,6.7,14.2539971641,10.0002995029,0.999999980841,-0.000195749891111,2.60096655284,2.60082354488,0,4.35596324414e-05,0
current_nearest,6.725,14.2789971636,10.0002946571,0.999999981214,-0.000193833870869,2.62524724089,2.62510755896,0,3.88627436453e-05,0
current_nearest,6.75,14.3039971632,10.0002898563,0.999999981562,-0.000192029597371,2.64953836694,2.6494019427,0,3.46835343737e-05,0
current_nearest,6.775,14.3289971627,10.000285098,0.999999981887,-0.000190332344355,2.67383970819,2.67370647599,0,3.096439555e-05,0
current_nearest,6.8,14.3539971623,10.0002803796,0.999999982189,-0.000188737274199,2.69815104808,2.69802094479,0,2.76541448459e-05,0
current_nearest,6.825,14.3789971618,10.0002756986,0.999999982471,-0.00018723950639,2.72247217604,2.72234514095,0,2.47073105678e-05,0
current_nearest,6.85,14.4039971614,10.0002710527,0.999999982733,-0.000185834173132,2.7468028873,2.74667886198,0,2.2083495061e-05,0
current_nearest,6.875,14.428997161,10.0002664398,0.999999982977,-0.000184516464055,2.7711429827,2.77102191092,0,1.97468088525e-05,0
current_nearest,6.9,14.4539971605,10.0002618578,0.999999983204,-0.000183281661686,2.79549226851,2.79537409608,0,1.76653677163e-05,0
current_nearest,6.925,14.4789971601,10.0002573047,0.999999983415,-0.000182125169138,2.81985055623,2.81973523093,0,1.58108457011e-05,0
current_nearest,6.95,14.5039971597,10.0002527786,0.999999983612,-0.000181042531236,2.84421766244,2.84410513389,0,1.41580779235e-05,0
current_nearest,6.975,14.5289971593,10.0002482779,0.999999983795,-0.00018002945016,2.86859340859,2.8684836282,0,1.26847076118e-05,0
current_nearest,7,14.5539971589,10.0002438008,0.999999983965,-0.000179081796508,2.89297762089,2.89287054172,0,1.13708724912e-05,0
current_nearest,7.025,14.5789971585,10.0002393459,0.999999984123,-0.000178195616562,2.91737013014,2.91726570683,0,1.01989261422e-05,0
current_nearest,7.05,14.6039971581,10.0002349117,0.99999998427,-0.000177367136413,2.94177077156,2.94166896026,0,9.15319044679e-06,0
current_nearest,7.075,14.6289971577,10.0002304969,0.999999984407,-0.000176592763537,2.96617938467,2.96608014296,0,8.21973566457e-06,0
current_nearest,7.1,14.6539971573,10.0002261002,0.999999984535,-0.000175869086268,2.99059581315,2.99049909995,0,7.38618506312e-06,0
current_nearest,7.125,14.678997157,10.0002217204,0.999999984654,-0.000175192871616,3.01501990469,3.01492568021,0,6.64154136887e-06,0
current_nearest,7.15,14.7039971566,10.0002173564,0.999999984764,-0.000174561061743,3.03945151089,3.03935973656,0,5.97603260553e-06,0
current_nearest,7.175,14.7289971562,10.0002130071,0.999999984867,-0.000173970769419,3.06389048711,3.06380112552,0,5.38097515822e-06,0
current_nearest,7.2,14.7539971558,10.0002086716,0.999999984963,-0.000173419272677,3.08833669238,3.08824970722,0,4.84865214077e-06,0
current_nearest,7.225,14.7789971555,10.000204349,0.999999985052,-0.000172904008892,3.11278998926,3.11270534526,0,4.37220535757e-06,0
current_nearest,7.25,14.8039971551,10.0002000384,0.999999985135,-0.000172422568442,3.13725024373,3.13716790664,0,3.94553934122e-06,0
current_nearest,7.275,14.8289971547,10.0001957391,0.999999985213,-0.000171972688108,3.16171732513,3.16163726162,0,3.56323611654e-06,0
current_nearest,7.3,14.8539971543,10.0001914503,0.999999985285,-0.000171552244309,3.18619110599,3.18611328367,0,3.22047949182e-06,0
current_nearest,7.325,14.878997154,10.0001871713,0.999999985352,-0.00017115924629,3.21067146198,3.2105958493,0,2.91298781188e-06,0
current_nearest,7.35,14.9039971536,10.0001829015,0.999999985415,-0.000170791829322,3.23515827181,3.23508483805,0,2.63695422695e-06,0
current_nearest,7.375,14.9289971533,10.0001786403,0.999999985474,-0.000170448247991,3.25965141711,3.25958013234,0,2.38899363666e-06,0
current_nearest,7.4,14.9539971529,10.0001743872,0.999999985528,-0.000170126869612,3.28415078237,3.28408161742,0,2.16609556285e-06,0
current_nearest,7.425,14.9789971525,10.0001701415,0.99999998558,-0.000169826167813,3.30865625487,3.30858918128,0,1.96558228849e-06,0
current_nearest,7.45,15.0039971522,10.0001659029,0.999999985627,-0.00016954471632,3.33316772454,3.33310271454,0,1.78507167406e-06,0
current_nearest,7.475,15.0289971518,10.0001616709,0.999999985672,-0.000169281182954,3.35768508394,3.35762211043,0,1.62244412898e-06,0
current_nearest,7.5,15.0539971515,10.000157445,0.999999985714,-0.000169034323869,3.38220822815,3.38214726466,0,1.47581327426e-06,0
current_nearest,7.525,15.0789971511,10.0001532249,0.999999985753,-0.00016880297802,3.40673705471,3.40667807537,0,1.3434998842e-06,0
current_nearest,7.55,15.1039971507,10.0001490103,0.999999985789,-0.000168586061889,3.43127146356,3.43121444309,0,1.22400874178e-06,0
current_nearest,7.575,15.1289971504,10.0001448007,0.999999985824,-0.000168382564448,3.45581135692,3.45575627061,0,1.11600808264e-06,0
current_nearest,7.6,15.15399715,10.0001405959,0.999999985856,-0.00016819154237,3.48035663931,3.48030346297,0,1.01831133947e-06,0
current_nearest,7.625,15.1789971497,10.0001363956,0.999999985886,-0.000168012115475,3.5049072174,3.50485592737,0,9.29860930487e-07,0
current_nearest,7.65,15.2039971493,10.0001321995,0.999999985914,-0.000167843462413,3.52946299999,3.52941357312,0,8.4971386438e-07,0
current_nearest,7.675,15.228997149,10.0001280074,0.999999985941,-0.000167684816559,3.55402389797,3.55397631158,0,7.77028959523e-07,0
current_nearest,7.7,15.2539971486,10.000123819,0.999999985966,-0.000167535462128,3.57858982422,3.57854405608,0,7.11055497613e-07,0
current_nearest,7.725,15.2789971483,10.0001196342,0.99999998599,-0.000167394730477,3.60316069356,3.60311672192,0,6.51123151919e-07,0
current_nearest,7.75,15.3039971479,10.0001154526,0.999999986012,-0.000167261996597,3.62773642273,3.62769422625,0,5.96633048012e-07,0
current_nearest,7.775,15.3289971476,10.0001112742,0.999999986033,-0.00016713667577,3.6523169303,3.65227648807,0,5.47049830561e-07,0
current_nearest,7.8,15.3539971472,10.0001070987,0.999999986052,-0.00016701822037,3.67690213666,3.67686342816,0,5.01894623748e-07,0
current_nearest,7.825,15.3789971469,10.0001029261,0.999999986071,-0.000166906116803,3.70149196391,3.70145496903,0,4.60738785265e-07,0
current_nearest,7.85,15.4039971465,10.0000987561,0.999999986089,-0.000166799882533,3.72608633587,3.72605103486,0,4.23198364903e-07,0
current_nearest,7.875,15.4289971462,10.0000945886,0.999999986106,-0.000166699063207,3.75068517802,3.75065155151,0,3.88929188536e-07,0
current_nearest,7.9,15.4539971458,10.0000904235,0.999999986122,-0.000166603229807,3.77528841743,3.7752564464,0,3.57622497096e-07,0
current_nearest,7.925,15.4789971455,10.0000862607,0.999999986137,-0.000166511975817,3.79989598276,3.79986564852,0,3.29001077878e-07,0
current_nearest,7.95,15.5039971451,10.0000821001,0.999999986151,-0.000166424914337,3.82450780417,3.82447908839,0,3.02815832481e-07,0
current_nearest,7.975,15.5289971448,10.0000779416,0.999999986165,-0.000166341675096,3.84912381331,3.84909669796,0,2.78842731869e-07,0
current_nearest,8,15.5539971445,10.000073785,0.999999986178,-0.000166261901262,3.8737439433,3.87371841067,0,2.56880114569e-07,0
current_nearest,8.025,15.5789971441,10.0000696304,0.999999986191,-0.000166185245951,3.89836812863,3.89834416131,0,2.36746288905e-07,0
current_nearest,8.05,15.6039971438,10.0000654776,0.999999986204,-0.000166111368261,3.92299630518,3.92297388607,0,2.18277404595e-07,0
current_nearest,8.075,15.6289971434,10.0000613266,0.999999986215,-0.000166039928623,3.94762841018,3.94760752245,0,2.01325562909e-07,0
current_nearest,8.1,15.6539971431,10.0000571773,0.999999986227,-0.000165970583126,3.97226438213,3.97224500924,0,1.85757138092e-07,0
current_nearest,8.125,15.6789971427,10.0000530298,0.999999986238,-0.000165902976342,3.99690416083,3.99688628649,0,1.71451285839e-07,0
current_nearest,8.15,15.7039971424,10.0000488838,0,0,4.0215476873,4.02153129549,0,0,1
current_nearest,8.175,15.7039971424,10.0000488838,0,0,4.0215476873,4.02153129549,0,0,1
current_nearest,8.2,15.7039971424,10.0000488838,0,0,4.0215476873,4.02153129549,0,0,1
current_nearest,8.225,15.7039971424,10.0000488838,0,0,4.0215476873,4.02153129549,0,0,1
current_nearest,8.25,15.7039971424,10.0000488838,0,0,4.0215476873,4.02153129549,0,0,1
current_nearest,8.275,15.7039971424,10.0000488838,0,0,4.0215476873,4.02153129549,0,0,1
current_nearest,8.3,15.7039971424,10.0000488838,0,0,4.0215476873,4.02153129549,0,0,1
current_nearest,8.325,15.7039971424,10.0000488838,0,0,4.0215476873,4.02153129549,0,0,1
current_nearest,8.35,15.7039971424,10.0000488838,0,0,4.0215476873,4.02153129549,0,0,1
current_nearest,8.375,15.7039971424,10.0000488838,0,0,4.0215476873,4.02153129549,0,0,1
current_nearest,8.4,15.7039971424,10.0000488838,0,0,4.0215476873,4.02153129549,0,0,1
current_nearest,8.425,15.7039971424,10.0000488838,0,0,4.0215476873,4.02153129549,0,0,1
current_nearest,8.45,15.7039971424,10.0000488838,0,0,4.0215476873,4.02153129549,0,0,1
current_nearest,8.475,15.7039971424,10.0000488838,0,0,4.0215476873,4.02153129549,0,0,1
current_nearest,8.5,15.7039971424,10.0000488838,0,0,4.0215476873,4.02153129549,0,0,1
current_nearest,8.525,15.7039971424,10.0000488838,0,0,4.0215476873,4.02153129549,0,0,1
current_nearest,8.55,15.7039971424,10.0000488838,0,0,4.0215476873,4.02153129549,0,0,1
current_nearest,8.575,15.7039971424,10.0000488838,0,0,4.0215476873,4.02153129549,0,0,1
current_nearest,8.6,15.7039971424,10.0000488838,0,0,4.0215476873,4.02153129549,0,0,1
current_nearest,8.625,15.7039971424,10.0000488838,0,0,4.0215476873,4.02153129549,0,0,1
current_nearest,8.65,15.7039971424,10.0000488838,0,0,4.0215476873,4.02153129549,0,0,1
current_nearest,8.675,15.7039971424,10.0000488838,0,0,4.0215476873,4.02153129549,0,0,1
current_nearest,8.7,15.7039971424,10.0000488838,0,0,4.0215476873,4.02153129549,0,0,1
current_nearest,8.725,15.7039971424,10.0000488838,0,0,4.0215476873,4.02153129549,0,0,1
current_nearest,8.75,15.7039971424,10.0000488838,0,0,4.0215476873,4.02153129549,0,0,1
current_nearest,8.775,15.7039971424,10.0000488838,0,0,4.0215476873,4.02153129549,0,0,1
current_nearest,8.8,15.7039971424,10.0000488838,0,0,4.0215476873,4.02153129549,0,0,1
current_nearest,8.825,15.7039971424,10.0000488838,0,0,4.0215476873,4.02153129549,0,0,1
current_nearest,8.85,15.7039971424,10.0000488838,0,0,4.0215476873,4.02153129549,0,0,1
current_nearest,8.875,15.7039971424,10.0000488838,0,0,4.0215476873,4.02153129549,0,0,1
current_nearest,8.9,15.7039971424,10.0000488838,0,0,4.0215476873,4.02153129549,0,0,1
current_nearest,8.925,15.7039971424,10.0000488838,0,0,4.0215476873,4.02153129549,0,0,1
current_nearest,8.95,15.7039971424,10.0000488838,0,0,4.0215476873,4.02153129549,0,0,1
current_nearest,8.975,15.7039971424,10.0000488838,0,0,4.0215476873,4.02153129549,0,0,1
current_nearest,9,15.7039971424,10.0000488838,0,0,4.0215476873,4.02153129549,0,0,1
current_nearest,9.025,15.7039971424,10.0000488838,0,0,4.0215476873,4.02153129549,0,0,1
current_nearest,9.05,15.7039971424,10.0000488838,0,0,4.0215476873,4.02153129549,0,0,1
current_nearest,9.075,15.7039971424,10.0000488838,0,0,4.0215476873,4.02153129549,0,0,1
current_nearest,9.1,15.7039971424,10.0000488838,0,0,4.0215476873,4.02153129549,0,0,1
current_nearest,9.125,15.7039971424,10.0000488838,0,0,4.0215476873,4.02153129549,0,0,1
current_nearest,9.15,15.7039971424,10.0000488838,0,0,4.0215476873,4.02153129549,0,0,1
current_nearest,9.175,15.7039971424,10.0000488838,0,0,4.0215476873,4.02153129549,0,0,1
current_nearest,9.2,15.7039971424,10.0000488838,0,0,4.0215476873,4.02153129549,0,0,1
current_nearest,9.225,15.7039971424,10.0000488838,0,0,4.0215476873,4.02153129549,0,0,1
current_nearest,9.25,15.7039971424,10.0000488838,0,0,4.0215476873,4.02153129549,0,0,1
current_nearest,9.275,15.7039971424,10.0000488838,0,0,4.0215476873,4.02153129549,0,0,1
current_nearest,9.3,15.7039971424,10.0000488838,0,0,4.0215476873,4.02153129549,0,0,1
current_nearest,9.325,15.7039971424,10.0000488838,0,0,4.0215476873,4.02153129549,0,0,1
current_nearest,9.35,15.7039971424,10.0000488838,0,0,4.0215476873,4.02153129549,0,0,1
current_nearest,9.375,15.7039971424,10.0000488838,0,0,4.0215476873,4.02153129549,0,0,1
current_nearest,9.4,15.7039971424,10.0000488838,0,0,4.0215476873,4.02153129549,0,0,1
current_nearest,9.425,15.7039971424,10.0000488838,0,0,4.0215476873,4.02153129549,0,0,1
current_nearest,9.45,15.7039971424,10.0000488838,0,0,4.0215476873,4.02153129549,0,0,1
current_nearest,9.475,15.7039971424,10.0000488838,0,0,4.0215476873,4.02153129549,0,0,1
current_nearest,9.5,15.7039971424,10.0000488838,0,0,4.0215476873,4.02153129549,0,0,1
current_nearest,9.525,15.7039971424,10.0000488838,0,0,4.0215476873,4.02153129549,0,0,1
current_nearest,9.55,15.7039971424,10.0000488838,0,0,4.0215476873,4.02153129549,0,0,1
current_nearest,9.575,15.7039971424,10.0000488838,0,0,4.0215476873,4.02153129549,0,0,1
current_nearest,9.6,15.7039971424,10.0000488838,0,0,4.0215476873,4.02153129549,0,0,1
current_nearest,9.625,15.7039971424,10.0000488838,0,0,4.0215476873,4.02153129549,0,0,1
current_nearest,9.65,15.7039971424,10.0000488838,0,0,4.0215476873,4.02153129549,0,0,1
current_nearest,9.675,15.7039971424,10.0000488838,0,0,4.0215476873,4.02153129549,0,0,1
current_nearest,9.7,15.7039971424,10.0000488838,0,0,4.0215476873,4.02153129549,0,0,1
current_nearest,9.725,15.7039971424,10.0000488838,0,0,4.0215476873,4.02153129549,0,0,1
current_nearest,9.75,15.7039971424,10.0000488838,0,0,4.0215476873,4.02153129549,0,0,1
current_nearest,9.775,15.7039971424,10.0000488838,0,0,4.0215476873,4.02153129549,0,0,1
current_nearest,9.8,15.7039971424,10.0000488838,0,0,4.0215476873,4.02153129549,0,0,1
current_nearest,9.825,15.7039971424,10.0000488838,0,0,4.0215476873,4.02153129549,0,0,1
current_nearest,9.85,15.7039971424,10.0000488838,0,0,4.0215476873,4.02153129549,0,0,1
current_nearest,9.875,15.7039971424,10.0000488838,0,0,4.0215476873,4.02153129549,0,0,1
current_nearest,9.9,15.7039971424,10.0000488838,0,0,4.0215476873,4.02153129549,0,0,1
current_nearest,9.925,15.7039971424,10.0000488838,0,0,4.0215476873,4.02153129549,0,0,1
current_nearest,9.95,15.7039971424,10.0000488838,0,0,4.0215476873,4.02153129549,0,0,1
current_nearest,9.975,15.7039971424,10.0000488838,0,0,4.0215476873,4.02153129549,0,0,1
current_nearest,10,15.7039971424,10.0000488838,0,0,4.0215476873,4.02153129549,0,0,1
current_nearest,10.025,15.7039971424,10.0000488838,0,0,4.0215476873,4.02153129549,0,0,1
current_nearest,10.05,15.7039971424,10.0000488838,0,0,4.0215476873,4.02153129549,0,0,1
current_nearest,10.075,15.7039971424,10.0000488838,0,0,4.0215476873,4.02153129549,0,0,1
current_nearest,10.1,15.7039971424,10.0000488838,0,0,4.0215476873,4.02153129549,0,0,1
current_nearest,10.125,15.7039971424,10.0000488838,0,0,4.0215476873,4.02153129549,0,0,1
current_nearest,10.15,15.7039971424,10.0000488838,0,0,4.0215476873,4.02153129549,0,0,1
current_nearest,10.175,15.7039971424,10.0000488838,0,0,4.0215476873,4.02153129549,0,0,1
current_nearest,10.2,15.7039971424,10.0000488838,0,0,4.0215476873,4.02153129549,0,0,1
current_nearest,10.225,15.7039971424,10.0000488838,0,0,4.0215476873,4.02153129549,0,0,1
current_nearest,10.25,15.7039971424,10.0000488838,0,0,4.0215476873,4.02153129549,0,0,1
current_nearest,10.275,15.7039971424,10.0000488838,0,0,4.0215476873,4.02153129549,0,0,1
current_nearest,10.3,15.7039971424,10.0000488838,0,0,4.0215476873,4.02153129549,0,0,1
current_nearest,10.325,15.7039971424,10.0000488838,0,0,4.0215476873,4.02153129549,0,0,1
current_nearest,10.35,15.7039971424,10.0000488838,0,0,4.0215476873,4.02153129549,0,0,1
current_nearest,10.375,15.7039971424,10.0000488838,0,0,4.0215476873,4.02153129549,0,0,1
current_nearest,10.4,15.7039971424,10.0000488838,0,0,4.0215476873,4.02153129549,0,0,1
current_nearest,10.425,15.7039971424,10.0000488838,0,0,4.0215476873,4.02153129549,0,0,1
current_nearest,10.45,15.7039971424,10.0000488838,0,0,4.0215476873,4.02153129549,0,0,1
current_nearest,10.475,15.7039971424,10.0000488838,0,0,4.0215476873,4.02153129549,0,0,1
current_nearest,10.5,15.7039971424,10.0000488838,0,0,4.0215476873,4.02153129549,0,0,1
current_nearest,10.525,15.7039971424,10.0000488838,0,0,4.0215476873,4.02153129549,0,0,1
current_nearest,10.55,15.7039971424,10.0000488838,0,0,4.0215476873,4.02153129549,0,0,1
current_nearest,10.575,15.7039971424,10.0000488838,0,0,4.0215476873,4.02153129549,0,0,1
current_nearest,10.6,15.7039971424,10.0000488838,0,0,4.0215476873,4.02153129549,0,0,1
current_nearest,10.625,15.7039971424,10.0000488838,0,0,4.0215476873,4.02153129549,0,0,1
current_nearest,10.65,15.7039971424,10.0000488838,0,0,4.0215476873,4.02153129549,0,0,1
current_nearest,10.675,15.7039971424,10.0000488838,0,0,4.0215476873,4.02153129549,0,0,1
current_nearest,10.7,15.7039971424,10.0000488838,0,0,4.0215476873,4.02153129549,0,0,1
current_nearest,10.725,15.7039971424,10.0000488838,0,0,4.0215476873,4.02153129549,0,0,1
current_nearest,10.75,15.7039971424,10.0000488838,0,0,4.0215476873,4.02153129549,0,0,1
current_nearest,10.775,15.7039971424,10.0000488838,0,0,4.0215476873,4.02153129549,0,0,1
current_nearest,10.8,15.7039971424,10.0000488838,0,0,4.0215476873,4.02153129549,0,0,1
current_nearest,10.825,15.7039971424,10.0000488838,0,0,4.0215476873,4.02153129549,0,0,1
current_nearest,10.85,15.7039971424,10.0000488838,0,0,4.0215476873,4.02153129549,0,0,1
current_nearest,10.875,15.7039971424,10.0000488838,0,0,4.0215476873,4.02153129549,0,0,1
current_nearest,10.9,15.7039971424,10.0000488838,0,0,4.0215476873,4.02153129549,0,0,1
current_nearest,10.925,15.7039971424,10.0000488838,0,0,4.0215476873,4.02153129549,0,0,1
current_nearest,10.95,15.7039971424,10.0000488838,0,0,4.0215476873,4.02153129549,0,0,1
current_nearest,10.975,15.7039971424,10.0000488838,0,0,4.0215476873,4.02153129549,0,0,1
current_nearest,11,15.7039971424,10.0000488838,0,0,4.0215476873,4.02153129549,0,0,1
current_nearest,11.025,15.7039971424,10.0000488838,0,0,4.0215476873,4.02153129549,0,0,1
current_nearest,11.05,15.7039971424,10.0000488838,0,0,4.0215476873,4.02153129549,0,0,1
current_nearest,11.075,15.7039971424,10.0000488838,0,0,4.0215476873,4.02153129549,0,0,1
current_nearest,11.1,15.7039971424,10.0000488838,0,0,4.0215476873,4.02153129549,0,0,1
current_nearest,11.125,15.7039971424,10.0000488838,0,0,4.0215476873,4.02153129549,0,0,1
current_nearest,11.15,15.7039971424,10.0000488838,0,0,4.0215476873,4.02153129549,0,0,1
current_nearest,11.175,15.7039971424,10.0000488838,0,0,4.0215476873,4.02153129549,0,0,1
current_nearest,11.2,15.7039971424,10.0000488838,0,0,4.0215476873,4.02153129549,0,0,1
current_nearest,11.225,15.7039971424,10.0000488838,0,0,4.0215476873,4.02153129549,0,0,1
current_nearest,11.25,15.7039971424,10.0000488838,0,0,4.0215476873,4.02153129549,0,0,1
current_nearest,11.275,15.7039971424,10.0000488838,0,0,4.0215476873,4.02153129549,0,0,1
current_nearest,11.3,15.7039971424,10.0000488838,0,0,4.0215476873,4.02153129549,0,0,1
current_nearest,11.325,15.7039971424,10.0000488838,0,0,4.0215476873,4.02153129549,0,0,1
current_nearest,11.35,15.7039971424,10.0000488838,0,0,4.0215476873,4.02153129549,0,0,1
current_nearest,11.375,15.7039971424,10.0000488838,0,0,4.0215476873,4.02153129549,0,0,1
current_nearest,11.4,15.7039971424,10.0000488838,0,0,4.0215476873,4.02153129549,0,0,1
current_nearest,11.425,15.7039971424,10.0000488838,0,0,4.0215476873,4.02153129549,0,0,1
current_nearest,11.45,15.7039971424,10.0000488838,0,0,4.0215476873,4.02153129549,0,0,1
current_nearest,11.475,15.7039971424,10.0000488838,0,0,4.0215476873,4.02153129549,0,0,1
current_nearest,11.5,15.7039971424,10.0000488838,0,0,4.0215476873,4.02153129549,0,0,1
current_nearest,11.525,15.7039971424,10.0000488838,0,0,4.0215476873,4.02153129549,0,0,1
current_nearest,11.55,15.7039971424,10.0000488838,0,0,4.0215476873,4.02153129549,0,0,1
current_nearest,11.575,15.7039971424,10.0000488838,0,0,4.0215476873,4.02153129549,0,0,1
current_nearest,11.6,15.7039971424,10.0000488838,0,0,4.0215476873,4.02153129549,0,0,1
current_nearest,11.625,15.7039971424,10.0000488838,0,0,4.0215476873,4.02153129549,0,0,1
current_nearest,11.65,15.7039971424,10.0000488838,0,0,4.0215476873,4.02153129549,0,0,1
current_nearest,11.675,15.7039971424,10.0000488838,0,0,4.0215476873,4.02153129549,0,0,1
current_nearest,11.7,15.7039971424,10.0000488838,0,0,4.0215476873,4.02153129549,0,0,1
current_nearest,11.725,15.7039971424,10.0000488838,0,0,4.0215476873,4.02153129549,0,0,1
current_nearest,11.75,15.7039971424,10.0000488838,0,0,4.0215476873,4.02153129549,0,0,1
current_nearest,11.775,15.7039971424,10.0000488838,0,0,4.0215476873,4.02153129549,0,0,1
current_nearest,11.8,15.7039971424,10.0000488838,0,0,4.0215476873,4.02153129549,0,0,1
current_nearest,11.825,15.7039971424,10.0000488838,0,0,4.0215476873,4.02153129549,0,0,1
current_nearest,11.85,15.7039971424,10.0000488838,0,0,4.0215476873,4.02153129549,0,0,1
current_nearest,11.875,15.7039971424,10.0000488838,0,0,4.0215476873,4.02153129549,0,0,1
current_nearest,11.9,15.7039971424,10.0000488838,0,0,4.0215476873,4.02153129549,0,0,1
current_nearest,11.925,15.7039971424,10.0000488838,0,0,4.0215476873,4.02153129549,0,0,1
current_nearest,11.95,15.7039971424,10.0000488838,0,0,4.0215476873,4.02153129549,0,0,1
current_nearest,11.975,15.7039971424,10.0000488838,0,0,4.0215476873,4.02153129549,0,0,1
current_nearest,12,15.7039971424,10.0000488838,0,0,4.0215476873,4.02153129549,0,0,1
current_nearest,12.025,15.7039971424,10.0000488838,0,0,4.0215476873,4.02153129549,0,0,1
current_nearest,12.05,15.7039971424,10.0000488838,0,0,4.0215476873,4.02153129549,0,0,1
current_nearest,12.075,15.7039971424,10.0000488838,0,0,4.0215476873,4.02153129549,0,0,1
current_nearest,12.1,15.7039971424,10.0000488838,0,0,4.0215476873,4.02153129549,0,0,1
current_nearest,12.125,15.7039971424,10.0000488838,0,0,4.0215476873,4.02153129549,0,0,1
current_nearest,12.15,15.7039971424,10.0000488838,0,0,4.0215476873,4.02153129549,0,0,1
current_nearest,12.175,15.7039971424,10.0000488838,0,0,4.0215476873,4.02153129549,0,0,1
current_nearest,12.2,15.7039971424,10.0000488838,0,0,4.0215476873,4.02153129549,0,0,1
current_nearest,12.225,15.7039971424,10.0000488838,0,0,4.0215476873,4.02153129549,0,0,1
current_nearest,12.25,15.7039971424,10.0000488838,0,0,4.0215476873,4.02153129549,0,0,1
current_nearest,12.275,15.7039971424,10.0000488838,0,0,4.0215476873,4.02153129549,0,0,1
current_nearest,12.3,15.7039971424,10.0000488838,0,0,4.0215476873,4.02153129549,0,0,1
current_nearest,12.325,15.7039971424,10.0000488838,0,0,4.0215476873,4.02153129549,0,0,1
current_nearest,12.35,15.7039971424,10.0000488838,0,0,4.0215476873,4.02153129549,0,0,1
current_nearest,12.375,15.7039971424,10.0000488838,0,0,4.0215476873,4.02153129549,0,0,1
current_nearest,12.4,15.7039971424,10.0000488838,0,0,4.0215476873,4.02153129549,0,0,1
current_nearest,12.425,15.7039971424,10.0000488838,0,0,4.0215476873,4.02153129549,0,0,1
current_nearest,12.45,15.7039971424,10.0000488838,0,0,4.0215476873,4.02153129549,0,0,1
current_nearest,12.475,15.7039971424,10.0000488838,0,0,4.0215476873,4.02153129549,0,0,1
current_nearest,12.5,15.7039971424,10.0000488838,0,0,4.0215476873,4.02153129549,0,0,1
current_nearest,12.525,15.7039971424,10.0000488838,0,0,4.0215476873,4.02153129549,0,0,1
current_nearest,12.55,15.7039971424,10.0000488838,0,0,4.0215476873,4.02153129549,0,0,1
current_nearest,12.575,15.7039971424,10.0000488838,0,0,4.0215476873,4.02153129549,0,0,1
current_nearest,12.6,15.7039971424,10.0000488838,0,0,4.0215476873,4.02153129549,0,0,1
current_nearest,12.625,15.7039971424,10.0000488838,0,0,4.0215476873,4.02153129549,0,0,1
current_nearest,12.65,15.7039971424,10.0000488838,0,0,4.0215476873,4.02153129549,0,0,1
current_nearest,12.675,15.7039971424,10.0000488838,0,0,4.0215476873,4.02153129549,0,0,1
current_nearest,12.7,15.7039971424,10.0000488838,0,0,4.0215476873,4.02153129549,0,0,1
current_nearest,12.725,15.7039971424,10.0000488838,0,0,4.0215476873,4.02153129549,0,0,1
current_nearest,12.75,15.7039971424,10.0000488838,0,0,4.0215476873,4.02153129549,0,0,1
current_nearest,12.775,15.7039971424,10.0000488838,0,0,4.0215476873,4.02153129549,0,0,1
current_nearest,12.8,15.7039971424,10.0000488838,0,0,4.0215476873,4.02153129549,0,0,1
current_nearest,12.825,15.7039971424,10.0000488838,0,0,4.0215476873,4.02153129549,0,0,1
current_nearest,12.85,15.7039971424,10.0000488838,0,0,4.0215476873,4.02153129549,0,0,1
current_nearest,12.875,15.7039971424,10.0000488838,0,0,4.0215476873,4.02153129549,0,0,1
current_nearest,12.9,15.7039971424,10.0000488838,0,0,4.0215476873,4.02153129549,0,0,1
current_nearest,12.925,15.7039971424,10.0000488838,0,0,4.0215476873,4.02153129549,0,0,1
current_nearest,12.95,15.7039971424,10.0000488838,0,0,4.0215476873,4.02153129549,0,0,1
current_nearest,12.975,15.7039971424,10.0000488838,0,0,4.0215476873,4.02153129549,0,0,1
current_nearest,13,15.7039971424,10.0000488838,0,0,4.0215476873,4.02153129549,0,0,1
current_nearest,13.025,15.7039971424,10.0000488838,0,0,4.0215476873,4.02153129549,0,0,1
current_nearest,13.05,15.7039971424,10.0000488838,0,0,4.0215476873,4.02153129549,0,0,1
current_nearest,13.075,15.7039971424,10.0000488838,0,0,4.0215476873,4.02153129549,0,0,1
current_nearest,13.1,15.7039971424,10.0000488838,0,0,4.0215476873,4.02153129549,0,0,1
current_nearest,13.125,15.7039971424,10.0000488838,0,0,4.0215476873,4.02153129549,0,0,1
current_nearest,13.15,15.7039971424,10.0000488838,0,0,4.0215476873,4.02153129549,0,0,1
current_nearest,13.175,15.7039971424,10.0000488838,0,0,4.0215476873,4.02153129549,0,0,1
current_nearest,13.2,15.7039971424,10.0000488838,0,0,4.0215476873,4.02153129549,0,0,1
current_nearest,13.225,15.7039971424,10.0000488838,0,0,4.0215476873,4.02153129549,0,0,1
current_nearest,13.25,15.7039971424,10.0000488838,0,0,4.0215476873,4.02153129549,0,0,1
current_nearest,13.275,15.7039971424,10.0000488838,0,0,4.0215476873,4.02153129549,0,0,1
current_nearest,13.3,15.7039971424,10.0000488838,0,0,4.0215476873,4.02153129549,0,0,1
current_nearest,13.325,15.7039971424,10.0000488838,0,0,4.0215476873,4.02153129549,0,0,1
current_nearest,13.35,15.7039971424,10.0000488838,0,0,4.0215476873,4.02153129549,0,0,1
current_nearest,13.375,15.7039971424,10.0000488838,0,0,4.0215476873,4.02153129549,0,0,1
current_nearest,13.4,15.7039971424,10.0000488838,0,0,4.0215476873,4.02153129549,0,0,1
current_nearest,13.425,15.7039971424,10.0000488838,0,0,4.0215476873,4.02153129549,0,0,1
current_nearest,13.45,15.7039971424,10.0000488838,0,0,4.0215476873,4.02153129549,0,0,1
current_nearest,13.475,15.7039971424,10.0000488838,0,0,4.0215476873,4.02153129549,0,0,1
current_nearest,13.5,15.7039971424,10.0000488838,0,0,4.0215476873,4.02153129549,0,0,1
current_nearest,13.525,15.7039971424,10.0000488838,0,0,4.0215476873,4.02153129549,0,0,1
current_nearest,13.55,15.7039971424,10.0000488838,0,0,4.0215476873,4.02153129549,0,0,1
current_nearest,13.575,15.7039971424,10.0000488838,0,0,4.0215476873,4.02153129549,0,0,1
current_nearest,13.6,15.7039971424,10.0000488838,0,0,4.0215476873,4.02153129549,0,0,1
current_nearest,13.625,15.7039971424,10.0000488838,0,0,4.0215476873,4.02153129549,0,0,1
current_nearest,13.65,15.7039971424,10.0000488838,0,0,4.0215476873,4.02153129549,0,0,1
current_nearest,13.675,15.7039971424,10.0000488838,0,0,4.0215476873,4.02153129549,0,0,1
current_nearest,13.7,15.7039971424,10.0000488838,0,0,4.0215476873,4.02153129549,0,0,1
current_nearest,13.725,15.7039971424,10.0000488838,0,0,4.0215476873,4.02153129549,0,0,1
current_nearest,13.75,15.7039971424,10.0000488838,0,0,4.0215476873,4.02153129549,0,0,1
current_nearest,13.775,15.7039971424,10.0000488838,0,0,4.0215476873,4.02153129549,0,0,1
current_nearest,13.8,15.7039971424,10.0000488838,0,0,4.0215476873,4.02153129549,0,0,1
current_nearest,13.825,15.7039971424,10.0000488838,0,0,4.0215476873,4.02153129549,0,0,1
current_nearest,13.85,15.7039971424,10.0000488838,0,0,4.0215476873,4.02153129549,0,0,1
current_nearest,13.875,15.7039971424,10.0000488838,0,0,4.0215476873,4.02153129549,0,0,1
current_nearest,13.9,15.7039971424,10.0000488838,0,0,4.0215476873,4.02153129549,0,0,1
current_nearest,13.925,15.7039971424,10.0000488838,0,0,4.0215476873,4.02153129549,0,0,1
current_nearest,13.95,15.7039971424,10.0000488838,0,0,4.0215476873,4.02153129549,0,0,1
current_nearest,13.975,15.7039971424,10.0000488838,0,0,4.0215476873,4.02153129549,0,0,1
current_nearest,14,15.7039971424,10.0000488838,0,0,4.0215476873,4.02153129549,0,0,1
current_nearest,14.025,15.7039971424,10.0000488838,0,0,4.0215476873,4.02153129549,0,0,1
current_nearest,14.05,15.7039971424,10.0000488838,0,0,4.0215476873,4.02153129549,0,0,1
current_nearest,14.075,15.7039971424,10.0000488838,0,0,4.0215476873,4.02153129549,0,0,1
current_nearest,14.1,15.7039971424,10.0000488838,0,0,4.0215476873,4.02153129549,0,0,1
current_nearest,14.125,15.7039971424,10.0000488838,0,0,4.0215476873,4.02153129549,0,0,1
current_nearest,14.15,15.7039971424,10.0000488838,0,0,4.0215476873,4.02153129549,0,0,1
current_nearest,14.175,15.7039971424,10.0000488838,0,0,4.0215476873,4.02153129549,0,0,1
current_nearest,14.2,15.7039971424,10.0000488838,0,0,4.0215476873,4.02153129549,0,0,1
current_nearest,14.225,15.7039971424,10.0000488838,0,0,4.0215476873,4.02153129549,0,0,1
current_nearest,14.25,15.7039971424,10.0000488838,0,0,4.0215476873,4.02153129549,0,0,1
current_nearest,14.275,15.7039971424,10.0000488838,0,0,4.0215476873,4.02153129549,0,0,1
current_nearest,14.3,15.7039971424,10.0000488838,0,0,4.0215476873,4.02153129549,0,0,1
current_nearest,14.325,15.7039971424,10.0000488838,0,0,4.0215476873,4.02153129549,0,0,1
current_nearest,14.35,15.7039971424,10.0000488838,0,0,4.0215476873,4.02153129549,0,0,1
current_nearest,14.375,15.7039971424,10.0000488838,0,0,4.0215476873,4.02153129549,0,0,1
current_nearest,14.4,15.7039971424,10.0000488838,0,0,4.0215476873,4.02153129549,0,0,1
current_nearest,14.425,15.7039971424,10.0000488838,0,0,4.0215476873,4.02153129549,0,0,1
current_nearest,14.45,15.7039971424,10.0000488838,0,0,4.0215476873,4.02153129549,0,0,1
current_nearest,14.475,15.7039971424,10.0000488838,0,0,4.0215476873,4.02153129549,0,0,1
current_nearest,14.5,15.7039971424,10.0000488838,0,0,4.0215476873,4.02153129549,0,0,1
current_nearest,14.525,15.7039971424,10.0000488838,0,0,4.0215476873,4.02153129549,0,0,1
current_nearest,14.55,15.7039971424,10.0000488838,0,0,4.0215476873,4.02153129549,0,0,1
current_nearest,14.575,15.7039971424,10.0000488838,0,0,4.0215476873,4.02153129549,0,0,1
current_nearest,14.6,15.7039971424,10.0000488838,0,0,4.0215476873,4.02153129549,0,0,1
current_nearest,14.625,15.7039971424,10.0000488838,0,0,4.0215476873,4.02153129549,0,0,1
current_nearest,14.65,15.7039971424,10.0000488838,0,0,4.0215476873,4.02153129549,0,0,1
current_nearest,14.675,15.7039971424,10.0000488838,0,0,4.0215476873,4.02153129549,0,0,1
current_nearest,14.7,15.7039971424,10.0000488838,0,0,4.0215476873,4.02153129549,0,0,1
current_nearest,14.725,15.7039971424,10.0000488838,0,0,4.0215476873,4.02153129549,0,0,1
current_nearest,14.75,15.7039971424,10.0000488838,0,0,4.0215476873,4.02153129549,0,0,1
current_nearest,14.775,15.7039971424,10.0000488838,0,0,4.0215476873,4.02153129549,0,0,1
current_nearest,14.8,15.7039971424,10.0000488838,0,0,4.0215476873,4.02153129549,0,0,1
current_nearest,14.825,15.7039971424,10.0000488838,0,0,4.0215476873,4.02153129549,0,0,1
current_nearest,14.85,15.7039971424,10.0000488838,0,0,4.0215476873,4.02153129549,0,0,1
current_nearest,14.875,15.7039971424,10.0000488838,0,0,4.0215476873,4.02153129549,0,0,1
current_nearest,14.9,15.7039971424,10.0000488838,0,0,4.0215476873,4.02153129549,0,0,1
current_nearest,14.925,15.7039971424,10.0000488838,0,0,4.0215476873,4.02153129549,0,0,1
current_nearest,14.95,15.7039971424,10.0000488838,0,0,4.0215476873,4.02153129549,0,0,1
current_nearest,14.975,15.7039971424,10.0000488838,0,0,4.0215476873,4.02153129549,0,0,1
current_nearest,15,15.7039971424,10.0000488838,0,0,4.0215476873,4.02153129549,0,0,1
current_nearest,15.025,15.7039971424,10.0000488838,0,0,4.0215476873,4.02153129549,0,0,1
current_nearest,15.05,15.7039971424,10.0000488838,0,0,4.0215476873,4.02153129549,0,0,1
current_nearest,15.075,15.7039971424,10.0000488838,0,0,4.0215476873,4.02153129549,0,0,1
current_nearest,15.1,15.7039971424,10.0000488838,0,0,4.0215476873,4.02153129549,0,0,1
current_nearest,15.125,15.7039971424,10.0000488838,0,0,4.0215476873,4.02153129549,0,0,1
current_nearest,15.15,15.7039971424,10.0000488838,0,0,4.0215476873,4.02153129549,0,0,1
current_nearest,15.175,15.7039971424,10.0000488838,0,0,4.0215476873,4.02153129549,0,0,1
current_nearest,15.2,15.7039971424,10.0000488838,0,0,4.0215476873,4.02153129549,0,0,1
current_nearest,15.225,15.7039971424,10.0000488838,0,0,4.0215476873,4.02153129549,0,0,1
current_nearest,15.25,15.7039971424,10.0000488838,0,0,4.0215476873,4.02153129549,0,0,1
current_nearest,15.275,15.7039971424,10.0000488838,0,0,4.0215476873,4.02153129549,0,0,1
current_nearest,15.3,15.7039971424,10.0000488838,0,0,4.0215476873,4.02153129549,0,0,1
current_nearest,15.325,15.7039971424,10.0000488838,0,0,4.0215476873,4.02153129549,0,0,1
current_nearest,15.35,15.7039971424,10.0000488838,0,0,4.0215476873,4.02153129549,0,0,1
current_nearest,15.375,15.7039971424,10.0000488838,0,0,4.0215476873,4.02153129549,0,0,1
current_nearest,15.4,15.7039971424,10.0000488838,0,0,4.0215476873,4.02153129549,0,0,1
current_nearest,15.425,15.7039971424,10.0000488838,0,0,4.0215476873,4.02153129549,0,0,1
current_nearest,15.45,15.7039971424,10.0000488838,0,0,4.0215476873,4.02153129549,0,0,1
current_nearest,15.475,15.7039971424,10.0000488838,0,0,4.0215476873,4.02153129549,0,0,1
current_nearest,15.5,15.7039971424,10.0000488838,0,0,4.0215476873,4.02153129549,0,0,1
current_nearest,15.525,15.7039971424,10.0000488838,0,0,4.0215476873,4.02153129549,0,0,1
current_nearest,15.55,15.7039971424,10.0000488838,0,0,4.0215476873,4.02153129549,0,0,1
current_nearest,15.575,15.7039971424,10.0000488838,0,0,4.0215476873,4.02153129549,0,0,1
current_nearest,15.6,15.7039971424,10.0000488838,0,0,4.0215476873,4.02153129549,0,0,1
current_nearest,15.625,15.7039971424,10.0000488838,0,0,4.0215476873,4.02153129549,0,0,1
current_nearest,15.65,15.7039971424,10.0000488838,0,0,4.0215476873,4.02153129549,0,0,1
current_nearest,15.675,15.7039971424,10.0000488838,0,0,4.0215476873,4.02153129549,0,0,1
current_nearest,15.7,15.7039971424,10.0000488838,0,0,4.0215476873,4.02153129549,0,0,1
current_nearest,15.725,15.7039971424,10.0000488838,0,0,4.0215476873,4.02153129549,0,0,1
current_nearest,15.75,15.7039971424,10.0000488838,0,0,4.0215476873,4.02153129549,0,0,1
current_nearest,15.775,15.7039971424,10.0000488838,0,0,4.0215476873,4.02153129549,0,0,1
current_nearest,15.8,15.7039971424,10.0000488838,0,0,4.0215476873,4.02153129549,0,0,1
current_nearest,15.825,15.7039971424,10.0000488838,0,0,4.0215476873,4.02153129549,0,0,1
current_nearest,15.85,15.7039971424,10.0000488838,0,0,4.0215476873,4.02153129549,0,0,1
current_nearest,15.875,15.7039971424,10.0000488838,0,0,4.0215476873,4.02153129549,0,0,1
current_nearest,15.9,15.7039971424,10.0000488838,0,0,4.0215476873,4.02153129549,0,0,1
current_nearest,15.925,15.7039971424,10.0000488838,0,0,4.0215476873,4.02153129549,0,0,1
current_nearest,15.95,15.7039971424,10.0000488838,0,0,4.0215476873,4.02153129549,0,0,1
current_nearest,15.975,15.7039971424,10.0000488838,0,0,4.0215476873,4.02153129549,0,0,1
current_nearest,16,15.7039971424,10.0000488838,0,0,4.0215476873,4.02153129549,0,0,1
current_nearest,16.025,15.7039971424,10.0000488838,0,0,4.0215476873,4.02153129549,0,0,1
current_nearest,16.05,15.7039971424,10.0000488838,0,0,4.0215476873,4.02153129549,0,0,1
current_nearest,16.075,15.7039971424,10.0000488838,0,0,4.0215476873,4.02153129549,0,0,1
current_nearest,16.1,15.7039971424,10.0000488838,0,0,4.0215476873,4.02153129549,0,0,1
current_nearest,16.125,15.7039971424,10.0000488838,0,0,4.0215476873,4.02153129549,0,0,1
current_nearest,16.15,15.7039971424,10.0000488838,0,0,4.0215476873,4.02153129549,0,0,1
current_nearest,16.175,15.7039971424,10.0000488838,0,0,4.0215476873,4.02153129549,0,0,1
current_nearest,16.2,15.7039971424,10.0000488838,0,0,4.0215476873,4.02153129549,0,0,1
current_nearest,16.225,15.7039971424,10.0000488838,0,0,4.0215476873,4.02153129549,0,0,1
current_nearest,16.25,15.7039971424,10.0000488838,0,0,4.0215476873,4.02153129549,0,0,1
current_nearest,16.275,15.7039971424,10.0000488838,0,0,4.0215476873,4.02153129549,0,0,1
current_nearest,16.3,15.7039971424,10.0000488838,0,0,4.0215476873,4.02153129549,0,0,1
current_nearest,16.325,15.7039971424,10.0000488838,0,0,4.0215476873,4.02153129549,0,0,1
current_nearest,16.35,15.7039971424,10.0000488838,0,0,4.0215476873,4.02153129549,0,0,1
current_nearest,16.375,15.7039971424,10.0000488838,0,0,4.0215476873,4.02153129549,0,0,1
current_nearest,16.4,15.7039971424,10.0000488838,0,0,4.0215476873,4.02153129549,0,0,1
current_nearest,16.425,15.7039971424,10.0000488838,0,0,4.0215476873,4.02153129549,0,0,1
current_nearest,16.45,15.7039971424,10.0000488838,0,0,4.0215476873,4.02153129549,0,0,1
current_nearest,16.475,15.7039971424,10.0000488838,0,0,4.0215476873,4.02153129549,0,0,1
current_nearest,16.5,15.7039971424,10.0000488838,0,0,4.0215476873,4.02153129549,0,0,1
current_nearest,16.525,15.7039971424,10.0000488838,0,0,4.0215476873,4.02153129549,0,0,1
current_nearest,16.55,15.7039971424,10.0000488838,0,0,4.0215476873,4.02153129549,0,0,1
current_nearest,16.575,15.7039971424,10.0000488838,0,0,4.0215476873,4.02153129549,0,0,1
current_nearest,16.6,15.7039971424,10.0000488838,0,0,4.0215476873,4.02153129549,0,0,1
current_nearest,16.625,15.7039971424,10.0000488838,0,0,4.0215476873,4.02153129549,0,0,1
current_nearest,16.65,15.7039971424,10.0000488838,0,0,4.0215476873,4.02153129549,0,0,1
current_nearest,16.675,15.7039971424,10.0000488838,0,0,4.0215476873,4.02153129549,0,0,1
current_nearest,16.7,15.7039971424,10.0000488838,0,0,4.0215476873,4.02153129549,0,0,1
current_nearest,16.725,15.7039971424,10.0000488838,0,0,4.0215476873,4.02153129549,0,0,1
current_nearest,16.75,15.7039971424,10.0000488838,0,0,4.0215476873,4.02153129549,0,0,1
current_nearest,16.775,15.7039971424,10.0000488838,0,0,4.0215476873,4.02153129549,0,0,1
current_nearest,16.8,15.7039971424,10.0000488838,0,0,4.0215476873,4.02153129549,0,0,1
current_nearest,16.825,15.7039971424,10.0000488838,0,0,4.0215476873,4.02153129549,0,0,1
current_nearest,16.85,15.7039971424,10.0000488838,0,0,4.0215476873,4.02153129549,0,0,1
current_nearest,16.875,15.7039971424,10.0000488838,0,0,4.0215476873,4.02153129549,0,0,1
current_nearest,16.9,15.7039971424,10.0000488838,0,0,4.0215476873,4.02153129549,0,0,1
current_nearest,16.925,15.7039971424,10.0000488838,0,0,4.0215476873,4.02153129549,0,0,1
current_nearest,16.95,15.7039971424,10.0000488838,0,0,4.0215476873,4.02153129549,0,0,1
current_nearest,16.975,15.7039971424,10.0000488838,0,0,4.0215476873,4.02153129549,0,0,1
current_nearest,17,15.7039971424,10.0000488838,0,0,4.0215476873,4.02153129549,0,0,1
current_nearest,17.025,15.7039971424,10.0000488838,0,0,4.0215476873,4.02153129549,0,0,1
current_nearest,17.05,15.7039971424,10.0000488838,0,0,4.0215476873,4.02153129549,0,0,1
current_nearest,17.075,15.7039971424,10.0000488838,0,0,4.0215476873,4.02153129549,0,0,1
current_nearest,17.1,15.7039971424,10.0000488838,0,0,4.0215476873,4.02153129549,0,0,1
current_nearest,17.125,15.7039971424,10.0000488838,0,0,4.0215476873,4.02153129549,0,0,1
current_nearest,17.15,15.7039971424,10.0000488838,0,0,4.0215476873,4.02153129549,0,0,1
current_nearest,17.175,15.7039971424,10.0000488838,0,0,4.0215476873,4.02153129549,0,0,1
current_nearest,17.2,15.7039971424,10.0000488838,0,0,4.0215476873,4.02153129549,0,0,1
current_nearest,17.225,15.7039971424,10.0000488838,0,0,4.0215476873,4.02153129549,0,0,1
current_nearest,17.25,15.7039971424,10.0000488838,0,0,4.0215476873,4.02153129549,0,0,1
current_nearest,17.275,15.7039971424,10.0000488838,0,0,4.0215476873,4.02153129549,0,0,1
current_nearest,17.3,15.7039971424,10.0000488838,0,0,4.0215476873,4.02153129549,0,0,1
current_nearest,17.325,15.7039971424,10.0000488838,0,0,4.0215476873,4.02153129549,0,0,1
current_nearest,17.35,15.7039971424,10.0000488838,0,0,4.0215476873,4.02153129549,0,0,1
current_nearest,17.375,15.7039971424,10.0000488838,0,0,4.0215476873,4.02153129549,0,0,1
current_nearest,17.4,15.7039971424,10.0000488838,0,0,4.0215476873,4.02153129549,0,0,1
current_nearest,17.425,15.7039971424,10.0000488838,0,0,4.0215476873,4.02153129549,0,0,1
current_nearest,17.45,15.7039971424,10.0000488838,0,0,4.0215476873,4.02153129549,0,0,1
current_nearest,17.475,15.7039971424,10.0000488838,0,0,4.0215476873,4.02153129549,0,0,1
current_nearest,17.5,15.7039971424,10.0000488838,0,0,4.0215476873,4.02153129549,0,0,1
current_nearest,17.525,15.7039971424,10.0000488838,0,0,4.0215476873,4.02153129549,0,0,1
current_nearest,17.55,15.7039971424,10.0000488838,0,0,4.0215476873,4.02153129549,0,0,1
current_nearest,17.575,15.7039971424,10.0000488838,0,0,4.0215476873,4.02153129549,0,0,1
current_nearest,17.6,15.7039971424,10.0000488838,0,0,4.0215476873,4.02153129549,0,0,1
current_nearest,17.625,15.7039971424,10.0000488838,0,0,4.0215476873,4.02153129549,0,0,1
current_nearest,17.65,15.7039971424,10.0000488838,0,0,4.0215476873,4.02153129549,0,0,1
current_nearest,17.675,15.7039971424,10.0000488838,0,0,4.0215476873,4.02153129549,0,0,1
current_nearest,17.7,15.7039971424,10.0000488838,0,0,4.0215476873,4.02153129549,0,0,1
current_nearest,17.725,15.7039971424,10.0000488838,0,0,4.0215476873,4.02153129549,0,0,1
current_nearest,17.75,15.7039971424,10.0000488838,0,0,4.0215476873,4.02153129549,0,0,1
current_nearest,17.775,15.7039971424,10.0000488838,0,0,4.0215476873,4.02153129549,0,0,1
current_nearest,17.8,15.7039971424,10.0000488838,0,0,4.0215476873,4.02153129549,0,0,1
current_nearest,17.825,15.7039971424,10.0000488838,0,0,4.0215476873,4.02153129549,0,0,1
current_nearest,17.85,15.7039971424,10.0000488838,0,0,4.0215476873,4.02153129549,0,0,1
current_nearest,17.875,15.7039971424,10.0000488838,0,0,4.0215476873,4.02153129549,0,0,1
current_nearest,17.9,15.7039971424,10.0000488838,0,0,4.0215476873,4.02153129549,0,0,1
current_nearest,17.925,15.7039971424,10.0000488838,0,0,4.0215476873,4.02153129549,0,0,1
current_nearest,17.95,15.7039971424,10.0000488838,0,0,4.0215476873,4.02153129549,0,0,1
current_nearest,17.975,15.7039971424,10.0000488838,0,0,4.0215476873,4.02153129549,0,0,1
current_nearest,18,15.7039971424,10.0000488838,0,0,4.0215476873,4.02153129549,0,0,1
current_nearest,18.025,15.7039971424,10.0000488838,0,0,4.0215476873,4.02153129549,0,0,1
current_nearest,18.05,15.7039971424,10.0000488838,0,0,4.0215476873,4.02153129549,0,0,1
current_nearest,18.075,15.7039971424,10.0000488838,0,0,4.0215476873,4.02153129549,0,0,1
current_nearest,18.1,15.7039971424,10.0000488838,0,0,4.0215476873,4.02153129549,0,0,1
current_nearest,18.125,15.7039971424,10.0000488838,0,0,4.0215476873,4.02153129549,0,0,1
current_nearest,18.15,15.7039971424,10.0000488838,0,0,4.0215476873,4.02153129549,0,0,1
current_nearest,18.175,15.7039971424,10.0000488838,0,0,4.0215476873,4.02153129549,0,0,1
current_nearest,18.2,15.7039971424,10.0000488838,0,0,4.0215476873,4.02153129549,0,0,1
current_nearest,18.225,15.7039971424,10.0000488838,0,0,4.0215476873,4.02153129549,0,0,1
current_nearest,18.25,15.7039971424,10.0000488838,0,0,4.0215476873,4.02153129549,0,0,1
current_nearest,18.275,15.7039971424,10.0000488838,0,0,4.0215476873,4.02153129549,0,0,1
current_nearest,18.3,15.7039971424,10.0000488838,0,0,4.0215476873,4.02153129549,0,0,1
current_nearest,18.325,15.7039971424,10.0000488838,0,0,4.0215476873,4.02153129549,0,0,1
current_nearest,18.35,15.7039971424,10.0000488838,0,0,4.0215476873,4.02153129549,0,0,1
current_nearest,18.375,15.7039971424,10.0000488838,0,0,4.0215476873,4.02153129549,0,0,1
current_nearest,18.4,15.7039971424,10.0000488838,0,0,4.0215476873,4.02153129549,0,0,1
current_nearest,18.425,15.7039971424,10.0000488838,0,0,4.0215476873,4.02153129549,0,0,1
current_nearest,18.45,15.7039971424,10.0000488838,0,0,4.0215476873,4.02153129549,0,0,1
current_nearest,18.475,15.7039971424,10.0000488838,0,0,4.0215476873,4.02153129549,0,0,1
current_nearest,18.5,15.7039971424,10.0000488838,0,0,4.0215476873,4.02153129549,0,0,1
current_nearest,18.525,15.7039971424,10.0000488838,0,0,4.0215476873,4.02153129549,0,0,1
current_nearest,18.55,15.7039971424,10.0000488838,0,0,4.0215476873,4.02153129549,0,0,1
current_nearest,18.575,15.7039971424,10.0000488838,0,0,4.0215476873,4.02153129549,0,0,1
current_nearest,18.6,15.7039971424,10.0000488838,0,0,4.0215476873,4.02153129549,0,0,1
current_nearest,18.625,15.7039971424,10.0000488838,0,0,4.0215476873,4.02153129549,0,0,1
current_nearest,18.65,15.7039971424,10.0000488838,0,0,4.0215476873,4.02153129549,0,0,1
current_nearest,18.675,15.7039971424,10.0000488838,0,0,4.0215476873,4.02153129549,0,0,1
current_nearest,18.7,15.7039971424,10.0000488838,0,0,4.0215476873,4.02153129549,0,0,1
current_nearest,18.725,15.7039971424,10.0000488838,0,0,4.0215476873,4.02153129549,0,0,1
current_nearest,18.75,15.7039971424,10.0000488838,0,0,4.0215476873,4.02153129549,0,0,1
current_nearest,18.775,15.7039971424,10.0000488838,0,0,4.0215476873,4.02153129549,0,0,1
current_nearest,18.8,15.7039971424,10.0000488838,0,0,4.0215476873,4.02153129549,0,0,1
current_nearest,18.825,15.7039971424,10.0000488838,0,0,4.0215476873,4.02153129549,0,0,1
current_nearest,18.85,15.7039971424,10.0000488838,0,0,4.0215476873,4.02153129549,0,0,1
current_nearest,18.875,15.7039971424,10.0000488838,0,0,4.0215476873,4.02153129549,0,0,1
current_nearest,18.9,15.7039971424,10.0000488838,0,0,4.0215476873,4.02153129549,0,0,1
current_nearest,18.925,15.7039971424,10.0000488838,0,0,4.0215476873,4.02153129549,0,0,1
current_nearest,18.95,15.7039971424,10.0000488838,0,0,4.0215476873,4.02153129549,0,0,1
current_nearest,18.975,15.7039971424,10.0000488838,0,0,4.0215476873,4.02153129549,0,0,1
current_nearest,19,15.7039971424,10.0000488838,0,0,4.0215476873,4.02153129549,0,0,1
current_nearest,19.025,15.7039971424,10.0000488838,0,0,4.0215476873,4.02153129549,0,0,1
current_nearest,19.05,15.7039971424,10.0000488838,0,0,4.0215476873,4.02153129549,0,0,1
current_nearest,19.075,15.7039971424,10.0000488838,0,0,4.0215476873,4.02153129549,0,0,1
current_nearest,19.1,15.7039971424,10.0000488838,0,0,4.0215476873,4.02153129549,0,0,1
current_nearest,19.125,15.7039971424,10.0000488838,0,0,4.0215476873,4.02153129549,0,0,1
current_nearest,19.15,15.7039971424,10.0000488838,0,0,4.0215476873,4.02153129549,0,0,1
current_nearest,19.175,15.7039971424,10.0000488838,0,0,4.0215476873,4.02153129549,0,0,1
current_nearest,19.2,15.7039971424,10.0000488838,0,0,4.0215476873,4.02153129549,0,0,1
current_nearest,19.225,15.7039971424,10.0000488838,0,0,4.0215476873,4.02153129549,0,0,1
current_nearest,19.25,15.7039971424,10.0000488838,0,0,4.0215476873,4.02153129549,0,0,1
current_nearest,19.275,15.7039971424,10.0000488838,0,0,4.0215476873,4.02153129549,0,0,1
current_nearest,19.3,15.7039971424,10.0000488838,0,0,4.0215476873,4.02153129549,0,0,1
current_nearest,19.325,15.7039971424,10.0000488838,0,0,4.0215476873,4.02153129549,0,0,1
current_nearest,19.35,15.7039971424,10.0000488838,0,0,4.0215476873,4.02153129549,0,0,1
current_nearest,19.375,15.7039971424,10.0000488838,0,0,4.0215476873,4.02153129549,0,0,1
current_nearest,19.4,15.7039971424,10.0000488838,0,0,4.0215476873,4.02153129549,0,0,1
current_nearest,19.425,15.7039971424,10.0000488838,0,0,4.0215476873,4.02153129549,0,0,1
current_nearest,19.45,15.7039971424,10.0000488838,0,0,4.0215476873,4.02153129549,0,0,1
current_nearest,19.475,15.7039971424,10.0000488838,0,0,4.0215476873,4.02153129549,0,0,1
current_nearest,19.5,15.7039971424,10.0000488838,0,0,4.0215476873,4.02153129549,0,0,1
current_nearest,19.525,15.7039971424,10.0000488838,0,0,4.0215476873,4.02153129549,0,0,1
current_nearest,19.55,15.7039971424,10.0000488838,0,0,4.0215476873,4.02153129549,0,0,1
current_nearest,19.575,15.7039971424,10.0000488838,0,0,4.0215476873,4.02153129549,0,0,1
current_nearest,19.6,15.7039971424,10.0000488838,0,0,4.0215476873,4.02153129549,0,0,1
current_nearest,19.625,15.7039971424,10.0000488838,0,0,4.0215476873,4.02153129549,0,0,1
current_nearest,19.65,15.7039971424,10.0000488838,0,0,4.0215476873,4.02153129549,0,0,1
current_nearest,19.675,15.7039971424,10.0000488838,0,0,4.0215476873,4.02153129549,0,0,1
current_nearest,19.7,15.7039971424,10.0000488838,0,0,4.0215476873,4.02153129549,0,0,1
current_nearest,19.725,15.7039971424,10.0000488838,0,0,4.0215476873,4.02153129549,0,0,1
current_nearest,19.75,15.7039971424,10.0000488838,0,0,4.0215476873,4.02153129549,0,0,1
current_nearest,19.775,15.7039971424,10.0000488838,0,0,4.0215476873,4.02153129549,0,0,1
current_nearest,19.8,15.7039971424,10.0000488838,0,0,4.0215476873,4.02153129549,0,0,1
current_nearest,19.825,15.7039971424,10.0000488838,0,0,4.0215476873,4.02153129549,0,0,1
current_nearest,19.85,15.7039971424,10.0000488838,0,0,4.0215476873,4.02153129549,0,0,1
current_nearest,19.875,15.7039971424,10.0000488838,0,0,4.0215476873,4.02153129549,0,0,1
current_nearest,19.9,15.7039971424,10.0000488838,0,0,4.0215476873,4.02153129549,0,0,1
current_nearest,19.925,15.7039971424,10.0000488838,0,0,4.0215476873,4.02153129549,0,0,1
current_nearest,19.95,15.7039971424,10.0000488838,0,0,4.0215476873,4.02153129549,0,0,1
current_nearest,19.975,15.7039971424,10.0000488838,0,0,4.0215476873,4.02153129549,0,0,1
current_nearest,20,15.7039971424,10.0000488838,0,0,4.0215476873,4.02153129549,0,0,1
current_nearest,20.025,15.7039971424,10.0000488838,0,0,4.0215476873,4.02153129549,0,0,1
current_nearest,20.05,15.7039971424,10.0000488838,0,0,4.0215476873,4.02153129549,0,0,1
current_nearest,20.075,15.7039971424,10.0000488838,0,0,4.0215476873,4.02153129549,0,0,1
current_nearest,20.1,15.7039971424,10.0000488838,0,0,4.0215476873,4.02153129549,0,0,1
current_nearest,20.125,15.7039971424,10.0000488838,0,0,4.0215476873,4.02153129549,0,0,1
current_nearest,20.15,15.7039971424,10.0000488838,0,0,4.0215476873,4.02153129549,0,0,1
current_nearest,20.175,15.7039971424,10.0000488838,0,0,4.0215476873,4.02153129549,0,0,1
current_nearest,20.2,15.7039971424,10.0000488838,0,0,4.0215476873,4.02153129549,0,0,1
current_nearest,20.225,15.7039971424,10.0000488838,0,0,4.0215476873,4.02153129549,0,0,1
current_nearest,20.25,15.7039971424,10.0000488838,0,0,4.0215476873,4.02153129549,0,0,1
current_nearest,20.275,15.7039971424,10.0000488838,0,0,4.0215476873,4.02153129549,0,0,1
current_nearest,20.3,15.7039971424,10.0000488838,0,0,4.0215476873,4.02153129549,0,0,1
current_nearest,20.325,15.7039971424,10.0000488838,0,0,4.0215476873,4.02153129549,0,0,1
current_nearest,20.35,15.7039971424,10.0000488838,0,0,4.0215476873,4.02153129549,0,0,1
current_nearest,20.375,15.7039971424,10.0000488838,0,0,4.0215476873,4.02153129549,0,0,1
current_nearest,20.4,15.7039971424,10.0000488838,0,0,4.0215476873,4.02153129549,0,0,1
current_nearest,20.425,15.7039971424,10.0000488838,0,0,4.0215476873,4.02153129549,0,0,1
current_nearest,20.45,15.7039971424,10.0000488838,0,0,4.0215476873,4.02153129549,0,0,1
current_nearest,20.475,15.7039971424,10.0000488838,0,0,4.0215476873,4.02153129549,0,0,1
current_nearest,20.5,15.7039971424,10.0000488838,0,0,4.0215476873,4.02153129549,0,0,1
current_nearest,20.525,15.7039971424,10.0000488838,0,0,4.0215476873,4.02153129549,0,0,1
current_nearest,20.55,15.7039971424,10.0000488838,0,0,4.0215476873,4.02153129549,0,0,1
current_nearest,20.575,15.7039971424,10.0000488838,0,0,4.0215476873,4.02153129549,0,0,1
current_nearest,20.6,15.7039971424,10.0000488838,0,0,4.0215476873,4.02153129549,0,0,1
current_nearest,20.625,15.7039971424,10.0000488838,0,0,4.0215476873,4.02153129549,0,0,1
current_nearest,20.65,15.7039971424,10.0000488838,0,0,4.0215476873,4.02153129549,0,0,1
current_nearest,20.675,15.7039971424,10.0000488838,0,0,4.0215476873,4.02153129549,0,0,1
current_nearest,20.7,15.7039971424,10.0000488838,0,0,4.0215476873,4.02153129549,0,0,1
current_nearest,20.725,15.7039971424,10.0000488838,0,0,4.0215476873,4.02153129549,0,0,1
current_nearest,20.75,15.7039971424,10.0000488838,0,0,4.0215476873,4.02153129549,0,0,1
current_nearest,20.775,15.7039971424,10.0000488838,0,0,4.0215476873,4.02153129549,0,0,1
current_nearest,20.8,15.7039971424,10.0000488838,0,0,4.0215476873,4.02153129549,0,0,1
current_nearest,20.825,15.7039971424,10.0000488838,0,0,4.0215476873,4.02153129549,0,0,1
current_nearest,20.85,15.7039971424,10.0000488838,0,0,4.0215476873,4.02153129549,0,0,1
current_nearest,20.875,15.7039971424,10.0000488838,0,0,4.0215476873,4.02153129549,0,0,1
current_nearest,20.9,15.7039971424,10.0000488838,0,0,4.0215476873,4.02153129549,0,0,1
current_nearest,20.925,15.7039971424,10.0000488838,0,0,4.0215476873,4.02153129549,0,0,1
current_nearest,20.95,15.7039971424,10.0000488838,0,0,4.0215476873,4.02153129549,0,0,1
current_nearest,20.975,15.7039971424,10.0000488838,0,0,4.0215476873,4.02153129549,0,0,1
current_nearest,21,15.7039971424,10.0000488838,0,0,4.0215476873,4.02153129549,0,0,1
current_nearest,21.025,15.7039971424,10.0000488838,0,0,4.0215476873,4.02153129549,0,0,1
current_nearest,21.05,15.7039971424,10.0000488838,0,0,4.0215476873,4.02153129549,0,0,1
current_nearest,21.075,15.7039971424,10.0000488838,0,0,4.0215476873,4.02153129549,0,0,1
current_nearest,21.1,15.7039971424,10.0000488838,0,0,4.0215476873,4.02153129549,0,0,1
current_nearest,21.125,15.7039971424,10.0000488838,0,0,4.0215476873,4.02153129549,0,0,1
current_nearest,21.15,15.7039971424,10.0000488838,0,0,4.0215476873,4.02153129549,0,0,1
current_nearest,21.175,15.7039971424,10.0000488838,0,0,4.0215476873,4.02153129549,0,0,1
current_nearest,21.2,15.7039971424,10.0000488838,0,0,4.0215476873,4.02153129549,0,0,1
current_nearest,21.225,15.7039971424,10.0000488838,0,0,4.0215476873,4.02153129549,0,0,1
current_nearest,21.25,15.7039971424,10.0000488838,0,0,4.0215476873,4.02153129549,0,0,1
current_nearest,21.275,15.7039971424,10.0000488838,0,0,4.0215476873,4.02153129549,0,0,1
current_nearest,21.3,15.7039971424,10.0000488838,0,0,4.0215476873,4.02153129549,0,0,1
current_nearest,21.325,15.7039971424,10.0000488838,0,0,4.0215476873,4.02153129549,0,0,1
current_nearest,21.35,15.7039971424,10.0000488838,0,0,4.0215476873,4.02153129549,0,0,1
current_nearest,21.375,15.7039971424,10.0000488838,0,0,4.0215476873,4.02153129549,0,0,1
current_nearest,21.4,15.7039971424,10.0000488838,0,0,4.0215476873,4.02153129549,0,0,1
current_nearest,21.425,15.7039971424,10.0000488838,0,0,4.0215476873,4.02153129549,0,0,1
current_nearest,21.45,15.7039971424,10.0000488838,0,0,4.0215476873,4.02153129549,0,0,1
current_nearest,21.475,15.7039971424,10.0000488838,0,0,4.0215476873,4.02153129549,0,0,1
current_nearest,21.5,15.7039971424,10.0000488838,0,0,4.0215476873,4.02153129549,0,0,1
current_nearest,21.525,15.7039971424,10.0000488838,0,0,4.0215476873,4.02153129549,0,0,1
current_nearest,21.55,15.7039971424,10.0000488838,0,0,4.0215476873,4.02153129549,0,0,1
current_nearest,21.575,15.7039971424,10.0000488838,0,0,4.0215476873,4.02153129549,0,0,1
current_nearest,21.6,15.7039971424,10.0000488838,0,0,4.0215476873,4.02153129549,0,0,1
current_nearest,21.625,15.7039971424,10.0000488838,0,0,4.0215476873,4.02153129549,0,0,1
current_nearest,21.65,15.7039971424,10.0000488838,0,0,4.0215476873,4.02153129549,0,0,1
current_nearest,21.675,15.7039971424,10.0000488838,0,0,4.0215476873,4.02153129549,0,0,1
current_nearest,21.7,15.7039971424,10.0000488838,0,0,4.0215476873,4.02153129549,0,0,1
current_nearest,21.725,15.7039971424,10.0000488838,0,0,4.0215476873,4.02153129549,0,0,1
current_nearest,21.75,15.7039971424,10.0000488838,0,0,4.0215476873,4.02153129549,0,0,1
current_nearest,21.775,15.7039971424,10.0000488838,0,0,4.0215476873,4.02153129549,0,0,1
current_nearest,21.8,15.7039971424,10.0000488838,0,0,4.0215476873,4.02153129549,0,0,1
current_nearest,21.825,15.7039971424,10.0000488838,0,0,4.0215476873,4.02153129549,0,0,1
current_nearest,21.85,15.7039971424,10.0000488838,0,0,4.0215476873,4.02153129549,0,0,1
current_nearest,21.875,15.7039971424,10.0000488838,0,0,4.0215476873,4.02153129549,0,0,1
current_nearest,21.9,15.7039971424,10.0000488838,0,0,4.0215476873,4.02153129549,0,0,1
current_nearest,21.925,15.7039971424,10.0000488838,0,0,4.0215476873,4.02153129549,0,0,1
current_nearest,21.95,15.7039971424,10.0000488838,0,0,4.0215476873,4.02153129549,0,0,1
current_nearest,21.975,15.7039971424,10.0000488838,0,0,4.0215476873,4.02153129549,0,0,1
current_nearest,22,15.7039971424,10.0000488838,0,0,4.0215476873,4.02153129549,0,0,1
current_nearest,22.025,15.7039971424,10.0000488838,0,0,4.0215476873,4.02153129549,0,0,1
current_nearest,22.05,15.7039971424,10.0000488838,0,0,4.0215476873,4.02153129549,0,0,1
current_nearest,22.075,15.7039971424,10.0000488838,0,0,4.0215476873,4.02153129549,0,0,1
current_nearest,22.1,15.7039971424,10.0000488838,0,0,4.0215476873,4.02153129549,0,0,1
current_nearest,22.125,15.7039971424,10.0000488838,0,0,4.0215476873,4.02153129549,0,0,1
current_nearest,22.15,15.7039971424,10.0000488838,0,0,4.0215476873,4.02153129549,0,0,1
current_nearest,22.175,15.7039971424,10.0000488838,0,0,4.0215476873,4.02153129549,0,0,1
current_nearest,22.2,15.7039971424,10.0000488838,0,0,4.0215476873,4.02153129549,0,0,1
current_nearest,22.225,15.7039971424,10.0000488838,0,0,4.0215476873,4.02153129549,0,0,1
current_nearest,22.25,15.7039971424,10.0000488838,0,0,4.0215476873,4.02153129549,0,0,1
current_nearest,22.275,15.7039971424,10.0000488838,0,0,4.0215476873,4.02153129549,0,0,1
current_nearest,22.3,15.7039971424,10.0000488838,0,0,4.0215476873,4.02153129549,0,0,1
current_nearest,22.325,15.7039971424,10.0000488838,0,0,4.0215476873,4.02153129549,0,0,1
current_nearest,22.35,15.7039971424,10.0000488838,0,0,4.0215476873,4.02153129549,0,0,1
current_nearest,22.375,15.7039971424,10.0000488838,0,0,4.0215476873,4.02153129549,0,0,1
current_nearest,22.4,15.7039971424,10.0000488838,0,0,4.0215476873,4.02153129549,0,0,1
current_nearest,22.425,15.7039971424,10.0000488838,0,0,4.0215476873,4.02153129549,0,0,1
current_nearest,22.45,15.7039971424,10.0000488838,0,0,4.0215476873,4.02153129549,0,0,1
current_nearest,22.475,15.7039971424,10.0000488838,0,0,4.0215476873,4.02153129549,0,0,1
current_nearest,22.5,15.7039971424,10.0000488838,0,0,4.0215476873,4.02153129549,0,0,1
current_nearest,22.525,15.7039971424,10.0000488838,0,0,4.0215476873,4.02153129549,0,0,1
current_nearest,22.55,15.7039971424,10.0000488838,0,0,4.0215476873,4.02153129549,0,0,1
current_nearest,22.575,15.7039971424,10.0000488838,0,0,4.0215476873,4.02153129549,0,0,1
current_nearest,22.6,15.7039971424,10.0000488838,0,0,4.0215476873,4.02153129549,0,0,1
current_nearest,22.625,15.7039971424,10.0000488838,0,0,4.0215476873,4.02153129549,0,0,1
current_nearest,22.65,15.7039971424,10.0000488838,0,0,4.0215476873,4.02153129549,0,0,1
current_nearest,22.675,15.7039971424,10.0000488838,0,0,4.0215476873,4.02153129549,0,0,1
current_nearest,22.7,15.7039971424,10.0000488838,0,0,4.0215476873,4.02153129549,0,0,1
current_nearest,22.725,15.7039971424,10.0000488838,0,0,4.0215476873,4.02153129549,0,0,1
current_nearest,22.75,15.7039971424,10.0000488838,0,0,4.0215476873,4.02153129549,0,0,1
current_nearest,22.775,15.7039971424,10.0000488838,0,0,4.0215476873,4.02153129549,0,0,1
current_nearest,22.8,15.7039971424,10.0000488838,0,0,4.0215476873,4.02153129549,0,0,1
current_nearest,22.825,15.7039971424,10.0000488838,0,0,4.0215476873,4.02153129549,0,0,1
current_nearest,22.85,15.7039971424,10.0000488838,0,0,4.0215476873,4.02153129549,0,0,1
current_nearest,22.875,15.7039971424,10.0000488838,0,0,4.0215476873,4.02153129549,0,0,1
current_nearest,22.9,15.7039971424,10.0000488838,0,0,4.0215476873,4.02153129549,0,0,1
current_nearest,22.925,15.7039971424,10.0000488838,0,0,4.0215476873,4.02153129549,0,0,1
current_nearest,22.95,15.7039971424,10.0000488838,0,0,4.0215476873,4.02153129549,0,0,1
current_nearest,22.975,15.7039971424,10.0000488838,0,0,4.0215476873,4.02153129549,0,0,1
current_nearest,23,15.7039971424,10.0000488838,0,0,4.0215476873,4.02153129549,0,0,1
current_nearest,23.025,15.7039971424,10.0000488838,0,0,4.0215476873,4.02153129549,0,0,1
current_nearest,23.05,15.7039971424,10.0000488838,0,0,4.0215476873,4.02153129549,0,0,1
current_nearest,23.075,15.7039971424,10.0000488838,0,0,4.0215476873,4.02153129549,0,0,1
current_nearest,23.1,15.7039971424,10.0000488838,0,0,4.0215476873,4.02153129549,0,0,1
current_nearest,23.125,15.7039971424,10.0000488838,0,0,4.0215476873,4.02153129549,0,0,1
current_nearest,23.15,15.7039971424,10.0000488838,0,0,4.0215476873,4.02153129549,0,0,1
current_nearest,23.175,15.7039971424,10.0000488838,0,0,4.0215476873,4.02153129549,0,0,1
current_nearest,23.2,15.7039971424,10.0000488838,0,0,4.0215476873,4.02153129549,0,0,1
current_nearest,23.225,15.7039971424,10.0000488838,0,0,4.0215476873,4.02153129549,0,0,1
current_nearest,23.25,15.7039971424,10.0000488838,0,0,4.0215476873,4.02153129549,0,0,1
current_nearest,23.275,15.7039971424,10.0000488838,0,0,4.0215476873,4.02153129549,0,0,1
current_nearest,23.3,15.7039971424,10.0000488838,0,0,4.0215476873,4.02153129549,0,0,1
current_nearest,23.325,15.7039971424,10.0000488838,0,0,4.0215476873,4.02153129549,0,0,1
current_nearest,23.35,15.7039971424,10.0000488838,0,0,4.0215476873,4.02153129549,0,0,1
current_nearest,23.375,15.7039971424,10.0000488838,0,0,4.0215476873,4.02153129549,0,0,1
current_nearest,23.4,15.7039971424,10.0000488838,0,0,4.0215476873,4.02153129549,0,0,1
current_nearest,23.425,15.7039971424,10.0000488838,0,0,4.0215476873,4.02153129549,0,0,1
current_nearest,23.45,15.7039971424,10.0000488838,0,0,4.0215476873,4.02153129549,0,0,1
current_nearest,23.475,15.7039971424,10.0000488838,0,0,4.0215476873,4.02153129549,0,0,1
current_nearest,23.5,15.7039971424,10.0000488838,0,0,4.0215476873,4.02153129549,0,0,1
current_nearest,23.525,15.7039971424,10.0000488838,0,0,4.0215476873,4.02153129549,0,0,1
current_nearest,23.55,15.7039971424,10.0000488838,0,0,4.0215476873,4.02153129549,0,0,1
current_nearest,23.575,15.7039971424,10.0000488838,0,0,4.0215476873,4.02153129549,0,0,1
current_nearest,23.6,15.7039971424,10.0000488838,0,0,4.0215476873,4.02153129549,0,0,1
current_nearest,23.625,15.7039971424,10.0000488838,0,0,4.0215476873,4.02153129549,0,0,1
current_nearest,23.65,15.7039971424,10.0000488838,0,0,4.0215476873,4.02153129549,0,0,1
current_nearest,23.675,15.7039971424,10.0000488838,0,0,4.0215476873,4.02153129549,0,0,1
current_nearest,23.7,15.7039971424,10.0000488838,0,0,4.0215476873,4.02153129549,0,0,1
current_nearest,23.725,15.7039971424,10.0000488838,0,0,4.0215476873,4.02153129549,0,0,1
current_nearest,23.75,15.7039971424,10.0000488838,0,0,4.0215476873,4.02153129549,0,0,1
current_nearest,23.775,15.7039971424,10.0000488838,0,0,4.0215476873,4.02153129549,0,0,1
current_nearest,23.8,15.7039971424,10.0000488838,0,0,4.0215476873,4.02153129549,0,0,1
current_nearest,23.825,15.7039971424,10.0000488838,0,0,4.0215476873,4.02153129549,0,0,1
current_nearest,23.85,15.7039971424,10.0000488838,0,0,4.0215476873,4.02153129549,0,0,1
current_nearest,23.875,15.7039971424,10.0000488838,0,0,4.0215476873,4.02153129549,0,0,1
current_nearest,23.9,15.7039971424,10.0000488838,0,0,4.0215476873,4.02153129549,0,0,1
current_nearest,23.925,15.7039971424,10.0000488838,0,0,4.0215476873,4.02153129549,0,0,1
current_nearest,23.95,15.7039971424,10.0000488838,0,0,4.0215476873,4.02153129549,0,0,1
current_nearest,23.975,15.7039971424,10.0000488838,0,0,4.0215476873,4.02153129549,0,0,1
current_nearest,24,15.7039971424,10.0000488838,0,0,4.0215476873,4.02153129549,0,0,1
current_nearest,24.025,15.7039971424,10.0000488838,0,0,4.0215476873,4.02153129549,0,0,1
current_nearest,24.05,15.7039971424,10.0000488838,0,0,4.0215476873,4.02153129549,0,0,1
current_nearest,24.075,15.7039971424,10.0000488838,0,0,4.0215476873,4.02153129549,0,0,1
current_nearest,24.1,15.7039971424,10.0000488838,0,0,4.0215476873,4.02153129549,0,0,1
current_nearest,24.125,15.7039971424,10.0000488838,0,0,4.0215476873,4.02153129549,0,0,1
current_nearest,24.15,15.7039971424,10.0000488838,0,0,4.0215476873,4.02153129549,0,0,1
current_nearest,24.175,15.7039971424,10.0000488838,0,0,4.0215476873,4.02153129549,0,0,1
current_nearest,24.2,15.7039971424,10.0000488838,0,0,4.0215476873,4.02153129549,0,0,1
current_nearest,24.225,15.7039971424,10.0000488838,0,0,4.0215476873,4.02153129549,0,0,1
current_nearest,24.25,15.7039971424,10.0000488838,0,0,4.0215476873,4.02153129549,0,0,1
current_nearest,24.275,15.7039971424,10.0000488838,0,0,4.0215476873,4.02153129549,0,0,1
current_nearest,24.3,15.7039971424,10.0000488838,0,0,4.0215476873,4.02153129549,0,0,1
current_nearest,24.325,15.7039971424,10.0000488838,0,0,4.0215476873,4.02153129549,0,0,1
current_nearest,24.35,15.7039971424,10.0000488838,0,0,4.0215476873,4.02153129549,0,0,1
current_nearest,24.375,15.7039971424,10.0000488838,0,0,4.0215476873,4.02153129549,0,0,1
current_nearest,24.4,15.7039971424,10.0000488838,0,0,4.0215476873,4.02153129549,0,0,1
current_nearest,24.425,15.7039971424,10.0000488838,0,0,4.0215476873,4.02153129549,0,0,1
current_nearest,24.45,15.7039971424,10.0000488838,0,0,4.0215476873,4.02153129549,0,0,1
current_nearest,24.475,15.7039971424,10.0000488838,0,0,4.0215476873,4.02153129549,0,0,1
current_nearest,24.5,15.7039971424,10.0000488838,0,0,4.0215476873,4.02153129549,0,0,1
current_nearest,24.525,15.7039971424,10.0000488838,0,0,4.0215476873,4.02153129549,0,0,1
current_nearest,24.55,15.7039971424,10.0000488838,0,0,4.0215476873,4.02153129549,0,0,1
current_nearest,24.575,15.7039971424,10.0000488838,0,0,4.0215476873,4.02153129549,0,0,1
current_nearest,24.6,15.7039971424,10.0000488838,0,0,4.0215476873,4.02153129549,0,0,1
current_nearest,24.625,15.7039971424,10.0000488838,0,0,4.0215476873,4.02153129549,0,0,1
current_nearest,24.65,15.7039971424,10.0000488838,0,0,4.0215476873,4.02153129549,0,0,1
current_nearest,24.675,15.7039971424,10.0000488838,0,0,4.0215476873,4.02153129549,0,0,1
current_nearest,24.7,15.7039971424,10.0000488838,0,0,4.0215476873,4.02153129549,0,0,1
current_nearest,24.725,15.7039971424,10.0000488838,0,0,4.0215476873,4.02153129549,0,0,1
current_nearest,24.75,15.7039971424,10.0000488838,0,0,4.0215476873,4.02153129549,0,0,1
current_nearest,24.775,15.7039971424,10.0000488838,0,0,4.0215476873,4.02153129549,0,0,1
current_nearest,24.8,15.7039971424,10.0000488838,0,0,4.0215476873,4.02153129549,0,0,1
current_nearest,24.825,15.7039971424,10.0000488838,0,0,4.0215476873,4.02153129549,0,0,1
current_nearest,24.85,15.7039971424,10.0000488838,0,0,4.0215476873,4.02153129549,0,0,1
current_nearest,24.875,15.7039971424,10.0000488838,0,0,4.0215476873,4.02153129549,0,0,1
current_nearest,24.9,15.7039971424,10.0000488838,0,0,4.0215476873,4.02153129549,0,0,1
current_nearest,24.925,15.7039971424,10.0000488838,0,0,4.0215476873,4.02153129549,0,0,1
current_nearest,24.95,15.7039971424,10.0000488838,0,0,4.0215476873,4.02153129549,0,0,1
current_nearest,24.975,15.7039971424,10.0000488838,0,0,4.0215476873,4.02153129549,0,0,1
current_nearest,25,15.7039971424,10.0000488838,0,0,4.0215476873,4.02153129549,0,0,1
current_nearest,25.025,15.7039971424,10.0000488838,0,0,4.0215476873,4.02153129549,0,0,1
current_nearest,25.05,15.7039971424,10.0000488838,0,0,4.0215476873,4.02153129549,0,0,1
current_nearest,25.075,15.7039971424,10.0000488838,0,0,4.0215476873,4.02153129549,0,0,1
current_nearest,25.1,15.7039971424,10.0000488838,0,0,4.0215476873,4.02153129549,0,0,1
current_nearest,25.125,15.7039971424,10.0000488838,0,0,4.0215476873,4.02153129549,0,0,1
current_nearest,25.15,15.7039971424,10.0000488838,0,0,4.0215476873,4.02153129549,0,0,1
current_nearest,25.175,15.7039971424,10.0000488838,0,0,4.0215476873,4.02153129549,0,0,1
current_nearest,25.2,15.7039971424,10.0000488838,0,0,4.0215476873,4.02153129549,0,0,1
current_nearest,25.225,15.7039971424,10.0000488838,0,0,4.0215476873,4.02153129549,0,0,1
current_nearest,25.25,15.7039971424,10.0000488838,0,0,4.0215476873,4.02153129549,0,0,1
current_nearest,25.275,15.7039971424,10.0000488838,0,0,4.0215476873,4.02153129549,0,0,1
current_nearest,25.3,15.7039971424,10.0000488838,0,0,4.0215476873,4.02153129549,0,0,1
current_nearest,25.325,15.7039971424,10.0000488838,0,0,4.0215476873,4.02153129549,0,0,1
current_nearest,25.35,15.7039971424,10.0000488838,0,0,4.0215476873,4.02153129549,0,0,1
current_nearest,25.375,15.7039971424,10.0000488838,0,0,4.0215476873,4.02153129549,0,0,1
current_nearest,25.4,15.7039971424,10.0000488838,0,0,4.0215476873,4.02153129549,0,0,1
current_nearest,25.425,15.7039971424,10.0000488838,0,0,4.0215476873,4.02153129549,0,0,1
current_nearest,25.45,15.7039971424,10.0000488838,0,0,4.0215476873,4.02153129549,0,0,1
current_nearest,25.475,15.7039971424,10.0000488838,0,0,4.0215476873,4.02153129549,0,0,1
current_nearest,25.5,15.7039971424,10.0000488838,0,0,4.0215476873,4.02153129549,0,0,1
current_nearest,25.525,15.7039971424,10.0000488838,0,0,4.0215476873,4.02153129549,0,0,1
current_nearest,25.55,15.7039971424,10.0000488838,0,0,4.0215476873,4.02153129549,0,0,1
current_nearest,25.575,15.7039971424,10.0000488838,0,0,4.0215476873,4.02153129549,0,0,1
current_nearest,25.6,15.7039971424,10.0000488838,0,0,4.0215476873,4.02153129549,0,0,1
current_nearest,25.625,15.7039971424,10.0000488838,0,0,4.0215476873,4.02153129549,0,0,1
current_nearest,25.65,15.7039971424,10.0000488838,0,0,4.0215476873,4.02153129549,0,0,1
current_nearest,25.675,15.7039971424,10.0000488838,0,0,4.0215476873,4.02153129549,0,0,1
current_nearest,25.7,15.7039971424,10.0000488838,0,0,4.0215476873,4.02153129549,0,0,1
current_nearest,25.725,15.7039971424,10.0000488838,0,0,4.0215476873,4.02153129549,0,0,1
current_nearest,25.75,15.7039971424,10.0000488838,0,0,4.0215476873,4.02153129549,0,0,1
current_nearest,25.775,15.7039971424,10.0000488838,0,0,4.0215476873,4.02153129549,0,0,1
current_nearest,25.8,15.7039971424,10.0000488838,0,0,4.0215476873,4.02153129549,0,0,1
current_nearest,25.825,15.7039971424,10.0000488838,0,0,4.0215476873,4.02153129549,0,0,1
current_nearest,25.85,15.7039971424,10.0000488838,0,0,4.0215476873,4.02153129549,0,0,1
current_nearest,25.875,15.7039971424,10.0000488838,0,0,4.0215476873,4.02153129549,0,0,1
current_nearest,25.9,15.7039971424,10.0000488838,0,0,4.0215476873,4.02153129549,0,0,1
current_nearest,25.925,15.7039971424,10.0000488838,0,0,4.0215476873,4.02153129549,0,0,1
current_nearest,25.95,15.7039971424,10.0000488838,0,0,4.0215476873,4.02153129549,0,0,1
current_nearest,25.975,15.7039971424,10.0000488838,0,0,4.0215476873,4.02153129549,0,0,1
current_nearest,26,15.7039971424,10.0000488838,0,0,4.0215476873,4.02153129549,0,0,1
current_nearest,26.025,15.7039971424,10.0000488838,0,0,4.0215476873,4.02153129549,0,0,1
current_nearest,26.05,15.7039971424,10.0000488838,0,0,4.0215476873,4.02153129549,0,0,1
current_nearest,26.075,15.7039971424,10.0000488838,0,0,4.0215476873,4.02153129549,0,0,1
current_nearest,26.1,15.7039971424,10.0000488838,0,0,4.0215476873,4.02153129549,0,0,1
current_nearest,26.125,15.7039971424,10.0000488838,0,0,4.0215476873,4.02153129549,0,0,1
current_nearest,26.15,15.7039971424,10.0000488838,0,0,4.0215476873,4.02153129549,0,0,1
current_nearest,26.175,15.7039971424,10.0000488838,0,0,4.0215476873,4.02153129549,0,0,1
current_nearest,26.2,15.7039971424,10.0000488838,0,0,4.0215476873,4.02153129549,0,0,1
current_nearest,26.225,15.7039971424,10.0000488838,0,0,4.0215476873,4.02153129549,0,0,1
current_nearest,26.25,15.7039971424,10.0000488838,0,0,4.0215476873,4.02153129549,0,0,1
current_nearest,26.275,15.7039971424,10.0000488838,0,0,4.0215476873,4.02153129549,0,0,1
current_nearest,26.3,15.7039971424,10.0000488838,0,0,4.0215476873,4.02153129549,0,0,1
current_nearest,26.325,15.7039971424,10.0000488838,0,0,4.0215476873,4.02153129549,0,0,1
current_nearest,26.35,15.7039971424,10.0000488838,0,0,4.0215476873,4.02153129549,0,0,1
current_nearest,26.375,15.7039971424,10.0000488838,0,0,4.0215476873,4.02153129549,0,0,1
current_nearest,26.4,15.7039971424,10.0000488838,0,0,4.0215476873,4.02153129549,0,0,1
current_nearest,26.425,15.7039971424,10.0000488838,0,0,4.0215476873,4.02153129549,0,0,1
current_nearest,26.45,15.7039971424,10.0000488838,0,0,4.0215476873,4.02153129549,0,0,1
current_nearest,26.475,15.7039971424,10.0000488838,0,0,4.0215476873,4.02153129549,0,0,1
current_nearest,26.5,15.7039971424,10.0000488838,0,0,4.0215476873,4.02153129549,0,0,1
current_nearest,26.525,15.7039971424,10.0000488838,0,0,4.0215476873,4.02153129549,0,0,1
current_nearest,26.55,15.7039971424,10.0000488838,0,0,4.0215476873,4.02153129549,0,0,1
current_nearest,26.575,15.7039971424,10.0000488838,0,0,4.0215476873,4.02153129549,0,0,1
current_nearest,26.6,15.7039971424,10.0000488838,0,0,4.0215476873,4.02153129549,0,0,1
current_nearest,26.625,15.7039971424,10.0000488838,0,0,4.0215476873,4.02153129549,0,0,1
current_nearest,26.65,15.7039971424,10.0000488838,0,0,4.0215476873,4.02153129549,0,0,1
current_nearest,26.675,15.7039971424,10.0000488838,0,0,4.0215476873,4.02153129549,0,0,1
current_nearest,26.7,15.7039971424,10.0000488838,0,0,4.0215476873,4.02153129549,0,0,1
current_nearest,26.725,15.7039971424,10.0000488838,0,0,4.0215476873,4.02153129549,0,0,1
current_nearest,26.75,15.7039971424,10.0000488838,0,0,4.0215476873,4.02153129549,0,0,1
current_nearest,26.775,15.7039971424,10.0000488838,0,0,4.0215476873,4.02153129549,0,0,1
current_nearest,26.8,15.7039971424,10.0000488838,0,0,4.0215476873,4.02153129549,0,0,1
current_nearest,26.825,15.7039971424,10.0000488838,0,0,4.0215476873,4.02153129549,0,0,1
current_nearest,26.85,15.7039971424,10.0000488838,0,0,4.0215476873,4.02153129549,0,0,1
current_nearest,26.875,15.7039971424,10.0000488838,0,0,4.0215476873,4.02153129549,0,0,1
current_nearest,26.9,15.7039971424,10.0000488838,0,0,4.0215476873,4.02153129549,0,0,1
current_nearest,26.925,15.7039971424,10.0000488838,0,0,4.0215476873,4.02153129549,0,0,1
current_nearest,26.95,15.7039971424,10.0000488838,0,0,4.0215476873,4.02153129549,0,0,1
current_nearest,26.975,15.7039971424,10.0000488838,0,0,4.0215476873,4.02153129549,0,0,1
current_nearest,27,15.7039971424,10.0000488838,0,0,4.0215476873,4.02153129549,0,0,1
current_nearest,27.025,15.7039971424,10.0000488838,0,0,4.0215476873,4.02153129549,0,0,1
current_nearest,27.05,15.7039971424,10.0000488838,0,0,4.0215476873,4.02153129549,0,0,1
current_nearest,27.075,15.7039971424,10.0000488838,0,0,4.0215476873,4.02153129549,0,0,1
current_nearest,27.1,15.7039971424,10.0000488838,0,0,4.0215476873,4.02153129549,0,0,1
current_nearest,27.125,15.7039971424,10.0000488838,0,0,4.0215476873,4.02153129549,0,0,1
current_nearest,27.15,15.7039971424,10.0000488838,0,0,4.0215476873,4.02153129549,0,0,1
current_nearest,27.175,15.7039971424,10.0000488838,0,0,4.0215476873,4.02153129549,0,0,1
current_nearest,27.2,15.7039971424,10.0000488838,0,0,4.0215476873,4.02153129549,0,0,1
current_nearest,27.225,15.7039971424,10.0000488838,0,0,4.0215476873,4.02153129549,0,0,1
current_nearest,27.25,15.7039971424,10.0000488838,0,0,4.0215476873,4.02153129549,0,0,1
current_nearest,27.275,15.7039971424,10.0000488838,0,0,4.0215476873,4.02153129549,0,0,1
current_nearest,27.3,15.7039971424,10.0000488838,0,0,4.0215476873,4.02153129549,0,0,1
current_nearest,27.325,15.7039971424,10.0000488838,0,0,4.0215476873,4.02153129549,0,0,1
current_nearest,27.35,15.7039971424,10.0000488838,0,0,4.0215476873,4.02153129549,0,0,1
current_nearest,27.375,15.7039971424,10.0000488838,0,0,4.0215476873,4.02153129549,0,0,1
current_nearest,27.4,15.7039971424,10.0000488838,0,0,4.0215476873,4.02153129549,0,0,1
current_nearest,27.425,15.7039971424,10.0000488838,0,0,4.0215476873,4.02153129549,0,0,1
current_nearest,27.45,15.7039971424,10.0000488838,0,0,4.0215476873,4.02153129549,0,0,1
current_nearest,27.475,15.7039971424,10.0000488838,0,0,4.0215476873,4.02153129549,0,0,1
current_nearest,27.5,15.7039971424,10.0000488838,0,0,4.0215476873,4.02153129549,0,0,1
current_nearest,27.525,15.7039971424,10.0000488838,0,0,4.0215476873,4.02153129549,0,0,1
current_nearest,27.55,15.7039971424,10.0000488838,0,0,4.0215476873,4.02153129549,0,0,1
current_nearest,27.575,15.7039971424,10.0000488838,0,0,4.0215476873,4.02153129549,0,0,1
current_nearest,27.6,15.7039971424,10.0000488838,0,0,4.0215476873,4.02153129549,0,0,1
current_nearest,27.625,15.7039971424,10.0000488838,0,0,4.0215476873,4.02153129549,0,0,1
current_nearest,27.65,15.7039971424,10.0000488838,0,0,4.0215476873,4.02153129549,0,0,1
current_nearest,27.675,15.7039971424,10.0000488838,0,0,4.0215476873,4.02153129549,0,0,1
current_nearest,27.7,15.7039971424,10.0000488838,0,0,4.0215476873,4.02153129549,0,0,1
current_nearest,27.725,15.7039971424,10.0000488838,0,0,4.0215476873,4.02153129549,0,0,1
current_nearest,27.75,15.7039971424,10.0000488838,0,0,4.0215476873,4.02153129549,0,0,1
current_nearest,27.775,15.7039971424,10.0000488838,0,0,4.0215476873,4.02153129549,0,0,1
current_nearest,27.8,15.7039971424,10.0000488838,0,0,4.0215476873,4.02153129549,0,0,1
current_nearest,27.825,15.7039971424,10.0000488838,0,0,4.0215476873,4.02153129549,0,0,1
current_nearest,27.85,15.7039971424,10.0000488838,0,0,4.0215476873,4.02153129549,0,0,1
current_nearest,27.875,15.7039971424,10.0000488838,0,0,4.0215476873,4.02153129549,0,0,1
current_nearest,27.9,15.7039971424,10.0000488838,0,0,4.0215476873,4.02153129549,0,0,1
current_nearest,27.925,15.7039971424,10.0000488838,0,0,4.0215476873,4.02153129549,0,0,1
current_nearest,27.95,15.7039971424,10.0000488838,0,0,4.0215476873,4.02153129549,0,0,1
current_nearest,27.975,15.7039971424,10.0000488838,0,0,4.0215476873,4.02153129549,0,0,1
current_nearest,28,15.7039971424,10.0000488838,0,0,4.0215476873,4.02153129549,0,0,1
current_nearest,28.025,15.7039971424,10.0000488838,0,0,4.0215476873,4.02153129549,0,0,1
current_nearest,28.05,15.7039971424,10.0000488838,0,0,4.0215476873,4.02153129549,0,0,1
current_nearest,28.075,15.7039971424,10.0000488838,0,0,4.0215476873,4.02153129549,0,0,1
current_nearest,28.1,15.7039971424,10.0000488838,0,0,4.0215476873,4.02153129549,0,0,1
current_nearest,28.125,15.7039971424,10.0000488838,0,0,4.0215476873,4.02153129549,0,0,1
current_nearest,28.15,15.7039971424,10.0000488838,0,0,4.0215476873,4.02153129549,0,0,1
current_nearest,28.175,15.7039971424,10.0000488838,0,0,4.0215476873,4.02153129549,0,0,1
current_nearest,28.2,15.7039971424,10.0000488838,0,0,4.0215476873,4.02153129549,0,0,1
current_nearest,28.225,15.7039971424,10.0000488838,0,0,4.0215476873,4.02153129549,0,0,1
current_nearest,28.25,15.7039971424,10.0000488838,0,0,4.0215476873,4.02153129549,0,0,1
current_nearest,28.275,15.7039971424,10.0000488838,0,0,4.0215476873,4.02153129549,0,0,1
current_nearest,28.3,15.7039971424,10.0000488838,0,0,4.0215476873,4.02153129549,0,0,1
current_nearest,28.325,15.7039971424,10.0000488838,0,0,4.0215476873,4.02153129549,0,0,1
current_nearest,28.35,15.7039971424,10.0000488838,0,0,4.0215476873,4.02153129549,0,0,1
current_nearest,28.375,15.7039971424,10.0000488838,0,0,4.0215476873,4.02153129549,0,0,1
current_nearest,28.4,15.7039971424,10.0000488838,0,0,4.0215476873,4.02153129549,0,0,1
current_nearest,28.425,15.7039971424,10.0000488838,0,0,4.0215476873,4.02153129549,0,0,1
current_nearest,28.45,15.7039971424,10.0000488838,0,0,4.0215476873,4.02153129549,0,0,1
current_nearest,28.475,15.7039971424,10.0000488838,0,0,4.0215476873,4.02153129549,0,0,1
current_nearest,28.5,15.7039971424,10.0000488838,0,0,4.0215476873,4.02153129549,0,0,1
current_nearest,28.525,15.7039971424,10.0000488838,0,0,4.0215476873,4.02153129549,0,0,1
current_nearest,28.55,15.7039971424,10.0000488838,0,0,4.0215476873,4.02153129549,0,0,1
current_nearest,28.575,15.7039971424,10.0000488838,0,0,4.0215476873,4.02153129549,0,0,1
current_nearest,28.6,15.7039971424,10.0000488838,0,0,4.0215476873,4.02153129549,0,0,1
current_nearest,28.625,15.7039971424,10.0000488838,0,0,4.0215476873,4.02153129549,0,0,1
current_nearest,28.65,15.7039971424,10.0000488838,0,0,4.0215476873,4.02153129549,0,0,1
current_nearest,28.675,15.7039971424,10.0000488838,0,0,4.0215476873,4.02153129549,0,0,1
current_nearest,28.7,15.7039971424,10.0000488838,0,0,4.0215476873,4.02153129549,0,0,1
current_nearest,28.725,15.7039971424,10.0000488838,0,0,4.0215476873,4.02153129549,0,0,1
current_nearest,28.75,15.7039971424,10.0000488838,0,0,4.0215476873,4.02153129549,0,0,1
current_nearest,28.775,15.7039971424,10.0000488838,0,0,4.0215476873,4.02153129549,0,0,1
current_nearest,28.8,15.7039971424,10.0000488838,0,0,4.0215476873,4.02153129549,0,0,1
current_nearest,28.825,15.7039971424,10.0000488838,0,0,4.0215476873,4.02153129549,0,0,1
current_nearest,28.85,15.7039971424,10.0000488838,0,0,4.0215476873,4.02153129549,0,0,1
current_nearest,28.875,15.7039971424,10.0000488838,0,0,4.0215476873,4.02153129549,0,0,1
current_nearest,28.9,15.7039971424,10.0000488838,0,0,4.0215476873,4.02153129549,0,0,1
current_nearest,28.925,15.7039971424,10.0000488838,0,0,4.0215476873,4.02153129549,0,0,1
current_nearest,28.95,15.7039971424,10.0000488838,0,0,4.0215476873,4.02153129549,0,0,1
current_nearest,28.975,15.7039971424,10.0000488838,0,0,4.0215476873,4.02153129549,0,0,1
current_nearest,29,15.7039971424,10.0000488838,0,0,4.0215476873,4.02153129549,0,0,1
current_nearest,29.025,15.7039971424,10.0000488838,0,0,4.0215476873,4.02153129549,0,0,1
current_nearest,29.05,15.7039971424,10.0000488838,0,0,4.0215476873,4.02153129549,0,0,1
current_nearest,29.075,15.7039971424,10.0000488838,0,0,4.0215476873,4.02153129549,0,0,1
current_nearest,29.1,15.7039971424,10.0000488838,0,0,4.0215476873,4.02153129549,0,0,1
current_nearest,29.125,15.7039971424,10.0000488838,0,0,4.0215476873,4.02153129549,0,0,1
current_nearest,29.15,15.7039971424,10.0000488838,0,0,4.0215476873,4.02153129549,0,0,1
current_nearest,29.175,15.7039971424,10.0000488838,0,0,4.0215476873,4.02153129549,0,0,1
current_nearest,29.2,15.7039971424,10.0000488838,0,0,4.0215476873,4.02153129549,0,0,1
current_nearest,29.225,15.7039971424,10.0000488838,0,0,4.0215476873,4.02153129549,0,0,1
current_nearest,29.25,15.7039971424,10.0000488838,0,0,4.0215476873,4.02153129549,0,0,1
current_nearest,29.275,15.7039971424,10.0000488838,0,0,4.0215476873,4.02153129549,0,0,1
current_nearest,29.3,15.7039971424,10.0000488838,0,0,4.0215476873,4.02153129549,0,0,1
current_nearest,29.325,15.7039971424,10.0000488838,0,0,4.0215476873,4.02153129549,0,0,1
current_nearest,29.35,15.7039971424,10.0000488838,0,0,4.0215476873,4.02153129549,0,0,1
current_nearest,29.375,15.7039971424,10.0000488838,0,0,4.0215476873,4.02153129549,0,0,1
current_nearest,29.4,15.7039971424,10.0000488838,0,0,4.0215476873,4.02153129549,0,0,1
current_nearest,29.425,15.7039971424,10.0000488838,0,0,4.0215476873,4.02153129549,0,0,1
current_nearest,29.45,15.7039971424,10.0000488838,0,0,4.0215476873,4.02153129549,0,0,1
current_nearest,29.475,15.7039971424,10.0000488838,0,0,4.0215476873,4.02153129549,0,0,1
current_nearest,29.5,15.7039971424,10.0000488838,0,0,4.0215476873,4.02153129549,0,0,1
current_nearest,29.525,15.7039971424,10.0000488838,0,0,4.0215476873,4.02153129549,0,0,1
current_nearest,29.55,15.7039971424,10.0000488838,0,0,4.0215476873,4.02153129549,0,0,1
current_nearest,29.575,15.7039971424,10.0000488838,0,0,4.0215476873,4.02153129549,0,0,1
current_nearest,29.6,15.7039971424,10.0000488838,0,0,4.0215476873,4.02153129549,0,0,1
current_nearest,29.625,15.7039971424,10.0000488838,0,0,4.0215476873,4.02153129549,0,0,1
current_nearest,29.65,15.7039971424,10.0000488838,0,0,4.0215476873,4.02153129549,0,0,1
current_nearest,29.675,15.7039971424,10.0000488838,0,0,4.0215476873,4.02153129549,0,0,1
current_nearest,29.7,15.7039971424,10.0000488838,0,0,4.0215476873,4.02153129549,0,0,1
current_nearest,29.725,15.7039971424,10.0000488838,0,0,4.0215476873,4.02153129549,0,0,1
current_nearest,29.75,15.7039971424,10.0000488838,0,0,4.0215476873,4.02153129549,0,0,1
current_nearest,29.775,15.7039971424,10.0000488838,0,0,4.0215476873,4.02153129549,0,0,1
current_nearest,29.8,15.7039971424,10.0000488838,0,0,4.0215476873,4.02153129549,0,0,1
current_nearest,29.825,15.7039971424,10.0000488838,0,0,4.0215476873,4.02153129549,0,0,1
current_nearest,29.85,15.7039971424,10.0000488838,0,0,4.0215476873,4.02153129549,0,0,1
current_nearest,29.875,15.7039971424,10.0000488838,0,0,4.0215476873,4.02153129549,0,0,1
current_nearest,29.9,15.7039971424,10.0000488838,0,0,4.0215476873,4.02153129549,0,0,1
current_nearest,29.925,15.7039971424,10.0000488838,0,0,4.0215476873,4.02153129549,0,0,1
current_nearest,29.95,15.7039971424,10.0000488838,0,0,4.0215476873,4.02153129549,0,0,1
current_nearest,29.975,15.7039971424,10.0000488838,0,0,4.0215476873,4.02153129549,0,0,1
current_nearest,30,15.7039971424,10.0000488838,0,0,4.0215476873,4.02153129549,0,0,1
current_both,0,10,10,0,0,0.530624847487,0.530624847487,1.29000856147,1.29000856147,0
current_both,0.025,10.0012408407,10,0.0496336275218,0,0.529656148467,0.529656148467,1.35381787466,1.35381787466,0
current_both,0.05,10.003669892,10,0.0971620531503,0,0.527761199941,0.527761199941,1.42186196279,1.42186196279,0
current_both,0.075,10.0071302491,10,0.138414282139,0,0.525064838473,0.525064838473,1.4918345054,1.4918345054,0
current_both,0.1,10.0114769821,10,0.173869321018,0,0.521683041063,0.521683041063,1.56101182264,1.56101182264,0
current_both,0.125,10.0165782481,10,0.204050641559,0,0.51772171317,0.51772171317,1.62804450028,1.62804450028,0
current_both,0.15,10.0223153246,10,0.229483059413,0,0.513276424411,0.513276424411,1.69248400124,1.69248400124,0
current_both,0.175,10.0285819373,10,0.250664506904,0,0.508432776335,0.508432776335,1.75438623612,1.75438623612,0
current_both,0.2,10.0352832242,10,0.268051475426,0,0.503267113409,0.503267113409,1.81404208475,1.81404208475,0
current_both,0.225,10.0423345763,10,0.28205408524,0,0.49784737197,0.49784737197,1.87181605396,1.87181605396,0
current_both,0.25,10.0496604991,10,0.293036911716,0,0.492233942125,0.492233942125,1.92805933637,1.92805933637,0
current_both,0.275,10.0571935681,10,0.301322761825,0,0.486480476167,0.486480476167,1.98306860049,1.98306860049,0
current_both,0.3,10.064873509,10,0.307197635985,0,0.480634614368,0.480634614368,2.03707084602,2.03707084602,0
current_both,0.325,10.0726464058,10,0.310915871523,0,0.474738620527,0.474738620527,2.09022219338,2.09022219338,0
current_both,0.35,10.0804640296,10,0.312704951006,0,0.468829931057,0.468829931057,2.14261360122,2.14261360122,0
current_both,0.375,10.0882832733,10,0.312769745575,0,0.462941626722,0.462941626722,2.19427965627,2.19427965627,0
current_both,0.4,10.0960656763,10,0.311296122008,0,0.457102838023,0.457102838023,2.24520840133,2.24520840133,0
current_both,0.425,10.1037770244,10,0.308453924461,0,0.451339095332,0.451339095332,2.29535116956,2.29535116956,0
current_both,0.45,10.1113870089,10,0.304399381091,0,0.445672634078,0.445672634078,2.34463192044,2.34463192044,0
current_both,0.475,10.118868934,10,0.299277002004,0,0.440122664052,0.440122664052,2.39295583455,2.39295583455,0
current_both,0.5,10.12619946,10,0.29322103956,0,0.434705610581,0.434705610581,2.44021704563,2.44021704563,0
current_both,0.525,10.1333583745,10,0.286356581152,0,0.429435333979,0.429435333979,2.48630544037,2.48630544037,0
current_both,0.55,10.140328383,10,0.278800341222,0,0.424323332397,0.424323332397,2.53111247958,2.53111247958,0
current_both,0.575,10.1470949134,10,0.270661214892,0,0.419378932054,0.419378932054,2.5745360102,2.5745360102,0
current_both,0.6,10.1536459297,10,0.262040650687,0,0.414609467741,0.414609467741,2.61648405574,2.61648405574,0
current_both,0.625,10.159971752,10,0.253032894356,0,0.410020455586,0.410020455586,2.65687759771,2.65687759771,0
current_both,0.65,10.1660648808,10,0.243725149863,0,0.405615759266,0.405615759266,2.69565239032,2.69565239032,0
current_both,0.675,10.1719198232,10,0.234197697007,0,0.401397750213,0.401397750213,2.73275988293,2.73275988293,0
current_both,0.7,10.1775329232,10,0.224523998038,0,0.39736746184,0.39736746184,2.76816735484,2.76816735484,0
current_both,0.725,10.1829021936,10,0.214770818216,0,0.393524737468,0.393524737468,2.80185739087,2.80185739087,0
current_both,0.75,10.1880271531,10,0.204998377808,0,0.389868371422,0.389868371422,2.83382684146,2.83382684146,0
current_both,0.775,10.1929086667,10,0.195260545982,0,0.386396242635,0.386396242635,2.8640854154,2.8640854154,0
current_both,0.8,10.1975487937,10,0.185605080707,0,0.383105440129,0.383105440129,2.89265404776,2.89265404776,0
current_both,0.825,10.2019506416,10,0.176073913463,0,0.379992379842,0.379992379842,2.91956317077,2.91956317077,0
current_both,0.85,10.2061182284,10,0.16670347347,0,0.377052912369,0.377052912369,2.94485099488,2.94485099488,0
current_both,0.875,10.2100563545,10,0.157525043375,0,0.37428242141,0.37428242141,2.96856188236,2.96856188236,0
current_both,0.9,10.2137704829,10,0.148565136738,0,0.371675912889,0.371675912889,2.99074487128,2.99074487128,0
current_both,0.925,10.2172666301,10,0.139845887244,0,0.369228094885,0.369228094885,3.01145238386,3.01145238386,0
current_both,0.95,10.2205512661,10,0.131385439926,0,0.366933448692,0.366933448692,3.03073913337,3.03073913337,0
current_both,0.975,10.2236312245,10,0.123198335798,0,0.364786291451,0.364786291451,3.04866122764,3.04866122764,0
current_both,1,10.2265136215,10,0.115295882686,0,0.362780830917,0.362780830917,3.0652754558,3.0652754558,0
current_both,1.025,10.2292057842,10,0.107686506725,0,0.360911212965,0.360911212965,3.08063873755,3.08063873755,0
current_both,1.05,10.2317151862,10,0.100376080605,0,0.359171562507,0.359171562507,3.09480771043,3.09480771043,0
current_both,1.075,10.2340493919,10,0.0933682261861,0,0.357556018482,0.357556018482,3.10783842963,3.10783842963,0
current_both,1.1,10.2362160066,10,0.0866645904279,0,0.356058763588,0.356058763588,3.11978615607,3.11978615607,0
current_both,1.125,10.238222634,10,0.0802650946823,0,0.354674049363,0.354674049363,3.13070521072,3.13070521072,0
current_both,1.15,10.240076838,10,0.074168158218,0,0.35339621723,0.35339621723,3.14064887646,3.14064887646,0
current_both,1.175,10.2417861104,10,0.0683708974679,0,0.352219716018,0.352219716018,3.14966933208,3.14966933208,0
current_both,1.2,10.243357843,10,0.0628693028756,0,0.351139116456,0.351139116456,3.15781760635,3.15781760635,0
current_both,1.225,10.2447993029,10,0.0576583954285,0,0.350149123056,0.350149123056,3.16514354324,3.16514354324,0
current_both,1.25,10.246117612,10,0.0527323650438,0,0.349244583775,0.349244583775,3.17169577197,3.17169577197,0
current_both,1.275,10.2473197293,10,0.0480846929301,0,0.348420497755,0.348420497755,3.17752167774,3.17752167774,0
current_both,1.3,10.2484124358,10,0.0437082599416,0,0.347672021439,0.347672021439,3.1826673709,3.1826673709,0
current_both,1.325,10.2494023219,10,0.0395954427759,0,0.346994473279,0.346994473279,3.1871776534,3.1871776534,0
current_both,1.35,10.2502957769,10,0.0357381996761,0,0.346383337242,0.346383337242,3.19109598275,3.19109598275,0
current_both,1.375,10.2510989805,10,0.0321281470965,0,0.34583426527,0.34583426527,3.19446443392,3.19446443392,0
current_both,1.4,10.2518178963,10,0.0287566285908,0,0.345343078837,0.345343078837,3.19732366045,3.19732366045,0
current_both,1.425,10.2524582657,10,0.0256147769857,0,0.344905769709,0.344905769709,3.19971285588,3.19971285588,0
current_both,1.45,10.253025605,10,0.0226935707331,0,0.344518500006,0.344518500006,3.20166971706,3.20166971706,0
current_both,1.475,10.2535252021,10,0.0199838851693,0,0.344177601638,0.344177601638,3.20323041042,3.20323041042,0
current_both,1.5,10.2539621156,10,0.0174765392775,0,0.343879575188,0.343879575188,3.20442954266,3.20442954266,0
current_both,1.525,10.254341174,10,0.0151623384301,0,0.34362108829,0.34362108829,3.20530013654,3.20530013654,0
current_both,1.55,10.2546669769,10,0.0130321134877,0,0.343398973559,0.343398973559,3.20587361294,3.20587361294,0
current_both,1.575,10.2549438958,10,0.0110767565566,0,0.343210226096,0.343210226096,3.20617977946,3.20617977946,0
current_both,1.6,10.2551760771,10,0.00928725363647,0,0.343052000638,0.343052000638,3.20624682618,3.20624682618,0
current_both,1.625,10.255367445,10,0.00765471434584,0,0.342921608351,0.342921608351,3.20610132868,3.20610132868,0
current_both,1.65,10.2555217049,10,0.00617039887199,0,0.342816513329,0.342816513329,3.2057682583,3.2057682583,0
current_both,1.675,10.2556423485,10,0.00482574226638,0,0.342734328801,0.342734328801,3.20527099959,3.20527099959,0
current_both,1.7,10.2557326579,10,0.00361237618804,0,0.342672813107,0.342672813107,3.20463137456,3.20463137456,0
current_both,1.725,10.2557957116,10,0.00252214818526,0,0.34262986544,0.34262986544,3.20386967342,3.20386967342,0
current_both,1.75,10.2558343901,10,0.00154713859992,0,0.342603521406,0.342603521406,3.2030046912,3.2030046912,0
current_both,1.775,10.255851382,10,0.000679675176473,0,0.342591948411,0.342591948411,3.20205376985,3.20205376985,0
current_both,1.8,10.2558491906,10,-8.76545414788e-05,0,0.342593440919,0.342593440919,3.20108538774,3.20108538774,0
current_both,1.825,10.2554267776,10,-0.0168965192651,0,0.342881184528,0.342881184528,3.18491402521,3.18491402521,0
current_both,1.85,10.2546570516,10,-0.0307890391682,0,0.343405739275,0.343405739275,3.16723161003,3.16723161003,0
current_both,1.875,10.2536026455,10,-0.0421762466104,0,0.344124769325,0.344124769325,3.14840873188,3.14840873188,0
current_both,1.9,10.2523174664,10,-0.0514071640343,0,0.34500190461,0.34500190461,3.12875472196,3.12875472196,0
current_both,1.925,10.2508479854,10,-0.0587792402749,0,0.346005812502,0.346005812502,3.10853611668,3.10853611668,0
current_both,1.95,10.2492342998,10,-0.0645474230414,0,0.347109446053,0.347109446053,3.08798581596,3.08798581596,0
current_both,1.975,10.2475110088,10,-0.0689316406372,0,0.348289434495,0.348289434495,3.06730772117,3.06730772117,0
current_both,2,10.2457079386,10,-0.0721228079255,0,0.349525585848,0.349525585848,3.04667933476,3.04667933476,0
current_both,2.025,10.2438507489,10,-0.0742875868411,0,0.350800476898,0.350800476898,3.0262535538,3.0262535538,0
current_both,2.05,10.2419614453,10,-0.0755721455458,0,0.352099111002,0.352099111002,3.00616023235,3.00616023235,0
current_both,2.075,10.2400588169,10,-0.0761051342087,0,0.353408628642,0.353408628642,2.98650775276,2.98650775276,0
current_both,2.1,10.2381588155,10,-0.0760000577564,0,0.354718059261,0.354718059261,2.9673846806,2.9673846806,0
current_both,2.125,10.2362748857,10,-0.0753571888386,0,0.356018105706,0.356018105706,2.94886150191,2.94886150191,0
current_both,2.15,10.2344182574,10,-0.0742651320419,0,0.357300954818,0.357300954818,2.9309924094,2.9309924094,0
current_both,2.175,10.2325982043,10,-0.0728021240379,0,0.358560109324,0.358560109324,2.91381709564,2.91381709564,0
current_both,2.2,10.230822276,10,-0.0710371334767,0,0.35979023743,0.35979023743,2.89736251239,2.89736251239,0
current_both,2.225,10.2290965058,10,-0.0690308082022,0,0.360987037446,0.360987037446,2.88164456139,2.88164456139,0
current_both,2.25,10.2274255982,10,-0.0668363049022,0,0.362147115428,0.362147115428,2.86666968975,2.86666968975,0
current_both,2.275,10.2258130975,10,-0.064500026829,0,0.363267874322,0.363267874322,2.85243637045,2.85243637045,0
current_both,2.3,10.2242615403,10,-0.0620622880927,0,0.364347413447,0.364347413447,2.83893645593,2.83893645593,0
current_both,2.325,10.2227725924,10,-0.0595579177241,0,0.365384437398,0.365384437398,2.82615639848,2.82615639848,0
current_both,2.35,10.221347172,10,-0.0570168128166,0,0.366378173601,0.366378173601,2.81407833642,2.81407833642,0
current_both,2.375,10.2199855609,10,-0.0544644472603,0,0.367328297893,0.367328297893,2.80268104899,2.80268104899,0
current_both,2.4,10.2186875023,10,-0.0519223406215,0,0.368234867547,0.368234867547,2.79194078587,2.79194078587,0
current_both,2.425,10.2174522901,10,-0.0494084903929,0,0.369098261235,0.369098261235,2.78183197937,2.78183197937,0
current_both,2.45,10.2162788458,10,-0.04693776998,0,0.369919125424,0.369919125424,2.77232784878,2.77232784878,0
current_both,2.475,10.2151657885,10,-0.0445222942652,0,0.37069832675,0.37069832675,2.76340090712,2.76340090712,0
current_both,2.5,10.2141114946,10,-0.0421717543101,0,0.371436909903,0.371436909903,2.75502338063,2.75502338063,0
current_both,2.525,10.2131141516,10,-0.039893722627,0,0.372136060595,0.372136060595,2.74716755136,2.74716755136,0
current_both,2.55,10.2121718033,10,-0.0376939304268,0,0.372797073175,0.372797073175,2.73980603275,2.73980603275,0
current_both,2.575,10.2112823903,10,-0.0355765182751,0,0.373421322478,0.373421322478,2.73291198732,2.73291198732,0
current_both,2.6,10.2104437838,10,-0.033544261642,0,0.374010239522,0.374010239522,2.7264592949,2.7264592949,0
current_both,2.625,10.2096538145,10,-0.0315987728822,0,0.37456529067,0.37456529067,2.72042267925,2.72042267925,0
current_both,2.65,10.2089102974,10,-0.0297406812253,0,0.375087959893,0.375087959893,2.7147777995,2.7147777995,0
current_both,2.675,10.2082110526,10,-0.0279697923792,0,0.375579733815,0.375579733815,2.70950131266,2.70950131266,0
current_both,2.7,10.2075539219,10,-0.0262852293512,0,0.376042089223,0.376042089223,2.70457091231,2.70457091231,0
current_both,2.725,10.206936783,10,-0.0246855560718,0,0.37647648274,0.37647648274,2.69996534782,2.69996534782,0
current_both,2.75,10.2063575609,10,-0.0231688853652,0,0.376884342425,0.376884342425,2.69566442804,2.69566442804,0
current_both,2.775,10.2058142365,10,-0.0217329727542,0,0.377267061028,0.377267061028,2.69164901269,2.69164901269,0
current_both,2.8,10.2053048541,10,-0.0203752975151,0,0.377625990703,0.377625990703,2.68790099403,2.68790099403,0
current_both,2.825,10.2048275258,10,-0.019093132319,0,0.377962438972,0.377962438972,2.68440327117,2.68440327117,0
current_both,2.85,10.2043804357,10,-0.0178836027034,0,0.378277665759,0.378277665759,2.68113971892,2.68113971892,0
current_both,2.875,10.2039618423,10,-0.0167437375312,0,0.378572881355,0.378572881355,2.67809515258,2.67809515258,0
current_both,2.9,10.2035700795,10,-0.0156705114974,0,0.378849245144,0.378849245144,2.67525529006,2.67525529006,0
current_both,2.925,10.2032035575,10,-0.0146608806505,0,0.379107864999,0.379107864999,2.6726067123,2.6726067123,0
current_both,2.95,10.2028607622,10,-0.0137118118093,0,0.379349797208,0.379349797208,2.67013682273,2.67013682273,0
current_both,2.975,10.2025402545,10,-0.0128203066642,0,0.379576046866,0.379576046866,2.66783380657,2.66783380657,0
current_both,3,10.202240669,10,-0.0119834212759,0,0.37978756862,0.37978756862,2.66568659033,2.66568659033,0
current_both,3.025,10.201960712,10,-0.0111982816016,0,0.379985267721,0.379985267721,2.66368480198,2.66368480198,0
current_both,3.05,10.2016991596,10,-0.0104620956152,0,0.380170001302,0.380170001302,2.66181873208,2.66181873208,0
current_both,3.075,10.2014548555,10,-0.00977216251547,0,0.380342579842,0.380342579842,2.66007929609,2.66007929609,0
current_both,3.1,10.2012267085,10,-0.00912587946259,0,0.380503768765,0.380503768765,2.65845799804,2.65845799804,0
current_both,3.125,10.2010136899,10,-0.00852074622595,0,0.380654290132,0.380654290132,2.65694689561,2.65694689561,0
current_both,3.15,10.2008148307,10,-0.00795436807949,0,0.380794824404,0.380794824404,2.65553856672,2.65553856672,0
current_both,3.175,10.2006292192,10,-0.00742445723623,0,0.380926012238,0.380926012238,2.65422607777,2.65422607777,0
current_both,3.2,10.2004559984,10,-0.00692883307555,0,0.3810484563,0.3810484563,2.65300295332,2.65300295332,0
current_both,3.225,10.2002943629,10,-0.00646542138172,0,0.381162723072,0.381162723072,2.65186314743,2.65186314743,0
current_both,3.25,10.2001435565,10,-0.00603225278217,0,0.381269344647,0.381269344647,2.65080101649,2.65080101649,0
current_both,3.275,10.20000287,10,-0.0056274605467,0,0.381368820483,0.381368820483,2.64981129354,2.64981129354,0
current_both,3.3,10.1998716381,10,-0.0052492778855,0,0.381461619121,0.381461619121,2.64888906406,2.64888906406,0
current_both,3.325,10.1997492372,10,-0.00489603486291,0,0.38154817986,0.38154817986,2.6480297432,2.6480297432,0
current_both,3.35,10.1996350833,10,-0.00456615502622,0,0.381628914365,0.381628914365,2.64722905429,2.64722905429,0
current_both,3.375,10.1995286295,10,-0.00425815183264,0,0.38170420823,0.38170420823,2.64648300865,2.64648300865,0
current_both,3.4,10.1994293639,10,-0.00397062494426,0,0.381774422471,0.381774422471,2.64578788671,2.64578788671,0
current_both,3.425,10.1993368075,10,-0.0037022564492,0,0.381839894957,0.381839894957,2.64514022021,2.64514022021,0
current_both,3.45,10.1992505123,10,-0.00345180705652,0,0.381900941782,0.381900941782,2.64453677554,2.64453677554,0
current_both,3.475,10.1991700595,10,-0.0032181123044,0,0.381957858565,0.381957858565,2.64397453813,2.64397453813,0
current_both,3.5,10.1990950576,10,-0.00300007881304,0,0.382010921696,0.382010921696,2.64345069786,2.64345069786,0
current_both,3.525,10.1990251405,10,-0.00279668060782,0,0.382060389508,0.382060389508,2.64296263537,2.64296263537,0
current_both,3.55,10.1989599666,10,-0.00260695553265,0,0.382106503397,0.382106503397,2.64250790927,2.64250790927,0
current_both,3.575,10.1988992166,10,-0.00243000176885,0,0.382149488875,0.382149488875,2.64208424418,2.64208424418,0
current_both,3.6,10.1988425922,10,-0.00226497447106,0,0.38218955657,0.38218955657,2.64168951956,2.64168951956,0
current_both,3.625,10.1987898152,10,-0.00211108252855,0,0.38222690317,0.38222690317,2.64132175923,2.64132175923,0
current_both,3.65,10.1987406255,10,-0.00196758545744,0,0.382261712307,0.382261712307,2.64097912167,2.64097912167,0
current_both,3.675,10.1986947808,10,-0.00183379042702,0,0.382294155398,0.382294155398,2.64065989088,2.64065989088,0
current_both,3.7,10.1986520545,10,-0.0017090494219,0,0.382324392427,0.382324392427,2.64036246788,2.64036246788,0
current_both,3.725,10.1986122356,10,-0.00159275653962,0,0.382352572691,0.382352572691,2.64008536275,2.64008536275,0
current_both,3.75,10.198575127,10,-0.00148434542272,0,0.382378835491,0.382378835491,2.63982718728,2.63982718728,0
current_both,3.775,10.1985405448,10,-0.00138328682274,0,0.38240331079,0.38240331079,2.63958664801,2.63958664801,0
current_both,3.8,10.1985083177,10,-0.00128908629331,0,0.382426119818,0.382426119818,2.63936253979,2.63936253979,0
current_both,3.825,10.1984782856,10,-0.00120128200858,0,0.382447375654,0.382447375654,2.6391537398,2.6391537398,0
current_both,3.85,10.1984502996,10,-0.00111944270287,0,0.382467183759,0.382467183759,2.63895920192,2.63895920192,0
current_both,3.875,10.1984242204,10,-0.00104316572723,0,0.382485642483,0.382485642483,2.63877795148,2.63877795148,0
current_both,3.9,10.1983999185,10,-0.000972075218128,0,0.382502843536,0.382502843536,2.63860908045,2.63860908045,0
current_both,3.925,10.198377273,10,-0.000905820373547,0,0.382518872432,0.382518872432,2.63845174284,2.63845174284,0
current_both,3.95,10.1983561712,10,-0.000844073831664,0,0.382533808899,0.382533808899,2.63830515046,2.63830515046,0
current_both,3.975,10.1983365079,10,-0.000786530147174,0,0.382547727267,0.382547727267,2.63816856904,2.63816856904,0
current_both,4,10.1983181853,10,-0.000732904360476,0,0.382560696831,0.382560696831,2.63804131448,2.63804131448,0
current_both,4.025,10.198301112,10,-0.000682930654966,0,0.382572782187,0.382572782187,2.63792274944,2.63792274944,0
current_both,4.05,10.198285203,10,-0.000636361097771,0,0.38258404355,0.38258404355,2.63781228016,2.63781228016,0
current_both,4.075,10.1982703789,10,-0.000592964459422,0,0.382594537044,0.382594537044,2.63770935348,2.63770935348,0
current_both,4.1,10.1982565658,10,-0.000552525108066,0,0.382604314984,0.382604314984,2.63761345406,2.63761345406,0
current_both,4.125,10.1982436947,10,-0.000514841974019,0,0.382613426128,0.382613426128,2.63752410177,2.63752410177,0
current_both,4.15,10.1982317015,10,-0.00047972758059,0,0.382621915919,0.382621915919,2.63744084932,2.63744084932,0
current_both,4.175,10.1982205264,10,-0.000447007137297,0,0.38262982671,0.38262982671,2.63736328001,2.63736328001,0
current_both,4.2,10.1982101134,10,-0.000416517691771,0,0.382637197971,0.382637197971,2.63729100561,2.63729100561,0
current_both,4.225,10.1982004107,10,-0.000388107336804,0,0.382644066487,0.382644066487,2.63722366444,2.63722366444,0
current_both,4.25,10.1981913699,10,-0.000361634469194,0,0.382650466538,0.382650466538,2.63716091953,2.63716091953,0
current_both,4.275,10.1981829457,10,-0.000336967097184,0,0.382656430069,0.382656430069,2.63710245696,2.63710245696,0
current_both,4.3,10.1981750961,10,-0.000313982193489,0,0.382661986848,0.382661986848,2.63704798427,2.63704798427,0
current_both,4.325,10.198167782,10,-0.000292565091035,0,0.382667164618,0.382667164618,2.63699722896,2.63699722896,0
current_both,4.35,10.1981609668,10,-0.000272608918739,0,0.382671989228,0.382671989228,2.6369499372,2.6369499372,0
current_both,4.375,10.1981546164,10,-0.000254014074745,0,0.382676484766,0.382676484766,2.63690587246,2.63690587246,0
current_both,4.4,10.1981486992,10,-0.000236687734761,0,0.382680673678,0.382680673678,2.63686481442,2.63686481442,0
current_both,4.425,10.1981431857,10,-0.000220543393193,0,0.382684576882,0.382684576882,2.63682655777,2.63682655777,0
current_both,4.45,10.1981380481,10,-0.000205500434989,0,0.382688213865,0.382688213865,2.63679091127,2.63679091127,0
current_both,4.475,10.1981332611,10,-0.000191483736167,0,0.382691602788,0.382691602788,2.63675769672,2.63675769672,0
current_both,4.5,10.1981288005,10,-0.000178423291175,0,0.382694760574,0.382694760574,2.6367267481,2.6367267481,0
current_both,4.525,10.1981246441,10,-0.000166253865305,0,0.38269770299,0.38269770299,2.63669791074,2.63669791074,0
current_both,4.55,10.1981207713,10,-0.000154914670515,0,0.382700444728,0.382700444728,2.63667104053,2.63667104053,0
current_both,4.575,10.1981171625,10,-0.000144349063129,0,0.382702999477,0.382702999477,2.63664600321,2.63664600321,0
current_both,4.6,10.1981137999,10,-0.000134504261934,0,0.382705379995,0.382705379995,2.63662267367,2.63662267367,0
current_both,4.625,10.1981106666,10,-0.000125331085347,0,0.382707598166,0.382707598166,2.63660093537,2.63660093537,0
current_both,4.65,10.1981077471,10,-0.000116783706366,0,0.382709665065,0.382709665065,2.63658067972,2.63658067972,0
current_both,4.675,10.1981050266,10,-0.00010881942412,0,0.382711591011,0.382711591011,2.63656180555,2.63656180555,0
current_both,4.7,10.1981024916,10,-0.000101398450906,0,0.38271338562,0.38271338562,2.63654421858,2.63654421858,0
current_both,4.725,10.1981001295,10,-9.4483713684e-05,0,0.382715057851,0.382715057851,2.636527831,2.636527831,0
current_both,4.75,10.1980979285,10,-8.80406690387e-05,0,0.38271661605,0.38271661605,2.63651256095,2.63651256095,0
current_both,4.775,10.1980958776,10,-8.20371307232e-05,0,0.382718067998,0.382718067998,2.63649833221,2.63649833221,0
current_both,4.8,10.1980939665,10,-7.64431089226e-05,0,0.38271942094,0.38271942094,2.63648507373,2.63648507373,0
current_both,4.825,10.1980921857,10,-7.12306604517e-05,0,0.38272068163,0.38272068163,2.63647271931,2.63647271931,0
current_both,4.85,10.1980905264,10,-6.63737491472e-05,0,0.38272185636,0.38272185636,2.6364612073,2.6364612073,0
current_both,4.875,10.1980889802,10,-6.18481157648e-05,0,0.382722950994,0.382722950994,2.63645048021,2.63645048021,0
current_both,4.9,10.1980875394,10,-5.7631156738e-05,0,0.382723970993,0.382723970993,2.63644048452,2.63644048452,0
current_both,4.925,10.1980861969,10,-5.37018111955e-05,0,0.382724921449,0.382724921449,2.63643117033,2.63643117033,0
current_both,4.95,10.1980849458,10,-5.0040455681e-05,0,0.382725807105,0.382725807105,2.63642249116,2.63642249116,0
current_both,4.975,10.1980837801,10,-4.6628806049e-05,0,0.382726632378,0.382726632378,2.63641440371,2.63641440371,0
current_both,5,10.1980826939,10,-4.3449826051e-05,0,0.382727401389,0.382727401389,2.63640686761,2.63640686761,0
current_both,5.025,10.1980816817,10,-4.0487642156e-05,0,0.382728117972,0.382728117972,2.63639984527,2.63639984527,0
current_both,5.05,10.1980807385,10,-3.7727464182e-05,0,0.382728785704,0.382728785704,2.63639330164,2.63639330164,0
current_both,5.075,10.1980798596,10,-3.51555113435e-05,0,0.382729407916,0.382729407916,2.6363872041,2.6363872041,0
current_both,5.1,10.1980790406,10,-3.2758943344e-05,0,0.382729987712,0.382729987712,2.6363815222,2.6363815222,0
current_both,5.125,10.1980782775,10,-3.05257961725e-05,0,0.382730527983,0.382730527983,2.63637622763,2.63637622763,0
current_both,5.15,10.1980775664,10,-2.84449222832e-05,0,0.382731031426,0.382731031426,2.63637129395,2.63637129395,0
current_both,5.175,10.1980769037,10,-2.65059348562e-05,0,0.382731500551,0.382731500551,2.63636669657,2.63636669657,0
current_both,5.2,10.1980762862,10,-2.4699155866e-05,0,0.382731937699,0.382731937699,2.63636241256,2.63636241256,0
current_both,5.225,10.1980757109,10,-2.30155676943e-05,0,0.382732345049,0.382732345049,2.63635842055,2.63635842055,0
current_both,5.25,10.1980751747,10,-2.14467680464e-05,0,0.382732724633,0.382732724633,2.63635470063,2.63635470063,0
current_both,5.275,10.1980746751,10,-1.99849279466e-05,0,0.382733078344,0.382733078344,2.63635123426,2.63635123426,0
current_both,5.3,10.1980742095,10,-1.8622752602e-05,0,0.382733407947,0.382733407947,2.63634800414,2.63634800414,0
current_both,5.325,10.1980737757,10,-1.73534449367e-05,0,0.382733715084,0.382733715084,2.63634499418,2.63634499418,0
current_both,5.35,10.1980733714,10,-1.61706716192e-05,0,0.382734001287,0.382734001287,2.63634218935,2.63634218935,0
current_both,5.375,10.1980729947,10,-1.50685314068e-05,0,0.382734267984,0.382734267984,2.63633957569,2.63633957569,0
current_both,5.4,10.1980726436,10,-1.40415256537e-05,0,0.382734516504,0.382734516504,2.63633714015,2.63633714015,0
current_both,5.425,10.1980723165,10,-1.30845308314e-05,0,0.382734748086,0.382734748086,2.6363348706,2.6363348706,0
current_both,5.45,10.1980720117,10,-1.21927729263e-05,0,0.382734963885,0.382734963885,2.63633275572,2.63633275572,0
current_both,5.475,10.1980717277,10,-1.13618035863e-05,0,0.382735164977,0.382735164977,2.63633078497,2.63633078497,0
current_both,5.5,10.198071463,10,-1.05874778947e-05,0,0.382735352364,0.382735352364,2.63632894852,2.63632894852,0
current_both,5.525,10.1980712163,10,-9.86593366219e-06,0,0.38273552698,0.38273552698,2.63632723722,2.63632723722,0
current_both,5.55,10.1980709865,10,-9.19357213398e-06,0,0.382735689697,0.382735689697,2.63632564254,2.63632564254,0
current_both,5.575,10.1980707723,10,-8.5670400118e-06,0,0.382735841324,0.382735841324,2.63632415653,2.63632415653,0
current_both,5.6,10.1980705727,10,-7.98321270568e-06,0,0.382735982619,0.382735982619,2.63632277179,2.63632277179,0
current_both,5.625,10.1980703868,10,-7.43917872754e-06,0,0.382736114284,0.382736114284,2.63632148141,2.63632148141,0
current_both,5.65,10.1980702134,10,-6.93222515178e-06,0,0.382736236978,0.382736236978,2.63632027896,2.63632027896,0
current_both,5.675,10.198070052,10,-6.45982406678e-06,0,0.38273635131,0.38273635131,2.63631915844,2.63631915844,0
current_both,5.7,10.1980699015,10,-6.01961995286e-06,0,0.382736457851,0.382736457851,2.63631811429,2.63631811429,0
current_both,5.725,10.1980697612,10,-5.60941792041e-06,0,0.382736557131,0.382736557131,2.63631714128,2.63631714128,0
current_both,5.75,10.1980696305,10,-5.22717275138e-06,0,0.382736649647,0.382736649647,2.63631623458,2.63631623458,0
current_both,5.775,10.1980695088,10,-4.87097868973e-06,0,0.382736735858,0.382736735858,2.63631538965,2.63631538965,0
current_both,5.8,10.1980693953,10,-4.53905992664e-06,0,0.382736816195,0.382736816195,2.6363146023,2.6363146023,0
current_both,5.825,10.1980692896,10,-4.22976173833e-06,0,0.382736891057,0.382736891057,2.6363138686,2.6363138686,0
current_both,5.85,10.198069191,10,-3.94154222474e-06,0,0.382736960819,0.382736960819,2.6363131849,2.6363131849,0
current_both,5.875,10.1980690992,10,-3.67296461503e-06,0,0.382737025826,0.382737025826,2.63631254778,2.63631254778,0
current_both,5.9,10.1980690136,10,-3.42269009708e-06,0,0.382737086404,0.382737086404,2.63631195407,2.63631195407,0
current_both,5.925,10.1980689339,10,-3.1894711356e-06,0,0.382737142855,0.382737142855,2.63631140081,2.63631140081,0
current_both,5.95,10.1980688596,10,-2.97214524792e-06,0,0.382737195458,0.382737195458,2.63631088525,2.63631088525,0
current_both,5.975,10.1980687903,10,-2.76962920307e-06,0,0.382737244478,0.382737244478,2.63631040482,2.63631040482,0
current_both,6,10.1980687258,10,-2.58091361731e-06,0,0.382737290158,0.382737290158,2.63630995713,2.63630995713,0
current_both,6.025,10.1980686657,10,-2.40505791778e-06,0,0.382737332725,0.382737332725,2.63630953994,2.63630953994,0
current_both,6.05,10.1980686097,10,-2.24118565009e-06,0,0.382737372391,0.382737372391,2.63630915117,2.63630915117,0
current_both,6.075,10.1980685574,10,-2.08848010643e-06,0,0.382737409355,0.382737409355,2.63630878889,2.63630878889,0
current_both,6.1,10.1980685088,10,-1.94618025145e-06,0,0.382737443801,0.382737443801,2.6363084513,2.6363084513,0
current_both,6.125,10.1980684635,10,-1.81357692566e-06,0,0.382737475899,0.382737475899,2.6363081367,2.6363081367,0
current_both,6.15,10.1980684212,10,-1.69000930894e-06,0,0.382737505811,0.382737505811,2.63630784354,2.63630784354,0
current_both,6.175,10.1980683818,10,-1.57486162418e-06,0,0.382737533684,0.382737533684,2.63630757036,2.63630757036,0
current_both,6.2,10.1980683451,10,-1.46756006703e-06,0,0.382737559658,0.382737559658,2.63630731578,2.63630731578,0
current_both,6.225,10.198068311,10,-1.36756994327e-06,0,0.382737583863,0.382737583863,2.63630707856,2.63630707856,0
current_both,6.25,10.1980682791,10,-1.27439300308e-06,0,0.382737606418,0.382737606418,2.63630685749,2.63630685749,0
current_both,6.275,10.1980682494,10,-1.18756495606e-06,0,0.382737627437,0.382737627437,2.63630665149,2.63630665149,0
current_both,6.3,10.1980682217,10,-1.10665315614e-06,0,0.382737647024,0.382737647024,2.63630645952,2.63630645952,0
current_both,6.325,10.198068196,10,-1.03125444449e-06,0,0.382737665276,0.382737665276,2.63630628063,2.63630628063,0
current_both,6.35,10.1980681719,10,-9.60993139489e-07,0,0.382737682284,0.382737682284,2.63630611393,2.63630611393,0
current_both,6.375,10.1980681495,10,-8.95519163492e-07,0,0.382737698134,0.382737698134,2.63630595858,2.63630595858,0
current_both,6.4,10.1980681287,10,-8.34506296956e-07,0,0.382737712904,0.382737712904,2.63630581382,2.63630581382,0
current_both,6.425,10.1980681092,10,-7.77650552998e-07,0,0.382737726668,0.382737726668,2.63630567892,2.63630567892,0
current_both,6.45,10.1980680911,10,-7.2466866108e-07,0,0.382737739494,0.382737739494,2.63630555322,2.63630555322,0
current_both,6.475,10.1980680742,10,-6.75296655929e-07,0,0.382737751446,0.382737751446,2.63630543607,2.63630543607,0
current_both,6.5,10.1980680585,10,-6.29288560729e-07,0,0.382737762583,0.382737762583,2.63630532691,2.63630532691,0
current_both,6.525,10.1980680438,10,-5.8641516192e-07,0,0.382737772962,0.382737772962,2.63630522518,2.63630522518,0
current_both,6.55,10.1980680302,10,-5.46462865449e-07,0,0.382737782634,0.382737782634,2.63630513039,2.63630513039,0
current_both,6.575,10.1980680175,10,-5.09232633396e-07,0,0.382737791647,0.382737791647,2.63630504205,2.63630504205,0
current_both,6.6,10.1980680056,10,-4.74538990948e-07,0,0.382737800046,0.382737800046,2.63630495973,2.63630495973,0
current_both,6.625,10.1980679945,10,-4.42209102227e-07,0,0.382737807873,0.382737807873,2.63630488302,2.63630488302,0
current_both,6.65,10.1980679842,10,-4.12081909286e-07,0,0.382737815166,0.382737815166,2.63630481154,2.63630481154,0
current_both,6.675,10.1980679746,10,-3.8400732947e-07,0,0.382737821962,0.382737821962,2.63630474493,2.63630474493,0
current_both,6.7,10.1980679657,10,-3.57845506273e-07,0,0.382737828296,0.382737828296,2.63630468285,2.63630468285,0
current_both,6.725,10.1980679574,10,-3.33466113746e-07,0,0.382737834198,0.382737834198,2.636304625,2.636304625,0
current_both,6.75,10.1980679496,10,-3.10747706857e-07,0,0.382737839698,0.382737839698,2.6363045711,2.6363045711,0
current_both,6.775,10.1980679423,10,-2.89577115111e-07,0,0.382737844823,0.382737844823,2.63630452086,2.63630452086,0
current_both,6.8,10.1980679356,10,-2.69848879488e-07,0,0.382737849599,0.382737849599,2.63630447405,2.63630447405,0
current_both,6.825,10.1980679293,10,-2.51464727643e-07,0,0.38273785405,0.38273785405,2.63630443043,2.63630443043,0
current_both,6.85,10.1980679235,10,-2.34333082695e-07,0,0.382737858197,0.382737858197,2.63630438978,2.63630438978,0
current_both,6.875,10.198067918,10,-2.18368607665e-07,0,0.382737862062,0.382737862062,2.6363043519,2.6363043519,0
current_both,6.9,10.1980679129,10,-2.03491780184e-07,0,0.382737865664,0.382737865664,2.6363043166,2.6363043166,0
current_both,6.925,10.1980679082,10,-1.89628496729e-07,0,0.38273786902,0.38273786902,2.6363042837,2.6363042837,0
current_both,6.95,10.1980679037,10,-1.76709702317e-07,0,0.382737872148,0.382737872148,2.63630425305,2.63630425305,0
current_both,6.975,10.1980678996,10,-1.64671047622e-07,0,0.382737875062,0.382737875062,2.63630422448,2.63630422448,0
current_both,7,10.1980678958,10,-1.53452567588e-07,0,0.382737877778,0.382737877778,2.63630419787,2.63630419787,0
current_both,7.025,10.1980678922,10,-1.42998382914e-07,0,0.382737880309,0.382737880309,2.63630417306,2.63630417306,0
current_both,7.05,10.1980678889,10,-1.33256421832e-07,0,0.382737882667,0.382737882667,2.63630414994,2.63630414994,0
current_both,7.075,10.1980678858,10,-1.24178160201e-07,0,0.382737884865,0.382737884865,2.6363041284,2.6363041284,0
current_both,7.1,10.1980678829,10,-1.1571838008e-07,0,0.382737886913,0.382737886913,2.63630410833,2.63630410833,0
current_both,7.125,10.1980678802,10,-1.07834944487e-07,0,0.382737888822,0.382737888822,2.63630408962,2.63630408962,0
current_both,7.15,10.1980678777,10,-1.00488586853e-07,0,0.382737890601,0.382737890601,2.63630407219,2.63630407219,0
current_both,7.175,10.1980678753,10,-9.3642716405e-08,0,0.382737892258,0.382737892258,2.63630405594,2.63630405594,0
current_both,7.2,10.1980678732,10,-8.72632354171e-08,0,0.382737893802,0.382737893802,2.63630404081,2.63630404081,0
current_both,7.225,10.1980678711,10,-8.13183690846e-08,0,0.382737895242,0.382737895242,2.6363040267,2.6363040267,0
current_both,7.25,10.1980678692,10,-7.57785079592e-08,0,0.382737896583,0.382737896583,2.63630401355,2.63630401355,0
current_both,7.275,10.1980678675,10,-7.0616059224e-08,0,0.382737897833,0.382737897833,2.6363040013,2.6363040013,0
current_both,7.3,10.1980678658,10,-6.58053104025e-08,0,0.382737898997,0.382737898997,2.63630398989,2.63630398989,0
current_both,7.325,10.1980678643,10,-6.13223010832e-08,0,0.382737900083,0.382737900083,2.63630397925,2.63630397925,0
current_both,7.35,10.1980678629,10,-5.71447026826e-08,0,0.382737901094,0.382737901094,2.63630396934,2.63630396934,0
current_both,7.375,10.1980678615,10,-5.32517085334e-08,0,0.382737902037,0.382737902037,2.6363039601,2.6363039601,0
current_both,7.4,10.1980678603,10,-4.96239290565e-08,0,0.382737902915,0.382737902915,2.63630395149,2.63630395149,0
current_both,7.425,10.1980678591,10,-4.62432956833e-08,0,0.382737903733,0.382737903733,2.63630394347,2.63630394347,0
current_both,7.45,10.1980678581,10,-4.30929709933e-08,0,0.382737904496,0.382737904496,2.63630393599,2.63630393599,0
current_both,7.475,10.1980678571,10,-4.0157264582e-08,0,0.382737905207,0.382737905207,2.63630392903,2.63630392903,0
current_both,7.5,10.1980678561,10,-3.74215556115e-08,0,0.382737905869,0.382737905869,2.63630392254,2.63630392254,0
current_both,7.525,10.1980678552,10,-3.48722183591e-08,0,0.382737906486,0.382737906486,2.63630391649,2.63630391649,0
current_both,7.55,10.1980678544,10,-3.24965562032e-08,0,0.382737907061,0.382737907061,2.63630391085,2.63630391085,0
current_both,7.575,10.1980678537,10,-3.02827375193e-08,0,0.382737907597,0.382737907597,2.6363039056,2.6363039056,0
current_both,7.6,10.198067853,10,-2.82197358609e-08,0,0.382737908097,0.382737908097,2.6363039007,2.6363039007,0
current_both,7.625,10.1980678523,10,-2.6297277202e-08,0,0.382737908562,0.382737908562,2.63630389614,2.63630389614,0
current_both,7.65,10.1980678517,10,-2.45057867127e-08,0,0.382737908996,0.382737908996,2.63630389189,2.63630389189,0
current_both,7.675,10.1980678511,10,-2.28363419525e-08,0,0.3827379094,0.3827379094,2.63630388793,2.63630388793,0
current_both,7.7,10.1980678506,10,-2.12806282835e-08,0,0.382737909777,0.382737909777,2.63630388423,2.63630388423,0
current_both,7.725,10.1980678501,10,-1.98308977256e-08,0,0.382737910128,0.382737910128,2.63630388079,2.63630388079,0
current_both,7.75,10.1980678496,10,-1.847993021e-08,0,0.382737910455,0.382737910455,2.63630387759,2.63630387759,0
current_both,7.775,10.1980678492,10,-1.72209970967e-08,0,0.38273791076,0.38273791076,2.6363038746,2.6363038746,0
current_both,7.8,10.1980678488,10,-1.60478286898e-08,0,0.382737911044,0.382737911044,2.63630387182,2.63630387182,0
current_both,7.825,10.1980678484,10,-1.49545821299e-08,0,0.382737911308,0.382737911308,2.63630386922,2.63630386922,0
current_both,7.85,10.1980678481,10,-1.39358127721e-08,0,0.382737911555,0.382737911555,2.63630386681,2.63630386681,0
current_both,7.875,10.1980678478,10,-1.29864467641e-08,0,0.382737911785,0.382737911785,2.63630386455,2.63630386455,0
current_both,7.9,10.1980678475,10,-1.21017559768e-08,0,0.382737911999,0.382737911999,2.63630386245,2.63630386245,0
current_both,7.925,10.1980678472,10,-1.12773344013e-08,0,0.382737912199,0.382737912199,2.6363038605,2.6363038605,0
current_both,7.95,10.1980678469,10,-1.05090763664e-08,0,0.382737912385,0.382737912385,2.63630385867,2.63630385867,0
current_both,7.975,10.1980678467,10,-9.79315564368e-09,0,0.382737912558,0.382737912558,2.63630385698,2.63630385698,0
current_both,8,10.1980678464,10,-9.12600672979e-09,0,0.38273791272,0.38273791272,2.63630385539,2.63630385539,0
current_both,8.025,10.1980678462,10,-8.50430694924e-09,0,0.38273791287,0.38273791287,2.63630385392,2.63630385392,0
current_both,8.05,10.198067846,10,-7.9249602675e-09,0,0.38273791301,0.38273791301,2.63630385254,2.63630385254,0
current_both,8.075,10.1980678458,10,-7.38508097068e-09,0,0.382737913141,0.382737913141,2.63630385126,2.63630385126,0
current_both,8.1,10.1980678457,10,-6.88198047608e-09,0,0.382737913263,0.382737913263,2.63630385007,2.63630385007,0
current_both,8.125,10.1980678455,10,-6.41315343223e-09,0,0.382737913376,0.382737913376,2.63630384895,2.63630384895,0
current_both,8.15,10.1980678454,10,-5.97626490687e-09,0,0.382737913482,0.382737913482,2.63630384792,2.63630384792,0
current_both,8.175,10.1980678452,10,-5.56913926256e-09,0,0.382737913581,0.382737913581,2.63630384695,2.63630384695,0
current_both,8.2,10.1980678451,10,-5.1897484549e-09,0,0.382737913673,0.382737913673,2.63630384605,2.63630384605,0
current_both,8.225,10.198067845,10,-4.83620326178e-09,0,0.382737913758,0.382737913758,2.63630384521,2.63630384521,0
current_both,8.25,10.1980678449,10,-4.50674289169e-09,0,0.382737913838,0.382737913838,2.63630384443,2.63630384443,0
current_both,8.275,10.1980678448,10,-4.19972654601e-09,0,0.382737913912,0.382737913912,2.6363038437,2.6363038437,0
current_both,8.3,10.1980678447,10,-3.91362533662e-09,0,0.382737913982,0.382737913982,2.63630384302,2.63630384302,0
current_both,8.325,10.1980678446,10,-3.64701460313e-09,0,0.382737914046,0.382737914046,2.63630384239,2.63630384239,0
current_both,8.35,10.1980678445,10,-3.398566541e-09,0,0.382737914106,0.382737914106,2.6363038418,2.6363038418,0
current_both,8.375,10.1980678444,10,-3.16704356244e-09,0,0.382737914162,0.382737914162,2.63630384125,2.63630384125,0
current_both,8.4,10.1980678443,10,-2.95129294506e-09,0,0.382737914215,0.382737914215,2.63630384074,2.63630384074,0
current_both,8.425,10.1980678443,10,-2.75023985977e-09,0,0.382737914263,0.382737914263,2.63630384026,2.63630384026,0
current_both,8.45,10.1980678442,10,-2.5628834405e-09,0,0.382737914309,0.382737914309,2.63630383982,2.63630383982,0
current_both,8.475,10.1980678441,10,-2.38829063363e-09,0,0.382737914351,0.382737914351,2.6363038394,2.6363038394,0
current_both,8.5,10.1980678441,10,-2.22559177924e-09,0,0.38273791439,0.38273791439,2.63630383902,2.63630383902,0
current_both,8.525,10.198067844,10,-2.07397685862e-09,0,0.382737914427,0.382737914427,2.63630383866,2.63630383866,0
current_both,8.55,10.198067844,10,-1.93269029839e-09,0,0.382737914461,0.382737914461,2.63630383832,2.63630383832,0
current_both,8.575,10.1980678439,10,-1.80102872785e-09,0,0.382737914493,0.382737914493,2.63630383801,2.63630383801,0
current_both,8.6,10.1980678439,10,-1.67833656032e-09,0,0.382737914523,0.382737914523,2.63630383772,2.63630383772,0
current_both,8.625,10.1980678439,10,-1.56400281784e-09,0,0.38273791455,0.38273791455,2.63630383745,2.63630383745,0
current_both,8.65,10.1980678438,10,-1.45745806704e-09,0,0.382737914576,0.382737914576,2.63630383719,2.63630383719,0
current_both,8.675,10.1980678438,10,-1.35817144368e-09,0,0.3827379146,0.3827379146,2.63630383696,2.63630383696,0
current_both,8.7,10.1980678438,10,-1.26564836559e-09,0,0.382737914623,0.382737914623,2.63630383674,2.63630383674,0
current_both,8.725,10.1980678437,10,-1.17942835668e-09,0,0.382737914644,0.382737914644,2.63630383654,2.63630383654,0
current_both,8.75,10.1980678437,10,-1.09908196048e-09,0,0.382737914663,0.382737914663,2.63630383634,2.63630383634,0
current_both,8.775,10.1980678437,10,-1.02420907481e-09,0,0.382737914681,0.382737914681,2.63630383617,2.63630383617,0
current_both,8.8,10.1980678436,10,-9.54436997802e-10,0,0.382737914698,0.382737914698,2.636303836,2.636303836,0
current_both,8.825,10.1980678436,10,-8.89417741157e-10,0,0.382737914714,0.382737914714,2.63630383585,2.63630383585,0
current_both,8.85,10.1980678436,10,-8.28828074539e-10,0,0.382737914728,0.382737914728,2.6363038357,2.6363038357,0
current_both,8.875,10.1980678436,10,-7.7236572863e-10,0,0.382737914742,0.382737914742,2.63630383557,2.63630383557,0
current_both,8.9,10.1980678436,10,-7.19749817002e-10,0,0.382737914755,0.382737914755,2.63630383544,2.63630383544,0
current_both,8.925,10.1980678435,10,-6.70718060569e-10,0,0.382737914767,0.382737914767,2.63630383533,2.63630383533,0
current_both,8.95,10.1980678435,10,-6.25026276879e-10,0,0.382737914778,0.382737914778,2.63630383522,2.63630383522,0
current_both,8.975,10.1980678435,10,-5.82447403119e-10,0,0.382737914788,0.382737914788,2.63630383512,2.63630383512,0
current_both,9,10.1980678435,10,-5.42769253464e-10,0,0.382737914798,0.382737914798,2.63630383502,2.63630383502,0
current_both,9.025,10.1980678435,10,-5.05793986172e-10,0,0.382737914807,0.382737914807,2.63630383494,2.63630383494,0
current_both,9.05,10.1980678435,10,-4.71337792718e-10,0,0.382737914815,0.382737914815,2.63630383485,2.63630383485,0
current_both,9.075,10.1980678435,10,-4.39229099236e-10,0,0.382737914823,0.382737914823,2.63630383478,2.63630383478,0
current_both,9.1,10.1980678435,10,-4.09307500704e-10,0,0.38273791483,0.38273791483,2.63630383471,2.63630383471,0
current_both,9.125,10.1980678435,10,-3.81424493689e-10,0,0.382737914837,0.382737914837,2.63630383464,2.63630383464,0
current_both,9.15,10.1980678434,10,-3.55441011657e-10,0,0.382737914843,0.382737914843,2.63630383458,2.63630383458,0
current_both,9.175,10.1980678434,10,-3.31227735828e-10,0,0.382737914849,0.382737914849,2.63630383452,2.63630383452,0
current_both,9.2,10.1980678434,10,-3.08663696302e-10,0,0.382737914854,0.382737914854,2.63630383447,2.63630383447,0
current_both,9.225,10.1980678434,10,-2.87636782759e-10,0,0.382737914859,0.382737914859,2.63630383442,2.63630383442,0
current_both,9.25,10.1980678434,10,-2.68042412188e-10,0,0.382737914864,0.382737914864,2.63630383437,2.63630383437,0
current_both,9.275,10.1980678434,10,-2.49782929373e-10,0,0.382737914869,0.382737914869,2.63630383433,2.63630383433,0
current_both,9.3,10.1980678434,10,-2.32767473662e-10,0,0.382737914873,0.382737914873,2.63630383429,2.63630383429,0
current_both,9.325,10.1980678434,10,-2.1691104638e-10,0,0.382737914877,0.382737914877,2.63630383425,2.63630383425,0
current_both,9.35,10.1980678434,10,-2.02134688465e-10,0,0.38273791488,0.38273791488,2.63630383422,2.63630383422,0
current_both,9.375,10.1980678434,10,-1.8836483654e-10,0,0.382737914883,0.382737914883,2.63630383418,2.63630383418,0
current_both,9.4,10.1980678434,10,-1.75533056457e-10,0,0.382737914887,0.382737914887,2.63630383415,2.63630383415,0
current_both,9.425,10.1980678434,10,-1.63575510392e-10,0,0.382737914889,0.382737914889,2.63630383412,2.63630383412,0
current_both,9.45,10.1980678434,10,-1.52432534961e-10,0,0.382737914892,0.382737914892,2.6363038341,2.6363038341,0
current_both,9.475,10.1980678434,10,-1.42048863261e-10,0,0.382737914895,0.382737914895,2.63630383407,2.63630383407,0
current_both,9.5,10.1980678434,10,-1.32372536854e-10,0,0.382737914897,0.382737914897,2.63630383405,2.63630383405,0
current_both,9.525,10.1980678434,10,-1.23355372061e-10,0,0.382737914899,0.382737914899,2.63630383403,2.63630383403,0
current_both,9.55,10.1980678434,10,-1.14952382646e-10,0,0.382737914901,0.382737914901,2.63630383401,2.63630383401,0
current_both,9.575,10.1980678434,10,-1.07121779813e-10,0,0.382737914903,0.382737914903,2.63630383399,2.63630383399,0
current_both,9.6,10.1980678434,10,-9.98243726901e-11,0,0.382737914905,0.382737914905,2.63630383397,2.63630383397,0
current_both,9.625,10.1980678434,10,-9.30241012331e-11,0,0.382737914907,0.382737914907,2.63630383396,2.63630383396,0
current_both,9.65,10.1980678433,10,-8.66871480487e-11,0,0.382737914908,0.382737914908,2.63630383394,2.63630383394,0
current_both,9.675,10.1980678433,10,-8.07818495762e-11,0,0.38273791491,0.38273791491,2.63630383393,2.63630383393,0
current_both,9.7,10.1980678433,10,-7.5278851519e-11,0,0.382737914911,0.382737914911,2.63630383392,2.63630383392,0
current_both,9.725,10.1980678433,10,-7.01509090039e-11,0,0.382737914912,0.382737914912,2.6363038339,2.6363038339,0
current_both,9.75,10.1980678433,10,-6.53724202881e-11,0,0.382737914913,0.382737914913,2.63630383389,2.63630383389,0
current_both,9.775,10.1980678433,10,-6.09193823497e-11,0,0.382737914914,0.382737914914,2.63630383388,2.63630383388,0
current_both,9.8,10.1980678433,10,-5.67698127729e-11,0,0.382737914915,0.382737914915,2.63630383387,2.63630383387,0
current_both,9.825,10.1980678433,10,-5.29028837736e-11,0,0.382737914916,0.382737914916,2.63630383386,2.63630383386,0
current_both,9.85,10.1980678433,10,-4.9299210858e-11,0,0.382737914917,0.382737914917,2.63630383385,2.63630383385,0
current_both,9.875,10.1980678433,10,-4.59408306174e-11,0,0.382737914918,0.382737914918,2.63630383385,2.63630383385,0
current_both,9.9,10.1980678433,10,-4.28110675021e-11,0,0.382737914919,0.382737914919,2.63630383384,2.63630383384,0
current_both,9.925,10.1980678433,10,-3.9894200754e-11,0,0.382737914919,0.382737914919,2.63630383383,2.63630383383,0
current_both,9.95,10.1980678433,10,-3.71763303808e-11,0,0.38273791492,0.38273791492,2.63630383382,2.63630383382,0
current_both,9.975,10.1980678433,10,-3.46437562304e-11,0,0.382737914921,0.382737914921,2.63630383382,2.63630383382,0
current_both,10,10.1980678433,10,-3.22834442845e-11,0,0.382737914921,0.382737914921,2.63630383381,2.63630383381,0
current_both,10.025,10.1980678433,10,-3.0084203495e-11,0,0.382737914922,0.382737914922,2.63630383381,2.63630383381,0
current_both,10.05,10.1980678433,10,-2.80349316317e-11,0,0.382737914922,0.382737914922,2.6363038338,2.6363038338,0
current_both,10.075,10.1980678433,10,-2.61250593713e-11,0,0.382737914923,0.382737914923,2.6363038338,2.6363038338,0
current_both,10.1,10.1980678433,10,-2.43451720227e-11,0,0.382737914923,0.382737914923,2.63630383379,2.63630383379,0
current_both,10.125,10.1980678433,10,-2.26862989838e-11,0,0.382737914924,0.382737914924,2.63630383379,2.63630383379,0
current_both,10.15,10.1980678433,10,-2.11405798755e-11,0,0.382737914924,0.382737914924,2.63630383379,2.63630383379,0
current_both,10.175,10.1980678433,10,-1.96999100698e-11,0,0.382737914924,0.382737914924,2.63630383378,2.63630383378,0
current_both,10.2,10.1980678433,10,-1.83576726375e-11,0,0.382737914925,0.382737914925,2.63630383378,2.63630383378,0
current_both,10.225,10.1980678433,10,-1.71071174226e-11,0,0.382737914925,0.382737914925,2.63630383378,2.63630383378,0
current_both,10.25,10.1980678433,10,-1.59416274958e-11,0,0.382737914925,0.382737914925,2.63630383377,2.63630383377,0
current_both,10.275,10.1980678433,10,-1.48556739465e-11,0,0.382737914925,0.382737914925,2.63630383377,2.63630383377,0
current_both,10.3,10.1980678433,10,-1.38437056596e-11,0,0.382737914926,0.382737914926,2.63630383377,2.63630383377,0
current_both,10.325,10.1980678433,10,-1.29006378135e-11,0,0.382737914926,0.382737914926,2.63630383377,2.63630383377,0
current_both,10.35,10.1980678433,10,-1.20215632226e-11,0,0.382737914926,0.382737914926,2.63630383376,2.63630383376,0
current_both,10.375,10.1980678433,10,-1.12025294929e-11,0,0.382737914926,0.382737914926,2.63630383376,2.63630383376,0
current_both,10.4,10.1980678433,10,-1.04390735278e-11,0,0.382737914927,0.382737914927,2.63630383376,2.63630383376,0
current_both,10.425,10.1980678433,10,-9.72757600022e-12,0,0.382737914927,0.382737914927,2.63630383376,2.63630383376,0
current_both,10.45,10.1980678433,10,-9.06452860545e-12,0,0.382737914927,0.382737914927,2.63630383376,2.63630383376,0
current_both,10.475,10.1980678433,10,-8.44646744764e-12,0,0.382737914927,0.382737914927,2.63630383376,2.63630383376,0
current_both,10.5,10.1980678433,10,-7.87061696923e-12,0,0.382737914927,0.382737914927,2.63630383376,2.63630383376,0
current_both,10.525,10.1980678433,10,-7.33391295466e-12,0,0.382737914927,0.382737914927,2.63630383375,2.63630383375,0
current_both,10.55,10.1980678433,10,-6.83395732222e-12,0,0.382737914927,0.382737914927,2.63630383375,2.63630383375,0
current_both,10.575,10.1980678433,10,-6.36817435446e-12,0,0.382737914928,0.382737914928,2.63630383375,2.63630383375,0
current_both,10.6,10.1980678433,10,-5.93387731169e-12,0,0.382737914928,0.382737914928,2.63630383375,2.63630383375,0
current_both,10.625,10.1980678433,10,-5.52897897461e-12,0,0.382737914928,0.382737914928,2.63630383375,2.63630383375,0
current_both,10.65,10.1980678433,10,-5.15161416854e-12,0,0.382737914928,0.382737914928,2.63630383375,2.63630383375,0
current_both,10.675,10.1980678433,10,-4.79982890096e-12,0,0.382737914928,0.382737914928,2.63630383375,2.63630383375,0
current_both,10.7,10.1980678433,10,-4.47186901948e-12,0,0.382737914928,0.382737914928,2.63630383375,2.63630383375,0
current_both,10.725,10.1980678433,10,-4.16631343865e-12,0,0.382737914928,0.382737914928,2.63630383375,2.63630383375,0
current_both,10.75,10.1980678433,10,-3.88151902837e-12,0,0.382737914928,0.382737914928,2.63630383375,2.63630383375,0
current_both,10.775,10.1980678433,10,-3.61597588534e-12,0,0.382737914928,0.382737914928,2.63630383374,2.63630383374,0
current_both,10.8,10.1980678433,10,-3.36868480883e-12,0,0.382737914928,0.382737914928,2.63630383374,2.63630383374,0
current_both,10.825,10.1980678433,10,-3.13844675799e-12,0,0.382737914928,0.382737914928,2.63630383374,2.63630383374,0
current_both,10.85,10.1980678433,10,-2.92408489639e-12,0,0.382737914928,0.382737914928,2.63630383374,2.63630383374,0
current_both,10.875,10.1980678433,10,-2.7244445921e-12,0,0.382737914928,0.382737914928,2.63630383374,2.63630383374,0
current_both,10.9,10.1980678433,10,-2.53868207562e-12,0,0.382737914928,0.382737914928,2.63630383374,2.63630383374,0
current_both,10.925,10.1980678433,10,-2.3654206704e-12,0,0.382737914929,0.382737914929,2.63630383374,2.63630383374,0
current_both,10.95,10.1980678433,10,-2.20412746938e-12,0,0.382737914929,0.382737914929,2.63630383374,2.63630383374,0
current_both,10.975,10.1980678433,10,-2.05393649861e-12,0,0.382737914929,0.382737914929,2.63630383374,2.63630383374,0
current_both,11,10.1980678433,10,-1.91384855737e-12,0,0.382737914929,0.382737914929,2.63630383374,2.63630383374,0
current_both,11.025,10.1980678433,10,-1.78326412521e-12,0,0.382737914929,0.382737914929,2.63630383374,2.63630383374,0
current_both,11.05,10.1980678433,10,-1.66171690847e-12,0,0.382737914929,0.382737914929,2.63630383374,2.63630383374,0
current_both,11.075,10.1980678433,10,-1.5485629778e-12,0,0.382737914929,0.382737914929,2.63630383374,2.63630383374,0
current_both,11.1,10.1980678433,10,-1.44311399492e-12,0,0.382737914929,0.382737914929,2.63630383374,2.63630383374,0
current_both,11.125,10.1980678433,10,-1.34499248401e-12,0,0.382737914929,0.382737914929,2.63630383374,2.63630383374,0
current_both,11.15,10.1980678433,10,-1.25346569786e-12,0,0.382737914929,0.382737914929,2.63630383374,2.63630383374,0
current_both,11.175,10.1980678433,10,-1.16797852496e-12,0,0.382737914929,0.382737914929,2.63630383374,2.63630383374,0
current_both,11.2,10.1980678433,10,-1.0884865564e-12,0,0.382737914929,0.382737914929,2.63630383374,2.63630383374,0
current_both,11.225,10.1980678433,10,-1.01467892972e-12,0,0.382737914929,0.382737914929,2.63630383374,2.63630383374,0
current_both,11.25,10.1980678433,10,-9.45911715576e-13,0,0.382737914929,0.382737914929,2.63630383374,2.63630383374,0
current_both,11.275,10.1980678433,10,-8.81896255976e-13,0,0.382737914929,0.382737914929,2.63630383374,2.63630383374,0
current_both,11.3,10.1980678433,10,-8.22410506317e-13,0,0.382737914929,0.382737914929,2.63630383374,2.63630383374,0
current_both,11.325,10.1980678433,10,-7.66699514941e-13,0,0.382737914929,0.382737914929,2.63630383374,2.63630383374,0
current_both,11.35,10.1980678433,10,-7.14674464007e-13,0,0.382737914929,0.382737914929,2.63630383374,2.63630383374,0
current_both,11.375,10.1980678433,10,-6.66290944594e-13,0,0.382737914929,0.382737914929,2.63630383374,2.63630383374,0
current_both,11.4,10.1980678433,10,-6.21371321018e-13,0,0.382737914929,0.382737914929,2.63630383374,2.63630383374,0
current_both,11.425,10.1980678433,10,-5.79338277305e-13,0,0.382737914929,0.382737914929,2.63630383374,2.63630383374,0
current_both,11.45,10.1980678433,10,-5.40102995615e-13,0,0.382737914929,0.382737914929,2.63630383374,2.63630383374,0
current_both,11.475,10.1980678433,10,-5.0337681796e-13,0,0.382737914929,0.382737914929,2.63630383374,2.63630383374,0
current_both,11.5,10.1980678433,10,-4.69248562183e-13,0,0.382737914929,0.382737914929,2.63630383374,2.63630383374,0
current_both,11.525,10.1980678433,10,-4.37207525693e-13,0,0.382737914929,0.382737914929,2.63630383374,2.63630383374,0
current_both,11.55,10.1980678433,10,-4.07409139712e-13,0,0.382737914929,0.382737914929,2.63630383374,2.63630383374,0
current_both,11.575,10.1980678433,10,-3.79520337333e-13,0,0.382737914929,0.382737914929,2.63630383374,2.63630383374,0
current_both,11.6,10.1980678433,10,-3.53740958701e-13,0,0.382737914929,0.382737914929,2.63630383374,2.63630383374,0
current_both,11.625,10.1980678433,10,-3.29626914607e-13,0,0.382737914929,0.382737914929,2.63630383374,2.63630383374,0
current_both,11.65,10.1980678433,10,-3.07000569365e-13,0,0.382737914929,0.382737914929,2.63630383374,2.63630383374,0
current_both,11.675,10.1980678433,10,-2.8606176312e-13,0,0.382737914929,0.382737914929,2.63630383374,2.63630383374,0
current_both,11.7,10.1980678433,10,-2.6665506465e-13,0,0.382737914929,0.382737914929,2.63630383374,2.63630383374,0
current_both,11.725,10.1980678433,10,-2.48380793665e-13,0,0.382737914929,0.382737914929,2.63630383374,2.63630383374,0
current_both,11.75,10.1980678433,10,-2.31616425993e-13,0,0.382737914929,0.382737914929,2.63630383374,2.63630383374,0
current_both,11.775,10.1980678433,10,-2.16095508108e-13,0,0.382737914929,0.382737914929,2.63630383374,2.63630383374,0
current_both,11.8,10.1980678433,10,-2.01640404328e-13,0,0.382737914929,0.382737914929,2.63630383374,2.63630383374,0
current_both,11.825,10.1980678433,10,-1.88051274506e-13,0,0.382737914929,0.382737914929,2.63630383374,2.63630383374,0
current_both,11.85,10.1980678433,10,-1.75194891881e-13,0,0.382737914929,0.382737914929,2.63630383374,2.63630383374,0
current_both,11.875,10.1980678433,10,-1.63493141202e-13,0,0.382737914929,0.382737914929,2.63630383374,2.63630383374,0
current_both,11.9,10.1980678433,10,-1.52635160021e-13,0,0.382737914929,0.382737914929,2.63630383374,2.63630383374,0
current_both,11.925,10.1980678433,10,-1.42598743878e-13,0,0.382737914929,0.382737914929,2.63630383374,2.63630383374,0
current_both,11.95,10.1980678433,10,-1.33117439248e-13,0,0.382737914929,0.382737914929,2.63630383374,2.63630383374,0
current_both,11.975,10.1980678433,10,-1.2421345059e-13,0,0.382737914929,0.382737914929,2.63630383374,2.63630383374,0
current_both,12,10.1980678433,10,-1.15864573445e-13,0,0.382737914929,0.382737914929,2.63630383374,2.63630383374,0
current_both,12.025,10.1980678433,10,-1.07915376589e-13,0,0.382737914929,0.382737914929,2.63630383374,2.63630383374,0
current_both,12.05,10.1980678433,10,-1.00188224338e-13,0,0.382737914929,0.382737914929,2.63630383374,2.63630383374,0
current_both,12.075,10.1980678433,10,-9.33492505059e-14,0,0.382737914929,0.382737914929,2.63630383374,2.63630383374,0
current_both,12.1,10.1980678433,10,-8.7043183726e-14,0,0.382737914929,0.382737914929,2.63630383374,2.63630383374,0
current_both,12.125,10.1980678433,10,-8.12478195374e-14,0,0.382737914929,0.382737914929,2.63630383374,2.63630383374,0
current_both,12.15,10.1980678433,10,-7.58521356378e-14,0,0.382737914929,0.382737914929,2.63630383374,2.63630383374,0
current_both,12.175,10.1980678433,10,-7.09227454084e-14,0,0.382737914929,0.382737914929,2.63630383374,2.63630383374,0
current_both,12.2,10.1980678433,10,-6.62820131655e-14,0,0.382737914929,0.382737914929,2.63630383374,2.63630383374,0
current_both,12.225,10.1980678433,10,-6.19743478299e-14,0,0.382737914929,0.382737914929,2.63630383374,2.63630383374,0
current_both,12.25,10.1980678433,10,-5.78221137178e-14,0,0.382737914929,0.382737914929,2.63630383374,2.63630383374,0
current_both,12.275,10.1980678433,10,-5.38253108292e-14,0,0.382737914929,0.382737914929,2.63630383374,2.63630383374,0
current_both,12.3,10.1980678433,10,-5.00949614665e-14,0,0.382737914929,0.382737914929,2.63630383374,2.63630383374,0
current_both,12.325,10.1980678433,10,-4.64090210247e-14,0,0.382737914929,0.382737914929,2.63630383374,2.63630383374,0
current_both,12.35,10.1980678433,10,-4.27674895039e-14,0,0.382737914929,0.382737914929,2.63630383374,2.63630383374,0
current_both,12.375,10.1980678433,10,-3.93257981276e-14,0,0.382737914929,0.382737914929,2.63630383374,2.63630383374,0
current_both,12.4,10.1980678433,10,-3.59285156722e-14,0,0.382737914929,0.382737914929,2.63630383374,2.63630383374,0
current_both,12.425,10.1980678433,10,-3.25312332169e-14,0,0.382737914929,0.382737914929,2.63630383374,2.63630383374,0
current_both,12.45,10.1980678433,10,-2.96668578134e-14,0,0.382737914929,0.382737914929,2.63630383374,2.63630383374,0
current_both,12.475,10.1980678433,10,-2.72909805407e-14,0,0.382737914929,0.382737914929,2.63630383374,2.63630383374,0
current_both,12.5,10.1980678433,10,-2.53147835568e-14,0,0.382737914929,0.382737914929,2.63630383374,2.63630383374,0
current_both,12.525,10.1980678433,10,-2.36494490199e-14,0,0.382737914929,0.382737914929,2.63630383374,2.63630383374,0
current_both,12.55,10.1980678433,10,-2.22505680089e-14,0,0.382737914929,0.382737914929,2.63630383374,2.63630383374,0
current_both,12.575,10.1980678433,10,-2.10959360632e-14,0,0.382737914929,0.382737914929,2.63630383374,2.63630383374,0
current_both,12.6,10.1980678433,10,-2.01189398016e-14,0,0.382737914929,0.382737914929,2.63630383374,2.63630383374,0
current_both,12.625,10.1980678433,10,-1.92973747634e-14,0,0.382737914929,0.382737914929,2.63630383374,2.63630383374,0
current_both,12.65,10.1980678433,10,-1.86090364881e-14,0,0.382737914929,0.382737914929,2.63630383374,2.63630383374,0
current_both,12.675,10.1980678433,10,-1.80317205153e-14,0,0.382737914929,0.382737914929,2.63630383374,2.63630383374,0
current_both,12.7,10.1980678433,10,-1.75654268449e-14,0,0.382737914929,0.382737914929,2.63630383374,2.63630383374,0
current_both,12.725,10.1980678433,10,-1.71657465561e-14,0,0.382737914929,0.382737914929,2.63630383374,2.63630383374,0
current_both,12.75,10.1980678433,10,-1.68326796487e-14,0,0.382737914929,0.382737914929,2.63630383374,2.63630383374,0
current_both,12.775,10.1980678433,10,-1.65662261228e-14,0,0.382737914929,0.382737914929,2.63630383374,2.63630383374,0
current_both,12.8,10.1980678433,10,-1.63219770574e-14,0,0.382737914929,0.382737914929,2.63630383374,2.63630383374,0
current_both,12.825,10.1980678433,10,-1.61221369129e-14,0,0.382737914929,0.382737914929,2.63630383374,2.63630383374,0
current_both,12.85,10.1980678433,10,-1.59667056895e-14,0,0.382737914929,0.382737914929,2.63630383374,2.63630383374,0
current_both,12.875,10.1980678433,10,-1.58334789265e-14,0,0.382737914929,0.382737914929,2.63630383374,2.63630383374,0
current_both,12.9,10.1980678433,10,-1.57224566241e-14,0,0.382737914929,0.382737914929,2.63630383374,2.63630383374,0
current_both,12.925,10.1980678433,10,-1.56336387821e-14,0,0.382737914929,0.382737914929,2.63630383374,2.63630383374,0
current_both,12.95,10.1980678433,10,-1.55670254006e-14,0,0.382737914929,0.382737914929,2.63630383374,2.63630383374,0
current_both,12.975,10.1980678433,10,-1.55004120191e-14,0,0.382737914929,0.382737914929,2.63630383374,2.63630383374,0
current_both,13,10.1980678433,10,-1.54337986377e-14,0,0.382737914929,0.382737914929,2.63630383374,2.63630383374,0
current_both,13.025,10.1980678433,10,-1.53671852562e-14,0,0.382737914929,0.382737914929,2.63630383374,2.63630383374,0
current_both,13.05,10.1980678433,10,-1.53449807957e-14,0,0.382737914929,0.382737914929,2.63630383374,2.63630383374,0
current_both,13.075,10.1980678433,10,-1.53227763352e-14,0,0.382737914929,0.382737914929,2.63630383374,2.63630383374,0
current_both,13.1,10.1980678433,10,-1.53005718747e-14,0,0.382737914929,0.382737914929,2.63630383374,2.63630383374,0
current_both,13.125,10.1980678433,10,-1.52783674142e-14,0,0.382737914929,0.382737914929,2.63630383374,2.63630383374,0
current_both,13.15,10.1980678433,10,-1.52561629537e-14,0,0.382737914929,0.382737914929,2.63630383374,2.63630383374,0
current_both,13.175,10.1980678433,10,-1.52339584932e-14,0,0.382737914929,0.382737914929,2.63630383374,2.63630383374,0
current_both,13.2,10.1980678433,10,-1.52117540327e-14,0,0.382737914929,0.382737914929,2.63630383374,2.63630383374,0
current_both,13.225,10.1980678433,10,-1.51895495722e-14,0,0.382737914929,0.382737914929,2.63630383374,2.63630383374,0
current_both,13.25,10.1980678433,10,-1.51895495722e-14,0,0.382737914929,0.382737914929,2.63630383374,2.63630383374,0
current_both,13.275,10.1980678433,10,-1.51895495722e-14,0,0.382737914929,0.382737914929,2.63630383374,2.63630383374,0
current_both,13.3,10.1980678433,10,-1.51895495722e-14,0,0.382737914929,0.382737914929,2.63630383374,2.63630383374,0
current_both,13.325,10.1980678433,10,-1.51895495722e-14,0,0.382737914929,0.382737914929,2.63630383374,2.63630383374,0
current_both,13.35,10.1980678433,10,-1.51895495722e-14,0,0.382737914929,0.382737914929,2.63630383374,2.63630383374,0
current_both,13.375,10.1980678433,10,-1.51895495722e-14,0,0.382737914929,0.382737914929,2.63630383374,2.63630383374,0
current_both,13.4,10.1980678433,10,-1.51895495722e-14,0,0.382737914929,0.382737914929,2.63630383374,2.63630383374,0
current_both,13.425,10.1980678433,10,-1.51895495722e-14,0,0.382737914929,0.382737914929,2.63630383374,2.63630383374,0
current_both,13.45,10.1980678433,10,-1.51895495722e-14,0,0.382737914929,0.382737914929,2.63630383374,2.63630383374,0
current_both,13.475,10.1980678433,10,-1.51895495722e-14,0,0.382737914929,0.382737914929,2.63630383374,2.63630383374,0
current_both,13.5,10.1980678433,10,-1.51895495722e-14,0,0.382737914929,0.382737914929,2.63630383374,2.63630383374,0
current_both,13.525,10.1980678433,10,-1.51895495722e-14,0,0.382737914929,0.382737914929,2.63630383374,2.63630383374,0
current_both,13.55,10.1980678433,10,-1.51895495722e-14,0,0.382737914929,0.382737914929,2.63630383374,2.63630383374,0
current_both,13.575,10.1980678433,10,-1.51895495722e-14,0,0.382737914929,0.382737914929,2.63630383374,2.63630383374,0
current_both,13.6,10.1980678433,10,-1.51895495722e-14,0,0.382737914929,0.382737914929,2.63630383374,2.63630383374,0
current_both,13.625,10.1980678433,10,-1.51895495722e-14,0,0.382737914929,0.382737914929,2.63630383374,2.63630383374,0
current_both,13.65,10.1980678433,10,-1.51895495722e-14,0,0.382737914929,0.382737914929,2.63630383374,2.63630383374,0
current_both,13.675,10.1980678433,10,-1.51895495722e-14,0,0.382737914929,0.382737914929,2.63630383374,2.63630383374,0
current_both,13.7,10.1980678433,10,-1.51895495722e-14,0,0.382737914929,0.382737914929,2.63630383374,2.63630383374,0
current_both,13.725,10.1980678433,10,-1.51895495722e-14,0,0.382737914929,0.382737914929,2.63630383374,2.63630383374,0
current_both,13.75,10.1980678433,10,-1.51895495722e-14,0,0.382737914929,0.382737914929,2.63630383374,2.63630383374,0
current_both,13.775,10.1980678433,10,-1.51895495722e-14,0,0.382737914929,0.382737914929,2.63630383374,2.63630383374,0
current_both,13.8,10.1980678433,10,-1.51895495722e-14,0,0.382737914929,0.382737914929,2.63630383374,2.63630383374,0
current_both,13.825,10.1980678433,10,-1.51895495722e-14,0,0.382737914929,0.382737914929,2.63630383374,2.63630383374,0
current_both,13.85,10.1980678433,10,-1.51895495722e-14,0,0.382737914929,0.382737914929,2.63630383374,2.63630383374,0
current_both,13.875,10.1980678433,10,-1.51895495722e-14,0,0.382737914929,0.382737914929,2.63630383374,2.63630383374,0
current_both,13.9,10.1980678433,10,-1.51895495722e-14,0,0.382737914929,0.382737914929,2.63630383374,2.63630383374,0
current_both,13.925,10.1980678433,10,-1.51895495722e-14,0,0.382737914929,0.382737914929,2.63630383374,2.63630383374,0
current_both,13.95,10.1980678433,10,-1.51895495722e-14,0,0.382737914929,0.382737914929,2.63630383374,2.63630383374,0
current_both,13.975,10.1980678433,10,-1.51895495722e-14,0,0.382737914929,0.382737914929,2.63630383374,2.63630383374,0
current_both,14,10.1980678433,10,-1.51895495722e-14,0,0.382737914929,0.382737914929,2.63630383374,2.63630383374,0
current_both,14.025,10.1980678433,10,-1.51895495722e-14,0,0.382737914929,0.382737914929,2.63630383374,2.63630383374,0
current_both,14.05,10.1980678433,10,-1.51895495722e-14,0,0.382737914929,0.382737914929,2.63630383374,2.63630383374,0
current_both,14.075,10.1980678433,10,-1.51895495722e-14,0,0.382737914929,0.382737914929,2.63630383374,2.63630383374,0
current_both,14.1,10.1980678433,10,-1.51895495722e-14,0,0.382737914929,0.382737914929,2.63630383374,2.63630383374,0
current_both,14.125,10.1980678433,10,-1.51895495722e-14,0,0.382737914929,0.382737914929,2.63630383374,2.63630383374,0
current_both,14.15,10.1980678433,10,-1.51895495722e-14,0,0.382737914929,0.382737914929,2.63630383374,2.63630383374,0
current_both,14.175,10.1980678433,10,-1.51895495722e-14,0,0.382737914929,0.382737914929,2.63630383374,2.63630383374,0
current_both,14.2,10.1980678433,10,-1.51895495722e-14,0,0.382737914929,0.382737914929,2.63630383374,2.63630383374,0
current_both,14.225,10.1980678433,10,-1.51895495722e-14,0,0.382737914929,0.382737914929,2.63630383374,2.63630383374,0
current_both,14.25,10.1980678433,10,-1.51895495722e-14,0,0.382737914929,0.382737914929,2.63630383374,2.63630383374,0
current_both,14.275,10.1980678433,10,-1.51895495722e-14,0,0.382737914929,0.382737914929,2.63630383374,2.63630383374,0
current_both,14.3,10.1980678433,10,-1.51895495722e-14,0,0.382737914929,0.382737914929,2.63630383374,2.63630383374,0
current_both,14.325,10.1980678433,10,-1.51895495722e-14,0,0.382737914929,0.382737914929,2.63630383374,2.63630383374,0
current_both,14.35,10.1980678433,10,-1.51895495722e-14,0,0.382737914929,0.382737914929,2.63630383374,2.63630383374,0
current_both,14.375,10.1980678433,10,-1.51895495722e-14,0,0.382737914929,0.382737914929,2.63630383374,2.63630383374,0
current_both,14.4,10.1980678433,10,-1.51895495722e-14,0,0.382737914929,0.382737914929,2.63630383374,2.63630383374,0
current_both,14.425,10.1980678433,10,-1.51895495722e-14,0,0.382737914929,0.382737914929,2.63630383374,2.63630383374,0
current_both,14.45,10.1980678433,10,-1.51895495722e-14,0,0.382737914929,0.382737914929,2.63630383374,2.63630383374,0
current_both,14.475,10.1980678433,10,-1.51895495722e-14,0,0.382737914929,0.382737914929,2.63630383374,2.63630383374,0
current_both,14.5,10.1980678433,10,-1.51895495722e-14,0,0.382737914929,0.382737914929,2.63630383374,2.63630383374,0
current_both,14.525,10.1980678433,10,-1.51895495722e-14,0,0.382737914929,0.382737914929,2.63630383374,2.63630383374,0
current_both,14.55,10.1980678433,10,-1.51895495722e-14,0,0.382737914929,0.382737914929,2.63630383374,2.63630383374,0
current_both,14.575,10.1980678433,10,-1.51895495722e-14,0,0.382737914929,0.382737914929,2.63630383374,2.63630383374,0
current_both,14.6,10.1980678433,10,-1.51895495722e-14,0,0.382737914929,0.382737914929,2.63630383374,2.63630383374,0
current_both,14.625,10.1980678433,10,-1.51895495722e-14,0,0.382737914929,0.382737914929,2.63630383374,2.63630383374,0
current_both,14.65,10.1980678433,10,-1.51895495722e-14,0,0.382737914929,0.382737914929,2.63630383374,2.63630383374,0
current_both,14.675,10.1980678433,10,-1.51895495722e-14,0,0.382737914929,0.382737914929,2.63630383374,2.63630383374,0
current_both,14.7,10.1980678433,10,-1.51895495722e-14,0,0.382737914929,0.382737914929,2.63630383374,2.63630383374,0
current_both,14.725,10.1980678433,10,-1.51895495722e-14,0,0.382737914929,0.382737914929,2.63630383374,2.63630383374,0
current_both,14.75,10.1980678433,10,-1.51895495722e-14,0,0.382737914929,0.382737914929,2.63630383374,2.63630383374,0
current_both,14.775,10.1980678433,10,-1.51895495722e-14,0,0.382737914929,0.382737914929,2.63630383374,2.63630383374,0
current_both,14.8,10.1980678433,10,-1.51895495722e-14,0,0.382737914929,0.382737914929,2.63630383374,2.63630383374,0
current_both,14.825,10.1980678433,10,-1.51895495722e-14,0,0.382737914929,0.382737914929,2.63630383374,2.63630383374,0
current_both,14.85,10.1980678433,10,-1.51895495722e-14,0,0.382737914929,0.382737914929,2.63630383374,2.63630383374,0
current_both,14.875,10.1980678433,10,-1.51895495722e-14,0,0.382737914929,0.382737914929,2.63630383374,2.63630383374,0
current_both,14.9,10.1980678433,10,-1.51895495722e-14,0,0.382737914929,0.382737914929,2.63630383374,2.63630383374,0
current_both,14.925,10.1980678433,10,-1.51895495722e-14,0,0.382737914929,0.382737914929,2.63630383374,2.63630383374,0
current_both,14.95,10.1980678433,10,-1.51895495722e-14,0,0.382737914929,0.382737914929,2.63630383374,2.63630383374,0
current_both,14.975,10.1980678433,10,-1.51895495722e-14,0,0.382737914929,0.382737914929,2.63630383374,2.63630383374,0
current_both,15,10.1980678433,10,-1.51895495722e-14,0,0.382737914929,0.382737914929,2.63630383374,2.63630383374,0
current_both,15.025,10.1980678433,10,-1.51895495722e-14,0,0.382737914929,0.382737914929,2.63630383374,2.63630383374,0
current_both,15.05,10.1980678433,10,-1.51895495722e-14,0,0.382737914929,0.382737914929,2.63630383374,2.63630383374,0
current_both,15.075,10.1980678433,10,-1.51895495722e-14,0,0.382737914929,0.382737914929,2.63630383374,2.63630383374,0
current_both,15.1,10.1980678433,10,-1.51895495722e-14,0,0.382737914929,0.382737914929,2.63630383374,2.63630383374,0
current_both,15.125,10.1980678433,10,-1.51895495722e-14,0,0.382737914929,0.382737914929,2.63630383374,2.63630383374,0
current_both,15.15,10.1980678433,10,-1.51895495722e-14,0,0.382737914929,0.382737914929,2.63630383374,2.63630383374,0
current_both,15.175,10.1980678433,10,-1.51895495722e-14,0,0.382737914929,0.382737914929,2.63630383374,2.63630383374,0
current_both,15.2,10.1980678433,10,-1.51895495722e-14,0,0.382737914929,0.382737914929,2.63630383374,2.63630383374,0
current_both,15.225,10.1980678433,10,-1.51895495722e-14,0,0.382737914929,0.382737914929,2.63630383374,2.63630383374,0
current_both,15.25,10.1980678433,10,-1.51895495722e-14,0,0.382737914929,0.382737914929,2.63630383374,2.63630383374,0
current_both,15.275,10.1980678433,10,-1.51895495722e-14,0,0.382737914929,0.382737914929,2.63630383374,2.63630383374,0
current_both,15.3,10.1980678433,10,-1.51895495722e-14,0,0.382737914929,0.382737914929,2.63630383374,2.63630383374,0
current_both,15.325,10.1980678433,10,-1.51895495722e-14,0,0.382737914929,0.382737914929,2.63630383374,2.63630383374,0
current_both,15.35,10.1980678433,10,-1.51895495722e-14,0,0.382737914929,0.382737914929,2.63630383374,2.63630383374,0
current_both,15.375,10.1980678433,10,-1.51895495722e-14,0,0.382737914929,0.382737914929,2.63630383374,2.63630383374,0
current_both,15.4,10.1980678433,10,-1.51895495722e-14,0,0.382737914929,0.382737914929,2.63630383374,2.63630383374,0
current_both,15.425,10.1980678433,10,-1.51895495722e-14,0,0.382737914929,0.382737914929,2.63630383374,2.63630383374,0
current_both,15.45,10.1980678433,10,-1.51895495722e-14,0,0.382737914929,0.382737914929,2.63630383374,2.63630383374,0
current_both,15.475,10.1980678433,10,-1.51895495722e-14,0,0.382737914929,0.382737914929,2.63630383374,2.63630383374,0
current_both,15.5,10.1980678433,10,-1.51895495722e-14,0,0.382737914929,0.382737914929,2.63630383374,2.63630383374,0
current_both,15.525,10.1980678433,10,-1.51895495722e-14,0,0.382737914929,0.382737914929,2.63630383374,2.63630383374,0
current_both,15.55,10.1980678433,10,-1.51895495722e-14,0,0.382737914929,0.382737914929,2.63630383374,2.63630383374,0
current_both,15.575,10.1980678433,10,-1.51895495722e-14,0,0.382737914929,0.382737914929,2.63630383374,2.63630383374,0
current_both,15.6,10.1980678433,10,-1.51895495722e-14,0,0.382737914929,0.382737914929,2.63630383374,2.63630383374,0
current_both,15.625,10.1980678433,10,-1.51895495722e-14,0,0.382737914929,0.382737914929,2.63630383374,2.63630383374,0
current_both,15.65,10.1980678433,10,-1.51895495722e-14,0,0.382737914929,0.382737914929,2.63630383374,2.63630383374,0
current_both,15.675,10.1980678433,10,-1.51895495722e-14,0,0.382737914929,0.382737914929,2.63630383374,2.63630383374,0
current_both,15.7,10.1980678433,10,-1.51895495722e-14,0,0.382737914929,0.382737914929,2.63630383374,2.63630383374,0
current_both,15.725,10.1980678433,10,-1.51895495722e-14,0,0.382737914929,0.382737914929,2.63630383374,2.63630383374,0
current_both,15.75,10.1980678433,10,-1.51895495722e-14,0,0.382737914929,0.382737914929,2.63630383374,2.63630383374,0
current_both,15.775,10.1980678433,10,-1.51895495722e-14,0,0.382737914929,0.382737914929,2.63630383374,2.63630383374,0
current_both,15.8,10.1980678433,10,-1.51895495722e-14,0,0.382737914929,0.382737914929,2.63630383374,2.63630383374,0
current_both,15.825,10.1980678433,10,-1.51895495722e-14,0,0.382737914929,0.382737914929,2.63630383374,2.63630383374,0
current_both,15.85,10.1980678433,10,-1.51895495722e-14,0,0.382737914929,0.382737914929,2.63630383374,2.63630383374,0
current_both,15.875,10.1980678433,10,-1.51895495722e-14,0,0.382737914929,0.382737914929,2.63630383374,2.63630383374,0
current_both,15.9,10.1980678433,10,-1.51895495722e-14,0,0.382737914929,0.382737914929,2.63630383374,2.63630383374,0
current_both,15.925,10.1980678433,10,-1.51895495722e-14,0,0.382737914929,0.382737914929,2.63630383374,2.63630383374,0
current_both,15.95,10.1980678433,10,-1.51895495722e-14,0,0.382737914929,0.382737914929,2.63630383374,2.63630383374,0
current_both,15.975,10.1980678433,10,-1.51895495722e-14,0,0.382737914929,0.382737914929,2.63630383374,2.63630383374,0
current_both,16,10.1980678433,10,-1.51895495722e-14,0,0.382737914929,0.382737914929,2.63630383374,2.63630383374,0
current_both,16.025,10.1980678433,10,-1.51895495722e-14,0,0.382737914929,0.382737914929,2.63630383374,2.63630383374,0
current_both,16.05,10.1980678433,10,-1.51895495722e-14,0,0.382737914929,0.382737914929,2.63630383374,2.63630383374,0
current_both,16.075,10.1980678433,10,-1.51895495722e-14,0,0.382737914929,0.382737914929,2.63630383374,2.63630383374,0
current_both,16.1,10.1980678433,10,-1.51895495722e-14,0,0.382737914929,0.382737914929,2.63630383374,2.63630383374,0
current_both,16.125,10.1980678433,10,-1.51895495722e-14,0,0.382737914929,0.382737914929,2.63630383374,2.63630383374,0
current_both,16.15,10.1980678433,10,-1.51895495722e-14,0,0.382737914929,0.382737914929,2.63630383374,2.63630383374,0
current_both,16.175,10.1980678433,10,-1.51895495722e-14,0,0.382737914929,0.382737914929,2.63630383374,2.63630383374,0
current_both,16.2,10.1980678433,10,-1.51895495722e-14,0,0.382737914929,0.382737914929,2.63630383374,2.63630383374,0
current_both,16.225,10.1980678433,10,-1.51895495722e-14,0,0.382737914929,0.382737914929,2.63630383374,2.63630383374,0
current_both,16.25,10.1980678433,10,-1.51895495722e-14,0,0.382737914929,0.382737914929,2.63630383374,2.63630383374,0
current_both,16.275,10.1980678433,10,-1.51895495722e-14,0,0.382737914929,0.382737914929,2.63630383374,2.63630383374,0
current_both,16.3,10.1980678433,10,-1.51895495722e-14,0,0.382737914929,0.382737914929,2.63630383374,2.63630383374,0
current_both,16.325,10.1980678433,10,-1.51895495722e-14,0,0.382737914929,0.382737914929,2.63630383374,2.63630383374,0
current_both,16.35,10.1980678433,10,-1.51895495722e-14,0,0.382737914929,0.382737914929,2.63630383374,2.63630383374,0
current_both,16.375,10.1980678433,10,-1.51895495722e-14,0,0.382737914929,0.382737914929,2.63630383374,2.63630383374,0
current_both,16.4,10.1980678433,10,-1.51895495722e-14,0,0.382737914929,0.382737914929,2.63630383374,2.63630383374,0
current_both,16.425,10.1980678433,10,-1.51895495722e-14,0,0.382737914929,0.382737914929,2.63630383374,2.63630383374,0
current_both,16.45,10.1980678433,10,-1.51895495722e-14,0,0.382737914929,0.382737914929,2.63630383374,2.63630383374,0
current_both,16.475,10.1980678433,10,-1.51895495722e-14,0,0.382737914929,0.382737914929,2.63630383374,2.63630383374,0
current_both,16.5,10.1980678433,10,-1.51895495722e-14,0,0.382737914929,0.382737914929,2.63630383374,2.63630383374,0
current_both,16.525,10.1980678433,10,-1.51895495722e-14,0,0.382737914929,0.382737914929,2.63630383374,2.63630383374,0
current_both,16.55,10.1980678433,10,-1.51895495722e-14,0,0.382737914929,0.382737914929,2.63630383374,2.63630383374,0
current_both,16.575,10.1980678433,10,-1.51895495722e-14,0,0.382737914929,0.382737914929,2.63630383374,2.63630383374,0
current_both,16.6,10.1980678433,10,-1.51895495722e-14,0,0.382737914929,0.382737914929,2.63630383374,2.63630383374,0
current_both,16.625,10.1980678433,10,-1.51895495722e-14,0,0.382737914929,0.382737914929,2.63630383374,2.63630383374,0
current_both,16.65,10.1980678433,10,-1.51895495722e-14,0,0.382737914929,0.382737914929,2.63630383374,2.63630383374,0
current_both,16.675,10.1980678433,10,-1.51895495722e-14,0,0.382737914929,0.382737914929,2.63630383374,2.63630383374,0
current_both,16.7,10.1980678433,10,-1.51895495722e-14,0,0.382737914929,0.382737914929,2.63630383374,2.63630383374,0
current_both,16.725,10.1980678433,10,-1.51895495722e-14,0,0.382737914929,0.382737914929,2.63630383374,2.63630383374,0
current_both,16.75,10.1980678433,10,-1.51895495722e-14,0,0.382737914929,0.382737914929,2.63630383374,2.63630383374,0
current_both,16.775,10.1980678433,10,-1.51895495722e-14,0,0.382737914929,0.382737914929,2.63630383374,2.63630383374,0
current_both,16.8,10.1980678433,10,-1.51895495722e-14,0,0.382737914929,0.382737914929,2.63630383374,2.63630383374,0
current_both,16.825,10.1980678433,10,-1.51895495722e-14,0,0.382737914929,0.382737914929,2.63630383374,2.63630383374,0
current_both,16.85,10.1980678433,10,-1.51895495722e-14,0,0.382737914929,0.382737914929,2.63630383374,2.63630383374,0
current_both,16.875,10.1980678433,10,-1.51895495722e-14,0,0.382737914929,0.382737914929,2.63630383374,2.63630383374,0
current_both,16.9,10.1980678433,10,-1.51895495722e-14,0,0.382737914929,0.382737914929,2.63630383374,2.63630383374,0
current_both,16.925,10.1980678433,10,-1.51895495722e-14,0,0.382737914929,0.382737914929,2.63630383374,2.63630383374,0
current_both,16.95,10.1980678433,10,-1.51895495722e-14,0,0.382737914929,0.382737914929,2.63630383374,2.63630383374,0
current_both,16.975,10.1980678433,10,-1.51895495722e-14,0,0.382737914929,0.382737914929,2.63630383374,2.63630383374,0
current_both,17,10.1980678433,10,-1.51895495722e-14,0,0.382737914929,0.382737914929,2.63630383374,2.63630383374,0
current_both,17.025,10.1980678433,10,-1.51895495722e-14,0,0.382737914929,0.382737914929,2.63630383374,2.63630383374,0
current_both,17.05,10.1980678433,10,-1.51895495722e-14,0,0.382737914929,0.382737914929,2.63630383374,2.63630383374,0
current_both,17.075,10.1980678433,10,-1.51895495722e-14,0,0.382737914929,0.382737914929,2.63630383374,2.63630383374,0
current_both,17.1,10.1980678433,10,-1.51895495722e-14,0,0.382737914929,0.382737914929,2.63630383374,2.63630383374,0
current_both,17.125,10.1980678433,10,-1.51895495722e-14,0,0.382737914929,0.382737914929,2.63630383374,2.63630383374,0
current_both,17.15,10.1980678433,10,-1.51895495722e-14,0,0.382737914929,0.382737914929,2.63630383374,2.63630383374,0
current_both,17.175,10.1980678433,10,-1.51895495722e-14,0,0.382737914929,0.382737914929,2.63630383374,2.63630383374,0
current_both,17.2,10.1980678433,10,-1.51895495722e-14,0,0.382737914929,0.382737914929,2.63630383374,2.63630383374,0
current_both,17.225,10.1980678433,10,-1.51895495722e-14,0,0.382737914929,0.382737914929,2.63630383374,2.63630383374,0
current_both,17.25,10.1980678433,10,-1.51895495722e-14,0,0.382737914929,0.382737914929,2.63630383374,2.63630383374,0
current_both,17.275,10.1980678433,10,-1.51895495722e-14,0,0.382737914929,0.382737914929,2.63630383374,2.63630383374,0
current_both,17.3,10.1980678433,10,-1.51895495722e-14,0,0.382737914929,0.382737914929,2.63630383374,2.63630383374,0
current_both,17.325,10.1980678433,10,-1.51895495722e-14,0,0.382737914929,0.382737914929,2.63630383374,2.63630383374,0
current_both,17.35,10.1980678433,10,-1.51895495722e-14,0,0.382737914929,0.382737914929,2.63630383374,2.63630383374,0
current_both,17.375,10.1980678433,10,-1.51895495722e-14,0,0.382737914929,0.382737914929,2.63630383374,2.63630383374,0
current_both,17.4,10.1980678433,10,-1.51895495722e-14,0,0.382737914929,0.382737914929,2.63630383374,2.63630383374,0
current_both,17.425,10.1980678433,10,-1.51895495722e-14,0,0.382737914929,0.382737914929,2.63630383374,2.63630383374,0
current_both,17.45,10.1980678433,10,-1.51895495722e-14,0,0.382737914929,0.382737914929,2.63630383374,2.63630383374,0
current_both,17.475,10.1980678433,10,-1.51895495722e-14,0,0.382737914929,0.382737914929,2.63630383374,2.63630383374,0
current_both,17.5,10.1980678433,10,-1.51895495722e-14,0,0.382737914929,0.382737914929,2.63630383374,2.63630383374,0
current_both,17.525,10.1980678433,10,-1.51895495722e-14,0,0.382737914929,0.382737914929,2.63630383374,2.63630383374,0
current_both,17.55,10.1980678433,10,-1.51895495722e-14,0,0.382737914929,0.382737914929,2.63630383374,2.63630383374,0
current_both,17.575,10.1980678433,10,-1.51895495722e-14,0,0.382737914929,0.382737914929,2.63630383374,2.63630383374,0
current_both,17.6,10.1980678433,10,-1.51895495722e-14,0,0.382737914929,0.382737914929,2.63630383374,2.63630383374,0
current_both,17.625,10.1980678433,10,-1.51895495722e-14,0,0.382737914929,0.382737914929,2.63630383374,2.63630383374,0
current_both,17.65,10.1980678433,10,-1.51895495722e-14,0,0.382737914929,0.382737914929,2.63630383374,2.63630383374,0
current_both,17.675,10.1980678433,10,-1.51895495722e-14,0,0.382737914929,0.382737914929,2.63630383374,2.63630383374,0
current_both,17.7,10.1980678433,10,-1.51895495722e-14,0,0.382737914929,0.382737914929,2.63630383374,2.63630383374,0
current_both,17.725,10.1980678433,10,-1.51895495722e-14,0,0.382737914929,0.382737914929,2.63630383374,2.63630383374,0
current_both,17.75,10.1980678433,10,-1.51895495722e-14,0,0.382737914929,0.382737914929,2.63630383374,2.63630383374,0
current_both,17.775,10.1980678433,10,-1.51895495722e-14,0,0.382737914929,0.382737914929,2.63630383374,2.63630383374,0
current_both,17.8,10.1980678433,10,-1.51895495722e-14,0,0.382737914929,0.382737914929,2.63630383374,2.63630383374,0
current_both,17.825,10.1980678433,10,-1.51895495722e-14,0,0.382737914929,0.382737914929,2.63630383374,2.63630383374,0
current_both,17.85,10.1980678433,10,-1.51895495722e-14,0,0.382737914929,0.382737914929,2.63630383374,2.63630383374,0
current_both,17.875,10.1980678433,10,-1.51895495722e-14,0,0.382737914929,0.382737914929,2.63630383374,2.63630383374,0
current_both,17.9,10.1980678433,10,-1.51895495722e-14,0,0.382737914929,0.382737914929,2.63630383374,2.63630383374,0
current_both,17.925,10.1980678433,10,-1.51895495722e-14,0,0.382737914929,0.382737914929,2.63630383374,2.63630383374,0
current_both,17.95,10.1980678433,10,-1.51895495722e-14,0,0.382737914929,0.382737914929,2.63630383374,2.63630383374,0
current_both,17.975,10.1980678433,10,-1.51895495722e-14,0,0.382737914929,0.382737914929,2.63630383374,2.63630383374,0
current_both,18,10.1980678433,10,-1.51895495722e-14,0,0.382737914929,0.382737914929,2.63630383374,2.63630383374,0
current_both,18.025,10.1980678433,10,-1.51895495722e-14,0,0.382737914929,0.382737914929,2.63630383374,2.63630383374,0
current_both,18.05,10.1980678433,10,-1.51895495722e-14,0,0.382737914929,0.382737914929,2.63630383374,2.63630383374,0
current_both,18.075,10.1980678433,10,-1.51895495722e-14,0,0.382737914929,0.382737914929,2.63630383374,2.63630383374,0
current_both,18.1,10.1980678433,10,-1.51895495722e-14,0,0.382737914929,0.382737914929,2.63630383374,2.63630383374,0
current_both,18.125,10.1980678433,10,-1.51895495722e-14,0,0.382737914929,0.382737914929,2.63630383374,2.63630383374,0
current_both,18.15,10.1980678433,10,-1.51895495722e-14,0,0.382737914929,0.382737914929,2.63630383374,2.63630383374,0
current_both,18.175,10.1980678433,10,-1.51895495722e-14,0,0.382737914929,0.382737914929,2.63630383374,2.63630383374,0
current_both,18.2,10.1980678433,10,-1.51895495722e-14,0,0.382737914929,0.382737914929,2.63630383374,2.63630383374,0
current_both,18.225,10.1980678433,10,-1.51895495722e-14,0,0.382737914929,0.382737914929,2.63630383374,2.63630383374,0
current_both,18.25,10.1980678433,10,-1.51895495722e-14,0,0.382737914929,0.382737914929,2.63630383374,2.63630383374,0
current_both,18.275,10.1980678433,10,-1.51895495722e-14,0,0.382737914929,0.382737914929,2.63630383374,2.63630383374,0
current_both,18.3,10.1980678433,10,-1.51895495722e-14,0,0.382737914929,0.382737914929,2.63630383374,2.63630383374,0
current_both,18.325,10.1980678433,10,-1.51895495722e-14,0,0.382737914929,0.382737914929,2.63630383374,2.63630383374,0
current_both,18.35,10.1980678433,10,-1.51895495722e-14,0,0.382737914929,0.382737914929,2.63630383374,2.63630383374,0
current_both,18.375,10.1980678433,10,-1.51895495722e-14,0,0.382737914929,0.382737914929,2.63630383374,2.63630383374,0
current_both,18.4,10.1980678433,10,-1.51895495722e-14,0,0.382737914929,0.382737914929,2.63630383374,2.63630383374,0
current_both,18.425,10.1980678433,10,-1.51895495722e-14,0,0.382737914929,0.382737914929,2.63630383374,2.63630383374,0
current_both,18.45,10.1980678433,10,-1.51895495722e-14,0,0.382737914929,0.382737914929,2.63630383374,2.63630383374,0
current_both,18.475,10.1980678433,10,-1.51895495722e-14,0,0.382737914929,0.382737914929,2.63630383374,2.63630383374,0
current_both,18.5,10.1980678433,10,-1.51895495722e-14,0,0.382737914929,0.382737914929,2.63630383374,2.63630383374,0
current_both,18.525,10.1980678433,10,-1.51895495722e-14,0,0.382737914929,0.382737914929,2.63630383374,2.63630383374,0
current_both,18.55,10.1980678433,10,-1.51895495722e-14,0,0.382737914929,0.382737914929,2.63630383374,2.63630383374,0
current_both,18.575,10.1980678433,10,-1.51895495722e-14,0,0.382737914929,0.382737914929,2.63630383374,2.63630383374,0
current_both,18.6,10.1980678433,10,-1.51895495722e-14,0,0.382737914929,0.382737914929,2.63630383374,2.63630383374,0
current_both,18.625,10.1980678433,10,-1.51895495722e-14,0,0.382737914929,0.382737914929,2.63630383374,2.63630383374,0
current_both,18.65,10.1980678433,10,-1.51895495722e-14,0,0.382737914929,0.382737914929,2.63630383374,2.63630383374,0
current_both,18.675,10.1980678433,10,-1.51895495722e-14,0,0.382737914929,0.382737914929,2.63630383374,2.63630383374,0
current_both,18.7,10.1980678433,10,-1.51895495722e-14,0,0.382737914929,0.382737914929,2.63630383374,2.63630383374,0
current_both,18.725,10.1980678433,10,-1.51895495722e-14,0,0.382737914929,0.382737914929,2.63630383374,2.63630383374,0
current_both,18.75,10.1980678433,10,-1.51895495722e-14,0,0.382737914929,0.382737914929,2.63630383374,2.63630383374,0
current_both,18.775,10.1980678433,10,-1.51895495722e-14,0,0.382737914929,0.382737914929,2.63630383374,2.63630383374,0
current_both,18.8,10.1980678433,10,-1.51895495722e-14,0,0.382737914929,0.382737914929,2.63630383374,2.63630383374,0
current_both,18.825,10.1980678433,10,-1.51895495722e-14,0,0.382737914929,0.382737914929,2.63630383374,2.63630383374,0
current_both,18.85,10.1980678433,10,-1.51895495722e-14,0,0.382737914929,0.382737914929,2.63630383374,2.63630383374,0
current_both,18.875,10.1980678433,10,-1.51895495722e-14,0,0.382737914929,0.382737914929,2.63630383374,2.63630383374,0
current_both,18.9,10.1980678433,10,-1.51895495722e-14,0,0.382737914929,0.382737914929,2.63630383374,2.63630383374,0
current_both,18.925,10.1980678433,10,-1.51895495722e-14,0,0.382737914929,0.382737914929,2.63630383374,2.63630383374,0
current_both,18.95,10.1980678433,10,-1.51895495722e-14,0,0.382737914929,0.382737914929,2.63630383374,2.63630383374,0
current_both,18.975,10.1980678433,10,-1.51895495722e-14,0,0.382737914929,0.382737914929,2.63630383374,2.63630383374,0
current_both,19,10.1980678433,10,-1.51895495722e-14,0,0.382737914929,0.382737914929,2.63630383374,2.63630383374,0
current_both,19.025,10.1980678433,10,-1.51895495722e-14,0,0.382737914929,0.382737914929,2.63630383374,2.63630383374,0
current_both,19.05,10.1980678433,10,-1.51895495722e-14,0,0.382737914929,0.382737914929,2.63630383374,2.63630383374,0
current_both,19.075,10.1980678433,10,-1.51895495722e-14,0,0.382737914929,0.382737914929,2.63630383374,2.63630383374,0
current_both,19.1,10.1980678433,10,-1.51895495722e-14,0,0.382737914929,0.382737914929,2.63630383374,2.63630383374,0
current_both,19.125,10.1980678433,10,-1.51895495722e-14,0,0.382737914929,0.382737914929,2.63630383374,2.63630383374,0
current_both,19.15,10.1980678433,10,-1.51895495722e-14,0,0.382737914929,0.382737914929,2.63630383374,2.63630383374,0
current_both,19.175,10.1980678433,10,-1.51895495722e-14,0,0.382737914929,0.382737914929,2.63630383374,2.63630383374,0
current_both,19.2,10.1980678433,10,-1.51895495722e-14,0,0.382737914929,0.382737914929,2.63630383374,2.63630383374,0
current_both,19.225,10.1980678433,10,-1.51895495722e-14,0,0.382737914929,0.382737914929,2.63630383374,2.63630383374,0
current_both,19.25,10.1980678433,10,-1.51895495722e-14,0,0.382737914929,0.382737914929,2.63630383374,2.63630383374,0
current_both,19.275,10.1980678433,10,-1.51895495722e-14,0,0.382737914929,0.382737914929,2.63630383374,2.63630383374,0
current_both,19.3,10.1980678433,10,-1.51895495722e-14,0,0.382737914929,0.382737914929,2.63630383374,2.63630383374,0
current_both,19.325,10.1980678433,10,-1.51895495722e-14,0,0.382737914929,0.382737914929,2.63630383374,2.63630383374,0
current_both,19.35,10.1980678433,10,-1.51895495722e-14,0,0.382737914929,0.382737914929,2.63630383374,2.63630383374,0
current_both,19.375,10.1980678433,10,-1.51895495722e-14,0,0.382737914929,0.382737914929,2.63630383374,2.63630383374,0
current_both,19.4,10.1980678433,10,-1.51895495722e-14,0,0.382737914929,0.382737914929,2.63630383374,2.63630383374,0
current_both,19.425,10.1980678433,10,-1.51895495722e-14,0,0.382737914929,0.382737914929,2.63630383374,2.63630383374,0
current_both,19.45,10.1980678433,10,-1.51895495722e-14,0,0.382737914929,0.382737914929,2.63630383374,2.63630383374,0
current_both,19.475,10.1980678433,10,-1.51895495722e-14,0,0.382737914929,0.382737914929,2.63630383374,2.63630383374,0
current_both,19.5,10.1980678433,10,-1.51895495722e-14,0,0.382737914929,0.382737914929,2.63630383374,2.63630383374,0
current_both,19.525,10.1980678433,10,-1.51895495722e-14,0,0.382737914929,0.382737914929,2.63630383374,2.63630383374,0
current_both,19.55,10.1980678433,10,-1.51895495722e-14,0,0.382737914929,0.382737914929,2.63630383374,2.63630383374,0
current_both,19.575,10.1980678433,10,-1.51895495722e-14,0,0.382737914929,0.382737914929,2.63630383374,2.63630383374,0
current_both,19.6,10.1980678433,10,-1.51895495722e-14,0,0.382737914929,0.382737914929,2.63630383374,2.63630383374,0
current_both,19.625,10.1980678433,10,-1.51895495722e-14,0,0.382737914929,0.382737914929,2.63630383374,2.63630383374,0
current_both,19.65,10.1980678433,10,-1.51895495722e-14,0,0.382737914929,0.382737914929,2.63630383374,2.63630383374,0
current_both,19.675,10.1980678433,10,-1.51895495722e-14,0,0.382737914929,0.382737914929,2.63630383374,2.63630383374,0
current_both,19.7,10.1980678433,10,-1.51895495722e-14,0,0.382737914929,0.382737914929,2.63630383374,2.63630383374,0
current_both,19.725,10.1980678433,10,-1.51895495722e-14,0,0.382737914929,0.382737914929,2.63630383374,2.63630383374,0
current_both,19.75,10.1980678433,10,-1.51895495722e-14,0,0.382737914929,0.382737914929,2.63630383374,2.63630383374,0
current_both,19.775,10.1980678433,10,-1.51895495722e-14,0,0.382737914929,0.382737914929,2.63630383374,2.63630383374,0
current_both,19.8,10.1980678433,10,-1.51895495722e-14,0,0.382737914929,0.382737914929,2.63630383374,2.63630383374,0
current_both,19.825,10.1980678433,10,-1.51895495722e-14,0,0.382737914929,0.382737914929,2.63630383374,2.63630383374,0
current_both,19.85,10.1980678433,10,-1.51895495722e-14,0,0.382737914929,0.382737914929,2.63630383374,2.63630383374,0
current_both,19.875,10.1980678433,10,-1.51895495722e-14,0,0.382737914929,0.382737914929,2.63630383374,2.63630383374,0
current_both,19.9,10.1980678433,10,-1.51895495722e-14,0,0.382737914929,0.382737914929,2.63630383374,2.63630383374,0
current_both,19.925,10.1980678433,10,-1.51895495722e-14,0,0.382737914929,0.382737914929,2.63630383374,2.63630383374,0
current_both,19.95,10.1980678433,10,-1.51895495722e-14,0,0.382737914929,0.382737914929,2.63630383374,2.63630383374,0
current_both,19.975,10.1980678433,10,-1.51895495722e-14,0,0.382737914929,0.382737914929,2.63630383374,2.63630383374,0
current_both,20,10.1980678433,10,-1.51895495722e-14,0,0.382737914929,0.382737914929,2.63630383374,2.63630383374,0
current_both,20.025,10.1980678433,10,-1.51895495722e-14,0,0.382737914929,0.382737914929,2.63630383374,2.63630383374,0
current_both,20.05,10.1980678433,10,-1.51895495722e-14,0,0.382737914929,0.382737914929,2.63630383374,2.63630383374,0
current_both,20.075,10.1980678433,10,-1.51895495722e-14,0,0.382737914929,0.382737914929,2.63630383374,2.63630383374,0
current_both,20.1,10.1980678433,10,-1.51895495722e-14,0,0.382737914929,0.382737914929,2.63630383374,2.63630383374,0
current_both,20.125,10.1980678433,10,-1.51895495722e-14,0,0.382737914929,0.382737914929,2.63630383374,2.63630383374,0
current_both,20.15,10.1980678433,10,-1.51895495722e-14,0,0.382737914929,0.382737914929,2.63630383374,2.63630383374,0
current_both,20.175,10.1980678433,10,-1.51895495722e-14,0,0.382737914929,0.382737914929,2.63630383374,2.63630383374,0
current_both,20.2,10.1980678433,10,-1.51895495722e-14,0,0.382737914929,0.382737914929,2.63630383374,2.63630383374,0
current_both,20.225,10.1980678433,10,-1.51895495722e-14,0,0.382737914929,0.382737914929,2.63630383374,2.63630383374,0
current_both,20.25,10.1980678433,10,-1.51895495722e-14,0,0.382737914929,0.382737914929,2.63630383374,2.63630383374,0
current_both,20.275,10.1980678433,10,-1.51895495722e-14,0,0.382737914929,0.382737914929,2.63630383374,2.63630383374,0
current_both,20.3,10.1980678433,10,-1.51895495722e-14,0,0.382737914929,0.382737914929,2.63630383374,2.63630383374,0
current_both,20.325,10.1980678433,10,-1.51895495722e-14,0,0.382737914929,0.382737914929,2.63630383374,2.63630383374,0
current_both,20.35,10.1980678433,10,-1.51895495722e-14,0,0.382737914929,0.382737914929,2.63630383374,2.63630383374,0
current_both,20.375,10.1980678433,10,-1.51895495722e-14,0,0.382737914929,0.382737914929,2.63630383374,2.63630383374,0
current_both,20.4,10.1980678433,10,-1.51895495722e-14,0,0.382737914929,0.382737914929,2.63630383374,2.63630383374,0
current_both,20.425,10.1980678433,10,-1.51895495722e-14,0,0.382737914929,0.382737914929,2.63630383374,2.63630383374,0
current_both,20.45,10.1980678433,10,-1.51895495722e-14,0,0.382737914929,0.382737914929,2.63630383374,2.63630383374,0
current_both,20.475,10.1980678433,10,-1.51895495722e-14,0,0.382737914929,0.382737914929,2.63630383374,2.63630383374,0
current_both,20.5,10.1980678433,10,-1.51895495722e-14,0,0.382737914929,0.382737914929,2.63630383374,2.63630383374,0
current_both,20.525,10.1980678433,10,-1.51895495722e-14,0,0.382737914929,0.382737914929,2.63630383374,2.63630383374,0
current_both,20.55,10.1980678433,10,-1.51895495722e-14,0,0.382737914929,0.382737914929,2.63630383374,2.63630383374,0
current_both,20.575,10.1980678433,10,-1.51895495722e-14,0,0.382737914929,0.382737914929,2.63630383374,2.63630383374,0
current_both,20.6,10.1980678433,10,-1.51895495722e-14,0,0.382737914929,0.382737914929,2.63630383374,2.63630383374,0
current_both,20.625,10.1980678433,10,-1.51895495722e-14,0,0.382737914929,0.382737914929,2.63630383374,2.63630383374,0
current_both,20.65,10.1980678433,10,-1.51895495722e-14,0,0.382737914929,0.382737914929,2.63630383374,2.63630383374,0
current_both,20.675,10.1980678433,10,-1.51895495722e-14,0,0.382737914929,0.382737914929,2.63630383374,2.63630383374,0
current_both,20.7,10.1980678433,10,-1.51895495722e-14,0,0.382737914929,0.382737914929,2.63630383374,2.63630383374,0
current_both,20.725,10.1980678433,10,-1.51895495722e-14,0,0.382737914929,0.382737914929,2.63630383374,2.63630383374,0
current_both,20.75,10.1980678433,10,-1.51895495722e-14,0,0.382737914929,0.382737914929,2.63630383374,2.63630383374,0
current_both,20.775,10.1980678433,10,-1.51895495722e-14,0,0.382737914929,0.382737914929,2.63630383374,2.63630383374,0
current_both,20.8,10.1980678433,10,-1.51895495722e-14,0,0.382737914929,0.382737914929,2.63630383374,2.63630383374,0
current_both,20.825,10.1980678433,10,-1.51895495722e-14,0,0.382737914929,0.382737914929,2.63630383374,2.63630383374,0
current_both,20.85,10.1980678433,10,-1.51895495722e-14,0,0.382737914929,0.382737914929,2.63630383374,2.63630383374,0
current_both,20.875,10.1980678433,10,-1.51895495722e-14,0,0.382737914929,0.382737914929,2.63630383374,2.63630383374,0
current_both,20.9,10.1980678433,10,-1.51895495722e-14,0,0.382737914929,0.382737914929,2.63630383374,2.63630383374,0
current_both,20.925,10.1980678433,10,-1.51895495722e-14,0,0.382737914929,0.382737914929,2.63630383374,2.63630383374,0
current_both,20.95,10.1980678433,10,-1.51895495722e-14,0,0.382737914929,0.382737914929,2.63630383374,2.63630383374,0
current_both,20.975,10.1980678433,10,-1.51895495722e-14,0,0.382737914929,0.382737914929,2.63630383374,2.63630383374,0
current_both,21,10.1980678433,10,-1.51895495722e-14,0,0.382737914929,0.382737914929,2.63630383374,2.63630383374,0
current_both,21.025,10.1980678433,10,-1.51895495722e-14,0,0.382737914929,0.382737914929,2.63630383374,2.63630383374,0
current_both,21.05,10.1980678433,10,-1.51895495722e-14,0,0.382737914929,0.382737914929,2.63630383374,2.63630383374,0
current_both,21.075,10.1980678433,10,-1.51895495722e-14,0,0.382737914929,0.382737914929,2.63630383374,2.63630383374,0
current_both,21.1,10.1980678433,10,-1.51895495722e-14,0,0.382737914929,0.382737914929,2.63630383374,2.63630383374,0
current_both,21.125,10.1980678433,10,-1.51895495722e-14,0,0.382737914929,0.382737914929,2.63630383374,2.63630383374,0
current_both,21.15,10.1980678433,10,-1.51895495722e-14,0,0.382737914929,0.382737914929,2.63630383374,2.63630383374,0
current_both,21.175,10.1980678433,10,-1.51895495722e-14,0,0.382737914929,0.382737914929,2.63630383374,2.63630383374,0
current_both,21.2,10.1980678433,10,-1.51895495722e-14,0,0.382737914929,0.382737914929,2.63630383374,2.63630383374,0
current_both,21.225,10.1980678433,10,-1.51895495722e-14,0,0.382737914929,0.382737914929,2.63630383374,2.63630383374,0
current_both,21.25,10.1980678433,10,-1.51895495722e-14,0,0.382737914929,0.382737914929,2.63630383374,2.63630383374,0
current_both,21.275,10.1980678433,10,-1.51895495722e-14,0,0.382737914929,0.382737914929,2.63630383374,2.63630383374,0
current_both,21.3,10.1980678433,10,-1.51895495722e-14,0,0.382737914929,0.382737914929,2.63630383374,2.63630383374,0
current_both,21.325,10.1980678433,10,-1.51895495722e-14,0,0.382737914929,0.382737914929,2.63630383374,2.63630383374,0
current_both,21.35,10.1980678433,10,-1.51895495722e-14,0,0.382737914929,0.382737914929,2.63630383374,2.63630383374,0
current_both,21.375,10.1980678433,10,-1.51895495722e-14,0,0.382737914929,0.382737914929,2.63630383374,2.63630383374,0
current_both,21.4,10.1980678433,10,-1.51895495722e-14,0,0.382737914929,0.382737914929,2.63630383374,2.63630383374,0
current_both,21.425,10.1980678433,10,-1.51895495722e-14,0,0.382737914929,0.382737914929,2.63630383374,2.63630383374,0
current_both,21.45,10.1980678433,10,-1.51895495722e-14,0,0.382737914929,0.382737914929,2.63630383374,2.63630383374,0
current_both,21.475,10.1980678433,10,-1.51895495722e-14,0,0.382737914929,0.382737914929,2.63630383374,2.63630383374,0
current_both,21.5,10.1980678433,10,-1.51895495722e-14,0,0.382737914929,0.382737914929,2.63630383374,2.63630383374,0
current_both,21.525,10.1980678433,10,-1.51895495722e-14,0,0.382737914929,0.382737914929,2.63630383374,2.63630383374,0
current_both,21.55,10.1980678433,10,-1.51895495722e-14,0,0.382737914929,0.382737914929,2.63630383374,2.63630383374,0
current_both,21.575,10.1980678433,10,-1.51895495722e-14,0,0.382737914929,0.382737914929,2.63630383374,2.63630383374,0
current_both,21.6,10.1980678433,10,-1.51895495722e-14,0,0.382737914929,0.382737914929,2.63630383374,2.63630383374,0
current_both,21.625,10.1980678433,10,-1.51895495722e-14,0,0.382737914929,0.382737914929,2.63630383374,2.63630383374,0
current_both,21.65,10.1980678433,10,-1.51895495722e-14,0,0.382737914929,0.382737914929,2.63630383374,2.63630383374,0
current_both,21.675,10.1980678433,10,-1.51895495722e-14,0,0.382737914929,0.382737914929,2.63630383374,2.63630383374,0
current_both,21.7,10.1980678433,10,-1.51895495722e-14,0,0.382737914929,0.382737914929,2.63630383374,2.63630383374,0
current_both,21.725,10.1980678433,10,-1.51895495722e-14,0,0.382737914929,0.382737914929,2.63630383374,2.63630383374,0
current_both,21.75,10.1980678433,10,-1.51895495722e-14,0,0.382737914929,0.382737914929,2.63630383374,2.63630383374,0
current_both,21.775,10.1980678433,10,-1.51895495722e-14,0,0.382737914929,0.382737914929,2.63630383374,2.63630383374,0
current_both,21.8,10.1980678433,10,-1.51895495722e-14,0,0.382737914929,0.382737914929,2.63630383374,2.63630383374,0
current_both,21.825,10.1980678433,10,-1.51895495722e-14,0,0.382737914929,0.382737914929,2.63630383374,2.63630383374,0
current_both,21.85,10.1980678433,10,-1.51895495722e-14,0,0.382737914929,0.382737914929,2.63630383374,2.63630383374,0
current_both,21.875,10.1980678433,10,-1.51895495722e-14,0,0.382737914929,0.382737914929,2.63630383374,2.63630383374,0
current_both,21.9,10.1980678433,10,-1.51895495722e-14,0,0.382737914929,0.382737914929,2.63630383374,2.63630383374,0
current_both,21.925,10.1980678433,10,-1.51895495722e-14,0,0.382737914929,0.382737914929,2.63630383374,2.63630383374,0
current_both,21.95,10.1980678433,10,-1.51895495722e-14,0,0.382737914929,0.382737914929,2.63630383374,2.63630383374,0
current_both,21.975,10.1980678433,10,-1.51895495722e-14,0,0.382737914929,0.382737914929,2.63630383374,2.63630383374,0
current_both,22,10.1980678433,10,-1.51895495722e-14,0,0.382737914929,0.382737914929,2.63630383374,2.63630383374,0
current_both,22.025,10.1980678433,10,-1.51895495722e-14,0,0.382737914929,0.382737914929,2.63630383374,2.63630383374,0
current_both,22.05,10.1980678433,10,-1.51895495722e-14,0,0.382737914929,0.382737914929,2.63630383374,2.63630383374,0
current_both,22.075,10.1980678433,10,-1.51895495722e-14,0,0.382737914929,0.382737914929,2.63630383374,2.63630383374,0
current_both,22.1,10.1980678433,10,-1.51895495722e-14,0,0.382737914929,0.382737914929,2.63630383374,2.63630383374,0
current_both,22.125,10.1980678433,10,-1.51895495722e-14,0,0.382737914929,0.382737914929,2.63630383374,2.63630383374,0
current_both,22.15,10.1980678433,10,-1.51895495722e-14,0,0.382737914929,0.382737914929,2.63630383374,2.63630383374,0
current_both,22.175,10.1980678433,10,-1.51895495722e-14,0,0.382737914929,0.382737914929,2.63630383374,2.63630383374,0
current_both,22.2,10.1980678433,10,-1.51895495722e-14,0,0.382737914929,0.382737914929,2.63630383374,2.63630383374,0
current_both,22.225,10.1980678433,10,-1.51895495722e-14,0,0.382737914929,0.382737914929,2.63630383374,2.63630383374,0
current_both,22.25,10.1980678433,10,-1.51895495722e-14,0,0.382737914929,0.382737914929,2.63630383374,2.63630383374,0
current_both,22.275,10.1980678433,10,-1.51895495722e-14,0,0.382737914929,0.382737914929,2.63630383374,2.63630383374,0
current_both,22.3,10.1980678433,10,-1.51895495722e-14,0,0.382737914929,0.382737914929,2.63630383374,2.63630383374,0
current_both,22.325,10.1980678433,10,-1.51895495722e-14,0,0.382737914929,0.382737914929,2.63630383374,2.63630383374,0
current_both,22.35,10.1980678433,10,-1.51895495722e-14,0,0.382737914929,0.382737914929,2.63630383374,2.63630383374,0
current_both,22.375,10.1980678433,10,-1.51895495722e-14,0,0.382737914929,0.382737914929,2.63630383374,2.63630383374,0
current_both,22.4,10.1980678433,10,-1.51895495722e-14,0,0.382737914929,0.382737914929,2.63630383374,2.63630383374,0
current_both,22.425,10.1980678433,10,-1.51895495722e-14,0,0.382737914929,0.382737914929,2.63630383374,2.63630383374,0
current_both,22.45,10.1980678433,10,-1.51895495722e-14,0,0.382737914929,0.382737914929,2.63630383374,2.63630383374,0
current_both,22.475,10.1980678433,10,-1.51895495722e-14,0,0.382737914929,0.382737914929,2.63630383374,2.63630383374,0
current_both,22.5,10.1980678433,10,-1.51895495722e-14,0,0.382737914929,0.382737914929,2.63630383374,2.63630383374,0
current_both,22.525,10.1980678433,10,-1.51895495722e-14,0,0.382737914929,0.382737914929,2.63630383374,2.63630383374,0
current_both,22.55,10.1980678433,10,-1.51895495722e-14,0,0.382737914929,0.382737914929,2.63630383374,2.63630383374,0
current_both,22.575,10.1980678433,10,-1.51895495722e-14,0,0.382737914929,0.382737914929,2.63630383374,2.63630383374,0
current_both,22.6,10.1980678433,10,-1.51895495722e-14,0,0.382737914929,0.382737914929,2.63630383374,2.63630383374,0
current_both,22.625,10.1980678433,10,-1.51895495722e-14,0,0.382737914929,0.382737914929,2.63630383374,2.63630383374,0
current_both,22.65,10.1980678433,10,-1.51895495722e-14,0,0.382737914929,0.382737914929,2.63630383374,2.63630383374,0
current_both,22.675,10.1980678433,10,-1.51895495722e-14,0,0.382737914929,0.382737914929,2.63630383374,2.63630383374,0
current_both,22.7,10.1980678433,10,-1.51895495722e-14,0,0.382737914929,0.382737914929,2.63630383374,2.63630383374,0
current_both,22.725,10.1980678433,10,-1.51895495722e-14,0,0.382737914929,0.382737914929,2.63630383374,2.63630383374,0
current_both,22.75,10.1980678433,10,-1.51895495722e-14,0,0.382737914929,0.382737914929,2.63630383374,2.63630383374,0
current_both,22.775,10.1980678433,10,-1.51895495722e-14,0,0.382737914929,0.382737914929,2.63630383374,2.63630383374,0
current_both,22.8,10.1980678433,10,-1.51895495722e-14,0,0.382737914929,0.382737914929,2.63630383374,2.63630383374,0
current_both,22.825,10.1980678433,10,-1.51895495722e-14,0,0.382737914929,0.382737914929,2.63630383374,2.63630383374,0
current_both,22.85,10.1980678433,10,-1.51895495722e-14,0,0.382737914929,0.382737914929,2.63630383374,2.63630383374,0
current_both,22.875,10.1980678433,10,-1.51895495722e-14,0,0.382737914929,0.382737914929,2.63630383374,2.63630383374,0
current_both,22.9,10.1980678433,10,-1.51895495722e-14,0,0.382737914929,0.382737914929,2.63630383374,2.63630383374,0
current_both,22.925,10.1980678433,10,-1.51895495722e-14,0,0.382737914929,0.382737914929,2.63630383374,2.63630383374,0
current_both,22.95,10.1980678433,10,-1.51895495722e-14,0,0.382737914929,0.382737914929,2.63630383374,2.63630383374,0
current_both,22.975,10.1980678433,10,-1.51895495722e-14,0,0.382737914929,0.382737914929,2.63630383374,2.63630383374,0
current_both,23,10.1980678433,10,-1.51895495722e-14,0,0.382737914929,0.382737914929,2.63630383374,2.63630383374,0
current_both,23.025,10.1980678433,10,-1.51895495722e-14,0,0.382737914929,0.382737914929,2.63630383374,2.63630383374,0
current_both,23.05,10.1980678433,10,-1.51895495722e-14,0,0.382737914929,0.382737914929,2.63630383374,2.63630383374,0
current_both,23.075,10.1980678433,10,-1.51895495722e-14,0,0.382737914929,0.382737914929,2.63630383374,2.63630383374,0
current_both,23.1,10.1980678433,10,-1.51895495722e-14,0,0.382737914929,0.382737914929,2.63630383374,2.63630383374,0
current_both,23.125,10.1980678433,10,-1.51895495722e-14,0,0.382737914929,0.382737914929,2.63630383374,2.63630383374,0
current_both,23.15,10.1980678433,10,-1.51895495722e-14,0,0.382737914929,0.382737914929,2.63630383374,2.63630383374,0
current_both,23.175,10.1980678433,10,-1.51895495722e-14,0,0.382737914929,0.382737914929,2.63630383374,2.63630383374,0
current_both,23.2,10.1980678433,10,-1.51895495722e-14,0,0.382737914929,0.382737914929,2.63630383374,2.63630383374,0
current_both,23.225,10.1980678433,10,-1.51895495722e-14,0,0.382737914929,0.382737914929,2.63630383374,2.63630383374,0
current_both,23.25,10.1980678433,10,-1.51895495722e-14,0,0.382737914929,0.382737914929,2.63630383374,2.63630383374,0
current_both,23.275,10.1980678433,10,-1.51895495722e-14,0,0.382737914929,0.382737914929,2.63630383374,2.63630383374,0
current_both,23.3,10.1980678433,10,-1.51895495722e-14,0,0.382737914929,0.382737914929,2.63630383374,2.63630383374,0
current_both,23.325,10.1980678433,10,-1.51895495722e-14,0,0.382737914929,0.382737914929,2.63630383374,2.63630383374,0
current_both,23.35,10.1980678433,10,-1.51895495722e-14,0,0.382737914929,0.382737914929,2.63630383374,2.63630383374,0
current_both,23.375,10.1980678433,10,-1.51895495722e-14,0,0.382737914929,0.382737914929,2.63630383374,2.63630383374,0
current_both,23.4,10.1980678433,10,-1.51895495722e-14,0,0.382737914929,0.382737914929,2.63630383374,2.63630383374,0
current_both,23.425,10.1980678433,10,-1.51895495722e-14,0,0.382737914929,0.382737914929,2.63630383374,2.63630383374,0
current_both,23.45,10.1980678433,10,-1.51895495722e-14,0,0.382737914929,0.382737914929,2.63630383374,2.63630383374,0
current_both,23.475,10.1980678433,10,-1.51895495722e-14,0,0.382737914929,0.382737914929,2.63630383374,2.63630383374,0
current_both,23.5,10.1980678433,10,-1.51895495722e-14,0,0.382737914929,0.382737914929,2.63630383374,2.63630383374,0
current_both,23.525,10.1980678433,10,-1.51895495722e-14,0,0.382737914929,0.382737914929,2.63630383374,2.63630383374,0
current_both,23.55,10.1980678433,10,-1.51895495722e-14,0,0.382737914929,0.382737914929,2.63630383374,2.63630383374,0
current_both,23.575,10.1980678433,10,-1.51895495722e-14,0,0.382737914929,0.382737914929,2.63630383374,2.63630383374,0
current_both,23.6,10.1980678433,10,-1.51895495722e-14,0,0.382737914929,0.382737914929,2.63630383374,2.63630383374,0
current_both,23.625,10.1980678433,10,-1.51895495722e-14,0,0.382737914929,0.382737914929,2.63630383374,2.63630383374,0
current_both,23.65,10.1980678433,10,-1.51895495722e-14,0,0.382737914929,0.382737914929,2.63630383374,2.63630383374,0
current_both,23.675,10.1980678433,10,-1.51895495722e-14,0,0.382737914929,0.382737914929,2.63630383374,2.63630383374,0
current_both,23.7,10.1980678433,10,-1.51895495722e-14,0,0.382737914929,0.382737914929,2.63630383374,2.63630383374,0
current_both,23.725,10.1980678433,10,-1.51895495722e-14,0,0.382737914929,0.382737914929,2.63630383374,2.63630383374,0
current_both,23.75,10.1980678433,10,-1.51895495722e-14,0,0.382737914929,0.382737914929,2.63630383374,2.63630383374,0
current_both,23.775,10.1980678433,10,-1.51895495722e-14,0,0.382737914929,0.382737914929,2.63630383374,2.63630383374,0
current_both,23.8,10.1980678433,10,-1.51895495722e-14,0,0.382737914929,0.382737914929,2.63630383374,2.63630383374,0
current_both,23.825,10.1980678433,10,-1.51895495722e-14,0,0.382737914929,0.382737914929,2.63630383374,2.63630383374,0
current_both,23.85,10.1980678433,10,-1.51895495722e-14,0,0.382737914929,0.382737914929,2.63630383374,2.63630383374,0
current_both,23.875,10.1980678433,10,-1.51895495722e-14,0,0.382737914929,0.382737914929,2.63630383374,2.63630383374,0
current_both,23.9,10.1980678433,10,-1.51895495722e-14,0,0.382737914929,0.382737914929,2.63630383374,2.63630383374,0
current_both,23.925,10.1980678433,10,-1.51895495722e-14,0,0.382737914929,0.382737914929,2.63630383374,2.63630383374,0
current_both,23.95,10.1980678433,10,-1.51895495722e-14,0,0.382737914929,0.382737914929,2.63630383374,2.63630383374,0
current_both,23.975,10.1980678433,10,-1.51895495722e-14,0,0.382737914929,0.382737914929,2.63630383374,2.63630383374,0
current_both,24,10.1980678433,10,-1.51895495722e-14,0,0.382737914929,0.382737914929,2.63630383374,2.63630383374,0
current_both,24.025,10.1980678433,10,-1.51895495722e-14,0,0.382737914929,0.382737914929,2.63630383374,2.63630383374,0
current_both,24.05,10.1980678433,10,-1.51895495722e-14,0,0.382737914929,0.382737914929,2.63630383374,2.63630383374,0
current_both,24.075,10.1980678433,10,-1.51895495722e-14,0,0.382737914929,0.382737914929,2.63630383374,2.63630383374,0
current_both,24.1,10.1980678433,10,-1.51895495722e-14,0,0.382737914929,0.382737914929,2.63630383374,2.63630383374,0
current_both,24.125,10.1980678433,10,-1.51895495722e-14,0,0.382737914929,0.382737914929,2.63630383374,2.63630383374,0
current_both,24.15,10.1980678433,10,-1.51895495722e-14,0,0.382737914929,0.382737914929,2.63630383374,2.63630383374,0
current_both,24.175,10.1980678433,10,-1.51895495722e-14,0,0.382737914929,0.382737914929,2.63630383374,2.63630383374,0
current_both,24.2,10.1980678433,10,-1.51895495722e-14,0,0.382737914929,0.382737914929,2.63630383374,2.63630383374,0
current_both,24.225,10.1980678433,10,-1.51895495722e-14,0,0.382737914929,0.382737914929,2.63630383374,2.63630383374,0
current_both,24.25,10.1980678433,10,-1.51895495722e-14,0,0.382737914929,0.382737914929,2.63630383374,2.63630383374,0
current_both,24.275,10.1980678433,10,-1.51895495722e-14,0,0.382737914929,0.382737914929,2.63630383374,2.63630383374,0
current_both,24.3,10.1980678433,10,-1.51895495722e-14,0,0.382737914929,0.382737914929,2.63630383374,2.63630383374,0
current_both,24.325,10.1980678433,10,-1.51895495722e-14,0,0.382737914929,0.382737914929,2.63630383374,2.63630383374,0
current_both,24.35,10.1980678433,10,-1.51895495722e-14,0,0.382737914929,0.382737914929,2.63630383374,2.63630383374,0
current_both,24.375,10.1980678433,10,-1.51895495722e-14,0,0.382737914929,0.382737914929,2.63630383374,2.63630383374,0
current_both,24.4,10.1980678433,10,-1.51895495722e-14,0,0.382737914929,0.382737914929,2.63630383374,2.63630383374,0
current_both,24.425,10.1980678433,10,-1.51895495722e-14,0,0.382737914929,0.382737914929,2.63630383374,2.63630383374,0
current_both,24.45,10.1980678433,10,-1.51895495722e-14,0,0.382737914929,0.382737914929,2.63630383374,2.63630383374,0
current_both,24.475,10.1980678433,10,-1.51895495722e-14,0,0.382737914929,0.382737914929,2.63630383374,2.63630383374,0
current_both,24.5,10.1980678433,10,-1.51895495722e-14,0,0.382737914929,0.382737914929,2.63630383374,2.63630383374,0
current_both,24.525,10.1980678433,10,-1.51895495722e-14,0,0.382737914929,0.382737914929,2.63630383374,2.63630383374,0
current_both,24.55,10.1980678433,10,-1.51895495722e-14,0,0.382737914929,0.382737914929,2.63630383374,2.63630383374,0
current_both,24.575,10.1980678433,10,-1.51895495722e-14,0,0.382737914929,0.382737914929,2.63630383374,2.63630383374,0
current_both,24.6,10.1980678433,10,-1.51895495722e-14,0,0.382737914929,0.382737914929,2.63630383374,2.63630383374,0
current_both,24.625,10.1980678433,10,-1.51895495722e-14,0,0.382737914929,0.382737914929,2.63630383374,2.63630383374,0
current_both,24.65,10.1980678433,10,-1.51895495722e-14,0,0.382737914929,0.382737914929,2.63630383374,2.63630383374,0
current_both,24.675,10.1980678433,10,-1.51895495722e-14,0,0.382737914929,0.382737914929,2.63630383374,2.63630383374,0
current_both,24.7,10.1980678433,10,-1.51895495722e-14,0,0.382737914929,0.382737914929,2.63630383374,2.63630383374,0
current_both,24.725,10.1980678433,10,-1.51895495722e-14,0,0.382737914929,0.382737914929,2.63630383374,2.63630383374,0
current_both,24.75,10.1980678433,10,-1.51895495722e-14,0,0.382737914929,0.382737914929,2.63630383374,2.63630383374,0
current_both,24.775,10.1980678433,10,-1.51895495722e-14,0,0.382737914929,0.382737914929,2.63630383374,2.63630383374,0
current_both,24.8,10.1980678433,10,-1.51895495722e-14,0,0.382737914929,0.382737914929,2.63630383374,2.63630383374,0
current_both,24.825,10.1980678433,10,-1.51895495722e-14,0,0.382737914929,0.382737914929,2.63630383374,2.63630383374,0
current_both,24.85,10.1980678433,10,-1.51895495722e-14,0,0.382737914929,0.382737914929,2.63630383374,2.63630383374,0
current_both,24.875,10.1980678433,10,-1.51895495722e-14,0,0.382737914929,0.382737914929,2.63630383374,2.63630383374,0
current_both,24.9,10.1980678433,10,-1.51895495722e-14,0,0.382737914929,0.382737914929,2.63630383374,2.63630383374,0
current_both,24.925,10.1980678433,10,-1.51895495722e-14,0,0.382737914929,0.382737914929,2.63630383374,2.63630383374,0
current_both,24.95,10.1980678433,10,-1.51895495722e-14,0,0.382737914929,0.382737914929,2.63630383374,2.63630383374,0
current_both,24.975,10.1980678433,10,-1.51895495722e-14,0,0.382737914929,0.382737914929,2.63630383374,2.63630383374,0
current_both,25,10.1980678433,10,-1.51895495722e-14,0,0.382737914929,0.382737914929,2.63630383374,2.63630383374,0
current_both,25.025,10.1980678433,10,-1.51895495722e-14,0,0.382737914929,0.382737914929,2.63630383374,2.63630383374,0
current_both,25.05,10.1980678433,10,-1.51895495722e-14,0,0.382737914929,0.382737914929,2.63630383374,2.63630383374,0
current_both,25.075,10.1980678433,10,-1.51895495722e-14,0,0.382737914929,0.382737914929,2.63630383374,2.63630383374,0
current_both,25.1,10.1980678433,10,-1.51895495722e-14,0,0.382737914929,0.382737914929,2.63630383374,2.63630383374,0
current_both,25.125,10.1980678433,10,-1.51895495722e-14,0,0.382737914929,0.382737914929,2.63630383374,2.63630383374,0
current_both,25.15,10.1980678433,10,-1.51895495722e-14,0,0.382737914929,0.382737914929,2.63630383374,2.63630383374,0
current_both,25.175,10.1980678433,10,-1.51895495722e-14,0,0.382737914929,0.382737914929,2.63630383374,2.63630383374,0
current_both,25.2,10.1980678433,10,-1.51895495722e-14,0,0.382737914929,0.382737914929,2.63630383374,2.63630383374,0
current_both,25.225,10.1980678433,10,-1.51895495722e-14,0,0.382737914929,0.382737914929,2.63630383374,2.63630383374,0
current_both,25.25,10.1980678433,10,-1.51895495722e-14,0,0.382737914929,0.382737914929,2.63630383374,2.63630383374,0
current_both,25.275,10.1980678433,10,-1.51895495722e-14,0,0.382737914929,0.382737914929,2.63630383374,2.63630383374,0
current_both,25.3,10.1980678433,10,-1.51895495722e-14,0,0.382737914929,0.382737914929,2.63630383374,2.63630383374,0
current_both,25.325,10.1980678433,10,-1.51895495722e-14,0,0.382737914929,0.382737914929,2.63630383374,2.63630383374,0
current_both,25.35,10.1980678433,10,-1.51895495722e-14,0,0.382737914929,0.382737914929,2.63630383374,2.63630383374,0
current_both,25.375,10.1980678433,10,-1.51895495722e-14,0,0.382737914929,0.382737914929,2.63630383374,2.63630383374,0
current_both,25.4,10.1980678433,10,-1.51895495722e-14,0,0.382737914929,0.382737914929,2.63630383374,2.63630383374,0
current_both,25.425,10.1980678433,10,-1.51895495722e-14,0,0.382737914929,0.382737914929,2.63630383374,2.63630383374,0
current_both,25.45,10.1980678433,10,-1.51895495722e-14,0,0.382737914929,0.382737914929,2.63630383374,2.63630383374,0
current_both,25.475,10.1980678433,10,-1.51895495722e-14,0,0.382737914929,0.382737914929,2.63630383374,2.63630383374,0
current_both,25.5,10.1980678433,10,-1.51895495722e-14,0,0.382737914929,0.382737914929,2.63630383374,2.63630383374,0
current_both,25.525,10.1980678433,10,-1.51895495722e-14,0,0.382737914929,0.382737914929,2.63630383374,2.63630383374,0
current_both,25.55,10.1980678433,10,-1.51895495722e-14,0,0.382737914929,0.382737914929,2.63630383374,2.63630383374,0
current_both,25.575,10.1980678433,10,-1.51895495722e-14,0,0.382737914929,0.382737914929,2.63630383374,2.63630383374,0
current_both,25.6,10.1980678433,10,-1.51895495722e-14,0,0.382737914929,0.382737914929,2.63630383374,2.63630383374,0
current_both,25.625,10.1980678433,10,-1.51895495722e-14,0,0.382737914929,0.382737914929,2.63630383374,2.63630383374,0
current_both,25.65,10.1980678433,10,-1.51895495722e-14,0,0.382737914929,0.382737914929,2.63630383374,2.63630383374,0
current_both,25.675,10.1980678433,10,-1.51895495722e-14,0,0.382737914929,0.382737914929,2.63630383374,2.63630383374,0
current_both,25.7,10.1980678433,10,-1.51895495722e-14,0,0.382737914929,0.382737914929,2.63630383374,2.63630383374,0
current_both,25.725,10.1980678433,10,-1.51895495722e-14,0,0.382737914929,0.382737914929,2.63630383374,2.63630383374,0
current_both,25.75,10.1980678433,10,-1.51895495722e-14,0,0.382737914929,0.382737914929,2.63630383374,2.63630383374,0
current_both,25.775,10.1980678433,10,-1.51895495722e-14,0,0.382737914929,0.382737914929,2.63630383374,2.63630383374,0
current_both,25.8,10.1980678433,10,-1.51895495722e-14,0,0.382737914929,0.382737914929,2.63630383374,2.63630383374,0
current_both,25.825,10.1980678433,10,-1.51895495722e-14,0,0.382737914929,0.382737914929,2.63630383374,2.63630383374,0
current_both,25.85,10.1980678433,10,-1.51895495722e-14,0,0.382737914929,0.382737914929,2.63630383374,2.63630383374,0
current_both,25.875,10.1980678433,10,-1.51895495722e-14,0,0.382737914929,0.382737914929,2.63630383374,2.63630383374,0
current_both,25.9,10.1980678433,10,-1.51895495722e-14,0,0.382737914929,0.382737914929,2.63630383374,2.63630383374,0
current_both,25.925,10.1980678433,10,-1.51895495722e-14,0,0.382737914929,0.382737914929,2.63630383374,2.63630383374,0
current_both,25.95,10.1980678433,10,-1.51895495722e-14,0,0.382737914929,0.382737914929,2.63630383374,2.63630383374,0
current_both,25.975,10.1980678433,10,-1.51895495722e-14,0,0.382737914929,0.382737914929,2.63630383374,2.63630383374,0
current_both,26,10.1980678433,10,-1.51895495722e-14,0,0.382737914929,0.382737914929,2.63630383374,2.63630383374,0
current_both,26.025,10.1980678433,10,-1.51895495722e-14,0,0.382737914929,0.382737914929,2.63630383374,2.63630383374,0
current_both,26.05,10.1980678433,10,-1.51895495722e-14,0,0.382737914929,0.382737914929,2.63630383374,2.63630383374,0
current_both,26.075,10.1980678433,10,-1.51895495722e-14,0,0.382737914929,0.382737914929,2.63630383374,2.63630383374,0
current_both,26.1,10.1980678433,10,-1.51895495722e-14,0,0.382737914929,0.382737914929,2.63630383374,2.63630383374,0
current_both,26.125,10.1980678433,10,-1.51895495722e-14,0,0.382737914929,0.382737914929,2.63630383374,2.63630383374,0
current_both,26.15,10.1980678433,10,-1.51895495722e-14,0,0.382737914929,0.382737914929,2.63630383374,2.63630383374,0
current_both,26.175,10.1980678433,10,-1.51895495722e-14,0,0.382737914929,0.382737914929,2.63630383374,2.63630383374,0
current_both,26.2,10.1980678433,10,-1.51895495722e-14,0,0.382737914929,0.382737914929,2.63630383374,2.63630383374,0
current_both,26.225,10.1980678433,10,-1.51895495722e-14,0,0.382737914929,0.382737914929,2.63630383374,2.63630383374,0
current_both,26.25,10.1980678433,10,-1.51895495722e-14,0,0.382737914929,0.382737914929,2.63630383374,2.63630383374,0
current_both,26.275,10.1980678433,10,-1.51895495722e-14,0,0.382737914929,0.382737914929,2.63630383374,2.63630383374,0
current_both,26.3,10.1980678433,10,-1.51895495722e-14,0,0.382737914929,0.382737914929,2.63630383374,2.63630383374,0
current_both,26.325,10.1980678433,10,-1.51895495722e-14,0,0.382737914929,0.382737914929,2.63630383374,2.63630383374,0
current_both,26.35,10.1980678433,10,-1.51895495722e-14,0,0.382737914929,0.382737914929,2.63630383374,2.63630383374,0
current_both,26.375,10.1980678433,10,-1.51895495722e-14,0,0.382737914929,0.382737914929,2.63630383374,2.63630383374,0
current_both,26.4,10.1980678433,10,-1.51895495722e-14,0,0.382737914929,0.382737914929,2.63630383374,2.63630383374,0
current_both,26.425,10.1980678433,10,-1.51895495722e-14,0,0.382737914929,0.382737914929,2.63630383374,2.63630383374,0
current_both,26.45,10.1980678433,10,-1.51895495722e-14,0,0.382737914929,0.382737914929,2.63630383374,2.63630383374,0
current_both,26.475,10.1980678433,10,-1.51895495722e-14,0,0.382737914929,0.382737914929,2.63630383374,2.63630383374,0
current_both,26.5,10.1980678433,10,-1.51895495722e-14,0,0.382737914929,0.382737914929,2.63630383374,2.63630383374,0
current_both,26.525,10.1980678433,10,-1.51895495722e-14,0,0.382737914929,0.382737914929,2.63630383374,2.63630383374,0
current_both,26.55,10.1980678433,10,-1.51895495722e-14,0,0.382737914929,0.382737914929,2.63630383374,2.63630383374,0
current_both,26.575,10.1980678433,10,-1.51895495722e-14,0,0.382737914929,0.382737914929,2.63630383374,2.63630383374,0
current_both,26.6,10.1980678433,10,-1.51895495722e-14,0,0.382737914929,0.382737914929,2.63630383374,2.63630383374,0
current_both,26.625,10.1980678433,10,-1.51895495722e-14,0,0.382737914929,0.382737914929,2.63630383374,2.63630383374,0
current_both,26.65,10.1980678433,10,-1.51895495722e-14,0,0.382737914929,0.382737914929,2.63630383374,2.63630383374,0
current_both,26.675,10.1980678433,10,-1.51895495722e-14,0,0.382737914929,0.382737914929,2.63630383374,2.63630383374,0
current_both,26.7,10.1980678433,10,-1.51895495722e-14,0,0.382737914929,0.382737914929,2.63630383374,2.63630383374,0
current_both,26.725,10.1980678433,10,-1.51895495722e-14,0,0.382737914929,0.382737914929,2.63630383374,2.63630383374,0
current_both,26.75,10.1980678433,10,-1.51895495722e-14,0,0.382737914929,0.382737914929,2.63630383374,2.63630383374,0
current_both,26.775,10.1980678433,10,-1.51895495722e-14,0,0.382737914929,0.382737914929,2.63630383374,2.63630383374,0
current_both,26.8,10.1980678433,10,-1.51895495722e-14,0,0.382737914929,0.382737914929,2.63630383374,2.63630383374,0
current_both,26.825,10.1980678433,10,-1.51895495722e-14,0,0.382737914929,0.382737914929,2.63630383374,2.63630383374,0
current_both,26.85,10.1980678433,10,-1.51895495722e-14,0,0.382737914929,0.382737914929,2.63630383374,2.63630383374,0
current_both,26.875,10.1980678433,10,-1.51895495722e-14,0,0.382737914929,0.382737914929,2.63630383374,2.63630383374,0
current_both,26.9,10.1980678433,10,-1.51895495722e-14,0,0.382737914929,0.382737914929,2.63630383374,2.63630383374,0
current_both,26.925,10.1980678433,10,-1.51895495722e-14,0,0.382737914929,0.382737914929,2.63630383374,2.63630383374,0
current_both,26.95,10.1980678433,10,-1.51895495722e-14,0,0.382737914929,0.382737914929,2.63630383374,2.63630383374,0
current_both,26.975,10.1980678433,10,-1.51895495722e-14,0,0.382737914929,0.382737914929,2.63630383374,2.63630383374,0
current_both,27,10.1980678433,10,-1.51895495722e-14,0,0.382737914929,0.382737914929,2.63630383374,2.63630383374,0
current_both,27.025,10.1980678433,10,-1.51895495722e-14,0,0.382737914929,0.382737914929,2.63630383374,2.63630383374,0
current_both,27.05,10.1980678433,10,-1.51895495722e-14,0,0.382737914929,0.382737914929,2.63630383374,2.63630383374,0
current_both,27.075,10.1980678433,10,-1.51895495722e-14,0,0.382737914929,0.382737914929,2.63630383374,2.63630383374,0
current_both,27.1,10.1980678433,10,-1.51895495722e-14,0,0.382737914929,0.382737914929,2.63630383374,2.63630383374,0
current_both,27.125,10.1980678433,10,-1.51895495722e-14,0,0.382737914929,0.382737914929,2.63630383374,2.63630383374,0
current_both,27.15,10.1980678433,10,-1.51895495722e-14,0,0.382737914929,0.382737914929,2.63630383374,2.63630383374,0
current_both,27.175,10.1980678433,10,-1.51895495722e-14,0,0.382737914929,0.382737914929,2.63630383374,2.63630383374,0
current_both,27.2,10.1980678433,10,-1.51895495722e-14,0,0.382737914929,0.382737914929,2.63630383374,2.63630383374,0
current_both,27.225,10.1980678433,10,-1.51895495722e-14,0,0.382737914929,0.382737914929,2.63630383374,2.63630383374,0
current_both,27.25,10.1980678433,10,-1.51895495722e-14,0,0.382737914929,0.382737914929,2.63630383374,2.63630383374,0
current_both,27.275,10.1980678433,10,-1.51895495722e-14,0,0.382737914929,0.382737914929,2.63630383374,2.63630383374,0
current_both,27.3,10.1980678433,10,-1.51895495722e-14,0,0.382737914929,0.382737914929,2.63630383374,2.63630383374,0
current_both,27.325,10.1980678433,10,-1.51895495722e-14,0,0.382737914929,0.382737914929,2.63630383374,2.63630383374,0
current_both,27.35,10.1980678433,10,-1.51895495722e-14,0,0.382737914929,0.382737914929,2.63630383374,2.63630383374,0
current_both,27.375,10.1980678433,10,-1.51895495722e-14,0,0.382737914929,0.382737914929,2.63630383374,2.63630383374,0
current_both,27.4,10.1980678433,10,-1.51895495722e-14,0,0.382737914929,0.382737914929,2.63630383374,2.63630383374,0
current_both,27.425,10.1980678433,10,-1.51895495722e-14,0,0.382737914929,0.382737914929,2.63630383374,2.63630383374,0
current_both,27.45,10.1980678433,10,-1.51895495722e-14,0,0.382737914929,0.382737914929,2.63630383374,2.63630383374,0
current_both,27.475,10.1980678433,10,-1.51895495722e-14,0,0.382737914929,0.382737914929,2.63630383374,2.63630383374,0
current_both,27.5,10.1980678433,10,-1.51895495722e-14,0,0.382737914929,0.382737914929,2.63630383374,2.63630383374,0
current_both,27.525,10.1980678433,10,-1.51895495722e-14,0,0.382737914929,0.382737914929,2.63630383374,2.63630383374,0
current_both,27.55,10.1980678433,10,-1.51895495722e-14,0,0.382737914929,0.382737914929,2.63630383374,2.63630383374,0
current_both,27.575,10.1980678433,10,-1.51895495722e-14,0,0.382737914929,0.382737914929,2.63630383374,2.63630383374,0
current_both,27.6,10.1980678433,10,-1.51895495722e-14,0,0.382737914929,0.382737914929,2.63630383374,2.63630383374,0
current_both,27.625,10.1980678433,10,-1.51895495722e-14,0,0.382737914929,0.382737914929,2.63630383374,2.63630383374,0
current_both,27.65,10.1980678433,10,-1.51895495722e-14,0,0.382737914929,0.382737914929,2.63630383374,2.63630383374,0
current_both,27.675,10.1980678433,10,-1.51895495722e-14,0,0.382737914929,0.382737914929,2.63630383374,2.63630383374,0
current_both,27.7,10.1980678433,10,-1.51895495722e-14,0,0.382737914929,0.382737914929,2.63630383374,2.63630383374,0
current_both,27.725,10.1980678433,10,-1.51895495722e-14,0,0.382737914929,0.382737914929,2.63630383374,2.63630383374,0
current_both,27.75,10.1980678433,10,-1.51895495722e-14,0,0.382737914929,0.382737914929,2.63630383374,2.63630383374,0
current_both,27.775,10.1980678433,10,-1.51895495722e-14,0,0.382737914929,0.382737914929,2.63630383374,2.63630383374,0
current_both,27.8,10.1980678433,10,-1.51895495722e-14,0,0.382737914929,0.382737914929,2.63630383374,2.63630383374,0
current_both,27.825,10.1980678433,10,-1.51895495722e-14,0,0.382737914929,0.382737914929,2.63630383374,2.63630383374,0
current_both,27.85,10.1980678433,10,-1.51895495722e-14,0,0.382737914929,0.382737914929,2.63630383374,2.63630383374,0
current_both,27.875,10.1980678433,10,-1.51895495722e-14,0,0.382737914929,0.382737914929,2.63630383374,2.63630383374,0
current_both,27.9,10.1980678433,10,-1.51895495722e-14,0,0.382737914929,0.382737914929,2.63630383374,2.63630383374,0
current_both,27.925,10.1980678433,10,-1.51895495722e-14,0,0.382737914929,0.382737914929,2.63630383374,2.63630383374,0
current_both,27.95,10.1980678433,10,-1.51895495722e-14,0,0.382737914929,0.382737914929,2.63630383374,2.63630383374,0
current_both,27.975,10.1980678433,10,-1.51895495722e-14,0,0.382737914929,0.382737914929,2.63630383374,2.63630383374,0
current_both,28,10.1980678433,10,-1.51895495722e-14,0,0.382737914929,0.382737914929,2.63630383374,2.63630383374,0
current_both,28.025,10.1980678433,10,-1.51895495722e-14,0,0.382737914929,0.382737914929,2.63630383374,2.63630383374,0
current_both,28.05,10.1980678433,10,-1.51895495722e-14,0,0.382737914929,0.382737914929,2.63630383374,2.63630383374,0
current_both,28.075,10.1980678433,10,-1.51895495722e-14,0,0.382737914929,0.382737914929,2.63630383374,2.63630383374,0
current_both,28.1,10.1980678433,10,-1.51895495722e-14,0,0.382737914929,0.382737914929,2.63630383374,2.63630383374,0
current_both,28.125,10.1980678433,10,-1.51895495722e-14,0,0.382737914929,0.382737914929,2.63630383374,2.63630383374,0
current_both,28.15,10.1980678433,10,-1.51895495722e-14,0,0.382737914929,0.382737914929,2.63630383374,2.63630383374,0
current_both,28.175,10.1980678433,10,-1.51895495722e-14,0,0.382737914929,0.382737914929,2.63630383374,2.63630383374,0
current_both,28.2,10.1980678433,10,-1.51895495722e-14,0,0.382737914929,0.382737914929,2.63630383374,2.63630383374,0
current_both,28.225,10.1980678433,10,-1.51895495722e-14,0,0.382737914929,0.382737914929,2.63630383374,2.63630383374,0
current_both,28.25,10.1980678433,10,-1.51895495722e-14,0,0.382737914929,0.382737914929,2.63630383374,2.63630383374,0
current_both,28.275,10.1980678433,10,-1.51895495722e-14,0,0.382737914929,0.382737914929,2.63630383374,2.63630383374,0
current_both,28.3,10.1980678433,10,-1.51895495722e-14,0,0.382737914929,0.382737914929,2.63630383374,2.63630383374,0
current_both,28.325,10.1980678433,10,-1.51895495722e-14,0,0.382737914929,0.382737914929,2.63630383374,2.63630383374,0
current_both,28.35,10.1980678433,10,-1.51895495722e-14,0,0.382737914929,0.382737914929,2.63630383374,2.63630383374,0
current_both,28.375,10.1980678433,10,-1.51895495722e-14,0,0.382737914929,0.382737914929,2.63630383374,2.63630383374,0
current_both,28.4,10.1980678433,10,-1.51895495722e-14,0,0.382737914929,0.382737914929,2.63630383374,2.63630383374,0
current_both,28.425,10.1980678433,10,-1.51895495722e-14,0,0.382737914929,0.382737914929,2.63630383374,2.63630383374,0
current_both,28.45,10.1980678433,10,-1.51895495722e-14,0,0.382737914929,0.382737914929,2.63630383374,2.63630383374,0
current_both,28.475,10.1980678433,10,-1.51895495722e-14,0,0.382737914929,0.382737914929,2.63630383374,2.63630383374,0
current_both,28.5,10.1980678433,10,-1.51895495722e-14,0,0.382737914929,0.382737914929,2.63630383374,2.63630383374,0
current_both,28.525,10.1980678433,10,-1.51895495722e-14,0,0.382737914929,0.382737914929,2.63630383374,2.63630383374,0
current_both,28.55,10.1980678433,10,-1.51895495722e-14,0,0.382737914929,0.382737914929,2.63630383374,2.63630383374,0
current_both,28.575,10.1980678433,10,-1.51895495722e-14,0,0.382737914929,0.382737914929,2.63630383374,2.63630383374,0
current_both,28.6,10.1980678433,10,-1.51895495722e-14,0,0.382737914929,0.382737914929,2.63630383374,2.63630383374,0
current_both,28.625,10.1980678433,10,-1.51895495722e-14,0,0.382737914929,0.382737914929,2.63630383374,2.63630383374,0
current_both,28.65,10.1980678433,10,-1.51895495722e-14,0,0.382737914929,0.382737914929,2.63630383374,2.63630383374,0
current_both,28.675,10.1980678433,10,-1.51895495722e-14,0,0.382737914929,0.382737914929,2.63630383374,2.63630383374,0
current_both,28.7,10.1980678433,10,-1.51895495722e-14,0,0.382737914929,0.382737914929,2.63630383374,2.63630383374,0
current_both,28.725,10.1980678433,10,-1.51895495722e-14,0,0.382737914929,0.382737914929,2.63630383374,2.63630383374,0
current_both,28.75,10.1980678433,10,-1.51895495722e-14,0,0.382737914929,0.382737914929,2.63630383374,2.63630383374,0
current_both,28.775,10.1980678433,10,-1.51895495722e-14,0,0.382737914929,0.382737914929,2.63630383374,2.63630383374,0
current_both,28.8,10.1980678433,10,-1.51895495722e-14,0,0.382737914929,0.382737914929,2.63630383374,2.63630383374,0
current_both,28.825,10.1980678433,10,-1.51895495722e-14,0,0.382737914929,0.382737914929,2.63630383374,2.63630383374,0
current_both,28.85,10.1980678433,10,-1.51895495722e-14,0,0.382737914929,0.382737914929,2.63630383374,2.63630383374,0
current_both,28.875,10.1980678433,10,-1.51895495722e-14,0,0.382737914929,0.382737914929,2.63630383374,2.63630383374,0
current_both,28.9,10.1980678433,10,-1.51895495722e-14,0,0.382737914929,0.382737914929,2.63630383374,2.63630383374,0
current_both,28.925,10.1980678433,10,-1.51895495722e-14,0,0.382737914929,0.382737914929,2.63630383374,2.63630383374,0
current_both,28.95,10.1980678433,10,-1.51895495722e-14,0,0.382737914929,0.382737914929,2.63630383374,2.63630383374,0
current_both,28.975,10.1980678433,10,-1.51895495722e-14,0,0.382737914929,0.382737914929,2.63630383374,2.63630383374,0
current_both,29,10.1980678433,10,-1.51895495722e-14,0,0.382737914929,0.382737914929,2.63630383374,2.63630383374,0
current_both,29.025,10.1980678433,10,-1.51895495722e-14,0,0.382737914929,0.382737914929,2.63630383374,2.63630383374,0
current_both,29.05,10.1980678433,10,-1.51895495722e-14,0,0.382737914929,0.382737914929,2.63630383374,2.63630383374,0
current_both,29.075,10.1980678433,10,-1.51895495722e-14,0,0.382737914929,0.382737914929,2.63630383374,2.63630383374,0
current_both,29.1,10.1980678433,10,-1.51895495722e-14,0,0.382737914929,0.382737914929,2.63630383374,2.63630383374,0
current_both,29.125,10.1980678433,10,-1.51895495722e-14,0,0.382737914929,0.382737914929,2.63630383374,2.63630383374,0
current_both,29.15,10.1980678433,10,-1.51895495722e-14,0,0.382737914929,0.382737914929,2.63630383374,2.63630383374,0
current_both,29.175,10.1980678433,10,-1.51895495722e-14,0,0.382737914929,0.382737914929,2.63630383374,2.63630383374,0
current_both,29.2,10.1980678433,10,-1.51895495722e-14,0,0.382737914929,0.382737914929,2.63630383374,2.63630383374,0
current_both,29.225,10.1980678433,10,-1.51895495722e-14,0,0.382737914929,0.382737914929,2.63630383374,2.63630383374,0
current_both,29.25,10.1980678433,10,-1.51895495722e-14,0,0.382737914929,0.382737914929,2.63630383374,2.63630383374,0
current_both,29.275,10.1980678433,10,-1.51895495722e-14,0,0.382737914929,0.382737914929,2.63630383374,2.63630383374,0
current_both,29.3,10.1980678433,10,-1.51895495722e-14,0,0.382737914929,0.382737914929,2.63630383374,2.63630383374,0
current_both,29.325,10.1980678433,10,-1.51895495722e-14,0,0.382737914929,0.382737914929,2.63630383374,2.63630383374,0
current_both,29.35,10.1980678433,10,-1.51895495722e-14,0,0.382737914929,0.382737914929,2.63630383374,2.63630383374,0
current_both,29.375,10.1980678433,10,-1.51895495722e-14,0,0.382737914929,0.382737914929,2.63630383374,2.63630383374,0
current_both,29.4,10.1980678433,10,-1.51895495722e-14,0,0.382737914929,0.382737914929,2.63630383374,2.63630383374,0
current_both,29.425,10.1980678433,10,-1.51895495722e-14,0,0.382737914929,0.382737914929,2.63630383374,2.63630383374,0
current_both,29.45,10.1980678433,10,-1.51895495722e-14,0,0.382737914929,0.382737914929,2.63630383374,2.63630383374,0
current_both,29.475,10.1980678433,10,-1.51895495722e-14,0,0.382737914929,0.382737914929,2.63630383374,2.63630383374,0
current_both,29.5,10.1980678433,10,-1.51895495722e-14,0,0.382737914929,0.382737914929,2.63630383374,2.63630383374,0
current_both,29.525,10.1980678433,10,-1.51895495722e-14,0,0.382737914929,0.382737914929,2.63630383374,2.63630383374,0
current_both,29.55,10.1980678433,10,-1.51895495722e-14,0,0.382737914929,0.382737914929,2.63630383374,2.63630383374,0
current_both,29.575,10.1980678433,10,-1.51895495722e-14,0,0.382737914929,0.382737914929,2.63630383374,2.63630383374,0
current_both,29.6,10.1980678433,10,-1.51895495722e-14,0,0.382737914929,0.382737914929,2.63630383374,2.63630383374,0
current_both,29.625,10.1980678433,10,-1.51895495722e-14,0,0.382737914929,0.382737914929,2.63630383374,2.63630383374,0
current_both,29.65,10.1980678433,10,-1.51895495722e-14,0,0.382737914929,0.382737914929,2.63630383374,2.63630383374,0
current_both,29.675,10.1980678433,10,-1.51895495722e-14,0,0.382737914929,0.382737914929,2.63630383374,2.63630383374,0
current_both,29.7,10.1980678433,10,-1.51895495722e-14,0,0.382737914929,0.382737914929,2.63630383374,2.63630383374,0
current_both,29.725,10.1980678433,10,-1.51895495722e-14,0,0.382737914929,0.382737914929,2.63630383374,2.63630383374,0
current_both,29.75,10.1980678433,10,-1.51895495722e-14,0,0.382737914929,0.382737914929,2.63630383374,2.63630383374,0
current_both,29.775,10.1980678433,10,-1.51895495722e-14,0,0.382737914929,0.382737914929,2.63630383374,2.63630383374,0
current_both,29.8,10.1980678433,10,-1.51895495722e-14,0,0.382737914929,0.382737914929,2.63630383374,2.63630383374,0
current_both,29.825,10.1980678433,10,-1.51895495722e-14,0,0.382737914929,0.382737914929,2.63630383374,2.63630383374,0
current_both,29.85,10.1980678433,10,-1.51895495722e-14,0,0.382737914929,0.382737914929,2.63630383374,2.63630383374,0
current_both,29.875,10.1980678433,10,-1.51895495722e-14,0,0.382737914929,0.382737914929,2.63630383374,2.63630383374,0
current_both,29.9,10.1980678433,10,-1.51895495722e-14,0,0.382737914929,0.382737914929,2.63630383374,2.63630383374,0
current_both,29.925,10.1980678433,10,-1.51895495722e-14,0,0.382737914929,0.382737914929,2.63630383374,2.63630383374,0
current_both,29.95,10.1980678433,10,-1.51895495722e-14,0,0.382737914929,0.382737914929,2.63630383374,2.63630383374,0
current_both,29.975,10.1980678433,10,-1.51895495722e-14,0,0.382737914929,0.382737914929,2.63630383374,2.63630383374,0
current_both,30,10.1980678433,10,-1.51895495722e-14,0,0.382737914929,0.382737914929,0,0,0
current_none,0,10,10,0,0,0.530624847487,0.530624847487,0,0,0
current_none,0.025,10.001875,10,0.075,2.67218191735e-22,0.529161254739,0.529161254739,0,0,0
current_none,0.05,10.005625,10,0.15,5.3443638347e-22,0.526237297929,0.526237297929,0,0,0
current_none,0.075,10.01125,10,0.225,8.01654575205e-22,0.521859490077,0.521859490077,0,0,0
current_none,0.1,10.01875,10,0.3,1.06887276694e-21,0.516037741341,0.516037741341,0,0,0
current_none,0.125,10.028,10,0.37,1.31827641256e-21,0.50888204372,0.50888204372,0,0,0
current_none,0.15,10.038825,10,0.433,1.54273969362e-21,0.500542834382,0.500542834382,0,0,0
current_none,0.175,10.0510675,10,0.4897,1.74475664657e-21,0.491157882607,0.491157882607,0,0,0
current_none,0.2,10.06458575,10,0.54073,1.92657190422e-21,0.480853289025,0.480853289025,0,0,0
current_none,0.225,10.079252175,10,0.586657,2.09020563612e-21,0.469744463911,0.469744463911,0,0,0
current_none,0.25,10.0949519575,10,0.6279913,2.23747599482e-21,0.45793706758,0.45793706758,0,0,0
current_none,0.275,10.1115817618,10,0.66519217,2.37001931765e-21,0.445527902667,0.445527902667,0,0,0
current_none,0.3,10.1290485856,10,0.698672953,2.4893083082e-21,0.432605752687,0.432605752687,0,0,0
current_none,0.325,10.147268727,10,0.7288056577,2.59666839969e-21,0.419252164386,0.419252164386,0,0,0
current_none,0.35,10.1661668543,10,0.75592509193,2.69329248203e-21,0.405542173545,0.405542173545,0,0,0
current_none,0.375,10.1856751689,10,0.780332582737,2.78025415614e-21,0.391544975273,0.391544975273,0,0,0
current_none,0.4,10.205732652,10,0.802299324463,2.85851966284e-21,0.377324540718,0.377324540718,0,0,0
current_none,0.425,10.2262843868,10,0.822069392017,2.92895861887e-21,0.362940182631,0.362940182631,0,0,0
current_none,0.45,10.2472809481,10,0.839862452815,2.9923536793e-21,0.348447072493,0.348447072493,0,0,0
current_none,0.475,10.2686778533,10,0.855876207534,3.04940923368e-21,0.333896711983,0.333896711983,0,0,0
current_none,0.5,10.290435068,10,0.87028858678,3.10075923263e-21,0.319337361528,0.319337361528,0,0,0
current_none,0.525,10.3125165612,10,0.883259728102,3.14697423168e-21,0.30481442854,0.30481442854,0,0,0
current_none,0.55,10.3348899051,10,0.894933755292,3.18856773082e-21,0.290370817734,0.290370817734,0,0,0
current_none,0.575,10.3575259146,10,0.905440379763,3.22600188005e-21,0.27604724573,0.27604724573,0,0,0
current_none,0.6,10.3803983231,10,0.914896341787,3.25969261436e-21,0.261882521847,0.261882521847,0,0,0
current_none,0.625,10.4034834908,10,0.923406707608,3.29001427524e-21,0.247913796759,0.247913796759,0,0,0
current_none,0.65,10.4267601417,10,0.931066036847,3.31730377003e-21,0.234176780428,0.234176780428,0,0,0
current_none,0.675,10.4502091275,10,0.937959433162,3.34186431534e-21,0.220705930466,0.220705930466,0,0,0
current_none,0.7,10.4738132148,10,0.944163489846,3.36396880612e-21,0.207534611873,0.207534611873,0,0,0
current_none,0.725,10.4975568933,10,0.949747140862,3.38386284782e-21,0.194695228878,0.194695228878,0,0,0
current_none,0.75,10.521426204,10,0.954772426775,3.40176748535e-21,0.182219329472,0.182219329472,0,0,0
current_none,0.775,10.5454085836,10,0.959295184098,3.41788165913e-21,0.170137683113,0.170137683113,0,0,0
current_none,0.8,10.5694927252,10,0.963365665688,3.43238441553e-21,0.158480332004,0.158480332004,0,0,0
current_none,0.825,10.5936684527,10,0.967029099119,3.44543689629e-21,0.147276616397,0.147276616397,0,0,0
current_none,0.85,10.6179266074,10,0.970326189207,3.45718412897e-21,0.136555174431,0.136555174431,0,0,0
current_none,0.875,10.6422589467,10,0.973293570287,3.46775663839e-21,0.126343917207,0.126343917207,0,0,0
current_none,0.9,10.666658052,10,0.975964213258,3.47727189686e-21,0.11666998003,0.11666998003,0,0,0
current_none,0.925,10.6911172468,10,0.978367791932,3.48583562949e-21,0.107559651112,0.107559651112,0,0,0
current_none,0.95,10.7156305221,10,0.980531012739,3.49354298886e-21,0.0990382794326,0.0990382794326,0,0,0
current_none,0.975,10.7401924699,10,0.982477911465,3.50047961228e-21,0.0911301639378,0.0911301639378,0,0,0
current_none,1,10.7647982229,10,0.984230120319,3.50672257337e-21,0.0838584267954,0.0838584267954,0,0,0
current_none,1.025,10.7894434006,10,0.985807108287,3.51234123834e-21,0.0772448739859,0.0772448739859,0,0,0
current_none,1.05,10.8141240606,10,0.987226397458,3.51739803682e-21,0.0713098470482,0.0713098470482,0,0,0
current_none,1.075,10.8388366545,10,0.988503757712,3.52194915545e-21,0.0660720703026,0.0660720703026,0,0,0
current_none,1.1,10.8635779891,10,0.989653381941,3.52604516222e-21,0.0615484982846,0.0615484982846,0,0,0
current_none,1.125,10.8883451902,10,0.990688043747,3.52973156831e-21,0.057754168396,0.057754168396,0,0,0
current_none,1.15,10.9131356711,10,0.991619239372,3.5330493338e-21,0.0547020638895,0.0547020638895,0,0,0
current_none,1.175,10.937947104,10,0.992457315435,3.53603532273e-21,0.0524029922044,0.0524029922044,0,0,0
current_none,1.2,10.9627773936,10,0.993211583891,3.53872271277e-21,0.0508654833525,0.0508654833525,0,0,0
current_none,1.225,10.9876246543,10,0.993890425502,3.54114136381e-21,0.0500957125133,0.0500957125133,0,0,0
current_none,1.25,11.0124871888,10,0.994501382952,3.54331814974e-21,0.0500974502428,0.0500974502428,0,0,0
current_none,1.275,11.03736347,10,0.995051244657,3.54527725708e-21,0.0508720427677,0.0508720427677,0,0,0
current_none,1.3,11.062252123,10,0.995546120191,3.54704045368e-21,0.0524184237744,0.0524184237744,0,0,0
current_none,1.325,11.0871519107,10,0.995991508172,3.54862733063e-21,0.0547331579672,0.0547331579672,0,0,0
current_none,1.35,11.1120617196,10,0.996392357355,3.55005551988e-21,0.0578105155286,0.0578105155286,0,0,0
current_none,1.375,11.1369805476,10,0.996753121619,3.5513408902e-21,0.0616425755408,0.0616425755408,0,0,0
current_none,1.4,11.1619074929,10,0.997077809457,3.5524977235e-21,0.0662193554726,0.0662193554726,0,0,0
current_none,1.425,11.1868417436,10,0.997370028512,3.55353887346e-21,0.0715289630596,0.0715289630596,0,0,0
current_none,1.45,11.2117825692,10,0.997633025661,3.55447590843e-21,0.0775577663391,0.0775577663391,0,0,0
current_none,1.475,11.2367293123,10,0.997869723094,3.5553192399e-21,0.0842905772594,0.0842905772594,0,0,0
current_none,1.5,11.2616813811,10,0.998082750785,3.55607823822e-21,0.0917108441742,0.0917108441742,0,0,0
current_none,1.525,11.286638243,10,0.998274475707,3.55676133671e-21,0.099800848629,0.099800848629,0,0,0
current_none,1.55,11.3115994187,10,0.998447028136,3.55737612535e-21,0.108541902131,0.108541902131,0,0,0
current_none,1.575,11.3365644768,10,0.998602325322,3.55792943513e-21,0.117914539022,0.117914539022,0,0,0
current_none,1.6,11.3615330291,10,0.99874209279,3.55842741393e-21,0.127898702099,0.127898702099,0,0,0
current_none,1.625,11.3865047262,10,0.998867883511,3.55887559485e-21,0.138473918234,0.138473918234,0,0,0
current_none,1.65,11.4114792536,10,0.99898109516,3.55927895768e-21,0.149619461847,0.149619461847,0,0,0
current_none,1.675,11.4364563282,10,0.999082985644,3.55964198423e-21,0.161314504687,0.161314504687,0,0,0
current_none,1.7,11.4614356954,10,0.99917468708,3.55996870812e-21,0.173538250965,0.173538250965,0,0,0
current_none,1.725,11.4864171259,10,0.999257218372,3.56026275962e-21,0.186270057375,0.186270057375,0,0,0
current_none,1.75,11.5114004133,10,0.999331496534,3.56052740597e-21,0.199489537964,0.199489537964,0,0,0
current_none,1.775,11.536385372,10,0.999398346881,3.56076558769e-21,0.213176654225,0.213176654225,0,0,0
current_none,1.8,11.5613718348,10,0.999458512193,3.56097995123e-21,0.227311791016,0.227311791016,0,0,0
current_none,1.825,11.5863596513,10,0.999512660974,3.56117287842e-21,0.241875819168,0.241875819168,0,0,0
current_none,1.85,11.6113486862,10,0.999561394876,3.56134651289e-21,0.256850145782,0.256850145782,0,0,0
current_none,1.875,11.6363388175,10,0.999605255389,3.56150278392e-21,0.272216753289,0.272216753289,0,0,0
current_none,1.9,11.6613299358,10,0.99964472985,3.56164342784e-21,0.287958228429,0.287958228429,0,0,0
current_none,1.925,11.6863219422,10,0.999680256865,3.56177000737e-21,0.304057782265,0.304057782265,0,0,0
current_none,1.95,11.711314748,10,0.999712231178,3.56188392894e-21,0.320499262354,0.320499262354,0,0,0
current_none,1.975,11.7363082732,10,0.99974100806,3.56198645836e-21,0.337267158137,0.337267158137,0,0,0
current_none,2,11.7613024459,10,0.999766907254,3.56207873484e-21,0.354346600522,0.354346600522,0,0,0
current_none,2.025,11.7862972013,10,0.999790216529,3.56216178367e-21,0.3717233566,0.3717233566,0,0,0
current_none,2.05,11.8112924812,10,0.999811194876,3.56223652762e-21,0.389383820306,0.389383820306,0,0,0
current_none,2.075,11.836288233,10,0.999830075388,3.56230379717e-21,0.407314999781,0.407314999781,0,0,0
current_none,2.1,11.8612844097,10,0.99984706785,3.56236433976e-21,0.425504502097,0.425504502097,0,0,0
current_none,2.125,11.8862809688,10,0.999862361065,3.5624188281e-21,0.443940515933,0.443940515933,0,0,0
current_none,2.15,11.9112778719,10,0.999876124958,3.5624678676e-21,0.462611792696,0.462611792696,0,0,0
current_none,2.175,11.9362750847,10,0.999888512462,3.56251200316e-21,0.481507626538,0.481507626538,0,0,0
current_none,2.2,11.9612725762,10,0.999899661216,3.56255172515e-21,0.500617833635,0.500617833635,0,0,0
current_none,2.225,11.9862703186,10,0.999909695095,3.56258747495e-21,0.519932731037,0.519932731037,0,0,0
current_none,2.25,12.0112682867,10,0.999918725585,3.56261964977e-21,0.539443115369,0.539443115369,0,0,0
current_none,2.275,12.0362664581,10,0.999926853027,3.56264860711e-21,0.559140241578,0.559140241578,0,0,0
current_none,2.3,12.0612648123,10,0.999934167724,3.56267466871e-21,0.579015801917,0.579015801917,0,0,0
current_none,2.325,12.086263331,10,0.999940750952,3.56269812415e-21,0.599061905308,0.599061905308,0,0,0
current_none,2.35,12.1112619979,10,0.999946675856,3.56271923405e-21,0.619271057186,0.619271057186,0,0,0
current_none,2.375,12.1362607981,10,0.999952008271,3.56273823296e-21,0.639636139926,0.639636139926,0,0,0
current_none,2.4,12.1612597183,10,0.999956807444,3.56275533198e-21,0.660150393896,0.660150393896,0,0,0
current_none,2.425,12.1862587465,10,0.999961126699,3.56277072109e-21,0.680807399209,0.680807399209,0,0,0
current_none,2.45,12.2112578718,10,0.999965014029,3.5627845713e-21,0.701601058178,0.701601058178,0,0,0
current_none,2.475,12.2362570847,10,0.999968512626,3.56279703648e-21,0.722525578511,0.722525578511,0,0,0
current_none,2.5,12.2612563762,10,0.999971661364,3.56280825514e-21,0.743575457246,0.743575457246,0,0,0
current_none,2.525,12.2862557386,10,0.999974495227,3.56281835194e-21,0.764745465421,0.764745465421,0,0,0
current_none,2.55,12.3112551647,10,0.999977045705,3.56282743906e-21,0.786030633482,0.786030633482,0,0,0
current_none,2.575,12.3362546482,10,0.999979341134,3.56283561747e-21,0.807426237404,0.807426237404,0,0,0
current_none,2.6,12.3612541834,10,0.999981407021,3.56284297804e-21,0.828927785518,0.828927785518,0,0,0
current_none,2.625,12.3862537651,10,0.999983266319,3.56284960255e-21,0.850531006008,0.850531006008,0,0,0
current_none,2.65,12.4112533886,10,0.999984939687,3.5628555646e-21,0.872231835081,0.872231835081,0,0,0
current_none,2.675,12.4362530497,10,0.999986445718,3.56286093046e-21,0.894026405752,0.894026405752,0,0,0
current_none,2.7,12.4612527447,10,0.999987801146,3.56286575972e-21,0.915911037245,0.915911037245,0,0,0
current_none,2.725,12.4862524703,10,0.999989021032,3.56287010607e-21,0.937882224972,0.937882224972,0,0,0
current_none,2.75,12.5112522232,10,0.999990118929,3.56287401777e-21,0.959936631063,0.959936631063,0,0,0
current_none,2.775,12.5362520009,10,0.999991107036,3.56287753831e-21,0.982071075424,0.982071075424,0,0,0
current_none,2.8,12.5612518008,10,0.999991996332,3.56288070679e-21,1.0042825273,1.0042825273,0,0,0
current_none,2.825,12.5862516207,10,0.999992796699,3.56288355842e-21,1.02656809729,1.02656809729,0,0,0
current_none,2.85,12.6112514587,10,0.999993517029,3.5628861249e-21,1.04892502986,1.04892502986,0,0,0
current_none,2.875,12.6362513128,10,0.999994165326,3.56288843472e-21,1.07135069623,1.07135069623,0,0,0
current_none,2.9,12.6612511815,10,0.999994748793,3.56289051356e-21,1.09384258767,1.09384258767,0,0,0
current_none,2.925,12.6862510634,10,0.999995273914,3.56289238452e-21,1.11639830923,1.11639830923,0,0,0
current_none,2.95,12.711250957,10,0.999995746523,3.56289406838e-21,1.13901557377,1.13901557377,0,0,0
current_none,2.975,12.7362508613,10,0.99999617187,3.56289558385e-21,1.16169219632,1.16169219632,0,0,0
current_none,3,12.7612507752,10,0.999996554683,3.56289694778e-21,1.18442608883,1.18442608883,0,0,0
current_none,3.025,12.7862506977,10,0.999996899215,3.56289817532e-21,1.20721525514,1.20721525514,0,0,0
current_none,3.05,12.8112506279,10,0.999997209294,3.5628992801e-21,1.2300577863,1.2300577863,0,0,0
current_none,3.075,12.8362505651,10,0.999997488364,3.5629002744e-21,1.25295185611,1.25295185611,0,0,0
current_none,3.1,12.8612505086,10,0.999997739528,3.56290116928e-21,1.27589571691,1.27589571691,0,0,0
current_none,3.125,12.8862504577,10,0.999997965575,3.56290197466e-21,1.29888769564,1.29888769564,0,0,0
current_none,3.15,12.911250412,10,0.999998169018,3.56290269951e-21,1.32192619011,1.32192619011,0,0,0
current_none,3.175,12.9362503708,10,0.999998352116,3.56290335187e-21,1.34500966545,1.34500966545,0,0,0
current_none,3.2,12.9612503337,10,0.999998516904,3.562903939e-21,1.36813665079,1.36813665079,0,0,0
current_none,3.225,12.9862503003,10,0.999998665214,3.56290446741e-21,1.39130573612,1.39130573612,0,0,0
current_none,3.25,13.0112502703,10,0.999998798692,3.56290494298e-21,1.4145155693,1.4145155693,0,0,0
current_none,3.275,13.0362502433,10,0.999998918823,3.562905371e-21,1.43776485327,1.43776485327,0,0,0
current_none,3.3,13.0612502189,10,0.999999026941,3.56290575621e-21,1.46105234336,1.46105234336,0,0,0
current_none,3.325,13.086250197,10,0.999999124247,3.5629061029e-21,1.48437684482,1.48437684482,0,0,0
current_none,3.35,13.1112501773,10,0.999999211822,3.56290641493e-21,1.50773721042,1.50773721042,0,0,0
current_none,3.375,13.1362501596,10,0.99999929064,3.56290669575e-21,1.53113233821,1.53113233821,0,0,0
current_none,3.4,13.1612501436,10,0.999999361576,3.56290694849e-21,1.55456116938,1.55456116938,0,0,0
current_none,3.425,13.1862501293,10,0.999999425418,3.56290717595e-21,1.57802268627,1.57802268627,0,0,0
current_none,3.45,13.2112501164,10,0.999999482876,3.56290738067e-21,1.60151591044,1.60151591044,0,0,0
current_none,3.475,13.2362501047,10,0.999999534589,3.56290756492e-21,1.6250399009,1.6250399009,0,0,0
current_none,3.5,13.2612500942,10,0.99999958113,3.56290773074e-21,1.64859375233,1.64859375233,0,0,0
current_none,3.525,13.2862500848,10,0.999999623017,3.56290787998e-21,1.67217659355,1.67217659355,0,0,0
current_none,3.55,13.3112500763,10,0.999999660715,3.56290801429e-21,1.69578758591,1.69578758591,0,0,0
current_none,3.575,13.3362500687,10,0.999999694644,3.56290813518e-21,1.71942592185,1.71942592185,0,0,0
current_none,3.6,13.3612500618,10,0.999999725179,3.56290824397e-21,1.74309082356,1.74309082356,0,0,0
current_none,3.625,13.3862500557,10,0.999999752661,3.56290834189e-21,1.76678154159,1.76678154159,0,0,0
current_none,3.65,13.4112500501,10,0.999999777395,3.56290843001e-21,1.79049735368,1.79049735368,0,0,0
current_none,3.675,13.4362500451,10,0.999999799656,3.56290850932e-21,1.81423756351,1.81423756351,0,0,0
current_none,3.7,13.4612500406,10,0.99999981969,3.56290858071e-21,1.83800149965,1.83800149965,0,0,0
current_none,3.725,13.4862500365,10,0.999999837721,3.56290864495e-21,1.86178851442,1.86178851442,0,0,0
current_none,3.75,13.5112500329,10,0.999999853949,3.56290870277e-21,1.88559798292,1.88559798292,0,0,0
current_none,3.775,13.5362500296,10,0.999999868554,3.5629087548e-21,1.90942930203,1.90942930203,0,0,0
current_none,3.8,13.5612500266,10,0.999999881699,3.56290880164e-21,1.93328188956,1.93328188956,0,0,0
current_none,3.825,13.586250024,10,0.999999893529,3.56290884379e-21,1.95715518329,1.95715518329,0,0,0
current_none,3.85,13.6112500216,10,0.999999904176,3.56290888172e-21,1.98104864019,1.98104864019,0,0,0
current_none,3.875,13.6362500194,10,0.999999913758,3.56290891586e-21,2.00496173563,2.00496173563,0,0,0
current_none,3.9,13.6612500175,10,0.999999922383,3.56290894659e-21,2.02889396261,2.02889396261,0,0,0
current_none,3.925,13.6862500157,10,0.999999930144,3.56290897424e-21,2.05284483105,2.05284483105,0,0,0
current_none,3.95,13.7112500141,10,0.99999993713,3.56290899913e-21,2.0768138671,2.0768138671,0,0,0
current_none,3.975,13.7362500127,10,0.999999943417,3.56290902153e-21,2.10080061249,2.10080061249,0,0,0
current_none,4,13.7612500115,10,0.999999949075,3.56290904169e-21,2.12480462393,2.12480462393,0,0,0
current_none,4.025,13.7862500103,10,0.999999954168,3.56290905984e-21,2.14882547249,2.14882547249,0,0,0
current_none,4.05,13.8112500093,10,0.999999958751,3.56290907617e-21,2.17286274305,2.17286274305,0,0,0
current_none,4.075,13.8362500084,10,0.999999962876,3.56290909086e-21,2.19691603373,2.19691603373,0,0,0
current_none,4.1,13.8612500075,10,0.999999966588,3.56290910409e-21,2.22098495545,2.22098495545,0,0,0
current_none,4.125,13.8862500068,10,0.999999969929,3.56290911599e-21,2.24506913135,2.24506913135,0,0,0
current_none,4.15,13.9112500061,10,0.999999972936,3.56290912671e-21,2.26916819637,2.26916819637,0,0,0
current_none,4.175,13.9362500055,10,0.999999975643,3.56290913635e-21,2.29328179679,2.29328179679,0,0,0
current_none,4.2,13.9612500049,10,0.999999978079,3.56290914503e-21,2.31740958982,2.31740958982,0,0,0
current_none,4.225,13.9862500044,10,0.999999980271,3.56290915284e-21,2.34155124315,2.34155124315,0,0,0
current_none,4.25,14.011250004,10,0.999999982244,3.56290915987e-21,2.36570643459,2.36570643459,0,0,0
current_none,4.275,14.0362500036,10,0.999999984019,3.56290916619e-21,2.3898748517,2.3898748517,0,0,0
current_none,4.3,14.0612500032,10,0.999999985617,3.56290917189e-21,2.4140561914,2.4140561914,0,0,0
current_none,4.325,14.0862500029,10,0.999999987056,3.56290917701e-21,2.43825015965,2.43825015965,0,0,0
current_none,4.35,14.1112500026,10,0.99999998835,3.56290918163e-21,2.46245647112,2.46245647112,0,0,0
current_none,4.375,14.1362500024,10,0.999999989515,3.56290918578e-21,2.48667484887,2.48667484887,0,0,0
current_none,4.4,14.1612500021,10,0.999999990564,3.56290918951e-21,2.51090502406,2.51090502406,0,0,0
current_none,4.425,14.1862500019,10,0.999999991507,3.56290919287e-21,2.53514673564,2.53514673564,0,0,0
current_none,4.45,14.2112500017,10,0.999999992356,3.5629091959e-21,2.55939973009,2.55939973009,0,0,0
current_none,4.475,14.2362500015,10,0.999999993121,3.56290919862e-21,2.58366376117,2.58366376117,0,0,0
current_none,4.5,14.2612500014,10,0.999999993809,3.56290920107e-21,2.60793858961,2.60793858961,0,0,0
current_none,4.525,14.2862500013,10,0.999999994428,3.56290920328e-21,2.63222398293,2.63222398293,0,0,0
current_none,4.55,14.3112500011,10,0.999999994985,3.56290920527e-21,2.65651971519,2.65651971519,0,0,0
current_none,4.575,14.336250001,10,0.999999995487,3.56290920705e-21,2.68082556672,2.68082556672,0,0,0
current_none,4.6,14.3612500009,10,0.999999995938,3.56290920866e-21,2.70514132398,2.70514132398,0,0,0
current_none,4.625,14.3862500008,10,0.999999996344,3.56290921011e-21,2.72946677927,2.72946677927,0,0,0
current_none,4.65,14.4112500007,10,0.99999999671,3.56290921141e-21,2.75380173063,2.75380173063,0,0,0
current_none,4.675,14.4362500007,10,0.999999997039,3.56290921258e-21,2.77814598154,2.77814598154,0,0,0
current_none,4.7,14.4612500006,10,0.999999997335,3.56290921364e-21,2.80249934084,2.80249934084,0,0,0
current_none,4.725,14.4862500005,10,0.999999997601,3.56290921459e-21,2.82686162247,2.82686162247,0,0,0
current_none,4.75,14.5112500005,10,0.999999997841,3.56290921544e-21,2.85123264535,2.85123264535,0,0,0
current_none,4.775,14.5362500004,10,0.999999998057,3.56290921621e-21,2.87561223321,2.87561223321,0,0,0
current_none,4.8,14.5612500004,10,0.999999998251,3.5629092169e-21,2.90000021442,2.90000021442,0,0,0
current_none,4.825,14.5862500004,10,0.999999998426,3.56290921753e-21,2.92439642187,2.92439642187,0,0,0
current_none,4.85,14.6112500003,10,0.999999998584,3.56290921809e-21,2.94880069277,2.94880069277,0,0,0
current_none,4.875,14.6362500003,10,0.999999998725,3.56290921859e-21,2.97321286856,2.97321286856,0,0,0
current_none,4.9,14.6612500003,10,0.999999998853,3.56290921905e-21,2.99763279476,2.99763279476,0,0,0
current_none,4.925,14.6862500002,10,0.999999998967,3.56290921945e-21,3.02206032086,3.02206032086,0,0,0
current_none,4.95,14.7112500002,10,0.999999999071,3.56290921982e-21,3.04649530015,3.04649530015,0,0,0
current_none,4.975,14.7362500002,10,0.999999999164,3.56290922015e-21,3.07093758964,3.07093758964,0,0,0
current_none,5,14.7612500002,10,0.999999999247,3.56290922045e-21,3.09538704993,3.09538704993,0,0,0
current_none,5.025,14.7862500002,10,0.999999999323,3.56290922072e-21,3.11984354511,3.11984354511,0,0,0
current_none,5.05,14.8112500001,10,0.99999999939,3.56290922096e-21,3.14430694265,3.14430694265,0,0,0
current_none,5.075,14.8362500001,10,0.999999999451,3.56290922118e-21,3.16877711326,3.16877711326,0,0,0
current_none,5.1,14.8612500001,10,0.999999999506,3.56290922137e-21,3.19325393087,3.19325393087,0,0,0
current_none,5.125,14.8862500001,10,0.999999999556,3.56290922155e-21,3.21773727246,3.21773727246,0,0,0
current_none,5.15,14.9112500001,10,0.9999999996,3.56290922171e-21,3.24222701799,3.24222701799,0,0,0
current_none,5.175,14.9362500001,10,0.99999999964,3.56290922185e-21,3.26672305034,3.26672305034,0,0,0
current_none,5.2,14.9612500001,10,0.999999999676,3.56290922198e-21,3.29122525518,3.29122525518,0,0,0
current_none,5.225,14.9862500001,10,0.999999999708,3.56290922209e-21,3.31573352091,3.31573352091,0,0,0
current_none,5.25,15.0112500001,10,0.999999999738,3.5629092222e-21,3.34024773858,3.34024773858,0,0,0
current_none,5.275,15.0362500001,10,0.999999999764,3.56290922229e-21,3.36476780182,3.36476780182,0,0,0
current_none,5.3,15.06125,10,0.999999999787,3.56290922238e-21,3.38929360675,3.38929360675,0,0,0
current_none,5.325,15.08625,10,0.999999999809,3.56290922245e-21,3.4138250519,3.4138250519,0,0,0
current_none,5.35,15.11125,10,0.999999999828,3.56290922252e-21,3.43836203817,3.43836203817,0,0,0
current_none,5.375,15.13625,10,0.999999999845,3.56290922258e-21,3.46290446875,3.46290446875,0,0,0
current_none,5.4,15.16125,10,0.999999999861,3.56290922264e-21,3.48745224902,3.48745224902,0,0,0
current_none,5.425,15.18625,10,0.999999999874,3.56290922269e-21,3.51200528657,3.51200528657,0,0,0
current_none,5.45,15.21125,10,0.999999999887,3.56290922273e-21,3.53656349104,3.53656349104,0,0,0
current_none,5.475,15.23625,10,0.999999999898,3.56290922277e-21,3.56112677414,3.56112677414,0,0,0
current_none,5.5,15.26125,10,0.999999999908,3.56290922281e-21,3.58569504955,3.58569504955,0,0,0
current_none,5.525,15.28625,10,0.999999999918,3.56290922284e-21,3.61026823288,3.61026823288,0,0,0
current_none,5.55,15.31125,10,0.999999999926,3.56290922287e-21,3.63484624162,3.63484624162,0,0,0
current_none,5.575,15.33625,10,0.999999999933,3.5629092229e-21,3.65942899508,3.65942899508,0,0,0
current_none,5.6,15.36125,10,0.99999999994,3.56290922292e-21,3.68401641434,3.68401641434,0,0,0
current_none,5.625,15.38625,10,0.999999999946,3.56290922294e-21,3.70860842221,3.70860842221,0,0,0
current_none,5.65,15.41125,10,0.999999999951,3.56290922296e-21,3.73320494318,3.73320494318,0,0,0
current_none,5.675,15.43625,10,0.999999999956,3.56290922298e-21,3.75780590338,3.75780590338,0,0,0
current_none,5.7,15.46125,10,0.999999999961,3.56290922299e-21,3.78241123052,3.78241123052,0,0,0
current_none,5.725,15.48625,10,0.999999999965,3.56290922301e-21,3.80702085387,3.80702085387,0,0,0
current_none,5.75,15.51125,10,0.999999999968,3.56290922302e-21,3.83163470418,3.83163470418,0,0,0
current_none,5.775,15.53625,10,0.999999999971,3.56290922303e-21,3.85625271371,3.85625271371,0,0,0
current_none,5.8,15.56125,10,0.999999999974,3.56290922304e-21,3.88087481612,3.88087481612,0,0,0
current_none,5.825,15.58625,10,0.999999999977,3.56290922305e-21,3.90550094647,3.90550094647,0,0,0
current_none,5.85,15.61125,10,0.999999999979,3.56290922306e-21,3.93013104117,3.93013104117,0,0,0
current_none,5.875,15.63625,10,0.999999999981,3.56290922307e-21,3.95476503797,3.95476503797,0,0,0
current_none,5.9,15.66125,10,0.999999999983,3.56290922307e-21,3.9794028759,3.9794028759,0,0,0
current_none,5.925,15.68625,10,0.999999999985,3.56290922308e-21,4.00404449522,4.00404449522,0,0,0
current_none,5.95,15.71125,10,0,0,4.02868983745,4.02868983745,0,0,1
current_none,5.975,15.71125,10,0,0,4.02868983745,4.02868983745,0,0,1
current_none,6,15.71125,10,0,0,4.02868983745,4.02868983745,0,0,1
current_none,6.025,15.71125,10,0,0,4.02868983745,4.02868983745,0,0,1
current_none,6.05,15.71125,10,0,0,4.02868983745,4.02868983745,0,0,1
current_none,6.075,15.71125,10,0,0,4.02868983745,4.02868983745,0,0,1
current_none,6.1,15.71125,10,0,0,4.02868983745,4.02868983745,0,0,1
current_none,6.125,15.71125,10,0,0,4.02868983745,4.02868983745,0,0,1
current_none,6.15,15.71125,10,0,0,4.02868983745,4.02868983745,0,0,1
current_none,6.175,15.71125,10,0,0,4.02868983745,4.02868983745,0,0,1
current_none,6.2,15.71125,10,0,0,4.02868983745,4.02868983745,0,0,1
current_none,6.225,15.71125,10,0,0,4.02868983745,4.02868983745,0,0,1
current_none,6.25,15.71125,10,0,0,4.02868983745,4.02868983745,0,0,1
current_none,6.275,15.71125,10,0,0,4.02868983745,4.02868983745,0,0,1
current_none,6.3,15.71125,10,0,0,4.02868983745,4.02868983745,0,0,1
current_none,6.325,15.71125,10,0,0,4.02868983745,4.02868983745,0,0,1
current_none,6.35,15.71125,10,0,0,4.02868983745,4.02868983745,0,0,1
current_none,6.375,15.71125,10,0,0,4.02868983745,4.02868983745,0,0,1
current_none,6.4,15.71125,10,0,0,4.02868983745,4.02868983745,0,0,1
current_none,6.425,15.71125,10,0,0,4.02868983745,4.02868983745,0,0,1
current_none,6.45,15.71125,10,0,0,4.02868983745,4.02868983745,0,0,1
current_none,6.475,15.71125,10,0,0,4.02868983745,4.02868983745,0,0,1
current_none,6.5,15.71125,10,0,0,4.02868983745,4.02868983745,0,0,1
current_none,6.525,15.71125,10,0,0,4.02868983745,4.02868983745,0,0,1
current_none,6.55,15.71125,10,0,0,4.02868983745,4.02868983745,0,0,1
current_none,6.575,15.71125,10,0,0,4.02868983745,4.02868983745,0,0,1
current_none,6.6,15.71125,10,0,0,4.02868983745,4.02868983745,0,0,1
current_none,6.625,15.71125,10,0,0,4.02868983745,4.02868983745,0,0,1
current_none,6.65,15.71125,10,0,0,4.02868983745,4.02868983745,0,0,1
current_none,6.675,15.71125,10,0,0,4.02868983745,4.02868983745,0,0,1
current_none,6.7,15.71125,10,0,0,4.02868983745,4.02868983745,0,0,1
current_none,6.725,15.71125,10,0,0,4.02868983745,4.02868983745,0,0,1
current_none,6.75,15.71125,10,0,0,4.02868983745,4.02868983745,0,0,1
current_none,6.775,15.71125,10,0,0,4.02868983745,4.02868983745,0,0,1
current_none,6.8,15.71125,10,0,0,4.02868983745,4.02868983745,0,0,1
current_none,6.825,15.71125,10,0,0,4.02868983745,4.02868983745,0,0,1
current_none,6.85,15.71125,10,0,0,4.02868983745,4.02868983745,0,0,1
current_none,6.875,15.71125,10,0,0,4.02868983745,4.02868983745,0,0,1
current_none,6.9,15.71125,10,0,0,4.02868983745,4.02868983745,0,0,1
current_none,6.925,15.71125,10,0,0,4.02868983745,4.02868983745,0,0,1
current_none,6.95,15.71125,10,0,0,4.02868983745,4.02868983745,0,0,1
current_none,6.975,15.71125,10,0,0,4.02868983745,4.02868983745,0,0,1
current_none,7,15.71125,10,0,0,4.02868983745,4.02868983745,0,0,1
current_none,7.025,15.71125,10,0,0,4.02868983745,4.02868983745,0,0,1
current_none,7.05,15.71125,10,0,0,4.02868983745,4.02868983745,0,0,1
current_none,7.075,15.71125,10,0,0,4.02868983745,4.02868983745,0,0,1
current_none,7.1,15.71125,10,0,0,4.02868983745,4.02868983745,0,0,1
current_none,7.125,15.71125,10,0,0,4.02868983745,4.02868983745,0,0,1
current_none,7.15,15.71125,10,0,0,4.02868983745,4.02868983745,0,0,1
current_none,7.175,15.71125,10,0,0,4.02868983745,4.02868983745,0,0,1
current_none,7.2,15.71125,10,0,0,4.02868983745,4.02868983745,0,0,1
current_none,7.225,15.71125,10,0,0,4.02868983745,4.02868983745,0,0,1
current_none,7.25,15.71125,10,0,0,4.02868983745,4.02868983745,0,0,1
current_none,7.275,15.71125,10,0,0,4.02868983745,4.02868983745,0,0,1
current_none,7.3,15.71125,10,0,0,4.02868983745,4.02868983745,0,0,1
current_none,7.325,15.71125,10,0,0,4.02868983745,4.02868983745,0,0,1
current_none,7.35,15.71125,10,0,0,4.02868983745,4.02868983745,0,0,1
current_none,7.375,15.71125,10,0,0,4.02868983745,4.02868983745,0,0,1
current_none,7.4,15.71125,10,0,0,4.02868983745,4.02868983745,0,0,1
current_none,7.425,15.71125,10,0,0,4.02868983745,4.02868983745,0,0,1
current_none,7.45,15.71125,10,0,0,4.02868983745,4.02868983745,0,0,1
current_none,7.475,15.71125,10,0,0,4.02868983745,4.02868983745,0,0,1
current_none,7.5,15.71125,10,0,0,4.02868983745,4.02868983745,0,0,1
current_none,7.525,15.71125,10,0,0,4.02868983745,4.02868983745,0,0,1
current_none,7.55,15.71125,10,0,0,4.02868983745,4.02868983745,0,0,1
current_none,7.575,15.71125,10,0,0,4.02868983745,4.02868983745,0,0,1
current_none,7.6,15.71125,10,0,0,4.02868983745,4.02868983745,0,0,1
current_none,7.625,15.71125,10,0,0,4.02868983745,4.02868983745,0,0,1
current_none,7.65,15.71125,10,0,0,4.02868983745,4.02868983745,0,0,1
current_none,7.675,15.71125,10,0,0,4.02868983745,4.02868983745,0,0,1
current_none,7.7,15.71125,10,0,0,4.02868983745,4.02868983745,0,0,1
current_none,7.725,15.71125,10,0,0,4.02868983745,4.02868983745,0,0,1
current_none,7.75,15.71125,10,0,0,4.02868983745,4.02868983745,0,0,1
current_none,7.775,15.71125,10,0,0,4.02868983745,4.02868983745,0,0,1
current_none,7.8,15.71125,10,0,0,4.02868983745,4.02868983745,0,0,1
current_none,7.825,15.71125,10,0,0,4.02868983745,4.02868983745,0,0,1
current_none,7.85,15.71125,10,0,0,4.02868983745,4.02868983745,0,0,1
current_none,7.875,15.71125,10,0,0,4.02868983745,4.02868983745,0,0,1
current_none,7.9,15.71125,10,0,0,4.02868983745,4.02868983745,0,0,1
current_none,7.925,15.71125,10,0,0,4.02868983745,4.02868983745,0,0,1
current_none,7.95,15.71125,10,0,0,4.02868983745,4.02868983745,0,0,1
current_none,7.975,15.71125,10,0,0,4.02868983745,4.02868983745,0,0,1
current_none,8,15.71125,10,0,0,4.02868983745,4.02868983745,0,0,1
current_none,8.025,15.71125,10,0,0,4.02868983745,4.02868983745,0,0,1
current_none,8.05,15.71125,10,0,0,4.02868983745,4.02868983745,0,0,1
current_none,8.075,15.71125,10,0,0,4.02868983745,4.02868983745,0,0,1
current_none,8.1,15.71125,10,0,0,4.02868983745,4.02868983745,0,0,1
current_none,8.125,15.71125,10,0,0,4.02868983745,4.02868983745,0,0,1
current_none,8.15,15.71125,10,0,0,4.02868983745,4.02868983745,0,0,1
current_none,8.175,15.71125,10,0,0,4.02868983745,4.02868983745,0,0,1
current_none,8.2,15.71125,10,0,0,4.02868983745,4.02868983745,0,0,1
current_none,8.225,15.71125,10,0,0,4.02868983745,4.02868983745,0,0,1
current_none,8.25,15.71125,10,0,0,4.02868983745,4.02868983745,0,0,1
current_none,8.275,15.71125,10,0,0,4.02868983745,4.02868983745,0,0,1
current_none,8.3,15.71125,10,0,0,4.02868983745,4.02868983745,0,0,1
current_none,8.325,15.71125,10,0,0,4.02868983745,4.02868983745,0,0,1
current_none,8.35,15.71125,10,0,0,4.02868983745,4.02868983745,0,0,1
current_none,8.375,15.71125,10,0,0,4.02868983745,4.02868983745,0,0,1
current_none,8.4,15.71125,10,0,0,4.02868983745,4.02868983745,0,0,1
current_none,8.425,15.71125,10,0,0,4.02868983745,4.02868983745,0,0,1
current_none,8.45,15.71125,10,0,0,4.02868983745,4.02868983745,0,0,1
current_none,8.475,15.71125,10,0,0,4.02868983745,4.02868983745,0,0,1
current_none,8.5,15.71125,10,0,0,4.02868983745,4.02868983745,0,0,1
current_none,8.525,15.71125,10,0,0,4.02868983745,4.02868983745,0,0,1
current_none,8.55,15.71125,10,0,0,4.02868983745,4.02868983745,0,0,1
current_none,8.575,15.71125,10,0,0,4.02868983745,4.02868983745,0,0,1
current_none,8.6,15.71125,10,0,0,4.02868983745,4.02868983745,0,0,1
current_none,8.625,15.71125,10,0,0,4.02868983745,4.02868983745,0,0,1
current_none,8.65,15.71125,10,0,0,4.02868983745,4.02868983745,0,0,1
current_none,8.675,15.71125,10,0,0,4.02868983745,4.02868983745,0,0,1
current_none,8.7,15.71125,10,0,0,4.02868983745,4.02868983745,0,0,1
current_none,8.725,15.71125,10,0,0,4.02868983745,4.02868983745,0,0,1
current_none,8.75,15.71125,10,0,0,4.02868983745,4.02868983745,0,0,1
current_none,8.775,15.71125,10,0,0,4.02868983745,4.02868983745,0,0,1
current_none,8.8,15.71125,10,0,0,4.02868983745,4.02868983745,0,0,1
current_none,8.825,15.71125,10,0,0,4.02868983745,4.02868983745,0,0,1
current_none,8.85,15.71125,10,0,0,4.02868983745,4.02868983745,0,0,1
current_none,8.875,15.71125,10,0,0,4.02868983745,4.02868983745,0,0,1
current_none,8.9,15.71125,10,0,0,4.02868983745,4.02868983745,0,0,1
current_none,8.925,15.71125,10,0,0,4.02868983745,4.02868983745,0,0,1
current_none,8.95,15.71125,10,0,0,4.02868983745,4.02868983745,0,0,1
current_none,8.975,15.71125,10,0,0,4.02868983745,4.02868983745,0,0,1
current_none,9,15.71125,10,0,0,4.02868983745,4.02868983745,0,0,1
current_none,9.025,15.71125,10,0,0,4.02868983745,4.02868983745,0,0,1
current_none,9.05,15.71125,10,0,0,4.02868983745,4.02868983745,0,0,1
current_none,9.075,15.71125,10,0,0,4.02868983745,4.02868983745,0,0,1
current_none,9.1,15.71125,10,0,0,4.02868983745,4.02868983745,0,0,1
current_none,9.125,15.71125,10,0,0,4.02868983745,4.02868983745,0,0,1
current_none,9.15,15.71125,10,0,0,4.02868983745,4.02868983745,0,0,1
current_none,9.175,15.71125,10,0,0,4.02868983745,4.02868983745,0,0,1
current_none,9.2,15.71125,10,0,0,4.02868983745,4.02868983745,0,0,1
current_none,9.225,15.71125,10,0,0,4.02868983745,4.02868983745,0,0,1
current_none,9.25,15.71125,10,0,0,4.02868983745,4.02868983745,0,0,1
current_none,9.275,15.71125,10,0,0,4.02868983745,4.02868983745,0,0,1
current_none,9.3,15.71125,10,0,0,4.02868983745,4.02868983745,0,0,1
current_none,9.325,15.71125,10,0,0,4.02868983745,4.02868983745,0,0,1
current_none,9.35,15.71125,10,0,0,4.02868983745,4.02868983745,0,0,1
current_none,9.375,15.71125,10,0,0,4.02868983745,4.02868983745,0,0,1
current_none,9.4,15.71125,10,0,0,4.02868983745,4.02868983745,0,0,1
current_none,9.425,15.71125,10,0,0,4.02868983745,4.02868983745,0,0,1
current_none,9.45,15.71125,10,0,0,4.02868983745,4.02868983745,0,0,1
current_none,9.475,15.71125,10,0,0,4.02868983745,4.02868983745,0,0,1
current_none,9.5,15.71125,10,0,0,4.02868983745,4.02868983745,0,0,1
current_none,9.525,15.71125,10,0,0,4.02868983745,4.02868983745,0,0,1
current_none,9.55,15.71125,10,0,0,4.02868983745,4.02868983745,0,0,1
current_none,9.575,15.71125,10,0,0,4.02868983745,4.02868983745,0,0,1
current_none,9.6,15.71125,10,0,0,4.02868983745,4.02868983745,0,0,1
current_none,9.625,15.71125,10,0,0,4.02868983745,4.02868983745,0,0,1
current_none,9.65,15.71125,10,0,0,4.02868983745,4.02868983745,0,0,1
current_none,9.675,15.71125,10,0,0,4.02868983745,4.02868983745,0,0,1
current_none,9.7,15.71125,10,0,0,4.02868983745,4.02868983745,0,0,1
current_none,9.725,15.71125,10,0,0,4.02868983745,4.02868983745,0,0,1
current_none,9.75,15.71125,10,0,0,4.02868983745,4.02868983745,0,0,1
current_none,9.775,15.71125,10,0,0,4.02868983745,4.02868983745,0,0,1
current_none,9.8,15.71125,10,0,0,4.02868983745,4.02868983745,0,0,1
current_none,9.825,15.71125,10,0,0,4.02868983745,4.02868983745,0,0,1
current_none,9.85,15.71125,10,0,0,4.02868983745,4.02868983745,0,0,1
current_none,9.875,15.71125,10,0,0,4.02868983745,4.02868983745,0,0,1
current_none,9.9,15.71125,10,0,0,4.02868983745,4.02868983745,0,0,1
current_none,9.925,15.71125,10,0,0,4.02868983745,4.02868983745,0,0,1
current_none,9.95,15.71125,10,0,0,4.02868983745,4.02868983745,0,0,1
current_none,9.975,15.71125,10,0,0,4.02868983745,4.02868983745,0,0,1
current_none,10,15.71125,10,0,0,4.02868983745,4.02868983745,0,0,1
current_none,10.025,15.71125,10,0,0,4.02868983745,4.02868983745,0,0,1
current_none,10.05,15.71125,10,0,0,4.02868983745,4.02868983745,0,0,1
current_none,10.075,15.71125,10,0,0,4.02868983745,4.02868983745,0,0,1
current_none,10.1,15.71125,10,0,0,4.02868983745,4.02868983745,0,0,1
current_none,10.125,15.71125,10,0,0,4.02868983745,4.02868983745,0,0,1
current_none,10.15,15.71125,10,0,0,4.02868983745,4.02868983745,0,0,1
current_none,10.175,15.71125,10,0,0,4.02868983745,4.02868983745,0,0,1
current_none,10.2,15.71125,10,0,0,4.02868983745,4.02868983745,0,0,1
current_none,10.225,15.71125,10,0,0,4.02868983745,4.02868983745,0,0,1
current_none,10.25,15.71125,10,0,0,4.02868983745,4.02868983745,0,0,1
current_none,10.275,15.71125,10,0,0,4.02868983745,4.02868983745,0,0,1
current_none,10.3,15.71125,10,0,0,4.02868983745,4.02868983745,0,0,1
current_none,10.325,15.71125,10,0,0,4.02868983745,4.02868983745,0,0,1
current_none,10.35,15.71125,10,0,0,4.02868983745,4.02868983745,0,0,1
current_none,10.375,15.71125,10,0,0,4.02868983745,4.02868983745,0,0,1
current_none,10.4,15.71125,10,0,0,4.02868983745,4.02868983745,0,0,1
current_none,10.425,15.71125,10,0,0,4.02868983745,4.02868983745,0,0,1
current_none,10.45,15.71125,10,0,0,4.02868983745,4.02868983745,0,0,1
current_none,10.475,15.71125,10,0,0,4.02868983745,4.02868983745,0,0,1
current_none,10.5,15.71125,10,0,0,4.02868983745,4.02868983745,0,0,1
current_none,10.525,15.71125,10,0,0,4.02868983745,4.02868983745,0,0,1
current_none,10.55,15.71125,10,0,0,4.02868983745,4.02868983745,0,0,1
current_none,10.575,15.71125,10,0,0,4.02868983745,4.02868983745,0,0,1
current_none,10.6,15.71125,10,0,0,4.02868983745,4.02868983745,0,0,1
current_none,10.625,15.71125,10,0,0,4.02868983745,4.02868983745,0,0,1
current_none,10.65,15.71125,10,0,0,4.02868983745,4.02868983745,0,0,1
current_none,10.675,15.71125,10,0,0,4.02868983745,4.02868983745,0,0,1
current_none,10.7,15.71125,10,0,0,4.02868983745,4.02868983745,0,0,1
current_none,10.725,15.71125,10,0,0,4.02868983745,4.02868983745,0,0,1
current_none,10.75,15.71125,10,0,0,4.02868983745,4.02868983745,0,0,1
current_none,10.775,15.71125,10,0,0,4.02868983745,4.02868983745,0,0,1
current_none,10.8,15.71125,10,0,0,4.02868983745,4.02868983745,0,0,1
current_none,10.825,15.71125,10,0,0,4.02868983745,4.02868983745,0,0,1
current_none,10.85,15.71125,10,0,0,4.02868983745,4.02868983745,0,0,1
current_none,10.875,15.71125,10,0,0,4.02868983745,4.02868983745,0,0,1
current_none,10.9,15.71125,10,0,0,4.02868983745,4.02868983745,0,0,1
current_none,10.925,15.71125,10,0,0,4.02868983745,4.02868983745,0,0,1
current_none,10.95,15.71125,10,0,0,4.02868983745,4.02868983745,0,0,1
current_none,10.975,15.71125,10,0,0,4.02868983745,4.02868983745,0,0,1
current_none,11,15.71125,10,0,0,4.02868983745,4.02868983745,0,0,1
current_none,11.025,15.71125,10,0,0,4.02868983745,4.02868983745,0,0,1
current_none,11.05,15.71125,10,0,0,4.02868983745,4.02868983745,0,0,1
current_none,11.075,15.71125,10,0,0,4.02868983745,4.02868983745,0,0,1
current_none,11.1,15.71125,10,0,0,4.02868983745,4.02868983745,0,0,1
current_none,11.125,15.71125,10,0,0,4.02868983745,4.02868983745,0,0,1
current_none,11.15,15.71125,10,0,0,4.02868983745,4.02868983745,0,0,1
current_none,11.175,15.71125,10,0,0,4.02868983745,4.02868983745,0,0,1
current_none,11.2,15.71125,10,0,0,4.02868983745,4.02868983745,0,0,1
current_none,11.225,15.71125,10,0,0,4.02868983745,4.02868983745,0,0,1
current_none,11.25,15.71125,10,0,0,4.02868983745,4.02868983745,0,0,1
current_none,11.275,15.71125,10,0,0,4.02868983745,4.02868983745,0,0,1
current_none,11.3,15.71125,10,0,0,4.02868983745,4.02868983745,0,0,1
current_none,11.325,15.71125,10,0,0,4.02868983745,4.02868983745,0,0,1
current_none,11.35,15.71125,10,0,0,4.02868983745,4.02868983745,0,0,1
current_none,11.375,15.71125,10,0,0,4.02868983745,4.02868983745,0,0,1
current_none,11.4,15.71125,10,0,0,4.02868983745,4.02868983745,0,0,1
current_none,11.425,15.71125,10,0,0,4.02868983745,4.02868983745,0,0,1
current_none,11.45,15.71125,10,0,0,4.02868983745,4.02868983745,0,0,1
current_none,11.475,15.71125,10,0,0,4.02868983745,4.02868983745,0,0,1
current_none,11.5,15.71125,10,0,0,4.02868983745,4.02868983745,0,0,1
current_none,11.525,15.71125,10,0,0,4.02868983745,4.02868983745,0,0,1
current_none,11.55,15.71125,10,0,0,4.02868983745,4.02868983745,0,0,1
current_none,11.575,15.71125,10,0,0,4.02868983745,4.02868983745,0,0,1
current_none,11.6,15.71125,10,0,0,4.02868983745,4.02868983745,0,0,1
current_none,11.625,15.71125,10,0,0,4.02868983745,4.02868983745,0,0,1
current_none,11.65,15.71125,10,0,0,4.02868983745,4.02868983745,0,0,1
current_none,11.675,15.71125,10,0,0,4.02868983745,4.02868983745,0,0,1
current_none,11.7,15.71125,10,0,0,4.02868983745,4.02868983745,0,0,1
current_none,11.725,15.71125,10,0,0,4.02868983745,4.02868983745,0,0,1
current_none,11.75,15.71125,10,0,0,4.02868983745,4.02868983745,0,0,1
current_none,11.775,15.71125,10,0,0,4.02868983745,4.02868983745,0,0,1
current_none,11.8,15.71125,10,0,0,4.02868983745,4.02868983745,0,0,1
current_none,11.825,15.71125,10,0,0,4.02868983745,4.02868983745,0,0,1
current_none,11.85,15.71125,10,0,0,4.02868983745,4.02868983745,0,0,1
current_none,11.875,15.71125,10,0,0,4.02868983745,4.02868983745,0,0,1
current_none,11.9,15.71125,10,0,0,4.02868983745,4.02868983745,0,0,1
current_none,11.925,15.71125,10,0,0,4.02868983745,4.02868983745,0,0,1
current_none,11.95,15.71125,10,0,0,4.02868983745,4.02868983745,0,0,1
current_none,11.975,15.71125,10,0,0,4.02868983745,4.02868983745,0,0,1
current_none,12,15.71125,10,0,0,4.02868983745,4.02868983745,0,0,1
current_none,12.025,15.71125,10,0,0,4.02868983745,4.02868983745,0,0,1
current_none,12.05,15.71125,10,0,0,4.02868983745,4.02868983745,0,0,1
current_none,12.075,15.71125,10,0,0,4.02868983745,4.02868983745,0,0,1
current_none,12.1,15.71125,10,0,0,4.02868983745,4.02868983745,0,0,1
current_none,12.125,15.71125,10,0,0,4.02868983745,4.02868983745,0,0,1
current_none,12.15,15.71125,10,0,0,4.02868983745,4.02868983745,0,0,1
current_none,12.175,15.71125,10,0,0,4.02868983745,4.02868983745,0,0,1
current_none,12.2,15.71125,10,0,0,4.02868983745,4.02868983745,0,0,1
current_none,12.225,15.71125,10,0,0,4.02868983745,4.02868983745,0,0,1
current_none,12.25,15.71125,10,0,0,4.02868983745,4.02868983745,0,0,1
current_none,12.275,15.71125,10,0,0,4.02868983745,4.02868983745,0,0,1
current_none,12.3,15.71125,10,0,0,4.02868983745,4.02868983745,0,0,1
current_none,12.325,15.71125,10,0,0,4.02868983745,4.02868983745,0,0,1
current_none,12.35,15.71125,10,0,0,4.02868983745,4.02868983745,0,0,1
current_none,12.375,15.71125,10,0,0,4.02868983745,4.02868983745,0,0,1
current_none,12.4,15.71125,10,0,0,4.02868983745,4.02868983745,0,0,1
current_none,12.425,15.71125,10,0,0,4.02868983745,4.02868983745,0,0,1
current_none,12.45,15.71125,10,0,0,4.02868983745,4.02868983745,0,0,1
current_none,12.475,15.71125,10,0,0,4.02868983745,4.02868983745,0,0,1
current_none,12.5,15.71125,10,0,0,4.02868983745,4.02868983745,0,0,1
current_none,12.525,15.71125,10,0,0,4.02868983745,4.02868983745,0,0,1
current_none,12.55,15.71125,10,0,0,4.02868983745,4.02868983745,0,0,1
current_none,12.575,15.71125,10,0,0,4.02868983745,4.02868983745,0,0,1
current_none,12.6,15.71125,10,0,0,4.02868983745,4.02868983745,0,0,1
current_none,12.625,15.71125,10,0,0,4.02868983745,4.02868983745,0,0,1
current_none,12.65,15.71125,10,0,0,4.02868983745,4.02868983745,0,0,1
current_none,12.675,15.71125,10,0,0,4.02868983745,4.02868983745,0,0,1
current_none,12.7,15.71125,10,0,0,4.02868983745,4.02868983745,0,0,1
current_none,12.725,15.71125,10,0,0,4.02868983745,4.02868983745,0,0,1
current_none,12.75,15.71125,10,0,0,4.02868983745,4.02868983745,0,0,1
current_none,12.775,15.71125,10,0,0,4.02868983745,4.02868983745,0,0,1
current_none,12.8,15.71125,10,0,0,4.02868983745,4.02868983745,0,0,1
current_none,12.825,15.71125,10,0,0,4.02868983745,4.02868983745,0,0,1
current_none,12.85,15.71125,10,0,0,4.02868983745,4.02868983745,0,0,1
current_none,12.875,15.71125,10,0,0,4.02868983745,4.02868983745,0,0,1
current_none,12.9,15.71125,10,0,0,4.02868983745,4.02868983745,0,0,1
current_none,12.925,15.71125,10,0,0,4.02868983745,4.02868983745,0,0,1
current_none,12.95,15.71125,10,0,0,4.02868983745,4.02868983745,0,0,1
current_none,12.975,15.71125,10,0,0,4.02868983745,4.02868983745,0,0,1
current_none,13,15.71125,10,0,0,4.02868983745,4.02868983745,0,0,1
current_none,13.025,15.71125,10,0,0,4.02868983745,4.02868983745,0,0,1
current_none,13.05,15.71125,10,0,0,4.02868983745,4.02868983745,0,0,1
current_none,13.075,15.71125,10,0,0,4.02868983745,4.02868983745,0,0,1
current_none,13.1,15.71125,10,0,0,4.02868983745,4.02868983745,0,0,1
current_none,13.125,15.71125,10,0,0,4.02868983745,4.02868983745,0,0,1
current_none,13.15,15.71125,10,0,0,4.02868983745,4.02868983745,0,0,1
current_none,13.175,15.71125,10,0,0,4.02868983745,4.02868983745,0,0,1
current_none,13.2,15.71125,10,0,0,4.02868983745,4.02868983745,0,0,1
current_none,13.225,15.71125,10,0,0,4.02868983745,4.02868983745,0,0,1
current_none,13.25,15.71125,10,0,0,4.02868983745,4.02868983745,0,0,1
current_none,13.275,15.71125,10,0,0,4.02868983745,4.02868983745,0,0,1
current_none,13.3,15.71125,10,0,0,4.02868983745,4.02868983745,0,0,1
current_none,13.325,15.71125,10,0,0,4.02868983745,4.02868983745,0,0,1
current_none,13.35,15.71125,10,0,0,4.02868983745,4.02868983745,0,0,1
current_none,13.375,15.71125,10,0,0,4.02868983745,4.02868983745,0,0,1
current_none,13.4,15.71125,10,0,0,4.02868983745,4.02868983745,0,0,1
current_none,13.425,15.71125,10,0,0,4.02868983745,4.02868983745,0,0,1
current_none,13.45,15.71125,10,0,0,4.02868983745,4.02868983745,0,0,1
current_none,13.475,15.71125,10,0,0,4.02868983745,4.02868983745,0,0,1
current_none,13.5,15.71125,10,0,0,4.02868983745,4.02868983745,0,0,1
current_none,13.525,15.71125,10,0,0,4.02868983745,4.02868983745,0,0,1
current_none,13.55,15.71125,10,0,0,4.02868983745,4.02868983745,0,0,1
current_none,13.575,15.71125,10,0,0,4.02868983745,4.02868983745,0,0,1
current_none,13.6,15.71125,10,0,0,4.02868983745,4.02868983745,0,0,1
current_none,13.625,15.71125,10,0,0,4.02868983745,4.02868983745,0,0,1
current_none,13.65,15.71125,10,0,0,4.02868983745,4.02868983745,0,0,1
current_none,13.675,15.71125,10,0,0,4.02868983745,4.02868983745,0,0,1
current_none,13.7,15.71125,10,0,0,4.02868983745,4.02868983745,0,0,1
current_none,13.725,15.71125,10,0,0,4.02868983745,4.02868983745,0,0,1
current_none,13.75,15.71125,10,0,0,4.02868983745,4.02868983745,0,0,1
current_none,13.775,15.71125,10,0,0,4.02868983745,4.02868983745,0,0,1
current_none,13.8,15.71125,10,0,0,4.02868983745,4.02868983745,0,0,1
current_none,13.825,15.71125,10,0,0,4.02868983745,4.02868983745,0,0,1
current_none,13.85,15.71125,10,0,0,4.02868983745,4.02868983745,0,0,1
current_none,13.875,15.71125,10,0,0,4.02868983745,4.02868983745,0,0,1
current_none,13.9,15.71125,10,0,0,4.02868983745,4.02868983745,0,0,1
current_none,13.925,15.71125,10,0,0,4.02868983745,4.02868983745,0,0,1
current_none,13.95,15.71125,10,0,0,4.02868983745,4.02868983745,0,0,1
current_none,13.975,15.71125,10,0,0,4.02868983745,4.02868983745,0,0,1
current_none,14,15.71125,10,0,0,4.02868983745,4.02868983745,0,0,1
current_none,14.025,15.71125,10,0,0,4.02868983745,4.02868983745,0,0,1
current_none,14.05,15.71125,10,0,0,4.02868983745,4.02868983745,0,0,1
current_none,14.075,15.71125,10,0,0,4.02868983745,4.02868983745,0,0,1
current_none,14.1,15.71125,10,0,0,4.02868983745,4.02868983745,0,0,1
current_none,14.125,15.71125,10,0,0,4.02868983745,4.02868983745,0,0,1
current_none,14.15,15.71125,10,0,0,4.02868983745,4.02868983745,0,0,1
current_none,14.175,15.71125,10,0,0,4.02868983745,4.02868983745,0,0,1
current_none,14.2,15.71125,10,0,0,4.02868983745,4.02868983745,0,0,1
current_none,14.225,15.71125,10,0,0,4.02868983745,4.02868983745,0,0,1
current_none,14.25,15.71125,10,0,0,4.02868983745,4.02868983745,0,0,1
current_none,14.275,15.71125,10,0,0,4.02868983745,4.02868983745,0,0,1
current_none,14.3,15.71125,10,0,0,4.02868983745,4.02868983745,0,0,1
current_none,14.325,15.71125,10,0,0,4.02868983745,4.02868983745,0,0,1
current_none,14.35,15.71125,10,0,0,4.02868983745,4.02868983745,0,0,1
current_none,14.375,15.71125,10,0,0,4.02868983745,4.02868983745,0,0,1
current_none,14.4,15.71125,10,0,0,4.02868983745,4.02868983745,0,0,1
current_none,14.425,15.71125,10,0,0,4.02868983745,4.02868983745,0,0,1
current_none,14.45,15.71125,10,0,0,4.02868983745,4.02868983745,0,0,1
current_none,14.475,15.71125,10,0,0,4.02868983745,4.02868983745,0,0,1
current_none,14.5,15.71125,10,0,0,4.02868983745,4.02868983745,0,0,1
current_none,14.525,15.71125,10,0,0,4.02868983745,4.02868983745,0,0,1
current_none,14.55,15.71125,10,0,0,4.02868983745,4.02868983745,0,0,1
current_none,14.575,15.71125,10,0,0,4.02868983745,4.02868983745,0,0,1
current_none,14.6,15.71125,10,0,0,4.02868983745,4.02868983745,0,0,1
current_none,14.625,15.71125,10,0,0,4.02868983745,4.02868983745,0,0,1
current_none,14.65,15.71125,10,0,0,4.02868983745,4.02868983745,0,0,1
current_none,14.675,15.71125,10,0,0,4.02868983745,4.02868983745,0,0,1
current_none,14.7,15.71125,10,0,0,4.02868983745,4.02868983745,0,0,1
current_none,14.725,15.71125,10,0,0,4.02868983745,4.02868983745,0,0,1
current_none,14.75,15.71125,10,0,0,4.02868983745,4.02868983745,0,0,1
current_none,14.775,15.71125,10,0,0,4.02868983745,4.02868983745,0,0,1
current_none,14.8,15.71125,10,0,0,4.02868983745,4.02868983745,0,0,1
current_none,14.825,15.71125,10,0,0,4.02868983745,4.02868983745,0,0,1
current_none,14.85,15.71125,10,0,0,4.02868983745,4.02868983745,0,0,1
current_none,14.875,15.71125,10,0,0,4.02868983745,4.02868983745,0,0,1
current_none,14.9,15.71125,10,0,0,4.02868983745,4.02868983745,0,0,1
current_none,14.925,15.71125,10,0,0,4.02868983745,4.02868983745,0,0,1
current_none,14.95,15.71125,10,0,0,4.02868983745,4.02868983745,0,0,1
current_none,14.975,15.71125,10,0,0,4.02868983745,4.02868983745,0,0,1
current_none,15,15.71125,10,0,0,4.02868983745,4.02868983745,0,0,1
current_none,15.025,15.71125,10,0,0,4.02868983745,4.02868983745,0,0,1
current_none,15.05,15.71125,10,0,0,4.02868983745,4.02868983745,0,0,1
current_none,15.075,15.71125,10,0,0,4.02868983745,4.02868983745,0,0,1
current_none,15.1,15.71125,10,0,0,4.02868983745,4.02868983745,0,0,1
current_none,15.125,15.71125,10,0,0,4.02868983745,4.02868983745,0,0,1
current_none,15.15,15.71125,10,0,0,4.02868983745,4.02868983745,0,0,1
current_none,15.175,15.71125,10,0,0,4.02868983745,4.02868983745,0,0,1
current_none,15.2,15.71125,10,0,0,4.02868983745,4.02868983745,0,0,1
current_none,15.225,15.71125,10,0,0,4.02868983745,4.02868983745,0,0,1
current_none,15.25,15.71125,10,0,0,4.02868983745,4.02868983745,0,0,1
current_none,15.275,15.71125,10,0,0,4.02868983745,4.02868983745,0,0,1
current_none,15.3,15.71125,10,0,0,4.02868983745,4.02868983745,0,0,1
current_none,15.325,15.71125,10,0,0,4.02868983745,4.02868983745,0,0,1
current_none,15.35,15.71125,10,0,0,4.02868983745,4.02868983745,0,0,1
current_none,15.375,15.71125,10,0,0,4.02868983745,4.02868983745,0,0,1
current_none,15.4,15.71125,10,0,0,4.02868983745,4.02868983745,0,0,1
current_none,15.425,15.71125,10,0,0,4.02868983745,4.02868983745,0,0,1
current_none,15.45,15.71125,10,0,0,4.02868983745,4.02868983745,0,0,1
current_none,15.475,15.71125,10,0,0,4.02868983745,4.02868983745,0,0,1
current_none,15.5,15.71125,10,0,0,4.02868983745,4.02868983745,0,0,1
current_none,15.525,15.71125,10,0,0,4.02868983745,4.02868983745,0,0,1
current_none,15.55,15.71125,10,0,0,4.02868983745,4.02868983745,0,0,1
current_none,15.575,15.71125,10,0,0,4.02868983745,4.02868983745,0,0,1
current_none,15.6,15.71125,10,0,0,4.02868983745,4.02868983745,0,0,1
current_none,15.625,15.71125,10,0,0,4.02868983745,4.02868983745,0,0,1
current_none,15.65,15.71125,10,0,0,4.02868983745,4.02868983745,0,0,1
current_none,15.675,15.71125,10,0,0,4.02868983745,4.02868983745,0,0,1
current_none,15.7,15.71125,10,0,0,4.02868983745,4.02868983745,0,0,1
current_none,15.725,15.71125,10,0,0,4.02868983745,4.02868983745,0,0,1
current_none,15.75,15.71125,10,0,0,4.02868983745,4.02868983745,0,0,1
current_none,15.775,15.71125,10,0,0,4.02868983745,4.02868983745,0,0,1
current_none,15.8,15.71125,10,0,0,4.02868983745,4.02868983745,0,0,1
current_none,15.825,15.71125,10,0,0,4.02868983745,4.02868983745,0,0,1
current_none,15.85,15.71125,10,0,0,4.02868983745,4.02868983745,0,0,1
current_none,15.875,15.71125,10,0,0,4.02868983745,4.02868983745,0,0,1
current_none,15.9,15.71125,10,0,0,4.02868983745,4.02868983745,0,0,1
current_none,15.925,15.71125,10,0,0,4.02868983745,4.02868983745,0,0,1
current_none,15.95,15.71125,10,0,0,4.02868983745,4.02868983745,0,0,1
current_none,15.975,15.71125,10,0,0,4.02868983745,4.02868983745,0,0,1
current_none,16,15.71125,10,0,0,4.02868983745,4.02868983745,0,0,1
current_none,16.025,15.71125,10,0,0,4.02868983745,4.02868983745,0,0,1
current_none,16.05,15.71125,10,0,0,4.02868983745,4.02868983745,0,0,1
current_none,16.075,15.71125,10,0,0,4.02868983745,4.02868983745,0,0,1
current_none,16.1,15.71125,10,0,0,4.02868983745,4.02868983745,0,0,1
current_none,16.125,15.71125,10,0,0,4.02868983745,4.02868983745,0,0,1
current_none,16.15,15.71125,10,0,0,4.02868983745,4.02868983745,0,0,1
current_none,16.175,15.71125,10,0,0,4.02868983745,4.02868983745,0,0,1
current_none,16.2,15.71125,10,0,0,4.02868983745,4.02868983745,0,0,1
current_none,16.225,15.71125,10,0,0,4.02868983745,4.02868983745,0,0,1
current_none,16.25,15.71125,10,0,0,4.02868983745,4.02868983745,0,0,1
current_none,16.275,15.71125,10,0,0,4.02868983745,4.02868983745,0,0,1
current_none,16.3,15.71125,10,0,0,4.02868983745,4.02868983745,0,0,1
current_none,16.325,15.71125,10,0,0,4.02868983745,4.02868983745,0,0,1
current_none,16.35,15.71125,10,0,0,4.02868983745,4.02868983745,0,0,1
current_none,16.375,15.71125,10,0,0,4.02868983745,4.02868983745,0,0,1
current_none,16.4,15.71125,10,0,0,4.02868983745,4.02868983745,0,0,1
current_none,16.425,15.71125,10,0,0,4.02868983745,4.02868983745,0,0,1
current_none,16.45,15.71125,10,0,0,4.02868983745,4.02868983745,0,0,1
current_none,16.475,15.71125,10,0,0,4.02868983745,4.02868983745,0,0,1
current_none,16.5,15.71125,10,0,0,4.02868983745,4.02868983745,0,0,1
current_none,16.525,15.71125,10,0,0,4.02868983745,4.02868983745,0,0,1
current_none,16.55,15.71125,10,0,0,4.02868983745,4.02868983745,0,0,1
current_none,16.575,15.71125,10,0,0,4.02868983745,4.02868983745,0,0,1
current_none,16.6,15.71125,10,0,0,4.02868983745,4.02868983745,0,0,1
current_none,16.625,15.71125,10,0,0,4.02868983745,4.02868983745,0,0,1
current_none,16.65,15.71125,10,0,0,4.02868983745,4.02868983745,0,0,1
current_none,16.675,15.71125,10,0,0,4.02868983745,4.02868983745,0,0,1
current_none,16.7,15.71125,10,0,0,4.02868983745,4.02868983745,0,0,1
current_none,16.725,15.71125,10,0,0,4.02868983745,4.02868983745,0,0,1
current_none,16.75,15.71125,10,0,0,4.02868983745,4.02868983745,0,0,1
current_none,16.775,15.71125,10,0,0,4.02868983745,4.02868983745,0,0,1
current_none,16.8,15.71125,10,0,0,4.02868983745,4.02868983745,0,0,1
current_none,16.825,15.71125,10,0,0,4.02868983745,4.02868983745,0,0,1
current_none,16.85,15.71125,10,0,0,4.02868983745,4.02868983745,0,0,1
current_none,16.875,15.71125,10,0,0,4.02868983745,4.02868983745,0,0,1
current_none,16.9,15.71125,10,0,0,4.02868983745,4.02868983745,0,0,1
current_none,16.925,15.71125,10,0,0,4.02868983745,4.02868983745,0,0,1
current_none,16.95,15.71125,10,0,0,4.02868983745,4.02868983745,0,0,1
current_none,16.975,15.71125,10,0,0,4.02868983745,4.02868983745,0,0,1
current_none,17,15.71125,10,0,0,4.02868983745,4.02868983745,0,0,1
current_none,17.025,15.71125,10,0,0,4.02868983745,4.02868983745,0,0,1
current_none,17.05,15.71125,10,0,0,4.02868983745,4.02868983745,0,0,1
current_none,17.075,15.71125,10,0,0,4.02868983745,4.02868983745,0,0,1
current_none,17.1,15.71125,10,0,0,4.02868983745,4.02868983745,0,0,1
current_none,17.125,15.71125,10,0,0,4.02868983745,4.02868983745,0,0,1
current_none,17.15,15.71125,10,0,0,4.02868983745,4.02868983745,0,0,1
current_none,17.175,15.71125,10,0,0,4.02868983745,4.02868983745,0,0,1
current_none,17.2,15.71125,10,0,0,4.02868983745,4.02868983745,0,0,1
current_none,17.225,15.71125,10,0,0,4.02868983745,4.02868983745,0,0,1
current_none,17.25,15.71125,10,0,0,4.02868983745,4.02868983745,0,0,1
current_none,17.275,15.71125,10,0,0,4.02868983745,4.02868983745,0,0,1
current_none,17.3,15.71125,10,0,0,4.02868983745,4.02868983745,0,0,1
current_none,17.325,15.71125,10,0,0,4.02868983745,4.02868983745,0,0,1
current_none,17.35,15.71125,10,0,0,4.02868983745,4.02868983745,0,0,1
current_none,17.375,15.71125,10,0,0,4.02868983745,4.02868983745,0,0,1
current_none,17.4,15.71125,10,0,0,4.02868983745,4.02868983745,0,0,1
current_none,17.425,15.71125,10,0,0,4.02868983745,4.02868983745,0,0,1
current_none,17.45,15.71125,10,0,0,4.02868983745,4.02868983745,0,0,1
current_none,17.475,15.71125,10,0,0,4.02868983745,4.02868983745,0,0,1
current_none,17.5,15.71125,10,0,0,4.02868983745,4.02868983745,0,0,1
current_none,17.525,15.71125,10,0,0,4.02868983745,4.02868983745,0,0,1
current_none,17.55,15.71125,10,0,0,4.02868983745,4.02868983745,0,0,1
current_none,17.575,15.71125,10,0,0,4.02868983745,4.02868983745,0,0,1
current_none,17.6,15.71125,10,0,0,4.02868983745,4.02868983745,0,0,1
current_none,17.625,15.71125,10,0,0,4.02868983745,4.02868983745,0,0,1
current_none,17.65,15.71125,10,0,0,4.02868983745,4.02868983745,0,0,1
current_none,17.675,15.71125,10,0,0,4.02868983745,4.02868983745,0,0,1
current_none,17.7,15.71125,10,0,0,4.02868983745,4.02868983745,0,0,1
current_none,17.725,15.71125,10,0,0,4.02868983745,4.02868983745,0,0,1
current_none,17.75,15.71125,10,0,0,4.02868983745,4.02868983745,0,0,1
current_none,17.775,15.71125,10,0,0,4.02868983745,4.02868983745,0,0,1
current_none,17.8,15.71125,10,0,0,4.02868983745,4.02868983745,0,0,1
current_none,17.825,15.71125,10,0,0,4.02868983745,4.02868983745,0,0,1
current_none,17.85,15.71125,10,0,0,4.02868983745,4.02868983745,0,0,1
current_none,17.875,15.71125,10,0,0,4.02868983745,4.02868983745,0,0,1
current_none,17.9,15.71125,10,0,0,4.02868983745,4.02868983745,0,0,1
current_none,17.925,15.71125,10,0,0,4.02868983745,4.02868983745,0,0,1
current_none,17.95,15.71125,10,0,0,4.02868983745,4.02868983745,0,0,1
current_none,17.975,15.71125,10,0,0,4.02868983745,4.02868983745,0,0,1
current_none,18,15.71125,10,0,0,4.02868983745,4.02868983745,0,0,1
current_none,18.025,15.71125,10,0,0,4.02868983745,4.02868983745,0,0,1
current_none,18.05,15.71125,10,0,0,4.02868983745,4.02868983745,0,0,1
current_none,18.075,15.71125,10,0,0,4.02868983745,4.02868983745,0,0,1
current_none,18.1,15.71125,10,0,0,4.02868983745,4.02868983745,0,0,1
current_none,18.125,15.71125,10,0,0,4.02868983745,4.02868983745,0,0,1
current_none,18.15,15.71125,10,0,0,4.02868983745,4.02868983745,0,0,1
current_none,18.175,15.71125,10,0,0,4.02868983745,4.02868983745,0,0,1
current_none,18.2,15.71125,10,0,0,4.02868983745,4.02868983745,0,0,1
current_none,18.225,15.71125,10,0,0,4.02868983745,4.02868983745,0,0,1
current_none,18.25,15.71125,10,0,0,4.02868983745,4.02868983745,0,0,1
current_none,18.275,15.71125,10,0,0,4.02868983745,4.02868983745,0,0,1
current_none,18.3,15.71125,10,0,0,4.02868983745,4.02868983745,0,0,1
current_none,18.325,15.71125,10,0,0,4.02868983745,4.02868983745,0,0,1
current_none,18.35,15.71125,10,0,0,4.02868983745,4.02868983745,0,0,1
current_none,18.375,15.71125,10,0,0,4.02868983745,4.02868983745,0,0,1
current_none,18.4,15.71125,10,0,0,4.02868983745,4.02868983745,0,0,1
current_none,18.425,15.71125,10,0,0,4.02868983745,4.02868983745,0,0,1
current_none,18.45,15.71125,10,0,0,4.02868983745,4.02868983745,0,0,1
current_none,18.475,15.71125,10,0,0,4.02868983745,4.02868983745,0,0,1
current_none,18.5,15.71125,10,0,0,4.02868983745,4.02868983745,0,0,1
current_none,18.525,15.71125,10,0,0,4.02868983745,4.02868983745,0,0,1
current_none,18.55,15.71125,10,0,0,4.02868983745,4.02868983745,0,0,1
current_none,18.575,15.71125,10,0,0,4.02868983745,4.02868983745,0,0,1
current_none,18.6,15.71125,10,0,0,4.02868983745,4.02868983745,0,0,1
current_none,18.625,15.71125,10,0,0,4.02868983745,4.02868983745,0,0,1
current_none,18.65,15.71125,10,0,0,4.02868983745,4.02868983745,0,0,1
current_none,18.675,15.71125,10,0,0,4.02868983745,4.02868983745,0,0,1
current_none,18.7,15.71125,10,0,0,4.02868983745,4.02868983745,0,0,1
current_none,18.725,15.71125,10,0,0,4.02868983745,4.02868983745,0,0,1
current_none,18.75,15.71125,10,0,0,4.02868983745,4.02868983745,0,0,1
current_none,18.775,15.71125,10,0,0,4.02868983745,4.02868983745,0,0,1
current_none,18.8,15.71125,10,0,0,4.02868983745,4.02868983745,0,0,1
current_none,18.825,15.71125,10,0,0,4.02868983745,4.02868983745,0,0,1
current_none,18.85,15.71125,10,0,0,4.02868983745,4.02868983745,0,0,1
current_none,18.875,15.71125,10,0,0,4.02868983745,4.02868983745,0,0,1
current_none,18.9,15.71125,10,0,0,4.02868983745,4.02868983745,0,0,1
current_none,18.925,15.71125,10,0,0,4.02868983745,4.02868983745,0,0,1
current_none,18.95,15.71125,10,0,0,4.02868983745,4.02868983745,0,0,1
current_none,18.975,15.71125,10,0,0,4.02868983745,4.02868983745,0,0,1
current_none,19,15.71125,10,0,0,4.02868983745,4.02868983745,0,0,1
current_none,19.025,15.71125,10,0,0,4.02868983745,4.02868983745,0,0,1
current_none,19.05,15.71125,10,0,0,4.02868983745,4.02868983745,0,0,1
current_none,19.075,15.71125,10,0,0,4.02868983745,4.02868983745,0,0,1
current_none,19.1,15.71125,10,0,0,4.02868983745,4.02868983745,0,0,1
current_none,19.125,15.71125,10,0,0,4.02868983745,4.02868983745,0,0,1
current_none,19.15,15.71125,10,0,0,4.02868983745,4.02868983745,0,0,1
current_none,19.175,15.71125,10,0,0,4.02868983745,4.02868983745,0,0,1
current_none,19.2,15.71125,10,0,0,4.02868983745,4.02868983745,0,0,1
current_none,19.225,15.71125,10,0,0,4.02868983745,4.02868983745,0,0,1
current_none,19.25,15.71125,10,0,0,4.02868983745,4.02868983745,0,0,1
current_none,19.275,15.71125,10,0,0,4.02868983745,4.02868983745,0,0,1
current_none,19.3,15.71125,10,0,0,4.02868983745,4.02868983745,0,0,1
current_none,19.325,15.71125,10,0,0,4.02868983745,4.02868983745,0,0,1
current_none,19.35,15.71125,10,0,0,4.02868983745,4.02868983745,0,0,1
current_none,19.375,15.71125,10,0,0,4.02868983745,4.02868983745,0,0,1
current_none,19.4,15.71125,10,0,0,4.02868983745,4.02868983745,0,0,1
current_none,19.425,15.71125,10,0,0,4.02868983745,4.02868983745,0,0,1
current_none,19.45,15.71125,10,0,0,4.02868983745,4.02868983745,0,0,1
current_none,19.475,15.71125,10,0,0,4.02868983745,4.02868983745,0,0,1
current_none,19.5,15.71125,10,0,0,4.02868983745,4.02868983745,0,0,1
current_none,19.525,15.71125,10,0,0,4.02868983745,4.02868983745,0,0,1
current_none,19.55,15.71125,10,0,0,4.02868983745,4.02868983745,0,0,1
current_none,19.575,15.71125,10,0,0,4.02868983745,4.02868983745,0,0,1
current_none,19.6,15.71125,10,0,0,4.02868983745,4.02868983745,0,0,1
current_none,19.625,15.71125,10,0,0,4.02868983745,4.02868983745,0,0,1
current_none,19.65,15.71125,10,0,0,4.02868983745,4.02868983745,0,0,1
current_none,19.675,15.71125,10,0,0,4.02868983745,4.02868983745,0,0,1
current_none,19.7,15.71125,10,0,0,4.02868983745,4.02868983745,0,0,1
current_none,19.725,15.71125,10,0,0,4.02868983745,4.02868983745,0,0,1
current_none,19.75,15.71125,10,0,0,4.02868983745,4.02868983745,0,0,1
current_none,19.775,15.71125,10,0,0,4.02868983745,4.02868983745,0,0,1
current_none,19.8,15.71125,10,0,0,4.02868983745,4.02868983745,0,0,1
current_none,19.825,15.71125,10,0,0,4.02868983745,4.02868983745,0,0,1
current_none,19.85,15.71125,10,0,0,4.02868983745,4.02868983745,0,0,1
current_none,19.875,15.71125,10,0,0,4.02868983745,4.02868983745,0,0,1
current_none,19.9,15.71125,10,0,0,4.02868983745,4.02868983745,0,0,1
current_none,19.925,15.71125,10,0,0,4.02868983745,4.02868983745,0,0,1
current_none,19.95,15.71125,10,0,0,4.02868983745,4.02868983745,0,0,1
current_none,19.975,15.71125,10,0,0,4.02868983745,4.02868983745,0,0,1
current_none,20,15.71125,10,0,0,4.02868983745,4.02868983745,0,0,1
current_none,20.025,15.71125,10,0,0,4.02868983745,4.02868983745,0,0,1
current_none,20.05,15.71125,10,0,0,4.02868983745,4.02868983745,0,0,1
current_none,20.075,15.71125,10,0,0,4.02868983745,4.02868983745,0,0,1
current_none,20.1,15.71125,10,0,0,4.02868983745,4.02868983745,0,0,1
current_none,20.125,15.71125,10,0,0,4.02868983745,4.02868983745,0,0,1
current_none,20.15,15.71125,10,0,0,4.02868983745,4.02868983745,0,0,1
current_none,20.175,15.71125,10,0,0,4.02868983745,4.02868983745,0,0,1
current_none,20.2,15.71125,10,0,0,4.02868983745,4.02868983745,0,0,1
current_none,20.225,15.71125,10,0,0,4.02868983745,4.02868983745,0,0,1
current_none,20.25,15.71125,10,0,0,4.02868983745,4.02868983745,0,0,1
current_none,20.275,15.71125,10,0,0,4.02868983745,4.02868983745,0,0,1
current_none,20.3,15.71125,10,0,0,4.02868983745,4.02868983745,0,0,1
current_none,20.325,15.71125,10,0,0,4.02868983745,4.02868983745,0,0,1
current_none,20.35,15.71125,10,0,0,4.02868983745,4.02868983745,0,0,1
current_none,20.375,15.71125,10,0,0,4.02868983745,4.02868983745,0,0,1
current_none,20.4,15.71125,10,0,0,4.02868983745,4.02868983745,0,0,1
current_none,20.425,15.71125,10,0,0,4.02868983745,4.02868983745,0,0,1
current_none,20.45,15.71125,10,0,0,4.02868983745,4.02868983745,0,0,1
current_none,20.475,15.71125,10,0,0,4.02868983745,4.02868983745,0,0,1
current_none,20.5,15.71125,10,0,0,4.02868983745,4.02868983745,0,0,1
current_none,20.525,15.71125,10,0,0,4.02868983745,4.02868983745,0,0,1
current_none,20.55,15.71125,10,0,0,4.02868983745,4.02868983745,0,0,1
current_none,20.575,15.71125,10,0,0,4.02868983745,4.02868983745,0,0,1
current_none,20.6,15.71125,10,0,0,4.02868983745,4.02868983745,0,0,1
current_none,20.625,15.71125,10,0,0,4.02868983745,4.02868983745,0,0,1
current_none,20.65,15.71125,10,0,0,4.02868983745,4.02868983745,0,0,1
current_none,20.675,15.71125,10,0,0,4.02868983745,4.02868983745,0,0,1
current_none,20.7,15.71125,10,0,0,4.02868983745,4.02868983745,0,0,1
current_none,20.725,15.71125,10,0,0,4.02868983745,4.02868983745,0,0,1
current_none,20.75,15.71125,10,0,0,4.02868983745,4.02868983745,0,0,1
current_none,20.775,15.71125,10,0,0,4.02868983745,4.02868983745,0,0,1
current_none,20.8,15.71125,10,0,0,4.02868983745,4.02868983745,0,0,1
current_none,20.825,15.71125,10,0,0,4.02868983745,4.02868983745,0,0,1
current_none,20.85,15.71125,10,0,0,4.02868983745,4.02868983745,0,0,1
current_none,20.875,15.71125,10,0,0,4.02868983745,4.02868983745,0,0,1
current_none,20.9,15.71125,10,0,0,4.02868983745,4.02868983745,0,0,1
current_none,20.925,15.71125,10,0,0,4.02868983745,4.02868983745,0,0,1
current_none,20.95,15.71125,10,0,0,4.02868983745,4.02868983745,0,0,1
current_none,20.975,15.71125,10,0,0,4.02868983745,4.02868983745,0,0,1
current_none,21,15.71125,10,0,0,4.02868983745,4.02868983745,0,0,1
current_none,21.025,15.71125,10,0,0,4.02868983745,4.02868983745,0,0,1
current_none,21.05,15.71125,10,0,0,4.02868983745,4.02868983745,0,0,1
current_none,21.075,15.71125,10,0,0,4.02868983745,4.02868983745,0,0,1
current_none,21.1,15.71125,10,0,0,4.02868983745,4.02868983745,0,0,1
current_none,21.125,15.71125,10,0,0,4.02868983745,4.02868983745,0,0,1
current_none,21.15,15.71125,10,0,0,4.02868983745,4.02868983745,0,0,1
current_none,21.175,15.71125,10,0,0,4.02868983745,4.02868983745,0,0,1
current_none,21.2,15.71125,10,0,0,4.02868983745,4.02868983745,0,0,1
current_none,21.225,15.71125,10,0,0,4.02868983745,4.02868983745,0,0,1
current_none,21.25,15.71125,10,0,0,4.02868983745,4.02868983745,0,0,1
current_none,21.275,15.71125,10,0,0,4.02868983745,4.02868983745,0,0,1
current_none,21.3,15.71125,10,0,0,4.02868983745,4.02868983745,0,0,1
current_none,21.325,15.71125,10,0,0,4.02868983745,4.02868983745,0,0,1
current_none,21.35,15.71125,10,0,0,4.02868983745,4.02868983745,0,0,1
current_none,21.375,15.71125,10,0,0,4.02868983745,4.02868983745,0,0,1
current_none,21.4,15.71125,10,0,0,4.02868983745,4.02868983745,0,0,1
current_none,21.425,15.71125,10,0,0,4.02868983745,4.02868983745,0,0,1
current_none,21.45,15.71125,10,0,0,4.02868983745,4.02868983745,0,0,1
current_none,21.475,15.71125,10,0,0,4.02868983745,4.02868983745,0,0,1
current_none,21.5,15.71125,10,0,0,4.02868983745,4.02868983745,0,0,1
current_none,21.525,15.71125,10,0,0,4.02868983745,4.02868983745,0,0,1
current_none,21.55,15.71125,10,0,0,4.02868983745,4.02868983745,0,0,1
current_none,21.575,15.71125,10,0,0,4.02868983745,4.02868983745,0,0,1
current_none,21.6,15.71125,10,0,0,4.02868983745,4.02868983745,0,0,1
current_none,21.625,15.71125,10,0,0,4.02868983745,4.02868983745,0,0,1
current_none,21.65,15.71125,10,0,0,4.02868983745,4.02868983745,0,0,1
current_none,21.675,15.71125,10,0,0,4.02868983745,4.02868983745,0,0,1
current_none,21.7,15.71125,10,0,0,4.02868983745,4.02868983745,0,0,1
current_none,21.725,15.71125,10,0,0,4.02868983745,4.02868983745,0,0,1
current_none,21.75,15.71125,10,0,0,4.02868983745,4.02868983745,0,0,1
current_none,21.775,15.71125,10,0,0,4.02868983745,4.02868983745,0,0,1
current_none,21.8,15.71125,10,0,0,4.02868983745,4.02868983745,0,0,1
current_none,21.825,15.71125,10,0,0,4.02868983745,4.02868983745,0,0,1
current_none,21.85,15.71125,10,0,0,4.02868983745,4.02868983745,0,0,1
current_none,21.875,15.71125,10,0,0,4.02868983745,4.02868983745,0,0,1
current_none,21.9,15.71125,10,0,0,4.02868983745,4.02868983745,0,0,1
current_none,21.925,15.71125,10,0,0,4.02868983745,4.02868983745,0,0,1
current_none,21.95,15.71125,10,0,0,4.02868983745,4.02868983745,0,0,1
current_none,21.975,15.71125,10,0,0,4.02868983745,4.02868983745,0,0,1
current_none,22,15.71125,10,0,0,4.02868983745,4.02868983745,0,0,1
current_none,22.025,15.71125,10,0,0,4.02868983745,4.02868983745,0,0,1
current_none,22.05,15.71125,10,0,0,4.02868983745,4.02868983745,0,0,1
current_none,22.075,15.71125,10,0,0,4.02868983745,4.02868983745,0,0,1
current_none,22.1,15.71125,10,0,0,4.02868983745,4.02868983745,0,0,1
current_none,22.125,15.71125,10,0,0,4.02868983745,4.02868983745,0,0,1
current_none,22.15,15.71125,10,0,0,4.02868983745,4.02868983745,0,0,1
current_none,22.175,15.71125,10,0,0,4.02868983745,4.02868983745,0,0,1
current_none,22.2,15.71125,10,0,0,4.02868983745,4.02868983745,0,0,1
current_none,22.225,15.71125,10,0,0,4.02868983745,4.02868983745,0,0,1
current_none,22.25,15.71125,10,0,0,4.02868983745,4.02868983745,0,0,1
current_none,22.275,15.71125,10,0,0,4.02868983745,4.02868983745,0,0,1
current_none,22.3,15.71125,10,0,0,4.02868983745,4.02868983745,0,0,1
current_none,22.325,15.71125,10,0,0,4.02868983745,4.02868983745,0,0,1
current_none,22.35,15.71125,10,0,0,4.02868983745,4.02868983745,0,0,1
current_none,22.375,15.71125,10,0,0,4.02868983745,4.02868983745,0,0,1
current_none,22.4,15.71125,10,0,0,4.02868983745,4.02868983745,0,0,1
current_none,22.425,15.71125,10,0,0,4.02868983745,4.02868983745,0,0,1
current_none,22.45,15.71125,10,0,0,4.02868983745,4.02868983745,0,0,1
current_none,22.475,15.71125,10,0,0,4.02868983745,4.02868983745,0,0,1
current_none,22.5,15.71125,10,0,0,4.02868983745,4.02868983745,0,0,1
current_none,22.525,15.71125,10,0,0,4.02868983745,4.02868983745,0,0,1
current_none,22.55,15.71125,10,0,0,4.02868983745,4.02868983745,0,0,1
current_none,22.575,15.71125,10,0,0,4.02868983745,4.02868983745,0,0,1
current_none,22.6,15.71125,10,0,0,4.02868983745,4.02868983745,0,0,1
current_none,22.625,15.71125,10,0,0,4.02868983745,4.02868983745,0,0,1
current_none,22.65,15.71125,10,0,0,4.02868983745,4.02868983745,0,0,1
current_none,22.675,15.71125,10,0,0,4.02868983745,4.02868983745,0,0,1
current_none,22.7,15.71125,10,0,0,4.02868983745,4.02868983745,0,0,1
current_none,22.725,15.71125,10,0,0,4.02868983745,4.02868983745,0,0,1
current_none,22.75,15.71125,10,0,0,4.02868983745,4.02868983745,0,0,1
current_none,22.775,15.71125,10,0,0,4.02868983745,4.02868983745,0,0,1
current_none,22.8,15.71125,10,0,0,4.02868983745,4.02868983745,0,0,1
current_none,22.825,15.71125,10,0,0,4.02868983745,4.02868983745,0,0,1
current_none,22.85,15.71125,10,0,0,4.02868983745,4.02868983745,0,0,1
current_none,22.875,15.71125,10,0,0,4.02868983745,4.02868983745,0,0,1
current_none,22.9,15.71125,10,0,0,4.02868983745,4.02868983745,0,0,1
current_none,22.925,15.71125,10,0,0,4.02868983745,4.02868983745,0,0,1
current_none,22.95,15.71125,10,0,0,4.02868983745,4.02868983745,0,0,1
current_none,22.975,15.71125,10,0,0,4.02868983745,4.02868983745,0,0,1
current_none,23,15.71125,10,0,0,4.02868983745,4.02868983745,0,0,1
current_none,23.025,15.71125,10,0,0,4.02868983745,4.02868983745,0,0,1
current_none,23.05,15.71125,10,0,0,4.02868983745,4.02868983745,0,0,1
current_none,23.075,15.71125,10,0,0,4.02868983745,4.02868983745,0,0,1
current_none,23.1,15.71125,10,0,0,4.02868983745,4.02868983745,0,0,1
current_none,23.125,15.71125,10,0,0,4.02868983745,4.02868983745,0,0,1
current_none,23.15,15.71125,10,0,0,4.02868983745,4.02868983745,0,0,1
current_none,23.175,15.71125,10,0,0,4.02868983745,4.02868983745,0,0,1
current_none,23.2,15.71125,10,0,0,4.02868983745,4.02868983745,0,0,1
current_none,23.225,15.71125,10,0,0,4.02868983745,4.02868983745,0,0,1
current_none,23.25,15.71125,10,0,0,4.02868983745,4.02868983745,0,0,1
current_none,23.275,15.71125,10,0,0,4.02868983745,4.02868983745,0,0,1
current_none,23.3,15.71125,10,0,0,4.02868983745,4.02868983745,0,0,1
current_none,23.325,15.71125,10,0,0,4.02868983745,4.02868983745,0,0,1
current_none,23.35,15.71125,10,0,0,4.02868983745,4.02868983745,0,0,1
current_none,23.375,15.71125,10,0,0,4.02868983745,4.02868983745,0,0,1
current_none,23.4,15.71125,10,0,0,4.02868983745,4.02868983745,0,0,1
current_none,23.425,15.71125,10,0,0,4.02868983745,4.02868983745,0,0,1
current_none,23.45,15.71125,10,0,0,4.02868983745,4.02868983745,0,0,1
current_none,23.475,15.71125,10,0,0,4.02868983745,4.02868983745,0,0,1
current_none,23.5,15.71125,10,0,0,4.02868983745,4.02868983745,0,0,1
current_none,23.525,15.71125,10,0,0,4.02868983745,4.02868983745,0,0,1
current_none,23.55,15.71125,10,0,0,4.02868983745,4.02868983745,0,0,1
current_none,23.575,15.71125,10,0,0,4.02868983745,4.02868983745,0,0,1
current_none,23.6,15.71125,10,0,0,4.02868983745,4.02868983745,0,0,1
current_none,23.625,15.71125,10,0,0,4.02868983745,4.02868983745,0,0,1
current_none,23.65,15.71125,10,0,0,4.02868983745,4.02868983745,0,0,1
current_none,23.675,15.71125,10,0,0,4.02868983745,4.02868983745,0,0,1
current_none,23.7,15.71125,10,0,0,4.02868983745,4.02868983745,0,0,1
current_none,23.725,15.71125,10,0,0,4.02868983745,4.02868983745,0,0,1
current_none,23.75,15.71125,10,0,0,4.02868983745,4.02868983745,0,0,1
current_none,23.775,15.71125,10,0,0,4.02868983745,4.02868983745,0,0,1
current_none,23.8,15.71125,10,0,0,4.02868983745,4.02868983745,0,0,1
current_none,23.825,15.71125,10,0,0,4.02868983745,4.02868983745,0,0,1
current_none,23.85,15.71125,10,0,0,4.02868983745,4.02868983745,0,0,1
current_none,23.875,15.71125,10,0,0,4.02868983745,4.02868983745,0,0,1
current_none,23.9,15.71125,10,0,0,4.02868983745,4.02868983745,0,0,1
current_none,23.925,15.71125,10,0,0,4.02868983745,4.02868983745,0,0,1
current_none,23.95,15.71125,10,0,0,4.02868983745,4.02868983745,0,0,1
current_none,23.975,15.71125,10,0,0,4.02868983745,4.02868983745,0,0,1
current_none,24,15.71125,10,0,0,4.02868983745,4.02868983745,0,0,1
current_none,24.025,15.71125,10,0,0,4.02868983745,4.02868983745,0,0,1
current_none,24.05,15.71125,10,0,0,4.02868983745,4.02868983745,0,0,1
current_none,24.075,15.71125,10,0,0,4.02868983745,4.02868983745,0,0,1
current_none,24.1,15.71125,10,0,0,4.02868983745,4.02868983745,0,0,1
current_none,24.125,15.71125,10,0,0,4.02868983745,4.02868983745,0,0,1
current_none,24.15,15.71125,10,0,0,4.02868983745,4.02868983745,0,0,1
current_none,24.175,15.71125,10,0,0,4.02868983745,4.02868983745,0,0,1
current_none,24.2,15.71125,10,0,0,4.02868983745,4.02868983745,0,0,1
current_none,24.225,15.71125,10,0,0,4.02868983745,4.02868983745,0,0,1
current_none,24.25,15.71125,10,0,0,4.02868983745,4.02868983745,0,0,1
current_none,24.275,15.71125,10,0,0,4.02868983745,4.02868983745,0,0,1
current_none,24.3,15.71125,10,0,0,4.02868983745,4.02868983745,0,0,1
current_none,24.325,15.71125,10,0,0,4.02868983745,4.02868983745,0,0,1
current_none,24.35,15.71125,10,0,0,4.02868983745,4.02868983745,0,0,1
current_none,24.375,15.71125,10,0,0,4.02868983745,4.02868983745,0,0,1
current_none,24.4,15.71125,10,0,0,4.02868983745,4.02868983745,0,0,1
current_none,24.425,15.71125,10,0,0,4.02868983745,4.02868983745,0,0,1
current_none,24.45,15.71125,10,0,0,4.02868983745,4.02868983745,0,0,1
current_none,24.475,15.71125,10,0,0,4.02868983745,4.02868983745,0,0,1
current_none,24.5,15.71125,10,0,0,4.02868983745,4.02868983745,0,0,1
current_none,24.525,15.71125,10,0,0,4.02868983745,4.02868983745,0,0,1
current_none,24.55,15.71125,10,0,0,4.02868983745,4.02868983745,0,0,1
current_none,24.575,15.71125,10,0,0,4.02868983745,4.02868983745,0,0,1
current_none,24.6,15.71125,10,0,0,4.02868983745,4.02868983745,0,0,1
current_none,24.625,15.71125,10,0,0,4.02868983745,4.02868983745,0,0,1
current_none,24.65,15.71125,10,0,0,4.02868983745,4.02868983745,0,0,1
current_none,24.675,15.71125,10,0,0,4.02868983745,4.02868983745,0,0,1
current_none,24.7,15.71125,10,0,0,4.02868983745,4.02868983745,0,0,1
current_none,24.725,15.71125,10,0,0,4.02868983745,4.02868983745,0,0,1
current_none,24.75,15.71125,10,0,0,4.02868983745,4.02868983745,0,0,1
current_none,24.775,15.71125,10,0,0,4.02868983745,4.02868983745,0,0,1
current_none,24.8,15.71125,10,0,0,4.02868983745,4.02868983745,0,0,1
current_none,24.825,15.71125,10,0,0,4.02868983745,4.02868983745,0,0,1
current_none,24.85,15.71125,10,0,0,4.02868983745,4.02868983745,0,0,1
current_none,24.875,15.71125,10,0,0,4.02868983745,4.02868983745,0,0,1
current_none,24.9,15.71125,10,0,0,4.02868983745,4.02868983745,0,0,1
current_none,24.925,15.71125,10,0,0,4.02868983745,4.02868983745,0,0,1
current_none,24.95,15.71125,10,0,0,4.02868983745,4.02868983745,0,0,1
current_none,24.975,15.71125,10,0,0,4.02868983745,4.02868983745,0,0,1
current_none,25,15.71125,10,0,0,4.02868983745,4.02868983745,0,0,1
current_none,25.025,15.71125,10,0,0,4.02868983745,4.02868983745,0,0,1
current_none,25.05,15.71125,10,0,0,4.02868983745,4.02868983745,0,0,1
current_none,25.075,15.71125,10,0,0,4.02868983745,4.02868983745,0,0,1
current_none,25.1,15.71125,10,0,0,4.02868983745,4.02868983745,0,0,1
current_none,25.125,15.71125,10,0,0,4.02868983745,4.02868983745,0,0,1
current_none,25.15,15.71125,10,0,0,4.02868983745,4.02868983745,0,0,1
current_none,25.175,15.71125,10,0,0,4.02868983745,4.02868983745,0,0,1
current_none,25.2,15.71125,10,0,0,4.02868983745,4.02868983745,0,0,1
current_none,25.225,15.71125,10,0,0,4.02868983745,4.02868983745,0,0,1
current_none,25.25,15.71125,10,0,0,4.02868983745,4.02868983745,0,0,1
current_none,25.275,15.71125,10,0,0,4.02868983745,4.02868983745,0,0,1
current_none,25.3,15.71125,10,0,0,4.02868983745,4.02868983745,0,0,1
current_none,25.325,15.71125,10,0,0,4.02868983745,4.02868983745,0,0,1
current_none,25.35,15.71125,10,0,0,4.02868983745,4.02868983745,0,0,1
current_none,25.375,15.71125,10,0,0,4.02868983745,4.02868983745,0,0,1
current_none,25.4,15.71125,10,0,0,4.02868983745,4.02868983745,0,0,1
current_none,25.425,15.71125,10,0,0,4.02868983745,4.02868983745,0,0,1
current_none,25.45,15.71125,10,0,0,4.02868983745,4.02868983745,0,0,1
current_none,25.475,15.71125,10,0,0,4.02868983745,4.02868983745,0,0,1
current_none,25.5,15.71125,10,0,0,4.02868983745,4.02868983745,0,0,1
current_none,25.525,15.71125,10,0,0,4.02868983745,4.02868983745,0,0,1
current_none,25.55,15.71125,10,0,0,4.02868983745,4.02868983745,0,0,1
current_none,25.575,15.71125,10,0,0,4.02868983745,4.02868983745,0,0,1
current_none,25.6,15.71125,10,0,0,4.02868983745,4.02868983745,0,0,1
current_none,25.625,15.71125,10,0,0,4.02868983745,4.02868983745,0,0,1
current_none,25.65,15.71125,10,0,0,4.02868983745,4.02868983745,0,0,1
current_none,25.675,15.71125,10,0,0,4.02868983745,4.02868983745,0,0,1
current_none,25.7,15.71125,10,0,0,4.02868983745,4.02868983745,0,0,1
current_none,25.725,15.71125,10,0,0,4.02868983745,4.02868983745,0,0,1
current_none,25.75,15.71125,10,0,0,4.02868983745,4.02868983745,0,0,1
current_none,25.775,15.71125,10,0,0,4.02868983745,4.02868983745,0,0,1
current_none,25.8,15.71125,10,0,0,4.02868983745,4.02868983745,0,0,1
current_none,25.825,15.71125,10,0,0,4.02868983745,4.02868983745,0,0,1
current_none,25.85,15.71125,10,0,0,4.02868983745,4.02868983745,0,0,1
current_none,25.875,15.71125,10,0,0,4.02868983745,4.02868983745,0,0,1
current_none,25.9,15.71125,10,0,0,4.02868983745,4.02868983745,0,0,1
current_none,25.925,15.71125,10,0,0,4.02868983745,4.02868983745,0,0,1
current_none,25.95,15.71125,10,0,0,4.02868983745,4.02868983745,0,0,1
current_none,25.975,15.71125,10,0,0,4.02868983745,4.02868983745,0,0,1
current_none,26,15.71125,10,0,0,4.02868983745,4.02868983745,0,0,1
current_none,26.025,15.71125,10,0,0,4.02868983745,4.02868983745,0,0,1
current_none,26.05,15.71125,10,0,0,4.02868983745,4.02868983745,0,0,1
current_none,26.075,15.71125,10,0,0,4.02868983745,4.02868983745,0,0,1
current_none,26.1,15.71125,10,0,0,4.02868983745,4.02868983745,0,0,1
current_none,26.125,15.71125,10,0,0,4.02868983745,4.02868983745,0,0,1
current_none,26.15,15.71125,10,0,0,4.02868983745,4.02868983745,0,0,1
current_none,26.175,15.71125,10,0,0,4.02868983745,4.02868983745,0,0,1
current_none,26.2,15.71125,10,0,0,4.02868983745,4.02868983745,0,0,1
current_none,26.225,15.71125,10,0,0,4.02868983745,4.02868983745,0,0,1
current_none,26.25,15.71125,10,0,0,4.02868983745,4.02868983745,0,0,1
current_none,26.275,15.71125,10,0,0,4.02868983745,4.02868983745,0,0,1
current_none,26.3,15.71125,10,0,0,4.02868983745,4.02868983745,0,0,1
current_none,26.325,15.71125,10,0,0,4.02868983745,4.02868983745,0,0,1
current_none,26.35,15.71125,10,0,0,4.02868983745,4.02868983745,0,0,1
current_none,26.375,15.71125,10,0,0,4.02868983745,4.02868983745,0,0,1
current_none,26.4,15.71125,10,0,0,4.02868983745,4.02868983745,0,0,1
current_none,26.425,15.71125,10,0,0,4.02868983745,4.02868983745,0,0,1
current_none,26.45,15.71125,10,0,0,4.02868983745,4.02868983745,0,0,1
current_none,26.475,15.71125,10,0,0,4.02868983745,4.02868983745,0,0,1
current_none,26.5,15.71125,10,0,0,4.02868983745,4.02868983745,0,0,1
current_none,26.525,15.71125,10,0,0,4.02868983745,4.02868983745,0,0,1
current_none,26.55,15.71125,10,0,0,4.02868983745,4.02868983745,0,0,1
current_none,26.575,15.71125,10,0,0,4.02868983745,4.02868983745,0,0,1
current_none,26.6,15.71125,10,0,0,4.02868983745,4.02868983745,0,0,1
current_none,26.625,15.71125,10,0,0,4.02868983745,4.02868983745,0,0,1
current_none,26.65,15.71125,10,0,0,4.02868983745,4.02868983745,0,0,1
current_none,26.675,15.71125,10,0,0,4.02868983745,4.02868983745,0,0,1
current_none,26.7,15.71125,10,0,0,4.02868983745,4.02868983745,0,0,1
current_none,26.725,15.71125,10,0,0,4.02868983745,4.02868983745,0,0,1
current_none,26.75,15.71125,10,0,0,4.02868983745,4.02868983745,0,0,1
current_none,26.775,15.71125,10,0,0,4.02868983745,4.02868983745,0,0,1
current_none,26.8,15.71125,10,0,0,4.02868983745,4.02868983745,0,0,1
current_none,26.825,15.71125,10,0,0,4.02868983745,4.02868983745,0,0,1
current_none,26.85,15.71125,10,0,0,4.02868983745,4.02868983745,0,0,1
current_none,26.875,15.71125,10,0,0,4.02868983745,4.02868983745,0,0,1
current_none,26.9,15.71125,10,0,0,4.02868983745,4.02868983745,0,0,1
current_none,26.925,15.71125,10,0,0,4.02868983745,4.02868983745,0,0,1
current_none,26.95,15.71125,10,0,0,4.02868983745,4.02868983745,0,0,1
current_none,26.975,15.71125,10,0,0,4.02868983745,4.02868983745,0,0,1
current_none,27,15.71125,10,0,0,4.02868983745,4.02868983745,0,0,1
current_none,27.025,15.71125,10,0,0,4.02868983745,4.02868983745,0,0,1
current_none,27.05,15.71125,10,0,0,4.02868983745,4.02868983745,0,0,1
current_none,27.075,15.71125,10,0,0,4.02868983745,4.02868983745,0,0,1
current_none,27.1,15.71125,10,0,0,4.02868983745,4.02868983745,0,0,1
current_none,27.125,15.71125,10,0,0,4.02868983745,4.02868983745,0,0,1
current_none,27.15,15.71125,10,0,0,4.02868983745,4.02868983745,0,0,1
current_none,27.175,15.71125,10,0,0,4.02868983745,4.02868983745,0,0,1
current_none,27.2,15.71125,10,0,0,4.02868983745,4.02868983745,0,0,1
current_none,27.225,15.71125,10,0,0,4.02868983745,4.02868983745,0,0,1
current_none,27.25,15.71125,10,0,0,4.02868983745,4.02868983745,0,0,1
current_none,27.275,15.71125,10,0,0,4.02868983745,4.02868983745,0,0,1
current_none,27.3,15.71125,10,0,0,4.02868983745,4.02868983745,0,0,1
current_none,27.325,15.71125,10,0,0,4.02868983745,4.02868983745,0,0,1
current_none,27.35,15.71125,10,0,0,4.02868983745,4.02868983745,0,0,1
current_none,27.375,15.71125,10,0,0,4.02868983745,4.02868983745,0,0,1
current_none,27.4,15.71125,10,0,0,4.02868983745,4.02868983745,0,0,1
current_none,27.425,15.71125,10,0,0,4.02868983745,4.02868983745,0,0,1
current_none,27.45,15.71125,10,0,0,4.02868983745,4.02868983745,0,0,1
current_none,27.475,15.71125,10,0,0,4.02868983745,4.02868983745,0,0,1
current_none,27.5,15.71125,10,0,0,4.02868983745,4.02868983745,0,0,1
current_none,27.525,15.71125,10,0,0,4.02868983745,4.02868983745,0,0,1
current_none,27.55,15.71125,10,0,0,4.02868983745,4.02868983745,0,0,1
current_none,27.575,15.71125,10,0,0,4.02868983745,4.02868983745,0,0,1
current_none,27.6,15.71125,10,0,0,4.02868983745,4.02868983745,0,0,1
current_none,27.625,15.71125,10,0,0,4.02868983745,4.02868983745,0,0,1
current_none,27.65,15.71125,10,0,0,4.02868983745,4.02868983745,0,0,1
current_none,27.675,15.71125,10,0,0,4.02868983745,4.02868983745,0,0,1
current_none,27.7,15.71125,10,0,0,4.02868983745,4.02868983745,0,0,1
current_none,27.725,15.71125,10,0,0,4.02868983745,4.02868983745,0,0,1
current_none,27.75,15.71125,10,0,0,4.02868983745,4.02868983745,0,0,1
current_none,27.775,15.71125,10,0,0,4.02868983745,4.02868983745,0,0,1
current_none,27.8,15.71125,10,0,0,4.02868983745,4.02868983745,0,0,1
current_none,27.825,15.71125,10,0,0,4.02868983745,4.02868983745,0,0,1
current_none,27.85,15.71125,10,0,0,4.02868983745,4.02868983745,0,0,1
current_none,27.875,15.71125,10,0,0,4.02868983745,4.02868983745,0,0,1
current_none,27.9,15.71125,10,0,0,4.02868983745,4.02868983745,0,0,1
current_none,27.925,15.71125,10,0,0,4.02868983745,4.02868983745,0,0,1
current_none,27.95,15.71125,10,0,0,4.02868983745,4.02868983745,0,0,1
current_none,27.975,15.71125,10,0,0,4.02868983745,4.02868983745,0,0,1
current_none,28,15.71125,10,0,0,4.02868983745,4.02868983745,0,0,1
current_none,28.025,15.71125,10,0,0,4.02868983745,4.02868983745,0,0,1
current_none,28.05,15.71125,10,0,0,4.02868983745,4.02868983745,0,0,1
current_none,28.075,15.71125,10,0,0,4.02868983745,4.02868983745,0,0,1
current_none,28.1,15.71125,10,0,0,4.02868983745,4.02868983745,0,0,1
current_none,28.125,15.71125,10,0,0,4.02868983745,4.02868983745,0,0,1
current_none,28.15,15.71125,10,0,0,4.02868983745,4.02868983745,0,0,1
current_none,28.175,15.71125,10,0,0,4.02868983745,4.02868983745,0,0,1
current_none,28.2,15.71125,10,0,0,4.02868983745,4.02868983745,0,0,1
current_none,28.225,15.71125,10,0,0,4.02868983745,4.02868983745,0,0,1
current_none,28.25,15.71125,10,0,0,4.02868983745,4.02868983745,0,0,1
current_none,28.275,15.71125,10,0,0,4.02868983745,4.02868983745,0,0,1
current_none,28.3,15.71125,10,0,0,4.02868983745,4.02868983745,0,0,1
current_none,28.325,15.71125,10,0,0,4.02868983745,4.02868983745,0,0,1
current_none,28.35,15.71125,10,0,0,4.02868983745,4.02868983745,0,0,1
current_none,28.375,15.71125,10,0,0,4.02868983745,4.02868983745,0,0,1
current_none,28.4,15.71125,10,0,0,4.02868983745,4.02868983745,0,0,1
current_none,28.425,15.71125,10,0,0,4.02868983745,4.02868983745,0,0,1
current_none,28.45,15.71125,10,0,0,4.02868983745,4.02868983745,0,0,1
current_none,28.475,15.71125,10,0,0,4.02868983745,4.02868983745,0,0,1
current_none,28.5,15.71125,10,0,0,4.02868983745,4.02868983745,0,0,1
current_none,28.525,15.71125,10,0,0,4.02868983745,4.02868983745,0,0,1
current_none,28.55,15.71125,10,0,0,4.02868983745,4.02868983745,0,0,1
current_none,28.575,15.71125,10,0,0,4.02868983745,4.02868983745,0,0,1
current_none,28.6,15.71125,10,0,0,4.02868983745,4.02868983745,0,0,1
current_none,28.625,15.71125,10,0,0,4.02868983745,4.02868983745,0,0,1
current_none,28.65,15.71125,10,0,0,4.02868983745,4.02868983745,0,0,1
current_none,28.675,15.71125,10,0,0,4.02868983745,4.02868983745,0,0,1
current_none,28.7,15.71125,10,0,0,4.02868983745,4.02868983745,0,0,1
current_none,28.725,15.71125,10,0,0,4.02868983745,4.02868983745,0,0,1
current_none,28.75,15.71125,10,0,0,4.02868983745,4.02868983745,0,0,1
current_none,28.775,15.71125,10,0,0,4.02868983745,4.02868983745,0,0,1
current_none,28.8,15.71125,10,0,0,4.02868983745,4.02868983745,0,0,1
current_none,28.825,15.71125,10,0,0,4.02868983745,4.02868983745,0,0,1
current_none,28.85,15.71125,10,0,0,4.02868983745,4.02868983745,0,0,1
current_none,28.875,15.71125,10,0,0,4.02868983745,4.02868983745,0,0,1
current_none,28.9,15.71125,10,0,0,4.02868983745,4.02868983745,0,0,1
current_none,28.925,15.71125,10,0,0,4.02868983745,4.02868983745,0,0,1
current_none,28.95,15.71125,10,0,0,4.02868983745,4.02868983745,0,0,1
current_none,28.975,15.71125,10,0,0,4.02868983745,4.02868983745,0,0,1
current_none,29,15.71125,10,0,0,4.02868983745,4.02868983745,0,0,1
current_none,29.025,15.71125,10,0,0,4.02868983745,4.02868983745,0,0,1
current_none,29.05,15.71125,10,0,0,4.02868983745,4.02868983745,0,0,1
current_none,29.075,15.71125,10,0,0,4.02868983745,4.02868983745,0,0,1
current_none,29.1,15.71125,10,0,0,4.02868983745,4.02868983745,0,0,1
current_none,29.125,15.71125,10,0,0,4.02868983745,4.02868983745,0,0,1
current_none,29.15,15.71125,10,0,0,4.02868983745,4.02868983745,0,0,1
current_none,29.175,15.71125,10,0,0,4.02868983745,4.02868983745,0,0,1
current_none,29.2,15.71125,10,0,0,4.02868983745,4.02868983745,0,0,1
current_none,29.225,15.71125,10,0,0,4.02868983745,4.02868983745,0,0,1
current_none,29.25,15.71125,10,0,0,4.02868983745,4.02868983745,0,0,1
current_none,29.275,15.71125,10,0,0,4.02868983745,4.02868983745,0,0,1
current_none,29.3,15.71125,10,0,0,4.02868983745,4.02868983745,0,0,1
current_none,29.325,15.71125,10,0,0,4.02868983745,4.02868983745,0,0,1
current_none,29.35,15.71125,10,0,0,4.02868983745,4.02868983745,0,0,1
current_none,29.375,15.71125,10,0,0,4.02868983745,4.02868983745,0,0,1
current_none,29.4,15.71125,10,0,0,4.02868983745,4.02868983745,0,0,1
current_none,29.425,15.71125,10,0,0,4.02868983745,4.02868983745,0,0,1
current_none,29.45,15.71125,10,0,0,4.02868983745,4.02868983745,0,0,1
current_none,29.475,15.71125,10,0,0,4.02868983745,4.02868983745,0,0,1
current_none,29.5,15.71125,10,0,0,4.02868983745,4.02868983745,0,0,1
current_none,29.525,15.71125,10,0,0,4.02868983745,4.02868983745,0,0,1
current_none,29.55,15.71125,10,0,0,4.02868983745,4.02868983745,0,0,1
current_none,29.575,15.71125,10,0,0,4.02868983745,4.02868983745,0,0,1
current_none,29.6,15.71125,10,0,0,4.02868983745,4.02868983745,0,0,1
current_none,29.625,15.71125,10,0,0,4.02868983745,4.02868983745,0,0,1
current_none,29.65,15.71125,10,0,0,4.02868983745,4.02868983745,0,0,1
current_none,29.675,15.71125,10,0,0,4.02868983745,4.02868983745,0,0,1
current_none,29.7,15.71125,10,0,0,4.02868983745,4.02868983745,0,0,1
current_none,29.725,15.71125,10,0,0,4.02868983745,4.02868983745,0,0,1
current_none,29.75,15.71125,10,0,0,4.02868983745,4.02868983745,0,0,1
current_none,29.775,15.71125,10,0,0,4.02868983745,4.02868983745,0,0,1
current_none,29.8,15.71125,10,0,0,4.02868983745,4.02868983745,0,0,1
current_none,29.825,15.71125,10,0,0,4.02868983745,4.02868983745,0,0,1
current_none,29.85,15.71125,10,0,0,4.02868983745,4.02868983745,0,0,1
current_none,29.875,15.71125,10,0,0,4.02868983745,4.02868983745,0,0,1
current_none,29.9,15.71125,10,0,0,4.02868983745,4.02868983745,0,0,1
current_none,29.925,15.71125,10,0,0,4.02868983745,4.02868983745,0,0,1
current_none,29.95,15.71125,10,0,0,4.02868983745,4.02868983745,0,0,1
current_none,29.975,15.71125,10,0,0,4.02868983745,4.02868983745,0,0,1
current_none,30,15.71125,10,0,0,4.02868983745,4.02868983745,0,0,1
