mode,t,x,y,vx,vy,gap_r1,gap_r2,force_r1,force_r2,arrived
legacy_r1,0,10,10,0,0,0.530624847487,1.25,0,0,0
legacy_r1,0.025,10.0024371398,10.0000502882,0.0974855917673,0.00201152658614,0.528754129477,1.24802062133,0,0,0
legacy_r1,0.05,10.0070913968,10.0002765956,0.186170281487,0.00905229568262,0.525268647636,1.24416500451,0,0,0
legacy_r1,0.075,10.0137095112,10.0007266436,0.264724573113,0.0180019201762,0.520406268123,1.23861109784,0,0,0
legacy_r1,0.1,10.0220668644,10.0014325818,0.334294128373,0.0282375291325,0.51437628929,1.23152386726,0,0,0
legacy_r1,0.125,10.0319690172,10.0024096992,0.396086112297,0.0390846964708,0.507356476533,1.22305440667,0,0,0
legacy_r1,0.15,10.0432499606,10.0036586383,0.45123773594,0.0499575629095,0.49949503593,1.21333984298,0,0,0
legacy_r1,0.175,10.0557685145,10.0051688524,0.500742157754,0.0604085661638,0.490914976578,1.20250412342,0,0,0
legacy_r1,0.2,10.0694041616,10.0069220382,0.545425883859,0.0701274326019,0.48171903867,1.19065933211,0,0,0
legacy_r1,0.225,10.0840531051,10.00889502,0.585957741077,0.0789192721052,0.471994217521,1.17790717134,0,0,0
legacy_r1,0.25,10.0996249093,10.0110619727,0.622872166441,0.0866781049414,0.461815508837,1.16434036828,0,0,0
legacy_r1,0.275,10.1160398087,10.0133960444,0.65659597392,0.0933628685288,0.451248827224,1.15004389344,0,0,0
legacy_r1,0.3,10.1332266358,10.0158704952,0.687473086532,0.0989780333655,0.440353195412,1.13509596201,0,0,0
legacy_r1,0.325,10.1511212629,10.0184594655,0.715785082038,0.103558810627,0.429182346797,1.11956883522,0,0,0
legacy_r1,0.35,10.1696654429,10.0211384707,0.741767201654,0.107160208682,0.417785881387,1.10352945768,0,0,0
legacy_r1,0.375,10.1888059503,10.0238846979,0.765620294619,0.109849088726,0.406210094134,1.08703996957,0,0,0
legacy_r1,0.4,10.2084939367,10.0266771599,0.787519455154,0.111698481196,0.394498569286,1.07015812811,0,0,0
legacy_r1,0.425,10.2286844398,10.0294967495,0.807620124492,0.112783582495,0.382692610955,1.05293766536,0,0,0
legacy_r1,0.45,10.2493359981,10.0323262244,0.826062332188,0.113178993764,0.370831560737,1.03542860189,0,0,0
legacy_r1,0.475,10.2704103385,10.0351501462,0.842973617433,0.112956875132,0.358953038192,1.01767752992,0,0,0
legacy_r1,0.5,10.2918721145,10.0379547905,0.858471040923,0.112185772085,0.347093128756,0.999727874155,0,0,0
legacy_r1,0.525,10.3136886792,10.0407280388,0.87266258651,0.110929931648,0.335286535593,0.981620135599,0,0,0
legacy_r1,0.55,10.3358298833,10.0434592631,0.885648163537,0.109248971084,0.323566706107,0.963392120945,0,0,0
legacy_r1,0.575,10.3582678921,10.046139208,0.897520354104,0.107197795437,0.311965939928,0.945079158935,0,0,0
legacy_r1,0.6,10.3809770172,10.0487598751,0.908365001122,0.104826685682,0.300515482474,0.926714304169,0,0,0
legacy_r1,0.625,10.4039335596,10.0513144126,0.918261698818,0.1021814987,0.289245606406,0.908328528515,0,0,0
legacy_r1,0.65,10.4271156652,10.053797011,0.927284224039,0.0993039353258,0.278185682154,0.889950900114,0,0,0
legacy_r1,0.675,10.4505031885,10.0562028071,0.935500931012,0.0962318442928,0.267364237974,0.871608750022,0,0,0
legacy_r1,0.7,10.4740775666,10.0585277956,0.942975122128,0.0929995388427,0.256809009567,0.853327826627,0,0,0
legacy_r1,0.725,10.4978217016,10.0607687483,0.949765400929,0.0896381096611,0.24654697905,0.835132438111,0,0,0
legacy_r1,0.75,10.5217198518,10.0629231414,0.955926009657,0.0861757230661,0.236604403024,0.817045583372,0,0,0
legacy_r1,0.775,10.5457575306,10.0649890888,0.961507151591,0.0826378973904,0.227006829434,0.79908907193,0,0,0
legacy_r1,0.8,10.569921413,10.0669652827,0.966555297326,0.0790477535337,0.217779103039,0.781283633433,0,0,0
legacy_r1,0.825,10.5941992499,10.0688509386,0.971113473775,0.0754262379303,0.208945359389,0.763649017451,0,0,0
legacy_r1,0.85,10.6185797883,10.0706457465,0.975221534699,0.0717923178604,0.200529007397,0.746204084278,0,0,0
legacy_r1,0.875,10.6430526986,10.0723498253,0.978916411853,0.0681631502561,0.192552700762,0.728966887473,0,0,0
legacy_r1,0.9,10.6676085072,10.073963681,0.982232346215,0.064554226012,0.185038298736,0.711954748835,0,0,0
legacy_r1,0.925,10.6922385347,10.0754881683,0.985201099191,0.0609794923909,0.178006816945,0.695184326521,0,0,0
legacy_r1,0.95,10.7169348383,10.0769244547,0.987852144142,0.0574514564646,0.17147836924,0.678671676884,0,0,0
legacy_r1,0.975,10.7416901593,10.0782739865,0.99021283897,0.0539812726941,0.165472101796,0.662432310619,0,0,0
legacy_r1,1,10.7664978738,10.0795384569,0.992308580831,0.0505788177689,0.160006120954,0.646481243657,0,0,0
legacy_r1,1.025,10.7913519474,10.0807197758,0.994162944356,0.0472527557131,0.155097416519,0.630833043203,0,0,0
legacy_r1,1.05,10.8162468925,10.0818200407,0.995797804932,0.0440105960528,0.15076178246,0.615501869204,0,0,0
legacy_r1,1.075,10.8411777287,10.0828415094,0.997233448756,0.0408587475449,0.14701373713,0.600501511455,0,0,0
legacy_r1,1.1,10.8661399455,10.0837865737,0.998488671412,0.0378025696133,0.143866445261,0.585845422457,0,0,0
legacy_r1,1.125,10.8911247682,10.0846575704,0.999392907421,0.0348398707884,0.141332055417,0.571549404846,0,0,0
legacy_r1,1.15,10.916111995,10.0854566318,0.999489070192,0.0319624555705,0.139421522237,0.55763516433,0,0,0
legacy_r1,1.175,10.9411013295,10.0861868104,0.99957338033,0.0292071452799,0.13814194609,0.544112545044,0,0,0
legacy_r1,1.2,10.9660925023,10.0868510986,0.99964691468,0.0265715255787,0.137499064487,0.53099148799,0,0,0
legacy_r1,1.225,10.9910852694,10.0874524276,0.999710680896,0.0240531599372,0.137497202054,0.518282007311,0,0,0
legacy_r1,1.25,11.0160794099,10.087993666,0.999765621339,0.0216495355511,0.138139233587,0.505994164977,0,0,0
legacy_r1,1.275,11.0410747253,10.0884776166,0.99981261587,0.0193580253982,0.139426561486,0.494138043579,0,0,0
legacy_r1,1.3,11.0660710374,10.0889070132,0.99985248396,0.0171758644059,0.141359108405,0.48272371697,0,0,0
legacy_r1,1.325,11.0910681871,10.0892845167,0.999885986421,0.0151001377075,0.143935325553,0.47176121855,0,0,0
legacy_r1,1.35,11.1160660327,10.0896127111,0.999913826996,0.0131277790086,0.147152216613,0.461260507052,0,0,0
legacy_r1,1.375,11.1410644491,10.0898941006,0.999936653985,0.0112555771696,0.151005376798,0.451231429765,0,0,0
legacy_r1,1.4,11.1660633256,10.0901311053,0.999955061996,0.00948018922488,0.155489046173,0.441683683194,0,0,0
legacy_r1,1.425,11.1910625655,10.0903260593,0.999969593902,0.00779815820909,0.160596175982,0.432626771271,0,0,0
legacy_r1,1.45,11.216062084,10.0904812076,0.999980743004,0.0062059343281,0.166318506456,0.424069961274,0,0,0
legacy_r1,1.475,11.2410618079,10.0905987051,0.999988955417,0.00469989819355,0.172646654311,0.416022237748,0,0,0
legacy_r1,1.5,11.2660616738,10.0906806147,0.999994632636,0.00327638502843,0.179570208015,0.408492254768,0,0,0
legacy_r1,1.525,11.2910616271,10.0907289074,0.999998134249,0.00193170893529,0.187077828828,0.401488286996,0,0,0
legacy_r1,1.55,11.3160616216,10.0907454621,0.999999780754,0.000662186496167,0.195157355618,0.395018180036,0,0,0
legacy_r1,1.575,11.341061618,10.0907320661,0.999999856437,-0.000535840863246,0.203795911503,0.389089300682,0,0,0
legacy_r1,1.6,11.3660615833,10.0906904164,0.999998612244,-0.00166598616523,0.212980010525,0.383708487685,0,0,0
legacy_r1,1.625,11.3910614901,10.0906221215,0.999996268633,-0.00273179811834,0.222695662694,0.378882003733,0,0,0
legacy_r1,1.65,11.4160613155,10.0905287028,0.999993018346,-0.00373674448327,0.232928475957,0.374615489345,0,0,0
legacy_r1,1.675,11.4410610412,10.0904115979,0.999989029086,-0.00468419765552,0.243663753879,0.370913919395,0,0,0
legacy_r1,1.7,11.4660606524,10.0902721623,0.999984446058,-0.00557742248002,0.254886587998,0.367781562975,0,0,0
legacy_r1,1.725,11.4910601373,10.0901116732,0.999979394372,-0.00641956625471,0.266581944129,0.365221947287,0,0,0
legacy_r1,1.75,11.5160594868,10.0899313319,0.999973981282,-0.00721365083549,0.278734742007,0.363237826181,0,0,0
legacy_r1,1.775,11.5410586942,10.0897322677,0.999968298263,-0.00796256672274,0.291329927964,0.361831153918,0,0,0
legacy_r1,1.8,11.5660577548,10.089515541,0.999962422915,-0.00866906898704,0.304352540422,0.361003064648,0,0,0
legacy_r1,1.825,11.5910566653,10.0892821466,0.999956420704,-0.00933577487749,0.317787768226,0.360753857973,0,0,0
legacy_r1,1.85,11.616055424,10.0890330176,0.999950346531,-0.00996516294803,0.331621001906,0.361082990911,0,0,0
legacy_r1,1.875,11.6410540302,10.0887690282,0.999944246149,-0.0105595735348,0.345837878116,0.36198907639,0,0,0
legacy_r1,1.9,11.6660524841,10.088490998,0.999938157427,-0.0111212104182,0.360424317562,0.363469888343,0,0,0
legacy_r1,1.925,11.6910507869,10.0881996944,0.999932111471,-0.0116521435091,0.375366556789,0.365522373313,0,0,0
legacy_r1,1.95,11.7160489402,10.0878958366,0.999926133617,-0.012154312402,0.390651174279,0.368142668374,0,0,0
legacy_r1,1.975,11.7410469463,10.0875800983,0.999920244297,-0.0126295306503,0.406265111279,0.371326125064,0,0,0
legacy_r1,2,11.7660448078,10.087253111,0.999914459804,-0.0130794906241,0.422195687858,0.375067338914,0,0,0
legacy_r1,2.025,11.7910425276,10.0869154668,0.999908792945,-0.0135057688236,0.438430614642,0.379360184074,0,0,0
legacy_r1,2.05,11.816040109,10.086567721,0.999903253613,-0.0139098315297,0.454958000695,0.384197852465,0,0,0
legacy_r1,2.075,11.8410375552,10.086210395,0.999897849277,-0.0142930406863,0.471766357987,0.389572896833,0,0,0
legacy_r1,2.1,11.8660348698,10.0858439785,0.999892585391,-0.0146566599174,0.488844602872,0.395477277026,0,0,0
legacy_r1,2.125,11.8910320565,10.085468932,0.999887465757,-0.0150018605946,0.506182054972,0.401902408817,0,0,0
legacy_r1,2.15,11.9160291188,10.0850856888,0.999882492818,-0.0153297278801,0.523768433836,0.408839214578,0,0,0
legacy_r1,2.175,11.9410260605,10.0846946571,0.999877667906,-0.0156412666802,0.541593853704,0.416278175121,0,0,0
legacy_r1,2.2,11.9660228853,10.084296222,0.999872991456,-0.0159374074563,0.559648816695,0.424209382058,0,0,0
legacy_r1,2.225,11.9910195969,10.0838907467,0.999868463176,-0.0162190118462,0.577924204694,0.432622590069,0,0,0
legacy_r1,2.25,12.0160161989,10.0834785747,0.999864082189,-0.0164868780599,0.596411270173,0.441507268512,0,0,0
legacy_r1,2.275,12.0410126951,10.0830600311,0.999859847149,-0.016741746022,0.615101626188,0.450852651859,0,0,0
legacy_r1,2.3,12.066009089,10.0826354235,0.999855756336,-0.0169843022381,0.633987235735,0.460647788529,0,0,0
legacy_r1,2.325,12.0910053842,10.0822050439,0.999851807733,-0.0172151843711,0.653060400637,0.47088158772,0,0,0
legacy_r1,2.35,12.1160015842,10.0817691692,0.999847999088,-0.0174349855198,0.672313750109,0.481542863941,0,0,0
legacy_r1,2.375,12.1409976924,10.0813280628,0.999844327959,-0.0176442581952,0.691740229133,0.49262037898,0,0,0
legacy_r1,2.4,12.1659937122,10.0808819748,0.999840791759,-0.0178435179963,0.711333086757,0.504102881128,0,0,0
legacy_r1,2.425,12.1909896469,10.0804311437,0.99983738778,-0.0180332469903,0.731085864394,0.515979141525,0,0,0
legacy_r1,2.45,12.2159854997,10.0799757963,0.999834113222,-0.0182138968061,0.750992384218,0.528237987557,0,0,0
legacy_r1,2.475,12.2409812738,10.079516149,0.999830965211,-0.0183858914509,0.77104673771,0.540868333271,0,0,0
legacy_r1,2.5,12.2659769724,10.0790524082,0.999827940814,-0.0185496298636,0.791243274415,0.553859206829,0,0,0
legacy_r1,2.525,12.2909725983,10.078584771,0.999825037049,-0.0187054882192,0.811576590939,0.567199775047,0,0,0
legacy_r1,2.55,12.3159681546,10.0781134255,0.999822250901,-0.0188538220004,0.832041520245,0.580879365106,0,0,0
legacy_r1,2.575,12.340963644,10.0776385513,0.999819579322,-0.0189949678508,0.852633121241,0.594887483543,0,0,0
legacy_r1,2.6,12.3659590695,10.0771603201,0.999817019248,-0.0191292452285,0.873346668712,0.609213832647,0,0,0
legacy_r1,2.625,12.3909544337,10.0766788962,0.999814567594,-0.0192569578745,0.894177643588,0.623848324406,0,0,0
legacy_r1,2.65,12.4159497392,10.0761944363,0.999812221271,-0.0193783951139,0.915121723561,0.638781092162,0,0,0
legacy_r1,2.675,12.4409449887,10.0757070905,0.999809977183,-0.0194938330039,0.936174774067,0.654002500124,0,0,0
legacy_r1,2.7,12.4659401845,10.0752170021,0.999807832237,-0.0196035353455,0.957332839615,0.669503150913,0,0,0
legacy_r1,2.725,12.4909353291,10.0747243082,0.999805783345,-0.019707754572,0.978592135485,0.685273891297,0,0,0
legacy_r1,2.75,12.5159304247,10.0742291399,0.999803827431,-0.0198067325281,0.999949039761,0.701305816281,0,0,0
legacy_r1,2.775,12.5409254738,10.0737316224,0.999801961437,-0.0199007011534,1.02140008573,0.717590271705,0,0,0
legacy_r1,2.8,12.5659204783,10.0732318753,0.999800182324,-0.0199898830797,1.0429419546,0.734118855508,0,0,0
legacy_r1,2.825,12.5909154405,10.072730013,0.999798487079,-0.0200744921551,1.06457146855,0.750883417795,0,0,0
legacy_r1,2.85,12.6159103623,10.0722261447,0.99979687272,-0.0201547339039,1.08628558415,0.767876059852,0,0,0
legacy_r1,2.875,12.6409052457,10.0717203745,0.999795336302,-0.0202308059302,1.10808138596,0.78508913223,0,0,0
legacy_r1,2.9,12.6659000926,10.0712128021,0.999793874917,-0.0203028982751,1.12995608062,0.802515232024,0,0,0
legacy_r1,2.925,12.6908949048,10.0707035222,0.999792485702,-0.0203711937326,1.15190699103,0.820147199455,0,0,0
legacy_r1,2.95,12.7158896839,10.0701926255,0.999791165841,-0.0204358681321,1.17393155097,0.837978113855,0,0,0
legacy_r1,2.975,12.7408844317,10.0696801982,0.99978991257,-0.0204970905918,1.19602729987,0.856001289154,0,0,0
legacy_r1,3,12.7658791498,10.0691663227,0.99978872318,-0.0205550237491,1.21819187787,0.874210268945,0,0,0
legacy_r1,3.025,12.7908738397,10.0686510771,0.99978759502,-0.0206098239709,1.24042302119,0.892598821216,0,0,0
legacy_r1,3.05,12.8158685028,10.068134536,0.999786525499,-0.0206616415482,1.2627185576,0.911160932806,0,0,0
legacy_r1,3.075,12.8408631406,10.0676167705,0.999785512089,-0.0207106208779,1.28507640223,0.929890803651,0,0,0
legacy_r1,3.1,12.8658577544,10.067097848,0.999784552329,-0.0207569006343,1.30749455351,0.948782840883,0,0,0
legacy_r1,3.125,12.8908523455,10.0665778326,0.999783643825,-0.0208006139326,1.32997108936,0.967831652813,0,0,0
legacy_r1,3.15,12.9158469151,10.0660567854,0.999782784251,-0.0208418884856,1.35250416355,0.987032042862,0,0,0
legacy_r1,3.175,12.9408414644,10.0655347643,0.999781971351,-0.0208808467566,1.37509200226,1.00637900346,0,0,0
legacy_r1,3.2,12.9658359945,10.0650118241,0.999781202941,-0.0209176061071,1.39773290076,1.02586770995,0,0,0
legacy_r1,3.225,12.9908305064,10.0644880171,0.999780476908,-0.0209522789432,1.42042522031,1.04549351455,0,0,0
legacy_r1,3.25,13.0158250012,10.0639633928,0.999779791211,-0.0209849728584,1.4431673852,1.06525194033,0,0,0
legacy_r1,3.275,13.0408194798,10.063437998,0.99977914388,-0.021015790776,1.4659578799,1.08513867531,0,0,0
legacy_r1,3.3,13.0658139431,10.0629118773,0.999778533018,-0.0210448310893,1.48879524643,1.10514956666,0,0,0
legacy_r1,3.325,13.090808392,10.0623850726,0.999777956799,-0.0210721878013,1.51167808177,1.12528061496,0,0,0
legacy_r1,3.35,13.1158028274,10.0618576238,0.999777413467,-0.0210979506632,1.53460503544,1.14552796865,0,0,0
legacy_r1,3.375,13.1407972499,10.0613295687,0.999776901335,-0.0211222053118,1.55757480724,1.16588791856,0,0,0
legacy_r1,3.4,13.1657916604,10.0608009428,0.999776418787,-0.0211450334063,1.580586145,1.1863568926,0,0,0
legacy_r1,3.425,13.1907860595,10.06027178,0.999775964273,-0.0211665127638,1.60363784254,1.20693145063,0,0,0
legacy_r1,3.45,13.2157804479,10.0597421121,0.999775536309,-0.0211867174934,1.62672873767,1.2276082794,0,0,0
legacy_r1,3.475,13.2407748262,10.0592119691,0.999775133477,-0.0212057181295,1.6498577103,1.24838418773,0,0,0
legacy_r1,3.5,13.2657691951,10.0586813796,0.999774754421,-0.021223581763,1.67302368065,1.26925610179,0,0,0
legacy_r1,3.525,13.290763555,10.0581503703,0.999774397847,-0.021240372171,1.69622560755,1.29022106055,0,0,0
legacy_r1,3.55,13.3157579066,10.0576189665,0.999774062521,-0.0212561499449,1.71946248679,1.3112762114,0,0,0
legacy_r1,3.575,13.3407522503,10.0570871922,0.999773747267,-0.0212709726156,1.74273334959,1.33241880587,0,0,0
legacy_r1,3.6,13.3657465865,10.0565550698,0.999773450965,-0.0212848947777,1.76603726113,1.35364619559,0,0,0
legacy_r1,3.625,13.3907409159,10.0560226206,0.99977317255,-0.0212979682097,1.7893733191,1.3749558283,0,0,0
legacy_r1,3.65,13.4157352386,10.0554898646,0.999772911008,-0.0213102419932,1.81274065242,1.3963452441,0,0,0
legacy_r1,3.675,13.4407295553,10.0549568205,0.999772665379,-0.0213217626279,1.8361384199,1.41781207177,0,0,0
legacy_r1,3.7,13.4657238661,10.0544235062,0.999772434747,-0.0213325741452,1.85956580908,1.43935402525,0,0,0
legacy_r1,3.725,13.4907181716,10.0538899382,0.999772218247,-0.0213427182175,1.88302203501,1.46096890031,0,0,0
legacy_r1,3.75,13.515712472,10.0533561323,0.999772015057,-0.0213522342653,1.9065063392,1.48265457124,0,0,0
legacy_r1,3.775,13.5407067676,10.0528221034,0.999771824399,-0.0213611595608,1.93001798852,1.5044089878,0,0,0
legacy_r1,3.8,13.5657010587,10.0522878651,0.999771645535,-0.0213695293287,1.95355627419,1.52623017219,0,0,0
legacy_r1,3.825,13.5906953457,10.0517534307,0.999771477768,-0.021377376843,1.97712051086,1.54811621619,0,0,0
legacy_r1,3.85,13.6156896287,10.0512188124,0.999771320439,-0.0213847335216,2.00071003562,1.57006527843,0,0,0
legacy_r1,3.875,13.640683908,10.0506840216,0.999771172923,-0.0213916290166,2.02432420719,1.59207558171,0,0,0
legacy_r1,3.9,13.6656781839,10.0501490694,0.999771034632,-0.021398091302,2.04796240504,1.6141454105,0,0,0
legacy_r1,3.925,13.6906724565,10.0496139657,0.999770905009,-0.021404146758,2.0716240286,1.63627310848,0,0,0
legacy_r1,3.95,13.7156667261,10.0490787202,0.999770783528,-0.0214098202516,2.09530849648,1.65845707625,0,0,0
legacy_r1,3.975,13.7406609928,10.0485433418,0.999770669696,-0.0214151352149,2.11901524577,1.68069576909,0,0,0
legacy_r1,4,13.7656552569,10.048007839,0.999770563043,-0.0214201137193,2.14274373129,1.70298769479,0,0,0
legacy_r1,4.025,13.7906495185,10.0474722195,0.999770463131,-0.0214247765473,2.16649342496,1.72533141165,0,0,0
legacy_r1,4.05,13.8156437777,10.046936491,0.999770369544,-0.0214291432606,2.19026381515,1.74772552647,0,0,0
legacy_r1,4.075,13.8406380348,10.0464006602,0.999770281892,-0.0214332322658,2.21405440605,1.7701686927,0,0,0
legacy_r1,4.1,13.8656322898,10.0458647336,0.999770199806,-0.0214370608769,2.2378647171,1.79265960864,0,0,0
legacy_r1,4.125,13.8906265428,10.0453287175,0.999770122941,-0.0214406453751,2.26169428241,1.81519701569,0,0,0
legacy_r1,4.15,13.9156207941,10.0447926175,0.999770050971,-0.0214440010654,2.28554265026,1.83777969671,0,0,0
legacy_r1,4.175,13.9406150437,10.0442564389,0.999769983589,-0.021447142331,2.30940938251,1.86040647442,0,0,0
legacy_r1,4.2,13.9656092917,10.0437201869,0.999769920508,-0.0214500826852,2.33329405421,1.88307620993,0,0,0
legacy_r1,4.225,13.9906035382,10.043183866,0.999769861457,-0.0214528348201,2.35719625302,1.90578780119,0,0,0
legacy_r1,4.25,14.0155977834,10.0426474807,0.999769806182,-0.0214554106535,2.38111557882,1.92854018171,0,0,0
legacy_r1,4.275,14.0405920273,10.0421110352,0.999769754444,-0.0214578213731,2.40505164328,1.95133231912,0,0,0
legacy_r1,4.3,14.0655862699,10.0415745332,0.99976970602,-0.0214600774789,2.42900406939,1.97416321397,0,0,0
legacy_r1,4.325,14.0905805114,10.0410379785,0.999769660697,-0.0214621888229,2.45297249112,1.99703189845,0,0,0
legacy_r1,4.35,14.1155747519,10.0405013744,0.99976961828,-0.0214641646468,2.47695655299,2.01993743522,0,0,0
legacy_r1,4.375,14.1405689913,10.0399647241,0.999769578583,-0.0214660136182,2.50095590974,2.04287891631,0,0,0
legacy_r1,4.4,14.1655632299,10.0394280305,0.999769541431,-0.0214677438643,2.52497022592,2.06585546202,0,0,0
legacy_r1,4.425,14.1905574675,10.0388912964,0.999769506663,-0.021469363004,2.54899917564,2.08886621986,0,0,0
legacy_r1,4.45,14.2155517044,10.0383545244,0.999769474124,-0.0214708781784,2.57304244215,2.1119103636,0,0,0
legacy_r1,4.475,14.2405459405,10.037817717,0.999769443672,-0.0214722960795,2.59709971758,2.13498709229,0,0,0
legacy_r1,4.5,14.2655401759,10.0372808765,0.999769415173,-0.021473622977,2.62117070263,2.15809562934,0,0,0
legacy_r1,4.525,14.2905344106,10.0367440048,0.999769388501,-0.0214748647442,2.6452551063,2.18123522167,0,0,0
legacy_r1,4.55,14.3155286447,10.0362071042,0.999769363538,-0.0214760268822,2.66935264556,2.20440513884,0,0,0
legacy_r1,4.575,14.3405228782,10.0356701763,0.999769340173,-0.0214771145424,2.69346304513,2.22760467224,0,0,0
legacy_r1,4.6,14.3655171111,10.035133223,0.999769318304,-0.0214781325481,2.71758603721,2.25083313434,0,0,0
legacy_r1,4.625,14.3905113436,10.0345962459,0.999769297833,-0.0214790854149,2.74172136124,2.27408985792,0,0,0
legacy_r1,4.65,14.4155055755,10.0340592464,0.99976927867,-0.0214799773693,2.76586876364,2.2973741954,0,0,0
legacy_r1,4.675,14.4404998071,10.0335222261,0.99976926073,-0.0214808123674,2.79002799761,2.32068551807,0,0,0
legacy_r1,4.7,14.4654940382,10.0329851863,0.999769243933,-0.0214815941108,2.81419882289,2.34402321553,0,0,0
legacy_r1,4.725,14.4904882689,10.0324481281,0.999769228206,-0.0214823260636,2.83838100556,2.36738669497,0,0,0
legacy_r1,4.75,14.5154824992,10.0319110528,0.999769213478,-0.0214830114663,2.86257431785,2.39077538065,0,0,0
legacy_r1,4.775,14.5404767292,10.0313739615,0.999769199685,-0.0214836533507,2.88677853791,2.41418871321,0,0,0
legacy_r1,4.8,14.5654709589,10.0308368551,0.999769186766,-0.0214842545525,2.91099344964,2.43762614922,0,0,0
legacy_r1,4.825,14.5904651882,10.0302997347,0.999769174664,-0.0214848177241,2.93521884253,2.46108716056,0,0,0
legacy_r1,4.85,14.6154594173,10.0297626011,0.999769163325,-0.0214853453461,2.95945451143,2.48457123393,0,0,0
legacy_r1,4.875,14.6404536461,10.0292254551,0.9997691527,-0.0214858397383,2.98370025644,2.50807787036,0,0,0
legacy_r1,4.9,14.6654478747,10.0286882975,0.999769142743,-0.0214863030699,3.00795588273,2.53160658473,0,0,0
legacy_r1,4.925,14.690442103,10.028151129,0.999769133409,-0.0214867373691,3.03222120035,2.55515690529,0,0,0
legacy_r1,4.95,14.7154363312,10.0276139504,0.999769124658,-0.0214871445325,3.05649602414,2.57872837322,0,0,0
legacy_r1,4.975,14.7404305591,10.0270767623,0.999769116452,-0.0214875263331,3.08078017352,2.60232054224,0,0,0
legacy_r1,5,14.7654247868,10.0265395652,0.999769108756,-0.0214878844287,3.10507347241,2.62593297814,0,0,0
legacy_r1,5.025,14.7904190143,10.0260023597,0.999769101536,-0.0214882203691,3.12937574904,2.64956525845,0,0,0
legacy_r1,5.05,14.8154132417,10.0254651463,0.99976909476,-0.021488535603,3.15368683587,2.67321697201,0,0,0
legacy_r1,5.075,14.8404074689,10.0249279255,0.999769088401,-0.0214888314851,3.17800656942,2.69688771863,0,0,0
legacy_r1,5.1,14.865401696,10.0243906977,0.99976908243,-0.0214891092816,3.20233479018,2.72057710871,0,0,0
legacy_r1,5.125,14.8903959229,10.0238534635,0.999769076822,-0.0214893701764,3.22667134248,2.74428476296,0,0,0
legacy_r1,5.15,14.9153901497,10.0233162231,0.999769071554,-0.0214896152763,3.25101607437,2.768010312,0,0,0
legacy_r1,5.175,14.9403843763,10.022778977,0.999769066603,-0.0214898456162,3.27536883754,2.79175339609,0,0,0
legacy_r1,5.2,14.9653786029,10.0222417254,0.999769061948,-0.0214900621637,3.29972948717,2.81551366483,0,0,0
legacy_r1,5.225,14.9903728293,10.0217044688,0.99976905757,-0.0214902658235,3.32409788186,2.83929077684,0,0,0
legacy_r1,5.25,15.0153670557,10.0211672073,0.999769053451,-0.0214904574421,3.34847388354,2.8630843995,0,0,0
legacy_r1,5.275,15.0403612819,10.0206299414,0.999769049574,-0.0214906378108,3.37285735734,2.88689420868,0,0,0
legacy_r1,5.3,15.065355508,10.0200926712,0.999769045923,-0.0214908076701,3.39724817152,2.91071988845,0,0,0
legacy_r1,5.325,15.0903497341,10.019555397,0.999769042483,-0.0214909677129,3.42164619738,2.93456113087,0,0,0
legacy_r1,5.35,15.1153439601,10.019018119,0.999769039239,-0.0214911185876,3.44605130917,2.95841763572,0,0,0
legacy_r1,5.375,15.140338186,10.0184808375,0.99976903618,-0.0214912609013,3.47046338401,2.98228911025,0,0,0
legacy_r1,5.4,15.1653324118,10.0179435526,0.999769033293,-0.0214913952225,3.49488230182,3.00617526902,0,0,0
legacy_r1,5.425,15.1903266376,10.0174062646,0.999769030566,-0.0214915220839,3.51930794522,3.03007583358,0,0,0
legacy_r1,5.45,15.2153208633,10.0168689735,0.999769027988,-0.021491641985,3.54374019945,3.05399053237,0,0,0
legacy_r1,5.475,15.2403150889,10.0163316796,0.99976902555,-0.021491755394,3.56817895236,3.07791910041,0,0,0
legacy_r1,5.5,15.2653093145,10.0157943831,0.999769023243,-0.0214918627507,3.59262409424,3.1018612792,0,0,0
legacy_r1,5.525,15.29030354,10.015257084,0.999769021056,-0.0214919644681,3.61707551785,3.12581681645,0,0,0
legacy_r1,5.55,15.3152977655,10.0147197824,0.999769018982,-0.021492060935,3.64153311828,3.14978546596,0,0,0
legacy_r1,5.575,15.3402919909,10.0141824786,0.999769017014,-0.0214921525171,3.66599679292,3.1737669874,0,0,0
legacy_r1,5.6,15.3652862163,10.0136451726,0.999769015142,-0.0214922395598,3.69046644141,3.19776114616,0,0,0
legacy_r1,5.625,15.3902804416,10.0131078646,0.999769013362,-0.0214923223895,3.71494196555,3.22176771318,0,0,0
legacy_r1,5.65,15.4152746669,10.0125705546,0.999769011665,-0.0214924013153,3.73942326927,3.24578646478,0,0,0
legacy_r1,5.675,15.4402688922,10.0120332426,0.999769010046,-0.0214924766312,3.76391025853,3.26981718253,0,0,0
legacy_r1,5.7,15.4652631174,10.0114959289,0.999769008498,-0.0214925486176,3.78840284134,3.29385965307,0,0,0
legacy_r1,5.725,15.4902573426,10.0109586135,0.999769007017,-0.0214926175432,3.81290092763,3.31791366801,0,0,0
legacy_r1,5.75,15.5152515677,10.0104212964,0.999769005595,-0.021492683667,3.83740442924,3.34197902373,0,0,0
legacy_r1,5.775,15.5402457928,10.0098839777,0.999769004229,-0.0214927472403,3.86191325988,3.3660555213,0,0,0
legacy_r1,5.8,15.5652400179,10.0093466575,0.999769002911,-0.0214928085092,3.88642733503,3.39014296632,0,0,0
legacy_r1,5.825,15.5902342429,10.0088093358,0.999769001639,-0.0214928677171,3.91094657197,3.41424116881,0,0,0
legacy_r1,5.85,15.6152284679,10.0082720127,0.999769000405,-0.0214929251079,3.93547088966,3.43834994307,0,0,0
legacy_r1,5.875,15.6402226929,10.0077346882,0.999768999205,-0.0214929809302,3.96000020875,3.46246910758,0,0,0
legacy_r1,5.9,15.6652169179,10.0071973623,0.999768998033,-0.0214930354418,3.98453445151,3.48659848487,0,0,0
legacy_r1,5.925,15.6902111428,10.006660035,0.999768996883,-0.0214930889164,4.00907354179,3.51073790143,0,0,0
legacy_r1,5.95,15.7152053677,10.0061227065,0,0,4.03361740501,3.53488718757,0,0,1
legacy_r1,5.975,15.7152053677,10.0061227065,0,0,4.03361740501,3.53488718757,0,0,1
legacy_r1,6,15.7152053677,10.0061227065,0,0,4.03361740501,3.53488718757,0,0,1
legacy_r1,6.025,15.7152053677,10.0061227065,0,0,4.03361740501,3.53488718757,0,0,1
legacy_r1,6.05,15.7152053677,10.0061227065,0,0,4.03361740501,3.53488718757,0,0,1
legacy_r1,6.075,15.7152053677,10.0061227065,0,0,4.03361740501,3.53488718757,0,0,1
legacy_r1,6.1,15.7152053677,10.0061227065,0,0,4.03361740501,3.53488718757,0,0,1
legacy_r1,6.125,15.7152053677,10.0061227065,0,0,4.03361740501,3.53488718757,0,0,1
legacy_r1,6.15,15.7152053677,10.0061227065,0,0,4.03361740501,3.53488718757,0,0,1
legacy_r1,6.175,15.7152053677,10.0061227065,0,0,4.03361740501,3.53488718757,0,0,1
legacy_r1,6.2,15.7152053677,10.0061227065,0,0,4.03361740501,3.53488718757,0,0,1
legacy_r1,6.225,15.7152053677,10.0061227065,0,0,4.03361740501,3.53488718757,0,0,1
legacy_r1,6.25,15.7152053677,10.0061227065,0,0,4.03361740501,3.53488718757,0,0,1
legacy_r1,6.275,15.7152053677,10.0061227065,0,0,4.03361740501,3.53488718757,0,0,1
legacy_r1,6.3,15.7152053677,10.0061227065,0,0,4.03361740501,3.53488718757,0,0,1
legacy_r1,6.325,15.7152053677,10.0061227065,0,0,4.03361740501,3.53488718757,0,0,1
legacy_r1,6.35,15.7152053677,10.0061227065,0,0,4.03361740501,3.53488718757,0,0,1
legacy_r1,6.375,15.7152053677,10.0061227065,0,0,4.03361740501,3.53488718757,0,0,1
legacy_r1,6.4,15.7152053677,10.0061227065,0,0,4.03361740501,3.53488718757,0,0,1
legacy_r1,6.425,15.7152053677,10.0061227065,0,0,4.03361740501,3.53488718757,0,0,1
legacy_r1,6.45,15.7152053677,10.0061227065,0,0,4.03361740501,3.53488718757,0,0,1
legacy_r1,6.475,15.7152053677,10.0061227065,0,0,4.03361740501,3.53488718757,0,0,1
legacy_r1,6.5,15.7152053677,10.0061227065,0,0,4.03361740501,3.53488718757,0,0,1
legacy_r1,6.525,15.7152053677,10.0061227065,0,0,4.03361740501,3.53488718757,0,0,1
legacy_r1,6.55,15.7152053677,10.0061227065,0,0,4.03361740501,3.53488718757,0,0,1
legacy_r1,6.575,15.7152053677,10.0061227065,0,0,4.03361740501,3.53488718757,0,0,1
legacy_r1,6.6,15.7152053677,10.0061227065,0,0,4.03361740501,3.53488718757,0,0,1
legacy_r1,6.625,15.7152053677,10.0061227065,0,0,4.03361740501,3.53488718757,0,0,1
legacy_r1,6.65,15.7152053677,10.0061227065,0,0,4.03361740501,3.53488718757,0,0,1
legacy_r1,6.675,15.7152053677,10.0061227065,0,0,4.03361740501,3.53488718757,0,0,1
legacy_r1,6.7,15.7152053677,10.0061227065,0,0,4.03361740501,3.53488718757,0,0,1
legacy_r1,6.725,15.7152053677,10.0061227065,0,0,4.03361740501,3.53488718757,0,0,1
legacy_r1,6.75,15.7152053677,10.0061227065,0,0,4.03361740501,3.53488718757,0,0,1
legacy_r1,6.775,15.7152053677,10.0061227065,0,0,4.03361740501,3.53488718757,0,0,1
legacy_r1,6.8,15.7152053677,10.0061227065,0,0,4.03361740501,3.53488718757,0,0,1
legacy_r1,6.825,15.7152053677,10.0061227065,0,0,4.03361740501,3.53488718757,0,0,1
legacy_r1,6.85,15.7152053677,10.0061227065,0,0,4.03361740501,3.53488718757,0,0,1
legacy_r1,6.875,15.7152053677,10.0061227065,0,0,4.03361740501,3.53488718757,0,0,1
legacy_r1,6.9,15.7152053677,10.0061227065,0,0,4.03361740501,3.53488718757,0,0,1
legacy_r1,6.925,15.7152053677,10.0061227065,0,0,4.03361740501,3.53488718757,0,0,1
legacy_r1,6.95,15.7152053677,10.0061227065,0,0,4.03361740501,3.53488718757,0,0,1
legacy_r1,6.975,15.7152053677,10.0061227065,0,0,4.03361740501,3.53488718757,0,0,1
legacy_r1,7,15.7152053677,10.0061227065,0,0,4.03361740501,3.53488718757,0,0,1
legacy_r1,7.025,15.7152053677,10.0061227065,0,0,4.03361740501,3.53488718757,0,0,1
legacy_r1,7.05,15.7152053677,10.0061227065,0,0,4.03361740501,3.53488718757,0,0,1
legacy_r1,7.075,15.7152053677,10.0061227065,0,0,4.03361740501,3.53488718757,0,0,1
legacy_r1,7.1,15.7152053677,10.0061227065,0,0,4.03361740501,3.53488718757,0,0,1
legacy_r1,7.125,15.7152053677,10.0061227065,0,0,4.03361740501,3.53488718757,0,0,1
legacy_r1,7.15,15.7152053677,10.0061227065,0,0,4.03361740501,3.53488718757,0,0,1
legacy_r1,7.175,15.7152053677,10.0061227065,0,0,4.03361740501,3.53488718757,0,0,1
legacy_r1,7.2,15.7152053677,10.0061227065,0,0,4.03361740501,3.53488718757,0,0,1
legacy_r1,7.225,15.7152053677,10.0061227065,0,0,4.03361740501,3.53488718757,0,0,1
legacy_r1,7.25,15.7152053677,10.0061227065,0,0,4.03361740501,3.53488718757,0,0,1
legacy_r1,7.275,15.7152053677,10.0061227065,0,0,4.03361740501,3.53488718757,0,0,1
legacy_r1,7.3,15.7152053677,10.0061227065,0,0,4.03361740501,3.53488718757,0,0,1
legacy_r1,7.325,15.7152053677,10.0061227065,0,0,4.03361740501,3.53488718757,0,0,1
legacy_r1,7.35,15.7152053677,10.0061227065,0,0,4.03361740501,3.53488718757,0,0,1
legacy_r1,7.375,15.7152053677,10.0061227065,0,0,4.03361740501,3.53488718757,0,0,1
legacy_r1,7.4,15.7152053677,10.0061227065,0,0,4.03361740501,3.53488718757,0,0,1
legacy_r1,7.425,15.7152053677,10.0061227065,0,0,4.03361740501,3.53488718757,0,0,1
legacy_r1,7.45,15.7152053677,10.0061227065,0,0,4.03361740501,3.53488718757,0,0,1
legacy_r1,7.475,15.7152053677,10.0061227065,0,0,4.03361740501,3.53488718757,0,0,1
legacy_r1,7.5,15.7152053677,10.0061227065,0,0,4.03361740501,3.53488718757,0,0,1
legacy_r1,7.525,15.7152053677,10.0061227065,0,0,4.03361740501,3.53488718757,0,0,1
legacy_r1,7.55,15.7152053677,10.0061227065,0,0,4.03361740501,3.53488718757,0,0,1
legacy_r1,7.575,15.7152053677,10.0061227065,0,0,4.03361740501,3.53488718757,0,0,1
legacy_r1,7.6,15.7152053677,10.0061227065,0,0,4.03361740501,3.53488718757,0,0,1
legacy_r1,7.625,15.7152053677,10.0061227065,0,0,4.03361740501,3.53488718757,0,0,1
legacy_r1,7.65,15.7152053677,10.0061227065,0,0,4.03361740501,3.53488718757,0,0,1
legacy_r1,7.675,15.7152053677,10.0061227065,0,0,4.03361740501,3.53488718757,0,0,1
legacy_r1,7.7,15.7152053677,10.0061227065,0,0,4.03361740501,3.53488718757,0,0,1
legacy_r1,7.725,15.7152053677,10.0061227065,0,0,4.03361740501,3.53488718757,0,0,1
legacy_r1,7.75,15.7152053677,10.0061227065,0,0,4.03361740501,3.53488718757,0,0,1
legacy_r1,7.775,15.7152053677,10.0061227065,0,0,4.03361740501,3.53488718757,0,0,1
legacy_r1,7.8,15.7152053677,10.0061227065,0,0,4.03361740501,3.53488718757,0,0,1
legacy_r1,7.825,15.7152053677,10.0061227065,0,0,4.03361740501,3.53488718757,0,0,1
legacy_r1,7.85,15.7152053677,10.0061227065,0,0,4.03361740501,3.53488718757,0,0,1
legacy_r1,7.875,15.7152053677,10.0061227065,0,0,4.03361740501,3.53488718757,0,0,1
legacy_r1,7.9,15.7152053677,10.0061227065,0,0,4.03361740501,3.53488718757,0,0,1
legacy_r1,7.925,15.7152053677,10.0061227065,0,0,4.03361740501,3.53488718757,0,0,1
legacy_r1,7.95,15.7152053677,10.0061227065,0,0,4.03361740501,3.53488718757,0,0,1
legacy_r1,7.975,15.7152053677,10.0061227065,0,0,4.03361740501,3.53488718757,0,0,1
legacy_r1,8,15.7152053677,10.0061227065,0,0,4.03361740501,3.53488718757,0,0,1
legacy_r1,8.025,15.7152053677,10.0061227065,0,0,4.03361740501,3.53488718757,0,0,1
legacy_r1,8.05,15.7152053677,10.0061227065,0,0,4.03361740501,3.53488718757,0,0,1
legacy_r1,8.075,15.7152053677,10.0061227065,0,0,4.03361740501,3.53488718757,0,0,1
legacy_r1,8.1,15.7152053677,10.0061227065,0,0,4.03361740501,3.53488718757,0,0,1
legacy_r1,8.125,15.7152053677,10.0061227065,0,0,4.03361740501,3.53488718757,0,0,1
legacy_r1,8.15,15.7152053677,10.0061227065,0,0,4.03361740501,3.53488718757,0,0,1
legacy_r1,8.175,15.7152053677,10.0061227065,0,0,4.03361740501,3.53488718757,0,0,1
legacy_r1,8.2,15.7152053677,10.0061227065,0,0,4.03361740501,3.53488718757,0,0,1
legacy_r1,8.225,15.7152053677,10.0061227065,0,0,4.03361740501,3.53488718757,0,0,1
legacy_r1,8.25,15.7152053677,10.0061227065,0,0,4.03361740501,3.53488718757,0,0,1
legacy_r1,8.275,15.7152053677,10.0061227065,0,0,4.03361740501,3.53488718757,0,0,1
legacy_r1,8.3,15.7152053677,10.0061227065,0,0,4.03361740501,3.53488718757,0,0,1
legacy_r1,8.325,15.7152053677,10.0061227065,0,0,4.03361740501,3.53488718757,0,0,1
legacy_r1,8.35,15.7152053677,10.0061227065,0,0,4.03361740501,3.53488718757,0,0,1
legacy_r1,8.375,15.7152053677,10.0061227065,0,0,4.03361740501,3.53488718757,0,0,1
legacy_r1,8.4,15.7152053677,10.0061227065,0,0,4.03361740501,3.53488718757,0,0,1
legacy_r1,8.425,15.7152053677,10.0061227065,0,0,4.03361740501,3.53488718757,0,0,1
legacy_r1,8.45,15.7152053677,10.0061227065,0,0,4.03361740501,3.53488718757,0,0,1
legacy_r1,8.475,15.7152053677,10.0061227065,0,0,4.03361740501,3.53488718757,0,0,1
legacy_r1,8.5,15.7152053677,10.0061227065,0,0,4.03361740501,3.53488718757,0,0,1
legacy_r1,8.525,15.7152053677,10.0061227065,0,0,4.03361740501,3.53488718757,0,0,1
legacy_r1,8.55,15.7152053677,10.0061227065,0,0,4.03361740501,3.53488718757,0,0,1
legacy_r1,8.575,15.7152053677,10.0061227065,0,0,4.03361740501,3.53488718757,0,0,1
legacy_r1,8.6,15.7152053677,10.0061227065,0,0,4.03361740501,3.53488718757,0,0,1
legacy_r1,8.625,15.7152053677,10.0061227065,0,0,4.03361740501,3.53488718757,0,0,1
legacy_r1,8.65,15.7152053677,10.0061227065,0,0,4.03361740501,3.53488718757,0,0,1
legacy_r1,8.675,15.7152053677,10.0061227065,0,0,4.03361740501,3.53488718757,0,0,1
legacy_r1,8.7,15.7152053677,10.0061227065,0,0,4.03361740501,3.53488718757,0,0,1
legacy_r1,8.725,15.7152053677,10.0061227065,0,0,4.03361740501,3.53488718757,0,0,1
legacy_r1,8.75,15.7152053677,10.0061227065,0,0,4.03361740501,3.53488718757,0,0,1
legacy_r1,8.775,15.7152053677,10.0061227065,0,0,4.03361740501,3.53488718757,0,0,1
legacy_r1,8.8,15.7152053677,10.0061227065,0,0,4.03361740501,3.53488718757,0,0,1
legacy_r1,8.825,15.7152053677,10.0061227065,0,0,4.03361740501,3.53488718757,0,0,1
legacy_r1,8.85,15.7152053677,10.0061227065,0,0,4.03361740501,3.53488718757,0,0,1
legacy_r1,8.875,15.7152053677,10.0061227065,0,0,4.03361740501,3.53488718757,0,0,1
legacy_r1,8.9,15.7152053677,10.0061227065,0,0,4.03361740501,3.53488718757,0,0,1
legacy_r1,8.925,15.7152053677,10.0061227065,0,0,4.03361740501,3.53488718757,0,0,1
legacy_r1,8.95,15.7152053677,10.0061227065,0,0,4.03361740501,3.53488718757,0,0,1
legacy_r1,8.975,15.7152053677,10.0061227065,0,0,4.03361740501,3.53488718757,0,0,1
legacy_r1,9,15.7152053677,10.0061227065,0,0,4.03361740501,3.53488718757,0,0,1
legacy_r1,9.025,15.7152053677,10.0061227065,0,0,4.03361740501,3.53488718757,0,0,1
legacy_r1,9.05,15.7152053677,10.0061227065,0,0,4.03361740501,3.53488718757,0,0,1
legacy_r1,9.075,15.7152053677,10.0061227065,0,0,4.03361740501,3.53488718757,0,0,1
legacy_r1,9.1,15.7152053677,10.0061227065,0,0,4.03361740501,3.53488718757,0,0,1
legacy_r1,9.125,15.7152053677,10.0061227065,0,0,4.03361740501,3.53488718757,0,0,1
legacy_r1,9.15,15.7152053677,10.0061227065,0,0,4.03361740501,3.53488718757,0,0,1
legacy_r1,9.175,15.7152053677,10.0061227065,0,0,4.03361740501,3.53488718757,0,0,1
legacy_r1,9.2,15.7152053677,10.0061227065,0,0,4.03361740501,3.53488718757,0,0,1
legacy_r1,9.225,15.7152053677,10.0061227065,0,0,4.03361740501,3.53488718757,0,0,1
legacy_r1,9.25,15.7152053677,10.0061227065,0,0,4.03361740501,3.53488718757,0,0,1
legacy_r1,9.275,15.7152053677,10.0061227065,0,0,4.03361740501,3.53488718757,0,0,1
legacy_r1,9.3,15.7152053677,10.0061227065,0,0,4.03361740501,3.53488718757,0,0,1
legacy_r1,9.325,15.7152053677,10.0061227065,0,0,4.03361740501,3.53488718757,0,0,1
legacy_r1,9.35,15.7152053677,10.0061227065,0,0,4.03361740501,3.53488718757,0,0,1
legacy_r1,9.375,15.7152053677,10.0061227065,0,0,4.03361740501,3.53488718757,0,0,1
legacy_r1,9.4,15.7152053677,10.0061227065,0,0,4.03361740501,3.53488718757,0,0,1
legacy_r1,9.425,15.7152053677,10.0061227065,0,0,4.03361740501,3.53488718757,0,0,1
legacy_r1,9.45,15.7152053677,10.0061227065,0,0,4.03361740501,3.53488718757,0,0,1
legacy_r1,9.475,15.7152053677,10.0061227065,0,0,4.03361740501,3.53488718757,0,0,1
legacy_r1,9.5,15.7152053677,10.0061227065,0,0,4.03361740501,3.53488718757,0,0,1
legacy_r1,9.525,15.7152053677,10.0061227065,0,0,4.03361740501,3.53488718757,0,0,1
legacy_r1,9.55,15.7152053677,10.0061227065,0,0,4.03361740501,3.53488718757,0,0,1
legacy_r1,9.575,15.7152053677,10.0061227065,0,0,4.03361740501,3.53488718757,0,0,1
legacy_r1,9.6,15.7152053677,10.0061227065,0,0,4.03361740501,3.53488718757,0,0,1
legacy_r1,9.625,15.7152053677,10.0061227065,0,0,4.03361740501,3.53488718757,0,0,1
legacy_r1,9.65,15.7152053677,10.0061227065,0,0,4.03361740501,3.53488718757,0,0,1
legacy_r1,9.675,15.7152053677,10.0061227065,0,0,4.03361740501,3.53488718757,0,0,1
legacy_r1,9.7,15.7152053677,10.0061227065,0,0,4.03361740501,3.53488718757,0,0,1
legacy_r1,9.725,15.7152053677,10.0061227065,0,0,4.03361740501,3.53488718757,0,0,1
legacy_r1,9.75,15.7152053677,10.0061227065,0,0,4.03361740501,3.53488718757,0,0,1
legacy_r1,9.775,15.7152053677,10.0061227065,0,0,4.03361740501,3.53488718757,0,0,1
legacy_r1,9.8,15.7152053677,10.0061227065,0,0,4.03361740501,3.53488718757,0,0,1
legacy_r1,9.825,15.7152053677,10.0061227065,0,0,4.03361740501,3.53488718757,0,0,1
legacy_r1,9.85,15.7152053677,10.0061227065,0,0,4.03361740501,3.53488718757,0,0,1
legacy_r1,9.875,15.7152053677,10.0061227065,0,0,4.03361740501,3.53488718757,0,0,1
legacy_r1,9.9,15.7152053677,10.0061227065,0,0,4.03361740501,3.53488718757,0,0,1
legacy_r1,9.925,15.7152053677,10.0061227065,0,0,4.03361740501,3.53488718757,0,0,1
legacy_r1,9.95,15.7152053677,10.0061227065,0,0,4.03361740501,3.53488718757,0,0,1
legacy_r1,9.975,15.7152053677,10.0061227065,0,0,4.03361740501,3.53488718757,0,0,1
legacy_r1,10,15.7152053677,10.0061227065,0,0,4.03361740501,3.53488718757,0,0,1
legacy_r1,10.025,15.7152053677,10.0061227065,0,0,4.03361740501,3.53488718757,0,0,1
legacy_r1,10.05,15.7152053677,10.0061227065,0,0,4.03361740501,3.53488718757,0,0,1
legacy_r1,10.075,15.7152053677,10.0061227065,0,0,4.03361740501,3.53488718757,0,0,1
legacy_r1,10.1,15.7152053677,10.0061227065,0,0,4.03361740501,3.53488718757,0,0,1
legacy_r1,10.125,15.7152053677,10.0061227065,0,0,4.03361740501,3.53488718757,0,0,1
legacy_r1,10.15,15.7152053677,10.0061227065,0,0,4.03361740501,3.53488718757,0,0,1
legacy_r1,10.175,15.7152053677,10.0061227065,0,0,4.03361740501,3.53488718757,0,0,1
legacy_r1,10.2,15.7152053677,10.0061227065,0,0,4.03361740501,3.53488718757,0,0,1
legacy_r1,10.225,15.7152053677,10.0061227065,0,0,4.03361740501,3.53488718757,0,0,1
legacy_r1,10.25,15.7152053677,10.0061227065,0,0,4.03361740501,3.53488718757,0,0,1
legacy_r1,10.275,15.7152053677,10.0061227065,0,0,4.03361740501,3.53488718757,0,0,1
legacy_r1,10.3,15.7152053677,10.0061227065,0,0,4.03361740501,3.53488718757,0,0,1
legacy_r1,10.325,15.7152053677,10.0061227065,0,0,4.03361740501,3.53488718757,0,0,1
legacy_r1,10.35,15.7152053677,10.0061227065,0,0,4.03361740501,3.53488718757,0,0,1
legacy_r1,10.375,15.7152053677,10.0061227065,0,0,4.03361740501,3.53488718757,0,0,1
legacy_r1,10.4,15.7152053677,10.0061227065,0,0,4.03361740501,3.53488718757,0,0,1
legacy_r1,10.425,15.7152053677,10.0061227065,0,0,4.03361740501,3.53488718757,0,0,1
legacy_r1,10.45,15.7152053677,10.0061227065,0,0,4.03361740501,3.53488718757,0,0,1
legacy_r1,10.475,15.7152053677,10.0061227065,0,0,4.03361740501,3.53488718757,0,0,1
legacy_r1,10.5,15.7152053677,10.0061227065,0,0,4.03361740501,3.53488718757,0,0,1
legacy_r1,10.525,15.7152053677,10.0061227065,0,0,4.03361740501,3.53488718757,0,0,1
legacy_r1,10.55,15.7152053677,10.0061227065,0,0,4.03361740501,3.53488718757,0,0,1
legacy_r1,10.575,15.7152053677,10.0061227065,0,0,4.03361740501,3.53488718757,0,0,1
legacy_r1,10.6,15.7152053677,10.0061227065,0,0,4.03361740501,3.53488718757,0,0,1
legacy_r1,10.625,15.7152053677,10.0061227065,0,0,4.03361740501,3.53488718757,0,0,1
legacy_r1,10.65,15.7152053677,10.0061227065,0,0,4.03361740501,3.53488718757,0,0,1
legacy_r1,10.675,15.7152053677,10.0061227065,0,0,4.03361740501,3.53488718757,0,0,1
legacy_r1,10.7,15.7152053677,10.0061227065,0,0,4.03361740501,3.53488718757,0,0,1
legacy_r1,10.725,15.7152053677,10.0061227065,0,0,4.03361740501,3.53488718757,0,0,1
legacy_r1,10.75,15.7152053677,10.0061227065,0,0,4.03361740501,3.53488718757,0,0,1
legacy_r1,10.775,15.7152053677,10.0061227065,0,0,4.03361740501,3.53488718757,0,0,1
legacy_r1,10.8,15.7152053677,10.0061227065,0,0,4.03361740501,3.53488718757,0,0,1
legacy_r1,10.825,15.7152053677,10.0061227065,0,0,4.03361740501,3.53488718757,0,0,1
legacy_r1,10.85,15.7152053677,10.0061227065,0,0,4.03361740501,3.53488718757,0,0,1
legacy_r1,10.875,15.7152053677,10.0061227065,0,0,4.03361740501,3.53488718757,0,0,1
legacy_r1,10.9,15.7152053677,10.0061227065,0,0,4.03361740501,3.53488718757,0,0,1
legacy_r1,10.925,15.7152053677,10.0061227065,0,0,4.03361740501,3.53488718757,0,0,1
legacy_r1,10.95,15.7152053677,10.0061227065,0,0,4.03361740501,3.53488718757,0,0,1
legacy_r1,10.975,15.7152053677,10.0061227065,0,0,4.03361740501,3.53488718757,0,0,1
legacy_r1,11,15.7152053677,10.0061227065,0,0,4.03361740501,3.53488718757,0,0,1
legacy_r1,11.025,15.7152053677,10.0061227065,0,0,4.03361740501,3.53488718757,0,0,1
legacy_r1,11.05,15.7152053677,10.0061227065,0,0,4.03361740501,3.53488718757,0,0,1
legacy_r1,11.075,15.7152053677,10.0061227065,0,0,4.03361740501,3.53488718757,0,0,1
legacy_r1,11.1,15.7152053677,10.0061227065,0,0,4.03361740501,3.53488718757,0,0,1
legacy_r1,11.125,15.7152053677,10.0061227065,0,0,4.03361740501,3.53488718757,0,0,1
legacy_r1,11.15,15.7152053677,10.0061227065,0,0,4.03361740501,3.53488718757,0,0,1
legacy_r1,11.175,15.7152053677,10.0061227065,0,0,4.03361740501,3.53488718757,0,0,1
legacy_r1,11.2,15.7152053677,10.0061227065,0,0,4.03361740501,3.53488718757,0,0,1
legacy_r1,11.225,15.7152053677,10.0061227065,0,0,4.03361740501,3.53488718757,0,0,1
legacy_r1,11.25,15.7152053677,10.0061227065,0,0,4.03361740501,3.53488718757,0,0,1
legacy_r1,11.275,15.7152053677,10.0061227065,0,0,4.03361740501,3.53488718757,0,0,1
legacy_r1,11.3,15.7152053677,10.0061227065,0,0,4.03361740501,3.53488718757,0,0,1
legacy_r1,11.325,15.7152053677,10.0061227065,0,0,4.03361740501,3.53488718757,0,0,1
legacy_r1,11.35,15.7152053677,10.0061227065,0,0,4.03361740501,3.53488718757,0,0,1
legacy_r1,11.375,15.7152053677,10.0061227065,0,0,4.03361740501,3.53488718757,0,0,1
legacy_r1,11.4,15.7152053677,10.0061227065,0,0,4.03361740501,3.53488718757,0,0,1
legacy_r1,11.425,15.7152053677,10.0061227065,0,0,4.03361740501,3.53488718757,0,0,1
legacy_r1,11.45,15.7152053677,10.0061227065,0,0,4.03361740501,3.53488718757,0,0,1
legacy_r1,11.475,15.7152053677,10.0061227065,0,0,4.03361740501,3.53488718757,0,0,1
legacy_r1,11.5,15.7152053677,10.0061227065,0,0,4.03361740501,3.53488718757,0,0,1
legacy_r1,11.525,15.7152053677,10.0061227065,0,0,4.03361740501,3.53488718757,0,0,1
legacy_r1,11.55,15.7152053677,10.0061227065,0,0,4.03361740501,3.53488718757,0,0,1
legacy_r1,11.575,15.7152053677,10.0061227065,0,0,4.03361740501,3.53488718757,0,0,1
legacy_r1,11.6,15.7152053677,10.0061227065,0,0,4.03361740501,3.53488718757,0,0,1
legacy_r1,11.625,15.7152053677,10.0061227065,0,0,4.03361740501,3.53488718757,0,0,1
legacy_r1,11.65,15.7152053677,10.0061227065,0,0,4.03361740501,3.53488718757,0,0,1
legacy_r1,11.675,15.7152053677,10.0061227065,0,0,4.03361740501,3.53488718757,0,0,1
legacy_r1,11.7,15.7152053677,10.0061227065,0,0,4.03361740501,3.53488718757,0,0,1
legacy_r1,11.725,15.7152053677,10.0061227065,0,0,4.03361740501,3.53488718757,0,0,1
legacy_r1,11.75,15.7152053677,10.0061227065,0,0,4.03361740501,3.53488718757,0,0,1
legacy_r1,11.775,15.7152053677,10.0061227065,0,0,4.03361740501,3.53488718757,0,0,1
legacy_r1,11.8,15.7152053677,10.0061227065,0,0,4.03361740501,3.53488718757,0,0,1
legacy_r1,11.825,15.7152053677,10.0061227065,0,0,4.03361740501,3.53488718757,0,0,1
legacy_r1,11.85,15.7152053677,10.0061227065,0,0,4.03361740501,3.53488718757,0,0,1
legacy_r1,11.875,15.7152053677,10.0061227065,0,0,4.03361740501,3.53488718757,0,0,1
legacy_r1,11.9,15.7152053677,10.0061227065,0,0,4.03361740501,3.53488718757,0,0,1
legacy_r1,11.925,15.7152053677,10.0061227065,0,0,4.03361740501,3.53488718757,0,0,1
legacy_r1,11.95,15.7152053677,10.0061227065,0,0,4.03361740501,3.53488718757,0,0,1
legacy_r1,11.975,15.7152053677,10.0061227065,0,0,4.03361740501,3.53488718757,0,0,1
legacy_r1,12,15.7152053677,10.0061227065,0,0,4.03361740501,3.53488718757,0,0,1
legacy_r1,12.025,15.7152053677,10.0061227065,0,0,4.03361740501,3.53488718757,0,0,1
legacy_r1,12.05,15.7152053677,10.0061227065,0,0,4.03361740501,3.53488718757,0,0,1
legacy_r1,12.075,15.7152053677,10.0061227065,0,0,4.03361740501,3.53488718757,0,0,1
legacy_r1,12.1,15.7152053677,10.0061227065,0,0,4.03361740501,3.53488718757,0,0,1
legacy_r1,12.125,15.7152053677,10.0061227065,0,0,4.03361740501,3.53488718757,0,0,1
legacy_r1,12.15,15.7152053677,10.0061227065,0,0,4.03361740501,3.53488718757,0,0,1
legacy_r1,12.175,15.7152053677,10.0061227065,0,0,4.03361740501,3.53488718757,0,0,1
legacy_r1,12.2,15.7152053677,10.0061227065,0,0,4.03361740501,3.53488718757,0,0,1
legacy_r1,12.225,15.7152053677,10.0061227065,0,0,4.03361740501,3.53488718757,0,0,1
legacy_r1,12.25,15.7152053677,10.0061227065,0,0,4.03361740501,3.53488718757,0,0,1
legacy_r1,12.275,15.7152053677,10.0061227065,0,0,4.03361740501,3.53488718757,0,0,1
legacy_r1,12.3,15.7152053677,10.0061227065,0,0,4.03361740501,3.53488718757,0,0,1
legacy_r1,12.325,15.7152053677,10.0061227065,0,0,4.03361740501,3.53488718757,0,0,1
legacy_r1,12.35,15.7152053677,10.0061227065,0,0,4.03361740501,3.53488718757,0,0,1
legacy_r1,12.375,15.7152053677,10.0061227065,0,0,4.03361740501,3.53488718757,0,0,1
legacy_r1,12.4,15.7152053677,10.0061227065,0,0,4.03361740501,3.53488718757,0,0,1
legacy_r1,12.425,15.7152053677,10.0061227065,0,0,4.03361740501,3.53488718757,0,0,1
legacy_r1,12.45,15.7152053677,10.0061227065,0,0,4.03361740501,3.53488718757,0,0,1
legacy_r1,12.475,15.7152053677,10.0061227065,0,0,4.03361740501,3.53488718757,0,0,1
legacy_r1,12.5,15.7152053677,10.0061227065,0,0,4.03361740501,3.53488718757,0,0,1
legacy_r1,12.525,15.7152053677,10.0061227065,0,0,4.03361740501,3.53488718757,0,0,1
legacy_r1,12.55,15.7152053677,10.0061227065,0,0,4.03361740501,3.53488718757,0,0,1
legacy_r1,12.575,15.7152053677,10.0061227065,0,0,4.03361740501,3.53488718757,0,0,1
legacy_r1,12.6,15.7152053677,10.0061227065,0,0,4.03361740501,3.53488718757,0,0,1
legacy_r1,12.625,15.7152053677,10.0061227065,0,0,4.03361740501,3.53488718757,0,0,1
legacy_r1,12.65,15.7152053677,10.0061227065,0,0,4.03361740501,3.53488718757,0,0,1
legacy_r1,12.675,15.7152053677,10.0061227065,0,0,4.03361740501,3.53488718757,0,0,1
legacy_r1,12.7,15.7152053677,10.0061227065,0,0,4.03361740501,3.53488718757,0,0,1
legacy_r1,12.725,15.7152053677,10.0061227065,0,0,4.03361740501,3.53488718757,0,0,1
legacy_r1,12.75,15.7152053677,10.0061227065,0,0,4.03361740501,3.53488718757,0,0,1
legacy_r1,12.775,15.7152053677,10.0061227065,0,0,4.03361740501,3.53488718757,0,0,1
legacy_r1,12.8,15.7152053677,10.0061227065,0,0,4.03361740501,3.53488718757,0,0,1
legacy_r1,12.825,15.7152053677,10.0061227065,0,0,4.03361740501,3.53488718757,0,0,1
legacy_r1,12.85,15.7152053677,10.0061227065,0,0,4.03361740501,3.53488718757,0,0,1
legacy_r1,12.875,15.7152053677,10.0061227065,0,0,4.03361740501,3.53488718757,0,0,1
legacy_r1,12.9,15.7152053677,10.0061227065,0,0,4.03361740501,3.53488718757,0,0,1
legacy_r1,12.925,15.7152053677,10.0061227065,0,0,4.03361740501,3.53488718757,0,0,1
legacy_r1,12.95,15.7152053677,10.0061227065,0,0,4.03361740501,3.53488718757,0,0,1
legacy_r1,12.975,15.7152053677,10.0061227065,0,0,4.03361740501,3.53488718757,0,0,1
legacy_r1,13,15.7152053677,10.0061227065,0,0,4.03361740501,3.53488718757,0,0,1
legacy_r1,13.025,15.7152053677,10.0061227065,0,0,4.03361740501,3.53488718757,0,0,1
legacy_r1,13.05,15.7152053677,10.0061227065,0,0,4.03361740501,3.53488718757,0,0,1
legacy_r1,13.075,15.7152053677,10.0061227065,0,0,4.03361740501,3.53488718757,0,0,1
legacy_r1,13.1,15.7152053677,10.0061227065,0,0,4.03361740501,3.53488718757,0,0,1
legacy_r1,13.125,15.7152053677,10.0061227065,0,0,4.03361740501,3.53488718757,0,0,1
legacy_r1,13.15,15.7152053677,10.0061227065,0,0,4.03361740501,3.53488718757,0,0,1
legacy_r1,13.175,15.7152053677,10.0061227065,0,0,4.03361740501,3.53488718757,0,0,1
legacy_r1,13.2,15.7152053677,10.0061227065,0,0,4.03361740501,3.53488718757,0,0,1
legacy_r1,13.225,15.7152053677,10.0061227065,0,0,4.03361740501,3.53488718757,0,0,1
legacy_r1,13.25,15.7152053677,10.0061227065,0,0,4.03361740501,3.53488718757,0,0,1
legacy_r1,13.275,15.7152053677,10.0061227065,0,0,4.03361740501,3.53488718757,0,0,1
legacy_r1,13.3,15.7152053677,10.0061227065,0,0,4.03361740501,3.53488718757,0,0,1
legacy_r1,13.325,15.7152053677,10.0061227065,0,0,4.03361740501,3.53488718757,0,0,1
legacy_r1,13.35,15.7152053677,10.0061227065,0,0,4.03361740501,3.53488718757,0,0,1
legacy_r1,13.375,15.7152053677,10.0061227065,0,0,4.03361740501,3.53488718757,0,0,1
legacy_r1,13.4,15.7152053677,10.0061227065,0,0,4.03361740501,3.53488718757,0,0,1
legacy_r1,13.425,15.7152053677,10.0061227065,0,0,4.03361740501,3.53488718757,0,0,1
legacy_r1,13.45,15.7152053677,10.0061227065,0,0,4.03361740501,3.53488718757,0,0,1
legacy_r1,13.475,15.7152053677,10.0061227065,0,0,4.03361740501,3.53488718757,0,0,1
legacy_r1,13.5,15.7152053677,10.0061227065,0,0,4.03361740501,3.53488718757,0,0,1
legacy_r1,13.525,15.7152053677,10.0061227065,0,0,4.03361740501,3.53488718757,0,0,1
legacy_r1,13.55,15.7152053677,10.0061227065,0,0,4.03361740501,3.53488718757,0,0,1
legacy_r1,13.575,15.7152053677,10.0061227065,0,0,4.03361740501,3.53488718757,0,0,1
legacy_r1,13.6,15.7152053677,10.0061227065,0,0,4.03361740501,3.53488718757,0,0,1
legacy_r1,13.625,15.7152053677,10.0061227065,0,0,4.03361740501,3.53488718757,0,0,1
legacy_r1,13.65,15.7152053677,10.0061227065,0,0,4.03361740501,3.53488718757,0,0,1
legacy_r1,13.675,15.7152053677,10.0061227065,0,0,4.03361740501,3.53488718757,0,0,1
legacy_r1,13.7,15.7152053677,10.0061227065,0,0,4.03361740501,3.53488718757,0,0,1
legacy_r1,13.725,15.7152053677,10.0061227065,0,0,4.03361740501,3.53488718757,0,0,1
legacy_r1,13.75,15.7152053677,10.0061227065,0,0,4.03361740501,3.53488718757,0,0,1
legacy_r1,13.775,15.7152053677,10.0061227065,0,0,4.03361740501,3.53488718757,0,0,1
legacy_r1,13.8,15.7152053677,10.0061227065,0,0,4.03361740501,3.53488718757,0,0,1
legacy_r1,13.825,15.7152053677,10.0061227065,0,0,4.03361740501,3.53488718757,0,0,1
legacy_r1,13.85,15.7152053677,10.0061227065,0,0,4.03361740501,3.53488718757,0,0,1
legacy_r1,13.875,15.7152053677,10.0061227065,0,0,4.03361740501,3.53488718757,0,0,1
legacy_r1,13.9,15.7152053677,10.0061227065,0,0,4.03361740501,3.53488718757,0,0,1
legacy_r1,13.925,15.7152053677,10.0061227065,0,0,4.03361740501,3.53488718757,0,0,1
legacy_r1,13.95,15.7152053677,10.0061227065,0,0,4.03361740501,3.53488718757,0,0,1
legacy_r1,13.975,15.7152053677,10.0061227065,0,0,4.03361740501,3.53488718757,0,0,1
legacy_r1,14,15.7152053677,10.0061227065,0,0,4.03361740501,3.53488718757,0,0,1
legacy_r1,14.025,15.7152053677,10.0061227065,0,0,4.03361740501,3.53488718757,0,0,1
legacy_r1,14.05,15.7152053677,10.0061227065,0,0,4.03361740501,3.53488718757,0,0,1
legacy_r1,14.075,15.7152053677,10.0061227065,0,0,4.03361740501,3.53488718757,0,0,1
legacy_r1,14.1,15.7152053677,10.0061227065,0,0,4.03361740501,3.53488718757,0,0,1
legacy_r1,14.125,15.7152053677,10.0061227065,0,0,4.03361740501,3.53488718757,0,0,1
legacy_r1,14.15,15.7152053677,10.0061227065,0,0,4.03361740501,3.53488718757,0,0,1
legacy_r1,14.175,15.7152053677,10.0061227065,0,0,4.03361740501,3.53488718757,0,0,1
legacy_r1,14.2,15.7152053677,10.0061227065,0,0,4.03361740501,3.53488718757,0,0,1
legacy_r1,14.225,15.7152053677,10.0061227065,0,0,4.03361740501,3.53488718757,0,0,1
legacy_r1,14.25,15.7152053677,10.0061227065,0,0,4.03361740501,3.53488718757,0,0,1
legacy_r1,14.275,15.7152053677,10.0061227065,0,0,4.03361740501,3.53488718757,0,0,1
legacy_r1,14.3,15.7152053677,10.0061227065,0,0,4.03361740501,3.53488718757,0,0,1
legacy_r1,14.325,15.7152053677,10.0061227065,0,0,4.03361740501,3.53488718757,0,0,1
legacy_r1,14.35,15.7152053677,10.0061227065,0,0,4.03361740501,3.53488718757,0,0,1
legacy_r1,14.375,15.7152053677,10.0061227065,0,0,4.03361740501,3.53488718757,0,0,1
legacy_r1,14.4,15.7152053677,10.0061227065,0,0,4.03361740501,3.53488718757,0,0,1
legacy_r1,14.425,15.7152053677,10.0061227065,0,0,4.03361740501,3.53488718757,0,0,1
legacy_r1,14.45,15.7152053677,10.0061227065,0,0,4.03361740501,3.53488718757,0,0,1
legacy_r1,14.475,15.7152053677,10.0061227065,0,0,4.03361740501,3.53488718757,0,0,1
legacy_r1,14.5,15.7152053677,10.0061227065,0,0,4.03361740501,3.53488718757,0,0,1
legacy_r1,14.525,15.7152053677,10.0061227065,0,0,4.03361740501,3.53488718757,0,0,1
legacy_r1,14.55,15.7152053677,10.0061227065,0,0,4.03361740501,3.53488718757,0,0,1
legacy_r1,14.575,15.7152053677,10.0061227065,0,0,4.03361740501,3.53488718757,0,0,1
legacy_r1,14.6,15.7152053677,10.0061227065,0,0,4.03361740501,3.53488718757,0,0,1
legacy_r1,14.625,15.7152053677,10.0061227065,0,0,4.03361740501,3.53488718757,0,0,1
legacy_r1,14.65,15.7152053677,10.0061227065,0,0,4.03361740501,3.53488718757,0,0,1
legacy_r1,14.675,15.7152053677,10.0061227065,0,0,4.03361740501,3.53488718757,0,0,1
legacy_r1,14.7,15.7152053677,10.0061227065,0,0,4.03361740501,3.53488718757,0,0,1
legacy_r1,14.725,15.7152053677,10.0061227065,0,0,4.03361740501,3.53488718757,0,0,1
legacy_r1,14.75,15.7152053677,10.0061227065,0,0,4.03361740501,3.53488718757,0,0,1
legacy_r1,14.775,15.7152053677,10.0061227065,0,0,4.03361740501,3.53488718757,0,0,1
legacy_r1,14.8,15.7152053677,10.0061227065,0,0,4.03361740501,3.53488718757,0,0,1
legacy_r1,14.825,15.7152053677,10.0061227065,0,0,4.03361740501,3.53488718757,0,0,1
legacy_r1,14.85,15.7152053677,10.0061227065,0,0,4.03361740501,3.53488718757,0,0,1
legacy_r1,14.875,15.7152053677,10.0061227065,0,0,4.03361740501,3.53488718757,0,0,1
legacy_r1,14.9,15.7152053677,10.0061227065,0,0,4.03361740501,3.53488718757,0,0,1
legacy_r1,14.925,15.7152053677,10.0061227065,0,0,4.03361740501,3.53488718757,0,0,1
legacy_r1,14.95,15.7152053677,10.0061227065,0,0,4.03361740501,3.53488718757,0,0,1
legacy_r1,14.975,15.7152053677,10.0061227065,0,0,4.03361740501,3.53488718757,0,0,1
legacy_r1,15,15.7152053677,10.0061227065,0,0,4.03361740501,3.53488718757,0,0,1
legacy_r1,15.025,15.7152053677,10.0061227065,0,0,4.03361740501,3.53488718757,0,0,1
legacy_r1,15.05,15.7152053677,10.0061227065,0,0,4.03361740501,3.53488718757,0,0,1
legacy_r1,15.075,15.7152053677,10.0061227065,0,0,4.03361740501,3.53488718757,0,0,1
legacy_r1,15.1,15.7152053677,10.0061227065,0,0,4.03361740501,3.53488718757,0,0,1
legacy_r1,15.125,15.7152053677,10.0061227065,0,0,4.03361740501,3.53488718757,0,0,1
legacy_r1,15.15,15.7152053677,10.0061227065,0,0,4.03361740501,3.53488718757,0,0,1
legacy_r1,15.175,15.7152053677,10.0061227065,0,0,4.03361740501,3.53488718757,0,0,1
legacy_r1,15.2,15.7152053677,10.0061227065,0,0,4.03361740501,3.53488718757,0,0,1
legacy_r1,15.225,15.7152053677,10.0061227065,0,0,4.03361740501,3.53488718757,0,0,1
legacy_r1,15.25,15.7152053677,10.0061227065,0,0,4.03361740501,3.53488718757,0,0,1
legacy_r1,15.275,15.7152053677,10.0061227065,0,0,4.03361740501,3.53488718757,0,0,1
legacy_r1,15.3,15.7152053677,10.0061227065,0,0,4.03361740501,3.53488718757,0,0,1
legacy_r1,15.325,15.7152053677,10.0061227065,0,0,4.03361740501,3.53488718757,0,0,1
legacy_r1,15.35,15.7152053677,10.0061227065,0,0,4.03361740501,3.53488718757,0,0,1
legacy_r1,15.375,15.7152053677,10.0061227065,0,0,4.03361740501,3.53488718757,0,0,1
legacy_r1,15.4,15.7152053677,10.0061227065,0,0,4.03361740501,3.53488718757,0,0,1
legacy_r1,15.425,15.7152053677,10.0061227065,0,0,4.03361740501,3.53488718757,0,0,1
legacy_r1,15.45,15.7152053677,10.0061227065,0,0,4.03361740501,3.53488718757,0,0,1
legacy_r1,15.475,15.7152053677,10.0061227065,0,0,4.03361740501,3.53488718757,0,0,1
legacy_r1,15.5,15.7152053677,10.0061227065,0,0,4.03361740501,3.53488718757,0,0,1
legacy_r1,15.525,15.7152053677,10.0061227065,0,0,4.03361740501,3.53488718757,0,0,1
legacy_r1,15.55,15.7152053677,10.0061227065,0,0,4.03361740501,3.53488718757,0,0,1
legacy_r1,15.575,15.7152053677,10.0061227065,0,0,4.03361740501,3.53488718757,0,0,1
legacy_r1,15.6,15.7152053677,10.0061227065,0,0,4.03361740501,3.53488718757,0,0,1
legacy_r1,15.625,15.7152053677,10.0061227065,0,0,4.03361740501,3.53488718757,0,0,1
legacy_r1,15.65,15.7152053677,10.0061227065,0,0,4.03361740501,3.53488718757,0,0,1
legacy_r1,15.675,15.7152053677,10.0061227065,0,0,4.03361740501,3.53488718757,0,0,1
legacy_r1,15.7,15.7152053677,10.0061227065,0,0,4.03361740501,3.53488718757,0,0,1
legacy_r1,15.725,15.7152053677,10.0061227065,0,0,4.03361740501,3.53488718757,0,0,1
legacy_r1,15.75,15.7152053677,10.0061227065,0,0,4.03361740501,3.53488718757,0,0,1
legacy_r1,15.775,15.7152053677,10.0061227065,0,0,4.03361740501,3.53488718757,0,0,1
legacy_r1,15.8,15.7152053677,10.0061227065,0,0,4.03361740501,3.53488718757,0,0,1
legacy_r1,15.825,15.7152053677,10.0061227065,0,0,4.03361740501,3.53488718757,0,0,1
legacy_r1,15.85,15.7152053677,10.0061227065,0,0,4.03361740501,3.53488718757,0,0,1
legacy_r1,15.875,15.7152053677,10.0061227065,0,0,4.03361740501,3.53488718757,0,0,1
legacy_r1,15.9,15.7152053677,10.0061227065,0,0,4.03361740501,3.53488718757,0,0,1
legacy_r1,15.925,15.7152053677,10.0061227065,0,0,4.03361740501,3.53488718757,0,0,1
legacy_r1,15.95,15.7152053677,10.0061227065,0,0,4.03361740501,3.53488718757,0,0,1
legacy_r1,15.975,15.7152053677,10.0061227065,0,0,4.03361740501,3.53488718757,0,0,1
legacy_r1,16,15.7152053677,10.0061227065,0,0,4.03361740501,3.53488718757,0,0,1
legacy_r1,16.025,15.7152053677,10.0061227065,0,0,4.03361740501,3.53488718757,0,0,1
legacy_r1,16.05,15.7152053677,10.0061227065,0,0,4.03361740501,3.53488718757,0,0,1
legacy_r1,16.075,15.7152053677,10.0061227065,0,0,4.03361740501,3.53488718757,0,0,1
legacy_r1,16.1,15.7152053677,10.0061227065,0,0,4.03361740501,3.53488718757,0,0,1
legacy_r1,16.125,15.7152053677,10.0061227065,0,0,4.03361740501,3.53488718757,0,0,1
legacy_r1,16.15,15.7152053677,10.0061227065,0,0,4.03361740501,3.53488718757,0,0,1
legacy_r1,16.175,15.7152053677,10.0061227065,0,0,4.03361740501,3.53488718757,0,0,1
legacy_r1,16.2,15.7152053677,10.0061227065,0,0,4.03361740501,3.53488718757,0,0,1
legacy_r1,16.225,15.7152053677,10.0061227065,0,0,4.03361740501,3.53488718757,0,0,1
legacy_r1,16.25,15.7152053677,10.0061227065,0,0,4.03361740501,3.53488718757,0,0,1
legacy_r1,16.275,15.7152053677,10.0061227065,0,0,4.03361740501,3.53488718757,0,0,1
legacy_r1,16.3,15.7152053677,10.0061227065,0,0,4.03361740501,3.53488718757,0,0,1
legacy_r1,16.325,15.7152053677,10.0061227065,0,0,4.03361740501,3.53488718757,0,0,1
legacy_r1,16.35,15.7152053677,10.0061227065,0,0,4.03361740501,3.53488718757,0,0,1
legacy_r1,16.375,15.7152053677,10.0061227065,0,0,4.03361740501,3.53488718757,0,0,1
legacy_r1,16.4,15.7152053677,10.0061227065,0,0,4.03361740501,3.53488718757,0,0,1
legacy_r1,16.425,15.7152053677,10.0061227065,0,0,4.03361740501,3.53488718757,0,0,1
legacy_r1,16.45,15.7152053677,10.0061227065,0,0,4.03361740501,3.53488718757,0,0,1
legacy_r1,16.475,15.7152053677,10.0061227065,0,0,4.03361740501,3.53488718757,0,0,1
legacy_r1,16.5,15.7152053677,10.0061227065,0,0,4.03361740501,3.53488718757,0,0,1
legacy_r1,16.525,15.7152053677,10.0061227065,0,0,4.03361740501,3.53488718757,0,0,1
legacy_r1,16.55,15.7152053677,10.0061227065,0,0,4.03361740501,3.53488718757,0,0,1
legacy_r1,16.575,15.7152053677,10.0061227065,0,0,4.03361740501,3.53488718757,0,0,1
legacy_r1,16.6,15.7152053677,10.0061227065,0,0,4.03361740501,3.53488718757,0,0,1
legacy_r1,16.625,15.7152053677,10.0061227065,0,0,4.03361740501,3.53488718757,0,0,1
legacy_r1,16.65,15.7152053677,10.0061227065,0,0,4.03361740501,3.53488718757,0,0,1
legacy_r1,16.675,15.7152053677,10.0061227065,0,0,4.03361740501,3.53488718757,0,0,1
legacy_r1,16.7,15.7152053677,10.0061227065,0,0,4.03361740501,3.53488718757,0,0,1
legacy_r1,16.725,15.7152053677,10.0061227065,0,0,4.03361740501,3.53488718757,0,0,1
legacy_r1,16.75,15.7152053677,10.0061227065,0,0,4.03361740501,3.53488718757,0,0,1
legacy_r1,16.775,15.7152053677,10.0061227065,0,0,4.03361740501,3.53488718757,0,0,1
legacy_r1,16.8,15.7152053677,10.0061227065,0,0,4.03361740501,3.53488718757,0,0,1
legacy_r1,16.825,15.7152053677,10.0061227065,0,0,4.03361740501,3.53488718757,0,0,1
legacy_r1,16.85,15.7152053677,10.0061227065,0,0,4.03361740501,3.53488718757,0,0,1
legacy_r1,16.875,15.7152053677,10.0061227065,0,0,4.03361740501,3.53488718757,0,0,1
legacy_r1,16.9,15.7152053677,10.0061227065,0,0,4.03361740501,3.53488718757,0,0,1
legacy_r1,16.925,15.7152053677,10.0061227065,0,0,4.03361740501,3.53488718757,0,0,1
legacy_r1,16.95,15.7152053677,10.0061227065,0,0,4.03361740501,3.53488718757,0,0,1
legacy_r1,16.975,15.7152053677,10.0061227065,0,0,4.03361740501,3.53488718757,0,0,1
legacy_r1,17,15.7152053677,10.0061227065,0,0,4.03361740501,3.53488718757,0,0,1
legacy_r1,17.025,15.7152053677,10.0061227065,0,0,4.03361740501,3.53488718757,0,0,1
legacy_r1,17.05,15.7152053677,10.0061227065,0,0,4.03361740501,3.53488718757,0,0,1
legacy_r1,17.075,15.7152053677,10.0061227065,0,0,4.03361740501,3.53488718757,0,0,1
legacy_r1,17.1,15.7152053677,10.0061227065,0,0,4.03361740501,3.53488718757,0,0,1
legacy_r1,17.125,15.7152053677,10.0061227065,0,0,4.03361740501,3.53488718757,0,0,1
legacy_r1,17.15,15.7152053677,10.0061227065,0,0,4.03361740501,3.53488718757,0,0,1
legacy_r1,17.175,15.7152053677,10.0061227065,0,0,4.03361740501,3.53488718757,0,0,1
legacy_r1,17.2,15.7152053677,10.0061227065,0,0,4.03361740501,3.53488718757,0,0,1
legacy_r1,17.225,15.7152053677,10.0061227065,0,0,4.03361740501,3.53488718757,0,0,1
legacy_r1,17.25,15.7152053677,10.0061227065,0,0,4.03361740501,3.53488718757,0,0,1
legacy_r1,17.275,15.7152053677,10.0061227065,0,0,4.03361740501,3.53488718757,0,0,1
legacy_r1,17.3,15.7152053677,10.0061227065,0,0,4.03361740501,3.53488718757,0,0,1
legacy_r1,17.325,15.7152053677,10.0061227065,0,0,4.03361740501,3.53488718757,0,0,1
legacy_r1,17.35,15.7152053677,10.0061227065,0,0,4.03361740501,3.53488718757,0,0,1
legacy_r1,17.375,15.7152053677,10.0061227065,0,0,4.03361740501,3.53488718757,0,0,1
legacy_r1,17.4,15.7152053677,10.0061227065,0,0,4.03361740501,3.53488718757,0,0,1
legacy_r1,17.425,15.7152053677,10.0061227065,0,0,4.03361740501,3.53488718757,0,0,1
legacy_r1,17.45,15.7152053677,10.0061227065,0,0,4.03361740501,3.53488718757,0,0,1
legacy_r1,17.475,15.7152053677,10.0061227065,0,0,4.03361740501,3.53488718757,0,0,1
legacy_r1,17.5,15.7152053677,10.0061227065,0,0,4.03361740501,3.53488718757,0,0,1
legacy_r1,17.525,15.7152053677,10.0061227065,0,0,4.03361740501,3.53488718757,0,0,1
legacy_r1,17.55,15.7152053677,10.0061227065,0,0,4.03361740501,3.53488718757,0,0,1
legacy_r1,17.575,15.7152053677,10.0061227065,0,0,4.03361740501,3.53488718757,0,0,1
legacy_r1,17.6,15.7152053677,10.0061227065,0,0,4.03361740501,3.53488718757,0,0,1
legacy_r1,17.625,15.7152053677,10.0061227065,0,0,4.03361740501,3.53488718757,0,0,1
legacy_r1,17.65,15.7152053677,10.0061227065,0,0,4.03361740501,3.53488718757,0,0,1
legacy_r1,17.675,15.7152053677,10.0061227065,0,0,4.03361740501,3.53488718757,0,0,1
legacy_r1,17.7,15.7152053677,10.0061227065,0,0,4.03361740501,3.53488718757,0,0,1
legacy_r1,17.725,15.7152053677,10.0061227065,0,0,4.03361740501,3.53488718757,0,0,1
legacy_r1,17.75,15.7152053677,10.0061227065,0,0,4.03361740501,3.53488718757,0,0,1
legacy_r1,17.775,15.7152053677,10.0061227065,0,0,4.03361740501,3.53488718757,0,0,1
legacy_r1,17.8,15.7152053677,10.0061227065,0,0,4.03361740501,3.53488718757,0,0,1
legacy_r1,17.825,15.7152053677,10.0061227065,0,0,4.03361740501,3.53488718757,0,0,1
legacy_r1,17.85,15.7152053677,10.0061227065,0,0,4.03361740501,3.53488718757,0,0,1
legacy_r1,17.875,15.7152053677,10.0061227065,0,0,4.03361740501,3.53488718757,0,0,1
legacy_r1,17.9,15.7152053677,10.0061227065,0,0,4.03361740501,3.53488718757,0,0,1
legacy_r1,17.925,15.7152053677,10.0061227065,0,0,4.03361740501,3.53488718757,0,0,1
legacy_r1,17.95,15.7152053677,10.0061227065,0,0,4.03361740501,3.53488718757,0,0,1
legacy_r1,17.975,15.7152053677,10.0061227065,0,0,4.03361740501,3.53488718757,0,0,1
legacy_r1,18,15.7152053677,10.0061227065,0,0,4.03361740501,3.53488718757,0,0,1
legacy_r1,18.025,15.7152053677,10.0061227065,0,0,4.03361740501,3.53488718757,0,0,1
legacy_r1,18.05,15.7152053677,10.0061227065,0,0,4.03361740501,3.53488718757,0,0,1
legacy_r1,18.075,15.7152053677,10.0061227065,0,0,4.03361740501,3.53488718757,0,0,1
legacy_r1,18.1,15.7152053677,10.0061227065,0,0,4.03361740501,3.53488718757,0,0,1
legacy_r1,18.125,15.7152053677,10.0061227065,0,0,4.03361740501,3.53488718757,0,0,1
legacy_r1,18.15,15.7152053677,10.0061227065,0,0,4.03361740501,3.53488718757,0,0,1
legacy_r1,18.175,15.7152053677,10.0061227065,0,0,4.03361740501,3.53488718757,0,0,1
legacy_r1,18.2,15.7152053677,10.0061227065,0,0,4.03361740501,3.53488718757,0,0,1
legacy_r1,18.225,15.7152053677,10.0061227065,0,0,4.03361740501,3.53488718757,0,0,1
legacy_r1,18.25,15.7152053677,10.0061227065,0,0,4.03361740501,3.53488718757,0,0,1
legacy_r1,18.275,15.7152053677,10.0061227065,0,0,4.03361740501,3.53488718757,0,0,1
legacy_r1,18.3,15.7152053677,10.0061227065,0,0,4.03361740501,3.53488718757,0,0,1
legacy_r1,18.325,15.7152053677,10.0061227065,0,0,4.03361740501,3.53488718757,0,0,1
legacy_r1,18.35,15.7152053677,10.0061227065,0,0,4.03361740501,3.53488718757,0,0,1
legacy_r1,18.375,15.7152053677,10.0061227065,0,0,4.03361740501,3.53488718757,0,0,1
legacy_r1,18.4,15.7152053677,10.0061227065,0,0,4.03361740501,3.53488718757,0,0,1
legacy_r1,18.425,15.7152053677,10.0061227065,0,0,4.03361740501,3.53488718757,0,0,1
legacy_r1,18.45,15.7152053677,10.0061227065,0,0,4.03361740501,3.53488718757,0,0,1
legacy_r1,18.475,15.7152053677,10.0061227065,0,0,4.03361740501,3.53488718757,0,0,1
legacy_r1,18.5,15.7152053677,10.0061227065,0,0,4.03361740501,3.53488718757,0,0,1
legacy_r1,18.525,15.7152053677,10.0061227065,0,0,4.03361740501,3.53488718757,0,0,1
legacy_r1,18.55,15.7152053677,10.0061227065,0,0,4.03361740501,3.53488718757,0,0,1
legacy_r1,18.575,15.7152053677,10.0061227065,0,0,4.03361740501,3.53488718757,0,0,1
legacy_r1,18.6,15.7152053677,10.0061227065,0,0,4.03361740501,3.53488718757,0,0,1
legacy_r1,18.625,15.7152053677,10.0061227065,0,0,4.03361740501,3.53488718757,0,0,1
legacy_r1,18.65,15.7152053677,10.0061227065,0,0,4.03361740501,3.53488718757,0,0,1
legacy_r1,18.675,15.7152053677,10.0061227065,0,0,4.03361740501,3.53488718757,0,0,1
legacy_r1,18.7,15.7152053677,10.0061227065,0,0,4.03361740501,3.53488718757,0,0,1
legacy_r1,18.725,15.7152053677,10.0061227065,0,0,4.03361740501,3.53488718757,0,0,1
legacy_r1,18.75,15.7152053677,10.0061227065,0,0,4.03361740501,3.53488718757,0,0,1
legacy_r1,18.775,15.7152053677,10.0061227065,0,0,4.03361740501,3.53488718757,0,0,1
legacy_r1,18.8,15.7152053677,10.0061227065,0,0,4.03361740501,3.53488718757,0,0,1
legacy_r1,18.825,15.7152053677,10.0061227065,0,0,4.03361740501,3.53488718757,0,0,1
legacy_r1,18.85,15.7152053677,10.0061227065,0,0,4.03361740501,3.53488718757,0,0,1
legacy_r1,18.875,15.7152053677,10.0061227065,0,0,4.03361740501,3.53488718757,0,0,1
legacy_r1,18.9,15.7152053677,10.0061227065,0,0,4.03361740501,3.53488718757,0,0,1
legacy_r1,18.925,15.7152053677,10.0061227065,0,0,4.03361740501,3.53488718757,0,0,1
legacy_r1,18.95,15.7152053677,10.0061227065,0,0,4.03361740501,3.53488718757,0,0,1
legacy_r1,18.975,15.7152053677,10.0061227065,0,0,4.03361740501,3.53488718757,0,0,1
legacy_r1,19,15.7152053677,10.0061227065,0,0,4.03361740501,3.53488718757,0,0,1
legacy_r1,19.025,15.7152053677,10.0061227065,0,0,4.03361740501,3.53488718757,0,0,1
legacy_r1,19.05,15.7152053677,10.0061227065,0,0,4.03361740501,3.53488718757,0,0,1
legacy_r1,19.075,15.7152053677,10.0061227065,0,0,4.03361740501,3.53488718757,0,0,1
legacy_r1,19.1,15.7152053677,10.0061227065,0,0,4.03361740501,3.53488718757,0,0,1
legacy_r1,19.125,15.7152053677,10.0061227065,0,0,4.03361740501,3.53488718757,0,0,1
legacy_r1,19.15,15.7152053677,10.0061227065,0,0,4.03361740501,3.53488718757,0,0,1
legacy_r1,19.175,15.7152053677,10.0061227065,0,0,4.03361740501,3.53488718757,0,0,1
legacy_r1,19.2,15.7152053677,10.0061227065,0,0,4.03361740501,3.53488718757,0,0,1
legacy_r1,19.225,15.7152053677,10.0061227065,0,0,4.03361740501,3.53488718757,0,0,1
legacy_r1,19.25,15.7152053677,10.0061227065,0,0,4.03361740501,3.53488718757,0,0,1
legacy_r1,19.275,15.7152053677,10.0061227065,0,0,4.03361740501,3.53488718757,0,0,1
legacy_r1,19.3,15.7152053677,10.0061227065,0,0,4.03361740501,3.53488718757,0,0,1
legacy_r1,19.325,15.7152053677,10.0061227065,0,0,4.03361740501,3.53488718757,0,0,1
legacy_r1,19.35,15.7152053677,10.0061227065,0,0,4.03361740501,3.53488718757,0,0,1
legacy_r1,19.375,15.7152053677,10.0061227065,0,0,4.03361740501,3.53488718757,0,0,1
legacy_r1,19.4,15.7152053677,10.0061227065,0,0,4.03361740501,3.53488718757,0,0,1
legacy_r1,19.425,15.7152053677,10.0061227065,0,0,4.03361740501,3.53488718757,0,0,1
legacy_r1,19.45,15.7152053677,10.0061227065,0,0,4.03361740501,3.53488718757,0,0,1
legacy_r1,19.475,15.7152053677,10.0061227065,0,0,4.03361740501,3.53488718757,0,0,1
legacy_r1,19.5,15.7152053677,10.0061227065,0,0,4.03361740501,3.53488718757,0,0,1
legacy_r1,19.525,15.7152053677,10.0061227065,0,0,4.03361740501,3.53488718757,0,0,1
legacy_r1,19.55,15.7152053677,10.0061227065,0,0,4.03361740501,3.53488718757,0,0,1
legacy_r1,19.575,15.7152053677,10.0061227065,0,0,4.03361740501,3.53488718757,0,0,1
legacy_r1,19.6,15.7152053677,10.0061227065,0,0,4.03361740501,3.53488718757,0,0,1
legacy_r1,19.625,15.7152053677,10.0061227065,0,0,4.03361740501,3.53488718757,0,0,1
legacy_r1,19.65,15.7152053677,10.0061227065,0,0,4.03361740501,3.53488718757,0,0,1
legacy_r1,19.675,15.7152053677,10.0061227065,0,0,4.03361740501,3.53488718757,0,0,1
legacy_r1,19.7,15.7152053677,10.0061227065,0,0,4.03361740501,3.53488718757,0,0,1
legacy_r1,19.725,15.7152053677,10.0061227065,0,0,4.03361740501,3.53488718757,0,0,1
legacy_r1,19.75,15.7152053677,10.0061227065,0,0,4.03361740501,3.53488718757,0,0,1
legacy_r1,19.775,15.7152053677,10.0061227065,0,0,4.03361740501,3.53488718757,0,0,1
legacy_r1,19.8,15.7152053677,10.0061227065,0,0,4.03361740501,3.53488718757,0,0,1
legacy_r1,19.825,15.7152053677,10.0061227065,0,0,4.03361740501,3.53488718757,0,0,1
legacy_r1,19.85,15.7152053677,10.0061227065,0,0,4.03361740501,3.53488718757,0,0,1
legacy_r1,19.875,15.7152053677,10.0061227065,0,0,4.03361740501,3.53488718757,0,0,1
legacy_r1,19.9,15.7152053677,10.0061227065,0,0,4.03361740501,3.53488718757,0,0,1
legacy_r1,19.925,15.7152053677,10.0061227065,0,0,4.03361740501,3.53488718757,0,0,1
legacy_r1,19.95,15.7152053677,10.0061227065,0,0,4.03361740501,3.53488718757,0,0,1
legacy_r1,19.975,15.7152053677,10.0061227065,0,0,4.03361740501,3.53488718757,0,0,1
legacy_r1,20,15.7152053677,10.0061227065,0,0,4.03361740501,3.53488718757,0,0,1
legacy_r1,20.025,15.7152053677,10.0061227065,0,0,4.03361740501,3.53488718757,0,0,1
legacy_r1,20.05,15.7152053677,10.0061227065,0,0,4.03361740501,3.53488718757,0,0,1
legacy_r1,20.075,15.7152053677,10.0061227065,0,0,4.03361740501,3.53488718757,0,0,1
legacy_r1,20.1,15.7152053677,10.0061227065,0,0,4.03361740501,3.53488718757,0,0,1
legacy_r1,20.125,15.7152053677,10.0061227065,0,0,4.03361740501,3.53488718757,0,0,1
legacy_r1,20.15,15.7152053677,10.0061227065,0,0,4.03361740501,3.53488718757,0,0,1
legacy_r1,20.175,15.7152053677,10.0061227065,0,0,4.03361740501,3.53488718757,0,0,1
legacy_r1,20.2,15.7152053677,10.0061227065,0,0,4.03361740501,3.53488718757,0,0,1
legacy_r1,20.225,15.7152053677,10.0061227065,0,0,4.03361740501,3.53488718757,0,0,1
legacy_r1,20.25,15.7152053677,10.0061227065,0,0,4.03361740501,3.53488718757,0,0,1
legacy_r1,20.275,15.7152053677,10.0061227065,0,0,4.03361740501,3.53488718757,0,0,1
legacy_r1,20.3,15.7152053677,10.0061227065,0,0,4.03361740501,3.53488718757,0,0,1
legacy_r1,20.325,15.7152053677,10.0061227065,0,0,4.03361740501,3.53488718757,0,0,1
legacy_r1,20.35,15.7152053677,10.0061227065,0,0,4.03361740501,3.53488718757,0,0,1
legacy_r1,20.375,15.7152053677,10.0061227065,0,0,4.03361740501,3.53488718757,0,0,1
legacy_r1,20.4,15.7152053677,10.0061227065,0,0,4.03361740501,3.53488718757,0,0,1
legacy_r1,20.425,15.7152053677,10.0061227065,0,0,4.03361740501,3.53488718757,0,0,1
legacy_r1,20.45,15.7152053677,10.0061227065,0,0,4.03361740501,3.53488718757,0,0,1
legacy_r1,20.475,15.7152053677,10.0061227065,0,0,4.03361740501,3.53488718757,0,0,1
legacy_r1,20.5,15.7152053677,10.0061227065,0,0,4.03361740501,3.53488718757,0,0,1
legacy_r1,20.525,15.7152053677,10.0061227065,0,0,4.03361740501,3.53488718757,0,0,1
legacy_r1,20.55,15.7152053677,10.0061227065,0,0,4.03361740501,3.53488718757,0,0,1
legacy_r1,20.575,15.7152053677,10.0061227065,0,0,4.03361740501,3.53488718757,0,0,1
legacy_r1,20.6,15.7152053677,10.0061227065,0,0,4.03361740501,3.53488718757,0,0,1
legacy_r1,20.625,15.7152053677,10.0061227065,0,0,4.03361740501,3.53488718757,0,0,1
legacy_r1,20.65,15.7152053677,10.0061227065,0,0,4.03361740501,3.53488718757,0,0,1
legacy_r1,20.675,15.7152053677,10.0061227065,0,0,4.03361740501,3.53488718757,0,0,1
legacy_r1,20.7,15.7152053677,10.0061227065,0,0,4.03361740501,3.53488718757,0,0,1
legacy_r1,20.725,15.7152053677,10.0061227065,0,0,4.03361740501,3.53488718757,0,0,1
legacy_r1,20.75,15.7152053677,10.0061227065,0,0,4.03361740501,3.53488718757,0,0,1
legacy_r1,20.775,15.7152053677,10.0061227065,0,0,4.03361740501,3.53488718757,0,0,1
legacy_r1,20.8,15.7152053677,10.0061227065,0,0,4.03361740501,3.53488718757,0,0,1
legacy_r1,20.825,15.7152053677,10.0061227065,0,0,4.03361740501,3.53488718757,0,0,1
legacy_r1,20.85,15.7152053677,10.0061227065,0,0,4.03361740501,3.53488718757,0,0,1
legacy_r1,20.875,15.7152053677,10.0061227065,0,0,4.03361740501,3.53488718757,0,0,1
legacy_r1,20.9,15.7152053677,10.0061227065,0,0,4.03361740501,3.53488718757,0,0,1
legacy_r1,20.925,15.7152053677,10.0061227065,0,0,4.03361740501,3.53488718757,0,0,1
legacy_r1,20.95,15.7152053677,10.0061227065,0,0,4.03361740501,3.53488718757,0,0,1
legacy_r1,20.975,15.7152053677,10.0061227065,0,0,4.03361740501,3.53488718757,0,0,1
legacy_r1,21,15.7152053677,10.0061227065,0,0,4.03361740501,3.53488718757,0,0,1
legacy_r1,21.025,15.7152053677,10.0061227065,0,0,4.03361740501,3.53488718757,0,0,1
legacy_r1,21.05,15.7152053677,10.0061227065,0,0,4.03361740501,3.53488718757,0,0,1
legacy_r1,21.075,15.7152053677,10.0061227065,0,0,4.03361740501,3.53488718757,0,0,1
legacy_r1,21.1,15.7152053677,10.0061227065,0,0,4.03361740501,3.53488718757,0,0,1
legacy_r1,21.125,15.7152053677,10.0061227065,0,0,4.03361740501,3.53488718757,0,0,1
legacy_r1,21.15,15.7152053677,10.0061227065,0,0,4.03361740501,3.53488718757,0,0,1
legacy_r1,21.175,15.7152053677,10.0061227065,0,0,4.03361740501,3.53488718757,0,0,1
legacy_r1,21.2,15.7152053677,10.0061227065,0,0,4.03361740501,3.53488718757,0,0,1
legacy_r1,21.225,15.7152053677,10.0061227065,0,0,4.03361740501,3.53488718757,0,0,1
legacy_r1,21.25,15.7152053677,10.0061227065,0,0,4.03361740501,3.53488718757,0,0,1
legacy_r1,21.275,15.7152053677,10.0061227065,0,0,4.03361740501,3.53488718757,0,0,1
legacy_r1,21.3,15.7152053677,10.0061227065,0,0,4.03361740501,3.53488718757,0,0,1
legacy_r1,21.325,15.7152053677,10.0061227065,0,0,4.03361740501,3.53488718757,0,0,1
legacy_r1,21.35,15.7152053677,10.0061227065,0,0,4.03361740501,3.53488718757,0,0,1
legacy_r1,21.375,15.7152053677,10.0061227065,0,0,4.03361740501,3.53488718757,0,0,1
legacy_r1,21.4,15.7152053677,10.0061227065,0,0,4.03361740501,3.53488718757,0,0,1
legacy_r1,21.425,15.7152053677,10.0061227065,0,0,4.03361740501,3.53488718757,0,0,1
legacy_r1,21.45,15.7152053677,10.0061227065,0,0,4.03361740501,3.53488718757,0,0,1
legacy_r1,21.475,15.7152053677,10.0061227065,0,0,4.03361740501,3.53488718757,0,0,1
legacy_r1,21.5,15.7152053677,10.0061227065,0,0,4.03361740501,3.53488718757,0,0,1
legacy_r1,21.525,15.7152053677,10.0061227065,0,0,4.03361740501,3.53488718757,0,0,1
legacy_r1,21.55,15.7152053677,10.0061227065,0,0,4.03361740501,3.53488718757,0,0,1
legacy_r1,21.575,15.7152053677,10.0061227065,0,0,4.03361740501,3.53488718757,0,0,1
legacy_r1,21.6,15.7152053677,10.0061227065,0,0,4.03361740501,3.53488718757,0,0,1
legacy_r1,21.625,15.7152053677,10.0061227065,0,0,4.03361740501,3.53488718757,0,0,1
legacy_r1,21.65,15.7152053677,10.0061227065,0,0,4.03361740501,3.53488718757,0,0,1
legacy_r1,21.675,15.7152053677,10.0061227065,0,0,4.03361740501,3.53488718757,0,0,1
legacy_r1,21.7,15.7152053677,10.0061227065,0,0,4.03361740501,3.53488718757,0,0,1
legacy_r1,21.725,15.7152053677,10.0061227065,0,0,4.03361740501,3.53488718757,0,0,1
legacy_r1,21.75,15.7152053677,10.0061227065,0,0,4.03361740501,3.53488718757,0,0,1
legacy_r1,21.775,15.7152053677,10.0061227065,0,0,4.03361740501,3.53488718757,0,0,1
legacy_r1,21.8,15.7152053677,10.0061227065,0,0,4.03361740501,3.53488718757,0,0,1
legacy_r1,21.825,15.7152053677,10.0061227065,0,0,4.03361740501,3.53488718757,0,0,1
legacy_r1,21.85,15.7152053677,10.0061227065,0,0,4.03361740501,3.53488718757,0,0,1
legacy_r1,21.875,15.7152053677,10.0061227065,0,0,4.03361740501,3.53488718757,0,0,1
legacy_r1,21.9,15.7152053677,10.0061227065,0,0,4.03361740501,3.53488718757,0,0,1
legacy_r1,21.925,15.7152053677,10.0061227065,0,0,4.03361740501,3.53488718757,0,0,1
legacy_r1,21.95,15.7152053677,10.0061227065,0,0,4.03361740501,3.53488718757,0,0,1
legacy_r1,21.975,15.7152053677,10.0061227065,0,0,4.03361740501,3.53488718757,0,0,1
legacy_r1,22,15.7152053677,10.0061227065,0,0,4.03361740501,3.53488718757,0,0,1
legacy_r1,22.025,15.7152053677,10.0061227065,0,0,4.03361740501,3.53488718757,0,0,1
legacy_r1,22.05,15.7152053677,10.0061227065,0,0,4.03361740501,3.53488718757,0,0,1
legacy_r1,22.075,15.7152053677,10.0061227065,0,0,4.03361740501,3.53488718757,0,0,1
legacy_r1,22.1,15.7152053677,10.0061227065,0,0,4.03361740501,3.53488718757,0,0,1
legacy_r1,22.125,15.7152053677,10.0061227065,0,0,4.03361740501,3.53488718757,0,0,1
legacy_r1,22.15,15.7152053677,10.0061227065,0,0,4.03361740501,3.53488718757,0,0,1
legacy_r1,22.175,15.7152053677,10.0061227065,0,0,4.03361740501,3.53488718757,0,0,1
legacy_r1,22.2,15.7152053677,10.0061227065,0,0,4.03361740501,3.53488718757,0,0,1
legacy_r1,22.225,15.7152053677,10.0061227065,0,0,4.03361740501,3.53488718757,0,0,1
legacy_r1,22.25,15.7152053677,10.0061227065,0,0,4.03361740501,3.53488718757,0,0,1
legacy_r1,22.275,15.7152053677,10.0061227065,0,0,4.03361740501,3.53488718757,0,0,1
legacy_r1,22.3,15.7152053677,10.0061227065,0,0,4.03361740501,3.53488718757,0,0,1
legacy_r1,22.325,15.7152053677,10.0061227065,0,0,4.03361740501,3.53488718757,0,0,1
legacy_r1,22.35,15.7152053677,10.0061227065,0,0,4.03361740501,3.53488718757,0,0,1
legacy_r1,22.375,15.7152053677,10.0061227065,0,0,4.03361740501,3.53488718757,0,0,1
legacy_r1,22.4,15.7152053677,10.0061227065,0,0,4.03361740501,3.53488718757,0,0,1
legacy_r1,22.425,15.7152053677,10.0061227065,0,0,4.03361740501,3.53488718757,0,0,1
legacy_r1,22.45,15.7152053677,10.0061227065,0,0,4.03361740501,3.53488718757,0,0,1
legacy_r1,22.475,15.7152053677,10.0061227065,0,0,4.03361740501,3.53488718757,0,0,1
legacy_r1,22.5,15.7152053677,10.0061227065,0,0,4.03361740501,3.53488718757,0,0,1
legacy_r1,22.525,15.7152053677,10.0061227065,0,0,4.03361740501,3.53488718757,0,0,1
legacy_r1,22.55,15.7152053677,10.0061227065,0,0,4.03361740501,3.53488718757,0,0,1
legacy_r1,22.575,15.7152053677,10.0061227065,0,0,4.03361740501,3.53488718757,0,0,1
legacy_r1,22.6,15.7152053677,10.0061227065,0,0,4.03361740501,3.53488718757,0,0,1
legacy_r1,22.625,15.7152053677,10.0061227065,0,0,4.03361740501,3.53488718757,0,0,1
legacy_r1,22.65,15.7152053677,10.0061227065,0,0,4.03361740501,3.53488718757,0,0,1
legacy_r1,22.675,15.7152053677,10.0061227065,0,0,4.03361740501,3.53488718757,0,0,1
legacy_r1,22.7,15.7152053677,10.0061227065,0,0,4.03361740501,3.53488718757,0,0,1
legacy_r1,22.725,15.7152053677,10.0061227065,0,0,4.03361740501,3.53488718757,0,0,1
legacy_r1,22.75,15.7152053677,10.0061227065,0,0,4.03361740501,3.53488718757,0,0,1
legacy_r1,22.775,15.7152053677,10.0061227065,0,0,4.03361740501,3.53488718757,0,0,1
legacy_r1,22.8,15.7152053677,10.0061227065,0,0,4.03361740501,3.53488718757,0,0,1
legacy_r1,22.825,15.7152053677,10.0061227065,0,0,4.03361740501,3.53488718757,0,0,1
legacy_r1,22.85,15.7152053677,10.0061227065,0,0,4.03361740501,3.53488718757,0,0,1
legacy_r1,22.875,15.7152053677,10.0061227065,0,0,4.03361740501,3.53488718757,0,0,1
legacy_r1,22.9,15.7152053677,10.0061227065,0,0,4.03361740501,3.53488718757,0,0,1
legacy_r1,22.925,15.7152053677,10.0061227065,0,0,4.03361740501,3.53488718757,0,0,1
legacy_r1,22.95,15.7152053677,10.0061227065,0,0,4.03361740501,3.53488718757,0,0,1
legacy_r1,22.975,15.7152053677,10.0061227065,0,0,4.03361740501,3.53488718757,0,0,1
legacy_r1,23,15.7152053677,10.0061227065,0,0,4.03361740501,3.53488718757,0,0,1
legacy_r1,23.025,15.7152053677,10.0061227065,0,0,4.03361740501,3.53488718757,0,0,1
legacy_r1,23.05,15.7152053677,10.0061227065,0,0,4.03361740501,3.53488718757,0,0,1
legacy_r1,23.075,15.7152053677,10.0061227065,0,0,4.03361740501,3.53488718757,0,0,1
legacy_r1,23.1,15.7152053677,10.0061227065,0,0,4.03361740501,3.53488718757,0,0,1
legacy_r1,23.125,15.7152053677,10.0061227065,0,0,4.03361740501,3.53488718757,0,0,1
legacy_r1,23.15,15.7152053677,10.0061227065,0,0,4.03361740501,3.53488718757,0,0,1
legacy_r1,23.175,15.7152053677,10.0061227065,0,0,4.03361740501,3.53488718757,0,0,1
legacy_r1,23.2,15.7152053677,10.0061227065,0,0,4.03361740501,3.53488718757,0,0,1
legacy_r1,23.225,15.7152053677,10.0061227065,0,0,4.03361740501,3.53488718757,0,0,1
legacy_r1,23.25,15.7152053677,10.0061227065,0,0,4.03361740501,3.53488718757,0,0,1
legacy_r1,23.275,15.7152053677,10.0061227065,0,0,4.03361740501,3.53488718757,0,0,1
legacy_r1,23.3,15.7152053677,10.0061227065,0,0,4.03361740501,3.53488718757,0,0,1
legacy_r1,23.325,15.7152053677,10.0061227065,0,0,4.03361740501,3.53488718757,0,0,1
legacy_r1,23.35,15.7152053677,10.0061227065,0,0,4.03361740501,3.53488718757,0,0,1
legacy_r1,23.375,15.7152053677,10.0061227065,0,0,4.03361740501,3.53488718757,0,0,1
legacy_r1,23.4,15.7152053677,10.0061227065,0,0,4.03361740501,3.53488718757,0,0,1
legacy_r1,23.425,15.7152053677,10.0061227065,0,0,4.03361740501,3.53488718757,0,0,1
legacy_r1,23.45,15.7152053677,10.0061227065,0,0,4.03361740501,3.53488718757,0,0,1
legacy_r1,23.475,15.7152053677,10.0061227065,0,0,4.03361740501,3.53488718757,0,0,1
legacy_r1,23.5,15.7152053677,10.0061227065,0,0,4.03361740501,3.53488718757,0,0,1
legacy_r1,23.525,15.7152053677,10.0061227065,0,0,4.03361740501,3.53488718757,0,0,1
legacy_r1,23.55,15.7152053677,10.0061227065,0,0,4.03361740501,3.53488718757,0,0,1
legacy_r1,23.575,15.7152053677,10.0061227065,0,0,4.03361740501,3.53488718757,0,0,1
legacy_r1,23.6,15.7152053677,10.0061227065,0,0,4.03361740501,3.53488718757,0,0,1
legacy_r1,23.625,15.7152053677,10.0061227065,0,0,4.03361740501,3.53488718757,0,0,1
legacy_r1,23.65,15.7152053677,10.0061227065,0,0,4.03361740501,3.53488718757,0,0,1
legacy_r1,23.675,15.7152053677,10.0061227065,0,0,4.03361740501,3.53488718757,0,0,1
legacy_r1,23.7,15.7152053677,10.0061227065,0,0,4.03361740501,3.53488718757,0,0,1
legacy_r1,23.725,15.7152053677,10.0061227065,0,0,4.03361740501,3.53488718757,0,0,1
legacy_r1,23.75,15.7152053677,10.0061227065,0,0,4.03361740501,3.53488718757,0,0,1
legacy_r1,23.775,15.7152053677,10.0061227065,0,0,4.03361740501,3.53488718757,0,0,1
legacy_r1,23.8,15.7152053677,10.0061227065,0,0,4.03361740501,3.53488718757,0,0,1
legacy_r1,23.825,15.7152053677,10.0061227065,0,0,4.03361740501,3.53488718757,0,0,1
legacy_r1,23.85,15.7152053677,10.0061227065,0,0,4.03361740501,3.53488718757,0,0,1
legacy_r1,23.875,15.7152053677,10.0061227065,0,0,4.03361740501,3.53488718757,0,0,1
legacy_r1,23.9,15.7152053677,10.0061227065,0,0,4.03361740501,3.53488718757,0,0,1
legacy_r1,23.925,15.7152053677,10.0061227065,0,0,4.03361740501,3.53488718757,0,0,1
legacy_r1,23.95,15.7152053677,10.0061227065,0,0,4.03361740501,3.53488718757,0,0,1
legacy_r1,23.975,15.7152053677,10.0061227065,0,0,4.03361740501,3.53488718757,0,0,1
legacy_r1,24,15.7152053677,10.0061227065,0,0,4.03361740501,3.53488718757,0,0,1
legacy_r1,24.025,15.7152053677,10.0061227065,0,0,4.03361740501,3.53488718757,0,0,1
legacy_r1,24.05,15.7152053677,10.0061227065,0,0,4.03361740501,3.53488718757,0,0,1
legacy_r1,24.075,15.7152053677,10.0061227065,0,0,4.03361740501,3.53488718757,0,0,1
legacy_r1,24.1,15.7152053677,10.0061227065,0,0,4.03361740501,3.53488718757,0,0,1
legacy_r1,24.125,15.7152053677,10.0061227065,0,0,4.03361740501,3.53488718757,0,0,1
legacy_r1,24.15,15.7152053677,10.0061227065,0,0,4.03361740501,3.53488718757,0,0,1
legacy_r1,24.175,15.7152053677,10.0061227065,0,0,4.03361740501,3.53488718757,0,0,1
legacy_r1,24.2,15.7152053677,10.0061227065,0,0,4.03361740501,3.53488718757,0,0,1
legacy_r1,24.225,15.7152053677,10.0061227065,0,0,4.03361740501,3.53488718757,0,0,1
legacy_r1,24.25,15.7152053677,10.0061227065,0,0,4.03361740501,3.53488718757,0,0,1
legacy_r1,24.275,15.7152053677,10.0061227065,0,0,4.03361740501,3.53488718757,0,0,1
legacy_r1,24.3,15.7152053677,10.0061227065,0,0,4.03361740501,3.53488718757,0,0,1
legacy_r1,24.325,15.7152053677,10.0061227065,0,0,4.03361740501,3.53488718757,0,0,1
legacy_r1,24.35,15.7152053677,10.0061227065,0,0,4.03361740501,3.53488718757,0,0,1
legacy_r1,24.375,15.7152053677,10.0061227065,0,0,4.03361740501,3.53488718757,0,0,1
legacy_r1,24.4,15.7152053677,10.0061227065,0,0,4.03361740501,3.53488718757,0,0,1
legacy_r1,24.425,15.7152053677,10.0061227065,0,0,4.03361740501,3.53488718757,0,0,1
legacy_r1,24.45,15.7152053677,10.0061227065,0,0,4.03361740501,3.53488718757,0,0,1
legacy_r1,24.475,15.7152053677,10.0061227065,0,0,4.03361740501,3.53488718757,0,0,1
legacy_r1,24.5,15.7152053677,10.0061227065,0,0,4.03361740501,3.53488718757,0,0,1
legacy_r1,24.525,15.7152053677,10.0061227065,0,0,4.03361740501,3.53488718757,0,0,1
legacy_r1,24.55,15.7152053677,10.0061227065,0,0,4.03361740501,3.53488718757,0,0,1
legacy_r1,24.575,15.7152053677,10.0061227065,0,0,4.03361740501,3.53488718757,0,0,1
legacy_r1,24.6,15.7152053677,10.0061227065,0,0,4.03361740501,3.53488718757,0,0,1
legacy_r1,24.625,15.7152053677,10.0061227065,0,0,4.03361740501,3.53488718757,0,0,1
legacy_r1,24.65,15.7152053677,10.0061227065,0,0,4.03361740501,3.53488718757,0,0,1
legacy_r1,24.675,15.7152053677,10.0061227065,0,0,4.03361740501,3.53488718757,0,0,1
legacy_r1,24.7,15.7152053677,10.0061227065,0,0,4.03361740501,3.53488718757,0,0,1
legacy_r1,24.725,15.7152053677,10.0061227065,0,0,4.03361740501,3.53488718757,0,0,1
legacy_r1,24.75,15.7152053677,10.0061227065,0,0,4.03361740501,3.53488718757,0,0,1
legacy_r1,24.775,15.7152053677,10.0061227065,0,0,4.03361740501,3.53488718757,0,0,1
legacy_r1,24.8,15.7152053677,10.0061227065,0,0,4.03361740501,3.53488718757,0,0,1
legacy_r1,24.825,15.7152053677,10.0061227065,0,0,4.03361740501,3.53488718757,0,0,1
legacy_r1,24.85,15.7152053677,10.0061227065,0,0,4.03361740501,3.53488718757,0,0,1
legacy_r1,24.875,15.7152053677,10.0061227065,0,0,4.03361740501,3.53488718757,0,0,1
legacy_r1,24.9,15.7152053677,10.0061227065,0,0,4.03361740501,3.53488718757,0,0,1
legacy_r1,24.925,15.7152053677,10.0061227065,0,0,4.03361740501,3.53488718757,0,0,1
legacy_r1,24.95,15.7152053677,10.0061227065,0,0,4.03361740501,3.53488718757,0,0,1
legacy_r1,24.975,15.7152053677,10.0061227065,0,0,4.03361740501,3.53488718757,0,0,1
legacy_r1,25,15.7152053677,10.0061227065,0,0,4.03361740501,3.53488718757,0,0,1
legacy_r1,25.025,15.7152053677,10.0061227065,0,0,4.03361740501,3.53488718757,0,0,1
legacy_r1,25.05,15.7152053677,10.0061227065,0,0,4.03361740501,3.53488718757,0,0,1
legacy_r1,25.075,15.7152053677,10.0061227065,0,0,4.03361740501,3.53488718757,0,0,1
legacy_r1,25.1,15.7152053677,10.0061227065,0,0,4.03361740501,3.53488718757,0,0,1
legacy_r1,25.125,15.7152053677,10.0061227065,0,0,4.03361740501,3.53488718757,0,0,1
legacy_r1,25.15,15.7152053677,10.0061227065,0,0,4.03361740501,3.53488718757,0,0,1
legacy_r1,25.175,15.7152053677,10.0061227065,0,0,4.03361740501,3.53488718757,0,0,1
legacy_r1,25.2,15.7152053677,10.0061227065,0,0,4.03361740501,3.53488718757,0,0,1
legacy_r1,25.225,15.7152053677,10.0061227065,0,0,4.03361740501,3.53488718757,0,0,1
legacy_r1,25.25,15.7152053677,10.0061227065,0,0,4.03361740501,3.53488718757,0,0,1
legacy_r1,25.275,15.7152053677,10.0061227065,0,0,4.03361740501,3.53488718757,0,0,1
legacy_r1,25.3,15.7152053677,10.0061227065,0,0,4.03361740501,3.53488718757,0,0,1
legacy_r1,25.325,15.7152053677,10.0061227065,0,0,4.03361740501,3.53488718757,0,0,1
legacy_r1,25.35,15.7152053677,10.0061227065,0,0,4.03361740501,3.53488718757,0,0,1
legacy_r1,25.375,15.7152053677,10.0061227065,0,0,4.03361740501,3.53488718757,0,0,1
legacy_r1,25.4,15.7152053677,10.0061227065,0,0,4.03361740501,3.53488718757,0,0,1
legacy_r1,25.425,15.7152053677,10.0061227065,0,0,4.03361740501,3.53488718757,0,0,1
legacy_r1,25.45,15.7152053677,10.0061227065,0,0,4.03361740501,3.53488718757,0,0,1
legacy_r1,25.475,15.7152053677,10.0061227065,0,0,4.03361740501,3.53488718757,0,0,1
legacy_r1,25.5,15.7152053677,10.0061227065,0,0,4.03361740501,3.53488718757,0,0,1
legacy_r1,25.525,15.7152053677,10.0061227065,0,0,4.03361740501,3.53488718757,0,0,1
legacy_r1,25.55,15.7152053677,10.0061227065,0,0,4.03361740501,3.53488718757,0,0,1
legacy_r1,25.575,15.7152053677,10.0061227065,0,0,4.03361740501,3.53488718757,0,0,1
legacy_r1,25.6,15.7152053677,10.0061227065,0,0,4.03361740501,3.53488718757,0,0,1
legacy_r1,25.625,15.7152053677,10.0061227065,0,0,4.03361740501,3.53488718757,0,0,1
legacy_r1,25.65,15.7152053677,10.0061227065,0,0,4.03361740501,3.53488718757,0,0,1
legacy_r1,25.675,15.7152053677,10.0061227065,0,0,4.03361740501,3.53488718757,0,0,1
legacy_r1,25.7,15.7152053677,10.0061227065,0,0,4.03361740501,3.53488718757,0,0,1
legacy_r1,25.725,15.7152053677,10.0061227065,0,0,4.03361740501,3.53488718757,0,0,1
legacy_r1,25.75,15.7152053677,10.0061227065,0,0,4.03361740501,3.53488718757,0,0,1
legacy_r1,25.775,15.7152053677,10.0061227065,0,0,4.03361740501,3.53488718757,0,0,1
legacy_r1,25.8,15.7152053677,10.0061227065,0,0,4.03361740501,3.53488718757,0,0,1
legacy_r1,25.825,15.7152053677,10.0061227065,0,0,4.03361740501,3.53488718757,0,0,1
legacy_r1,25.85,15.7152053677,10.0061227065,0,0,4.03361740501,3.53488718757,0,0,1
legacy_r1,25.875,15.7152053677,10.0061227065,0,0,4.03361740501,3.53488718757,0,0,1
legacy_r1,25.9,15.7152053677,10.0061227065,0,0,4.03361740501,3.53488718757,0,0,1
legacy_r1,25.925,15.7152053677,10.0061227065,0,0,4.03361740501,3.53488718757,0,0,1
legacy_r1,25.95,15.7152053677,10.0061227065,0,0,4.03361740501,3.53488718757,0,0,1
legacy_r1,25.975,15.7152053677,10.0061227065,0,0,4.03361740501,3.53488718757,0,0,1
legacy_r1,26,15.7152053677,10.0061227065,0,0,4.03361740501,3.53488718757,0,0,1
legacy_r1,26.025,15.7152053677,10.0061227065,0,0,4.03361740501,3.53488718757,0,0,1
legacy_r1,26.05,15.7152053677,10.0061227065,0,0,4.03361740501,3.53488718757,0,0,1
legacy_r1,26.075,15.7152053677,10.0061227065,0,0,4.03361740501,3.53488718757,0,0,1
legacy_r1,26.1,15.7152053677,10.0061227065,0,0,4.03361740501,3.53488718757,0,0,1
legacy_r1,26.125,15.7152053677,10.0061227065,0,0,4.03361740501,3.53488718757,0,0,1
legacy_r1,26.15,15.7152053677,10.0061227065,0,0,4.03361740501,3.53488718757,0,0,1
legacy_r1,26.175,15.7152053677,10.0061227065,0,0,4.03361740501,3.53488718757,0,0,1
legacy_r1,26.2,15.7152053677,10.0061227065,0,0,4.03361740501,3.53488718757,0,0,1
legacy_r1,26.225,15.7152053677,10.0061227065,0,0,4.03361740501,3.53488718757,0,0,1
legacy_r1,26.25,15.7152053677,10.0061227065,0,0,4.03361740501,3.53488718757,0,0,1
legacy_r1,26.275,15.7152053677,10.0061227065,0,0,4.03361740501,3.53488718757,0,0,1
legacy_r1,26.3,15.7152053677,10.0061227065,0,0,4.03361740501,3.53488718757,0,0,1
legacy_r1,26.325,15.7152053677,10.0061227065,0,0,4.03361740501,3.53488718757,0,0,1
legacy_r1,26.35,15.7152053677,10.0061227065,0,0,4.03361740501,3.53488718757,0,0,1
legacy_r1,26.375,15.7152053677,10.0061227065,0,0,4.03361740501,3.53488718757,0,0,1
legacy_r1,26.4,15.7152053677,10.0061227065,0,0,4.03361740501,3.53488718757,0,0,1
legacy_r1,26.425,15.7152053677,10.0061227065,0,0,4.03361740501,3.53488718757,0,0,1
legacy_r1,26.45,15.7152053677,10.0061227065,0,0,4.03361740501,3.53488718757,0,0,1
legacy_r1,26.475,15.7152053677,10.0061227065,0,0,4.03361740501,3.53488718757,0,0,1
legacy_r1,26.5,15.7152053677,10.0061227065,0,0,4.03361740501,3.53488718757,0,0,1
legacy_r1,26.525,15.7152053677,10.0061227065,0,0,4.03361740501,3.53488718757,0,0,1
legacy_r1,26.55,15.7152053677,10.0061227065,0,0,4.03361740501,3.53488718757,0,0,1
legacy_r1,26.575,15.7152053677,10.0061227065,0,0,4.03361740501,3.53488718757,0,0,1
legacy_r1,26.6,15.7152053677,10.0061227065,0,0,4.03361740501,3.53488718757,0,0,1
legacy_r1,26.625,15.7152053677,10.0061227065,0,0,4.03361740501,3.53488718757,0,0,1
legacy_r1,26.65,15.7152053677,10.0061227065,0,0,4.03361740501,3.53488718757,0,0,1
legacy_r1,26.675,15.7152053677,10.0061227065,0,0,4.03361740501,3.53488718757,0,0,1
legacy_r1,26.7,15.7152053677,10.0061227065,0,0,4.03361740501,3.53488718757,0,0,1
legacy_r1,26.725,15.7152053677,10.0061227065,0,0,4.03361740501,3.53488718757,0,0,1
legacy_r1,26.75,15.7152053677,10.0061227065,0,0,4.03361740501,3.53488718757,0,0,1
legacy_r1,26.775,15.7152053677,10.0061227065,0,0,4.03361740501,3.53488718757,0,0,1
legacy_r1,26.8,15.7152053677,10.0061227065,0,0,4.03361740501,3.53488718757,0,0,1
legacy_r1,26.825,15.7152053677,10.0061227065,0,0,4.03361740501,3.53488718757,0,0,1
legacy_r1,26.85,15.7152053677,10.0061227065,0,0,4.03361740501,3.53488718757,0,0,1
legacy_r1,26.875,15.7152053677,10.0061227065,0,0,4.03361740501,3.53488718757,0,0,1
legacy_r1,26.9,15.7152053677,10.0061227065,0,0,4.03361740501,3.53488718757,0,0,1
legacy_r1,26.925,15.7152053677,10.0061227065,0,0,4.03361740501,3.53488718757,0,0,1
legacy_r1,26.95,15.7152053677,10.0061227065,0,0,4.03361740501,3.53488718757,0,0,1
legacy_r1,26.975,15.7152053677,10.0061227065,0,0,4.03361740501,3.53488718757,0,0,1
legacy_r1,27,15.7152053677,10.0061227065,0,0,4.03361740501,3.53488718757,0,0,1
legacy_r1,27.025,15.7152053677,10.0061227065,0,0,4.03361740501,3.53488718757,0,0,1
legacy_r1,27.05,15.7152053677,10.0061227065,0,0,4.03361740501,3.53488718757,0,0,1
legacy_r1,27.075,15.7152053677,10.0061227065,0,0,4.03361740501,3.53488718757,0,0,1
legacy_r1,27.1,15.7152053677,10.0061227065,0,0,4.03361740501,3.53488718757,0,0,1
legacy_r1,27.125,15.7152053677,10.0061227065,0,0,4.03361740501,3.53488718757,0,0,1
legacy_r1,27.15,15.7152053677,10.0061227065,0,0,4.03361740501,3.53488718757,0,0,1
legacy_r1,27.175,15.7152053677,10.0061227065,0,0,4.03361740501,3.53488718757,0,0,1
legacy_r1,27.2,15.7152053677,10.0061227065,0,0,4.03361740501,3.53488718757,0,0,1
legacy_r1,27.225,15.7152053677,10.0061227065,0,0,4.03361740501,3.53488718757,0,0,1
legacy_r1,27.25,15.7152053677,10.0061227065,0,0,4.03361740501,3.53488718757,0,0,1
legacy_r1,27.275,15.7152053677,10.0061227065,0,0,4.03361740501,3.53488718757,0,0,1
legacy_r1,27.3,15.7152053677,10.0061227065,0,0,4.03361740501,3.53488718757,0,0,1
legacy_r1,27.325,15.7152053677,10.0061227065,0,0,4.03361740501,3.53488718757,0,0,1
legacy_r1,27.35,15.7152053677,10.0061227065,0,0,4.03361740501,3.53488718757,0,0,1
legacy_r1,27.375,15.7152053677,10.0061227065,0,0,4.03361740501,3.53488718757,0,0,1
legacy_r1,27.4,15.7152053677,10.0061227065,0,0,4.03361740501,3.53488718757,0,0,1
legacy_r1,27.425,15.7152053677,10.0061227065,0,0,4.03361740501,3.53488718757,0,0,1
legacy_r1,27.45,15.7152053677,10.0061227065,0,0,4.03361740501,3.53488718757,0,0,1
legacy_r1,27.475,15.7152053677,10.0061227065,0,0,4.03361740501,3.53488718757,0,0,1
legacy_r1,27.5,15.7152053677,10.0061227065,0,0,4.03361740501,3.53488718757,0,0,1
legacy_r1,27.525,15.7152053677,10.0061227065,0,0,4.03361740501,3.53488718757,0,0,1
legacy_r1,27.55,15.7152053677,10.0061227065,0,0,4.03361740501,3.53488718757,0,0,1
legacy_r1,27.575,15.7152053677,10.0061227065,0,0,4.03361740501,3.53488718757,0,0,1
legacy_r1,27.6,15.7152053677,10.0061227065,0,0,4.03361740501,3.53488718757,0,0,1
legacy_r1,27.625,15.7152053677,10.0061227065,0,0,4.03361740501,3.53488718757,0,0,1
legacy_r1,27.65,15.7152053677,10.0061227065,0,0,4.03361740501,3.53488718757,0,0,1
legacy_r1,27.675,15.7152053677,10.0061227065,0,0,4.03361740501,3.53488718757,0,0,1
legacy_r1,27.7,15.7152053677,10.0061227065,0,0,4.03361740501,3.53488718757,0,0,1
legacy_r1,27.725,15.7152053677,10.0061227065,0,0,4.03361740501,3.53488718757,0,0,1
legacy_r1,27.75,15.7152053677,10.0061227065,0,0,4.03361740501,3.53488718757,0,0,1
legacy_r1,27.775,15.7152053677,10.0061227065,0,0,4.03361740501,3.53488718757,0,0,1
legacy_r1,27.8,15.7152053677,10.0061227065,0,0,4.03361740501,3.53488718757,0,0,1
legacy_r1,27.825,15.7152053677,10.0061227065,0,0,4.03361740501,3.53488718757,0,0,1
legacy_r1,27.85,15.7152053677,10.0061227065,0,0,4.03361740501,3.53488718757,0,0,1
legacy_r1,27.875,15.7152053677,10.0061227065,0,0,4.03361740501,3.53488718757,0,0,1
legacy_r1,27.9,15.7152053677,10.0061227065,0,0,4.03361740501,3.53488718757,0,0,1
legacy_r1,27.925,15.7152053677,10.0061227065,0,0,4.03361740501,3.53488718757,0,0,1
legacy_r1,27.95,15.7152053677,10.0061227065,0,0,4.03361740501,3.53488718757,0,0,1
legacy_r1,27.975,15.7152053677,10.0061227065,0,0,4.03361740501,3.53488718757,0,0,1
legacy_r1,28,15.7152053677,10.0061227065,0,0,4.03361740501,3.53488718757,0,0,1
legacy_r1,28.025,15.7152053677,10.0061227065,0,0,4.03361740501,3.53488718757,0,0,1
legacy_r1,28.05,15.7152053677,10.0061227065,0,0,4.03361740501,3.53488718757,0,0,1
legacy_r1,28.075,15.7152053677,10.0061227065,0,0,4.03361740501,3.53488718757,0,0,1
legacy_r1,28.1,15.7152053677,10.0061227065,0,0,4.03361740501,3.53488718757,0,0,1
legacy_r1,28.125,15.7152053677,10.0061227065,0,0,4.03361740501,3.53488718757,0,0,1
legacy_r1,28.15,15.7152053677,10.0061227065,0,0,4.03361740501,3.53488718757,0,0,1
legacy_r1,28.175,15.7152053677,10.0061227065,0,0,4.03361740501,3.53488718757,0,0,1
legacy_r1,28.2,15.7152053677,10.0061227065,0,0,4.03361740501,3.53488718757,0,0,1
legacy_r1,28.225,15.7152053677,10.0061227065,0,0,4.03361740501,3.53488718757,0,0,1
legacy_r1,28.25,15.7152053677,10.0061227065,0,0,4.03361740501,3.53488718757,0,0,1
legacy_r1,28.275,15.7152053677,10.0061227065,0,0,4.03361740501,3.53488718757,0,0,1
legacy_r1,28.3,15.7152053677,10.0061227065,0,0,4.03361740501,3.53488718757,0,0,1
legacy_r1,28.325,15.7152053677,10.0061227065,0,0,4.03361740501,3.53488718757,0,0,1
legacy_r1,28.35,15.7152053677,10.0061227065,0,0,4.03361740501,3.53488718757,0,0,1
legacy_r1,28.375,15.7152053677,10.0061227065,0,0,4.03361740501,3.53488718757,0,0,1
legacy_r1,28.4,15.7152053677,10.0061227065,0,0,4.03361740501,3.53488718757,0,0,1
legacy_r1,28.425,15.7152053677,10.0061227065,0,0,4.03361740501,3.53488718757,0,0,1
legacy_r1,28.45,15.7152053677,10.0061227065,0,0,4.03361740501,3.53488718757,0,0,1
legacy_r1,28.475,15.7152053677,10.0061227065,0,0,4.03361740501,3.53488718757,0,0,1
legacy_r1,28.5,15.7152053677,10.0061227065,0,0,4.03361740501,3.53488718757,0,0,1
legacy_r1,28.525,15.7152053677,10.0061227065,0,0,4.03361740501,3.53488718757,0,0,1
legacy_r1,28.55,15.7152053677,10.0061227065,0,0,4.03361740501,3.53488718757,0,0,1
legacy_r1,28.575,15.7152053677,10.0061227065,0,0,4.03361740501,3.53488718757,0,0,1
legacy_r1,28.6,15.7152053677,10.0061227065,0,0,4.03361740501,3.53488718757,0,0,1
legacy_r1,28.625,15.7152053677,10.0061227065,0,0,4.03361740501,3.53488718757,0,0,1
legacy_r1,28.65,15.7152053677,10.0061227065,0,0,4.03361740501,3.53488718757,0,0,1
legacy_r1,28.675,15.7152053677,10.0061227065,0,0,4.03361740501,3.53488718757,0,0,1
legacy_r1,28.7,15.7152053677,10.0061227065,0,0,4.03361740501,3.53488718757,0,0,1
legacy_r1,28.725,15.7152053677,10.0061227065,0,0,4.03361740501,3.53488718757,0,0,1
legacy_r1,28.75,15.7152053677,10.0061227065,0,0,4.03361740501,3.53488718757,0,0,1
legacy_r1,28.775,15.7152053677,10.0061227065,0,0,4.03361740501,3.53488718757,0,0,1
legacy_r1,28.8,15.7152053677,10.0061227065,0,0,4.03361740501,3.53488718757,0,0,1
legacy_r1,28.825,15.7152053677,10.0061227065,0,0,4.03361740501,3.53488718757,0,0,1
legacy_r1,28.85,15.7152053677,10.0061227065,0,0,4.03361740501,3.53488718757,0,0,1
legacy_r1,28.875,15.7152053677,10.0061227065,0,0,4.03361740501,3.53488718757,0,0,1
legacy_r1,28.9,15.7152053677,10.0061227065,0,0,4.03361740501,3.53488718757,0,0,1
legacy_r1,28.925,15.7152053677,10.0061227065,0,0,4.03361740501,3.53488718757,0,0,1
legacy_r1,28.95,15.7152053677,10.0061227065,0,0,4.03361740501,3.53488718757,0,0,1
legacy_r1,28.975,15.7152053677,10.0061227065,0,0,4.03361740501,3.53488718757,0,0,1
legacy_r1,29,15.7152053677,10.0061227065,0,0,4.03361740501,3.53488718757,0,0,1
legacy_r1,29.025,15.7152053677,10.0061227065,0,0,4.03361740501,3.53488718757,0,0,1
legacy_r1,29.05,15.7152053677,10.0061227065,0,0,4.03361740501,3.53488718757,0,0,1
legacy_r1,29.075,15.7152053677,10.0061227065,0,0,4.03361740501,3.53488718757,0,0,1
legacy_r1,29.1,15.7152053677,10.0061227065,0,0,4.03361740501,3.53488718757,0,0,1
legacy_r1,29.125,15.7152053677,10.0061227065,0,0,4.03361740501,3.53488718757,0,0,1
legacy_r1,29.15,15.7152053677,10.0061227065,0,0,4.03361740501,3.53488718757,0,0,1
legacy_r1,29.175,15.7152053677,10.0061227065,0,0,4.03361740501,3.53488718757,0,0,1
legacy_r1,29.2,15.7152053677,10.0061227065,0,0,4.03361740501,3.53488718757,0,0,1
legacy_r1,29.225,15.7152053677,10.0061227065,0,0,4.03361740501,3.53488718757,0,0,1
legacy_r1,29.25,15.7152053677,10.0061227065,0,0,4.03361740501,3.53488718757,0,0,1
legacy_r1,29.275,15.7152053677,10.0061227065,0,0,4.03361740501,3.53488718757,0,0,1
legacy_r1,29.3,15.7152053677,10.0061227065,0,0,4.03361740501,3.53488718757,0,0,1
legacy_r1,29.325,15.7152053677,10.0061227065,0,0,4.03361740501,3.53488718757,0,0,1
legacy_r1,29.35,15.7152053677,10.0061227065,0,0,4.03361740501,3.53488718757,0,0,1
legacy_r1,29.375,15.7152053677,10.0061227065,0,0,4.03361740501,3.53488718757,0,0,1
legacy_r1,29.4,15.7152053677,10.0061227065,0,0,4.03361740501,3.53488718757,0,0,1
legacy_r1,29.425,15.7152053677,10.0061227065,0,0,4.03361740501,3.53488718757,0,0,1
legacy_r1,29.45,15.7152053677,10.0061227065,0,0,4.03361740501,3.53488718757,0,0,1
legacy_r1,29.475,15.7152053677,10.0061227065,0,0,4.03361740501,3.53488718757,0,0,1
legacy_r1,29.5,15.7152053677,10.0061227065,0,0,4.03361740501,3.53488718757,0,0,1
legacy_r1,29.525,15.7152053677,10.0061227065,0,0,4.03361740501,3.53488718757,0,0,1
legacy_r1,29.55,15.7152053677,10.0061227065,0,0,4.03361740501,3.53488718757,0,0,1
legacy_r1,29.575,15.7152053677,10.0061227065,0,0,4.03361740501,3.53488718757,0,0,1
legacy_r1,29.6,15.7152053677,10.0061227065,0,0,4.03361740501,3.53488718757,0,0,1
legacy_r1,29.625,15.7152053677,10.0061227065,0,0,4.03361740501,3.53488718757,0,0,1
legacy_r1,29.65,15.7152053677,10.0061227065,0,0,4.03361740501,3.53488718757,0,0,1
legacy_r1,29.675,15.7152053677,10.0061227065,0,0,4.03361740501,3.53488718757,0,0,1
legacy_r1,29.7,15.7152053677,10.0061227065,0,0,4.03361740501,3.53488718757,0,0,1
legacy_r1,29.725,15.7152053677,10.0061227065,0,0,4.03361740501,3.53488718757,0,0,1
legacy_r1,29.75,15.7152053677,10.0061227065,0,0,4.03361740501,3.53488718757,0,0,1
legacy_r1,29.775,15.7152053677,10.0061227065,0,0,4.03361740501,3.53488718757,0,0,1
legacy_r1,29.8,15.7152053677,10.0061227065,0,0,4.03361740501,3.53488718757,0,0,1
legacy_r1,29.825,15.7152053677,10.0061227065,0,0,4.03361740501,3.53488718757,0,0,1
legacy_r1,29.85,15.7152053677,10.0061227065,0,0,4.03361740501,3.53488718757,0,0,1
legacy_r1,29.875,15.7152053677,10.0061227065,0,0,4.03361740501,3.53488718757,0,0,1
legacy_r1,29.9,15.7152053677,10.0061227065,0,0,4.03361740501,3.53488718757,0,0,1
legacy_r1,29.925,15.7152053677,10.0061227065,0,0,4.03361740501,3.53488718757,0,0,1
legacy_r1,29.95,15.7152053677,10.0061227065,0,0,4.03361740501,3.53488718757,0,0,1
legacy_r1,29.975,15.7152053677,10.0061227065,0,0,4.03361740501,3.53488718757,0,0,1
legacy_r1,30,15.7152053677,10.0061227065,0,0,4.03361740501,3.53488718757,0,0,1
legacy_r2,0,10,10,0,0,0.530624847487,1.25,0,0,0
legacy_r2,0.025,10.0024917537,9.9999938153,0.0996701494244,-0.000247387931695,0.528676192742,1.24801087089,0,0,0
legacy_r2,0.05,10.0072265908,9.99995661484,0.189393484181,-0.0014880183641,0.524962598497,1.24424954787,0,0,0
legacy_r2,0.075,10.0139712637,9.99986894936,0.269786915648,-0.00350661937362,0.519662555522,1.23891972965,0,0,0
legacy_r2,0.1,10.0225142903,9.99971118556,0.341721060984,-0.0063105519325,0.512939544501,1.23220947493,0,0,0
legacy_r2,0.125,10.0326656535,9.99946630839,0.406054529268,-0.00979508689207,0.504943072888,1.22428926413,0,0,0
legacy_r2,0.15,10.0442559912,9.99912143166,0.463613508147,-0.0137950690266,0.495809645538,1.21531136384,0,0,0
legacy_r2,0.175,10.0571351802,9.99866822616,0.515167560881,-0.0181282202214,0.485663790787,1.20541041293,0,0,0
legacy_r2,0.2,10.0711705221,9.99810265811,0.561413676248,-0.0226227219834,0.474619145635,1.19470480868,0,0,0
legacy_r2,0.225,10.086244781,9.99742437874,0.602970354269,-0.0271311746178,0.462779551322,1.18329847359,0,0,0
legacy_r2,0.25,10.1022542636,9.99663599474,0.640379304756,-0.0315353601511,0.450240107372,1.17128270176,0,0,0
legacy_r2,0.275,10.1191070542,9.99574235207,0.674111625986,-0.0357457068514,0.437088148687,1.15873790747,0,0,0
legacy_r2,0.3,10.1367214533,9.99474989822,0.704575962749,-0.039698153811,0.423404128973,1.14573519064,0,0,0
legacy_r2,0.325,10.1550246289,9.9936661469,0.732127023337,-0.0433500529086,0.409262407957,1.1323376924,0,0,0
legacy_r2,0.35,10.1739514679,9.99249924682,0.75707356119,-0.0466760031256,0.39473194834,1.11860174589,0,0,0
legacy_r2,0.375,10.1934436034,9.99125764555,0.77968541919,-0.0496640509433,0.379876932467,1.10457784314,0,0,0
legacy_r2,0.4,10.2134485916,9.98994983489,0.800199528761,-0.0523124263995,0.364757309756,1.09031144379,0,0,0
legacy_r2,0.425,10.2339192144,9.98858416379,0.818824911858,-0.0546268439951,0.349429285314,1.07584365184,0,0,0
legacy_r2,0.45,10.2548128845,9.98716870554,0.835746803817,-0.056618329737,0.333945758822,1.06121178344,0,0,0
legacy_r2,0.475,10.2760911354,9.98571116785,0.851130035712,-0.0583015078747,0.318356721096,1.04644984612,0,0,0
legacy_r2,0.5,10.2977191807,9.98421883599,0.865121810267,-0.0596932742123,0.302709614246,1.03158894562,0,0,0
legacy_r2,0.525,10.3196655304,9.98269854133,0.87785398945,-0.0608117864283,0.287049659911,1.01665763387,0,0,0
legacy_r2,0.55,10.3419016552,9.98115664859,0.889444992545,-0.0616757097273,0.271420158915,1.00168220874,0,0,0
legacy_r2,0.575,10.3644016898,9.97959905695,0.900001384643,-0.0623036653046,0.255862764741,0.986686974061,0,0,0
legacy_r2,0.6,10.3871421703,9.978031211,0.909619218916,-0.0627138380303,0.240417732431,0.971694466603,0,0,0
legacy_r2,0.625,10.4101017999,9.97645811831,0.918385182191,-0.0629237077806,0.2251241439,0.956725655443,0,0,0
legacy_r2,0.65,10.4332612394,9.97488437142,0.926377582287,-0.0629498757558,0.210020110107,0.941800117877,0,0,0
legacy_r2,0.675,10.4566029196,9.97331417234,0.933667206828,-0.0628079629032,0.195142950112,0.926936195348,0,0,0
legacy_r2,0.7,10.4801108715,9.97175135828,0.940318076546,-0.0625125623298,0.180529346633,0.912151132119,0,0,0
legacy_r2,0.725,10.5037705743,9.9701994275,0.946388110919,-0.0620772314524,0.166215477426,0.897461198921,0,0,0
legacy_r2,0.75,10.5275688173,9.96866156468,0.951929720112,-0.0615145127499,0.152237121506,0.88288180343,0,0,0
legacy_r2,0.775,10.5514935756,9.96714066532,0.956990334199,-0.0608359744728,0.138629739027,0.868427589067,0,0,0
legacy_r2,0.8,10.5755338976,9.9656393587,0.961612878408,-0.0600522646441,0.125428523459,0.854112523412,0,0,0
legacy_r2,0.825,10.5996798026,9.96416002937,0.965836201454,-0.0591731732541,0.112668424663,0.839949977287,0,0,0
legacy_r2,0.85,10.6239221892,9.9627048369,0.969695462674,-0.0582076987838,0.100384141439,0.825952795414,0,0,0
legacy_r2,0.875,10.6482527513,9.961275734,0.973222482742,-0.0571641161625,0.0886100823178,0.812133359435,0,0,0
legacy_r2,0.9,10.6726639028,9.9598744829,0.976446061911,-0.0560500440215,0.0773802936248,0.798503643948,0,0,0
legacy_r2,0.925,10.6971487095,9.95850267015,0.979392269155,-0.054872509696,0.0667283543277,0.785075266135,0,0,0
legacy_r2,0.95,10.7217008272,9.95716171988,0.982084705092,-0.0536380108843,0.0566872378145,0.771859529498,0,0,0
legacy_r2,0.975,10.7463144457,9.95585290555,0.984544741187,-0.0523525732297,0.0472891415861,0.758867462122,0,0,0
legacy_r2,1,10.7709842391,9.95457736047,0.986791737402,-0.0510218033573,0.0385652868689,0.746109849853,0,0,0
legacy_r2,1.025,10.7957053201,9.95333608704,0.988843240226,-0.0496509371131,0.0305456913307,0.733597264736,0,0,0
legacy_r2,1.05,10.8204731992,9.95212996497,0.990715162771,-0.0482448829052,0.0232589193815,0.721340088996,0,0,0
legacy_r2,1.075,10.8452837479,9.95095975846,0.992421948466,-0.0468082601719,0.016731815883,0.709348534838,0,0,0
legacy_r2,1.1,10.8701331659,9.94982612263,0.993976719705,-0.0453454330891,0.010989230398,0.697632660293,0,0,0
legacy_r2,1.125,10.8950179512,9.94872960914,0.995391412669,-0.043860539698,0.0060537402664,0.686202381326,0,0,0
legacy_r2,1.15,10.9199348737,9.94767067123,0.996676899445,-0.0423575166852,0.00194538169843,0.675067480401,0,0,0
legacy_r2,1.175,10.9448809512,9.94664966822,0.997843098458,-0.0408401200809,-0.00131860140562,0.664237611682,0,0,0
legacy_r2,1.2,10.969853428,9.94566686967,0.99889907412,-0.0393119421707,-0.00372398114124,0.653722303026,0,0,0
legacy_r2,1.225,10.9948356036,9.94472299376,0.999287024443,-0.0377550364748,-0.00525909980685,0.64353661919,0,0,0
legacy_r2,1.25,11.0198192242,9.94381817112,0.999344822166,-0.0361929055159,-0.00591783159719,0.633691627431,0,0,0
legacy_r2,1.275,11.0448042184,9.94295210783,0.999399767364,-0.0346425315588,-0.00569814422227,0.624194949466,0,0,0
legacy_r2,1.3,11.0697905157,9.94212449236,0.999451891891,-0.0331046189342,-0.0046011280968,0.615054171084,0,0,0
legacy_r2,1.325,11.0947780463,9.94133499117,0.999501225916,-0.0315800473725,-0.00263098324715,0.606276825328,0,0,0
legacy_r2,1.35,11.1197667413,9.94058324518,0.999547800125,-0.0300698397991,0.000205048880769,0.597870373983,0,0,0
legacy_r2,1.375,11.1447565325,9.93986886687,0.999591647528,-0.0285751323937,0.00389680584703,0.589842187489,0,0,0
legacy_r2,1.4,11.1697473526,9.9391914382,0.999632804903,-0.0270971467618,0.00843137200026,0.582199523372,0,0,0
legacy_r2,1.425,11.1947391355,9.9385505091,0.999671313891,-0.0256371641002,0.0137932870719,0.574949503343,0,0,0
legacy_r2,1.45,11.219731816,9.93794559656,0.999707221804,-0.0241965012741,0.0199647878085,0.568099089208,0,0,0
legacy_r2,1.475,11.2447253306,9.93737618435,0.999740582131,-0.0227764887467,0.0269260741344,0.561655057775,0,0,0
legacy_r2,1.5,11.269719617,9.93684172309,0.999771454814,-0.0213784503266,0.0346555911053,0.555623974947,0,0,0
legacy_r2,1.525,11.2947146146,9.93634163097,0.99979990628,-0.0200036847106,0.0431303181476,0.550012169232,0,0,0
legacy_r2,1.55,11.3197102648,9.93587529475,0.999826009287,-0.0186534488121,0.0523260577029,0.544825704896,0,0,0
legacy_r2,1.575,11.3447065109,9.93544207118,0.999849842596,-0.0173289428694,0.0622177163304,0.540070355027,0,0,0
legacy_r2,1.6,11.3697032982,9.93504128874,0.999871490496,-0.0160312973292,0.072779572448,0.535751574782,0,0,0
legacy_r2,1.625,11.3947005742,9.93467224971,0.999891042215,-0.014761561498,0.083985526124,0.531874475089,0,0,0
legacy_r2,1.65,11.419698289,9.93433423236,0.99990859124,-0.0135206939461,0.0958093275728,0.528443797109,0,0,0
legacy_r2,1.675,11.4446963949,9.93402649349,0.999924234562,-0.0123095546398,0.108224782187,0.525463887746,0,0,0
legacy_r2,1.7,11.4696948467,9.93374827102,0.999938071889,-0.0111288987662,0.121205931004,0.522938676497,0,0,0
legacy_r2,1.725,11.4946936018,9.93349878672,0.999950204825,-0.00997937220078,0.134727206414,0.520871653924,0,0,0
legacy_r2,1.75,11.5196926202,9.933277249,0.999960736062,-0.00886150855345,0.148763563674,0.519265852035,0,0,0
legacy_r2,1.775,11.5446918644,9.93308285581,0.999969768572,-0.00777572771645,0.163290589371,0.518123826801,0,0,0
legacy_r2,1.8,11.5696912995,9.93291479742,0.999977404845,-0.00672233582162,0.178284588382,0.517447643073,0,0,0
legacy_r2,1.825,11.5946908932,9.93277225925,0.999983746166,-0.00570152650376,0.193722651187,0.517238862067,0,0,0
legacy_r2,1.85,11.6196906155,9.93265442467,0.999988891947,-0.00471338335553,0.209582703523,0.517498531616,0,0,0
legacy_r2,1.875,11.644690439,9.93256047758,0.999992939131,-0.00375788345064,0.22584354043,0.518227179301,0,0,0
legacy_r2,1.9,11.6696903385,9.93248960504,0.999995981658,-0.00283490180567,0.242484846719,0.519424808571,0,0,0
legacy_r2,1.925,11.6946902912,9.93244099962,0.999998110009,-0.00194421664745,0.259487205804,0.521090897889,0,0,0
legacy_r2,1.95,11.7196902765,9.93241386174,0.999999410828,-0.00108551535093,0.27683209873,0.523224402926,0,0,0
legacy_r2,1.975,11.7446902757,9.93240740172,0.999999966614,-0.000258400914307,0.294501895062,0.525823761773,0,0,0
legacy_r2,2,11.7696902721,9.93242084174,0.999999855492,0.000537601158866,0.312479837147,0.528886903084,0,0,0
legacy_r2,2.025,11.7946902508,9.93245341764,0.999999151049,0.00130303569496,0.330750019108,0.532411257061,0,0,0
legacy_r2,2.05,11.8196901989,9.9325043804,0.999997922235,0.00203851052015,0.34929736172,0.536393769108,0,0,0
legacy_r2,2.075,11.8446901047,9.93257299763,0.999996233334,0.00274468907317,0.368107584221,0.540830916,0,0,0
legacy_r2,2.1,11.8696899583,9.9326585547,0.999994143972,0.00342228305922,0.387167173907,0.545718724336,0,0,0
legacy_r2,2.125,11.8946897511,9.93276035583,0.999991709189,0.00407204523265,0.40646335426,0.551052791062,0,0,0
legacy_r2,2.15,11.9196894756,9.93287772489,0.999988979542,0.00469476238471,0.425984052227,0.556828305805,0,0,0
legacy_r2,2.175,11.9446891256,9.93301000611,0.999986001246,0.00529124860157,0.445717865157,0.563040074757,0,0,0
legacy_r2,2.2,11.969688696,9.93315656458,0.999982816344,0.00586233884622,0.465654027808,0.569682545847,0,0,0
legacy_r2,2.225,11.9946881826,9.93331678665,0.999979462899,0.00640888290755,0.48578237976,0.576749834911,0,0,0
legacy_r2,2.25,12.0196875819,9.93349008015,0.999975975203,0.00693173974933,0.506093333495,0.584235752605,0,0,0
legacy_r2,2.275,12.0446868915,9.93367587445,0.999972383999,0.00743177228243,0.526577843348,0.592133831798,0,0,0
legacy_r2,2.3,12.0696861095,9.93387362052,0.999968716706,0.00790984257502,0.547227375472,0.600437355173,0,0,0
legacy_r2,2.325,12.0946852344,9.93408279071,0.999964997653,0.00836680750758,0.568033878941,0.609139382819,0,0,0
legacy_r2,2.35,12.1196842656,9.93430287858,0.999961248312,0.00880351487281,0.588989758046,0.618232779576,0,0,0
legacy_r2,2.375,12.1446832028,9.93453339857,0.999957487521,0.00922079991468,0.610087845839,0.627710241937,0,0,0
legacy_r2,2.4,12.1696820461,9.93477388563,0.99995373171,0.00961948229556,0.631321378957,0.637564324318,0,0,0
legacy_r2,2.425,12.194680796,9.93502389472,0.999949995115,0.0100003634767,0.6526839737,0.647787464542,0,0,0
legacy_r2,2.45,12.2196794532,9.93528300033,0.999946289983,0.0103642244934,0.674169603379,0.658372008383,0,0,0
legacy_r2,2.475,12.2446780189,9.93555079593,0.999942626766,0.0107118241044,0.695772576898,0.669310233073,0,0,0
legacy_r2,2.5,12.2696764942,9.93582689337,0.999939014307,0.0110438972919,0.717487518533,0.680594369654,0,0,0
legacy_r2,2.525,12.2946748807,9.93611092222,0.999935460006,0.0113611540889,0.739309348877,0.692216624117,0,0,0
legacy_r2,2.55,12.31967318,9.93640252919,0.999931969987,0.0116642787078,0.761233266905,0.704169197259,0,0,0
legacy_r2,2.575,12.3446713937,9.93670137741,0.999928549239,0.0119539289456,0.783254733107,0.716444303231,0,0,0
legacy_r2,2.6,12.3696695238,9.93700714581,0.999925201753,0.0122307358405,0.805369453643,0.729034186749,0,0,0
legacy_r2,2.625,12.394667572,9.93731952839,0.999921930647,0.0124953035531,0.827573365474,0.741931138969,0,0,0
legacy_r2,2.65,12.4196655405,9.93763823363,0.999918738276,0.0127482094505,0.849862622411,0.75512751203,0,0,0
legacy_r2,2.675,12.4446634312,9.93796298374,0.999915626334,0.0129900043663,0.872233582037,0.768615732284,0,0,0
legacy_r2,2.7,12.4696612461,9.93829351407,0.999912595943,0.0132212130173,0.894682793448,0.782388312255,0,0,0
legacy_r2,2.725,12.4946589872,9.93862957243,0.999909647739,0.0134423345522,0.917206985778,0.796437861349,0,0,0
legacy_r2,2.75,12.5196566568,9.93897091851,0.999906781938,0.0136538432135,0.939803057444,0.810757095372,0,0,0
legacy_r2,2.775,12.5446542568,9.93931732324,0.999903998404,0.0138561890938,0.962468066083,0.825338844915,0,0,0
legacy_r2,2.8,12.5696517892,9.93966856821,0.999901296703,0.0140497989672,0.985199219126,0.840176062643,0,0,0
legacy_r2,2.825,12.5946492561,9.94002444514,0.999898676156,0.0142350771816,1.00799386498,0.855261829565,0,0,0
legacy_r2,2.85,12.6196466595,9.94038475531,0.999896135874,0.0144124065942,1.03084948478,0.870589360339,0,0,0
legacy_r2,2.875,12.6446440013,9.94074930904,0.999893674805,0.0145821495392,1.05376368463,0.886152007675,0,0,0
legacy_r2,2.9,12.6696412836,9.94111792526,0.999891291757,0.0147446488134,1.07673418843,0.9019432659,0,0,0
legacy_r2,2.925,12.6946385083,9.94149043098,0.999888985431,0.0149002286698,1.09975883103,0.917956773753,0,0,0
legacy_r2,2.95,12.7196356771,9.94186666088,0.99988675444,0.015049195809,1.12283555194,0.934186316453,0,0,0
legacy_r2,2.975,12.7446327921,9.94224645689,0.999884597334,0.0151918403595,1.14596238937,0.950625827128,0,0,0
legacy_r2,3,12.7696298549,9.94262966781,0.99988251261,0.0153284368409,1.1691374747,0.967269387637,0,0,0
legacy_r2,3.025,12.7946268674,9.94301614893,0.99988049873,0.015459245102,1.19235902721,0.984111228855,0,0,0
legacy_r2,3.05,12.8196238312,9.94340576171,0.99987855413,0.0155845112298,1.21562534926,1.00114573047,0,0,0
legacy_r2,3.075,12.8446207481,9.94379837343,0.999876677231,0.0157044684245,1.23893482165,1.01836742033,0,0,0
legacy_r2,3.1,12.8696176198,9.94419385687,0.999874866446,0.0158193378373,1.26228589938,1.03577097345,0,0,0
legacy_r2,3.125,12.8946144478,9.94459209011,0.999873120184,0.0159293293686,1.28567710761,1.05335121058,0,0,0
legacy_r2,3.15,12.9196112337,9.94499295617,0.999871436857,0.0160346424249,1.30910703786,1.07110309654,0,0,0
legacy_r2,3.175,12.9446079791,9.94539634283,0.999869814884,0.0161354666319,1.33257434448,1.08902173832,0,0,0
legacy_r2,3.2,12.9696046854,9.94580214239,0.999868252693,0.0162319825061,1.3560777413,1.10710238283,0,0,0
legacy_r2,3.225,12.9946013541,9.94621025145,0.999866748723,0.0163243620812,1.37961599855,1.12534041457,0,0,0
legacy_r2,3.25,13.0195979867,9.94662057068,0.999865301427,0.016412769493,1.40318793985,1.14373135306,0,0,0
legacy_r2,3.275,13.0445945844,9.94703300472,0.999863909271,0.016497361522,1.42679243951,1.1622708502,0,0,0
legacy_r2,3.3,13.0695911487,9.94744746192,0.999862570739,0.0165782880946,1.45042841987,1.18095468742,0,0,0
legacy_r2,3.325,13.0945876808,9.94786385424,0.999861284329,0.0166556927458,1.47409484891,1.19977877284,0,0,0
legacy_r2,3.35,13.119584182,9.94828209707,0.999860048558,0.0167297130432,1.49779073789,1.2187391383,0,0,0
legacy_r2,3.375,13.1445806535,9.94870210909,0.99985886196,0.0168004809764,1.52151513922,1.23783193632,0,0,0
legacy_r2,3.4,13.1695770966,9.94912381218,0.999857723087,0.016868123311,1.54526714439,1.25705343713,0,0,0
legacy_r2,3.425,13.1945735124,9.94954713122,0.99985663051,0.0169327619122,1.56904588207,1.27640002551,0,0,0
legacy_r2,3.45,13.2195699019,9.94997199408,0.999855582818,0.0169945140378,1.59285051626,1.29586819783,0,0,0
legacy_r2,3.475,13.2445662664,9.95039833139,0.999854578621,0.0170534926039,1.61668024458,1.31545455888,0,0,0
legacy_r2,3.5,13.2695626068,9.95082607655,0.999853616548,0.0171098064251,1.64053429667,1.33515581891,0,0,0
legacy_r2,3.525,13.2945589242,9.95125516556,0.999852695247,0.017163560432,1.66441193263,1.35496879054,0,0,0
legacy_r2,3.55,13.3195552195,9.95168553696,0.999851813389,0.0172148558658,1.68831244162,1.37489038581,0,0,0
legacy_r2,3.575,13.3445514938,9.95211713172,0.999850969665,0.0172637904556,1.71223514044,1.3949176132,0,0,0
legacy_r2,3.6,13.3695477479,9.95254989318,0.999850162786,0.0173104585768,1.73617937227,1.41504757475,0,0,0
legacy_r2,3.625,13.3945439826,9.95298376697,0.99984939149,0.0173549513943,1.76014450543,1.43527746318,0,0,0
legacy_r2,3.65,13.419540199,9.95341870089,0.999848654532,0.0173973569917,1.78412993224,1.45560455909,0,0,0
legacy_r2,3.675,13.4445363978,9.95385464491,0.999847950695,0.0174377604885,1.80813506791,1.47602622822,0,0,0
legacy_r2,3.7,13.4695325797,9.95429155101,0.999847278783,0.0174762441457,1.83215934952,1.49653991876,0,0,0
legacy_r2,3.725,13.4945287457,9.9547293732,0.999846637626,0.0175128874621,1.85620223502,1.51714315874,0,0,0
legacy_r2,3.75,13.5195248963,9.95516806738,0.999846026078,0.017547767263,1.88026320227,1.53783355341,0,0,0
legacy_r2,3.775,13.5445210324,9.95560759132,0.999845443018,0.0175809577802,1.90434174824,1.55860878285,0,0,0
legacy_r2,3.8,13.5695171546,9.95604790459,0.999844887351,0.0176125307275,1.92843738807,1.57946659944,0,0,0
legacy_r2,3.825,13.5945132635,9.95648896847,0.999844358008,0.0176425553698,1.95254965433,1.60040482555,0,0,0
legacy_r2,3.85,13.6195093599,9.95693074594,0.999843853947,0.0176710985881,1.97667809628,1.62142135123,0,0,0
legacy_r2,3.875,13.6445054442,9.95737320156,0.999843374151,0.0176982249414,2.00082227908,1.64251413199,0,0,0
legacy_r2,3.9,13.6695015172,9.95781630148,0.999842917633,0.0177239967243,2.02498178319,1.66368118659,0,0,0
legacy_r2,3.925,13.6944975793,9.95826001333,0.999842483429,0.0177484740236,2.04915620367,1.68492059502,0,0,0
legacy_r2,3.95,13.719493631,9.9587043062,0.999842070606,0.0177717147715,2.07334514955,1.7062304964,0,0,0
legacy_r2,3.975,13.744489673,9.95914915057,0.999841678256,0.0177937747983,2.09754824331,1.72760908703,0,0,0
legacy_r2,4,13.7694857056,9.95959451827,0.9998413055,0.0178147078829,2.12176512025,1.74905461846,0,0,0
legacy_r2,4.025,13.7944817294,9.96004038241,0.999840951483,0.0178345658032,2.14599542799,1.7705653957,0,0,0
legacy_r2,4.05,13.8194777448,9.96048671737,0.999840615381,0.0178533983851,2.17023882598,1.79213977536,0,0,0
legacy_r2,4.075,13.8444737522,9.96093349871,0.999840296396,0.017871253551,2.19449498497,1.81377616398,0,0,0
legacy_r2,4.1,13.8694697521,9.96138070315,0.999839993754,0.0178881773683,2.2187635866,1.83547301631,0,0,0
legacy_r2,4.125,13.8944657447,9.9618283085,0.999839706712,0.0179042140973,2.24304432293,1.85722883372,0,0,0
legacy_r2,4.15,13.9194617306,9.96227629365,0.999839434549,0.0179194062387,2.26733689605,1.87904216264,0,0,0
legacy_r2,4.175,13.94445771,9.96272463852,0.999839176574,0.0179337945812,2.29164101764,1.90091159304,0,0,0
legacy_r2,4.2,13.9694536833,9.96317332397,0.999838932118,0.0179474182487,2.31595640865,1.92283575699,0,0,0
legacy_r2,4.225,13.9944496508,9.96362233184,0.999838700538,0.0179603147475,2.34028279887,1.94481332723,0,0,0
legacy_r2,4.25,14.0194456129,9.96407164484,0.999838481218,0.0179725200135,2.36461992664,1.96684301582,0,0,0
legacy_r2,4.275,14.0444415697,9.96452124656,0.999838273563,0.0179840684585,2.38896753849,1.98892357284,0,0,0
legacy_r2,4.3,14.0694375216,9.96497112138,0.999838077004,0.0179949930171,2.41332538883,2.01105378509,0,0,0
legacy_r2,4.325,14.0944334689,9.96542125451,0.999837890993,0.0180053251928,2.43769323967,2.03323247493,0,0,0
legacy_r2,4.35,14.1194294118,9.96587163189,0.999837715006,0.0180150951039,2.46207086029,2.05545849904,0,0,0
legacy_r2,4.375,14.1444253505,9.96632224018,0.999837548541,0.018024331529,2.486458027,2.0777307473,0,0,0
legacy_r2,4.4,14.1694212853,9.96677306673,0.999837391117,0.0180330619522,2.51085452286,2.10004814171,0,0,0
legacy_r2,4.425,14.1944172163,9.96722409954,0.999837242275,0.0180413126074,2.53526013746,2.12240963532,0,0,0
legacy_r2,4.45,14.2194131439,9.96767532725,0.999837101573,0.0180491085225,2.55967466662,2.14481421118,0,0,0
legacy_r2,4.475,14.2444090681,9.96812673909,0.999836968592,0.0180564735628,2.58409791222,2.16726088141,0,0,0
legacy_r2,4.5,14.2694049891,9.96857832485,0.99983684293,0.0180634304735,2.60852968194,2.18974868621,0,0,0
legacy_r2,4.525,14.2944009072,9.96903007488,0.999836724204,0.0180700009221,2.63296978906,2.21227669294,0,0,0
legacy_r2,4.55,14.3193968225,9.96948198002,0.999836612049,0.0180762055391,2.65741805229,2.23484399525,0,0,0
legacy_r2,4.575,14.3443927352,9.96993403161,0.999836506116,0.0180820639588,2.68187429553,2.25744971223,0,0,0
legacy_r2,4.6,14.3693886454,9.97038622149,0.999836406075,0.0180875948586,2.70633834768,2.28009298757,0,0,0
legacy_r2,4.625,14.3943845531,9.97083854189,0.999836311608,0.018092815998,2.73081004254,2.30277298877,0,0,0
legacy_r2,4.65,14.4193804587,9.97129098549,0.999836222415,0.0180977442558,2.75528921855,2.32548890638,0,0,0
legacy_r2,4.675,14.4443763622,9.97174354538,0.99983613821,0.0181023956675,2.77977571866,2.34823995325,0,0,0
legacy_r2,4.7,14.4693722636,9.97219621502,0.999836058722,0.0181067854605,2.8042693902,2.37102536383,0,0,0
legacy_r2,4.725,14.4943681632,9.97264898822,0.999835983691,0.0181109280895,2.8287700847,2.39384439347,0,0,0
legacy_r2,4.75,14.519364061,9.97310185915,0.999835912873,0.0181148372699,2.85327765774,2.41669631776,0,0,0
legacy_r2,4.775,14.5443599572,9.97355482231,0.999835846034,0.0181185260108,2.87779196885,2.43958043187,0,0,0
legacy_r2,4.8,14.5693558518,9.97400787247,0.999835782954,0.0181220066468,2.90231288134,2.46249604998,0,0,0
legacy_r2,4.825,14.5943517448,9.97446100474,0.999835723422,0.0181252908687,2.92684026218,2.48544250463,0,0,0
legacy_r2,4.85,14.6193476365,9.97491421449,0.99983566724,0.018128389753,2.9513739819,2.50841914616,0,0,0
legacy_r2,4.875,14.6443435269,9.97536749733,0.999835614219,0.0181313137913,2.97591391445,2.53142534218,0,0,0
legacy_r2,4.9,14.669339416,9.97582084915,0.99983556418,0.0181340729172,3.00045993709,2.55446047698,0,0,0
legacy_r2,4.925,14.6943353039,9.97627426607,0.999835516955,0.0181366765336,3.0250119303,2.57752395107,0,0,0
legacy_r2,4.95,14.7193311907,9.97672774441,0.999835472383,0.018139133538,3.04956977765,2.60061518064,0,0,0
legacy_r2,4.975,14.7443270765,9.97718128071,0.999835430312,0.0181414523477,3.07413336571,2.62373359709,0,0,0
legacy_r2,5,14.7693229612,9.97763487174,0.999835390599,0.018143640923,3.09870258398,2.64687864656,0,0,0
legacy_r2,5.025,14.7943188451,9.97808851441,0.999835353108,0.0181457067906,3.12327732474,2.67004978949,0,0,0
legacy_r2,5.05,14.819314728,9.97854220583,0.999835317711,0.0181476570653,3.14785748302,2.69324650017,0,0,0
legacy_r2,5.075,14.8443106101,9.9789959433,0.999835284287,0.0181494984708,3.17244295647,2.71646826633,0,0,0
legacy_r2,5.1,14.8693064914,9.97944972423,0.99983525272,0.0181512373603,3.19703364532,2.73971458871,0,0,0
legacy_r2,5.125,14.894302372,9.97990354622,0.999835222903,0.0181528797356,3.22162945226,2.76298498072,0,0,0
legacy_r2,5.15,14.9192982519,9.98035740701,0.999835194732,0.0181544312653,3.24623028239,2.78627896801,0,0,0
legacy_r2,5.175,14.9442941311,9.98081130444,0.999835168112,0.018155897303,3.27083604312,2.80959608813,0,0,0
legacy_r2,5.2,14.9692900097,9.98126523651,0.99983514295,0.018157282904,3.29544664414,2.83293589015,0,0,0
legacy_r2,5.225,14.9942858876,9.98171920133,0.99983511916,0.0181585928413,3.32006199731,2.85629793437,0,0,0
legacy_r2,5.25,15.0192817651,9.98217319712,0.999835096661,0.0181598316214,3.34468201662,2.87968179193,0,0,0
legacy_r2,5.275,15.0442776419,9.98262722221,0.999835075376,0.0181610034986,3.36930661811,2.90308704452,0,0,0
legacy_r2,5.3,15.0692735183,9.98308127502,0.999835055232,0.0181621124899,3.39393571984,2.92651328409,0,0,0
legacy_r2,5.325,15.0942693942,9.98353535408,0.99983503616,0.0181631623876,3.41856924179,2.94996011251,0,0,0
legacy_r2,5.35,15.1192652697,9.983989458,0.999835018095,0.018164156773,3.44320710581,2.9734271413,0,0,0
legacy_r2,5.375,15.1442611447,9.98444358548,0.999835000976,0.0181650990284,3.4678492356,2.99691399137,0,0,0
legacy_r2,5.4,15.1692570193,9.98489773529,0.999834984746,0.0181659923487,3.49249555663,3.02042029271,0,0,0
legacy_r2,5.425,15.1942528936,9.98535190628,0.999834969349,0.0181668397536,3.51714599607,3.04394568417,0,0,0
legacy_r2,5.45,15.2192487674,9.98580609738,0.999834954734,0.0181676440977,3.54180048279,3.06748981317,0,0,0
legacy_r2,5.475,15.2442446409,9.98626030758,0.999834940852,0.0181684080813,3.56645894727,3.09105233549,0,0,0
legacy_r2,5.5,15.2692405141,9.98671453594,0.999834927656,0.0181691342609,3.59112132157,3.11463291502,0,0,0
legacy_r2,5.525,15.294236387,9.98716878157,0.999834915102,0.0181698250586,3.61578753929,3.13823122352,0,0,0
legacy_r2,5.55,15.3192322596,9.98762304364,0.999834903149,0.018170482772,3.64045753551,3.1618469404,0,0,0
legacy_r2,5.575,15.3442281319,9.98807732138,0.999834891758,0.0181711095838,3.66513124678,3.18547975253,0,0,0
legacy_r2,5.6,15.3692240039,9.98853161406,0.99983488089,0.0181717075708,3.68980861104,3.20912935401,0,0,0
legacy_r2,5.625,15.3942198757,9.98898592103,0.999834870509,0.0181722787139,3.71448956761,3.23279544596,0,0,0
legacy_r2,5.65,15.4192157472,9.98944024166,0.999834860582,0.0181728249068,3.73917405714,3.25647773637,0,0,0
legacy_r2,5.675,15.4442116185,9.98989457535,0.999834851075,0.0181733479664,3.76386202158,3.28017593987,0,0,0
legacy_r2,5.7,15.4692074895,9.9903489216,0.999834841956,0.0181738496431,3.78855340413,3.30388977753,0,0,0
legacy_r2,5.725,15.4942033603,9.99080327989,0.999834833195,0.0181743316312,3.81324814924,3.32761897676,0,0,0
legacy_r2,5.75,15.519199231,9.99125764978,0.999834824761,0.0181747955813,3.83794620254,3.35136327106,0,0,0
legacy_r2,5.775,15.5441951014,9.99171203085,0.999834816626,0.0181752431138,3.86264751083,3.37512239989,0,0,0
legacy_r2,5.8,15.5691909716,9.99216642275,0.99983480876,0.0181756758338,3.88735202203,3.39889610852,0,0,0
legacy_r2,5.825,15.5941868416,9.99262082513,0.999834801134,0.0181760953502,3.91205968518,3.42268414785,0,0,0
legacy_r2,5.85,15.6191827115,9.99307523772,0.999834793717,0.0181765032975,3.93677045038,3.44648627425,0,0,0
legacy_r2,5.875,15.6441785811,9.99352966025,0.999834786481,0.0181769013642,3.96148426879,3.47030224945,0,0,0
legacy_r2,5.9,15.6691744506,9.99398409253,0.999834779391,0.0181772913289,3.98620109259,3.49413184039,0,0,0
legacy_r2,5.925,15.6941703199,9.99443853441,0.999834772414,0.0181776751093,4.01092087494,3.51797481903,0,0,0
legacy_r2,5.95,15.7191661891,9.99489298578,0,0,4.03564356997,3.54183096228,0,0,1
legacy_r2,5.975,15.7191661891,9.99489298578,0,0,4.03564356997,3.54183096228,0,0,1
legacy_r2,6,15.7191661891,9.99489298578,0,0,4.03564356997,3.54183096228,0,0,1
legacy_r2,6.025,15.7191661891,9.99489298578,0,0,4.03564356997,3.54183096228,0,0,1
legacy_r2,6.05,15.7191661891,9.99489298578,0,0,4.03564356997,3.54183096228,0,0,1
legacy_r2,6.075,15.7191661891,9.99489298578,0,0,4.03564356997,3.54183096228,0,0,1
legacy_r2,6.1,15.7191661891,9.99489298578,0,0,4.03564356997,3.54183096228,0,0,1
legacy_r2,6.125,15.7191661891,9.99489298578,0,0,4.03564356997,3.54183096228,0,0,1
legacy_r2,6.15,15.7191661891,9.99489298578,0,0,4.03564356997,3.54183096228,0,0,1
legacy_r2,6.175,15.7191661891,9.99489298578,0,0,4.03564356997,3.54183096228,0,0,1
legacy_r2,6.2,15.7191661891,9.99489298578,0,0,4.03564356997,3.54183096228,0,0,1
legacy_r2,6.225,15.7191661891,9.99489298578,0,0,4.03564356997,3.54183096228,0,0,1
legacy_r2,6.25,15.7191661891,9.99489298578,0,0,4.03564356997,3.54183096228,0,0,1
legacy_r2,6.275,15.7191661891,9.99489298578,0,0,4.03564356997,3.54183096228,0,0,1
legacy_r2,6.3,15.7191661891,9.99489298578,0,0,4.03564356997,3.54183096228,0,0,1
legacy_r2,6.325,15.7191661891,9.99489298578,0,0,4.03564356997,3.54183096228,0,0,1
legacy_r2,6.35,15.7191661891,9.99489298578,0,0,4.03564356997,3.54183096228,0,0,1
legacy_r2,6.375,15.7191661891,9.99489298578,0,0,4.03564356997,3.54183096228,0,0,1
legacy_r2,6.4,15.7191661891,9.99489298578,0,0,4.03564356997,3.54183096228,0,0,1
legacy_r2,6.425,15.7191661891,9.99489298578,0,0,4.03564356997,3.54183096228,0,0,1
legacy_r2,6.45,15.7191661891,9.99489298578,0,0,4.03564356997,3.54183096228,0,0,1
legacy_r2,6.475,15.7191661891,9.99489298578,0,0,4.03564356997,3.54183096228,0,0,1
legacy_r2,6.5,15.7191661891,9.99489298578,0,0,4.03564356997,3.54183096228,0,0,1
legacy_r2,6.525,15.7191661891,9.99489298578,0,0,4.03564356997,3.54183096228,0,0,1
legacy_r2,6.55,15.7191661891,9.99489298578,0,0,4.03564356997,3.54183096228,0,0,1
legacy_r2,6.575,15.7191661891,9.99489298578,0,0,4.03564356997,3.54183096228,0,0,1
legacy_r2,6.6,15.7191661891,9.99489298578,0,0,4.03564356997,3.54183096228,0,0,1
legacy_r2,6.625,15.7191661891,9.99489298578,0,0,4.03564356997,3.54183096228,0,0,1
legacy_r2,6.65,15.7191661891,9.99489298578,0,0,4.03564356997,3.54183096228,0,0,1
legacy_r2,6.675,15.7191661891,9.99489298578,0,0,4.03564356997,3.54183096228,0,0,1
legacy_r2,6.7,15.7191661891,9.99489298578,0,0,4.03564356997,3.54183096228,0,0,1
legacy_r2,6.725,15.7191661891,9.99489298578,0,0,4.03564356997,3.54183096228,0,0,1
legacy_r2,6.75,15.7191661891,9.99489298578,0,0,4.03564356997,3.54183096228,0,0,1
legacy_r2,6.775,15.7191661891,9.99489298578,0,0,4.03564356997,3.54183096228,0,0,1
legacy_r2,6.8,15.7191661891,9.99489298578,0,0,4.03564356997,3.54183096228,0,0,1
legacy_r2,6.825,15.7191661891,9.99489298578,0,0,4.03564356997,3.54183096228,0,0,1
legacy_r2,6.85,15.7191661891,9.99489298578,0,0,4.03564356997,3.54183096228,0,0,1
legacy_r2,6.875,15.7191661891,9.99489298578,0,0,4.03564356997,3.54183096228,0,0,1
legacy_r2,6.9,15.7191661891,9.99489298578,0,0,4.03564356997,3.54183096228,0,0,1
legacy_r2,6.925,15.7191661891,9.99489298578,0,0,4.03564356997,3.54183096228,0,0,1
legacy_r2,6.95,15.7191661891,9.99489298578,0,0,4.03564356997,3.54183096228,0,0,1
legacy_r2,6.975,15.7191661891,9.99489298578,0,0,4.03564356997,3.54183096228,0,0,1
legacy_r2,7,15.7191661891,9.99489298578,0,0,4.03564356997,3.54183096228,0,0,1
legacy_r2,7.025,15.7191661891,9.99489298578,0,0,4.03564356997,3.54183096228,0,0,1
legacy_r2,7.05,15.7191661891,9.99489298578,0,0,4.03564356997,3.54183096228,0,0,1
legacy_r2,7.075,15.7191661891,9.99489298578,0,0,4.03564356997,3.54183096228,0,0,1
legacy_r2,7.1,15.7191661891,9.99489298578,0,0,4.03564356997,3.54183096228,0,0,1
legacy_r2,7.125,15.7191661891,9.99489298578,0,0,4.03564356997,3.54183096228,0,0,1
legacy_r2,7.15,15.7191661891,9.99489298578,0,0,4.03564356997,3.54183096228,0,0,1
legacy_r2,7.175,15.7191661891,9.99489298578,0,0,4.03564356997,3.54183096228,0,0,1
legacy_r2,7.2,15.7191661891,9.99489298578,0,0,4.03564356997,3.54183096228,0,0,1
legacy_r2,7.225,15.7191661891,9.99489298578,0,0,4.03564356997,3.54183096228,0,0,1
legacy_r2,7.25,15.7191661891,9.99489298578,0,0,4.03564356997,3.54183096228,0,0,1
legacy_r2,7.275,15.7191661891,9.99489298578,0,0,4.03564356997,3.54183096228,0,0,1
legacy_r2,7.3,15.7191661891,9.99489298578,0,0,4.03564356997,3.54183096228,0,0,1
legacy_r2,7.325,15.7191661891,9.99489298578,0,0,4.03564356997,3.54183096228,0,0,1
legacy_r2,7.35,15.7191661891,9.99489298578,0,0,4.03564356997,3.54183096228,0,0,1
legacy_r2,7.375,15.7191661891,9.99489298578,0,0,4.03564356997,3.54183096228,0,0,1
legacy_r2,7.4,15.7191661891,9.99489298578,0,0,4.03564356997,3.54183096228,0,0,1
legacy_r2,7.425,15.7191661891,9.99489298578,0,0,4.03564356997,3.54183096228,0,0,1
legacy_r2,7.45,15.7191661891,9.99489298578,0,0,4.03564356997,3.54183096228,0,0,1
legacy_r2,7.475,15.7191661891,9.99489298578,0,0,4.03564356997,3.54183096228,0,0,1
legacy_r2,7.5,15.7191661891,9.99489298578,0,0,4.03564356997,3.54183096228,0,0,1
legacy_r2,7.525,15.7191661891,9.99489298578,0,0,4.03564356997,3.54183096228,0,0,1
legacy_r2,7.55,15.7191661891,9.99489298578,0,0,4.03564356997,3.54183096228,0,0,1
legacy_r2,7.575,15.7191661891,9.99489298578,0,0,4.03564356997,3.54183096228,0,0,1
legacy_r2,7.6,15.7191661891,9.99489298578,0,0,4.03564356997,3.54183096228,0,0,1
legacy_r2,7.625,15.7191661891,9.99489298578,0,0,4.03564356997,3.54183096228,0,0,1
legacy_r2,7.65,15.7191661891,9.99489298578,0,0,4.03564356997,3.54183096228,0,0,1
legacy_r2,7.675,15.7191661891,9.99489298578,0,0,4.03564356997,3.54183096228,0,0,1
legacy_r2,7.7,15.7191661891,9.99489298578,0,0,4.03564356997,3.54183096228,0,0,1
legacy_r2,7.725,15.7191661891,9.99489298578,0,0,4.03564356997,3.54183096228,0,0,1
legacy_r2,7.75,15.7191661891,9.99489298578,0,0,4.03564356997,3.54183096228,0,0,1
legacy_r2,7.775,15.7191661891,9.99489298578,0,0,4.03564356997,3.54183096228,0,0,1
legacy_r2,7.8,15.7191661891,9.99489298578,0,0,4.03564356997,3.54183096228,0,0,1
legacy_r2,7.825,15.7191661891,9.99489298578,0,0,4.03564356997,3.54183096228,0,0,1
legacy_r2,7.85,15.7191661891,9.99489298578,0,0,4.03564356997,3.54183096228,0,0,1
legacy_r2,7.875,15.7191661891,9.99489298578,0,0,4.03564356997,3.54183096228,0,0,1
legacy_r2,7.9,15.7191661891,9.99489298578,0,0,4.03564356997,3.54183096228,0,0,1
legacy_r2,7.925,15.7191661891,9.99489298578,0,0,4.03564356997,3.54183096228,0,0,1
legacy_r2,7.95,15.7191661891,9.99489298578,0,0,4.03564356997,3.54183096228,0,0,1
legacy_r2,7.975,15.7191661891,9.99489298578,0,0,4.03564356997,3.54183096228,0,0,1
legacy_r2,8,15.7191661891,9.99489298578,0,0,4.03564356997,3.54183096228,0,0,1
legacy_r2,8.025,15.7191661891,9.99489298578,0,0,4.03564356997,3.54183096228,0,0,1
legacy_r2,8.05,15.7191661891,9.99489298578,0,0,4.03564356997,3.54183096228,0,0,1
legacy_r2,8.075,15.7191661891,9.99489298578,0,0,4.03564356997,3.54183096228,0,0,1
legacy_r2,8.1,15.7191661891,9.99489298578,0,0,4.03564356997,3.54183096228,0,0,1
legacy_r2,8.125,15.7191661891,9.99489298578,0,0,4.03564356997,3.54183096228,0,0,1
legacy_r2,8.15,15.7191661891,9.99489298578,0,0,4.03564356997,3.54183096228,0,0,1
legacy_r2,8.175,15.7191661891,9.99489298578,0,0,4.03564356997,3.54183096228,0,0,1
legacy_r2,8.2,15.7191661891,9.99489298578,0,0,4.03564356997,3.54183096228,0,0,1
legacy_r2,8.225,15.7191661891,9.99489298578,0,0,4.03564356997,3.54183096228,0,0,1
legacy_r2,8.25,15.7191661891,9.99489298578,0,0,4.03564356997,3.54183096228,0,0,1
legacy_r2,8.275,15.7191661891,9.99489298578,0,0,4.03564356997,3.54183096228,0,0,1
legacy_r2,8.3,15.7191661891,9.99489298578,0,0,4.03564356997,3.54183096228,0,0,1
legacy_r2,8.325,15.7191661891,9.99489298578,0,0,4.03564356997,3.54183096228,0,0,1
legacy_r2,8.35,15.7191661891,9.99489298578,0,0,4.03564356997,3.54183096228,0,0,1
legacy_r2,8.375,15.7191661891,9.99489298578,0,0,4.03564356997,3.54183096228,0,0,1
legacy_r2,8.4,15.7191661891,9.99489298578,0,0,4.03564356997,3.54183096228,0,0,1
legacy_r2,8.425,15.7191661891,9.99489298578,0,0,4.03564356997,3.54183096228,0,0,1
legacy_r2,8.45,15.7191661891,9.99489298578,0,0,4.03564356997,3.54183096228,0,0,1
legacy_r2,8.475,15.7191661891,9.99489298578,0,0,4.03564356997,3.54183096228,0,0,1
legacy_r2,8.5,15.7191661891,9.99489298578,0,0,4.03564356997,3.54183096228,0,0,1
legacy_r2,8.525,15.7191661891,9.99489298578,0,0,4.03564356997,3.54183096228,0,0,1
legacy_r2,8.55,15.7191661891,9.99489298578,0,0,4.03564356997,3.54183096228,0,0,1
legacy_r2,8.575,15.7191661891,9.99489298578,0,0,4.03564356997,3.54183096228,0,0,1
legacy_r2,8.6,15.7191661891,9.99489298578,0,0,4.03564356997,3.54183096228,0,0,1
legacy_r2,8.625,15.7191661891,9.99489298578,0,0,4.03564356997,3.54183096228,0,0,1
legacy_r2,8.65,15.7191661891,9.99489298578,0,0,4.03564356997,3.54183096228,0,0,1
legacy_r2,8.675,15.7191661891,9.99489298578,0,0,4.03564356997,3.54183096228,0,0,1
legacy_r2,8.7,15.7191661891,9.99489298578,0,0,4.03564356997,3.54183096228,0,0,1
legacy_r2,8.725,15.7191661891,9.99489298578,0,0,4.03564356997,3.54183096228,0,0,1
legacy_r2,8.75,15.7191661891,9.99489298578,0,0,4.03564356997,3.54183096228,0,0,1
legacy_r2,8.775,15.7191661891,9.99489298578,0,0,4.03564356997,3.54183096228,0,0,1
legacy_r2,8.8,15.7191661891,9.99489298578,0,0,4.03564356997,3.54183096228,0,0,1
legacy_r2,8.825,15.7191661891,9.99489298578,0,0,4.03564356997,3.54183096228,0,0,1
legacy_r2,8.85,15.7191661891,9.99489298578,0,0,4.03564356997,3.54183096228,0,0,1
legacy_r2,8.875,15.7191661891,9.99489298578,0,0,4.03564356997,3.54183096228,0,0,1
legacy_r2,8.9,15.7191661891,9.99489298578,0,0,4.03564356997,3.54183096228,0,0,1
legacy_r2,8.925,15.7191661891,9.99489298578,0,0,4.03564356997,3.54183096228,0,0,1
legacy_r2,8.95,15.7191661891,9.99489298578,0,0,4.03564356997,3.54183096228,0,0,1
legacy_r2,8.975,15.7191661891,9.99489298578,0,0,4.03564356997,3.54183096228,0,0,1
legacy_r2,9,15.7191661891,9.99489298578,0,0,4.03564356997,3.54183096228,0,0,1
legacy_r2,9.025,15.7191661891,9.99489298578,0,0,4.03564356997,3.54183096228,0,0,1
legacy_r2,9.05,15.7191661891,9.99489298578,0,0,4.03564356997,3.54183096228,0,0,1
legacy_r2,9.075,15.7191661891,9.99489298578,0,0,4.03564356997,3.54183096228,0,0,1
legacy_r2,9.1,15.7191661891,9.99489298578,0,0,4.03564356997,3.54183096228,0,0,1
legacy_r2,9.125,15.7191661891,9.99489298578,0,0,4.03564356997,3.54183096228,0,0,1
legacy_r2,9.15,15.7191661891,9.99489298578,0,0,4.03564356997,3.54183096228,0,0,1
legacy_r2,9.175,15.7191661891,9.99489298578,0,0,4.03564356997,3.54183096228,0,0,1
legacy_r2,9.2,15.7191661891,9.99489298578,0,0,4.03564356997,3.54183096228,0,0,1
legacy_r2,9.225,15.7191661891,9.99489298578,0,0,4.03564356997,3.54183096228,0,0,1
legacy_r2,9.25,15.7191661891,9.99489298578,0,0,4.03564356997,3.54183096228,0,0,1
legacy_r2,9.275,15.7191661891,9.99489298578,0,0,4.03564356997,3.54183096228,0,0,1
legacy_r2,9.3,15.7191661891,9.99489298578,0,0,4.03564356997,3.54183096228,0,0,1
legacy_r2,9.325,15.7191661891,9.99489298578,0,0,4.03564356997,3.54183096228,0,0,1
legacy_r2,9.35,15.7191661891,9.99489298578,0,0,4.03564356997,3.54183096228,0,0,1
legacy_r2,9.375,15.7191661891,9.99489298578,0,0,4.03564356997,3.54183096228,0,0,1
legacy_r2,9.4,15.7191661891,9.99489298578,0,0,4.03564356997,3.54183096228,0,0,1
legacy_r2,9.425,15.7191661891,9.99489298578,0,0,4.03564356997,3.54183096228,0,0,1
legacy_r2,9.45,15.7191661891,9.99489298578,0,0,4.03564356997,3.54183096228,0,0,1
legacy_r2,9.475,15.7191661891,9.99489298578,0,0,4.03564356997,3.54183096228,0,0,1
legacy_r2,9.5,15.7191661891,9.99489298578,0,0,4.03564356997,3.54183096228,0,0,1
legacy_r2,9.525,15.7191661891,9.99489298578,0,0,4.03564356997,3.54183096228,0,0,1
legacy_r2,9.55,15.7191661891,9.99489298578,0,0,4.03564356997,3.54183096228,0,0,1
legacy_r2,9.575,15.7191661891,9.99489298578,0,0,4.03564356997,3.54183096228,0,0,1
legacy_r2,9.6,15.7191661891,9.99489298578,0,0,4.03564356997,3.54183096228,0,0,1
legacy_r2,9.625,15.7191661891,9.99489298578,0,0,4.03564356997,3.54183096228,0,0,1
legacy_r2,9.65,15.7191661891,9.99489298578,0,0,4.03564356997,3.54183096228,0,0,1
legacy_r2,9.675,15.7191661891,9.99489298578,0,0,4.03564356997,3.54183096228,0,0,1
legacy_r2,9.7,15.7191661891,9.99489298578,0,0,4.03564356997,3.54183096228,0,0,1
legacy_r2,9.725,15.7191661891,9.99489298578,0,0,4.03564356997,3.54183096228,0,0,1
legacy_r2,9.75,15.7191661891,9.99489298578,0,0,4.03564356997,3.54183096228,0,0,1
legacy_r2,9.775,15.7191661891,9.99489298578,0,0,4.03564356997,3.54183096228,0,0,1
legacy_r2,9.8,15.7191661891,9.99489298578,0,0,4.03564356997,3.54183096228,0,0,1
legacy_r2,9.825,15.7191661891,9.99489298578,0,0,4.03564356997,3.54183096228,0,0,1
legacy_r2,9.85,15.7191661891,9.99489298578,0,0,4.03564356997,3.54183096228,0,0,1
legacy_r2,9.875,15.7191661891,9.99489298578,0,0,4.03564356997,3.54183096228,0,0,1
legacy_r2,9.9,15.7191661891,9.99489298578,0,0,4.03564356997,3.54183096228,0,0,1
legacy_r2,9.925,15.7191661891,9.99489298578,0,0,4.03564356997,3.54183096228,0,0,1
legacy_r2,9.95,15.7191661891,9.99489298578,0,0,4.03564356997,3.54183096228,0,0,1
legacy_r2,9.975,15.7191661891,9.99489298578,0,0,4.03564356997,3.54183096228,0,0,1
legacy_r2,10,15.7191661891,9.99489298578,0,0,4.03564356997,3.54183096228,0,0,1
legacy_r2,10.025,15.7191661891,9.99489298578,0,0,4.03564356997,3.54183096228,0,0,1
legacy_r2,10.05,15.7191661891,9.99489298578,0,0,4.03564356997,3.54183096228,0,0,1
legacy_r2,10.075,15.7191661891,9.99489298578,0,0,4.03564356997,3.54183096228,0,0,1
legacy_r2,10.1,15.7191661891,9.99489298578,0,0,4.03564356997,3.54183096228,0,0,1
legacy_r2,10.125,15.7191661891,9.99489298578,0,0,4.03564356997,3.54183096228,0,0,1
legacy_r2,10.15,15.7191661891,9.99489298578,0,0,4.03564356997,3.54183096228,0,0,1
legacy_r2,10.175,15.7191661891,9.99489298578,0,0,4.03564356997,3.54183096228,0,0,1
legacy_r2,10.2,15.7191661891,9.99489298578,0,0,4.03564356997,3.54183096228,0,0,1
legacy_r2,10.225,15.7191661891,9.99489298578,0,0,4.03564356997,3.54183096228,0,0,1
legacy_r2,10.25,15.7191661891,9.99489298578,0,0,4.03564356997,3.54183096228,0,0,1
legacy_r2,10.275,15.7191661891,9.99489298578,0,0,4.03564356997,3.54183096228,0,0,1
legacy_r2,10.3,15.7191661891,9.99489298578,0,0,4.03564356997,3.54183096228,0,0,1
legacy_r2,10.325,15.7191661891,9.99489298578,0,0,4.03564356997,3.54183096228,0,0,1
legacy_r2,10.35,15.7191661891,9.99489298578,0,0,4.03564356997,3.54183096228,0,0,1
legacy_r2,10.375,15.7191661891,9.99489298578,0,0,4.03564356997,3.54183096228,0,0,1
legacy_r2,10.4,15.7191661891,9.99489298578,0,0,4.03564356997,3.54183096228,0,0,1
legacy_r2,10.425,15.7191661891,9.99489298578,0,0,4.03564356997,3.54183096228,0,0,1
legacy_r2,10.45,15.7191661891,9.99489298578,0,0,4.03564356997,3.54183096228,0,0,1
legacy_r2,10.475,15.7191661891,9.99489298578,0,0,4.03564356997,3.54183096228,0,0,1
legacy_r2,10.5,15.7191661891,9.99489298578,0,0,4.03564356997,3.54183096228,0,0,1
legacy_r2,10.525,15.7191661891,9.99489298578,0,0,4.03564356997,3.54183096228,0,0,1
legacy_r2,10.55,15.7191661891,9.99489298578,0,0,4.03564356997,3.54183096228,0,0,1
legacy_r2,10.575,15.7191661891,9.99489298578,0,0,4.03564356997,3.54183096228,0,0,1
legacy_r2,10.6,15.7191661891,9.99489298578,0,0,4.03564356997,3.54183096228,0,0,1
legacy_r2,10.625,15.7191661891,9.99489298578,0,0,4.03564356997,3.54183096228,0,0,1
legacy_r2,10.65,15.7191661891,9.99489298578,0,0,4.03564356997,3.54183096228,0,0,1
legacy_r2,10.675,15.7191661891,9.99489298578,0,0,4.03564356997,3.54183096228,0,0,1
legacy_r2,10.7,15.7191661891,9.99489298578,0,0,4.03564356997,3.54183096228,0,0,1
legacy_r2,10.725,15.7191661891,9.99489298578,0,0,4.03564356997,3.54183096228,0,0,1
legacy_r2,10.75,15.7191661891,9.99489298578,0,0,4.03564356997,3.54183096228,0,0,1
legacy_r2,10.775,15.7191661891,9.99489298578,0,0,4.03564356997,3.54183096228,0,0,1
legacy_r2,10.8,15.7191661891,9.99489298578,0,0,4.03564356997,3.54183096228,0,0,1
legacy_r2,10.825,15.7191661891,9.99489298578,0,0,4.03564356997,3.54183096228,0,0,1
legacy_r2,10.85,15.7191661891,9.99489298578,0,0,4.03564356997,3.54183096228,0,0,1
legacy_r2,10.875,15.7191661891,9.99489298578,0,0,4.03564356997,3.54183096228,0,0,1
legacy_r2,10.9,15.7191661891,9.99489298578,0,0,4.03564356997,3.54183096228,0,0,1
legacy_r2,10.925,15.7191661891,9.99489298578,0,0,4.03564356997,3.54183096228,0,0,1
legacy_r2,10.95,15.7191661891,9.99489298578,0,0,4.03564356997,3.54183096228,0,0,1
legacy_r2,10.975,15.7191661891,9.99489298578,0,0,4.03564356997,3.54183096228,0,0,1
legacy_r2,11,15.7191661891,9.99489298578,0,0,4.03564356997,3.54183096228,0,0,1
legacy_r2,11.025,15.7191661891,9.99489298578,0,0,4.03564356997,3.54183096228,0,0,1
legacy_r2,11.05,15.7191661891,9.99489298578,0,0,4.03564356997,3.54183096228,0,0,1
legacy_r2,11.075,15.7191661891,9.99489298578,0,0,4.03564356997,3.54183096228,0,0,1
legacy_r2,11.1,15.7191661891,9.99489298578,0,0,4.03564356997,3.54183096228,0,0,1
legacy_r2,11.125,15.7191661891,9.99489298578,0,0,4.03564356997,3.54183096228,0,0,1
legacy_r2,11.15,15.7191661891,9.99489298578,0,0,4.03564356997,3.54183096228,0,0,1
legacy_r2,11.175,15.7191661891,9.99489298578,0,0,4.03564356997,3.54183096228,0,0,1
legacy_r2,11.2,15.7191661891,9.99489298578,0,0,4.03564356997,3.54183096228,0,0,1
legacy_r2,11.225,15.7191661891,9.99489298578,0,0,4.03564356997,3.54183096228,0,0,1
legacy_r2,11.25,15.7191661891,9.99489298578,0,0,4.03564356997,3.54183096228,0,0,1
legacy_r2,11.275,15.7191661891,9.99489298578,0,0,4.03564356997,3.54183096228,0,0,1
legacy_r2,11.3,15.7191661891,9.99489298578,0,0,4.03564356997,3.54183096228,0,0,1
legacy_r2,11.325,15.7191661891,9.99489298578,0,0,4.03564356997,3.54183096228,0,0,1
legacy_r2,11.35,15.7191661891,9.99489298578,0,0,4.03564356997,3.54183096228,0,0,1
legacy_r2,11.375,15.7191661891,9.99489298578,0,0,4.03564356997,3.54183096228,0,0,1
legacy_r2,11.4,15.7191661891,9.99489298578,0,0,4.03564356997,3.54183096228,0,0,1
legacy_r2,11.425,15.7191661891,9.99489298578,0,0,4.03564356997,3.54183096228,0,0,1
legacy_r2,11.45,15.7191661891,9.99489298578,0,0,4.03564356997,3.54183096228,0,0,1
legacy_r2,11.475,15.7191661891,9.99489298578,0,0,4.03564356997,3.54183096228,0,0,1
legacy_r2,11.5,15.7191661891,9.99489298578,0,0,4.03564356997,3.54183096228,0,0,1
legacy_r2,11.525,15.7191661891,9.99489298578,0,0,4.03564356997,3.54183096228,0,0,1
legacy_r2,11.55,15.7191661891,9.99489298578,0,0,4.03564356997,3.54183096228,0,0,1
legacy_r2,11.575,15.7191661891,9.99489298578,0,0,4.03564356997,3.54183096228,0,0,1
legacy_r2,11.6,15.7191661891,9.99489298578,0,0,4.03564356997,3.54183096228,0,0,1
legacy_r2,11.625,15.7191661891,9.99489298578,0,0,4.03564356997,3.54183096228,0,0,1
legacy_r2,11.65,15.7191661891,9.99489298578,0,0,4.03564356997,3.54183096228,0,0,1
legacy_r2,11.675,15.7191661891,9.99489298578,0,0,4.03564356997,3.54183096228,0,0,1
legacy_r2,11.7,15.7191661891,9.99489298578,0,0,4.03564356997,3.54183096228,0,0,1
legacy_r2,11.725,15.7191661891,9.99489298578,0,0,4.03564356997,3.54183096228,0,0,1
legacy_r2,11.75,15.7191661891,9.99489298578,0,0,4.03564356997,3.54183096228,0,0,1
legacy_r2,11.775,15.7191661891,9.99489298578,0,0,4.03564356997,3.54183096228,0,0,1
legacy_r2,11.8,15.7191661891,9.99489298578,0,0,4.03564356997,3.54183096228,0,0,1
legacy_r2,11.825,15.7191661891,9.99489298578,0,0,4.03564356997,3.54183096228,0,0,1
legacy_r2,11.85,15.7191661891,9.99489298578,0,0,4.03564356997,3.54183096228,0,0,1
legacy_r2,11.875,15.7191661891,9.99489298578,0,0,4.03564356997,3.54183096228,0,0,1
legacy_r2,11.9,15.7191661891,9.99489298578,0,0,4.03564356997,3.54183096228,0,0,1
legacy_r2,11.925,15.7191661891,9.99489298578,0,0,4.03564356997,3.54183096228,0,0,1
legacy_r2,11.95,15.7191661891,9.99489298578,0,0,4.03564356997,3.54183096228,0,0,1
legacy_r2,11.975,15.7191661891,9.99489298578,0,0,4.03564356997,3.54183096228,0,0,1
legacy_r2,12,15.7191661891,9.99489298578,0,0,4.03564356997,3.54183096228,0,0,1
legacy_r2,12.025,15.7191661891,9.99489298578,0,0,4.03564356997,3.54183096228,0,0,1
legacy_r2,12.05,15.7191661891,9.99489298578,0,0,4.03564356997,3.54183096228,0,0,1
legacy_r2,12.075,15.7191661891,9.99489298578,0,0,4.03564356997,3.54183096228,0,0,1
legacy_r2,12.1,15.7191661891,9.99489298578,0,0,4.03564356997,3.54183096228,0,0,1
legacy_r2,12.125,15.7191661891,9.99489298578,0,0,4.03564356997,3.54183096228,0,0,1
legacy_r2,12.15,15.7191661891,9.99489298578,0,0,4.03564356997,3.54183096228,0,0,1
legacy_r2,12.175,15.7191661891,9.99489298578,0,0,4.03564356997,3.54183096228,0,0,1
legacy_r2,12.2,15.7191661891,9.99489298578,0,0,4.03564356997,3.54183096228,0,0,1
legacy_r2,12.225,15.7191661891,9.99489298578,0,0,4.03564356997,3.54183096228,0,0,1
legacy_r2,12.25,15.7191661891,9.99489298578,0,0,4.03564356997,3.54183096228,0,0,1
legacy_r2,12.275,15.7191661891,9.99489298578,0,0,4.03564356997,3.54183096228,0,0,1
legacy_r2,12.3,15.7191661891,9.99489298578,0,0,4.03564356997,3.54183096228,0,0,1
legacy_r2,12.325,15.7191661891,9.99489298578,0,0,4.03564356997,3.54183096228,0,0,1
legacy_r2,12.35,15.7191661891,9.99489298578,0,0,4.03564356997,3.54183096228,0,0,1
legacy_r2,12.375,15.7191661891,9.99489298578,0,0,4.03564356997,3.54183096228,0,0,1
legacy_r2,12.4,15.7191661891,9.99489298578,0,0,4.03564356997,3.54183096228,0,0,1
legacy_r2,12.425,15.7191661891,9.99489298578,0,0,4.03564356997,3.54183096228,0,0,1
legacy_r2,12.45,15.7191661891,9.99489298578,0,0,4.03564356997,3.54183096228,0,0,1
legacy_r2,12.475,15.7191661891,9.99489298578,0,0,4.03564356997,3.54183096228,0,0,1
legacy_r2,12.5,15.7191661891,9.99489298578,0,0,4.03564356997,3.54183096228,0,0,1
legacy_r2,12.525,15.7191661891,9.99489298578,0,0,4.03564356997,3.54183096228,0,0,1
legacy_r2,12.55,15.7191661891,9.99489298578,0,0,4.03564356997,3.54183096228,0,0,1
legacy_r2,12.575,15.7191661891,9.99489298578,0,0,4.03564356997,3.54183096228,0,0,1
legacy_r2,12.6,15.7191661891,9.99489298578,0,0,4.03564356997,3.54183096228,0,0,1
legacy_r2,12.625,15.7191661891,9.99489298578,0,0,4.03564356997,3.54183096228,0,0,1
legacy_r2,12.65,15.7191661891,9.99489298578,0,0,4.03564356997,3.54183096228,0,0,1
legacy_r2,12.675,15.7191661891,9.99489298578,0,0,4.03564356997,3.54183096228,0,0,1
legacy_r2,12.7,15.7191661891,9.99489298578,0,0,4.03564356997,3.54183096228,0,0,1
legacy_r2,12.725,15.7191661891,9.99489298578,0,0,4.03564356997,3.54183096228,0,0,1
legacy_r2,12.75,15.7191661891,9.99489298578,0,0,4.03564356997,3.54183096228,0,0,1
legacy_r2,12.775,15.7191661891,9.99489298578,0,0,4.03564356997,3.54183096228,0,0,1
legacy_r2,12.8,15.7191661891,9.99489298578,0,0,4.03564356997,3.54183096228,0,0,1
legacy_r2,12.825,15.7191661891,9.99489298578,0,0,4.03564356997,3.54183096228,0,0,1
legacy_r2,12.85,15.7191661891,9.99489298578,0,0,4.03564356997,3.54183096228,0,0,1
legacy_r2,12.875,15.7191661891,9.99489298578,0,0,4.03564356997,3.54183096228,0,0,1
legacy_r2,12.9,15.7191661891,9.99489298578,0,0,4.03564356997,3.54183096228,0,0,1
legacy_r2,12.925,15.7191661891,9.99489298578,0,0,4.03564356997,3.54183096228,0,0,1
legacy_r2,12.95,15.7191661891,9.99489298578,0,0,4.03564356997,3.54183096228,0,0,1
legacy_r2,12.975,15.7191661891,9.99489298578,0,0,4.03564356997,3.54183096228,0,0,1
legacy_r2,13,15.7191661891,9.99489298578,0,0,4.03564356997,3.54183096228,0,0,1
legacy_r2,13.025,15.7191661891,9.99489298578,0,0,4.03564356997,3.54183096228,0,0,1
legacy_r2,13.05,15.7191661891,9.99489298578,0,0,4.03564356997,3.54183096228,0,0,1
legacy_r2,13.075,15.7191661891,9.99489298578,0,0,4.03564356997,3.54183096228,0,0,1
legacy_r2,13.1,15.7191661891,9.99489298578,0,0,4.03564356997,3.54183096228,0,0,1
legacy_r2,13.125,15.7191661891,9.99489298578,0,0,4.03564356997,3.54183096228,0,0,1
legacy_r2,13.15,15.7191661891,9.99489298578,0,0,4.03564356997,3.54183096228,0,0,1
legacy_r2,13.175,15.7191661891,9.99489298578,0,0,4.03564356997,3.54183096228,0,0,1
legacy_r2,13.2,15.7191661891,9.99489298578,0,0,4.03564356997,3.54183096228,0,0,1
legacy_r2,13.225,15.7191661891,9.99489298578,0,0,4.03564356997,3.54183096228,0,0,1
legacy_r2,13.25,15.7191661891,9.99489298578,0,0,4.03564356997,3.54183096228,0,0,1
legacy_r2,13.275,15.7191661891,9.99489298578,0,0,4.03564356997,3.54183096228,0,0,1
legacy_r2,13.3,15.7191661891,9.99489298578,0,0,4.03564356997,3.54183096228,0,0,1
legacy_r2,13.325,15.7191661891,9.99489298578,0,0,4.03564356997,3.54183096228,0,0,1
legacy_r2,13.35,15.7191661891,9.99489298578,0,0,4.03564356997,3.54183096228,0,0,1
legacy_r2,13.375,15.7191661891,9.99489298578,0,0,4.03564356997,3.54183096228,0,0,1
legacy_r2,13.4,15.7191661891,9.99489298578,0,0,4.03564356997,3.54183096228,0,0,1
legacy_r2,13.425,15.7191661891,9.99489298578,0,0,4.03564356997,3.54183096228,0,0,1
legacy_r2,13.45,15.7191661891,9.99489298578,0,0,4.03564356997,3.54183096228,0,0,1
legacy_r2,13.475,15.7191661891,9.99489298578,0,0,4.03564356997,3.54183096228,0,0,1
legacy_r2,13.5,15.7191661891,9.99489298578,0,0,4.03564356997,3.54183096228,0,0,1
legacy_r2,13.525,15.7191661891,9.99489298578,0,0,4.03564356997,3.54183096228,0,0,1
legacy_r2,13.55,15.7191661891,9.99489298578,0,0,4.03564356997,3.54183096228,0,0,1
legacy_r2,13.575,15.7191661891,9.99489298578,0,0,4.03564356997,3.54183096228,0,0,1
legacy_r2,13.6,15.7191661891,9.99489298578,0,0,4.03564356997,3.54183096228,0,0,1
legacy_r2,13.625,15.7191661891,9.99489298578,0,0,4.03564356997,3.54183096228,0,0,1
legacy_r2,13.65,15.7191661891,9.99489298578,0,0,4.03564356997,3.54183096228,0,0,1
legacy_r2,13.675,15.7191661891,9.99489298578,0,0,4.03564356997,3.54183096228,0,0,1
legacy_r2,13.7,15.7191661891,9.99489298578,0,0,4.03564356997,3.54183096228,0,0,1
legacy_r2,13.725,15.7191661891,9.99489298578,0,0,4.03564356997,3.54183096228,0,0,1
legacy_r2,13.75,15.7191661891,9.99489298578,0,0,4.03564356997,3.54183096228,0,0,1
legacy_r2,13.775,15.7191661891,9.99489298578,0,0,4.03564356997,3.54183096228,0,0,1
legacy_r2,13.8,15.7191661891,9.99489298578,0,0,4.03564356997,3.54183096228,0,0,1
legacy_r2,13.825,15.7191661891,9.99489298578,0,0,4.03564356997,3.54183096228,0,0,1
legacy_r2,13.85,15.7191661891,9.99489298578,0,0,4.03564356997,3.54183096228,0,0,1
legacy_r2,13.875,15.7191661891,9.99489298578,0,0,4.03564356997,3.54183096228,0,0,1
legacy_r2,13.9,15.7191661891,9.99489298578,0,0,4.03564356997,3.54183096228,0,0,1
legacy_r2,13.925,15.7191661891,9.99489298578,0,0,4.03564356997,3.54183096228,0,0,1
legacy_r2,13.95,15.7191661891,9.99489298578,0,0,4.03564356997,3.54183096228,0,0,1
legacy_r2,13.975,15.7191661891,9.99489298578,0,0,4.03564356997,3.54183096228,0,0,1
legacy_r2,14,15.7191661891,9.99489298578,0,0,4.03564356997,3.54183096228,0,0,1
legacy_r2,14.025,15.7191661891,9.99489298578,0,0,4.03564356997,3.54183096228,0,0,1
legacy_r2,14.05,15.7191661891,9.99489298578,0,0,4.03564356997,3.54183096228,0,0,1
legacy_r2,14.075,15.7191661891,9.99489298578,0,0,4.03564356997,3.54183096228,0,0,1
legacy_r2,14.1,15.7191661891,9.99489298578,0,0,4.03564356997,3.54183096228,0,0,1
legacy_r2,14.125,15.7191661891,9.99489298578,0,0,4.03564356997,3.54183096228,0,0,1
legacy_r2,14.15,15.7191661891,9.99489298578,0,0,4.03564356997,3.54183096228,0,0,1
legacy_r2,14.175,15.7191661891,9.99489298578,0,0,4.03564356997,3.54183096228,0,0,1
legacy_r2,14.2,15.7191661891,9.99489298578,0,0,4.03564356997,3.54183096228,0,0,1
legacy_r2,14.225,15.7191661891,9.99489298578,0,0,4.03564356997,3.54183096228,0,0,1
legacy_r2,14.25,15.7191661891,9.99489298578,0,0,4.03564356997,3.54183096228,0,0,1
legacy_r2,14.275,15.7191661891,9.99489298578,0,0,4.03564356997,3.54183096228,0,0,1
legacy_r2,14.3,15.7191661891,9.99489298578,0,0,4.03564356997,3.54183096228,0,0,1
legacy_r2,14.325,15.7191661891,9.99489298578,0,0,4.03564356997,3.54183096228,0,0,1
legacy_r2,14.35,15.7191661891,9.99489298578,0,0,4.03564356997,3.54183096228,0,0,1
legacy_r2,14.375,15.7191661891,9.99489298578,0,0,4.03564356997,3.54183096228,0,0,1
legacy_r2,14.4,15.7191661891,9.99489298578,0,0,4.03564356997,3.54183096228,0,0,1
legacy_r2,14.425,15.7191661891,9.99489298578,0,0,4.03564356997,3.54183096228,0,0,1
legacy_r2,14.45,15.7191661891,9.99489298578,0,0,4.03564356997,3.54183096228,0,0,1
legacy_r2,14.475,15.7191661891,9.99489298578,0,0,4.03564356997,3.54183096228,0,0,1
legacy_r2,14.5,15.7191661891,9.99489298578,0,0,4.03564356997,3.54183096228,0,0,1
legacy_r2,14.525,15.7191661891,9.99489298578,0,0,4.03564356997,3.54183096228,0,0,1
legacy_r2,14.55,15.7191661891,9.99489298578,0,0,4.03564356997,3.54183096228,0,0,1
legacy_r2,14.575,15.7191661891,9.99489298578,0,0,4.03564356997,3.54183096228,0,0,1
legacy_r2,14.6,15.7191661891,9.99489298578,0,0,4.03564356997,3.54183096228,0,0,1
legacy_r2,14.625,15.7191661891,9.99489298578,0,0,4.03564356997,3.54183096228,0,0,1
legacy_r2,14.65,15.7191661891,9.99489298578,0,0,4.03564356997,3.54183096228,0,0,1
legacy_r2,14.675,15.7191661891,9.99489298578,0,0,4.03564356997,3.54183096228,0,0,1
legacy_r2,14.7,15.7191661891,9.99489298578,0,0,4.03564356997,3.54183096228,0,0,1
legacy_r2,14.725,15.7191661891,9.99489298578,0,0,4.03564356997,3.54183096228,0,0,1
legacy_r2,14.75,15.7191661891,9.99489298578,0,0,4.03564356997,3.54183096228,0,0,1
legacy_r2,14.775,15.7191661891,9.99489298578,0,0,4.03564356997,3.54183096228,0,0,1
legacy_r2,14.8,15.7191661891,9.99489298578,0,0,4.03564356997,3.54183096228,0,0,1
legacy_r2,14.825,15.7191661891,9.99489298578,0,0,4.03564356997,3.54183096228,0,0,1
legacy_r2,14.85,15.7191661891,9.99489298578,0,0,4.03564356997,3.54183096228,0,0,1
legacy_r2,14.875,15.7191661891,9.99489298578,0,0,4.03564356997,3.54183096228,0,0,1
legacy_r2,14.9,15.7191661891,9.99489298578,0,0,4.03564356997,3.54183096228,0,0,1
legacy_r2,14.925,15.7191661891,9.99489298578,0,0,4.03564356997,3.54183096228,0,0,1
legacy_r2,14.95,15.7191661891,9.99489298578,0,0,4.03564356997,3.54183096228,0,0,1
legacy_r2,14.975,15.7191661891,9.99489298578,0,0,4.03564356997,3.54183096228,0,0,1
legacy_r2,15,15.7191661891,9.99489298578,0,0,4.03564356997,3.54183096228,0,0,1
legacy_r2,15.025,15.7191661891,9.99489298578,0,0,4.03564356997,3.54183096228,0,0,1
legacy_r2,15.05,15.7191661891,9.99489298578,0,0,4.03564356997,3.54183096228,0,0,1
legacy_r2,15.075,15.7191661891,9.99489298578,0,0,4.03564356997,3.54183096228,0,0,1
legacy_r2,15.1,15.7191661891,9.99489298578,0,0,4.03564356997,3.54183096228,0,0,1
legacy_r2,15.125,15.7191661891,9.99489298578,0,0,4.03564356997,3.54183096228,0,0,1
legacy_r2,15.15,15.7191661891,9.99489298578,0,0,4.03564356997,3.54183096228,0,0,1
legacy_r2,15.175,15.7191661891,9.99489298578,0,0,4.03564356997,3.54183096228,0,0,1
legacy_r2,15.2,15.7191661891,9.99489298578,0,0,4.03564356997,3.54183096228,0,0,1
legacy_r2,15.225,15.7191661891,9.99489298578,0,0,4.03564356997,3.54183096228,0,0,1
legacy_r2,15.25,15.7191661891,9.99489298578,0,0,4.03564356997,3.54183096228,0,0,1
legacy_r2,15.275,15.7191661891,9.99489298578,0,0,4.03564356997,3.54183096228,0,0,1
legacy_r2,15.3,15.7191661891,9.99489298578,0,0,4.03564356997,3.54183096228,0,0,1
legacy_r2,15.325,15.7191661891,9.99489298578,0,0,4.03564356997,3.54183096228,0,0,1
legacy_r2,15.35,15.7191661891,9.99489298578,0,0,4.03564356997,3.54183096228,0,0,1
legacy_r2,15.375,15.7191661891,9.99489298578,0,0,4.03564356997,3.54183096228,0,0,1
legacy_r2,15.4,15.7191661891,9.99489298578,0,0,4.03564356997,3.54183096228,0,0,1
legacy_r2,15.425,15.7191661891,9.99489298578,0,0,4.03564356997,3.54183096228,0,0,1
legacy_r2,15.45,15.7191661891,9.99489298578,0,0,4.03564356997,3.54183096228,0,0,1
legacy_r2,15.475,15.7191661891,9.99489298578,0,0,4.03564356997,3.54183096228,0,0,1
legacy_r2,15.5,15.7191661891,9.99489298578,0,0,4.03564356997,3.54183096228,0,0,1
legacy_r2,15.525,15.7191661891,9.99489298578,0,0,4.03564356997,3.54183096228,0,0,1
legacy_r2,15.55,15.7191661891,9.99489298578,0,0,4.03564356997,3.54183096228,0,0,1
legacy_r2,15.575,15.7191661891,9.99489298578,0,0,4.03564356997,3.54183096228,0,0,1
legacy_r2,15.6,15.7191661891,9.99489298578,0,0,4.03564356997,3.54183096228,0,0,1
legacy_r2,15.625,15.7191661891,9.99489298578,0,0,4.03564356997,3.54183096228,0,0,1
legacy_r2,15.65,15.7191661891,9.99489298578,0,0,4.03564356997,3.54183096228,0,0,1
legacy_r2,15.675,15.7191661891,9.99489298578,0,0,4.03564356997,3.54183096228,0,0,1
legacy_r2,15.7,15.7191661891,9.99489298578,0,0,4.03564356997,3.54183096228,0,0,1
legacy_r2,15.725,15.7191661891,9.99489298578,0,0,4.03564356997,3.54183096228,0,0,1
legacy_r2,15.75,15.7191661891,9.99489298578,0,0,4.03564356997,3.54183096228,0,0,1
legacy_r2,15.775,15.7191661891,9.99489298578,0,0,4.03564356997,3.54183096228,0,0,1
legacy_r2,15.8,15.7191661891,9.99489298578,0,0,4.03564356997,3.54183096228,0,0,1
legacy_r2,15.825,15.7191661891,9.99489298578,0,0,4.03564356997,3.54183096228,0,0,1
legacy_r2,15.85,15.7191661891,9.99489298578,0,0,4.03564356997,3.54183096228,0,0,1
legacy_r2,15.875,15.7191661891,9.99489298578,0,0,4.03564356997,3.54183096228,0,0,1
legacy_r2,15.9,15.7191661891,9.99489298578,0,0,4.03564356997,3.54183096228,0,0,1
legacy_r2,15.925,15.7191661891,9.99489298578,0,0,4.03564356997,3.54183096228,0,0,1
legacy_r2,15.95,15.7191661891,9.99489298578,0,0,4.03564356997,3.54183096228,0,0,1
legacy_r2,15.975,15.7191661891,9.99489298578,0,0,4.03564356997,3.54183096228,0,0,1
legacy_r2,16,15.7191661891,9.99489298578,0,0,4.03564356997,3.54183096228,0,0,1
legacy_r2,16.025,15.7191661891,9.99489298578,0,0,4.03564356997,3.54183096228,0,0,1
legacy_r2,16.05,15.7191661891,9.99489298578,0,0,4.03564356997,3.54183096228,0,0,1
legacy_r2,16.075,15.7191661891,9.99489298578,0,0,4.03564356997,3.54183096228,0,0,1
legacy_r2,16.1,15.7191661891,9.99489298578,0,0,4.03564356997,3.54183096228,0,0,1
legacy_r2,16.125,15.7191661891,9.99489298578,0,0,4.03564356997,3.54183096228,0,0,1
legacy_r2,16.15,15.7191661891,9.99489298578,0,0,4.03564356997,3.54183096228,0,0,1
legacy_r2,16.175,15.7191661891,9.99489298578,0,0,4.03564356997,3.54183096228,0,0,1
legacy_r2,16.2,15.7191661891,9.99489298578,0,0,4.03564356997,3.54183096228,0,0,1
legacy_r2,16.225,15.7191661891,9.99489298578,0,0,4.03564356997,3.54183096228,0,0,1
legacy_r2,16.25,15.7191661891,9.99489298578,0,0,4.03564356997,3.54183096228,0,0,1
legacy_r2,16.275,15.7191661891,9.99489298578,0,0,4.03564356997,3.54183096228,0,0,1
legacy_r2,16.3,15.7191661891,9.99489298578,0,0,4.03564356997,3.54183096228,0,0,1
legacy_r2,16.325,15.7191661891,9.99489298578,0,0,4.03564356997,3.54183096228,0,0,1
legacy_r2,16.35,15.7191661891,9.99489298578,0,0,4.03564356997,3.54183096228,0,0,1
legacy_r2,16.375,15.7191661891,9.99489298578,0,0,4.03564356997,3.54183096228,0,0,1
legacy_r2,16.4,15.7191661891,9.99489298578,0,0,4.03564356997,3.54183096228,0,0,1
legacy_r2,16.425,15.7191661891,9.99489298578,0,0,4.03564356997,3.54183096228,0,0,1
legacy_r2,16.45,15.7191661891,9.99489298578,0,0,4.03564356997,3.54183096228,0,0,1
legacy_r2,16.475,15.7191661891,9.99489298578,0,0,4.03564356997,3.54183096228,0,0,1
legacy_r2,16.5,15.7191661891,9.99489298578,0,0,4.03564356997,3.54183096228,0,0,1
legacy_r2,16.525,15.7191661891,9.99489298578,0,0,4.03564356997,3.54183096228,0,0,1
legacy_r2,16.55,15.7191661891,9.99489298578,0,0,4.03564356997,3.54183096228,0,0,1
legacy_r2,16.575,15.7191661891,9.99489298578,0,0,4.03564356997,3.54183096228,0,0,1
legacy_r2,16.6,15.7191661891,9.99489298578,0,0,4.03564356997,3.54183096228,0,0,1
legacy_r2,16.625,15.7191661891,9.99489298578,0,0,4.03564356997,3.54183096228,0,0,1
legacy_r2,16.65,15.7191661891,9.99489298578,0,0,4.03564356997,3.54183096228,0,0,1
legacy_r2,16.675,15.7191661891,9.99489298578,0,0,4.03564356997,3.54183096228,0,0,1
legacy_r2,16.7,15.7191661891,9.99489298578,0,0,4.03564356997,3.54183096228,0,0,1
legacy_r2,16.725,15.7191661891,9.99489298578,0,0,4.03564356997,3.54183096228,0,0,1
legacy_r2,16.75,15.7191661891,9.99489298578,0,0,4.03564356997,3.54183096228,0,0,1
legacy_r2,16.775,15.7191661891,9.99489298578,0,0,4.03564356997,3.54183096228,0,0,1
legacy_r2,16.8,15.7191661891,9.99489298578,0,0,4.03564356997,3.54183096228,0,0,1
legacy_r2,16.825,15.7191661891,9.99489298578,0,0,4.03564356997,3.54183096228,0,0,1
legacy_r2,16.85,15.7191661891,9.99489298578,0,0,4.03564356997,3.54183096228,0,0,1
legacy_r2,16.875,15.7191661891,9.99489298578,0,0,4.03564356997,3.54183096228,0,0,1
legacy_r2,16.9,15.7191661891,9.99489298578,0,0,4.03564356997,3.54183096228,0,0,1
legacy_r2,16.925,15.7191661891,9.99489298578,0,0,4.03564356997,3.54183096228,0,0,1
legacy_r2,16.95,15.7191661891,9.99489298578,0,0,4.03564356997,3.54183096228,0,0,1
legacy_r2,16.975,15.7191661891,9.99489298578,0,0,4.03564356997,3.54183096228,0,0,1
legacy_r2,17,15.7191661891,9.99489298578,0,0,4.03564356997,3.54183096228,0,0,1
legacy_r2,17.025,15.7191661891,9.99489298578,0,0,4.03564356997,3.54183096228,0,0,1
legacy_r2,17.05,15.7191661891,9.99489298578,0,0,4.03564356997,3.54183096228,0,0,1
legacy_r2,17.075,15.7191661891,9.99489298578,0,0,4.03564356997,3.54183096228,0,0,1
legacy_r2,17.1,15.7191661891,9.99489298578,0,0,4.03564356997,3.54183096228,0,0,1
legacy_r2,17.125,15.7191661891,9.99489298578,0,0,4.03564356997,3.54183096228,0,0,1
legacy_r2,17.15,15.7191661891,9.99489298578,0,0,4.03564356997,3.54183096228,0,0,1
legacy_r2,17.175,15.7191661891,9.99489298578,0,0,4.03564356997,3.54183096228,0,0,1
legacy_r2,17.2,15.7191661891,9.99489298578,0,0,4.03564356997,3.54183096228,0,0,1
legacy_r2,17.225,15.7191661891,9.99489298578,0,0,4.03564356997,3.54183096228,0,0,1
legacy_r2,17.25,15.7191661891,9.99489298578,0,0,4.03564356997,3.54183096228,0,0,1
legacy_r2,17.275,15.7191661891,9.99489298578,0,0,4.03564356997,3.54183096228,0,0,1
legacy_r2,17.3,15.7191661891,9.99489298578,0,0,4.03564356997,3.54183096228,0,0,1
legacy_r2,17.325,15.7191661891,9.99489298578,0,0,4.03564356997,3.54183096228,0,0,1
legacy_r2,17.35,15.7191661891,9.99489298578,0,0,4.03564356997,3.54183096228,0,0,1
legacy_r2,17.375,15.7191661891,9.99489298578,0,0,4.03564356997,3.54183096228,0,0,1
legacy_r2,17.4,15.7191661891,9.99489298578,0,0,4.03564356997,3.54183096228,0,0,1
legacy_r2,17.425,15.7191661891,9.99489298578,0,0,4.03564356997,3.54183096228,0,0,1
legacy_r2,17.45,15.7191661891,9.99489298578,0,0,4.03564356997,3.54183096228,0,0,1
legacy_r2,17.475,15.7191661891,9.99489298578,0,0,4.03564356997,3.54183096228,0,0,1
legacy_r2,17.5,15.7191661891,9.99489298578,0,0,4.03564356997,3.54183096228,0,0,1
legacy_r2,17.525,15.7191661891,9.99489298578,0,0,4.03564356997,3.54183096228,0,0,1
legacy_r2,17.55,15.7191661891,9.99489298578,0,0,4.03564356997,3.54183096228,0,0,1
legacy_r2,17.575,15.7191661891,9.99489298578,0,0,4.03564356997,3.54183096228,0,0,1
legacy_r2,17.6,15.7191661891,9.99489298578,0,0,4.03564356997,3.54183096228,0,0,1
legacy_r2,17.625,15.7191661891,9.99489298578,0,0,4.03564356997,3.54183096228,0,0,1
legacy_r2,17.65,15.7191661891,9.99489298578,0,0,4.03564356997,3.54183096228,0,0,1
legacy_r2,17.675,15.7191661891,9.99489298578,0,0,4.03564356997,3.54183096228,0,0,1
legacy_r2,17.7,15.7191661891,9.99489298578,0,0,4.03564356997,3.54183096228,0,0,1
legacy_r2,17.725,15.7191661891,9.99489298578,0,0,4.03564356997,3.54183096228,0,0,1
legacy_r2,17.75,15.7191661891,9.99489298578,0,0,4.03564356997,3.54183096228,0,0,1
legacy_r2,17.775,15.7191661891,9.99489298578,0,0,4.03564356997,3.54183096228,0,0,1
legacy_r2,17.8,15.7191661891,9.99489298578,0,0,4.03564356997,3.54183096228,0,0,1
legacy_r2,17.825,15.7191661891,9.99489298578,0,0,4.03564356997,3.54183096228,0,0,1
legacy_r2,17.85,15.7191661891,9.99489298578,0,0,4.03564356997,3.54183096228,0,0,1
legacy_r2,17.875,15.7191661891,9.99489298578,0,0,4.03564356997,3.54183096228,0,0,1
legacy_r2,17.9,15.7191661891,9.99489298578,0,0,4.03564356997,3.54183096228,0,0,1
legacy_r2,17.925,15.7191661891,9.99489298578,0,0,4.03564356997,3.54183096228,0,0,1
legacy_r2,17.95,15.7191661891,9.99489298578,0,0,4.03564356997,3.54183096228,0,0,1
legacy_r2,17.975,15.7191661891,9.99489298578,0,0,4.03564356997,3.54183096228,0,0,1
legacy_r2,18,15.7191661891,9.99489298578,0,0,4.03564356997,3.54183096228,0,0,1
legacy_r2,18.025,15.7191661891,9.99489298578,0,0,4.03564356997,3.54183096228,0,0,1
legacy_r2,18.05,15.7191661891,9.99489298578,0,0,4.03564356997,3.54183096228,0,0,1
legacy_r2,18.075,15.7191661891,9.99489298578,0,0,4.03564356997,3.54183096228,0,0,1
legacy_r2,18.1,15.7191661891,9.99489298578,0,0,4.03564356997,3.54183096228,0,0,1
legacy_r2,18.125,15.7191661891,9.99489298578,0,0,4.03564356997,3.54183096228,0,0,1
legacy_r2,18.15,15.7191661891,9.99489298578,0,0,4.03564356997,3.54183096228,0,0,1
legacy_r2,18.175,15.7191661891,9.99489298578,0,0,4.03564356997,3.54183096228,0,0,1
legacy_r2,18.2,15.7191661891,9.99489298578,0,0,4.03564356997,3.54183096228,0,0,1
legacy_r2,18.225,15.7191661891,9.99489298578,0,0,4.03564356997,3.54183096228,0,0,1
legacy_r2,18.25,15.7191661891,9.99489298578,0,0,4.03564356997,3.54183096228,0,0,1
legacy_r2,18.275,15.7191661891,9.99489298578,0,0,4.03564356997,3.54183096228,0,0,1
legacy_r2,18.3,15.7191661891,9.99489298578,0,0,4.03564356997,3.54183096228,0,0,1
legacy_r2,18.325,15.7191661891,9.99489298578,0,0,4.03564356997,3.54183096228,0,0,1
legacy_r2,18.35,15.7191661891,9.99489298578,0,0,4.03564356997,3.54183096228,0,0,1
legacy_r2,18.375,15.7191661891,9.99489298578,0,0,4.03564356997,3.54183096228,0,0,1
legacy_r2,18.4,15.7191661891,9.99489298578,0,0,4.03564356997,3.54183096228,0,0,1
legacy_r2,18.425,15.7191661891,9.99489298578,0,0,4.03564356997,3.54183096228,0,0,1
legacy_r2,18.45,15.7191661891,9.99489298578,0,0,4.03564356997,3.54183096228,0,0,1
legacy_r2,18.475,15.7191661891,9.99489298578,0,0,4.03564356997,3.54183096228,0,0,1
legacy_r2,18.5,15.7191661891,9.99489298578,0,0,4.03564356997,3.54183096228,0,0,1
legacy_r2,18.525,15.7191661891,9.99489298578,0,0,4.03564356997,3.54183096228,0,0,1
legacy_r2,18.55,15.7191661891,9.99489298578,0,0,4.03564356997,3.54183096228,0,0,1
legacy_r2,18.575,15.7191661891,9.99489298578,0,0,4.03564356997,3.54183096228,0,0,1
legacy_r2,18.6,15.7191661891,9.99489298578,0,0,4.03564356997,3.54183096228,0,0,1
legacy_r2,18.625,15.7191661891,9.99489298578,0,0,4.03564356997,3.54183096228,0,0,1
legacy_r2,18.65,15.7191661891,9.99489298578,0,0,4.03564356997,3.54183096228,0,0,1
legacy_r2,18.675,15.7191661891,9.99489298578,0,0,4.03564356997,3.54183096228,0,0,1
legacy_r2,18.7,15.7191661891,9.99489298578,0,0,4.03564356997,3.54183096228,0,0,1
legacy_r2,18.725,15.7191661891,9.99489298578,0,0,4.03564356997,3.54183096228,0,0,1
legacy_r2,18.75,15.7191661891,9.99489298578,0,0,4.03564356997,3.54183096228,0,0,1
legacy_r2,18.775,15.7191661891,9.99489298578,0,0,4.03564356997,3.54183096228,0,0,1
legacy_r2,18.8,15.7191661891,9.99489298578,0,0,4.03564356997,3.54183096228,0,0,1
legacy_r2,18.825,15.7191661891,9.99489298578,0,0,4.03564356997,3.54183096228,0,0,1
legacy_r2,18.85,15.7191661891,9.99489298578,0,0,4.03564356997,3.54183096228,0,0,1
legacy_r2,18.875,15.7191661891,9.99489298578,0,0,4.03564356997,3.54183096228,0,0,1
legacy_r2,18.9,15.7191661891,9.99489298578,0,0,4.03564356997,3.54183096228,0,0,1
legacy_r2,18.925,15.7191661891,9.99489298578,0,0,4.03564356997,3.54183096228,0,0,1
legacy_r2,18.95,15.7191661891,9.99489298578,0,0,4.03564356997,3.54183096228,0,0,1
legacy_r2,18.975,15.7191661891,9.99489298578,0,0,4.03564356997,3.54183096228,0,0,1
legacy_r2,19,15.7191661891,9.99489298578,0,0,4.03564356997,3.54183096228,0,0,1
legacy_r2,19.025,15.7191661891,9.99489298578,0,0,4.03564356997,3.54183096228,0,0,1
legacy_r2,19.05,15.7191661891,9.99489298578,0,0,4.03564356997,3.54183096228,0,0,1
legacy_r2,19.075,15.7191661891,9.99489298578,0,0,4.03564356997,3.54183096228,0,0,1
legacy_r2,19.1,15.7191661891,9.99489298578,0,0,4.03564356997,3.54183096228,0,0,1
legacy_r2,19.125,15.7191661891,9.99489298578,0,0,4.03564356997,3.54183096228,0,0,1
legacy_r2,19.15,15.7191661891,9.99489298578,0,0,4.03564356997,3.54183096228,0,0,1
legacy_r2,19.175,15.7191661891,9.99489298578,0,0,4.03564356997,3.54183096228,0,0,1
legacy_r2,19.2,15.7191661891,9.99489298578,0,0,4.03564356997,3.54183096228,0,0,1
legacy_r2,19.225,15.7191661891,9.99489298578,0,0,4.03564356997,3.54183096228,0,0,1
legacy_r2,19.25,15.7191661891,9.99489298578,0,0,4.03564356997,3.54183096228,0,0,1
legacy_r2,19.275,15.7191661891,9.99489298578,0,0,4.03564356997,3.54183096228,0,0,1
legacy_r2,19.3,15.7191661891,9.99489298578,0,0,4.03564356997,3.54183096228,0,0,1
legacy_r2,19.325,15.7191661891,9.99489298578,0,0,4.03564356997,3.54183096228,0,0,1
legacy_r2,19.35,15.7191661891,9.99489298578,0,0,4.03564356997,3.54183096228,0,0,1
legacy_r2,19.375,15.7191661891,9.99489298578,0,0,4.03564356997,3.54183096228,0,0,1
legacy_r2,19.4,15.7191661891,9.99489298578,0,0,4.03564356997,3.54183096228,0,0,1
legacy_r2,19.425,15.7191661891,9.99489298578,0,0,4.03564356997,3.54183096228,0,0,1
legacy_r2,19.45,15.7191661891,9.99489298578,0,0,4.03564356997,3.54183096228,0,0,1
legacy_r2,19.475,15.7191661891,9.99489298578,0,0,4.03564356997,3.54183096228,0,0,1
legacy_r2,19.5,15.7191661891,9.99489298578,0,0,4.03564356997,3.54183096228,0,0,1
legacy_r2,19.525,15.7191661891,9.99489298578,0,0,4.03564356997,3.54183096228,0,0,1
legacy_r2,19.55,15.7191661891,9.99489298578,0,0,4.03564356997,3.54183096228,0,0,1
legacy_r2,19.575,15.7191661891,9.99489298578,0,0,4.03564356997,3.54183096228,0,0,1
legacy_r2,19.6,15.7191661891,9.99489298578,0,0,4.03564356997,3.54183096228,0,0,1
legacy_r2,19.625,15.7191661891,9.99489298578,0,0,4.03564356997,3.54183096228,0,0,1
legacy_r2,19.65,15.7191661891,9.99489298578,0,0,4.03564356997,3.54183096228,0,0,1
legacy_r2,19.675,15.7191661891,9.99489298578,0,0,4.03564356997,3.54183096228,0,0,1
legacy_r2,19.7,15.7191661891,9.99489298578,0,0,4.03564356997,3.54183096228,0,0,1
legacy_r2,19.725,15.7191661891,9.99489298578,0,0,4.03564356997,3.54183096228,0,0,1
legacy_r2,19.75,15.7191661891,9.99489298578,0,0,4.03564356997,3.54183096228,0,0,1
legacy_r2,19.775,15.7191661891,9.99489298578,0,0,4.03564356997,3.54183096228,0,0,1
legacy_r2,19.8,15.7191661891,9.99489298578,0,0,4.03564356997,3.54183096228,0,0,1
legacy_r2,19.825,15.7191661891,9.99489298578,0,0,4.03564356997,3.54183096228,0,0,1
legacy_r2,19.85,15.7191661891,9.99489298578,0,0,4.03564356997,3.54183096228,0,0,1
legacy_r2,19.875,15.7191661891,9.99489298578,0,0,4.03564356997,3.54183096228,0,0,1
legacy_r2,19.9,15.7191661891,9.99489298578,0,0,4.03564356997,3.54183096228,0,0,1
legacy_r2,19.925,15.7191661891,9.99489298578,0,0,4.03564356997,3.54183096228,0,0,1
legacy_r2,19.95,15.7191661891,9.99489298578,0,0,4.03564356997,3.54183096228,0,0,1
legacy_r2,19.975,15.7191661891,9.99489298578,0,0,4.03564356997,3.54183096228,0,0,1
legacy_r2,20,15.7191661891,9.99489298578,0,0,4.03564356997,3.54183096228,0,0,1
legacy_r2,20.025,15.7191661891,9.99489298578,0,0,4.03564356997,3.54183096228,0,0,1
legacy_r2,20.05,15.7191661891,9.99489298578,0,0,4.03564356997,3.54183096228,0,0,1
legacy_r2,20.075,15.7191661891,9.99489298578,0,0,4.03564356997,3.54183096228,0,0,1
legacy_r2,20.1,15.7191661891,9.99489298578,0,0,4.03564356997,3.54183096228,0,0,1
legacy_r2,20.125,15.7191661891,9.99489298578,0,0,4.03564356997,3.54183096228,0,0,1
legacy_r2,20.15,15.7191661891,9.99489298578,0,0,4.03564356997,3.54183096228,0,0,1
legacy_r2,20.175,15.7191661891,9.99489298578,0,0,4.03564356997,3.54183096228,0,0,1
legacy_r2,20.2,15.7191661891,9.99489298578,0,0,4.03564356997,3.54183096228,0,0,1
legacy_r2,20.225,15.7191661891,9.99489298578,0,0,4.03564356997,3.54183096228,0,0,1
legacy_r2,20.25,15.7191661891,9.99489298578,0,0,4.03564356997,3.54183096228,0,0,1
legacy_r2,20.275,15.7191661891,9.99489298578,0,0,4.03564356997,3.54183096228,0,0,1
legacy_r2,20.3,15.7191661891,9.99489298578,0,0,4.03564356997,3.54183096228,0,0,1
legacy_r2,20.325,15.7191661891,9.99489298578,0,0,4.03564356997,3.54183096228,0,0,1
legacy_r2,20.35,15.7191661891,9.99489298578,0,0,4.03564356997,3.54183096228,0,0,1
legacy_r2,20.375,15.7191661891,9.99489298578,0,0,4.03564356997,3.54183096228,0,0,1
legacy_r2,20.4,15.7191661891,9.99489298578,0,0,4.03564356997,3.54183096228,0,0,1
legacy_r2,20.425,15.7191661891,9.99489298578,0,0,4.03564356997,3.54183096228,0,0,1
legacy_r2,20.45,15.7191661891,9.99489298578,0,0,4.03564356997,3.54183096228,0,0,1
legacy_r2,20.475,15.7191661891,9.99489298578,0,0,4.03564356997,3.54183096228,0,0,1
legacy_r2,20.5,15.7191661891,9.99489298578,0,0,4.03564356997,3.54183096228,0,0,1
legacy_r2,20.525,15.7191661891,9.99489298578,0,0,4.03564356997,3.54183096228,0,0,1
legacy_r2,20.55,15.7191661891,9.99489298578,0,0,4.03564356997,3.54183096228,0,0,1
legacy_r2,20.575,15.7191661891,9.99489298578,0,0,4.03564356997,3.54183096228,0,0,1
legacy_r2,20.6,15.7191661891,9.99489298578,0,0,4.03564356997,3.54183096228,0,0,1
legacy_r2,20.625,15.7191661891,9.99489298578,0,0,4.03564356997,3.54183096228,0,0,1
legacy_r2,20.65,15.7191661891,9.99489298578,0,0,4.03564356997,3.54183096228,0,0,1
legacy_r2,20.675,15.7191661891,9.99489298578,0,0,4.03564356997,3.54183096228,0,0,1
legacy_r2,20.7,15.7191661891,9.99489298578,0,0,4.03564356997,3.54183096228,0,0,1
legacy_r2,20.725,15.7191661891,9.99489298578,0,0,4.03564356997,3.54183096228,0,0,1
legacy_r2,20.75,15.7191661891,9.99489298578,0,0,4.03564356997,3.54183096228,0,0,1
legacy_r2,20.775,15.7191661891,9.99489298578,0,0,4.03564356997,3.54183096228,0,0,1
legacy_r2,20.8,15.7191661891,9.99489298578,0,0,4.03564356997,3.54183096228,0,0,1
legacy_r2,20.825,15.7191661891,9.99489298578,0,0,4.03564356997,3.54183096228,0,0,1
legacy_r2,20.85,15.7191661891,9.99489298578,0,0,4.03564356997,3.54183096228,0,0,1
legacy_r2,20.875,15.7191661891,9.99489298578,0,0,4.03564356997,3.54183096228,0,0,1
legacy_r2,20.9,15.7191661891,9.99489298578,0,0,4.03564356997,3.54183096228,0,0,1
legacy_r2,20.925,15.7191661891,9.99489298578,0,0,4.03564356997,3.54183096228,0,0,1
legacy_r2,20.95,15.7191661891,9.99489298578,0,0,4.03564356997,3.54183096228,0,0,1
legacy_r2,20.975,15.7191661891,9.99489298578,0,0,4.03564356997,3.54183096228,0,0,1
legacy_r2,21,15.7191661891,9.99489298578,0,0,4.03564356997,3.54183096228,0,0,1
legacy_r2,21.025,15.7191661891,9.99489298578,0,0,4.03564356997,3.54183096228,0,0,1
legacy_r2,21.05,15.7191661891,9.99489298578,0,0,4.03564356997,3.54183096228,0,0,1
legacy_r2,21.075,15.7191661891,9.99489298578,0,0,4.03564356997,3.54183096228,0,0,1
legacy_r2,21.1,15.7191661891,9.99489298578,0,0,4.03564356997,3.54183096228,0,0,1
legacy_r2,21.125,15.7191661891,9.99489298578,0,0,4.03564356997,3.54183096228,0,0,1
legacy_r2,21.15,15.7191661891,9.99489298578,0,0,4.03564356997,3.54183096228,0,0,1
legacy_r2,21.175,15.7191661891,9.99489298578,0,0,4.03564356997,3.54183096228,0,0,1
legacy_r2,21.2,15.7191661891,9.99489298578,0,0,4.03564356997,3.54183096228,0,0,1
legacy_r2,21.225,15.7191661891,9.99489298578,0,0,4.03564356997,3.54183096228,0,0,1
legacy_r2,21.25,15.7191661891,9.99489298578,0,0,4.03564356997,3.54183096228,0,0,1
legacy_r2,21.275,15.7191661891,9.99489298578,0,0,4.03564356997,3.54183096228,0,0,1
legacy_r2,21.3,15.7191661891,9.99489298578,0,0,4.03564356997,3.54183096228,0,0,1
legacy_r2,21.325,15.7191661891,9.99489298578,0,0,4.03564356997,3.54183096228,0,0,1
legacy_r2,21.35,15.7191661891,9.99489298578,0,0,4.03564356997,3.54183096228,0,0,1
legacy_r2,21.375,15.7191661891,9.99489298578,0,0,4.03564356997,3.54183096228,0,0,1
legacy_r2,21.4,15.7191661891,9.99489298578,0,0,4.03564356997,3.54183096228,0,0,1
legacy_r2,21.425,15.7191661891,9.99489298578,0,0,4.03564356997,3.54183096228,0,0,1
legacy_r2,21.45,15.7191661891,9.99489298578,0,0,4.03564356997,3.54183096228,0,0,1
legacy_r2,21.475,15.7191661891,9.99489298578,0,0,4.03564356997,3.54183096228,0,0,1
legacy_r2,21.5,15.7191661891,9.99489298578,0,0,4.03564356997,3.54183096228,0,0,1
legacy_r2,21.525,15.7191661891,9.99489298578,0,0,4.03564356997,3.54183096228,0,0,1
legacy_r2,21.55,15.7191661891,9.99489298578,0,0,4.03564356997,3.54183096228,0,0,1
legacy_r2,21.575,15.7191661891,9.99489298578,0,0,4.03564356997,3.54183096228,0,0,1
legacy_r2,21.6,15.7191661891,9.99489298578,0,0,4.03564356997,3.54183096228,0,0,1
legacy_r2,21.625,15.7191661891,9.99489298578,0,0,4.03564356997,3.54183096228,0,0,1
legacy_r2,21.65,15.7191661891,9.99489298578,0,0,4.03564356997,3.54183096228,0,0,1
legacy_r2,21.675,15.7191661891,9.99489298578,0,0,4.03564356997,3.54183096228,0,0,1
legacy_r2,21.7,15.7191661891,9.99489298578,0,0,4.03564356997,3.54183096228,0,0,1
legacy_r2,21.725,15.7191661891,9.99489298578,0,0,4.03564356997,3.54183096228,0,0,1
legacy_r2,21.75,15.7191661891,9.99489298578,0,0,4.03564356997,3.54183096228,0,0,1
legacy_r2,21.775,15.7191661891,9.99489298578,0,0,4.03564356997,3.54183096228,0,0,1
legacy_r2,21.8,15.7191661891,9.99489298578,0,0,4.03564356997,3.54183096228,0,0,1
legacy_r2,21.825,15.7191661891,9.99489298578,0,0,4.03564356997,3.54183096228,0,0,1
legacy_r2,21.85,15.7191661891,9.99489298578,0,0,4.03564356997,3.54183096228,0,0,1
legacy_r2,21.875,15.7191661891,9.99489298578,0,0,4.03564356997,3.54183096228,0,0,1
legacy_r2,21.9,15.7191661891,9.99489298578,0,0,4.03564356997,3.54183096228,0,0,1
legacy_r2,21.925,15.7191661891,9.99489298578,0,0,4.03564356997,3.54183096228,0,0,1
legacy_r2,21.95,15.7191661891,9.99489298578,0,0,4.03564356997,3.54183096228,0,0,1
legacy_r2,21.975,15.7191661891,9.99489298578,0,0,4.03564356997,3.54183096228,0,0,1
legacy_r2,22,15.7191661891,9.99489298578,0,0,4.03564356997,3.54183096228,0,0,1
legacy_r2,22.025,15.7191661891,9.99489298578,0,0,4.03564356997,3.54183096228,0,0,1
legacy_r2,22.05,15.7191661891,9.99489298578,0,0,4.03564356997,3.54183096228,0,0,1
legacy_r2,22.075,15.7191661891,9.99489298578,0,0,4.03564356997,3.54183096228,0,0,1
legacy_r2,22.1,15.7191661891,9.99489298578,0,0,4.03564356997,3.54183096228,0,0,1
legacy_r2,22.125,15.7191661891,9.99489298578,0,0,4.03564356997,3.54183096228,0,0,1
legacy_r2,22.15,15.7191661891,9.99489298578,0,0,4.03564356997,3.54183096228,0,0,1
legacy_r2,22.175,15.7191661891,9.99489298578,0,0,4.03564356997,3.54183096228,0,0,1
legacy_r2,22.2,15.7191661891,9.99489298578,0,0,4.03564356997,3.54183096228,0,0,1
legacy_r2,22.225,15.7191661891,9.99489298578,0,0,4.03564356997,3.54183096228,0,0,1
legacy_r2,22.25,15.7191661891,9.99489298578,0,0,4.03564356997,3.54183096228,0,0,1
legacy_r2,22.275,15.7191661891,9.99489298578,0,0,4.03564356997,3.54183096228,0,0,1
legacy_r2,22.3,15.7191661891,9.99489298578,0,0,4.03564356997,3.54183096228,0,0,1
legacy_r2,22.325,15.7191661891,9.99489298578,0,0,4.03564356997,3.54183096228,0,0,1
legacy_r2,22.35,15.7191661891,9.99489298578,0,0,4.03564356997,3.54183096228,0,0,1
legacy_r2,22.375,15.7191661891,9.99489298578,0,0,4.03564356997,3.54183096228,0,0,1
legacy_r2,22.4,15.7191661891,9.99489298578,0,0,4.03564356997,3.54183096228,0,0,1
legacy_r2,22.425,15.7191661891,9.99489298578,0,0,4.03564356997,3.54183096228,0,0,1
legacy_r2,22.45,15.7191661891,9.99489298578,0,0,4.03564356997,3.54183096228,0,0,1
legacy_r2,22.475,15.7191661891,9.99489298578,0,0,4.03564356997,3.54183096228,0,0,1
legacy_r2,22.5,15.7191661891,9.99489298578,0,0,4.03564356997,3.54183096228,0,0,1
legacy_r2,22.525,15.7191661891,9.99489298578,0,0,4.03564356997,3.54183096228,0,0,1
legacy_r2,22.55,15.7191661891,9.99489298578,0,0,4.03564356997,3.54183096228,0,0,1
legacy_r2,22.575,15.7191661891,9.99489298578,0,0,4.03564356997,3.54183096228,0,0,1
legacy_r2,22.6,15.7191661891,9.99489298578,0,0,4.03564356997,3.54183096228,0,0,1
legacy_r2,22.625,15.7191661891,9.99489298578,0,0,4.03564356997,3.54183096228,0,0,1
legacy_r2,22.65,15.7191661891,9.99489298578,0,0,4.03564356997,3.54183096228,0,0,1
legacy_r2,22.675,15.7191661891,9.99489298578,0,0,4.03564356997,3.54183096228,0,0,1
legacy_r2,22.7,15.7191661891,9.99489298578,0,0,4.03564356997,3.54183096228,0,0,1
legacy_r2,22.725,15.7191661891,9.99489298578,0,0,4.03564356997,3.54183096228,0,0,1
legacy_r2,22.75,15.7191661891,9.99489298578,0,0,4.03564356997,3.54183096228,0,0,1
legacy_r2,22.775,15.7191661891,9.99489298578,0,0,4.03564356997,3.54183096228,0,0,1
legacy_r2,22.8,15.7191661891,9.99489298578,0,0,4.03564356997,3.54183096228,0,0,1
legacy_r2,22.825,15.7191661891,9.99489298578,0,0,4.03564356997,3.54183096228,0,0,1
legacy_r2,22.85,15.7191661891,9.99489298578,0,0,4.03564356997,3.54183096228,0,0,1
legacy_r2,22.875,15.7191661891,9.99489298578,0,0,4.03564356997,3.54183096228,0,0,1
legacy_r2,22.9,15.7191661891,9.99489298578,0,0,4.03564356997,3.54183096228,0,0,1
legacy_r2,22.925,15.7191661891,9.99489298578,0,0,4.03564356997,3.54183096228,0,0,1
legacy_r2,22.95,15.7191661891,9.99489298578,0,0,4.03564356997,3.54183096228,0,0,1
legacy_r2,22.975,15.7191661891,9.99489298578,0,0,4.03564356997,3.54183096228,0,0,1
legacy_r2,23,15.7191661891,9.99489298578,0,0,4.03564356997,3.54183096228,0,0,1
legacy_r2,23.025,15.7191661891,9.99489298578,0,0,4.03564356997,3.54183096228,0,0,1
legacy_r2,23.05,15.7191661891,9.99489298578,0,0,4.03564356997,3.54183096228,0,0,1
legacy_r2,23.075,15.7191661891,9.99489298578,0,0,4.03564356997,3.54183096228,0,0,1
legacy_r2,23.1,15.7191661891,9.99489298578,0,0,4.03564356997,3.54183096228,0,0,1
legacy_r2,23.125,15.7191661891,9.99489298578,0,0,4.03564356997,3.54183096228,0,0,1
legacy_r2,23.15,15.7191661891,9.99489298578,0,0,4.03564356997,3.54183096228,0,0,1
legacy_r2,23.175,15.7191661891,9.99489298578,0,0,4.03564356997,3.54183096228,0,0,1
legacy_r2,23.2,15.7191661891,9.99489298578,0,0,4.03564356997,3.54183096228,0,0,1
legacy_r2,23.225,15.7191661891,9.99489298578,0,0,4.03564356997,3.54183096228,0,0,1
legacy_r2,23.25,15.7191661891,9.99489298578,0,0,4.03564356997,3.54183096228,0,0,1
legacy_r2,23.275,15.7191661891,9.99489298578,0,0,4.03564356997,3.54183096228,0,0,1
legacy_r2,23.3,15.7191661891,9.99489298578,0,0,4.03564356997,3.54183096228,0,0,1
legacy_r2,23.325,15.7191661891,9.99489298578,0,0,4.03564356997,3.54183096228,0,0,1
legacy_r2,23.35,15.7191661891,9.99489298578,0,0,4.03564356997,3.54183096228,0,0,1
legacy_r2,23.375,15.7191661891,9.99489298578,0,0,4.03564356997,3.54183096228,0,0,1
legacy_r2,23.4,15.7191661891,9.99489298578,0,0,4.03564356997,3.54183096228,0,0,1
legacy_r2,23.425,15.7191661891,9.99489298578,0,0,4.03564356997,3.54183096228,0,0,1
legacy_r2,23.45,15.7191661891,9.99489298578,0,0,4.03564356997,3.54183096228,0,0,1
legacy_r2,23.475,15.7191661891,9.99489298578,0,0,4.03564356997,3.54183096228,0,0,1
legacy_r2,23.5,15.7191661891,9.99489298578,0,0,4.03564356997,3.54183096228,0,0,1
legacy_r2,23.525,15.7191661891,9.99489298578,0,0,4.03564356997,3.54183096228,0,0,1
legacy_r2,23.55,15.7191661891,9.99489298578,0,0,4.03564356997,3.54183096228,0,0,1
legacy_r2,23.575,15.7191661891,9.99489298578,0,0,4.03564356997,3.54183096228,0,0,1
legacy_r2,23.6,15.7191661891,9.99489298578,0,0,4.03564356997,3.54183096228,0,0,1
legacy_r2,23.625,15.7191661891,9.99489298578,0,0,4.03564356997,3.54183096228,0,0,1
legacy_r2,23.65,15.7191661891,9.99489298578,0,0,4.03564356997,3.54183096228,0,0,1
legacy_r2,23.675,15.7191661891,9.99489298578,0,0,4.03564356997,3.54183096228,0,0,1
legacy_r2,23.7,15.7191661891,9.99489298578,0,0,4.03564356997,3.54183096228,0,0,1
legacy_r2,23.725,15.7191661891,9.99489298578,0,0,4.03564356997,3.54183096228,0,0,1
legacy_r2,23.75,15.7191661891,9.99489298578,0,0,4.03564356997,3.54183096228,0,0,1
legacy_r2,23.775,15.7191661891,9.99489298578,0,0,4.03564356997,3.54183096228,0,0,1
legacy_r2,23.8,15.7191661891,9.99489298578,0,0,4.03564356997,3.54183096228,0,0,1
legacy_r2,23.825,15.7191661891,9.99489298578,0,0,4.03564356997,3.54183096228,0,0,1
legacy_r2,23.85,15.7191661891,9.99489298578,0,0,4.03564356997,3.54183096228,0,0,1
legacy_r2,23.875,15.7191661891,9.99489298578,0,0,4.03564356997,3.54183096228,0,0,1
legacy_r2,23.9,15.7191661891,9.99489298578,0,0,4.03564356997,3.54183096228,0,0,1
legacy_r2,23.925,15.7191661891,9.99489298578,0,0,4.03564356997,3.54183096228,0,0,1
legacy_r2,23.95,15.7191661891,9.99489298578,0,0,4.03564356997,3.54183096228,0,0,1
legacy_r2,23.975,15.7191661891,9.99489298578,0,0,4.03564356997,3.54183096228,0,0,1
legacy_r2,24,15.7191661891,9.99489298578,0,0,4.03564356997,3.54183096228,0,0,1
legacy_r2,24.025,15.7191661891,9.99489298578,0,0,4.03564356997,3.54183096228,0,0,1
legacy_r2,24.05,15.7191661891,9.99489298578,0,0,4.03564356997,3.54183096228,0,0,1
legacy_r2,24.075,15.7191661891,9.99489298578,0,0,4.03564356997,3.54183096228,0,0,1
legacy_r2,24.1,15.7191661891,9.99489298578,0,0,4.03564356997,3.54183096228,0,0,1
legacy_r2,24.125,15.7191661891,9.99489298578,0,0,4.03564356997,3.54183096228,0,0,1
legacy_r2,24.15,15.7191661891,9.99489298578,0,0,4.03564356997,3.54183096228,0,0,1
legacy_r2,24.175,15.7191661891,9.99489298578,0,0,4.03564356997,3.54183096228,0,0,1
legacy_r2,24.2,15.7191661891,9.99489298578,0,0,4.03564356997,3.54183096228,0,0,1
legacy_r2,24.225,15.7191661891,9.99489298578,0,0,4.03564356997,3.54183096228,0,0,1
legacy_r2,24.25,15.7191661891,9.99489298578,0,0,4.03564356997,3.54183096228,0,0,1
legacy_r2,24.275,15.7191661891,9.99489298578,0,0,4.03564356997,3.54183096228,0,0,1
legacy_r2,24.3,15.7191661891,9.99489298578,0,0,4.03564356997,3.54183096228,0,0,1
legacy_r2,24.325,15.7191661891,9.99489298578,0,0,4.03564356997,3.54183096228,0,0,1
legacy_r2,24.35,15.7191661891,9.99489298578,0,0,4.03564356997,3.54183096228,0,0,1
legacy_r2,24.375,15.7191661891,9.99489298578,0,0,4.03564356997,3.54183096228,0,0,1
legacy_r2,24.4,15.7191661891,9.99489298578,0,0,4.03564356997,3.54183096228,0,0,1
legacy_r2,24.425,15.7191661891,9.99489298578,0,0,4.03564356997,3.54183096228,0,0,1
legacy_r2,24.45,15.7191661891,9.99489298578,0,0,4.03564356997,3.54183096228,0,0,1
legacy_r2,24.475,15.7191661891,9.99489298578,0,0,4.03564356997,3.54183096228,0,0,1
legacy_r2,24.5,15.7191661891,9.99489298578,0,0,4.03564356997,3.54183096228,0,0,1
legacy_r2,24.525,15.7191661891,9.99489298578,0,0,4.03564356997,3.54183096228,0,0,1
legacy_r2,24.55,15.7191661891,9.99489298578,0,0,4.03564356997,3.54183096228,0,0,1
legacy_r2,24.575,15.7191661891,9.99489298578,0,0,4.03564356997,3.54183096228,0,0,1
legacy_r2,24.6,15.7191661891,9.99489298578,0,0,4.03564356997,3.54183096228,0,0,1
legacy_r2,24.625,15.7191661891,9.99489298578,0,0,4.03564356997,3.54183096228,0,0,1
legacy_r2,24.65,15.7191661891,9.99489298578,0,0,4.03564356997,3.54183096228,0,0,1
legacy_r2,24.675,15.7191661891,9.99489298578,0,0,4.03564356997,3.54183096228,0,0,1
legacy_r2,24.7,15.7191661891,9.99489298578,0,0,4.03564356997,3.54183096228,0,0,1
legacy_r2,24.725,15.7191661891,9.99489298578,0,0,4.03564356997,3.54183096228,0,0,1
legacy_r2,24.75,15.7191661891,9.99489298578,0,0,4.03564356997,3.54183096228,0,0,1
legacy_r2,24.775,15.7191661891,9.99489298578,0,0,4.03564356997,3.54183096228,0,0,1
legacy_r2,24.8,15.7191661891,9.99489298578,0,0,4.03564356997,3.54183096228,0,0,1
legacy_r2,24.825,15.7191661891,9.99489298578,0,0,4.03564356997,3.54183096228,0,0,1
legacy_r2,24.85,15.7191661891,9.99489298578,0,0,4.03564356997,3.54183096228,0,0,1
legacy_r2,24.875,15.7191661891,9.99489298578,0,0,4.03564356997,3.54183096228,0,0,1
legacy_r2,24.9,15.7191661891,9.99489298578,0,0,4.03564356997,3.54183096228,0,0,1
legacy_r2,24.925,15.7191661891,9.99489298578,0,0,4.03564356997,3.54183096228,0,0,1
legacy_r2,24.95,15.7191661891,9.99489298578,0,0,4.03564356997,3.54183096228,0,0,1
legacy_r2,24.975,15.7191661891,9.99489298578,0,0,4.03564356997,3.54183096228,0,0,1
legacy_r2,25,15.7191661891,9.99489298578,0,0,4.03564356997,3.54183096228,0,0,1
legacy_r2,25.025,15.7191661891,9.99489298578,0,0,4.03564356997,3.54183096228,0,0,1
legacy_r2,25.05,15.7191661891,9.99489298578,0,0,4.03564356997,3.54183096228,0,0,1
legacy_r2,25.075,15.7191661891,9.99489298578,0,0,4.03564356997,3.54183096228,0,0,1
legacy_r2,25.1,15.7191661891,9.99489298578,0,0,4.03564356997,3.54183096228,0,0,1
legacy_r2,25.125,15.7191661891,9.99489298578,0,0,4.03564356997,3.54183096228,0,0,1
legacy_r2,25.15,15.7191661891,9.99489298578,0,0,4.03564356997,3.54183096228,0,0,1
legacy_r2,25.175,15.7191661891,9.99489298578,0,0,4.03564356997,3.54183096228,0,0,1
legacy_r2,25.2,15.7191661891,9.99489298578,0,0,4.03564356997,3.54183096228,0,0,1
legacy_r2,25.225,15.7191661891,9.99489298578,0,0,4.03564356997,3.54183096228,0,0,1
legacy_r2,25.25,15.7191661891,9.99489298578,0,0,4.03564356997,3.54183096228,0,0,1
legacy_r2,25.275,15.7191661891,9.99489298578,0,0,4.03564356997,3.54183096228,0,0,1
legacy_r2,25.3,15.7191661891,9.99489298578,0,0,4.03564356997,3.54183096228,0,0,1
legacy_r2,25.325,15.7191661891,9.99489298578,0,0,4.03564356997,3.54183096228,0,0,1
legacy_r2,25.35,15.7191661891,9.99489298578,0,0,4.03564356997,3.54183096228,0,0,1
legacy_r2,25.375,15.7191661891,9.99489298578,0,0,4.03564356997,3.54183096228,0,0,1
legacy_r2,25.4,15.7191661891,9.99489298578,0,0,4.03564356997,3.54183096228,0,0,1
legacy_r2,25.425,15.7191661891,9.99489298578,0,0,4.03564356997,3.54183096228,0,0,1
legacy_r2,25.45,15.7191661891,9.99489298578,0,0,4.03564356997,3.54183096228,0,0,1
legacy_r2,25.475,15.7191661891,9.99489298578,0,0,4.03564356997,3.54183096228,0,0,1
legacy_r2,25.5,15.7191661891,9.99489298578,0,0,4.03564356997,3.54183096228,0,0,1
legacy_r2,25.525,15.7191661891,9.99489298578,0,0,4.03564356997,3.54183096228,0,0,1
legacy_r2,25.55,15.7191661891,9.99489298578,0,0,4.03564356997,3.54183096228,0,0,1
legacy_r2,25.575,15.7191661891,9.99489298578,0,0,4.03564356997,3.54183096228,0,0,1
legacy_r2,25.6,15.7191661891,9.99489298578,0,0,4.03564356997,3.54183096228,0,0,1
legacy_r2,25.625,15.7191661891,9.99489298578,0,0,4.03564356997,3.54183096228,0,0,1
legacy_r2,25.65,15.7191661891,9.99489298578,0,0,4.03564356997,3.54183096228,0,0,1
legacy_r2,25.675,15.7191661891,9.99489298578,0,0,4.03564356997,3.54183096228,0,0,1
legacy_r2,25.7,15.7191661891,9.99489298578,0,0,4.03564356997,3.54183096228,0,0,1
legacy_r2,25.725,15.7191661891,9.99489298578,0,0,4.03564356997,3.54183096228,0,0,1
legacy_r2,25.75,15.7191661891,9.99489298578,0,0,4.03564356997,3.54183096228,0,0,1
legacy_r2,25.775,15.7191661891,9.99489298578,0,0,4.03564356997,3.54183096228,0,0,1
legacy_r2,25.8,15.7191661891,9.99489298578,0,0,4.03564356997,3.54183096228,0,0,1
legacy_r2,25.825,15.7191661891,9.99489298578,0,0,4.03564356997,3.54183096228,0,0,1
legacy_r2,25.85,15.7191661891,9.99489298578,0,0,4.03564356997,3.54183096228,0,0,1
legacy_r2,25.875,15.7191661891,9.99489298578,0,0,4.03564356997,3.54183096228,0,0,1
legacy_r2,25.9,15.7191661891,9.99489298578,0,0,4.03564356997,3.54183096228,0,0,1
legacy_r2,25.925,15.7191661891,9.99489298578,0,0,4.03564356997,3.54183096228,0,0,1
legacy_r2,25.95,15.7191661891,9.99489298578,0,0,4.03564356997,3.54183096228,0,0,1
legacy_r2,25.975,15.7191661891,9.99489298578,0,0,4.03564356997,3.54183096228,0,0,1
legacy_r2,26,15.7191661891,9.99489298578,0,0,4.03564356997,3.54183096228,0,0,1
legacy_r2,26.025,15.7191661891,9.99489298578,0,0,4.03564356997,3.54183096228,0,0,1
legacy_r2,26.05,15.7191661891,9.99489298578,0,0,4.03564356997,3.54183096228,0,0,1
legacy_r2,26.075,15.7191661891,9.99489298578,0,0,4.03564356997,3.54183096228,0,0,1
legacy_r2,26.1,15.7191661891,9.99489298578,0,0,4.03564356997,3.54183096228,0,0,1
legacy_r2,26.125,15.7191661891,9.99489298578,0,0,4.03564356997,3.54183096228,0,0,1
legacy_r2,26.15,15.7191661891,9.99489298578,0,0,4.03564356997,3.54183096228,0,0,1
legacy_r2,26.175,15.7191661891,9.99489298578,0,0,4.03564356997,3.54183096228,0,0,1
legacy_r2,26.2,15.7191661891,9.99489298578,0,0,4.03564356997,3.54183096228,0,0,1
legacy_r2,26.225,15.7191661891,9.99489298578,0,0,4.03564356997,3.54183096228,0,0,1
legacy_r2,26.25,15.7191661891,9.99489298578,0,0,4.03564356997,3.54183096228,0,0,1
legacy_r2,26.275,15.7191661891,9.99489298578,0,0,4.03564356997,3.54183096228,0,0,1
legacy_r2,26.3,15.7191661891,9.99489298578,0,0,4.03564356997,3.54183096228,0,0,1
legacy_r2,26.325,15.7191661891,9.99489298578,0,0,4.03564356997,3.54183096228,0,0,1
legacy_r2,26.35,15.7191661891,9.99489298578,0,0,4.03564356997,3.54183096228,0,0,1
legacy_r2,26.375,15.7191661891,9.99489298578,0,0,4.03564356997,3.54183096228,0,0,1
legacy_r2,26.4,15.7191661891,9.99489298578,0,0,4.03564356997,3.54183096228,0,0,1
legacy_r2,26.425,15.7191661891,9.99489298578,0,0,4.03564356997,3.54183096228,0,0,1
legacy_r2,26.45,15.7191661891,9.99489298578,0,0,4.03564356997,3.54183096228,0,0,1
legacy_r2,26.475,15.7191661891,9.99489298578,0,0,4.03564356997,3.54183096228,0,0,1
legacy_r2,26.5,15.7191661891,9.99489298578,0,0,4.03564356997,3.54183096228,0,0,1
legacy_r2,26.525,15.7191661891,9.99489298578,0,0,4.03564356997,3.54183096228,0,0,1
legacy_r2,26.55,15.7191661891,9.99489298578,0,0,4.03564356997,3.54183096228,0,0,1
legacy_r2,26.575,15.7191661891,9.99489298578,0,0,4.03564356997,3.54183096228,0,0,1
legacy_r2,26.6,15.7191661891,9.99489298578,0,0,4.03564356997,3.54183096228,0,0,1
legacy_r2,26.625,15.7191661891,9.99489298578,0,0,4.03564356997,3.54183096228,0,0,1
legacy_r2,26.65,15.7191661891,9.99489298578,0,0,4.03564356997,3.54183096228,0,0,1
legacy_r2,26.675,15.7191661891,9.99489298578,0,0,4.03564356997,3.54183096228,0,0,1
legacy_r2,26.7,15.7191661891,9.99489298578,0,0,4.03564356997,3.54183096228,0,0,1
legacy_r2,26.725,15.7191661891,9.99489298578,0,0,4.03564356997,3.54183096228,0,0,1
legacy_r2,26.75,15.7191661891,9.99489298578,0,0,4.03564356997,3.54183096228,0,0,1
legacy_r2,26.775,15.7191661891,9.99489298578,0,0,4.03564356997,3.54183096228,0,0,1
legacy_r2,26.8,15.7191661891,9.99489298578,0,0,4.03564356997,3.54183096228,0,0,1
legacy_r2,26.825,15.7191661891,9.99489298578,0,0,4.03564356997,3.54183096228,0,0,1
legacy_r2,26.85,15.7191661891,9.99489298578,0,0,4.03564356997,3.54183096228,0,0,1
legacy_r2,26.875,15.7191661891,9.99489298578,0,0,4.03564356997,3.54183096228,0,0,1
legacy_r2,26.9,15.7191661891,9.99489298578,0,0,4.03564356997,3.54183096228,0,0,1
legacy_r2,26.925,15.7191661891,9.99489298578,0,0,4.03564356997,3.54183096228,0,0,1
legacy_r2,26.95,15.7191661891,9.99489298578,0,0,4.03564356997,3.54183096228,0,0,1
legacy_r2,26.975,15.7191661891,9.99489298578,0,0,4.03564356997,3.54183096228,0,0,1
legacy_r2,27,15.7191661891,9.99489298578,0,0,4.03564356997,3.54183096228,0,0,1
legacy_r2,27.025,15.7191661891,9.99489298578,0,0,4.03564356997,3.54183096228,0,0,1
legacy_r2,27.05,15.7191661891,9.99489298578,0,0,4.03564356997,3.54183096228,0,0,1
legacy_r2,27.075,15.7191661891,9.99489298578,0,0,4.03564356997,3.54183096228,0,0,1
legacy_r2,27.1,15.7191661891,9.99489298578,0,0,4.03564356997,3.54183096228,0,0,1
legacy_r2,27.125,15.7191661891,9.99489298578,0,0,4.03564356997,3.54183096228,0,0,1
legacy_r2,27.15,15.7191661891,9.99489298578,0,0,4.03564356997,3.54183096228,0,0,1
legacy_r2,27.175,15.7191661891,9.99489298578,0,0,4.03564356997,3.54183096228,0,0,1
legacy_r2,27.2,15.7191661891,9.99489298578,0,0,4.03564356997,3.54183096228,0,0,1
legacy_r2,27.225,15.7191661891,9.99489298578,0,0,4.03564356997,3.54183096228,0,0,1
legacy_r2,27.25,15.7191661891,9.99489298578,0,0,4.03564356997,3.54183096228,0,0,1
legacy_r2,27.275,15.7191661891,9.99489298578,0,0,4.03564356997,3.54183096228,0,0,1
legacy_r2,27.3,15.7191661891,9.99489298578,0,0,4.03564356997,3.54183096228,0,0,1
legacy_r2,27.325,15.7191661891,9.99489298578,0,0,4.03564356997,3.54183096228,0,0,1
legacy_r2,27.35,15.7191661891,9.99489298578,0,0,4.03564356997,3.54183096228,0,0,1
legacy_r2,27.375,15.7191661891,9.99489298578,0,0,4.03564356997,3.54183096228,0,0,1
legacy_r2,27.4,15.7191661891,9.99489298578,0,0,4.03564356997,3.54183096228,0,0,1
legacy_r2,27.425,15.7191661891,9.99489298578,0,0,4.03564356997,3.54183096228,0,0,1
legacy_r2,27.45,15.7191661891,9.99489298578,0,0,4.03564356997,3.54183096228,0,0,1
legacy_r2,27.475,15.7191661891,9.99489298578,0,0,4.03564356997,3.54183096228,0,0,1
legacy_r2,27.5,15.7191661891,9.99489298578,0,0,4.03564356997,3.54183096228,0,0,1
legacy_r2,27.525,15.7191661891,9.99489298578,0,0,4.03564356997,3.54183096228,0,0,1
legacy_r2,27.55,15.7191661891,9.99489298578,0,0,4.03564356997,3.54183096228,0,0,1
legacy_r2,27.575,15.7191661891,9.99489298578,0,0,4.03564356997,3.54183096228,0,0,1
legacy_r2,27.6,15.7191661891,9.99489298578,0,0,4.03564356997,3.54183096228,0,0,1
legacy_r2,27.625,15.7191661891,9.99489298578,0,0,4.03564356997,3.54183096228,0,0,1
legacy_r2,27.65,15.7191661891,9.99489298578,0,0,4.03564356997,3.54183096228,0,0,1
legacy_r2,27.675,15.7191661891,9.99489298578,0,0,4.03564356997,3.54183096228,0,0,1
legacy_r2,27.7,15.7191661891,9.99489298578,0,0,4.03564356997,3.54183096228,0,0,1
legacy_r2,27.725,15.7191661891,9.99489298578,0,0,4.03564356997,3.54183096228,0,0,1
legacy_r2,27.75,15.7191661891,9.99489298578,0,0,4.03564356997,3.54183096228,0,0,1
legacy_r2,27.775,15.7191661891,9.99489298578,0,0,4.03564356997,3.54183096228,0,0,1
legacy_r2,27.8,15.7191661891,9.99489298578,0,0,4.03564356997,3.54183096228,0,0,1
legacy_r2,27.825,15.7191661891,9.99489298578,0,0,4.03564356997,3.54183096228,0,0,1
legacy_r2,27.85,15.7191661891,9.99489298578,0,0,4.03564356997,3.54183096228,0,0,1
legacy_r2,27.875,15.7191661891,9.99489298578,0,0,4.03564356997,3.54183096228,0,0,1
legacy_r2,27.9,15.7191661891,9.99489298578,0,0,4.03564356997,3.54183096228,0,0,1
legacy_r2,27.925,15.7191661891,9.99489298578,0,0,4.03564356997,3.54183096228,0,0,1
legacy_r2,27.95,15.7191661891,9.99489298578,0,0,4.03564356997,3.54183096228,0,0,1
legacy_r2,27.975,15.7191661891,9.99489298578,0,0,4.03564356997,3.54183096228,0,0,1
legacy_r2,28,15.7191661891,9.99489298578,0,0,4.03564356997,3.54183096228,0,0,1
legacy_r2,28.025,15.7191661891,9.99489298578,0,0,4.03564356997,3.54183096228,0,0,1
legacy_r2,28.05,15.7191661891,9.99489298578,0,0,4.03564356997,3.54183096228,0,0,1
legacy_r2,28.075,15.7191661891,9.99489298578,0,0,4.03564356997,3.54183096228,0,0,1
legacy_r2,28.1,15.7191661891,9.99489298578,0,0,4.03564356997,3.54183096228,0,0,1
legacy_r2,28.125,15.7191661891,9.99489298578,0,0,4.03564356997,3.54183096228,0,0,1
legacy_r2,28.15,15.7191661891,9.99489298578,0,0,4.03564356997,3.54183096228,0,0,1
legacy_r2,28.175,15.7191661891,9.99489298578,0,0,4.03564356997,3.54183096228,0,0,1
legacy_r2,28.2,15.7191661891,9.99489298578,0,0,4.03564356997,3.54183096228,0,0,1
legacy_r2,28.225,15.7191661891,9.99489298578,0,0,4.03564356997,3.54183096228,0,0,1
legacy_r2,28.25,15.7191661891,9.99489298578,0,0,4.03564356997,3.54183096228,0,0,1
legacy_r2,28.275,15.7191661891,9.99489298578,0,0,4.03564356997,3.54183096228,0,0,1
legacy_r2,28.3,15.7191661891,9.99489298578,0,0,4.03564356997,3.54183096228,0,0,1
legacy_r2,28.325,15.7191661891,9.99489298578,0,0,4.03564356997,3.54183096228,0,0,1
legacy_r2,28.35,15.7191661891,9.99489298578,0,0,4.03564356997,3.54183096228,0,0,1
legacy_r2,28.375,15.7191661891,9.99489298578,0,0,4.03564356997,3.54183096228,0,0,1
legacy_r2,28.4,15.7191661891,9.99489298578,0,0,4.03564356997,3.54183096228,0,0,1
legacy_r2,28.425,15.7191661891,9.99489298578,0,0,4.03564356997,3.54183096228,0,0,1
legacy_r2,28.45,15.7191661891,9.99489298578,0,0,4.03564356997,3.54183096228,0,0,1
legacy_r2,28.475,15.7191661891,9.99489298578,0,0,4.03564356997,3.54183096228,0,0,1
legacy_r2,28.5,15.7191661891,9.99489298578,0,0,4.03564356997,3.54183096228,0,0,1
legacy_r2,28.525,15.7191661891,9.99489298578,0,0,4.03564356997,3.54183096228,0,0,1
legacy_r2,28.55,15.7191661891,9.99489298578,0,0,4.03564356997,3.54183096228,0,0,1
legacy_r2,28.575,15.7191661891,9.99489298578,0,0,4.03564356997,3.54183096228,0,0,1
legacy_r2,28.6,15.7191661891,9.99489298578,0,0,4.03564356997,3.54183096228,0,0,1
legacy_r2,28.625,15.7191661891,9.99489298578,0,0,4.03564356997,3.54183096228,0,0,1
legacy_r2,28.65,15.7191661891,9.99489298578,0,0,4.03564356997,3.54183096228,0,0,1
legacy_r2,28.675,15.7191661891,9.99489298578,0,0,4.03564356997,3.54183096228,0,0,1
legacy_r2,28.7,15.7191661891,9.99489298578,0,0,4.03564356997,3.54183096228,0,0,1
legacy_r2,28.725,15.7191661891,9.99489298578,0,0,4.03564356997,3.54183096228,0,0,1
legacy_r2,28.75,15.7191661891,9.99489298578,0,0,4.03564356997,3.54183096228,0,0,1
legacy_r2,28.775,15.7191661891,9.99489298578,0,0,4.03564356997,3.54183096228,0,0,1
legacy_r2,28.8,15.7191661891,9.99489298578,0,0,4.03564356997,3.54183096228,0,0,1
legacy_r2,28.825,15.7191661891,9.99489298578,0,0,4.03564356997,3.54183096228,0,0,1
legacy_r2,28.85,15.7191661891,9.99489298578,0,0,4.03564356997,3.54183096228,0,0,1
legacy_r2,28.875,15.7191661891,9.99489298578,0,0,4.03564356997,3.54183096228,0,0,1
legacy_r2,28.9,15.7191661891,9.99489298578,0,0,4.03564356997,3.54183096228,0,0,1
legacy_r2,28.925,15.7191661891,9.99489298578,0,0,4.03564356997,3.54183096228,0,0,1
legacy_r2,28.95,15.7191661891,9.99489298578,0,0,4.03564356997,3.54183096228,0,0,1
legacy_r2,28.975,15.7191661891,9.99489298578,0,0,4.03564356997,3.54183096228,0,0,1
legacy_r2,29,15.7191661891,9.99489298578,0,0,4.03564356997,3.54183096228,0,0,1
legacy_r2,29.025,15.7191661891,9.99489298578,0,0,4.03564356997,3.54183096228,0,0,1
legacy_r2,29.05,15.7191661891,9.99489298578,0,0,4.03564356997,3.54183096228,0,0,1
legacy_r2,29.075,15.7191661891,9.99489298578,0,0,4.03564356997,3.54183096228,0,0,1
legacy_r2,29.1,15.7191661891,9.99489298578,0,0,4.03564356997,3.54183096228,0,0,1
legacy_r2,29.125,15.7191661891,9.99489298578,0,0,4.03564356997,3.54183096228,0,0,1
legacy_r2,29.15,15.7191661891,9.99489298578,0,0,4.03564356997,3.54183096228,0,0,1
legacy_r2,29.175,15.7191661891,9.99489298578,0,0,4.03564356997,3.54183096228,0,0,1
legacy_r2,29.2,15.7191661891,9.99489298578,0,0,4.03564356997,3.54183096228,0,0,1
legacy_r2,29.225,15.7191661891,9.99489298578,0,0,4.03564356997,3.54183096228,0,0,1
legacy_r2,29.25,15.7191661891,9.99489298578,0,0,4.03564356997,3.54183096228,0,0,1
legacy_r2,29.275,15.7191661891,9.99489298578,0,0,4.03564356997,3.54183096228,0,0,1
legacy_r2,29.3,15.7191661891,9.99489298578,0,0,4.03564356997,3.54183096228,0,0,1
legacy_r2,29.325,15.7191661891,9.99489298578,0,0,4.03564356997,3.54183096228,0,0,1
legacy_r2,29.35,15.7191661891,9.99489298578,0,0,4.03564356997,3.54183096228,0,0,1
legacy_r2,29.375,15.7191661891,9.99489298578,0,0,4.03564356997,3.54183096228,0,0,1
legacy_r2,29.4,15.7191661891,9.99489298578,0,0,4.03564356997,3.54183096228,0,0,1
legacy_r2,29.425,15.7191661891,9.99489298578,0,0,4.03564356997,3.54183096228,0,0,1
legacy_r2,29.45,15.7191661891,9.99489298578,0,0,4.03564356997,3.54183096228,0,0,1
legacy_r2,29.475,15.7191661891,9.99489298578,0,0,4.03564356997,3.54183096228,0,0,1
legacy_r2,29.5,15.7191661891,9.99489298578,0,0,4.03564356997,3.54183096228,0,0,1
legacy_r2,29.525,15.7191661891,9.99489298578,0,0,4.03564356997,3.54183096228,0,0,1
legacy_r2,29.55,15.7191661891,9.99489298578,0,0,4.03564356997,3.54183096228,0,0,1
legacy_r2,29.575,15.7191661891,9.99489298578,0,0,4.03564356997,3.54183096228,0,0,1
legacy_r2,29.6,15.7191661891,9.99489298578,0,0,4.03564356997,3.54183096228,0,0,1
legacy_r2,29.625,15.7191661891,9.99489298578,0,0,4.03564356997,3.54183096228,0,0,1
legacy_r2,29.65,15.7191661891,9.99489298578,0,0,4.03564356997,3.54183096228,0,0,1
legacy_r2,29.675,15.7191661891,9.99489298578,0,0,4.03564356997,3.54183096228,0,0,1
legacy_r2,29.7,15.7191661891,9.99489298578,0,0,4.03564356997,3.54183096228,0,0,1
legacy_r2,29.725,15.7191661891,9.99489298578,0,0,4.03564356997,3.54183096228,0,0,1
legacy_r2,29.75,15.7191661891,9.99489298578,0,0,4.03564356997,3.54183096228,0,0,1
legacy_r2,29.775,15.7191661891,9.99489298578,0,0,4.03564356997,3.54183096228,0,0,1
legacy_r2,29.8,15.7191661891,9.99489298578,0,0,4.03564356997,3.54183096228,0,0,1
legacy_r2,29.825,15.7191661891,9.99489298578,0,0,4.03564356997,3.54183096228,0,0,1
legacy_r2,29.85,15.7191661891,9.99489298578,0,0,4.03564356997,3.54183096228,0,0,1
legacy_r2,29.875,15.7191661891,9.99489298578,0,0,4.03564356997,3.54183096228,0,0,1
legacy_r2,29.9,15.7191661891,9.99489298578,0,0,4.03564356997,3.54183096228,0,0,1
legacy_r2,29.925,15.7191661891,9.99489298578,0,0,4.03564356997,3.54183096228,0,0,1
legacy_r2,29.95,15.7191661891,9.99489298578,0,0,4.03564356997,3.54183096228,0,0,1
legacy_r2,29.975,15.7191661891,9.99489298578,0,0,4.03564356997,3.54183096228,0,0,1
legacy_r2,30,15.7191661891,9.99489298578,0,0,4.03564356997,3.54183096228,0,0,1
current_r1,0,10,10,0,0,0.530624847487,1.25,1.29000856147,0,0
current_r1,0.025,10.0018105079,10.0004875306,0.072420316598,0.0195012241629,0.529516529304,1.24825919661,1.36972102349,0,0
current_r1,0.05,10.0053374273,10.0015342281,0.141076773406,0.0418678984321,0.527423482009,1.24481049913,1.45166864683,0,0
current_r1,0.075,10.0103803335,10.0031272402,0.201716250346,0.0637204843964,0.524504000863,1.23982287838,1.52931458916,0,0
current_r1,0.1,10.0167592009,10.0052512582,0.255154696587,0.0849607207449,0.520902064595,1.23345052469,1.59731284943,0,0
current_r1,0.125,10.0243153347,10.0078870617,0.302245352203,0.105432139416,0.516744674539,1.22583284265,1.65427678943,0,0
current_r1,0.15,10.0329104585,10.0110119054,0.3438049505,0.12499374844,0.512142025281,1.21709489355,1.70122774773,0,0
current_r1,0.175,10.0424246175,10.0146007081,0.380566359114,0.143552109121,0.507189296365,1.2073483475,1.74022687686,0,0
current_r1,0.2,10.0527536239,10.0186273774,0.413160258404,0.16106677123,0.501969041153,1.19669273942,1.77351081574,0,0
current_r1,0.225,10.0638065475,10.0230659527,0.442116941249,0.177543012907,0.496553546025,1.18521680317,1.80306022309,0,0
current_r1,0.25,10.0755035099,10.0278914664,0.46787849914,0.193020546845,0.491006865517,1.17299973031,1.83044256792,0,0
current_r1,0.275,10.0877738729,10.0330805266,0.49081451973,0.207562407214,0.485386445879,1.1601122786,1.85679888316,0,0
current_r1,0.3,10.1005548088,10.0386116662,0.511237436194,0.221245586834,0.479744355005,1.14661771137,1.88289294025,0,0
current_r1,0.325,10.1137902036,10.0444655091,0.529415791667,0.234153714313,0.474128179255,1.13257257987,1.90917930225,0,0
current_r1,0.35,10.1274298265,10.050624798,0.5455849146,0.246371557439,0.468581656981,1.11802737421,1.93587007649,0,0
current_r1,0.375,10.1414287044,10.0570743232,0.559955114383,0.257981006124,0.463145112994,1.10302707136,1.96299273606,0,0
current_r1,0.4,10.1557466482,10.0638007783,0.57271775515,0.269058204226,0.457855747412,1.08761160627,1.9904374053,0,0
current_r1,0.425,10.1703478888,10.0707925673,0.584049623164,0.27967156089,0.452747820991,1.0718162874,2.01799452492,0,0
current_r1,0.45,10.1852007881,10.0780395782,0.594115972699,0.289880436195,0.447852769164,1.05567217344,2.04538461136,0,0
current_r1,0.475,10.2002776025,10.085532937,0.603072572942,0.299734349364,0.443199269014,1.0392064232,2.07228185699,0,0
current_r1,0.5,10.2155542777,10.0932647519,0.611067011685,0.309272598311,0.438813277256,1.02244262734,2.0983330581,0,0
current_r1,0.525,10.2310102641,10.1012278571,0.618239452471,0.318524208657,0.434718052727,1.00540112768,2.12317302493,0,0
current_r1,0.55,10.2466283389,10.1094155609,0.624722994296,0.327508150962,0.430934173502,0.988099327377,2.14643731489,0,0
current_r1,0.575,10.2623944326,10.1178214054,0.630643746828,0.336233779058,0.427479556197,0.970551994167,2.16777286837,0,0
current_r1,0.6,10.2782974503,10.1264389417,0.636120707683,0.344701451744,0.42436948314,0.952771557167,2.1868469236,0,0
current_r1,0.625,10.294329088,10.1352615243,0.641265509505,0.352903305936,0.421616641613,0.934768397137,2.20335443796,0,0
current_r1,0.65,10.3104836403,10.1442821281,0.646182091188,0.360824152785,0.419231178097,0.916551129401,2.21702414159,0,0
current_r1,0.675,10.3267577987,10.1534931899,0.650966337954,0.368442469977,0.417220769489,0.898126878206,2.22762328631,0,0
current_r1,0.7,10.3431504419,10.1628864765,0.655705727626,0.375731464084,0.415590712279,0.87950154104,2.23496112171,0,0
current_r1,0.725,10.3596624173,10.1724529809,0.660479014374,0.382660177013,0.414344029885,0.860680041317,2.23889112303,0,0
current_r1,0.75,10.3762963167,10.1821828462,0.665355975708,0.389194610726,0.413481597589,0.841666567831,2.23931200549,0,0
current_r1,0.775,10.3930562478,10.1920653173,0.670397243233,0.395298844803,0.413002283825,0.822464799488,2.23616758102,0,0
current_r1,0.8,10.4099476036,10.2020887204,0.675654232338,0.400936122352,0.412903106031,0.803078114023,2.22944554042,0,0
current_r1,0.825,10.4269768331,10.2122404674,0.681169180661,0.406069881359,0.413179398743,0.783509779671,2.21917527175,0,0
current_r1,0.85,10.4441512156,10.2225070852,0.686975299903,0.410664710905,0.413824991295,0.76376312908,2.20542485103,0,0
current_r1,0.875,10.4614786416,10.2328742655,0.693097040462,0.414687214604,0.414832392178,0.743841715106,2.18829736065,0,0
current_r1,0.9,10.4789674032,10.2433269347,0.699550463722,0.418106767192,0.416192977018,0.723749448495,2.16792670292,0,0
current_r1,0.925,10.496625996,10.2538493386,0.706343712739,0.420896154036,0.417897177108,0.703490717825,2.14447308029,0,0
current_r1,0.95,10.5144629352,10.2644251408,0.71347756873,0.423032087476,0.419934665501,0.683070492418,2.11811830909,0,0
current_r1,0.975,10.5324865872,10.2750375307,0.720946078266,0.424495597955,0.422294537899,0.662494409242,2.08906112256,0,0
current_r1,1,10.550705018,10.2856693382,0.728737234478,0.425272301726,0.4249654858,0.641768845092,2.05751260137,0,0
current_r1,1.025,10.5691258604,10.296303152,0.736833694844,0.425352550441,0.427935959748,0.620900975535,2.02369184826,0,0
current_r1,1.05,10.5877561984,10.3069214388,0.745213518236,0.424731470818,0.431194320851,0.599898822297,1.98782199939,0,0
current_r1,1.075,10.606602471,10.3175066614,0.753850904695,0.423408904977,0.434728979182,0.578771290818,1.95012664024,0,0
current_r1,1.1,10.6256703941,10.328041393,0.762716922851,0.421389263718,0.438528518041,0.557528199822,1.9108266697,0,0
current_r1,1.125,10.6449648994,10.3385084256,0.77178021169,0.41868130607,0.442581803469,0.536180304677,1.87013763382,0,0
current_r1,1.15,10.6644900905,10.3488908721,0.781007645547,0.415297858898,0.446878078762,0.514739316357,1.82826753133,0,0
current_r1,1.175,10.6842492143,10.3591722594,0.790364953459,0.411255490259,0.451407044079,0.493217917685,1.78541507654,0,0
current_r1,1.2,10.7042446465,10.3693366131,0.799817286308,0.406574149621,0.456158921499,0.471629778472,1.74176839293,0,0
current_r1,1.225,10.7244778897,10.3793685328,0.809329727392,0.401276787159,0.461124506165,0.449989571052,1.69750410088,0,0
current_r1,1.25,10.7449495833,10.3892532569,0.818867744098,0.395388963128,0.466295204324,0.428312987549,1.65278675718,0,0
current_r1,1.275,10.7656595228,10.3989767183,0.828397580136,0.38893845692,0.47166305923,0.406616760105,1.60776860058,0,0
current_r1,1.3,10.7866066875,10.4085255904,0.837886589362,0.381954883986,0.477220765984,0.384918685127,1.56258955647,0,0
current_r1,1.325,10.8077892753,10.4178873236,0.847303513412,0.374469327268,0.482961676456,0.363237652466,1.51737745492,0,0
current_r1,1.35,10.829204743,10.4270501733,0.85661870642,0.366513988352,0.488879795452,0.341593680273,1.47224841859,0,0
current_r1,1.375,10.8508498508,10.4360032198,0.865804310706,0.358121862211,0.494969769303,0.320007956124,1.42730738051,0,0
current_r1,1.4,10.8727207105,10.4447363808,0.874834387871,0.349326438131,0.501226868008,0.298502884814,1.38264869571,0,0
current_r1,1.425,10.8948128357,10.4532404165,0.883685009917,0.340161428361,0.507646962027,0.277102143023,1.33835681518,0,0
current_r1,1.45,10.9171211936,10.4615069296,0.892334315106,0.330660525026,0.514226494763,0.255830740837,1.29450699514,0,0
current_r1,1.475,10.9396402569,10.4695283593,0.900762533202,0.320857185141,0.520962451669,0.234715089857,1.25116601908,0,0
current_r1,1.5,10.9623640565,10.4772979703,0.908951984524,0.310784442842,0.527852326857,0.213783077292,1.20839291408,0,0
current_r1,1.525,10.985286233,10.484809839,0.916887056983,0.300474747549,0.534894088003,0.193064145083,1.16623964684,0,0
current_r1,1.55,11.0084000871,10.4920588347,0.924554164905,0.28995982636,0.542086140216,0.172589372641,1.12475178848,0,0
current_r1,1.575,11.0316986294,10.4990405989,0.931941693133,0.279270568776,0.549427289499,0.15239156124,1.08396913992,0,0
current_r1,1.6,11.0551746277,10.5057515222,0.939039929434,0.268436931703,0.556916706314,0.132505317429,1.04392631248,0,0
current_r1,1.625,11.0788206524,10.5121887188,0.945840987926,0.257487862629,0.56455388968,0.112967132062,1.00465326052,0,0
current_r1,1.65,11.1026291205,10.5183499997,0.952338725824,0.246451238907,0.572338632183,0.0938154505842,0.96617576483,0,0
current_r1,1.675,11.1265923369,10.5242338453,0.958528655464,0.235353821119,0.580270986185,0.0750907291875,0.928515866709,0,0
current_r1,1.7,11.1507025332,10.5298393757,0.964407853232,0.224221218639,0.588351231458,0.0568354702101,0.891692254307,0,0
current_r1,1.725,11.1749519049,10.5351663224,0.969974866765,0.213077865636,0.596579844421,0.0390942288974,0.85572060323,0,0
current_r1,1.75,11.1993326454,10.5402149975,0.975229621482,0.201947005938,0.604957469108,0.0219135822948,0.820613874374,0,0
current_r1,1.775,11.2238369786,10.5449862646,0.980173327317,0.190850685326,0.613484889934,0.00534204978083,0.786382572261,0,0
current_r1,1.8,11.248430407,10.5494766186,0.983737136844,0.179614157557,0.622153348298,-0.0105530117235,0.753213767568,0,0
current_r1,1.825,11.2730739854,10.5536830474,0.985743136293,0.168257152152,0.630951553933,-0.0257029461383,0.721164381836,0,0
current_r1,1.85,11.2977637255,10.5576094625,0.987589602258,0.157056606074,0.639880098785,-0.0400617151845,0.690041927329,0,0
current_r1,1.875,11.3224957364,10.561260166,0.989280436948,0.146028137944,0.648939862723,-0.0535826022705,0.659842099334,0,0
current_r1,1.9,11.3472662438,10.5646398057,0.990820294946,0.135185587707,0.658131969429,-0.0662186547931,0.63055872591,0,0
current_r1,1.925,11.372071605,10.5677533337,0.992214447426,0.124541118987,0.66745774574,-0.0779232184032,0.602184090311,0,0
current_r1,1.95,11.3969083214,10.5706059668,0.993468658313,0.11410532393,0.676918684343,-0.0886505621169,0.574709197446,0,0
current_r1,1.975,11.4217730482,10.57320315,0.994589072421,0.103887328494,0.686516409688,-0.0983565871247,0.548123991768,0,0
current_r1,2,11.4466626011,10.5755505224,0.995582115356,0.0938948964672,0.696252646968,-0.106999604981,0.522417533473,0,0
current_r1,2.025,11.4715739612,10.5776538857,0.996454404735,0.0841345308689,0.706129193984,-0.114541163036,0.4975781393,0,0
current_r1,2.05,11.496504278,10.5795191749,0.997212672086,0.0746115716927,0.71614789573,-0.120946887198,0.47359349364,0,0
current_r1,2.075,11.5214508704,10.5811524322,0.997863694755,0.0653302892187,0.726310621501,-0.126187305385,0.450450735084,0,0
current_r1,2.1,11.5464112263,10.5825597815,0.998414237016,0.0562939723642,0.736619244341,-0.130238610347,0.428136522937,0,0
current_r1,2.125,11.5713830013,10.5837474068,0.998870999609,0.0475050117421,0.747075622662,-0.133083319023,0.406637087711,0,0
current_r1,2.15,11.5963640158,10.5847215312,0.999240576912,0.0389649772653,0.757681583848,-0.134710787889,0.385938269089,0,0
current_r1,2.175,11.6213522513,10.5854883985,0.999529420966,0.0306746902769,0.768438909686,-0.135117550214,0.366025544348,0,0
current_r1,2.2,11.6463458466,10.5860542557,0.999743811635,0.0226342902952,0.779349323464,-0.134307451393,0.346884049837,0,0
current_r1,2.225,11.6713430924,10.5864253381,0.999889832205,0.0148432965507,0.790414478607,-0.132291571605,0.328498597661,0,0
current_r1,2.25,11.6963424261,10.5866078548,0.999973349793,0.0073006645593,0.80163594869,-0.12908793946,0.3108536894,0,0
current_r1,2.275,11.7213424261,10.5866079757,0.999999999988,4.83801874148e-06,0.813015218734,-0.124721054369,0.293933528327,0,0
current_r1,2.3,11.7463418055,10.5864318206,0.999975175199,-0.00704620364848,0.82455367766,-0.119221247349,0.277722031339,0,0
current_r1,2.325,11.7713394059,10.5860854481,0.999904016242,-0.0138549017702,0.836252611798,-0.112623918638,0.262202841532,0,0
current_r1,2.35,11.7963341911,10.5855748461,0.999791406752,-0.0204240785729,0.848113199375,-0.104968695079,0.247359342121,0,0
current_r1,2.375,11.8213252403,10.5849059236,0.999641970041,-0.0267569006623,0.860136505881,-0.0962985506783,0.233174672242,0,0
current_r1,2.4,11.846311742,10.5840845024,0.999460068088,-0.0328568455053,0.87232348026,-0.0866589305753,0.219631744951,0,0
current_r1,2.425,11.8712929871,10.5831163107,0.999249802367,-0.038727670598,0.884674951853,-0.0760969127629,0.206713267627,0,0
current_r1,2.45,11.8962683625,10.5820069761,0.999015016254,-0.0443733850227,0.897191628035,-0.0646604343424,0.194401764847,0,0
current_r1,2.475,11.921237345,10.5807620205,0.998759298817,-0.0497982231225,0.909874092498,-0.0523976010078,0.182679603683,0,0
current_r1,2.5,11.9461994947,10.579386855,0.998485989762,-0.0550066200414,0.922722804132,-0.039356090641,0.171529021293,0,0
current_r1,2.525,11.9711544493,10.5778867753,0.998198185393,-0.0600031889076,0.935738096471,-0.0255826550476,0.160932154617,0,0
current_r1,2.55,11.996101918,10.5762669578,0.997898745413,-0.0647926994611,0.948920177653,-0.0111227183114,0.150871071903,0,0
current_r1,2.575,12.0210416755,10.5745324563,0.997590300453,-0.0693800579508,0.962269130877,0.00397993388047,0.141327805781,0,0
current_r1,2.6,12.045973557,10.5726881991,0.99727526019,-0.0737702881514,0.975784915311,0.0196833823491,0.132284387531,0,0
current_r1,2.625,12.0708974525,10.5707389863,0.996955821951,-0.0779685133756,0.989467367434,0.0359477299383,0.123722882216,0,0
current_r1,2.65,12.095813302,10.5686894878,0.996633979724,-0.0819799393722,1.00331620278,0.0527351949997,0.115625424303,0,0
current_r1,2.675,12.1207210904,10.5665442418,0.996311533456,-0.085809838029,1.01733101804,0.0700101532871,0.107974253413,0,0
current_r1,2.7,12.1456208428,10.5643076536,0.995990098583,-0.0894635318099,1.03151129356,0.0877391380788,0.100751749846,0,0
current_r1,2.725,12.1705126207,10.5619839941,0.995671115707,-0.092946378875,1.0458563961,0.105890807416,0.0939404695357,0,0
current_r1,2.75,12.1953965172,10.5595774001,0.99535586035,-0.0962637588477,1.06036558195,0.124435886265,0.0875231781,0,0
current_r1,2.775,12.2202726536,10.5570918736,0.995045452724,-0.0994210592009,1.07503800028,0.143347090274,0.0814828836998,0,0
current_r1,2.8,12.2451411752,10.5545312821,0.994740867468,-0.10242366225,1.08987269679,0.162599036716,0.0758028684185,0,0
current_r1,2.825,12.2700022488,10.5518993588,0.994442943277,-0.10527693274,1.10486861751,0.182168147177,0.0704667179209,0,0
current_r1,2.85,12.2948560586,10.5491997036,0.994152392395,-0.107986206038,1.12002461288,0.202032545667,0.0654583491778,0,0
current_r1,2.875,12.3197028039,10.5464357842,0.993869809924,-0.110556776918,1.13533944198,0.222171955013,0.0607620360747,0,0
current_r1,2.9,12.344542696,10.543610937,0.99359568289,-0.112993888964,1.15081177688,0.242567593759,0.0563624327588,0,0
current_r1,2.925,12.3693759559,10.5407283688,0.993330399063,-0.11530272459,1.16644020718,0.263202075212,0.0522445946103,0,0
current_r1,2.95,12.3942028123,10.5377911589,0.99307425547,-0.117488395692,1.18222324456,0.284059309836,0.0483939967598,0,0
current_r1,2.975,12.419023499,10.5348022606,0.992827466592,-0.119555934944,1.19815932754,0.30512441182,0.0447965501039,0,0
current_r1,3,12.4438382533,10.5317645034,0.992590172212,-0.121510287743,1.21424682617,0.326383610359,0.041438614801,0,0
current_r1,3.025,12.4686473144,10.5286805958,0.992362444907,-0.123356304817,1.23048404681,0.347824165947,0.0383070112605,0,0
current_r1,3.05,12.4934509218,10.5255531274,0.992144297155,-0.125098735498,1.24686923694,0.369434291832,0.0353890286637,0,0
current_r1,3.075,12.518249314,10.5223845718,0.991935688061,-0.126742221658,1.2634005899,0.391203080624,0.0326724310757,0,0
current_r1,3.1,12.5430427273,10.5191772895,0.991736529686,-0.128291292322,1.28007624965,0.413120435973,0.0301454612349,0,0
current_r1,3.125,12.5678313946,10.5159335306,0.991546692979,-0.129750358932,1.29689431548,0.435177009147,0.0277968421186,0,0
current_r1,3.15,12.5926155449,10.5126554378,0.991366013308,-0.131123711272,1.31385284657,0.4573641403,0.025615776404,0,0
current_r1,3.175,12.6173954023,10.5093450499,0.991194295606,-0.132415514036,1.33094986658,0.479673804207,0.0235919439523,0,0
current_r1,3.2,12.6421711853,10.5060043048,0.99103131912,-0.133629804022,1.34818336807,0.502098560184,0.021715497458,0,0
current_r1,3.225,12.6669431064,10.5026350426,0.990876841784,-0.13477048793,1.36555131681,0.524631505955,0.0199770564092,0,0
current_r1,3.25,12.6917113715,10.4992390091,0.990730604222,-0.135841340758,1.38305165598,0.547266235179,0.0183676995113,0,0
current_r1,3.275,12.7164761798,10.495817859,0.990592333396,-0.136846004752,1.40068231021,0.569996798395,0.01687895573,0,0
current_r1,3.3,12.7412377234,10.4923731593,0.990461745913,-0.137787988895,1.4184411895,0.592817667123,0.0155027941074,0,0
current_r1,3.325,12.7659961872,10.4889063925,0.990338550995,-0.138670668902,1.43632619295,0.61572370089,0.0142316125069,0,0
current_r1,3.35,12.7907517485,10.4854189603,0.990222453152,-0.139497287693,1.45433521238,0.638710116941,0.0130582254357,0,0
current_r1,3.375,12.8155045774,10.4819121864,0.990113154552,-0.140270956303,1.4724661357,0.661772462434,0.0119758510925,0,0
current_r1,3.4,12.8402548363,10.4783873201,0.990010357118,-0.140994655212,1.49071685019,0.684906588914,0.0109780977802,0,0
current_r1,3.425,12.8650026804,10.4748455392,0.989913764365,-0.14167123604,1.50908524557,0.70810862888,0.0100589498168,0,0
current_r1,3.45,12.8897482575,10.4712879536,0.989823082997,-0.142303423592,1.52756921688,0.73137497427,0.00921275307042,0,0
current_r1,3.475,12.9144917081,10.4677156081,0.989738024286,-0.142893818208,1.54616666719,0.754702256706,0.00843420023541,0,0
current_r1,3.5,12.9392331658,10.4641294857,0.989658305238,-0.143444898384,1.56487551019,0.778087329361,0.00771831595879,0,0
current_r1,3.525,12.963972757,10.4605305101,0.989583649578,-0.143959023641,1.58369367249,0.801527250286,0.00706044191565,0,0
current_r1,3.55,12.9887106017,10.4569195491,0.989513788558,-0.14443843759,1.60261909588,0.825019267115,0.00645622192442,0,0
current_r1,3.575,13.0134468133,10.4532974173,0.989448461615,-0.144885271188,1.62164973934,0.848560802985,0.00590158718308,0,0
current_r1,3.6,13.0381814987,10.4496648787,0.989387416886,-0.145301546129,1.64078358087,0.872149443609,0.00539274169842,0,0
current_r1,3.625,13.062914759,10.4460226492,0.989330411596,-0.145689178364,1.66001861925,0.895782925379,0.00492614797195,0,0
current_r1,3.65,13.0876466893,10.4423713997,0.989277212334,-0.146049981704,1.67935287556,0.919459124422,0.00449851299739,0,0
current_r1,3.675,13.1123773792,10.4387117579,0.989227595238,-0.146385671499,1.69878439457,0.943176046527,0.00410677461671,0,0
current_r1,3.7,13.1371069128,10.4350443112,0.989181346075,-0.146697868349,1.71831124605,0.966931817876,0.00374808827421,0,0
current_r1,3.725,13.1618353693,10.4313696086,0.989138260262,-0.146988101849,1.7379315258,0.990724676492,0.00341981420072,0,0
current_r1,3.75,13.1865628229,10.4276881633,0.989098142815,-0.147257814324,1.75764335675,1.01455296437,0.00311950505376,0,0
current_r1,3.775,13.2112893431,10.4240004542,0.989060808234,-0.147508364563,1.77744488974,1.03841512023,0.00284489403315,0,0
current_r1,3.8,13.2360149951,10.4203069284,0.989026080349,-0.147741031501,1.79733430428,1.06230967279,0.002593883486,0,0
current_r1,3.825,13.2607398399,10.4166080029,0.988993792125,-0.147957017874,1.81730980922,1.08623523463,0.00236453401029,0,0
current_r1,3.85,13.2854639345,10.4129040666,0.988963785426,-0.148157453801,1.83736964325,1.11019049643,0.00215505406131,0,0
current_r1,3.875,13.3101873323,10.4091954816,0.988935910758,-0.1483434003,1.85751207533,1.13417422175,0.00196379006152,0,0
current_r1,3.9,13.334910083,10.4054825853,0.988910026994,-0.148515852725,1.87773540505,1.15818524214,0.00178921701084,0,0
current_r1,3.925,13.359632233,10.4017656917,0.988886001071,-0.148675744108,1.89803796285,1.18222245263,0.00162992959114,0,0
current_r1,3.95,13.3843538257,10.398045093,0.988863707686,-0.148823948415,1.9184181102,1.20628480754,0.00148463375628,0,0
current_r1,3.975,13.4090749014,10.3943210609,0.988843028979,-0.148961283691,1.93887423973,1.23037131668,0.00135213879664,0,0
current_r1,4,13.4337954978,10.390593848,0.988823854214,-0.149088515107,1.9594047752,1.25448104171,0.00123134986531,0,0
current_r1,4.025,13.4585156498,10.386863689,0.988806079454,-0.149206357892,1.9800081715,1.27861309288,0.00112126095165,0,0
current_r1,4.05,13.4832353899,10.383130802,0.98878960724,-0.149315480157,2.00068291458,1.30276662593,0.00102094828647,0,0
current_r1,4.075,13.5079547486,10.3793953894,0.988774346275,-0.149416505607,2.02142752125,1.32694083923,0.000929564162543,0,0
current_r1,4.1,13.5326737539,10.375657639,0.98876021111,-0.149510016137,2.04224053901,1.35113497117,0.000846331153084,0,0
current_r1,4.125,13.5573924319,10.3719177251,0.988747121835,-0.149596554313,2.06312054582,1.37534829769,0.000770536710697,0,0
current_r1,4.15,13.582110807,10.3681758095,0.988735003783,-0.149676625747,2.08406614983,1.39958012999,0.000701528128864,0,0
current_r1,4.175,13.6068289017,10.364432042,0.988723787235,-0.149750701355,2.10507598902,1.42382981239,0.000638707848047,0,0
current_r1,4.2,13.6315467369,10.3606865615,0.988713407144,-0.149819219506,2.12614873091,1.4480967204,0.000581529088516,0,0
current_r1,4.225,13.656264332,10.3569394968,0.988703802863,-0.149882588063,2.14728307218,1.47238025886,0.00052949179225,0,0
current_r1,4.25,13.6809817049,10.3531909671,0.988694917881,-0.149941186324,2.16847773824,1.49667986022,0.000482138856555,0,0
current_r1,4.275,13.7056988724,10.3494410829,0.988686699578,-0.149995366853,2.18973148283,1.52099498295,0.000439052642431,0,0
current_r1,4.3,13.7304158499,10.3456899465,0.988679098984,-0.150045457219,2.21104308761,1.54532511005,0.000399851741238,0,0
current_r1,4.325,13.7551326516,10.3419376525,0.988672070552,-0.150091761633,2.23241136166,1.56966974769,0.000364187983708,0,0
current_r1,4.35,13.7798492909,10.3381842884,0.988665571942,-0.150134562499,2.25383514105,1.59402842387,0.000331743675961,0,0
current_r1,4.375,13.80456578,10.3344299354,0.988659563814,-0.150174121871,2.27531328835,1.61840068722,0.000302229047778,0,0
current_r1,4.4,13.8292821303,10.3306746683,0.988654009634,-0.150210682826,2.29684469215,1.64278610592,0.000275379899058,0,0
current_r1,4.425,13.8539983521,10.3269185565,0.98864887549,-0.150244470756,2.31842826657,1.66718426655,0.000250955431002,0,0
current_r1,4.45,13.8787144554,10.3231616641,0.988644129916,-0.150275694582,2.34006295074,1.69159477318,0.000228736249265,0,0
current_r1,4.475,13.903430449,10.3194040505,0.98863974373,-0.150304547892,2.36174770833,1.71601724643,0.000208522526973,0,0
current_r1,4.5,13.9281463412,10.3156457702,0.988635689876,-0.15033121001,2.38348152703,1.74045132255,0.000190132316136,0,0
current_r1,4.525,13.9528621398,10.311886874,0.988631943281,-0.150355846994,2.40526341807,1.76489665265,0.000173399996685,0,0
current_r1,4.55,13.9775778518,10.3081274087,0.988628480714,-0.150378612577,2.42709241566,1.78935290195,0.000158174852945,0,0
current_r1,4.575,14.0022934839,10.3043674175,0.988625280664,-0.15039964904,2.44896757658,1.81381974901,0.000144319768011,0,0
current_r1,4.6,14.0270090419,10.3006069403,0.988622323214,-0.15041908803,2.47088797957,1.83829688511,0.000131710027066,0,0
current_r1,4.625,14.0517245317,10.296846014,0.988619589927,-0.150437051327,2.49285272495,1.86278401359,0.000120232221282,0,0
current_r1,4.65,14.0764399583,10.2930846727,0.988617063748,-0.150453651555,2.51486093403,1.88728084925,0.000109783244459,0,0
current_r1,4.675,14.1011553265,10.2893229479,0.988614728896,-0.15046899285,2.53691174872,1.9117871178,0.000100269375134,0,0
current_r1,4.7,14.1258706408,10.2855608686,0.988612570779,-0.150483171476,2.55900433095,1.93630255536,9.16054373391e-05,0,0
current_r1,4.725,14.1505859052,10.2817984617,0.988610575903,-0.150496276407,2.58113786228,1.96082690789,8.37140337216e-05,0,0
current_r1,4.75,14.1753011235,10.2780357519,0.988608731795,-0.150508389861,2.6033115434,1.98535993083,7.65248451425e-05,0,0
current_r1,4.775,14.2000162991,10.2742727623,0.988607026926,-0.150519587803,2.62552459366,2.00990138854,6.9973991328e-05,0,0
current_r1,4.8,14.2247314354,10.2705095137,0.988605450644,-0.150529940404,2.64777625065,2.03445105398,6.40034475368e-05,0,0
current_r1,4.825,14.2494465352,10.2667460259,0.988603993105,-0.15053951248,2.67006576971,2.05900870827,5.8560512587e-05,0,0
current_r1,4.85,14.2741616014,10.2629823168,0.988602645217,-0.150548363889,2.69239242355,2.08357414033,5.35973239409e-05,0,0
current_r1,4.875,14.2988766363,10.2592184031,0.988601398583,-0.150556549904,2.71475550178,2.10814714652,4.90704158782e-05,0,0
current_r1,4.9,14.3235916425,10.2554543,0.988600245448,-0.150564121558,2.73715431051,2.13272753034,4.49403170948e-05,0,0
current_r1,4.925,14.3483066219,10.2516900219,0.988599178649,-0.150571125967,2.75958817193,2.15731510206,4.1171184358e-05,0,0
current_r1,4.95,14.3730215767,10.2479255817,0.988598191574,-0.150577606622,2.78205642393,2.18190967849,3.77304691144e-05,0,0
current_r1,4.975,14.3977365087,10.2441609916,0.98859727812,-0.150583603669,2.80455841966,2.20651108265,3.45886141961e-05,0,0
current_r1,5,14.4224514195,10.2403962628,0.98859643265,-0.150589154162,2.8270935272,2.23111914351,3.17187780075e-05,0,0
current_r1,5.025,14.4471663107,10.2366314055,0.988595649964,-0.150594292299,2.84966112914,2.25573369577,2.90965837843e-05,0,0
current_r1,5.05,14.4718811839,10.2328664292,0.988594925259,-0.150599049641,2.87226062225,2.28035457957,2.66998917188e-05,0,0
current_r1,5.075,14.4965960402,10.2291013429,0.988594254104,-0.150603455313,2.89489141708,2.30498164031,2.45085919303e-05,0,0
current_r1,5.1,14.521310881,10.2253361545,0.98859363241,-0.150607536194,2.91755293765,2.32961472841,2.25044164256e-05,0,0
current_r1,5.125,14.5460257074,10.2215708715,0.988593056402,-0.150611317086,2.94024462107,2.35425369909,2.06707683559e-05,0,0
current_r1,5.15,14.5707405205,10.217805501,0.988592522596,-0.150614820877,2.96296591724,2.37889841222,1.89925670174e-05,0,0
current_r1,5.175,14.5954553212,10.2140400493,0.988592027777,-0.150618068688,2.98571628851,2.40354873209,1.74561071791e-05,0,0
current_r1,5.2,14.6201701104,10.2102745223,0.988591568979,-0.150621080008,3.00849520935,2.42820452726,1.60489314405e-05,0,0
current_r1,5.225,14.644884889,10.2065089255,0.988591143464,-0.150623872822,3.03130216607,2.45286567038,1.47597144364e-05,0,0
current_r1,5.25,14.6695996577,10.2027432639,0.988590748705,-0.15062646373,3.05413665648,2.47753203802,1.35781578107e-05,0,0
current_r1,5.275,14.6943144173,10.1989775422,0.988590382368,-0.150628868047,3.07699818964,2.50220351056,1.24948949711e-05,0,0
current_r1,5.3,14.7190291683,10.1952117647,0.988590042302,-0.150631099911,3.09988628553,2.52687997199,1.15014047298e-05,0,0
current_r1,5.325,14.7437439115,10.1914459354,0.98858972652,-0.15063317237,3.12280047481,2.55156130981,1.058993301e-05,0,0
current_r1,5.35,14.7684586473,10.1876800579,0.988589433188,-0.150635097466,3.14574029852,2.57624741488,9.75342187376e-06,0,0
current_r1,5.375,14.7931733763,10.1839141358,0.988589160613,-0.150636886317,3.16870530783,2.6009381813,8.98544519232e-06,0,0
current_r1,5.4,14.817888099,10.180148172,0.988588907231,-0.150638549185,3.19169506378,2.6256335063,8.28015034224e-06,0,0
current_r1,5.425,14.8426028158,10.1763821696,0.988588671599,-0.150640095546,3.21470913704,2.6503332901,7.63220536495e-06,0,0
current_r1,5.45,14.8673175271,10.1726161313,0.988588452385,-0.150641534149,3.23774710764,2.67503743582,7.03675108007e-06,0,0
current_r1,5.475,14.8920322333,10.1688500595,0.988588248358,-0.150642873074,3.26080856475,2.69974584936,6.48935768819e-06,0,0
current_r1,5.5,14.9167469348,10.1650839565,0.988588058382,-0.150644119782,3.28389310645,2.72445843933,5.98598544205e-06,0,0
current_r1,5.525,14.9414616318,10.1613178244,0.988587881406,-0.150645281167,3.30700033951,2.74917511691,5.52294900345e-06,0,0
current_r1,5.55,14.9661763247,10.1575516654,0.98858771646,-0.150646363597,3.33012987916,2.7738957958,5.09688513881e-06,0,0
current_r1,5.575,14.9908910138,10.153785481,0.988587562648,-0.150647372956,3.35328134886,2.7986203921,4.70472343829e-06,0,0
current_r1,5.6,15.0156056993,10.1500192732,0.988587419141,-0.150648314684,3.37645438016,2.82334882424,4.34365977297e-06,0,0
current_r1,5.625,15.0403203814,10.1462530433,0.988587285173,-0.150649193808,3.39964861241,2.84808101292,4.01113223104e-06,0,0
current_r1,5.65,15.0650350604,10.1424867929,0.988587160036,-0.150650014976,3.42286369263,2.87281688097,3.70479929832e-06,0,0
current_r1,5.675,15.0897497365,10.1387205234,0.988587043075,-0.150650782489,3.4460992753,2.89755635335,3.42252007057e-06,0,0
current_r1,5.7,15.1144644098,10.1349542359,0.988586933684,-0.150651500325,3.46935502216,2.92229935704,3.1623363049e-06,0,0
current_r1,5.725,15.1391790806,10.1311879316,0.988586831301,-0.150652172164,3.49263060204,2.94704582096,2.92245613615e-06,0,0
current_r1,5.75,15.163893749,10.1274216115,0.988586735408,-0.150652801417,3.5159256907,2.97179567596,2.70123930011e-06,0,0
current_r1,5.775,15.1886084151,10.1236552768,0.988586645524,-0.150653391239,3.53923997063,2.99654885468,2.49718372107e-06,0,0
current_r1,5.8,15.2133230792,10.1198889281,0.988586561202,-0.150653944558,3.56257313093,3.02130529155,2.30891333427e-06,0,0
current_r1,5.825,15.2380377412,10.1161225665,0.988586482029,-0.150654464085,3.58592486708,3.0460649227,2.13516702643e-06,0,0
current_r1,5.85,15.2627524014,10.1123561927,0.988586407622,-0.15065495234,3.60929488085,3.07082768593,1.97478858863e-06,0,0
current_r1,5.875,15.2874670599,10.1085898074,0.988586337625,-0.150655411659,3.6326828801,3.09559352063,1.82671758596e-06,0,0
current_r1,5.9,15.3121817166,10.1048234113,0.988586271705,-0.150655844216,3.65608857867,3.12036236776,1.68998105735e-06,0,0
current_r1,5.925,15.3368963719,10.101057005,0.988586209556,-0.150656252033,3.6795116962,3.14513416976,1.56368596768e-06,0,0
current_r1,5.95,15.3616110257,10.0972905891,0.988586150889,-0.150656636994,3.70295195802,3.16990887053,1.44701234117e-06,0,0
current_r1,5.975,15.386325678,10.0935241641,0.988586095438,-0.150657000857,3.72640909499,3.19468641538,1.33920701244e-06,0,0
current_r1,6,15.4110403291,10.0897577305,0.988586042951,-0.150657345268,3.74988284336,3.21946675099,1.23957793735e-06,0,0
current_r1,6.025,15.4357549789,10.0859912887,0.988585993193,-0.150657671767,3.7733729447,3.24424982537,1.14748901134e-06,0,0
current_r1,6.05,15.4604696276,10.0822248391,0.988585945944,-0.150657981804,3.79687914568,3.26903558779,1.06235534827e-06,0,0
current_r1,6.075,15.4851842751,10.0784583822,0.988585900996,-0.150658276747,3.82040119804,3.29382398877,9.83638976785e-07,0,0
current_r1,6.1,15.5098989216,10.0746919182,0.98858585815,-0.150658557891,3.84393885839,3.31861498004,9.10844915826e-07,0,0
current_r1,6.125,15.534613567,10.0709254476,0.988585817219,-0.150658826473,3.86749188817,3.3434085145,8.43517594251e-07,0,0
current_r1,6.15,15.5593282115,10.0671589705,0.988585778021,-0.150659083678,3.89106005347,3.36820454618,7.81237582999e-07,0,0
current_r1,6.175,15.584042855,10.0633924872,0.988585740382,-0.150659330655,3.91464312495,3.39300303021,7.23618611229e-07,0,0
current_r1,6.2,15.6087574976,10.059625998,0.98858570413,-0.150659568529,3.93824087776,3.41780392278,6.70304840554e-07,0,0
current_r1,6.225,15.6334721393,10.0558595031,0.988585669096,-0.150659798416,3.96185309136,3.44260718113,6.20968373951e-07,0,0
current_r1,6.25,15.6581867802,10.0520930025,0.988585635106,-0.150660021443,3.98547954952,3.46741276349,5.7530697817e-07,0,0
current_r1,6.275,15.6829014202,10.0483264965,0.988585601986,-0.150660238771,4.00912004012,3.49222062908,5.33042000406e-07,0,0
current_r1,6.3,15.7076160595,10.0445599853,0,0,4.03277435512,3.51703073807,0,0,1
current_r1,6.325,15.7076160595,10.0445599853,0,0,4.03277435512,3.51703073807,0,0,1
current_r1,6.35,15.7076160595,10.0445599853,0,0,4.03277435512,3.51703073807,0,0,1
current_r1,6.375,15.7076160595,10.0445599853,0,0,4.03277435512,3.51703073807,0,0,1
current_r1,6.4,15.7076160595,10.0445599853,0,0,4.03277435512,3.51703073807,0,0,1
current_r1,6.425,15.7076160595,10.0445599853,0,0,4.03277435512,3.51703073807,0,0,1
current_r1,6.45,15.7076160595,10.0445599853,0,0,4.03277435512,3.51703073807,0,0,1
current_r1,6.475,15.7076160595,10.0445599853,0,0,4.03277435512,3.51703073807,0,0,1
current_r1,6.5,15.7076160595,10.0445599853,0,0,4.03277435512,3.51703073807,0,0,1
current_r1,6.525,15.7076160595,10.0445599853,0,0,4.03277435512,3.51703073807,0,0,1
current_r1,6.55,15.7076160595,10.0445599853,0,0,4.03277435512,3.51703073807,0,0,1
current_r1,6.575,15.7076160595,10.0445599853,0,0,4.03277435512,3.51703073807,0,0,1
current_r1,6.6,15.7076160595,10.0445599853,0,0,4.03277435512,3.51703073807,0,0,1
current_r1,6.625,15.7076160595,10.0445599853,0,0,4.03277435512,3.51703073807,0,0,1
current_r1,6.65,15.7076160595,10.0445599853,0,0,4.03277435512,3.51703073807,0,0,1
current_r1,6.675,15.7076160595,10.0445599853,0,0,4.03277435512,3.51703073807,0,0,1
current_r1,6.7,15.7076160595,10.0445599853,0,0,4.03277435512,3.51703073807,0,0,1
current_r1,6.725,15.7076160595,10.0445599853,0,0,4.03277435512,3.51703073807,0,0,1
current_r1,6.75,15.7076160595,10.0445599853,0,0,4.03277435512,3.51703073807,0,0,1
current_r1,6.775,15.7076160595,10.0445599853,0,0,4.03277435512,3.51703073807,0,0,1
current_r1,6.8,15.7076160595,10.0445599853,0,0,4.03277435512,3.51703073807,0,0,1
current_r1,6.825,15.7076160595,10.0445599853,0,0,4.03277435512,3.51703073807,0,0,1
current_r1,6.85,15.7076160595,10.0445599853,0,0,4.03277435512,3.51703073807,0,0,1
current_r1,6.875,15.7076160595,10.0445599853,0,0,4.03277435512,3.51703073807,0,0,1
current_r1,6.9,15.7076160595,10.0445599853,0,0,4.03277435512,3.51703073807,0,0,1
current_r1,6.925,15.7076160595,10.0445599853,0,0,4.03277435512,3.51703073807,0,0,1
current_r1,6.95,15.7076160595,10.0445599853,0,0,4.03277435512,3.51703073807,0,0,1
current_r1,6.975,15.7076160595,10.0445599853,0,0,4.03277435512,3.51703073807,0,0,1
current_r1,7,15.7076160595,10.0445599853,0,0,4.03277435512,3.51703073807,0,0,1
current_r1,7.025,15.7076160595,10.0445599853,0,0,4.03277435512,3.51703073807,0,0,1
current_r1,7.05,15.7076160595,10.0445599853,0,0,4.03277435512,3.51703073807,0,0,1
current_r1,7.075,15.7076160595,10.0445599853,0,0,4.03277435512,3.51703073807,0,0,1
current_r1,7.1,15.7076160595,10.0445599853,0,0,4.03277435512,3.51703073807,0,0,1
current_r1,7.125,15.7076160595,10.0445599853,0,0,4.03277435512,3.51703073807,0,0,1
current_r1,7.15,15.7076160595,10.0445599853,0,0,4.03277435512,3.51703073807,0,0,1
current_r1,7.175,15.7076160595,10.0445599853,0,0,4.03277435512,3.51703073807,0,0,1
current_r1,7.2,15.7076160595,10.0445599853,0,0,4.03277435512,3.51703073807,0,0,1
current_r1,7.225,15.7076160595,10.0445599853,0,0,4.03277435512,3.51703073807,0,0,1
current_r1,7.25,15.7076160595,10.0445599853,0,0,4.03277435512,3.51703073807,0,0,1
current_r1,7.275,15.7076160595,10.0445599853,0,0,4.03277435512,3.51703073807,0,0,1
current_r1,7.3,15.7076160595,10.0445599853,0,0,4.03277435512,3.51703073807,0,0,1
current_r1,7.325,15.7076160595,10.0445599853,0,0,4.03277435512,3.51703073807,0,0,1
current_r1,7.35,15.7076160595,10.0445599853,0,0,4.03277435512,3.51703073807,0,0,1
current_r1,7.375,15.7076160595,10.0445599853,0,0,4.03277435512,3.51703073807,0,0,1
current_r1,7.4,15.7076160595,10.0445599853,0,0,4.03277435512,3.51703073807,0,0,1
current_r1,7.425,15.7076160595,10.0445599853,0,0,4.03277435512,3.51703073807,0,0,1
current_r1,7.45,15.7076160595,10.0445599853,0,0,4.03277435512,3.51703073807,0,0,1
current_r1,7.475,15.7076160595,10.0445599853,0,0,4.03277435512,3.51703073807,0,0,1
current_r1,7.5,15.7076160595,10.0445599853,0,0,4.03277435512,3.51703073807,0,0,1
current_r1,7.525,15.7076160595,10.0445599853,0,0,4.03277435512,3.51703073807,0,0,1
current_r1,7.55,15.7076160595,10.0445599853,0,0,4.03277435512,3.51703073807,0,0,1
current_r1,7.575,15.7076160595,10.0445599853,0,0,4.03277435512,3.51703073807,0,0,1
current_r1,7.6,15.7076160595,10.0445599853,0,0,4.03277435512,3.51703073807,0,0,1
current_r1,7.625,15.7076160595,10.0445599853,0,0,4.03277435512,3.51703073807,0,0,1
current_r1,7.65,15.7076160595,10.0445599853,0,0,4.03277435512,3.51703073807,0,0,1
current_r1,7.675,15.7076160595,10.0445599853,0,0,4.03277435512,3.51703073807,0,0,1
current_r1,7.7,15.7076160595,10.0445599853,0,0,4.03277435512,3.51703073807,0,0,1
current_r1,7.725,15.7076160595,10.0445599853,0,0,4.03277435512,3.51703073807,0,0,1
current_r1,7.75,15.7076160595,10.0445599853,0,0,4.03277435512,3.51703073807,0,0,1
current_r1,7.775,15.7076160595,10.0445599853,0,0,4.03277435512,3.51703073807,0,0,1
current_r1,7.8,15.7076160595,10.0445599853,0,0,4.03277435512,3.51703073807,0,0,1
current_r1,7.825,15.7076160595,10.0445599853,0,0,4.03277435512,3.51703073807,0,0,1
current_r1,7.85,15.7076160595,10.0445599853,0,0,4.03277435512,3.51703073807,0,0,1
current_r1,7.875,15.7076160595,10.0445599853,0,0,4.03277435512,3.51703073807,0,0,1
current_r1,7.9,15.7076160595,10.0445599853,0,0,4.03277435512,3.51703073807,0,0,1
current_r1,7.925,15.7076160595,10.0445599853,0,0,4.03277435512,3.51703073807,0,0,1
current_r1,7.95,15.7076160595,10.0445599853,0,0,4.03277435512,3.51703073807,0,0,1
current_r1,7.975,15.7076160595,10.0445599853,0,0,4.03277435512,3.51703073807,0,0,1
current_r1,8,15.7076160595,10.0445599853,0,0,4.03277435512,3.51703073807,0,0,1
current_r1,8.025,15.7076160595,10.0445599853,0,0,4.03277435512,3.51703073807,0,0,1
current_r1,8.05,15.7076160595,10.0445599853,0,0,4.03277435512,3.51703073807,0,0,1
current_r1,8.075,15.7076160595,10.0445599853,0,0,4.03277435512,3.51703073807,0,0,1
current_r1,8.1,15.7076160595,10.0445599853,0,0,4.03277435512,3.51703073807,0,0,1
current_r1,8.125,15.7076160595,10.0445599853,0,0,4.03277435512,3.51703073807,0,0,1
current_r1,8.15,15.7076160595,10.0445599853,0,0,4.03277435512,3.51703073807,0,0,1
current_r1,8.175,15.7076160595,10.0445599853,0,0,4.03277435512,3.51703073807,0,0,1
current_r1,8.2,15.7076160595,10.0445599853,0,0,4.03277435512,3.51703073807,0,0,1
current_r1,8.225,15.7076160595,10.0445599853,0,0,4.03277435512,3.51703073807,0,0,1
current_r1,8.25,15.7076160595,10.0445599853,0,0,4.03277435512,3.51703073807,0,0,1
current_r1,8.275,15.7076160595,10.0445599853,0,0,4.03277435512,3.51703073807,0,0,1
current_r1,8.3,15.7076160595,10.0445599853,0,0,4.03277435512,3.51703073807,0,0,1
current_r1,8.325,15.7076160595,10.0445599853,0,0,4.03277435512,3.51703073807,0,0,1
current_r1,8.35,15.7076160595,10.0445599853,0,0,4.03277435512,3.51703073807,0,0,1
current_r1,8.375,15.7076160595,10.0445599853,0,0,4.03277435512,3.51703073807,0,0,1
current_r1,8.4,15.7076160595,10.0445599853,0,0,4.03277435512,3.51703073807,0,0,1
current_r1,8.425,15.7076160595,10.0445599853,0,0,4.03277435512,3.51703073807,0,0,1
current_r1,8.45,15.7076160595,10.0445599853,0,0,4.03277435512,3.51703073807,0,0,1
current_r1,8.475,15.7076160595,10.0445599853,0,0,4.03277435512,3.51703073807,0,0,1
current_r1,8.5,15.7076160595,10.0445599853,0,0,4.03277435512,3.51703073807,0,0,1
current_r1,8.525,15.7076160595,10.0445599853,0,0,4.03277435512,3.51703073807,0,0,1
current_r1,8.55,15.7076160595,10.0445599853,0,0,4.03277435512,3.51703073807,0,0,1
current_r1,8.575,15.7076160595,10.0445599853,0,0,4.03277435512,3.51703073807,0,0,1
current_r1,8.6,15.7076160595,10.0445599853,0,0,4.03277435512,3.51703073807,0,0,1
current_r1,8.625,15.7076160595,10.0445599853,0,0,4.03277435512,3.51703073807,0,0,1
current_r1,8.65,15.7076160595,10.0445599853,0,0,4.03277435512,3.51703073807,0,0,1
current_r1,8.675,15.7076160595,10.0445599853,0,0,4.03277435512,3.51703073807,0,0,1
current_r1,8.7,15.7076160595,10.0445599853,0,0,4.03277435512,3.51703073807,0,0,1
current_r1,8.725,15.7076160595,10.0445599853,0,0,4.03277435512,3.51703073807,0,0,1
current_r1,8.75,15.7076160595,10.0445599853,0,0,4.03277435512,3.51703073807,0,0,1
current_r1,8.775,15.7076160595,10.0445599853,0,0,4.03277435512,3.51703073807,0,0,1
current_r1,8.8,15.7076160595,10.0445599853,0,0,4.03277435512,3.51703073807,0,0,1
current_r1,8.825,15.7076160595,10.0445599853,0,0,4.03277435512,3.51703073807,0,0,1
current_r1,8.85,15.7076160595,10.0445599853,0,0,4.03277435512,3.51703073807,0,0,1
current_r1,8.875,15.7076160595,10.0445599853,0,0,4.03277435512,3.51703073807,0,0,1
current_r1,8.9,15.7076160595,10.0445599853,0,0,4.03277435512,3.51703073807,0,0,1
current_r1,8.925,15.7076160595,10.0445599853,0,0,4.03277435512,3.51703073807,0,0,1
current_r1,8.95,15.7076160595,10.0445599853,0,0,4.03277435512,3.51703073807,0,0,1
current_r1,8.975,15.7076160595,10.0445599853,0,0,4.03277435512,3.51703073807,0,0,1
current_r1,9,15.7076160595,10.0445599853,0,0,4.03277435512,3.51703073807,0,0,1
current_r1,9.025,15.7076160595,10.0445599853,0,0,4.03277435512,3.51703073807,0,0,1
current_r1,9.05,15.7076160595,10.0445599853,0,0,4.03277435512,3.51703073807,0,0,1
current_r1,9.075,15.7076160595,10.0445599853,0,0,4.03277435512,3.51703073807,0,0,1
current_r1,9.1,15.7076160595,10.0445599853,0,0,4.03277435512,3.51703073807,0,0,1
current_r1,9.125,15.7076160595,10.0445599853,0,0,4.03277435512,3.51703073807,0,0,1
current_r1,9.15,15.7076160595,10.0445599853,0,0,4.03277435512,3.51703073807,0,0,1
current_r1,9.175,15.7076160595,10.0445599853,0,0,4.03277435512,3.51703073807,0,0,1
current_r1,9.2,15.7076160595,10.0445599853,0,0,4.03277435512,3.51703073807,0,0,1
current_r1,9.225,15.7076160595,10.0445599853,0,0,4.03277435512,3.51703073807,0,0,1
current_r1,9.25,15.7076160595,10.0445599853,0,0,4.03277435512,3.51703073807,0,0,1
current_r1,9.275,15.7076160595,10.0445599853,0,0,4.03277435512,3.51703073807,0,0,1
current_r1,9.3,15.7076160595,10.0445599853,0,0,4.03277435512,3.51703073807,0,0,1
current_r1,9.325,15.7076160595,10.0445599853,0,0,4.03277435512,3.51703073807,0,0,1
current_r1,9.35,15.7076160595,10.0445599853,0,0,4.03277435512,3.51703073807,0,0,1
current_r1,9.375,15.7076160595,10.0445599853,0,0,4.03277435512,3.51703073807,0,0,1
current_r1,9.4,15.7076160595,10.0445599853,0,0,4.03277435512,3.51703073807,0,0,1
current_r1,9.425,15.7076160595,10.0445599853,0,0,4.03277435512,3.51703073807,0,0,1
current_r1,9.45,15.7076160595,10.0445599853,0,0,4.03277435512,3.51703073807,0,0,1
current_r1,9.475,15.7076160595,10.0445599853,0,0,4.03277435512,3.51703073807,0,0,1
current_r1,9.5,15.7076160595,10.0445599853,0,0,4.03277435512,3.51703073807,0,0,1
current_r1,9.525,15.7076160595,10.0445599853,0,0,4.03277435512,3.51703073807,0,0,1
current_r1,9.55,15.7076160595,10.0445599853,0,0,4.03277435512,3.51703073807,0,0,1
current_r1,9.575,15.7076160595,10.0445599853,0,0,4.03277435512,3.51703073807,0,0,1
current_r1,9.6,15.7076160595,10.0445599853,0,0,4.03277435512,3.51703073807,0,0,1
current_r1,9.625,15.7076160595,10.0445599853,0,0,4.03277435512,3.51703073807,0,0,1
current_r1,9.65,15.7076160595,10.0445599853,0,0,4.03277435512,3.51703073807,0,0,1
current_r1,9.675,15.7076160595,10.0445599853,0,0,4.03277435512,3.51703073807,0,0,1
current_r1,9.7,15.7076160595,10.0445599853,0,0,4.03277435512,3.51703073807,0,0,1
current_r1,9.725,15.7076160595,10.0445599853,0,0,4.03277435512,3.51703073807,0,0,1
current_r1,9.75,15.7076160595,10.0445599853,0,0,4.03277435512,3.51703073807,0,0,1
current_r1,9.775,15.7076160595,10.0445599853,0,0,4.03277435512,3.51703073807,0,0,1
current_r1,9.8,15.7076160595,10.0445599853,0,0,4.03277435512,3.51703073807,0,0,1
current_r1,9.825,15.7076160595,10.0445599853,0,0,4.03277435512,3.51703073807,0,0,1
current_r1,9.85,15.7076160595,10.0445599853,0,0,4.03277435512,3.51703073807,0,0,1
current_r1,9.875,15.7076160595,10.0445599853,0,0,4.03277435512,3.51703073807,0,0,1
current_r1,9.9,15.7076160595,10.0445599853,0,0,4.03277435512,3.51703073807,0,0,1
current_r1,9.925,15.7076160595,10.0445599853,0,0,4.03277435512,3.51703073807,0,0,1
current_r1,9.95,15.7076160595,10.0445599853,0,0,4.03277435512,3.51703073807,0,0,1
current_r1,9.975,15.7076160595,10.0445599853,0,0,4.03277435512,3.51703073807,0,0,1
current_r1,10,15.7076160595,10.0445599853,0,0,4.03277435512,3.51703073807,0,0,1
current_r1,10.025,15.7076160595,10.0445599853,0,0,4.03277435512,3.51703073807,0,0,1
current_r1,10.05,15.7076160595,10.0445599853,0,0,4.03277435512,3.51703073807,0,0,1
current_r1,10.075,15.7076160595,10.0445599853,0,0,4.03277435512,3.51703073807,0,0,1
current_r1,10.1,15.7076160595,10.0445599853,0,0,4.03277435512,3.51703073807,0,0,1
current_r1,10.125,15.7076160595,10.0445599853,0,0,4.03277435512,3.51703073807,0,0,1
current_r1,10.15,15.7076160595,10.0445599853,0,0,4.03277435512,3.51703073807,0,0,1
current_r1,10.175,15.7076160595,10.0445599853,0,0,4.03277435512,3.51703073807,0,0,1
current_r1,10.2,15.7076160595,10.0445599853,0,0,4.03277435512,3.51703073807,0,0,1
current_r1,10.225,15.7076160595,10.0445599853,0,0,4.03277435512,3.51703073807,0,0,1
current_r1,10.25,15.7076160595,10.0445599853,0,0,4.03277435512,3.51703073807,0,0,1
current_r1,10.275,15.7076160595,10.0445599853,0,0,4.03277435512,3.51703073807,0,0,1
current_r1,10.3,15.7076160595,10.0445599853,0,0,4.03277435512,3.51703073807,0,0,1
current_r1,10.325,15.7076160595,10.0445599853,0,0,4.03277435512,3.51703073807,0,0,1
current_r1,10.35,15.7076160595,10.0445599853,0,0,4.03277435512,3.51703073807,0,0,1
current_r1,10.375,15.7076160595,10.0445599853,0,0,4.03277435512,3.51703073807,0,0,1
current_r1,10.4,15.7076160595,10.0445599853,0,0,4.03277435512,3.51703073807,0,0,1
current_r1,10.425,15.7076160595,10.0445599853,0,0,4.03277435512,3.51703073807,0,0,1
current_r1,10.45,15.7076160595,10.0445599853,0,0,4.03277435512,3.51703073807,0,0,1
current_r1,10.475,15.7076160595,10.0445599853,0,0,4.03277435512,3.51703073807,0,0,1
current_r1,10.5,15.7076160595,10.0445599853,0,0,4.03277435512,3.51703073807,0,0,1
current_r1,10.525,15.7076160595,10.0445599853,0,0,4.03277435512,3.51703073807,0,0,1
current_r1,10.55,15.7076160595,10.0445599853,0,0,4.03277435512,3.51703073807,0,0,1
current_r1,10.575,15.7076160595,10.0445599853,0,0,4.03277435512,3.51703073807,0,0,1
current_r1,10.6,15.7076160595,10.0445599853,0,0,4.03277435512,3.51703073807,0,0,1
current_r1,10.625,15.7076160595,10.0445599853,0,0,4.03277435512,3.51703073807,0,0,1
current_r1,10.65,15.7076160595,10.0445599853,0,0,4.03277435512,3.51703073807,0,0,1
current_r1,10.675,15.7076160595,10.0445599853,0,0,4.03277435512,3.51703073807,0,0,1
current_r1,10.7,15.7076160595,10.0445599853,0,0,4.03277435512,3.51703073807,0,0,1
current_r1,10.725,15.7076160595,10.0445599853,0,0,4.03277435512,3.51703073807,0,0,1
current_r1,10.75,15.7076160595,10.0445599853,0,0,4.03277435512,3.51703073807,0,0,1
current_r1,10.775,15.7076160595,10.0445599853,0,0,4.03277435512,3.51703073807,0,0,1
current_r1,10.8,15.7076160595,10.0445599853,0,0,4.03277435512,3.51703073807,0,0,1
current_r1,10.825,15.7076160595,10.0445599853,0,0,4.03277435512,3.51703073807,0,0,1
current_r1,10.85,15.7076160595,10.0445599853,0,0,4.03277435512,3.51703073807,0,0,1
current_r1,10.875,15.7076160595,10.0445599853,0,0,4.03277435512,3.51703073807,0,0,1
current_r1,10.9,15.7076160595,10.0445599853,0,0,4.03277435512,3.51703073807,0,0,1
current_r1,10.925,15.7076160595,10.0445599853,0,0,4.03277435512,3.51703073807,0,0,1
current_r1,10.95,15.7076160595,10.0445599853,0,0,4.03277435512,3.51703073807,0,0,1
current_r1,10.975,15.7076160595,10.0445599853,0,0,4.03277435512,3.51703073807,0,0,1
current_r1,11,15.7076160595,10.0445599853,0,0,4.03277435512,3.51703073807,0,0,1
current_r1,11.025,15.7076160595,10.0445599853,0,0,4.03277435512,3.51703073807,0,0,1
current_r1,11.05,15.7076160595,10.0445599853,0,0,4.03277435512,3.51703073807,0,0,1
current_r1,11.075,15.7076160595,10.0445599853,0,0,4.03277435512,3.51703073807,0,0,1
current_r1,11.1,15.7076160595,10.0445599853,0,0,4.03277435512,3.51703073807,0,0,1
current_r1,11.125,15.7076160595,10.0445599853,0,0,4.03277435512,3.51703073807,0,0,1
current_r1,11.15,15.7076160595,10.0445599853,0,0,4.03277435512,3.51703073807,0,0,1
current_r1,11.175,15.7076160595,10.0445599853,0,0,4.03277435512,3.51703073807,0,0,1
current_r1,11.2,15.7076160595,10.0445599853,0,0,4.03277435512,3.51703073807,0,0,1
current_r1,11.225,15.7076160595,10.0445599853,0,0,4.03277435512,3.51703073807,0,0,1
current_r1,11.25,15.7076160595,10.0445599853,0,0,4.03277435512,3.51703073807,0,0,1
current_r1,11.275,15.7076160595,10.0445599853,0,0,4.03277435512,3.51703073807,0,0,1
current_r1,11.3,15.7076160595,10.0445599853,0,0,4.03277435512,3.51703073807,0,0,1
current_r1,11.325,15.7076160595,10.0445599853,0,0,4.03277435512,3.51703073807,0,0,1
current_r1,11.35,15.7076160595,10.0445599853,0,0,4.03277435512,3.51703073807,0,0,1
current_r1,11.375,15.7076160595,10.0445599853,0,0,4.03277435512,3.51703073807,0,0,1
current_r1,11.4,15.7076160595,10.0445599853,0,0,4.03277435512,3.51703073807,0,0,1
current_r1,11.425,15.7076160595,10.0445599853,0,0,4.03277435512,3.51703073807,0,0,1
current_r1,11.45,15.7076160595,10.0445599853,0,0,4.03277435512,3.51703073807,0,0,1
current_r1,11.475,15.7076160595,10.0445599853,0,0,4.03277435512,3.51703073807,0,0,1
current_r1,11.5,15.7076160595,10.0445599853,0,0,4.03277435512,3.51703073807,0,0,1
current_r1,11.525,15.7076160595,10.0445599853,0,0,4.03277435512,3.51703073807,0,0,1
current_r1,11.55,15.7076160595,10.0445599853,0,0,4.03277435512,3.51703073807,0,0,1
current_r1,11.575,15.7076160595,10.0445599853,0,0,4.03277435512,3.51703073807,0,0,1
current_r1,11.6,15.7076160595,10.0445599853,0,0,4.03277435512,3.51703073807,0,0,1
current_r1,11.625,15.7076160595,10.0445599853,0,0,4.03277435512,3.51703073807,0,0,1
current_r1,11.65,15.7076160595,10.0445599853,0,0,4.03277435512,3.51703073807,0,0,1
current_r1,11.675,15.7076160595,10.0445599853,0,0,4.03277435512,3.51703073807,0,0,1
current_r1,11.7,15.7076160595,10.0445599853,0,0,4.03277435512,3.51703073807,0,0,1
current_r1,11.725,15.7076160595,10.0445599853,0,0,4.03277435512,3.51703073807,0,0,1
current_r1,11.75,15.7076160595,10.0445599853,0,0,4.03277435512,3.51703073807,0,0,1
current_r1,11.775,15.7076160595,10.0445599853,0,0,4.03277435512,3.51703073807,0,0,1
current_r1,11.8,15.7076160595,10.0445599853,0,0,4.03277435512,3.51703073807,0,0,1
current_r1,11.825,15.7076160595,10.0445599853,0,0,4.03277435512,3.51703073807,0,0,1
current_r1,11.85,15.7076160595,10.0445599853,0,0,4.03277435512,3.51703073807,0,0,1
current_r1,11.875,15.7076160595,10.0445599853,0,0,4.03277435512,3.51703073807,0,0,1
current_r1,11.9,15.7076160595,10.0445599853,0,0,4.03277435512,3.51703073807,0,0,1
current_r1,11.925,15.7076160595,10.0445599853,0,0,4.03277435512,3.51703073807,0,0,1
current_r1,11.95,15.7076160595,10.0445599853,0,0,4.03277435512,3.51703073807,0,0,1
current_r1,11.975,15.7076160595,10.0445599853,0,0,4.03277435512,3.51703073807,0,0,1
current_r1,12,15.7076160595,10.0445599853,0,0,4.03277435512,3.51703073807,0,0,1
current_r1,12.025,15.7076160595,10.0445599853,0,0,4.03277435512,3.51703073807,0,0,1
current_r1,12.05,15.7076160595,10.0445599853,0,0,4.03277435512,3.51703073807,0,0,1
current_r1,12.075,15.7076160595,10.0445599853,0,0,4.03277435512,3.51703073807,0,0,1
current_r1,12.1,15.7076160595,10.0445599853,0,0,4.03277435512,3.51703073807,0,0,1
current_r1,12.125,15.7076160595,10.0445599853,0,0,4.03277435512,3.51703073807,0,0,1
current_r1,12.15,15.7076160595,10.0445599853,0,0,4.03277435512,3.51703073807,0,0,1
current_r1,12.175,15.7076160595,10.0445599853,0,0,4.03277435512,3.51703073807,0,0,1
current_r1,12.2,15.7076160595,10.0445599853,0,0,4.03277435512,3.51703073807,0,0,1
current_r1,12.225,15.7076160595,10.0445599853,0,0,4.03277435512,3.51703073807,0,0,1
current_r1,12.25,15.7076160595,10.0445599853,0,0,4.03277435512,3.51703073807,0,0,1
current_r1,12.275,15.7076160595,10.0445599853,0,0,4.03277435512,3.51703073807,0,0,1
current_r1,12.3,15.7076160595,10.0445599853,0,0,4.03277435512,3.51703073807,0,0,1
current_r1,12.325,15.7076160595,10.0445599853,0,0,4.03277435512,3.51703073807,0,0,1
current_r1,12.35,15.7076160595,10.0445599853,0,0,4.03277435512,3.51703073807,0,0,1
current_r1,12.375,15.7076160595,10.0445599853,0,0,4.03277435512,3.51703073807,0,0,1
current_r1,12.4,15.7076160595,10.0445599853,0,0,4.03277435512,3.51703073807,0,0,1
current_r1,12.425,15.7076160595,10.0445599853,0,0,4.03277435512,3.51703073807,0,0,1
current_r1,12.45,15.7076160595,10.0445599853,0,0,4.03277435512,3.51703073807,0,0,1
current_r1,12.475,15.7076160595,10.0445599853,0,0,4.03277435512,3.51703073807,0,0,1
current_r1,12.5,15.7076160595,10.0445599853,0,0,4.03277435512,3.51703073807,0,0,1
current_r1,12.525,15.7076160595,10.0445599853,0,0,4.03277435512,3.51703073807,0,0,1
current_r1,12.55,15.7076160595,10.0445599853,0,0,4.03277435512,3.51703073807,0,0,1
current_r1,12.575,15.7076160595,10.0445599853,0,0,4.03277435512,3.51703073807,0,0,1
current_r1,12.6,15.7076160595,10.0445599853,0,0,4.03277435512,3.51703073807,0,0,1
current_r1,12.625,15.7076160595,10.0445599853,0,0,4.03277435512,3.51703073807,0,0,1
current_r1,12.65,15.7076160595,10.0445599853,0,0,4.03277435512,3.51703073807,0,0,1
current_r1,12.675,15.7076160595,10.0445599853,0,0,4.03277435512,3.51703073807,0,0,1
current_r1,12.7,15.7076160595,10.0445599853,0,0,4.03277435512,3.51703073807,0,0,1
current_r1,12.725,15.7076160595,10.0445599853,0,0,4.03277435512,3.51703073807,0,0,1
current_r1,12.75,15.7076160595,10.0445599853,0,0,4.03277435512,3.51703073807,0,0,1
current_r1,12.775,15.7076160595,10.0445599853,0,0,4.03277435512,3.51703073807,0,0,1
current_r1,12.8,15.7076160595,10.0445599853,0,0,4.03277435512,3.51703073807,0,0,1
current_r1,12.825,15.7076160595,10.0445599853,0,0,4.03277435512,3.51703073807,0,0,1
current_r1,12.85,15.7076160595,10.0445599853,0,0,4.03277435512,3.51703073807,0,0,1
current_r1,12.875,15.7076160595,10.0445599853,0,0,4.03277435512,3.51703073807,0,0,1
current_r1,12.9,15.7076160595,10.0445599853,0,0,4.03277435512,3.51703073807,0,0,1
current_r1,12.925,15.7076160595,10.0445599853,0,0,4.03277435512,3.51703073807,0,0,1
current_r1,12.95,15.7076160595,10.0445599853,0,0,4.03277435512,3.51703073807,0,0,1
current_r1,12.975,15.7076160595,10.0445599853,0,0,4.03277435512,3.51703073807,0,0,1
current_r1,13,15.7076160595,10.0445599853,0,0,4.03277435512,3.51703073807,0,0,1
current_r1,13.025,15.7076160595,10.0445599853,0,0,4.03277435512,3.51703073807,0,0,1
current_r1,13.05,15.7076160595,10.0445599853,0,0,4.03277435512,3.51703073807,0,0,1
current_r1,13.075,15.7076160595,10.0445599853,0,0,4.03277435512,3.51703073807,0,0,1
current_r1,13.1,15.7076160595,10.0445599853,0,0,4.03277435512,3.51703073807,0,0,1
current_r1,13.125,15.7076160595,10.0445599853,0,0,4.03277435512,3.51703073807,0,0,1
current_r1,13.15,15.7076160595,10.0445599853,0,0,4.03277435512,3.51703073807,0,0,1
current_r1,13.175,15.7076160595,10.0445599853,0,0,4.03277435512,3.51703073807,0,0,1
current_r1,13.2,15.7076160595,10.0445599853,0,0,4.03277435512,3.51703073807,0,0,1
current_r1,13.225,15.7076160595,10.0445599853,0,0,4.03277435512,3.51703073807,0,0,1
current_r1,13.25,15.7076160595,10.0445599853,0,0,4.03277435512,3.51703073807,0,0,1
current_r1,13.275,15.7076160595,10.0445599853,0,0,4.03277435512,3.51703073807,0,0,1
current_r1,13.3,15.7076160595,10.0445599853,0,0,4.03277435512,3.51703073807,0,0,1
current_r1,13.325,15.7076160595,10.0445599853,0,0,4.03277435512,3.51703073807,0,0,1
current_r1,13.35,15.7076160595,10.0445599853,0,0,4.03277435512,3.51703073807,0,0,1
current_r1,13.375,15.7076160595,10.0445599853,0,0,4.03277435512,3.51703073807,0,0,1
current_r1,13.4,15.7076160595,10.0445599853,0,0,4.03277435512,3.51703073807,0,0,1
current_r1,13.425,15.7076160595,10.0445599853,0,0,4.03277435512,3.51703073807,0,0,1
current_r1,13.45,15.7076160595,10.0445599853,0,0,4.03277435512,3.51703073807,0,0,1
current_r1,13.475,15.7076160595,10.0445599853,0,0,4.03277435512,3.51703073807,0,0,1
current_r1,13.5,15.7076160595,10.0445599853,0,0,4.03277435512,3.51703073807,0,0,1
current_r1,13.525,15.7076160595,10.0445599853,0,0,4.03277435512,3.51703073807,0,0,1
current_r1,13.55,15.7076160595,10.0445599853,0,0,4.03277435512,3.51703073807,0,0,1
current_r1,13.575,15.7076160595,10.0445599853,0,0,4.03277435512,3.51703073807,0,0,1
current_r1,13.6,15.7076160595,10.0445599853,0,0,4.03277435512,3.51703073807,0,0,1
current_r1,13.625,15.7076160595,10.0445599853,0,0,4.03277435512,3.51703073807,0,0,1
current_r1,13.65,15.7076160595,10.0445599853,0,0,4.03277435512,3.51703073807,0,0,1
current_r1,13.675,15.7076160595,10.0445599853,0,0,4.03277435512,3.51703073807,0,0,1
current_r1,13.7,15.7076160595,10.0445599853,0,0,4.03277435512,3.51703073807,0,0,1
current_r1,13.725,15.7076160595,10.0445599853,0,0,4.03277435512,3.51703073807,0,0,1
current_r1,13.75,15.7076160595,10.0445599853,0,0,4.03277435512,3.51703073807,0,0,1
current_r1,13.775,15.7076160595,10.0445599853,0,0,4.03277435512,3.51703073807,0,0,1
current_r1,13.8,15.7076160595,10.0445599853,0,0,4.03277435512,3.51703073807,0,0,1
current_r1,13.825,15.7076160595,10.0445599853,0,0,4.03277435512,3.51703073807,0,0,1
current_r1,13.85,15.7076160595,10.0445599853,0,0,4.03277435512,3.51703073807,0,0,1
current_r1,13.875,15.7076160595,10.0445599853,0,0,4.03277435512,3.51703073807,0,0,1
current_r1,13.9,15.7076160595,10.0445599853,0,0,4.03277435512,3.51703073807,0,0,1
current_r1,13.925,15.7076160595,10.0445599853,0,0,4.03277435512,3.51703073807,0,0,1
current_r1,13.95,15.7076160595,10.0445599853,0,0,4.03277435512,3.51703073807,0,0,1
current_r1,13.975,15.7076160595,10.0445599853,0,0,4.03277435512,3.51703073807,0,0,1
current_r1,14,15.7076160595,10.0445599853,0,0,4.03277435512,3.51703073807,0,0,1
current_r1,14.025,15.7076160595,10.0445599853,0,0,4.03277435512,3.51703073807,0,0,1
current_r1,14.05,15.7076160595,10.0445599853,0,0,4.03277435512,3.51703073807,0,0,1
current_r1,14.075,15.7076160595,10.0445599853,0,0,4.03277435512,3.51703073807,0,0,1
current_r1,14.1,15.7076160595,10.0445599853,0,0,4.03277435512,3.51703073807,0,0,1
current_r1,14.125,15.7076160595,10.0445599853,0,0,4.03277435512,3.51703073807,0,0,1
current_r1,14.15,15.7076160595,10.0445599853,0,0,4.03277435512,3.51703073807,0,0,1
current_r1,14.175,15.7076160595,10.0445599853,0,0,4.03277435512,3.51703073807,0,0,1
current_r1,14.2,15.7076160595,10.0445599853,0,0,4.03277435512,3.51703073807,0,0,1
current_r1,14.225,15.7076160595,10.0445599853,0,0,4.03277435512,3.51703073807,0,0,1
current_r1,14.25,15.7076160595,10.0445599853,0,0,4.03277435512,3.51703073807,0,0,1
current_r1,14.275,15.7076160595,10.0445599853,0,0,4.03277435512,3.51703073807,0,0,1
current_r1,14.3,15.7076160595,10.0445599853,0,0,4.03277435512,3.51703073807,0,0,1
current_r1,14.325,15.7076160595,10.0445599853,0,0,4.03277435512,3.51703073807,0,0,1
current_r1,14.35,15.7076160595,10.0445599853,0,0,4.03277435512,3.51703073807,0,0,1
current_r1,14.375,15.7076160595,10.0445599853,0,0,4.03277435512,3.51703073807,0,0,1
current_r1,14.4,15.7076160595,10.0445599853,0,0,4.03277435512,3.51703073807,0,0,1
current_r1,14.425,15.7076160595,10.0445599853,0,0,4.03277435512,3.51703073807,0,0,1
current_r1,14.45,15.7076160595,10.0445599853,0,0,4.03277435512,3.51703073807,0,0,1
current_r1,14.475,15.7076160595,10.0445599853,0,0,4.03277435512,3.51703073807,0,0,1
current_r1,14.5,15.7076160595,10.0445599853,0,0,4.03277435512,3.51703073807,0,0,1
current_r1,14.525,15.7076160595,10.0445599853,0,0,4.03277435512,3.51703073807,0,0,1
current_r1,14.55,15.7076160595,10.0445599853,0,0,4.03277435512,3.51703073807,0,0,1
current_r1,14.575,15.7076160595,10.0445599853,0,0,4.03277435512,3.51703073807,0,0,1
current_r1,14.6,15.7076160595,10.0445599853,0,0,4.03277435512,3.51703073807,0,0,1
current_r1,14.625,15.7076160595,10.0445599853,0,0,4.03277435512,3.51703073807,0,0,1
current_r1,14.65,15.7076160595,10.0445599853,0,0,4.03277435512,3.51703073807,0,0,1
current_r1,14.675,15.7076160595,10.0445599853,0,0,4.03277435512,3.51703073807,0,0,1
current_r1,14.7,15.7076160595,10.0445599853,0,0,4.03277435512,3.51703073807,0,0,1
current_r1,14.725,15.7076160595,10.0445599853,0,0,4.03277435512,3.51703073807,0,0,1
current_r1,14.75,15.7076160595,10.0445599853,0,0,4.03277435512,3.51703073807,0,0,1
current_r1,14.775,15.7076160595,10.0445599853,0,0,4.03277435512,3.51703073807,0,0,1
current_r1,14.8,15.7076160595,10.0445599853,0,0,4.03277435512,3.51703073807,0,0,1
current_r1,14.825,15.7076160595,10.0445599853,0,0,4.03277435512,3.51703073807,0,0,1
current_r1,14.85,15.7076160595,10.0445599853,0,0,4.03277435512,3.51703073807,0,0,1
current_r1,14.875,15.7076160595,10.0445599853,0,0,4.03277435512,3.51703073807,0,0,1
current_r1,14.9,15.7076160595,10.0445599853,0,0,4.03277435512,3.51703073807,0,0,1
current_r1,14.925,15.7076160595,10.0445599853,0,0,4.03277435512,3.51703073807,0,0,1
current_r1,14.95,15.7076160595,10.0445599853,0,0,4.03277435512,3.51703073807,0,0,1
current_r1,14.975,15.7076160595,10.0445599853,0,0,4.03277435512,3.51703073807,0,0,1
current_r1,15,15.7076160595,10.0445599853,0,0,4.03277435512,3.51703073807,0,0,1
current_r1,15.025,15.7076160595,10.0445599853,0,0,4.03277435512,3.51703073807,0,0,1
current_r1,15.05,15.7076160595,10.0445599853,0,0,4.03277435512,3.51703073807,0,0,1
current_r1,15.075,15.7076160595,10.0445599853,0,0,4.03277435512,3.51703073807,0,0,1
current_r1,15.1,15.7076160595,10.0445599853,0,0,4.03277435512,3.51703073807,0,0,1
current_r1,15.125,15.7076160595,10.0445599853,0,0,4.03277435512,3.51703073807,0,0,1
current_r1,15.15,15.7076160595,10.0445599853,0,0,4.03277435512,3.51703073807,0,0,1
current_r1,15.175,15.7076160595,10.0445599853,0,0,4.03277435512,3.51703073807,0,0,1
current_r1,15.2,15.7076160595,10.0445599853,0,0,4.03277435512,3.51703073807,0,0,1
current_r1,15.225,15.7076160595,10.0445599853,0,0,4.03277435512,3.51703073807,0,0,1
current_r1,15.25,15.7076160595,10.0445599853,0,0,4.03277435512,3.51703073807,0,0,1
current_r1,15.275,15.7076160595,10.0445599853,0,0,4.03277435512,3.51703073807,0,0,1
current_r1,15.3,15.7076160595,10.0445599853,0,0,4.03277435512,3.51703073807,0,0,1
current_r1,15.325,15.7076160595,10.0445599853,0,0,4.03277435512,3.51703073807,0,0,1
current_r1,15.35,15.7076160595,10.0445599853,0,0,4.03277435512,3.51703073807,0,0,1
current_r1,15.375,15.7076160595,10.0445599853,0,0,4.03277435512,3.51703073807,0,0,1
current_r1,15.4,15.7076160595,10.0445599853,0,0,4.03277435512,3.51703073807,0,0,1
current_r1,15.425,15.7076160595,10.0445599853,0,0,4.03277435512,3.51703073807,0,0,1
current_r1,15.45,15.7076160595,10.0445599853,0,0,4.03277435512,3.51703073807,0,0,1
current_r1,15.475,15.7076160595,10.0445599853,0,0,4.03277435512,3.51703073807,0,0,1
current_r1,15.5,15.7076160595,10.0445599853,0,0,4.03277435512,3.51703073807,0,0,1
current_r1,15.525,15.7076160595,10.0445599853,0,0,4.03277435512,3.51703073807,0,0,1
current_r1,15.55,15.7076160595,10.0445599853,0,0,4.03277435512,3.51703073807,0,0,1
current_r1,15.575,15.7076160595,10.0445599853,0,0,4.03277435512,3.51703073807,0,0,1
current_r1,15.6,15.7076160595,10.0445599853,0,0,4.03277435512,3.51703073807,0,0,1
current_r1,15.625,15.7076160595,10.0445599853,0,0,4.03277435512,3.51703073807,0,0,1
current_r1,15.65,15.7076160595,10.0445599853,0,0,4.03277435512,3.51703073807,0,0,1
current_r1,15.675,15.7076160595,10.0445599853,0,0,4.03277435512,3.51703073807,0,0,1
current_r1,15.7,15.7076160595,10.0445599853,0,0,4.03277435512,3.51703073807,0,0,1
current_r1,15.725,15.7076160595,10.0445599853,0,0,4.03277435512,3.51703073807,0,0,1
current_r1,15.75,15.7076160595,10.0445599853,0,0,4.03277435512,3.51703073807,0,0,1
current_r1,15.775,15.7076160595,10.0445599853,0,0,4.03277435512,3.51703073807,0,0,1
current_r1,15.8,15.7076160595,10.0445599853,0,0,4.03277435512,3.51703073807,0,0,1
current_r1,15.825,15.7076160595,10.0445599853,0,0,4.03277435512,3.51703073807,0,0,1
current_r1,15.85,15.7076160595,10.0445599853,0,0,4.03277435512,3.51703073807,0,0,1
current_r1,15.875,15.7076160595,10.0445599853,0,0,4.03277435512,3.51703073807,0,0,1
current_r1,15.9,15.7076160595,10.0445599853,0,0,4.03277435512,3.51703073807,0,0,1
current_r1,15.925,15.7076160595,10.0445599853,0,0,4.03277435512,3.51703073807,0,0,1
current_r1,15.95,15.7076160595,10.0445599853,0,0,4.03277435512,3.51703073807,0,0,1
current_r1,15.975,15.7076160595,10.0445599853,0,0,4.03277435512,3.51703073807,0,0,1
current_r1,16,15.7076160595,10.0445599853,0,0,4.03277435512,3.51703073807,0,0,1
current_r1,16.025,15.7076160595,10.0445599853,0,0,4.03277435512,3.51703073807,0,0,1
current_r1,16.05,15.7076160595,10.0445599853,0,0,4.03277435512,3.51703073807,0,0,1
current_r1,16.075,15.7076160595,10.0445599853,0,0,4.03277435512,3.51703073807,0,0,1
current_r1,16.1,15.7076160595,10.0445599853,0,0,4.03277435512,3.51703073807,0,0,1
current_r1,16.125,15.7076160595,10.0445599853,0,0,4.03277435512,3.51703073807,0,0,1
current_r1,16.15,15.7076160595,10.0445599853,0,0,4.03277435512,3.51703073807,0,0,1
current_r1,16.175,15.7076160595,10.0445599853,0,0,4.03277435512,3.51703073807,0,0,1
current_r1,16.2,15.7076160595,10.0445599853,0,0,4.03277435512,3.51703073807,0,0,1
current_r1,16.225,15.7076160595,10.0445599853,0,0,4.03277435512,3.51703073807,0,0,1
current_r1,16.25,15.7076160595,10.0445599853,0,0,4.03277435512,3.51703073807,0,0,1
current_r1,16.275,15.7076160595,10.0445599853,0,0,4.03277435512,3.51703073807,0,0,1
current_r1,16.3,15.7076160595,10.0445599853,0,0,4.03277435512,3.51703073807,0,0,1
current_r1,16.325,15.7076160595,10.0445599853,0,0,4.03277435512,3.51703073807,0,0,1
current_r1,16.35,15.7076160595,10.0445599853,0,0,4.03277435512,3.51703073807,0,0,1
current_r1,16.375,15.7076160595,10.0445599853,0,0,4.03277435512,3.51703073807,0,0,1
current_r1,16.4,15.7076160595,10.0445599853,0,0,4.03277435512,3.51703073807,0,0,1
current_r1,16.425,15.7076160595,10.0445599853,0,0,4.03277435512,3.51703073807,0,0,1
current_r1,16.45,15.7076160595,10.0445599853,0,0,4.03277435512,3.51703073807,0,0,1
current_r1,16.475,15.7076160595,10.0445599853,0,0,4.03277435512,3.51703073807,0,0,1
current_r1,16.5,15.7076160595,10.0445599853,0,0,4.03277435512,3.51703073807,0,0,1
current_r1,16.525,15.7076160595,10.0445599853,0,0,4.03277435512,3.51703073807,0,0,1
current_r1,16.55,15.7076160595,10.0445599853,0,0,4.03277435512,3.51703073807,0,0,1
current_r1,16.575,15.7076160595,10.0445599853,0,0,4.03277435512,3.51703073807,0,0,1
current_r1,16.6,15.7076160595,10.0445599853,0,0,4.03277435512,3.51703073807,0,0,1
current_r1,16.625,15.7076160595,10.0445599853,0,0,4.03277435512,3.51703073807,0,0,1
current_r1,16.65,15.7076160595,10.0445599853,0,0,4.03277435512,3.51703073807,0,0,1
current_r1,16.675,15.7076160595,10.0445599853,0,0,4.03277435512,3.51703073807,0,0,1
current_r1,16.7,15.7076160595,10.0445599853,0,0,4.03277435512,3.51703073807,0,0,1
current_r1,16.725,15.7076160595,10.0445599853,0,0,4.03277435512,3.51703073807,0,0,1
current_r1,16.75,15.7076160595,10.0445599853,0,0,4.03277435512,3.51703073807,0,0,1
current_r1,16.775,15.7076160595,10.0445599853,0,0,4.03277435512,3.51703073807,0,0,1
current_r1,16.8,15.7076160595,10.0445599853,0,0,4.03277435512,3.51703073807,0,0,1
current_r1,16.825,15.7076160595,10.0445599853,0,0,4.03277435512,3.51703073807,0,0,1
current_r1,16.85,15.7076160595,10.0445599853,0,0,4.03277435512,3.51703073807,0,0,1
current_r1,16.875,15.7076160595,10.0445599853,0,0,4.03277435512,3.51703073807,0,0,1
current_r1,16.9,15.7076160595,10.0445599853,0,0,4.03277435512,3.51703073807,0,0,1
current_r1,16.925,15.7076160595,10.0445599853,0,0,4.03277435512,3.51703073807,0,0,1
current_r1,16.95,15.7076160595,10.0445599853,0,0,4.03277435512,3.51703073807,0,0,1
current_r1,16.975,15.7076160595,10.0445599853,0,0,4.03277435512,3.51703073807,0,0,1
current_r1,17,15.7076160595,10.0445599853,0,0,4.03277435512,3.51703073807,0,0,1
current_r1,17.025,15.7076160595,10.0445599853,0,0,4.03277435512,3.51703073807,0,0,1
current_r1,17.05,15.7076160595,10.0445599853,0,0,4.03277435512,3.51703073807,0,0,1
current_r1,17.075,15.7076160595,10.0445599853,0,0,4.03277435512,3.51703073807,0,0,1
current_r1,17.1,15.7076160595,10.0445599853,0,0,4.03277435512,3.51703073807,0,0,1
current_r1,17.125,15.7076160595,10.0445599853,0,0,4.03277435512,3.51703073807,0,0,1
current_r1,17.15,15.7076160595,10.0445599853,0,0,4.03277435512,3.51703073807,0,0,1
current_r1,17.175,15.7076160595,10.0445599853,0,0,4.03277435512,3.51703073807,0,0,1
current_r1,17.2,15.7076160595,10.0445599853,0,0,4.03277435512,3.51703073807,0,0,1
current_r1,17.225,15.7076160595,10.0445599853,0,0,4.03277435512,3.51703073807,0,0,1
current_r1,17.25,15.7076160595,10.0445599853,0,0,4.03277435512,3.51703073807,0,0,1
current_r1,17.275,15.7076160595,10.0445599853,0,0,4.03277435512,3.51703073807,0,0,1
current_r1,17.3,15.7076160595,10.0445599853,0,0,4.03277435512,3.51703073807,0,0,1
current_r1,17.325,15.7076160595,10.0445599853,0,0,4.03277435512,3.51703073807,0,0,1
current_r1,17.35,15.7076160595,10.0445599853,0,0,4.03277435512,3.51703073807,0,0,1
current_r1,17.375,15.7076160595,10.0445599853,0,0,4.03277435512,3.51703073807,0,0,1
current_r1,17.4,15.7076160595,10.0445599853,0,0,4.03277435512,3.51703073807,0,0,1
current_r1,17.425,15.7076160595,10.0445599853,0,0,4.03277435512,3.51703073807,0,0,1
current_r1,17.45,15.7076160595,10.0445599853,0,0,4.03277435512,3.51703073807,0,0,1
current_r1,17.475,15.7076160595,10.0445599853,0,0,4.03277435512,3.51703073807,0,0,1
current_r1,17.5,15.7076160595,10.0445599853,0,0,4.03277435512,3.51703073807,0,0,1
current_r1,17.525,15.7076160595,10.0445599853,0,0,4.03277435512,3.51703073807,0,0,1
current_r1,17.55,15.7076160595,10.0445599853,0,0,4.03277435512,3.51703073807,0,0,1
current_r1,17.575,15.7076160595,10.0445599853,0,0,4.03277435512,3.51703073807,0,0,1
current_r1,17.6,15.7076160595,10.0445599853,0,0,4.03277435512,3.51703073807,0,0,1
current_r1,17.625,15.7076160595,10.0445599853,0,0,4.03277435512,3.51703073807,0,0,1
current_r1,17.65,15.7076160595,10.0445599853,0,0,4.03277435512,3.51703073807,0,0,1
current_r1,17.675,15.7076160595,10.0445599853,0,0,4.03277435512,3.51703073807,0,0,1
current_r1,17.7,15.7076160595,10.0445599853,0,0,4.03277435512,3.51703073807,0,0,1
current_r1,17.725,15.7076160595,10.0445599853,0,0,4.03277435512,3.51703073807,0,0,1
current_r1,17.75,15.7076160595,10.0445599853,0,0,4.03277435512,3.51703073807,0,0,1
current_r1,17.775,15.7076160595,10.0445599853,0,0,4.03277435512,3.51703073807,0,0,1
current_r1,17.8,15.7076160595,10.0445599853,0,0,4.03277435512,3.51703073807,0,0,1
current_r1,17.825,15.7076160595,10.0445599853,0,0,4.03277435512,3.51703073807,0,0,1
current_r1,17.85,15.7076160595,10.0445599853,0,0,4.03277435512,3.51703073807,0,0,1
current_r1,17.875,15.7076160595,10.0445599853,0,0,4.03277435512,3.51703073807,0,0,1
current_r1,17.9,15.7076160595,10.0445599853,0,0,4.03277435512,3.51703073807,0,0,1
current_r1,17.925,15.7076160595,10.0445599853,0,0,4.03277435512,3.51703073807,0,0,1
current_r1,17.95,15.7076160595,10.0445599853,0,0,4.03277435512,3.51703073807,0,0,1
current_r1,17.975,15.7076160595,10.0445599853,0,0,4.03277435512,3.51703073807,0,0,1
current_r1,18,15.7076160595,10.0445599853,0,0,4.03277435512,3.51703073807,0,0,1
current_r1,18.025,15.7076160595,10.0445599853,0,0,4.03277435512,3.51703073807,0,0,1
current_r1,18.05,15.7076160595,10.0445599853,0,0,4.03277435512,3.51703073807,0,0,1
current_r1,18.075,15.7076160595,10.0445599853,0,0,4.03277435512,3.51703073807,0,0,1
current_r1,18.1,15.7076160595,10.0445599853,0,0,4.03277435512,3.51703073807,0,0,1
current_r1,18.125,15.7076160595,10.0445599853,0,0,4.03277435512,3.51703073807,0,0,1
current_r1,18.15,15.7076160595,10.0445599853,0,0,4.03277435512,3.51703073807,0,0,1
current_r1,18.175,15.7076160595,10.0445599853,0,0,4.03277435512,3.51703073807,0,0,1
current_r1,18.2,15.7076160595,10.0445599853,0,0,4.03277435512,3.51703073807,0,0,1
current_r1,18.225,15.7076160595,10.0445599853,0,0,4.03277435512,3.51703073807,0,0,1
current_r1,18.25,15.7076160595,10.0445599853,0,0,4.03277435512,3.51703073807,0,0,1
current_r1,18.275,15.7076160595,10.0445599853,0,0,4.03277435512,3.51703073807,0,0,1
current_r1,18.3,15.7076160595,10.0445599853,0,0,4.03277435512,3.51703073807,0,0,1
current_r1,18.325,15.7076160595,10.0445599853,0,0,4.03277435512,3.51703073807,0,0,1
current_r1,18.35,15.7076160595,10.0445599853,0,0,4.03277435512,3.51703073807,0,0,1
current_r1,18.375,15.7076160595,10.0445599853,0,0,4.03277435512,3.51703073807,0,0,1
current_r1,18.4,15.7076160595,10.0445599853,0,0,4.03277435512,3.51703073807,0,0,1
current_r1,18.425,15.7076160595,10.0445599853,0,0,4.03277435512,3.51703073807,0,0,1
current_r1,18.45,15.7076160595,10.0445599853,0,0,4.03277435512,3.51703073807,0,0,1
current_r1,18.475,15.7076160595,10.0445599853,0,0,4.03277435512,3.51703073807,0,0,1
current_r1,18.5,15.7076160595,10.0445599853,0,0,4.03277435512,3.51703073807,0,0,1
current_r1,18.525,15.7076160595,10.0445599853,0,0,4.03277435512,3.51703073807,0,0,1
current_r1,18.55,15.7076160595,10.0445599853,0,0,4.03277435512,3.51703073807,0,0,1
current_r1,18.575,15.7076160595,10.0445599853,0,0,4.03277435512,3.51703073807,0,0,1
current_r1,18.6,15.7076160595,10.0445599853,0,0,4.03277435512,3.51703073807,0,0,1
current_r1,18.625,15.7076160595,10.0445599853,0,0,4.03277435512,3.51703073807,0,0,1
current_r1,18.65,15.7076160595,10.0445599853,0,0,4.03277435512,3.51703073807,0,0,1
current_r1,18.675,15.7076160595,10.0445599853,0,0,4.03277435512,3.51703073807,0,0,1
current_r1,18.7,15.7076160595,10.0445599853,0,0,4.03277435512,3.51703073807,0,0,1
current_r1,18.725,15.7076160595,10.0445599853,0,0,4.03277435512,3.51703073807,0,0,1
current_r1,18.75,15.7076160595,10.0445599853,0,0,4.03277435512,3.51703073807,0,0,1
current_r1,18.775,15.7076160595,10.0445599853,0,0,4.03277435512,3.51703073807,0,0,1
current_r1,18.8,15.7076160595,10.0445599853,0,0,4.03277435512,3.51703073807,0,0,1
current_r1,18.825,15.7076160595,10.0445599853,0,0,4.03277435512,3.51703073807,0,0,1
current_r1,18.85,15.7076160595,10.0445599853,0,0,4.03277435512,3.51703073807,0,0,1
current_r1,18.875,15.7076160595,10.0445599853,0,0,4.03277435512,3.51703073807,0,0,1
current_r1,18.9,15.7076160595,10.0445599853,0,0,4.03277435512,3.51703073807,0,0,1
current_r1,18.925,15.7076160595,10.0445599853,0,0,4.03277435512,3.51703073807,0,0,1
current_r1,18.95,15.7076160595,10.0445599853,0,0,4.03277435512,3.51703073807,0,0,1
current_r1,18.975,15.7076160595,10.0445599853,0,0,4.03277435512,3.51703073807,0,0,1
current_r1,19,15.7076160595,10.0445599853,0,0,4.03277435512,3.51703073807,0,0,1
current_r1,19.025,15.7076160595,10.0445599853,0,0,4.03277435512,3.51703073807,0,0,1
current_r1,19.05,15.7076160595,10.0445599853,0,0,4.03277435512,3.51703073807,0,0,1
current_r1,19.075,15.7076160595,10.0445599853,0,0,4.03277435512,3.51703073807,0,0,1
current_r1,19.1,15.7076160595,10.0445599853,0,0,4.03277435512,3.51703073807,0,0,1
current_r1,19.125,15.7076160595,10.0445599853,0,0,4.03277435512,3.51703073807,0,0,1
current_r1,19.15,15.7076160595,10.0445599853,0,0,4.03277435512,3.51703073807,0,0,1
current_r1,19.175,15.7076160595,10.0445599853,0,0,4.03277435512,3.51703073807,0,0,1
current_r1,19.2,15.7076160595,10.0445599853,0,0,4.03277435512,3.51703073807,0,0,1
current_r1,19.225,15.7076160595,10.0445599853,0,0,4.03277435512,3.51703073807,0,0,1
current_r1,19.25,15.7076160595,10.0445599853,0,0,4.03277435512,3.51703073807,0,0,1
current_r1,19.275,15.7076160595,10.0445599853,0,0,4.03277435512,3.51703073807,0,0,1
current_r1,19.3,15.7076160595,10.0445599853,0,0,4.03277435512,3.51703073807,0,0,1
current_r1,19.325,15.7076160595,10.0445599853,0,0,4.03277435512,3.51703073807,0,0,1
current_r1,19.35,15.7076160595,10.0445599853,0,0,4.03277435512,3.51703073807,0,0,1
current_r1,19.375,15.7076160595,10.0445599853,0,0,4.03277435512,3.51703073807,0,0,1
current_r1,19.4,15.7076160595,10.0445599853,0,0,4.03277435512,3.51703073807,0,0,1
current_r1,19.425,15.7076160595,10.0445599853,0,0,4.03277435512,3.51703073807,0,0,1
current_r1,19.45,15.7076160595,10.0445599853,0,0,4.03277435512,3.51703073807,0,0,1
current_r1,19.475,15.7076160595,10.0445599853,0,0,4.03277435512,3.51703073807,0,0,1
current_r1,19.5,15.7076160595,10.0445599853,0,0,4.03277435512,3.51703073807,0,0,1
current_r1,19.525,15.7076160595,10.0445599853,0,0,4.03277435512,3.51703073807,0,0,1
current_r1,19.55,15.7076160595,10.0445599853,0,0,4.03277435512,3.51703073807,0,0,1
current_r1,19.575,15.7076160595,10.0445599853,0,0,4.03277435512,3.51703073807,0,0,1
current_r1,19.6,15.7076160595,10.0445599853,0,0,4.03277435512,3.51703073807,0,0,1
current_r1,19.625,15.7076160595,10.0445599853,0,0,4.03277435512,3.51703073807,0,0,1
current_r1,19.65,15.7076160595,10.0445599853,0,0,4.03277435512,3.51703073807,0,0,1
current_r1,19.675,15.7076160595,10.0445599853,0,0,4.03277435512,3.51703073807,0,0,1
current_r1,19.7,15.7076160595,10.0445599853,0,0,4.03277435512,3.51703073807,0,0,1
current_r1,19.725,15.7076160595,10.0445599853,0,0,4.03277435512,3.51703073807,0,0,1
current_r1,19.75,15.7076160595,10.0445599853,0,0,4.03277435512,3.51703073807,0,0,1
current_r1,19.775,15.7076160595,10.0445599853,0,0,4.03277435512,3.51703073807,0,0,1
current_r1,19.8,15.7076160595,10.0445599853,0,0,4.03277435512,3.51703073807,0,0,1
current_r1,19.825,15.7076160595,10.0445599853,0,0,4.03277435512,3.51703073807,0,0,1
current_r1,19.85,15.7076160595,10.0445599853,0,0,4.03277435512,3.51703073807,0,0,1
current_r1,19.875,15.7076160595,10.0445599853,0,0,4.03277435512,3.51703073807,0,0,1
current_r1,19.9,15.7076160595,10.0445599853,0,0,4.03277435512,3.51703073807,0,0,1
current_r1,19.925,15.7076160595,10.0445599853,0,0,4.03277435512,3.51703073807,0,0,1
current_r1,19.95,15.7076160595,10.0445599853,0,0,4.03277435512,3.51703073807,0,0,1
current_r1,19.975,15.7076160595,10.0445599853,0,0,4.03277435512,3.51703073807,0,0,1
current_r1,20,15.7076160595,10.0445599853,0,0,4.03277435512,3.51703073807,0,0,1
current_r1,20.025,15.7076160595,10.0445599853,0,0,4.03277435512,3.51703073807,0,0,1
current_r1,20.05,15.7076160595,10.0445599853,0,0,4.03277435512,3.51703073807,0,0,1
current_r1,20.075,15.7076160595,10.0445599853,0,0,4.03277435512,3.51703073807,0,0,1
current_r1,20.1,15.7076160595,10.0445599853,0,0,4.03277435512,3.51703073807,0,0,1
current_r1,20.125,15.7076160595,10.0445599853,0,0,4.03277435512,3.51703073807,0,0,1
current_r1,20.15,15.7076160595,10.0445599853,0,0,4.03277435512,3.51703073807,0,0,1
current_r1,20.175,15.7076160595,10.0445599853,0,0,4.03277435512,3.51703073807,0,0,1
current_r1,20.2,15.7076160595,10.0445599853,0,0,4.03277435512,3.51703073807,0,0,1
current_r1,20.225,15.7076160595,10.0445599853,0,0,4.03277435512,3.51703073807,0,0,1
current_r1,20.25,15.7076160595,10.0445599853,0,0,4.03277435512,3.51703073807,0,0,1
current_r1,20.275,15.7076160595,10.0445599853,0,0,4.03277435512,3.51703073807,0,0,1
current_r1,20.3,15.7076160595,10.0445599853,0,0,4.03277435512,3.51703073807,0,0,1
current_r1,20.325,15.7076160595,10.0445599853,0,0,4.03277435512,3.51703073807,0,0,1
current_r1,20.35,15.7076160595,10.0445599853,0,0,4.03277435512,3.51703073807,0,0,1
current_r1,20.375,15.7076160595,10.0445599853,0,0,4.03277435512,3.51703073807,0,0,1
current_r1,20.4,15.7076160595,10.0445599853,0,0,4.03277435512,3.51703073807,0,0,1
current_r1,20.425,15.7076160595,10.0445599853,0,0,4.03277435512,3.51703073807,0,0,1
current_r1,20.45,15.7076160595,10.0445599853,0,0,4.03277435512,3.51703073807,0,0,1
current_r1,20.475,15.7076160595,10.0445599853,0,0,4.03277435512,3.51703073807,0,0,1
current_r1,20.5,15.7076160595,10.0445599853,0,0,4.03277435512,3.51703073807,0,0,1
current_r1,20.525,15.7076160595,10.0445599853,0,0,4.03277435512,3.51703073807,0,0,1
current_r1,20.55,15.7076160595,10.0445599853,0,0,4.03277435512,3.51703073807,0,0,1
current_r1,20.575,15.7076160595,10.0445599853,0,0,4.03277435512,3.51703073807,0,0,1
current_r1,20.6,15.7076160595,10.0445599853,0,0,4.03277435512,3.51703073807,0,0,1
current_r1,20.625,15.7076160595,10.0445599853,0,0,4.03277435512,3.51703073807,0,0,1
current_r1,20.65,15.7076160595,10.0445599853,0,0,4.03277435512,3.51703073807,0,0,1
current_r1,20.675,15.7076160595,10.0445599853,0,0,4.03277435512,3.51703073807,0,0,1
current_r1,20.7,15.7076160595,10.0445599853,0,0,4.03277435512,3.51703073807,0,0,1
current_r1,20.725,15.7076160595,10.0445599853,0,0,4.03277435512,3.51703073807,0,0,1
current_r1,20.75,15.7076160595,10.0445599853,0,0,4.03277435512,3.51703073807,0,0,1
current_r1,20.775,15.7076160595,10.0445599853,0,0,4.03277435512,3.51703073807,0,0,1
current_r1,20.8,15.7076160595,10.0445599853,0,0,4.03277435512,3.51703073807,0,0,1
current_r1,20.825,15.7076160595,10.0445599853,0,0,4.03277435512,3.51703073807,0,0,1
current_r1,20.85,15.7076160595,10.0445599853,0,0,4.03277435512,3.51703073807,0,0,1
current_r1,20.875,15.7076160595,10.0445599853,0,0,4.03277435512,3.51703073807,0,0,1
current_r1,20.9,15.7076160595,10.0445599853,0,0,4.03277435512,3.51703073807,0,0,1
current_r1,20.925,15.7076160595,10.0445599853,0,0,4.03277435512,3.51703073807,0,0,1
current_r1,20.95,15.7076160595,10.0445599853,0,0,4.03277435512,3.51703073807,0,0,1
current_r1,20.975,15.7076160595,10.0445599853,0,0,4.03277435512,3.51703073807,0,0,1
current_r1,21,15.7076160595,10.0445599853,0,0,4.03277435512,3.51703073807,0,0,1
current_r1,21.025,15.7076160595,10.0445599853,0,0,4.03277435512,3.51703073807,0,0,1
current_r1,21.05,15.7076160595,10.0445599853,0,0,4.03277435512,3.51703073807,0,0,1
current_r1,21.075,15.7076160595,10.0445599853,0,0,4.03277435512,3.51703073807,0,0,1
current_r1,21.1,15.7076160595,10.0445599853,0,0,4.03277435512,3.51703073807,0,0,1
current_r1,21.125,15.7076160595,10.0445599853,0,0,4.03277435512,3.51703073807,0,0,1
current_r1,21.15,15.7076160595,10.0445599853,0,0,4.03277435512,3.51703073807,0,0,1
current_r1,21.175,15.7076160595,10.0445599853,0,0,4.03277435512,3.51703073807,0,0,1
current_r1,21.2,15.7076160595,10.0445599853,0,0,4.03277435512,3.51703073807,0,0,1
current_r1,21.225,15.7076160595,10.0445599853,0,0,4.03277435512,3.51703073807,0,0,1
current_r1,21.25,15.7076160595,10.0445599853,0,0,4.03277435512,3.51703073807,0,0,1
current_r1,21.275,15.7076160595,10.0445599853,0,0,4.03277435512,3.51703073807,0,0,1
current_r1,21.3,15.7076160595,10.0445599853,0,0,4.03277435512,3.51703073807,0,0,1
current_r1,21.325,15.7076160595,10.0445599853,0,0,4.03277435512,3.51703073807,0,0,1
current_r1,21.35,15.7076160595,10.0445599853,0,0,4.03277435512,3.51703073807,0,0,1
current_r1,21.375,15.7076160595,10.0445599853,0,0,4.03277435512,3.51703073807,0,0,1
current_r1,21.4,15.7076160595,10.0445599853,0,0,4.03277435512,3.51703073807,0,0,1
current_r1,21.425,15.7076160595,10.0445599853,0,0,4.03277435512,3.51703073807,0,0,1
current_r1,21.45,15.7076160595,10.0445599853,0,0,4.03277435512,3.51703073807,0,0,1
current_r1,21.475,15.7076160595,10.0445599853,0,0,4.03277435512,3.51703073807,0,0,1
current_r1,21.5,15.7076160595,10.0445599853,0,0,4.03277435512,3.51703073807,0,0,1
current_r1,21.525,15.7076160595,10.0445599853,0,0,4.03277435512,3.51703073807,0,0,1
current_r1,21.55,15.7076160595,10.0445599853,0,0,4.03277435512,3.51703073807,0,0,1
current_r1,21.575,15.7076160595,10.0445599853,0,0,4.03277435512,3.51703073807,0,0,1
current_r1,21.6,15.7076160595,10.0445599853,0,0,4.03277435512,3.51703073807,0,0,1
current_r1,21.625,15.7076160595,10.0445599853,0,0,4.03277435512,3.51703073807,0,0,1
current_r1,21.65,15.7076160595,10.0445599853,0,0,4.03277435512,3.51703073807,0,0,1
current_r1,21.675,15.7076160595,10.0445599853,0,0,4.03277435512,3.51703073807,0,0,1
current_r1,21.7,15.7076160595,10.0445599853,0,0,4.03277435512,3.51703073807,0,0,1
current_r1,21.725,15.7076160595,10.0445599853,0,0,4.03277435512,3.51703073807,0,0,1
current_r1,21.75,15.7076160595,10.0445599853,0,0,4.03277435512,3.51703073807,0,0,1
current_r1,21.775,15.7076160595,10.0445599853,0,0,4.03277435512,3.51703073807,0,0,1
current_r1,21.8,15.7076160595,10.0445599853,0,0,4.03277435512,3.51703073807,0,0,1
current_r1,21.825,15.7076160595,10.0445599853,0,0,4.03277435512,3.51703073807,0,0,1
current_r1,21.85,15.7076160595,10.0445599853,0,0,4.03277435512,3.51703073807,0,0,1
current_r1,21.875,15.7076160595,10.0445599853,0,0,4.03277435512,3.51703073807,0,0,1
current_r1,21.9,15.7076160595,10.0445599853,0,0,4.03277435512,3.51703073807,0,0,1
current_r1,21.925,15.7076160595,10.0445599853,0,0,4.03277435512,3.51703073807,0,0,1
current_r1,21.95,15.7076160595,10.0445599853,0,0,4.03277435512,3.51703073807,0,0,1
current_r1,21.975,15.7076160595,10.0445599853,0,0,4.03277435512,3.51703073807,0,0,1
current_r1,22,15.7076160595,10.0445599853,0,0,4.03277435512,3.51703073807,0,0,1
current_r1,22.025,15.7076160595,10.0445599853,0,0,4.03277435512,3.51703073807,0,0,1
current_r1,22.05,15.7076160595,10.0445599853,0,0,4.03277435512,3.51703073807,0,0,1
current_r1,22.075,15.7076160595,10.0445599853,0,0,4.03277435512,3.51703073807,0,0,1
current_r1,22.1,15.7076160595,10.0445599853,0,0,4.03277435512,3.51703073807,0,0,1
current_r1,22.125,15.7076160595,10.0445599853,0,0,4.03277435512,3.51703073807,0,0,1
current_r1,22.15,15.7076160595,10.0445599853,0,0,4.03277435512,3.51703073807,0,0,1
current_r1,22.175,15.7076160595,10.0445599853,0,0,4.03277435512,3.51703073807,0,0,1
current_r1,22.2,15.7076160595,10.0445599853,0,0,4.03277435512,3.51703073807,0,0,1
current_r1,22.225,15.7076160595,10.0445599853,0,0,4.03277435512,3.51703073807,0,0,1
current_r1,22.25,15.7076160595,10.0445599853,0,0,4.03277435512,3.51703073807,0,0,1
current_r1,22.275,15.7076160595,10.0445599853,0,0,4.03277435512,3.51703073807,0,0,1
current_r1,22.3,15.7076160595,10.0445599853,0,0,4.03277435512,3.51703073807,0,0,1
current_r1,22.325,15.7076160595,10.0445599853,0,0,4.03277435512,3.51703073807,0,0,1
current_r1,22.35,15.7076160595,10.0445599853,0,0,4.03277435512,3.51703073807,0,0,1
current_r1,22.375,15.7076160595,10.0445599853,0,0,4.03277435512,3.51703073807,0,0,1
current_r1,22.4,15.7076160595,10.0445599853,0,0,4.03277435512,3.51703073807,0,0,1
current_r1,22.425,15.7076160595,10.0445599853,0,0,4.03277435512,3.51703073807,0,0,1
current_r1,22.45,15.7076160595,10.0445599853,0,0,4.03277435512,3.51703073807,0,0,1
current_r1,22.475,15.7076160595,10.0445599853,0,0,4.03277435512,3.51703073807,0,0,1
current_r1,22.5,15.7076160595,10.0445599853,0,0,4.03277435512,3.51703073807,0,0,1
current_r1,22.525,15.7076160595,10.0445599853,0,0,4.03277435512,3.51703073807,0,0,1
current_r1,22.55,15.7076160595,10.0445599853,0,0,4.03277435512,3.51703073807,0,0,1
current_r1,22.575,15.7076160595,10.0445599853,0,0,4.03277435512,3.51703073807,0,0,1
current_r1,22.6,15.7076160595,10.0445599853,0,0,4.03277435512,3.51703073807,0,0,1
current_r1,22.625,15.7076160595,10.0445599853,0,0,4.03277435512,3.51703073807,0,0,1
current_r1,22.65,15.7076160595,10.0445599853,0,0,4.03277435512,3.51703073807,0,0,1
current_r1,22.675,15.7076160595,10.0445599853,0,0,4.03277435512,3.51703073807,0,0,1
current_r1,22.7,15.7076160595,10.0445599853,0,0,4.03277435512,3.51703073807,0,0,1
current_r1,22.725,15.7076160595,10.0445599853,0,0,4.03277435512,3.51703073807,0,0,1
current_r1,22.75,15.7076160595,10.0445599853,0,0,4.03277435512,3.51703073807,0,0,1
current_r1,22.775,15.7076160595,10.0445599853,0,0,4.03277435512,3.51703073807,0,0,1
current_r1,22.8,15.7076160595,10.0445599853,0,0,4.03277435512,3.51703073807,0,0,1
current_r1,22.825,15.7076160595,10.0445599853,0,0,4.03277435512,3.51703073807,0,0,1
current_r1,22.85,15.7076160595,10.0445599853,0,0,4.03277435512,3.51703073807,0,0,1
current_r1,22.875,15.7076160595,10.0445599853,0,0,4.03277435512,3.51703073807,0,0,1
current_r1,22.9,15.7076160595,10.0445599853,0,0,4.03277435512,3.51703073807,0,0,1
current_r1,22.925,15.7076160595,10.0445599853,0,0,4.03277435512,3.51703073807,0,0,1
current_r1,22.95,15.7076160595,10.0445599853,0,0,4.03277435512,3.51703073807,0,0,1
current_r1,22.975,15.7076160595,10.0445599853,0,0,4.03277435512,3.51703073807,0,0,1
current_r1,23,15.7076160595,10.0445599853,0,0,4.03277435512,3.51703073807,0,0,1
current_r1,23.025,15.7076160595,10.0445599853,0,0,4.03277435512,3.51703073807,0,0,1
current_r1,23.05,15.7076160595,10.0445599853,0,0,4.03277435512,3.51703073807,0,0,1
current_r1,23.075,15.7076160595,10.0445599853,0,0,4.03277435512,3.51703073807,0,0,1
current_r1,23.1,15.7076160595,10.0445599853,0,0,4.03277435512,3.51703073807,0,0,1
current_r1,23.125,15.7076160595,10.0445599853,0,0,4.03277435512,3.51703073807,0,0,1
current_r1,23.15,15.7076160595,10.0445599853,0,0,4.03277435512,3.51703073807,0,0,1
current_r1,23.175,15.7076160595,10.0445599853,0,0,4.03277435512,3.51703073807,0,0,1
current_r1,23.2,15.7076160595,10.0445599853,0,0,4.03277435512,3.51703073807,0,0,1
current_r1,23.225,15.7076160595,10.0445599853,0,0,4.03277435512,3.51703073807,0,0,1
current_r1,23.25,15.7076160595,10.0445599853,0,0,4.03277435512,3.51703073807,0,0,1
current_r1,23.275,15.7076160595,10.0445599853,0,0,4.03277435512,3.51703073807,0,0,1
current_r1,23.3,15.7076160595,10.0445599853,0,0,4.03277435512,3.51703073807,0,0,1
current_r1,23.325,15.7076160595,10.0445599853,0,0,4.03277435512,3.51703073807,0,0,1
current_r1,23.35,15.7076160595,10.0445599853,0,0,4.03277435512,3.51703073807,0,0,1
current_r1,23.375,15.7076160595,10.0445599853,0,0,4.03277435512,3.51703073807,0,0,1
current_r1,23.4,15.7076160595,10.0445599853,0,0,4.03277435512,3.51703073807,0,0,1
current_r1,23.425,15.7076160595,10.0445599853,0,0,4.03277435512,3.51703073807,0,0,1
current_r1,23.45,15.7076160595,10.0445599853,0,0,4.03277435512,3.51703073807,0,0,1
current_r1,23.475,15.7076160595,10.0445599853,0,0,4.03277435512,3.51703073807,0,0,1
current_r1,23.5,15.7076160595,10.0445599853,0,0,4.03277435512,3.51703073807,0,0,1
current_r1,23.525,15.7076160595,10.0445599853,0,0,4.03277435512,3.51703073807,0,0,1
current_r1,23.55,15.7076160595,10.0445599853,0,0,4.03277435512,3.51703073807,0,0,1
current_r1,23.575,15.7076160595,10.0445599853,0,0,4.03277435512,3.51703073807,0,0,1
current_r1,23.6,15.7076160595,10.0445599853,0,0,4.03277435512,3.51703073807,0,0,1
current_r1,23.625,15.7076160595,10.0445599853,0,0,4.03277435512,3.51703073807,0,0,1
current_r1,23.65,15.7076160595,10.0445599853,0,0,4.03277435512,3.51703073807,0,0,1
current_r1,23.675,15.7076160595,10.0445599853,0,0,4.03277435512,3.51703073807,0,0,1
current_r1,23.7,15.7076160595,10.0445599853,0,0,4.03277435512,3.51703073807,0,0,1
current_r1,23.725,15.7076160595,10.0445599853,0,0,4.03277435512,3.51703073807,0,0,1
current_r1,23.75,15.7076160595,10.0445599853,0,0,4.03277435512,3.51703073807,0,0,1
current_r1,23.775,15.7076160595,10.0445599853,0,0,4.03277435512,3.51703073807,0,0,1
current_r1,23.8,15.7076160595,10.0445599853,0,0,4.03277435512,3.51703073807,0,0,1
current_r1,23.825,15.7076160595,10.0445599853,0,0,4.03277435512,3.51703073807,0,0,1
current_r1,23.85,15.7076160595,10.0445599853,0,0,4.03277435512,3.51703073807,0,0,1
current_r1,23.875,15.7076160595,10.0445599853,0,0,4.03277435512,3.51703073807,0,0,1
current_r1,23.9,15.7076160595,10.0445599853,0,0,4.03277435512,3.51703073807,0,0,1
current_r1,23.925,15.7076160595,10.0445599853,0,0,4.03277435512,3.51703073807,0,0,1
current_r1,23.95,15.7076160595,10.0445599853,0,0,4.03277435512,3.51703073807,0,0,1
current_r1,23.975,15.7076160595,10.0445599853,0,0,4.03277435512,3.51703073807,0,0,1
current_r1,24,15.7076160595,10.0445599853,0,0,4.03277435512,3.51703073807,0,0,1
current_r1,24.025,15.7076160595,10.0445599853,0,0,4.03277435512,3.51703073807,0,0,1
current_r1,24.05,15.7076160595,10.0445599853,0,0,4.03277435512,3.51703073807,0,0,1
current_r1,24.075,15.7076160595,10.0445599853,0,0,4.03277435512,3.51703073807,0,0,1
current_r1,24.1,15.7076160595,10.0445599853,0,0,4.03277435512,3.51703073807,0,0,1
current_r1,24.125,15.7076160595,10.0445599853,0,0,4.03277435512,3.51703073807,0,0,1
current_r1,24.15,15.7076160595,10.0445599853,0,0,4.03277435512,3.51703073807,0,0,1
current_r1,24.175,15.7076160595,10.0445599853,0,0,4.03277435512,3.51703073807,0,0,1
current_r1,24.2,15.7076160595,10.0445599853,0,0,4.03277435512,3.51703073807,0,0,1
current_r1,24.225,15.7076160595,10.0445599853,0,0,4.03277435512,3.51703073807,0,0,1
current_r1,24.25,15.7076160595,10.0445599853,0,0,4.03277435512,3.51703073807,0,0,1
current_r1,24.275,15.7076160595,10.0445599853,0,0,4.03277435512,3.51703073807,0,0,1
current_r1,24.3,15.7076160595,10.0445599853,0,0,4.03277435512,3.51703073807,0,0,1
current_r1,24.325,15.7076160595,10.0445599853,0,0,4.03277435512,3.51703073807,0,0,1
current_r1,24.35,15.7076160595,10.0445599853,0,0,4.03277435512,3.51703073807,0,0,1
current_r1,24.375,15.7076160595,10.0445599853,0,0,4.03277435512,3.51703073807,0,0,1
current_r1,24.4,15.7076160595,10.0445599853,0,0,4.03277435512,3.51703073807,0,0,1
current_r1,24.425,15.7076160595,10.0445599853,0,0,4.03277435512,3.51703073807,0,0,1
current_r1,24.45,15.7076160595,10.0445599853,0,0,4.03277435512,3.51703073807,0,0,1
current_r1,24.475,15.7076160595,10.0445599853,0,0,4.03277435512,3.51703073807,0,0,1
current_r1,24.5,15.7076160595,10.0445599853,0,0,4.03277435512,3.51703073807,0,0,1
current_r1,24.525,15.7076160595,10.0445599853,0,0,4.03277435512,3.51703073807,0,0,1
current_r1,24.55,15.7076160595,10.0445599853,0,0,4.03277435512,3.51703073807,0,0,1
current_r1,24.575,15.7076160595,10.0445599853,0,0,4.03277435512,3.51703073807,0,0,1
current_r1,24.6,15.7076160595,10.0445599853,0,0,4.03277435512,3.51703073807,0,0,1
current_r1,24.625,15.7076160595,10.0445599853,0,0,4.03277435512,3.51703073807,0,0,1
current_r1,24.65,15.7076160595,10.0445599853,0,0,4.03277435512,3.51703073807,0,0,1
current_r1,24.675,15.7076160595,10.0445599853,0,0,4.03277435512,3.51703073807,0,0,1
current_r1,24.7,15.7076160595,10.0445599853,0,0,4.03277435512,3.51703073807,0,0,1
current_r1,24.725,15.7076160595,10.0445599853,0,0,4.03277435512,3.51703073807,0,0,1
current_r1,24.75,15.7076160595,10.0445599853,0,0,4.03277435512,3.51703073807,0,0,1
current_r1,24.775,15.7076160595,10.0445599853,0,0,4.03277435512,3.51703073807,0,0,1
current_r1,24.8,15.7076160595,10.0445599853,0,0,4.03277435512,3.51703073807,0,0,1
current_r1,24.825,15.7076160595,10.0445599853,0,0,4.03277435512,3.51703073807,0,0,1
current_r1,24.85,15.7076160595,10.0445599853,0,0,4.03277435512,3.51703073807,0,0,1
current_r1,24.875,15.7076160595,10.0445599853,0,0,4.03277435512,3.51703073807,0,0,1
current_r1,24.9,15.7076160595,10.0445599853,0,0,4.03277435512,3.51703073807,0,0,1
current_r1,24.925,15.7076160595,10.0445599853,0,0,4.03277435512,3.51703073807,0,0,1
current_r1,24.95,15.7076160595,10.0445599853,0,0,4.03277435512,3.51703073807,0,0,1
current_r1,24.975,15.7076160595,10.0445599853,0,0,4.03277435512,3.51703073807,0,0,1
current_r1,25,15.7076160595,10.0445599853,0,0,4.03277435512,3.51703073807,0,0,1
current_r1,25.025,15.7076160595,10.0445599853,0,0,4.03277435512,3.51703073807,0,0,1
current_r1,25.05,15.7076160595,10.0445599853,0,0,4.03277435512,3.51703073807,0,0,1
current_r1,25.075,15.7076160595,10.0445599853,0,0,4.03277435512,3.51703073807,0,0,1
current_r1,25.1,15.7076160595,10.0445599853,0,0,4.03277435512,3.51703073807,0,0,1
current_r1,25.125,15.7076160595,10.0445599853,0,0,4.03277435512,3.51703073807,0,0,1
current_r1,25.15,15.7076160595,10.0445599853,0,0,4.03277435512,3.51703073807,0,0,1
current_r1,25.175,15.7076160595,10.0445599853,0,0,4.03277435512,3.51703073807,0,0,1
current_r1,25.2,15.7076160595,10.0445599853,0,0,4.03277435512,3.51703073807,0,0,1
current_r1,25.225,15.7076160595,10.0445599853,0,0,4.03277435512,3.51703073807,0,0,1
current_r1,25.25,15.7076160595,10.0445599853,0,0,4.03277435512,3.51703073807,0,0,1
current_r1,25.275,15.7076160595,10.0445599853,0,0,4.03277435512,3.51703073807,0,0,1
current_r1,25.3,15.7076160595,10.0445599853,0,0,4.03277435512,3.51703073807,0,0,1
current_r1,25.325,15.7076160595,10.0445599853,0,0,4.03277435512,3.51703073807,0,0,1
current_r1,25.35,15.7076160595,10.0445599853,0,0,4.03277435512,3.51703073807,0,0,1
current_r1,25.375,15.7076160595,10.0445599853,0,0,4.03277435512,3.51703073807,0,0,1
current_r1,25.4,15.7076160595,10.0445599853,0,0,4.03277435512,3.51703073807,0,0,1
current_r1,25.425,15.7076160595,10.0445599853,0,0,4.03277435512,3.51703073807,0,0,1
current_r1,25.45,15.7076160595,10.0445599853,0,0,4.03277435512,3.51703073807,0,0,1
current_r1,25.475,15.7076160595,10.0445599853,0,0,4.03277435512,3.51703073807,0,0,1
current_r1,25.5,15.7076160595,10.0445599853,0,0,4.03277435512,3.51703073807,0,0,1
current_r1,25.525,15.7076160595,10.0445599853,0,0,4.03277435512,3.51703073807,0,0,1
current_r1,25.55,15.7076160595,10.0445599853,0,0,4.03277435512,3.51703073807,0,0,1
current_r1,25.575,15.7076160595,10.0445599853,0,0,4.03277435512,3.51703073807,0,0,1
current_r1,25.6,15.7076160595,10.0445599853,0,0,4.03277435512,3.51703073807,0,0,1
current_r1,25.625,15.7076160595,10.0445599853,0,0,4.03277435512,3.51703073807,0,0,1
current_r1,25.65,15.7076160595,10.0445599853,0,0,4.03277435512,3.51703073807,0,0,1
current_r1,25.675,15.7076160595,10.0445599853,0,0,4.03277435512,3.51703073807,0,0,1
current_r1,25.7,15.7076160595,10.0445599853,0,0,4.03277435512,3.51703073807,0,0,1
current_r1,25.725,15.7076160595,10.0445599853,0,0,4.03277435512,3.51703073807,0,0,1
current_r1,25.75,15.7076160595,10.0445599853,0,0,4.03277435512,3.51703073807,0,0,1
current_r1,25.775,15.7076160595,10.0445599853,0,0,4.03277435512,3.51703073807,0,0,1
current_r1,25.8,15.7076160595,10.0445599853,0,0,4.03277435512,3.51703073807,0,0,1
current_r1,25.825,15.7076160595,10.0445599853,0,0,4.03277435512,3.51703073807,0,0,1
current_r1,25.85,15.7076160595,10.0445599853,0,0,4.03277435512,3.51703073807,0,0,1
current_r1,25.875,15.7076160595,10.0445599853,0,0,4.03277435512,3.51703073807,0,0,1
current_r1,25.9,15.7076160595,10.0445599853,0,0,4.03277435512,3.51703073807,0,0,1
current_r1,25.925,15.7076160595,10.0445599853,0,0,4.03277435512,3.51703073807,0,0,1
current_r1,25.95,15.7076160595,10.0445599853,0,0,4.03277435512,3.51703073807,0,0,1
current_r1,25.975,15.7076160595,10.0445599853,0,0,4.03277435512,3.51703073807,0,0,1
current_r1,26,15.7076160595,10.0445599853,0,0,4.03277435512,3.51703073807,0,0,1
current_r1,26.025,15.7076160595,10.0445599853,0,0,4.03277435512,3.51703073807,0,0,1
current_r1,26.05,15.7076160595,10.0445599853,0,0,4.03277435512,3.51703073807,0,0,1
current_r1,26.075,15.7076160595,10.0445599853,0,0,4.03277435512,3.51703073807,0,0,1
current_r1,26.1,15.7076160595,10.0445599853,0,0,4.03277435512,3.51703073807,0,0,1
current_r1,26.125,15.7076160595,10.0445599853,0,0,4.03277435512,3.51703073807,0,0,1
current_r1,26.15,15.7076160595,10.0445599853,0,0,4.03277435512,3.51703073807,0,0,1
current_r1,26.175,15.7076160595,10.0445599853,0,0,4.03277435512,3.51703073807,0,0,1
current_r1,26.2,15.7076160595,10.0445599853,0,0,4.03277435512,3.51703073807,0,0,1
current_r1,26.225,15.7076160595,10.0445599853,0,0,4.03277435512,3.51703073807,0,0,1
current_r1,26.25,15.7076160595,10.0445599853,0,0,4.03277435512,3.51703073807,0,0,1
current_r1,26.275,15.7076160595,10.0445599853,0,0,4.03277435512,3.51703073807,0,0,1
current_r1,26.3,15.7076160595,10.0445599853,0,0,4.03277435512,3.51703073807,0,0,1
current_r1,26.325,15.7076160595,10.0445599853,0,0,4.03277435512,3.51703073807,0,0,1
current_r1,26.35,15.7076160595,10.0445599853,0,0,4.03277435512,3.51703073807,0,0,1
current_r1,26.375,15.7076160595,10.0445599853,0,0,4.03277435512,3.51703073807,0,0,1
current_r1,26.4,15.7076160595,10.0445599853,0,0,4.03277435512,3.51703073807,0,0,1
current_r1,26.425,15.7076160595,10.0445599853,0,0,4.03277435512,3.51703073807,0,0,1
current_r1,26.45,15.7076160595,10.0445599853,0,0,4.03277435512,3.51703073807,0,0,1
current_r1,26.475,15.7076160595,10.0445599853,0,0,4.03277435512,3.51703073807,0,0,1
current_r1,26.5,15.7076160595,10.0445599853,0,0,4.03277435512,3.51703073807,0,0,1
current_r1,26.525,15.7076160595,10.0445599853,0,0,4.03277435512,3.51703073807,0,0,1
current_r1,26.55,15.7076160595,10.0445599853,0,0,4.03277435512,3.51703073807,0,0,1
current_r1,26.575,15.7076160595,10.0445599853,0,0,4.03277435512,3.51703073807,0,0,1
current_r1,26.6,15.7076160595,10.0445599853,0,0,4.03277435512,3.51703073807,0,0,1
current_r1,26.625,15.7076160595,10.0445599853,0,0,4.03277435512,3.51703073807,0,0,1
current_r1,26.65,15.7076160595,10.0445599853,0,0,4.03277435512,3.51703073807,0,0,1
current_r1,26.675,15.7076160595,10.0445599853,0,0,4.03277435512,3.51703073807,0,0,1
current_r1,26.7,15.7076160595,10.0445599853,0,0,4.03277435512,3.51703073807,0,0,1
current_r1,26.725,15.7076160595,10.0445599853,0,0,4.03277435512,3.51703073807,0,0,1
current_r1,26.75,15.7076160595,10.0445599853,0,0,4.03277435512,3.51703073807,0,0,1
current_r1,26.775,15.7076160595,10.0445599853,0,0,4.03277435512,3.51703073807,0,0,1
current_r1,26.8,15.7076160595,10.0445599853,0,0,4.03277435512,3.51703073807,0,0,1
current_r1,26.825,15.7076160595,10.0445599853,0,0,4.03277435512,3.51703073807,0,0,1
current_r1,26.85,15.7076160595,10.0445599853,0,0,4.03277435512,3.51703073807,0,0,1
current_r1,26.875,15.7076160595,10.0445599853,0,0,4.03277435512,3.51703073807,0,0,1
current_r1,26.9,15.7076160595,10.0445599853,0,0,4.03277435512,3.51703073807,0,0,1
current_r1,26.925,15.7076160595,10.0445599853,0,0,4.03277435512,3.51703073807,0,0,1
current_r1,26.95,15.7076160595,10.0445599853,0,0,4.03277435512,3.51703073807,0,0,1
current_r1,26.975,15.7076160595,10.0445599853,0,0,4.03277435512,3.51703073807,0,0,1
current_r1,27,15.7076160595,10.0445599853,0,0,4.03277435512,3.51703073807,0,0,1
current_r1,27.025,15.7076160595,10.0445599853,0,0,4.03277435512,3.51703073807,0,0,1
current_r1,27.05,15.7076160595,10.0445599853,0,0,4.03277435512,3.51703073807,0,0,1
current_r1,27.075,15.7076160595,10.0445599853,0,0,4.03277435512,3.51703073807,0,0,1
current_r1,27.1,15.7076160595,10.0445599853,0,0,4.03277435512,3.51703073807,0,0,1
current_r1,27.125,15.7076160595,10.0445599853,0,0,4.03277435512,3.51703073807,0,0,1
current_r1,27.15,15.7076160595,10.0445599853,0,0,4.03277435512,3.51703073807,0,0,1
current_r1,27.175,15.7076160595,10.0445599853,0,0,4.03277435512,3.51703073807,0,0,1
current_r1,27.2,15.7076160595,10.0445599853,0,0,4.03277435512,3.51703073807,0,0,1
current_r1,27.225,15.7076160595,10.0445599853,0,0,4.03277435512,3.51703073807,0,0,1
current_r1,27.25,15.7076160595,10.0445599853,0,0,4.03277435512,3.51703073807,0,0,1
current_r1,27.275,15.7076160595,10.0445599853,0,0,4.03277435512,3.51703073807,0,0,1
current_r1,27.3,15.7076160595,10.0445599853,0,0,4.03277435512,3.51703073807,0,0,1
current_r1,27.325,15.7076160595,10.0445599853,0,0,4.03277435512,3.51703073807,0,0,1
current_r1,27.35,15.7076160595,10.0445599853,0,0,4.03277435512,3.51703073807,0,0,1
current_r1,27.375,15.7076160595,10.0445599853,0,0,4.03277435512,3.51703073807,0,0,1
current_r1,27.4,15.7076160595,10.0445599853,0,0,4.03277435512,3.51703073807,0,0,1
current_r1,27.425,15.7076160595,10.0445599853,0,0,4.03277435512,3.51703073807,0,0,1
current_r1,27.45,15.7076160595,10.0445599853,0,0,4.03277435512,3.51703073807,0,0,1
current_r1,27.475,15.7076160595,10.0445599853,0,0,4.03277435512,3.51703073807,0,0,1
current_r1,27.5,15.7076160595,10.0445599853,0,0,4.03277435512,3.51703073807,0,0,1
current_r1,27.525,15.7076160595,10.0445599853,0,0,4.03277435512,3.51703073807,0,0,1
current_r1,27.55,15.7076160595,10.0445599853,0,0,4.03277435512,3.51703073807,0,0,1
current_r1,27.575,15.7076160595,10.0445599853,0,0,4.03277435512,3.51703073807,0,0,1
current_r1,27.6,15.7076160595,10.0445599853,0,0,4.03277435512,3.51703073807,0,0,1
current_r1,27.625,15.7076160595,10.0445599853,0,0,4.03277435512,3.51703073807,0,0,1
current_r1,27.65,15.7076160595,10.0445599853,0,0,4.03277435512,3.51703073807,0,0,1
current_r1,27.675,15.7076160595,10.0445599853,0,0,4.03277435512,3.51703073807,0,0,1
current_r1,27.7,15.7076160595,10.0445599853,0,0,4.03277435512,3.51703073807,0,0,1
current_r1,27.725,15.7076160595,10.0445599853,0,0,4.03277435512,3.51703073807,0,0,1
current_r1,27.75,15.7076160595,10.0445599853,0,0,4.03277435512,3.51703073807,0,0,1
current_r1,27.775,15.7076160595,10.0445599853,0,0,4.03277435512,3.51703073807,0,0,1
current_r1,27.8,15.7076160595,10.0445599853,0,0,4.03277435512,3.51703073807,0,0,1
current_r1,27.825,15.7076160595,10.0445599853,0,0,4.03277435512,3.51703073807,0,0,1
current_r1,27.85,15.7076160595,10.0445599853,0,0,4.03277435512,3.51703073807,0,0,1
current_r1,27.875,15.7076160595,10.0445599853,0,0,4.03277435512,3.51703073807,0,0,1
current_r1,27.9,15.7076160595,10.0445599853,0,0,4.03277435512,3.51703073807,0,0,1
current_r1,27.925,15.7076160595,10.0445599853,0,0,4.03277435512,3.51703073807,0,0,1
current_r1,27.95,15.7076160595,10.0445599853,0,0,4.03277435512,3.51703073807,0,0,1
current_r1,27.975,15.7076160595,10.0445599853,0,0,4.03277435512,3.51703073807,0,0,1
current_r1,28,15.7076160595,10.0445599853,0,0,4.03277435512,3.51703073807,0,0,1
current_r1,28.025,15.7076160595,10.0445599853,0,0,4.03277435512,3.51703073807,0,0,1
current_r1,28.05,15.7076160595,10.0445599853,0,0,4.03277435512,3.51703073807,0,0,1
current_r1,28.075,15.7076160595,10.0445599853,0,0,4.03277435512,3.51703073807,0,0,1
current_r1,28.1,15.7076160595,10.0445599853,0,0,4.03277435512,3.51703073807,0,0,1
current_r1,28.125,15.7076160595,10.0445599853,0,0,4.03277435512,3.51703073807,0,0,1
current_r1,28.15,15.7076160595,10.0445599853,0,0,4.03277435512,3.51703073807,0,0,1
current_r1,28.175,15.7076160595,10.0445599853,0,0,4.03277435512,3.51703073807,0,0,1
current_r1,28.2,15.7076160595,10.0445599853,0,0,4.03277435512,3.51703073807,0,0,1
current_r1,28.225,15.7076160595,10.0445599853,0,0,4.03277435512,3.51703073807,0,0,1
current_r1,28.25,15.7076160595,10.0445599853,0,0,4.03277435512,3.51703073807,0,0,1
current_r1,28.275,15.7076160595,10.0445599853,0,0,4.03277435512,3.51703073807,0,0,1
current_r1,28.3,15.7076160595,10.0445599853,0,0,4.03277435512,3.51703073807,0,0,1
current_r1,28.325,15.7076160595,10.0445599853,0,0,4.03277435512,3.51703073807,0,0,1
current_r1,28.35,15.7076160595,10.0445599853,0,0,4.03277435512,3.51703073807,0,0,1
current_r1,28.375,15.7076160595,10.0445599853,0,0,4.03277435512,3.51703073807,0,0,1
current_r1,28.4,15.7076160595,10.0445599853,0,0,4.03277435512,3.51703073807,0,0,1
current_r1,28.425,15.7076160595,10.0445599853,0,0,4.03277435512,3.51703073807,0,0,1
current_r1,28.45,15.7076160595,10.0445599853,0,0,4.03277435512,3.51703073807,0,0,1
current_r1,28.475,15.7076160595,10.0445599853,0,0,4.03277435512,3.51703073807,0,0,1
current_r1,28.5,15.7076160595,10.0445599853,0,0,4.03277435512,3.51703073807,0,0,1
current_r1,28.525,15.7076160595,10.0445599853,0,0,4.03277435512,3.51703073807,0,0,1
current_r1,28.55,15.7076160595,10.0445599853,0,0,4.03277435512,3.51703073807,0,0,1
current_r1,28.575,15.7076160595,10.0445599853,0,0,4.03277435512,3.51703073807,0,0,1
current_r1,28.6,15.7076160595,10.0445599853,0,0,4.03277435512,3.51703073807,0,0,1
current_r1,28.625,15.7076160595,10.0445599853,0,0,4.03277435512,3.51703073807,0,0,1
current_r1,28.65,15.7076160595,10.0445599853,0,0,4.03277435512,3.51703073807,0,0,1
current_r1,28.675,15.7076160595,10.0445599853,0,0,4.03277435512,3.51703073807,0,0,1
current_r1,28.7,15.7076160595,10.0445599853,0,0,4.03277435512,3.51703073807,0,0,1
current_r1,28.725,15.7076160595,10.0445599853,0,0,4.03277435512,3.51703073807,0,0,1
current_r1,28.75,15.7076160595,10.0445599853,0,0,4.03277435512,3.51703073807,0,0,1
current_r1,28.775,15.7076160595,10.0445599853,0,0,4.03277435512,3.51703073807,0,0,1
current_r1,28.8,15.7076160595,10.0445599853,0,0,4.03277435512,3.51703073807,0,0,1
current_r1,28.825,15.7076160595,10.0445599853,0,0,4.03277435512,3.51703073807,0,0,1
current_r1,28.85,15.7076160595,10.0445599853,0,0,4.03277435512,3.51703073807,0,0,1
current_r1,28.875,15.7076160595,10.0445599853,0,0,4.03277435512,3.51703073807,0,0,1
current_r1,28.9,15.7076160595,10.0445599853,0,0,4.03277435512,3.51703073807,0,0,1
current_r1,28.925,15.7076160595,10.0445599853,0,0,4.03277435512,3.51703073807,0,0,1
current_r1,28.95,15.7076160595,10.0445599853,0,0,4.03277435512,3.51703073807,0,0,1
current_r1,28.975,15.7076160595,10.0445599853,0,0,4.03277435512,3.51703073807,0,0,1
current_r1,29,15.7076160595,10.0445599853,0,0,4.03277435512,3.51703073807,0,0,1
current_r1,29.025,15.7076160595,10.0445599853,0,0,4.03277435512,3.51703073807,0,0,1
current_r1,29.05,15.7076160595,10.0445599853,0,0,4.03277435512,3.51703073807,0,0,1
current_r1,29.075,15.7076160595,10.0445599853,0,0,4.03277435512,3.51703073807,0,0,1
current_r1,29.1,15.7076160595,10.0445599853,0,0,4.03277435512,3.51703073807,0,0,1
current_r1,29.125,15.7076160595,10.0445599853,0,0,4.03277435512,3.51703073807,0,0,1
current_r1,29.15,15.7076160595,10.0445599853,0,0,4.03277435512,3.51703073807,0,0,1
current_r1,29.175,15.7076160595,10.0445599853,0,0,4.03277435512,3.51703073807,0,0,1
current_r1,29.2,15.7076160595,10.0445599853,0,0,4.03277435512,3.51703073807,0,0,1
current_r1,29.225,15.7076160595,10.0445599853,0,0,4.03277435512,3.51703073807,0,0,1
current_r1,29.25,15.7076160595,10.0445599853,0,0,4.03277435512,3.51703073807,0,0,1
current_r1,29.275,15.7076160595,10.0445599853,0,0,4.03277435512,3.51703073807,0,0,1
current_r1,29.3,15.7076160595,10.0445599853,0,0,4.03277435512,3.51703073807,0,0,1
current_r1,29.325,15.7076160595,10.0445599853,0,0,4.03277435512,3.51703073807,0,0,1
current_r1,29.35,15.7076160595,10.0445599853,0,0,4.03277435512,3.51703073807,0,0,1
current_r1,29.375,15.7076160595,10.0445599853,0,0,4.03277435512,3.51703073807,0,0,1
current_r1,29.4,15.7076160595,10.0445599853,0,0,4.03277435512,3.51703073807,0,0,1
current_r1,29.425,15.7076160595,10.0445599853,0,0,4.03277435512,3.51703073807,0,0,1
current_r1,29.45,15.7076160595,10.0445599853,0,0,4.03277435512,3.51703073807,0,0,1
current_r1,29.475,15.7076160595,10.0445599853,0,0,4.03277435512,3.51703073807,0,0,1
current_r1,29.5,15.7076160595,10.0445599853,0,0,4.03277435512,3.51703073807,0,0,1
current_r1,29.525,15.7076160595,10.0445599853,0,0,4.03277435512,3.51703073807,0,0,1
current_r1,29.55,15.7076160595,10.0445599853,0,0,4.03277435512,3.51703073807,0,0,1
current_r1,29.575,15.7076160595,10.0445599853,0,0,4.03277435512,3.51703073807,0,0,1
current_r1,29.6,15.7076160595,10.0445599853,0,0,4.03277435512,3.51703073807,0,0,1
current_r1,29.625,15.7076160595,10.0445599853,0,0,4.03277435512,3.51703073807,0,0,1
current_r1,29.65,15.7076160595,10.0445599853,0,0,4.03277435512,3.51703073807,0,0,1
current_r1,29.675,15.7076160595,10.0445599853,0,0,4.03277435512,3.51703073807,0,0,1
current_r1,29.7,15.7076160595,10.0445599853,0,0,4.03277435512,3.51703073807,0,0,1
current_r1,29.725,15.7076160595,10.0445599853,0,0,4.03277435512,3.51703073807,0,0,1
current_r1,29.75,15.7076160595,10.0445599853,0,0,4.03277435512,3.51703073807,0,0,1
current_r1,29.775,15.7076160595,10.0445599853,0,0,4.03277435512,3.51703073807,0,0,1
current_r1,29.8,15.7076160595,10.0445599853,0,0,4.03277435512,3.51703073807,0,0,1
current_r1,29.825,15.7076160595,10.0445599853,0,0,4.03277435512,3.51703073807,0,0,1
current_r1,29.85,15.7076160595,10.0445599853,0,0,4.03277435512,3.51703073807,0,0,1
current_r1,29.875,15.7076160595,10.0445599853,0,0,4.03277435512,3.51703073807,0,0,1
current_r1,29.9,15.7076160595,10.0445599853,0,0,4.03277435512,3.51703073807,0,0,1
current_r1,29.925,15.7076160595,10.0445599853,0,0,4.03277435512,3.51703073807,0,0,1
current_r1,29.95,15.7076160595,10.0445599853,0,0,4.03277435512,3.51703073807,0,0,1
current_r1,29.975,15.7076160595,10.0445599853,0,0,4.03277435512,3.51703073807,0,0,1
current_r1,30,15.7076160595,10.0445599853,0,0,4.03277435512,3.51703073807,0,0,1
current_r2,0,10,10,0,0,0.530624847487,1.25,0,0.0483203367448,0
current_r2,0.025,10.0018749498,9.99998627766,0.0749979914106,-0.000548893776444,0.529152711877,1.24850859641,0,0.0709925026604,0
current_r2,0.05,10.0056246526,9.99994212408,0.14998811279,-0.00176614290261,0.52620129031,1.24553793598,0,0.100088742843,0
current_r2,0.075,10.0112487964,9.99985218967,0.224965753351,-0.00359737637917,0.521767458252,1.2411014925,0,0.137287907712,0
current_r2,0.1,10.0187467399,9.99969517264,0.299917737145,-0.00628068128894,0.515847672379,1.2352187666,0,0.179991750142,0
current_r2,0.125,10.0279464022,9.9994524755,0.367986491748,-0.00970788547337,0.508575566925,1.22804622622,0,0.220715498741,0
current_r2,0.15,10.0386675392,9.99910937626,0.42884548085,-0.0137239698122,0.500094354618,1.21974550219,0,0.256263206823,0
current_r2,0.175,10.0507498017,9.99865537312,0.483290500421,-0.0181601254607,0.490534700846,1.21046042793,0,0.285651555288,0
current_r2,0.2,10.0640511334,9.99808427763,0.532053269676,-0.0228438196872,0.480015770235,1.20031800596,0,0.308948081328,0
current_r2,0.225,10.078445885,9.99739378353,0.575790061636,-0.0276197640358,0.468646311663,1.1894299773,0,0.326783344079,0
current_r2,0.25,10.0938228713,9.99658480056,0.615079454044,-0.0323593189409,0.456525728282,1.17789462502,0,0.340014553219,0
current_r2,0.275,10.1100835274,9.99566073492,0.650426243545,-0.0369626254723,0.443745087223,1.16579856997,0,0.349526964878,0
current_r2,0.3,10.127140243,9.99462681497,0.682268623422,-0.0413567980437,0.430388042321,1.1532184265,0,0.356133173156,0
current_r2,0.325,10.1449149063,9.99348950626,0.710986533555,-0.0454923481442,0.416531660073,1.1402222624,0,0.360532937239,0
current_r2,0.35,10.1633376543,9.99225602878,0.736909917475,-0.0493390992053,0.402247150527,1.12687085214,0,0.363306480714,0
current_r2,0.375,10.1823458102,9.9909339725,0.760326238894,-0.0528822512429,0.38760051111,1.11321873664,0,0.364924080573,0
current_r2,0.4,10.2018829854,9.98953100017,0.781487005302,-0.0561188933657,0.372653093904,1.09931511272,0,0.365762018603,0
current_r2,0.425,10.2218983172,9.98805462362,0.80061327114,-0.0590550618055,0.357462107096,1.08520457812,0,0.366119651979,0
current_r2,0.45,10.2423458223,9.98651204017,0.817900205249,-0.0617033381212,0.342081060331,1.07092775664,0,0.366235135847,0
current_r2,0.475,10.2631838436,9.9849100168,0.833520851923,-0.0640809349753,0.32656016219,1.05652182476,0,0.366298859593,0
current_r2,0.5,10.2843745742,9.9832548118,0.847629222494,-0.0662081998804,0.310946676477,1.04202095807,0,0.366464435407,0
current_r2,0.525,10.3058836452,9.98155212516,0.860362843811,-0.0681074657481,0.29528524254,1.02745671209,0,0.366857429695,0
current_r2,0.55,10.3276797671,9.97980707059,0.871844872214,-0.0698021826986,0.279618163676,1.01285834943,0,0.367582154311,0
current_r2,0.575,10.3497344136,9.97802416374,0.882185862419,-0.0713162739803,0.263985666665,0.998253122666,0,0.368726850635,0
current_r2,0.6,10.3720215452,9.97620732205,0.891485262974,-0.0726736677499,0.248426134727,0.983666520442,0,0.370367567986,0
current_r2,0.625,10.3945173626,9.97435987293,0.899832694735,-0.0738979648079,0.232976315606,0.969122482628,0,0.372570991079,0
current_r2,0.65,10.417200089,9.97248456768,0.90730905629,-0.0750122097357,0.217671506045,0.954643589179,0,0.375396424581,0
current_r2,0.675,10.4400497762,9.9705835992,0.913987490365,-0.0760387391329,0.202545713586,0.940251226354,0,0.378897102614,0
current_r2,0.7,10.4630481322,9.96865862206,0.91993423744,-0.0769990858483,0.187631796411,0.925965733189,0,0.383120958964,0
current_r2,0.725,10.4861783671,9.966710774,0.925209396797,-0.0779139223621,0.17296158177,0.911806530538,0,0.38811096928,0
current_r2,0.75,10.5094250573,9.96474069825,0.929867610611,-0.0788030299377,0.15856596344,0.89779223451,0,0.393905158331,0
current_r2,0.775,10.5327740244,9.96274856618,0.933958683132,-0.0796852829631,0.144474978665,0.883940755796,0,0.400536351708,0
current_r2,0.8,10.556212228,9.96073410017,0.937528144269,-0.0805786401671,0.130717864992,0.870269386058,0,0.408031740762,0
current_r2,0.825,10.5797276721,9.95869659677,0.940617764753,-0.0815001362301,0.117323097526,0.856794872367,0,0.416412320644,0
current_r2,0.85,10.6033093229,9.95663495005,0.94326602837,-0.0824658688144,0.104318407248,0.843533480462,0,0.425692253411,0
current_r2,0.875,10.626947037,9.95454767561,0.945508565443,-0.0834909772801,0.0917307811778,0.830501047497,0,0.435878200555,0
current_r2,0.9,10.6506315008,9.95243293535,0.947378550615,-0.0845896104115,0.0795864454454,0.817713024806,0,0.446968662114,0
current_r2,0.925,10.6743541774,9.95028856332,0.948907067129,-0.0857748813865,0.0679108325482,0.805184511176,0,0.458953352732,0
current_r2,0.95,10.6981072634,9.94811209309,0.950123439039,-0.0870588090379,0.0567285344127,0.792930277029,0,0.471812639053,0
current_r2,0.975,10.7218836517,9.94590078696,0.951055532176,-0.0884522451996,0.0460632431997,0.78096477989,0,0.485517057892,0
current_r2,1,10.7456769023,9.94365166725,0.951730024179,-0.0899647886312,0.0359376821426,0.769302171538,0,0.500026930951,0
current_r2,1.025,10.7694812184,9.94136155008,0.952172643497,-0.0916046866857,0.0263735290456,0.757956297177,0,0.515292089516,0
current_r2,1.05,10.7932914278,9.93902708192,0.952408376959,-0.0933787265332,0.0173913353779,0.746940687051,0,0.531251721329,0
current_r2,1.075,10.817102969,9.93664477896,0.952461645285,-0.0952921183777,0.00901044414801,0.736268540925,0,0.54783435146,0
current_r2,1.1,10.8409118801,9.93421106961,0.952356445826,-0.0973483737062,0.00124890990529,0.725952705897,0,0.564957969057,0
current_r2,1.125,10.8647147917,9.93172234006,0.952116461828,-0.0995491821664,-0.0058765757353,0.716005648118,0,0.582530311806,0
current_r2,1.15,10.8885089201,9.92917498278,0.951765137612,-0.101894291171,-0.0123507497386,0.706439418985,0,0.600449319464,0
current_r2,1.175,10.9122920631,9.92656544796,0.951325719364,-0.104381392755,-0.018159831404,0.697265616543,0,0.618603766472,0
current_r2,1.2,10.9360625946,9.9238902974,0.950821261533,-0.107006022534,-0.0232915615775,0.688495342828,0,0.636874081238,0
current_r2,1.225,10.9598194596,9.9211462605,0.950274599378,-0.109761475808,-0.0277352252364,0.680139158029,0,0.655133356021,0
current_r2,1.25,10.9835621668,9.91833029186,0.949708288748,-0.112638745891,-0.0314816560746,0.672207032379,0,0.673248546549,0
current_r2,1.275,11.0072907797,9.91543962962,0.949144514882,-0.115626489625,-0.0345232225344,0.664708296787,0,0.691081854574,0
current_r2,1.3,11.031005904,9.912471854,0.948604972762,-0.118711024709,-0.0368537956195,0.657651593263,0,0.708492279893,0
current_r2,1.325,11.0547086721,9.90942494492,0.948110722305,-0.121876362915,-0.038468699718,0.651044826227,0,0.725337321219,0
current_r2,1.35,11.0784007226,9.90629733786,0.94768202249,-0.12510428257,-0.0393646485165,0.644895115834,0,0.741474798046,0
current_r2,1.375,11.1020841764,9.90308797679,0.94733814923,-0.128374442689,-0.0395396688239,0.639208754423,0,0.756764758845,0
current_r2,1.4,11.1257616064,9.89979636329,0.947097202457,-0.131664540075,-0.038993015698,0.633991167187,0,0.771071434966,0
current_r2,1.425,11.1494360041,9.89642260056,0.946975908431,-0.134950509403,-0.0377250826419,0.629246878086,0,0.784265194919,0
current_r2,1.45,11.1731107397,9.89296743143,0.946989423634,-0.13820676496,-0.0357373107642,0.624979481968,0,0.796224450665,0
current_r2,1.475,11.1967895184,9.8894322694,0.947151146781,-0.14140648128,-0.0330321006901,0.621191623722,0,0.806837466466,0
current_r2,1.5,11.220476332,9.88581922169,0.947472545425,-0.144521908542,-0.0296127306643,0.617884985164,0,0.816004021843,0
current_r2,1.525,11.2441754071,9.88213110376,0.947963003347,-0.14752471724,-0.0254832837326,0.615060280204,0,0.823636883374,0
current_r2,1.55,11.2678911495,9.87837144462,0.948629694389,-0.150386365488,-0.0206485861803,0.612717258641,0,0.829663045283,0
current_r2,1.575,11.2916280867,9.87454448259,0.949477487619,-0.153078481336,-0.015114158581,0.610854718763,0,0.83402470586,0
current_r2,1.6,11.3153908089,9.87065515129,0.950508887792,-0.155573251756,-0.00888617995148,0.609470528724,0,0.836679955262,0
current_r2,1.625,11.3391839092,9.86670905605,0.951724013927,-0.157843809553,-0.00197146465651,0.608561656469,0,0.83760315986,0
current_r2,1.65,11.3630119246,9.86271244082,0.953120617612,-0.159864609329,0.00562254906376,0.608124207795,0,0.836785038359,0
current_r2,1.675,11.3868792782,9.85867214622,0.954694141337,-0.161611783904,0.0138878007239,0.608153471957,0,0.834232435055,0
current_r2,1.7,11.4107902236,9.85459555939,0.956437815893,-0.163063473101,0.0228156016585,0.608643974077,0,0.829967805139,0
current_r2,1.725,11.4347487934,9.85049055645,0.958342794632,-0.164200117677,0.0323966241207,0.60958953346,0,0.824028435552,0
current_r2,1.75,11.4587587515,9.84636543865,0.960398321254,-0.165004712241,0.0426208881505,0.610983326855,0,0.816465432151,0
current_r2,1.775,11.4828235496,9.84222886334,0.962591926851,-0.165463012307,0.0534777489137,0.612817955586,0,0.807342509485,0
current_r2,1.8,11.5069462909,9.83808977104,0.964909651156,-0.16556369202,0.0649558870194,0.615085515462,0,0.796734623332,0
current_r2,1.825,11.531129698,9.83395730977,0.967336282398,-0.165298450568,0.0770433040047,0.617777668344,0,0.784726488071,0
current_r2,1.85,11.5553760882,9.8298407581,0.969855609862,-0.164662066791,0.089727324761,0.620885714294,0,0.771411021159,0
current_r2,1.875,11.5796873553,9.82574944803,0.972450683149,-0.163652402874,0.102994608202,0.624400663241,0,0.756887755601,0
current_r2,1.9,11.6040649571,9.82169268905,0.975104072268,-0.162270359336,0.116831166973,0.628313305202,0,0.741261258472,0
current_r2,1.925,11.6285099102,9.81767969443,0.977798123032,-0.160519784643,0.131222396519,0.632614278157,0,0.724639589717,0
current_r2,1.95,11.6530227903,9.81371951084,0.980515202673,-0.158407343734,0.14615311336,0.637294132805,0,0.707132830748,0
current_r2,1.975,11.6776037385,9.80982095208,0.983237931265,-0.155942350459,0.161607602031,0.642343393534,0,0.688851707216,0
current_r2,2,11.7022524734,9.80599253784,0.985949395203,-0.153136569466,0.177569669808,0.647752615049,0,0.669906324986,0
current_r2,2.025,11.7269683069,9.80224243801,0.988633339764,-0.150003993354,0.194022708095,0.653512434241,0,0.650405033003,0
current_r2,2.05,11.7516994588,9.79858591998,0.989246077295,-0.14626072117,0.210914762105,0.659600705696,0,0.630785474756,0
current_r2,2.075,11.7764452429,9.79502977421,0.989831361191,-0.142245830879,0.228226787295,0.666006447408,0,0.610837151688,0
current_r2,2.1,11.8012060915,9.79158008192,0.990433943777,-0.137987691529,0.245940858855,0.672719423111,0,0.590650542505,0
current_r2,2.125,11.8259822856,9.78824238753,0.991047765671,-0.133507775646,0.264039369371,0.679729887003,0,0.570317614956,0
current_r2,2.15,11.8507739592,9.78502168548,0.991666942751,-0.128828081781,0.282505061542,0.687028604155,0,0.549923985339,0
current_r2,2.175,11.8755811056,9.78192241378,0.992285857946,-0.123970868032,0.301321058575,0.694606862201,0,0.529548757112,0
current_r2,2.2,11.9004035866,9.77894845351,0.99289923782,-0.118958410954,0.320470891964,0.702456475292,0,0.509264475755,0
current_r2,2.225,11.9252411419,9.77610313374,0.99350221373,-0.113812790637,0.339938526437,0.710569781332,0,0.4891371811,0
current_r2,2.25,11.9500934011,9.77338924119,0.994090367908,-0.108555701981,0.359708381858,0.718939633427,0,0.46922653935,0
current_r2,2.275,11.9749598952,9.7708090339,0.994659765212,-0.103208291669,0.379765351977,0.727559386497,0,0.449586038391,0
current_r2,2.3,11.9998400695,9.7683642584,0.995206971655,-0.097791019878,0.400094819956,0.736422879879,0,0.430263231666,0
current_r2,2.325,12.0247332961,9.76605616977,0.995729061021,-0.0923235454125,0.420682670667,0.745524416734,0,0.411300017619,0
current_r2,2.35,12.0496388863,9.76388555395,0.996223611019,-0.0868246327319,0.441515299807,0.754858740967,0,0.392732943528,0
current_r2,2.375,12.0745561036,9.76185275197,0.996688690507,-0.0813120791537,0.462579619939,0.764421012295,0,0.374593524266,0
current_r2,2.4,12.0994841746,9.75995768546,0.997122839308,-0.0758026604395,0.483863063583,0.774206780043,0,0.356908568184,0
current_r2,2.425,12.1244223006,9.75819988314,0.997525042085,-0.0703120929319,0.505353583541,0.784211956151,0,0.339700503768,0
current_r2,2.45,12.1493696681,9.75657850788,0.997894697662,-0.0648550104287,0.527039650651,0.794432787833,0,0.32298770209,0
current_r2,2.475,12.1743254577,9.75509238403,0.998231585075,-0.0594449540284,0.54891024918,0.804865830248,0,0.306784791223,0
current_r2,2.5,12.1992888534,9.75374002469,0.99853582749,-0.0540943732653,0.570954870094,0.815507919487,0,0.291102959783,0
current_r2,2.525,12.2242590498,9.75251965877,0.998807855005,-0.0488146369469,0.593163502434,0.826356146138,0,0.275950247621,0
current_r2,2.55,12.249235259,9.75142925746,0.999048367192,-0.0436160522236,0.615526623026,0.837407829637,0,0.261331822376,0
current_r2,2.575,12.2742167164,9.7504665602,0.999258296121,-0.0385078905384,0.638035184761,0.848660493571,0,0.247250241154,0
current_r2,2.6,12.2992026856,9.74962909972,0.999438770465,-0.0334984192302,0.660680603669,0.860111842062,0,0.233705697046,0
current_r2,2.625,12.3241924626,9.74891422628,0.999591081162,-0.0285949376876,0.68345474499,0.871759737337,0,0.220696250551,0
current_r2,2.65,12.3491853789,9.74831913085,0.999716649003,-0.0238038170703,0.706349908439,0.88360217855,0,0.208218046204,0
current_r2,2.675,12.3741808037,9.74784086728,0.999816994422,-0.0191305427307,0.729358812866,0.895637281905,0,0.19626551491,0
current_r2,2.7,12.3991781465,9.74747637332,0.999893709671,-0.0145797585783,0.752474580452,0.907863262113,0,0.184831562586,0
current_r2,2.725,12.4241768573,9.7472224905,0.999948433482,-0.0101553127264,0.775690720625,0.920278415184,0,0.173907745809,0
current_r2,2.75,12.449176428,9.7470759829,0.999982828272,-0.00586030385722,0.79900111381,0.932881102559,0,0.163484435175,0
current_r2,2.775,12.474176392,9.74703355471,0.999998559878,-0.00169712782156,0.822399995148,0.945669736563,0,0.153550967116,0
current_r2,2.8,12.499176324,9.74709186661,0.999997279774,0.00233247593359,0.845881938293,0.95864276715,0,0.144095784867,0
current_r2,2.825,12.5241758392,9.74724755107,0.999980609691,0.00622737845145,0.869441839369,0.971798669917,0,0.135106569272,0
current_r2,2.85,12.5491745925,9.74749722647,0.999950128511,0.00998701614808,0.89307490119,0.985135935332,0,0.126570360069,0
current_r2,2.875,12.5741722765,9.74783751014,0.999907361329,0.0136113467226,0.916776617787,0.998653059142,0,0.118473668247,0
current_r2,2.9,12.5991686208,9.7482650303,0.999853770521,0.0171008062828,0.940542759312,1.01234853391,0,0.11080258002,0
current_r2,2.925,12.6241633895,9.74877643699,0.99979074866,0.0204562678343,0.964369357375,1.02622084161,0,0.103542852913,0
current_r2,2.95,12.6491563798,9.74936841202,0.999719613141,0.0236790012513,0.988252690829,1.04026844728,0,0.0966800044121,0
current_r2,2.975,12.6741474199,9.75003767789,0.999641602331,0.0267706348168,1.01218927205,1.05448979358,0,0.0901993935922,0
current_r2,3,12.6991363667,9.75078100585,0.999557873097,0.029733118398,1.03617583373,1.0688832963,0,0.0840862960823,0
current_r2,3.025,12.7241231042,9.75159522306,0.999469499556,0.0325686883038,1.0602093162,1.08344734072,0,0.0783259727138,0
current_r2,3.05,12.749107541,9.75247721891,0.999377472892,0.0352798338523,1.08428685526,1.0981802787,0,0.0729037321539,0
current_r2,3.075,12.7740896086,9.75342395055,0.999282702101,0.0378692656654,1.1084057706,1.11308042654,0,0.0678049878133,0
current_r2,3.1,12.7990692589,9.75443244769,0.999186015526,0.0403398856925,1.13256355471,1.12814606355,0,0.0630153092891,0
current_r2,3.125,12.824046463,9.75549981667,0.999088163055,0.0426947589596,1.15675786233,1.14337543115,0,0.0585204685978,0
current_r2,3.15,12.8490212085,9.75662324384,0.998989818872,0.0449370870264,1.18098650048,1.1587667326,0,0.0543064814353,0
current_r2,3.175,12.8739934981,9.75779999842,0.998891584638,0.0470701831334,1.20524741892,1.1743181332,0,0.050359643698,0
current_r2,3.2,12.8989633479,9.75902743465,0.998793993024,0.0490974490085,1.22953870118,1.19002776098,0,0.0466665634917,0
current_r2,3.225,12.9239307857,9.76030299348,0.998697511494,0.0510223533019,1.25385855607,1.20589370774,0,0.0432141888518,0
current_r2,3.25,12.9488958494,9.76162420377,0.998602546257,0.0528484116115,1.27820530962,1.22191403049,0,0.0399898313995,0
current_r2,3.275,12.9738585855,9.76298868297,0.998509446332,0.0545791680571,1.30257739752,1.23808675322,0,0.0369811861548,0
current_r2,3.3,12.9988190482,9.76439413743,0.998418507652,0.0562181783588,1.32697335801,1.25440986884,0,0.0341763477301,0
current_r2,3.325,13.0237772977,9.76583836229,0.998329977157,0.0577689943704,1.35139182513,1.27088134149,0,0.0315638231274,0
current_r2,3.35,13.0487333991,9.76731924104,0.998244056833,0.0592351500184,1.37583152242,1.28749910888,0,0.0291325413627,0
current_r2,3.375,13.0736874218,9.76883474475,0.998160907662,0.0606201485916,1.40029125702,1.30426108489,0,0.02687186014,0
current_r2,3.4,13.0986394381,9.77038293104,0.998080653441,0.0619274513261,1.42476991408,1.32116516225,0,0.0247715697984,0
current_r2,3.425,13.1235895227,9.77196194272,0.998003384453,0.0631604672291,1.44926645154,1.33820921528,0,0.0228218947516,0
current_r2,3.45,13.1485377517,9.77357000632,0.997929160974,0.0643225440818,1.47377989531,1.35539110272,0,0.0210134926369,0
current_r2,3.475,13.1734842022,9.77520543033,0.997858016589,0.0654169605613,1.49830933461,1.37270867058,0,0.0193374513895,0
current_r2,3.5,13.1984289512,9.77686660332,0.997789961314,0.0664469194212,1.52285391775,1.39015975496,0,0.0177852844482,0
current_r2,3.525,13.2233720758,9.77855199186,0.997724984523,0.06741554167,1.54741284812,1.40774218486,0,0.0163489242974,0
current_r2,3.55,13.2483136522,9.7802601384,0.997663057663,0.0683258616841,1.57198538046,1.42545378502,0,0.0150207145399,0
current_r2,3.575,13.2732537557,9.78198965898,0.997604136771,0.0691808231961,1.59657081734,1.44329237861,0,0.0137934006896,0
current_r2,3.6,13.2981924598,9.78373924088,0.997548164785,0.069983276096,1.62116850593,1.46125578987,0,0.0126601198629,0
current_r2,3.625,13.3231298366,9.78550764023,0.997495073664,0.0707359739861,1.64577783498,1.47934184675,0,0.0116143895395,0
current_r2,3.65,13.3480659563,9.78729367955,0.997444786306,0.0714415724304,1.67039823192,1.49754838332,0,0.0106500955526,0
current_r2,3.675,13.3730008867,9.78909624524,0.997397218293,0.0721026278404,1.69502916028,1.51587324216,0,0.00976147945875,0
current_r2,3.7,13.3979346937,9.79091428516,0.997352279457,0.0727215969415,1.71967011719,1.53431427668,0,0.00894312542719,0
current_r2,3.725,13.4228674406,9.79274680608,0.997309875279,0.0733008367661,1.74432063112,1.55286935318,0,0.00818994677728,0
current_r2,3.75,13.4477991883,9.79459287121,0.997269908134,0.0738426051196,1.7689802597,1.57153635292,0,0.00749717228234,0
current_r2,3.775,13.4727299953,9.79645159775,0.997232278388,0.0743490614716,1.79364858775,1.59031317405,0,0.00686033234751,0
current_r2,3.8,13.4976599174,9.79832215445,0.997196885363,0.0748222682217,1.81832522541,1.6091977333,0,0.00627524515844,0
current_r2,3.825,13.5225890081,9.80020375926,0.997163628176,0.0752641922965,1.84300980647,1.62818796769,0,0.00573800288794,0
current_r2,3.85,13.5475173183,9.80209567694,0.99713240646,0.0756767070342,1.86770198668,1.64728183603,0,0.00524495803723,0
current_r2,3.875,13.5724448963,9.8039972168,0.997103120981,0.0760615943161,1.89240144231,1.66647732032,0,0.0047927099795,0
current_r2,3.9,13.5973717881,9.80590773047,0.997075674164,0.0764205469082,1.91710786878,1.68577242698,0,0.00437809176417,0
current_r2,3.925,13.6222980374,9.80782660974,0.997049970527,0.0767551709768,1.94182097928,1.70516518806,0,0.00399815723186,0
current_r2,3.95,13.6472236853,9.80975328446,0.997025917038,0.0770669887462,1.96654050367,1.7246536622,0,0.00365016848211,0
current_r2,3.975,13.6721487709,9.81168722049,0.997003423405,0.0773574412684,1.9912661873,1.74423593562,0,0.0033315837285,0
current_r2,4,13.697073331,9.81362791777,0.9969824023,0.0776278912777,2.01599778997,1.76391012287,0,0.00304004556903,0
current_r2,4.025,13.7219974002,9.81557490843,0.996962769534,0.0778796261049,2.040735085,1.78367436753,0,0.00277336969325,0
current_r2,4.05,13.7469210113,9.81752775494,0.996944444178,0.0781138606277,2.06547785829,1.80352684286,0,0.00252953404218,0
current_r2,4.075,13.771844195,9.81948604845,0.996927348642,0.0783317402395,2.09022590752,1.82346575224,0,0.00230666843152,0
current_r2,4.1,13.7967669803,9.82144940704,0.996911408723,0.0785343438151,2.11497904135,1.84348932962,0,0.00210304464465,0
current_r2,4.125,13.8216893941,9.82341747421,0.996896553613,0.0787226866603,2.13973707868,1.86359583986,0,0.00191706699727,0
current_r2,4.15,13.846611462,9.8253899173,0.996882715889,0.0788977234287,2.16449984803,1.88378357893,0,0.00174726337224,0
current_r2,4.175,13.8715332078,9.82736642607,0.996869831473,0.0790603509957,2.18926718689,1.9040508741,0,0.00159227672013,0
current_r2,4.2,13.8964546538,9.82934671135,0.996857839576,0.0792114112772,2.21403894111,1.92439608407,0,0.00145085701809,0
current_r2,4.225,13.9213758208,9.8313305037,0.996846682626,0.079351693985,2.2388149644,1.94481759896,0,0.00132185367758,0
current_r2,4.25,13.9462967285,9.83331755219,0.996836306182,0.0794819393109,2.26359511783,1.96531384029,0,0.00120420838936,0
current_r2,4.275,13.971217395,9.8353076232,0.996826658842,0.0796028405337,2.28837926931,1.98588326093,0,0.00109694839293,0
current_r2,4.3,13.9961378373,9.83730049936,0.996817692136,0.0797150465436,2.31316729324,2.00652434493,0,0.000999180155992,0
current_r2,4.325,14.0210580713,9.83929597847,0.996809360416,0.0798191642808,2.33795907001,2.02723560734,0,0.000910083448783,0
current_r2,4.35,14.0459781118,9.8412938725,0.99680162075,0.0799157610843,2.36275448573,2.048015594,0,0.00082890579732,0
current_r2,4.375,14.0708979726,9.84329400667,0.996794432799,0.0800053669504,2.38755343177,2.06886288127,0,0.000754957299112,0
current_r2,4.4,14.0958176666,9.84529621859,0.996787758703,0.0800884766981,2.41235580453,2.08977607571,0,0.000687605784616,0
current_r2,4.425,14.1207372057,9.84730035739,0.996781562964,0.0801655520425,2.43716150507,2.11075381378,0,0.000626272307582,0
current_r2,4.45,14.145656601,9.84930628298,0.996775812331,0.0802370235754,2.46197043889,2.13179476147,0,0.000570426947462,0
current_r2,4.475,14.1705758629,9.85131386529,0.996770475681,0.080303292654,2.48678251559,2.15289761387,0,0.000519584907207,0
current_r2,4.5,14.195495001,9.85332298362,0.996765523911,0.0803647331991,2.5115976487,2.17406109485,0,0.000473302890053,0
current_r2,4.525,14.2204140242,9.85533352596,0.996760929827,0.0804216934039,2.53641575542,2.19528395653,0,0.000431175739257,0
current_r2,4.55,14.2453329409,9.85734538839,0.996756668037,0.0804744973563,2.5612367564,2.21656497894,0,0.000392833325134,0
current_r2,4.575,14.2702517588,9.85935847456,0.996752714845,0.0805234465758,2.58606057554,2.23790296947,0,0.000357937664304,0
current_r2,4.6,14.295170485,9.8613726951,0.99674904816,0.0805688214681,2.61088713986,2.25929676245,0,0.000326180256526,0
current_r2,4.625,14.3200891262,9.86338796716,0.99674564739,0.0806108826998,2.63571637923,2.28074521868,0,0.000297279625123,0
current_r2,4.65,14.3450076885,9.86540421397,0.996742493358,0.0806498724964,2.66054822632,2.30224722491,0,0.000270979047555,0
current_r2,4.675,14.3699261777,9.86742136437,0.996739568214,0.0806860158656,2.68538261635,2.32380169335,0,0.000247044463361,0
current_r2,4.7,14.3948445991,9.86943935242,0.996736855348,0.0807195217494,2.71021948704,2.3454075612,0,0.00022526254726,0
current_r2,4.725,14.4197629576,9.87145811702,0.996734339313,0.0807505841089,2.73505877839,2.36706379012,0,0.00020543893587,0
current_r2,4.75,14.4446812577,9.87347760159,0.996732005753,0.0807793829423,2.75990043264,2.38876936576,0,0.000187396597097,0
current_r2,4.775,14.4695995037,9.87549775372,0.996729841325,0.0808060852422,2.7847443941,2.41052329722,0,0.00017097433188,0
current_r2,4.8,14.4945176996,9.87751852487,0.99672783364,0.0808308458924,2.80959060908,2.43232461657,0,0.000156025398559,0
current_r2,4.825,14.5194358489,9.87953987008,0.996725971192,0.0808538085093,2.83443902574,2.45417237837,0,0.000142416250731,0
current_r2,4.85,14.5443539549,9.88156174774,0.996724243305,0.0808751062295,2.85928959408,2.47606565913,0,0.000130025380025,0
current_r2,4.875,14.5692720209,9.8835841193,0.996722640071,0.0808948624461,2.88414226574,2.49800355685,0,0.000118742255763,0
current_r2,4.9,14.5941900498,9.88560694909,0.9967211523,0.0809131914986,2.90899699404,2.51998519054,0,0.000108466354016,0
current_r2,4.925,14.619108044,9.88763020407,0.99671977147,0.080930199316,2.93385373379,2.54200969969,0,9.91062690475e-05,0
current_r2,4.95,14.6440260063,9.88965385367,0.996718489681,0.0809459840182,2.95871244131,2.56407624386,0,9.0578900637e-05,0
current_r2,4.975,14.6689439388,9.89167786958,0.99671729961,0.0809606364763,2.9835730743,2.58618400216,0,8.28087112051e-05,0
current_r2,5,14.6938618436,9.8937022256,0.996716194471,0.0809742408363,3.00843559179,2.6083321728,0,7.57270471214e-05,0
current_r2,5.025,14.7187797228,9.89572689748,0.996715167978,0.0809868750056,3.03329995412,2.63051997265,0,6.92715189619e-05,0
current_r2,5.05,14.7436975782,9.89775186276,0.996714214306,0.0809986111076,3.05816612281,2.65274663677,0,6.33854358769e-05,0
current_r2,5.075,14.7686154114,9.89977710065,0.99671332806,0.0810095159037,3.08303406058,2.67501141798,0,5.8017289591e-05,0
current_r2,5.1,14.793533224,9.90180259193,0.996712504247,0.0810196511867,3.10790373125,2.69731358642,0,5.31202838932e-05,0
current_r2,5.125,14.8184510175,9.90382831879,0.996711738239,0.0810290741463,3.13277509972,2.71965242912,0,4.86519057948e-05,0
current_r2,5.15,14.8433687931,9.90585426473,0.996711025754,0.0810378377088,3.15764813191,2.74202724963,0,4.45735348286e-05,0
current_r2,5.175,14.8682865522,9.9078804145,0.996710362827,0.0810459908535,3.18252279471,2.76443736753,0,4.08500872393e-05,0
current_r2,5.2,14.8932042958,9.90990675397,0.996709745787,0.0810535789051,3.20739905598,2.78688211811,0,3.7449692075e-05,0
current_r2,5.225,14.9181220251,9.91193327007,0.996709171236,0.0810606438067,3.23227688447,2.80936085192,0,3.43433964264e-05,0
current_r2,5.25,14.943039741,9.91395995068,0.996708636028,0.0810672243724,3.25715624979,2.83187293442,0,3.15048972866e-05,0
current_r2,5.275,14.9679574444,9.91598678459,0.996708137251,0.0810733565219,3.28203712241,2.8544177456,0,2.89102977077e-05,0
current_r2,5.3,14.9928751362,9.91801376143,0.996707672209,0.081079073498,3.30691947358,2.87699467961,0,2.65378851237e-05,0
current_r2,5.325,15.0177928172,9.92004087158,0.996707238407,0.0810844060685,3.33180327535,2.89960314441,0,2.43679298864e-05,0
current_r2,5.35,15.042710488,9.92206810615,0.996706833533,0.0810893827135,3.35668850048,2.92224256139,0,2.23825022228e-05,0
current_r2,5.375,15.0676281494,9.92409545689,0.996706455448,0.0810940297989,3.38157512247,2.9449123651,0,2.0565305975e-05,0
current_r2,5.4,15.092545802,9.92612291619,0.996706102169,0.0810983717372,3.40646311551,2.96761200282,0,1.89015276227e-05,0
current_r2,5.425,15.1174634463,9.92815047696,0.996705771862,0.081102431137,3.43135245446,2.99034093434,0,1.73776992153e-05,0
current_r2,5.45,15.1423810828,9.93017813269,0.996705462826,0.0811062289415,3.45624311481,3.01309863155,0,1.59815739605e-05,0
current_r2,5.475,15.1672987122,9.9322058773,0.996705173484,0.0811097845563,3.48113507268,3.0358845782,0,1.47020133225e-05,0
current_r2,5.5,15.1922163347,9.9342337052,0.996704902375,0.0811131159696,3.50602830478,3.05869826956,0,1.35288845859e-05,0
current_r2,5.525,15.2171339509,9.9362616112,0.996704648143,0.0811162398621,3.5309227884,3.08153921216,0,1.24529679289e-05,0
current_r2,5.55,15.2420515612,9.93828959049,0.996704409532,0.08111917171,3.55581850141,3.10440692347,0,1.1465872137e-05,0
current_r2,5.575,15.2669691658,9.94031763864,0.996704185374,0.0811219258813,3.5807154222,3.12730093164,0,1.05599581631e-05,0
current_r2,5.6,15.2918867652,9.94234575153,0.996703974582,0.0811245157243,3.60561352968,3.15022077523,0,9.72826981133e-06,0
current_r2,5.625,15.3168043596,9.94437392537,0.99670377615,0.0811269536518,3.63051280327,3.17316600294,0,8.96447088663e-06,0
current_r2,5.65,15.3417219493,9.94640215665,0.996703589136,0.0811292512185,3.6554132229,3.19613617337,0,8.26278821084e-06,0
current_r2,5.675,15.3666395346,9.94843044213,0.996703412666,0.0811314191952,3.68031476896,3.21913085473,0,7.61795996028e-06,0
current_r2,5.7,15.3915571158,9.95045877882,0.996703245921,0.0811334676378,3.70521742228,3.24214962465,0,7.02518882925e-06,0
current_r2,5.725,15.416474693,9.95248716397,0.996703088136,0.0811354059535,3.73012116417,3.2651920699,0,6.48009956881e-06,0
current_r2,5.75,15.4413922664,9.95451559505,0.996702938595,0.0811372429647,3.75502597635,3.28825778618,0,5.97870049162e-06,0
current_r2,5.775,15.4663098364,9.95654406972,0.996702796622,0.0811389869703,3.77993184096,3.31134637789,0,5.51734857105e-06,0
current_r2,5.8,15.4912274029,9.95857258587,0.996702661579,0.0811406458068,3.80483874056,3.33445745792,0,5.09271779709e-06,0
current_r2,5.825,15.5161449662,9.96060114154,0.996702532861,0.081142226909,3.8297466581,3.35759064742,0,4.70177048265e-06,0
current_r2,5.85,15.5410625265,9.96262973497,0.996702409892,0.081143737373,3.8546555769,3.38074557559,0,4.34173124269e-06,0
current_r2,5.875,15.5659800838,9.96465836457,0.996702292116,0.0811451840225,3.87956548068,3.40392187951,0,4.01006339393e-06,0
current_r2,5.9,15.5908976382,9.96668702891,0.996702178994,0.0811465734806,3.90447635348,3.4271192039,0,3.70444754707e-06,0
current_r2,5.925,15.61581519,9.96871572672,0.996702069997,0.0811479122513,3.92938817974,3.45033720096,0,3.42276218422e-06,0
current_r2,5.95,15.6407327391,9.97074445689,0.996701964598,0.0811492068151,3.9543009442,3.47357553018,0,3.16306603444e-06,0
current_r2,5.975,15.6656502857,9.97277321848,0.996701862261,0.0811504637457,3.97921463198,3.49683385813,0,2.92358207723e-06,0
current_r2,6,15.6905678297,9.97480201073,0.996701762431,0.0811516898583,4.00412922848,3.52011185831,0,2.70268302056e-06,0
current_r2,6.025,15.7154853713,9.97683083304,0,0,4.02904471944,3.54340921095,0,0,1
current_r2,6.05,15.7154853713,9.97683083304,0,0,4.02904471944,3.54340921095,0,0,1
current_r2,6.075,15.7154853713,9.97683083304,0,0,4.02904471944,3.54340921095,0,0,1
current_r2,6.1,15.7154853713,9.97683083304,0,0,4.02904471944,3.54340921095,0,0,1
current_r2,6.125,15.7154853713,9.97683083304,0,0,4.02904471944,3.54340921095,0,0,1
current_r2,6.15,15.7154853713,9.97683083304,0,0,4.02904471944,3.54340921095,0,0,1
current_r2,6.175,15.7154853713,9.97683083304,0,0,4.02904471944,3.54340921095,0,0,1
current_r2,6.2,15.7154853713,9.97683083304,0,0,4.02904471944,3.54340921095,0,0,1
current_r2,6.225,15.7154853713,9.97683083304,0,0,4.02904471944,3.54340921095,0,0,1
current_r2,6.25,15.7154853713,9.97683083304,0,0,4.02904471944,3.54340921095,0,0,1
current_r2,6.275,15.7154853713,9.97683083304,0,0,4.02904471944,3.54340921095,0,0,1
current_r2,6.3,15.7154853713,9.97683083304,0,0,4.02904471944,3.54340921095,0,0,1
current_r2,6.325,15.7154853713,9.97683083304,0,0,4.02904471944,3.54340921095,0,0,1
current_r2,6.35,15.7154853713,9.97683083304,0,0,4.02904471944,3.54340921095,0,0,1
current_r2,6.375,15.7154853713,9.97683083304,0,0,4.02904471944,3.54340921095,0,0,1
current_r2,6.4,15.7154853713,9.97683083304,0,0,4.02904471944,3.54340921095,0,0,1
current_r2,6.425,15.7154853713,9.97683083304,0,0,4.02904471944,3.54340921095,0,0,1
current_r2,6.45,15.7154853713,9.97683083304,0,0,4.02904471944,3.54340921095,0,0,1
current_r2,6.475,15.7154853713,9.97683083304,0,0,4.02904471944,3.54340921095,0,0,1
current_r2,6.5,15.7154853713,9.97683083304,0,0,4.02904471944,3.54340921095,0,0,1
current_r2,6.525,15.7154853713,9.97683083304,0,0,4.02904471944,3.54340921095,0,0,1
current_r2,6.55,15.7154853713,9.97683083304,0,0,4.02904471944,3.54340921095,0,0,1
current_r2,6.575,15.7154853713,9.97683083304,0,0,4.02904471944,3.54340921095,0,0,1
current_r2,6.6,15.7154853713,9.97683083304,0,0,4.02904471944,3.54340921095,0,0,1
current_r2,6.625,15.7154853713,9.97683083304,0,0,4.02904471944,3.54340921095,0,0,1
current_r2,6.65,15.7154853713,9.97683083304,0,0,4.02904471944,3.54340921095,0,0,1
current_r2,6.675,15.7154853713,9.97683083304,0,0,4.02904471944,3.54340921095,0,0,1
current_r2,6.7,15.7154853713,9.97683083304,0,0,4.02904471944,3.54340921095,0,0,1
current_r2,6.725,15.7154853713,9.97683083304,0,0,4.02904471944,3.54340921095,0,0,1
current_r2,6.75,15.7154853713,9.97683083304,0,0,4.02904471944,3.54340921095,0,0,1
current_r2,6.775,15.7154853713,9.97683083304,0,0,4.02904471944,3.54340921095,0,0,1
current_r2,6.8,15.7154853713,9.97683083304,0,0,4.02904471944,3.54340921095,0,0,1
current_r2,6.825,15.7154853713,9.97683083304,0,0,4.02904471944,3.54340921095,0,0,1
current_r2,6.85,15.7154853713,9.97683083304,0,0,4.02904471944,3.54340921095,0,0,1
current_r2,6.875,15.7154853713,9.97683083304,0,0,4.02904471944,3.54340921095,0,0,1
current_r2,6.9,15.7154853713,9.97683083304,0,0,4.02904471944,3.54340921095,0,0,1
current_r2,6.925,15.7154853713,9.97683083304,0,0,4.02904471944,3.54340921095,0,0,1
current_r2,6.95,15.7154853713,9.97683083304,0,0,4.02904471944,3.54340921095,0,0,1
current_r2,6.975,15.7154853713,9.97683083304,0,0,4.02904471944,3.54340921095,0,0,1
current_r2,7,15.7154853713,9.97683083304,0,0,4.02904471944,3.54340921095,0,0,1
current_r2,7.025,15.7154853713,9.97683083304,0,0,4.02904471944,3.54340921095,0,0,1
current_r2,7.05,15.7154853713,9.97683083304,0,0,4.02904471944,3.54340921095,0,0,1
current_r2,7.075,15.7154853713,9.97683083304,0,0,4.02904471944,3.54340921095,0,0,1
current_r2,7.1,15.7154853713,9.97683083304,0,0,4.02904471944,3.54340921095,0,0,1
current_r2,7.125,15.7154853713,9.97683083304,0,0,4.02904471944,3.54340921095,0,0,1
current_r2,7.15,15.7154853713,9.97683083304,0,0,4.02904471944,3.54340921095,0,0,1
current_r2,7.175,15.7154853713,9.97683083304,0,0,4.02904471944,3.54340921095,0,0,1
current_r2,7.2,15.7154853713,9.97683083304,0,0,4.02904471944,3.54340921095,0,0,1
current_r2,7.225,15.7154853713,9.97683083304,0,0,4.02904471944,3.54340921095,0,0,1
current_r2,7.25,15.7154853713,9.97683083304,0,0,4.02904471944,3.54340921095,0,0,1
current_r2,7.275,15.7154853713,9.97683083304,0,0,4.02904471944,3.54340921095,0,0,1
current_r2,7.3,15.7154853713,9.97683083304,0,0,4.02904471944,3.54340921095,0,0,1
current_r2,7.325,15.7154853713,9.97683083304,0,0,4.02904471944,3.54340921095,0,0,1
current_r2,7.35,15.7154853713,9.97683083304,0,0,4.02904471944,3.54340921095,0,0,1
current_r2,7.375,15.7154853713,9.97683083304,0,0,4.02904471944,3.54340921095,0,0,1
current_r2,7.4,15.7154853713,9.97683083304,0,0,4.02904471944,3.54340921095,0,0,1
current_r2,7.425,15.7154853713,9.97683083304,0,0,4.02904471944,3.54340921095,0,0,1
current_r2,7.45,15.7154853713,9.97683083304,0,0,4.02904471944,3.54340921095,0,0,1
current_r2,7.475,15.7154853713,9.97683083304,0,0,4.02904471944,3.54340921095,0,0,1
current_r2,7.5,15.7154853713,9.97683083304,0,0,4.02904471944,3.54340921095,0,0,1
current_r2,7.525,15.7154853713,9.97683083304,0,0,4.02904471944,3.54340921095,0,0,1
current_r2,7.55,15.7154853713,9.97683083304,0,0,4.02904471944,3.54340921095,0,0,1
current_r2,7.575,15.7154853713,9.97683083304,0,0,4.02904471944,3.54340921095,0,0,1
current_r2,7.6,15.7154853713,9.97683083304,0,0,4.02904471944,3.54340921095,0,0,1
current_r2,7.625,15.7154853713,9.97683083304,0,0,4.02904471944,3.54340921095,0,0,1
current_r2,7.65,15.7154853713,9.97683083304,0,0,4.02904471944,3.54340921095,0,0,1
current_r2,7.675,15.7154853713,9.97683083304,0,0,4.02904471944,3.54340921095,0,0,1
current_r2,7.7,15.7154853713,9.97683083304,0,0,4.02904471944,3.54340921095,0,0,1
current_r2,7.725,15.7154853713,9.97683083304,0,0,4.02904471944,3.54340921095,0,0,1
current_r2,7.75,15.7154853713,9.97683083304,0,0,4.02904471944,3.54340921095,0,0,1
current_r2,7.775,15.7154853713,9.97683083304,0,0,4.02904471944,3.54340921095,0,0,1
current_r2,7.8,15.7154853713,9.97683083304,0,0,4.02904471944,3.54340921095,0,0,1
current_r2,7.825,15.7154853713,9.97683083304,0,0,4.02904471944,3.54340921095,0,0,1
current_r2,7.85,15.7154853713,9.97683083304,0,0,4.02904471944,3.54340921095,0,0,1
current_r2,7.875,15.7154853713,9.97683083304,0,0,4.02904471944,3.54340921095,0,0,1
current_r2,7.9,15.7154853713,9.97683083304,0,0,4.02904471944,3.54340921095,0,0,1
current_r2,7.925,15.7154853713,9.97683083304,0,0,4.02904471944,3.54340921095,0,0,1
current_r2,7.95,15.7154853713,9.97683083304,0,0,4.02904471944,3.54340921095,0,0,1
current_r2,7.975,15.7154853713,9.97683083304,0,0,4.02904471944,3.54340921095,0,0,1
current_r2,8,15.7154853713,9.97683083304,0,0,4.02904471944,3.54340921095,0,0,1
current_r2,8.025,15.7154853713,9.97683083304,0,0,4.02904471944,3.54340921095,0,0,1
current_r2,8.05,15.7154853713,9.97683083304,0,0,4.02904471944,3.54340921095,0,0,1
current_r2,8.075,15.7154853713,9.97683083304,0,0,4.02904471944,3.54340921095,0,0,1
current_r2,8.1,15.7154853713,9.97683083304,0,0,4.02904471944,3.54340921095,0,0,1
current_r2,8.125,15.7154853713,9.97683083304,0,0,4.02904471944,3.54340921095,0,0,1
current_r2,8.15,15.7154853713,9.97683083304,0,0,4.02904471944,3.54340921095,0,0,1
current_r2,8.175,15.7154853713,9.97683083304,0,0,4.02904471944,3.54340921095,0,0,1
current_r2,8.2,15.7154853713,9.97683083304,0,0,4.02904471944,3.54340921095,0,0,1
current_r2,8.225,15.7154853713,9.97683083304,0,0,4.02904471944,3.54340921095,0,0,1
current_r2,8.25,15.7154853713,9.97683083304,0,0,4.02904471944,3.54340921095,0,0,1
current_r2,8.275,15.7154853713,9.97683083304,0,0,4.02904471944,3.54340921095,0,0,1
current_r2,8.3,15.7154853713,9.97683083304,0,0,4.02904471944,3.54340921095,0,0,1
current_r2,8.325,15.7154853713,9.97683083304,0,0,4.02904471944,3.54340921095,0,0,1
current_r2,8.35,15.7154853713,9.97683083304,0,0,4.02904471944,3.54340921095,0,0,1
current_r2,8.375,15.7154853713,9.97683083304,0,0,4.02904471944,3.54340921095,0,0,1
current_r2,8.4,15.7154853713,9.97683083304,0,0,4.02904471944,3.54340921095,0,0,1
current_r2,8.425,15.7154853713,9.97683083304,0,0,4.02904471944,3.54340921095,0,0,1
current_r2,8.45,15.7154853713,9.97683083304,0,0,4.02904471944,3.54340921095,0,0,1
current_r2,8.475,15.7154853713,9.97683083304,0,0,4.02904471944,3.54340921095,0,0,1
current_r2,8.5,15.7154853713,9.97683083304,0,0,4.02904471944,3.54340921095,0,0,1
current_r2,8.525,15.7154853713,9.97683083304,0,0,4.02904471944,3.54340921095,0,0,1
current_r2,8.55,15.7154853713,9.97683083304,0,0,4.02904471944,3.54340921095,0,0,1
current_r2,8.575,15.7154853713,9.97683083304,0,0,4.02904471944,3.54340921095,0,0,1
current_r2,8.6,15.7154853713,9.97683083304,0,0,4.02904471944,3.54340921095,0,0,1
current_r2,8.625,15.7154853713,9.97683083304,0,0,4.02904471944,3.54340921095,0,0,1
current_r2,8.65,15.7154853713,9.97683083304,0,0,4.02904471944,3.54340921095,0,0,1
current_r2,8.675,15.7154853713,9.97683083304,0,0,4.02904471944,3.54340921095,0,0,1
current_r2,8.7,15.7154853713,9.97683083304,0,0,4.02904471944,3.54340921095,0,0,1
current_r2,8.725,15.7154853713,9.97683083304,0,0,4.02904471944,3.54340921095,0,0,1
current_r2,8.75,15.7154853713,9.97683083304,0,0,4.02904471944,3.54340921095,0,0,1
current_r2,8.775,15.7154853713,9.97683083304,0,0,4.02904471944,3.54340921095,0,0,1
current_r2,8.8,15.7154853713,9.97683083304,0,0,4.02904471944,3.54340921095,0,0,1
current_r2,8.825,15.7154853713,9.97683083304,0,0,4.02904471944,3.54340921095,0,0,1
current_r2,8.85,15.7154853713,9.97683083304,0,0,4.02904471944,3.54340921095,0,0,1
current_r2,8.875,15.7154853713,9.97683083304,0,0,4.02904471944,3.54340921095,0,0,1
current_r2,8.9,15.7154853713,9.97683083304,0,0,4.02904471944,3.54340921095,0,0,1
current_r2,8.925,15.7154853713,9.97683083304,0,0,4.02904471944,3.54340921095,0,0,1
current_r2,8.95,15.7154853713,9.97683083304,0,0,4.02904471944,3.54340921095,0,0,1
current_r2,8.975,15.7154853713,9.97683083304,0,0,4.02904471944,3.54340921095,0,0,1
current_r2,9,15.7154853713,9.97683083304,0,0,4.02904471944,3.54340921095,0,0,1
current_r2,9.025,15.7154853713,9.97683083304,0,0,4.02904471944,3.54340921095,0,0,1
current_r2,9.05,15.7154853713,9.97683083304,0,0,4.02904471944,3.54340921095,0,0,1
current_r2,9.075,15.7154853713,9.97683083304,0,0,4.02904471944,3.54340921095,0,0,1
current_r2,9.1,15.7154853713,9.97683083304,0,0,4.02904471944,3.54340921095,0,0,1
current_r2,9.125,15.7154853713,9.97683083304,0,0,4.02904471944,3.54340921095,0,0,1
current_r2,9.15,15.7154853713,9.97683083304,0,0,4.02904471944,3.54340921095,0,0,1
current_r2,9.175,15.7154853713,9.97683083304,0,0,4.02904471944,3.54340921095,0,0,1
current_r2,9.2,15.7154853713,9.97683083304,0,0,4.02904471944,3.54340921095,0,0,1
current_r2,9.225,15.7154853713,9.97683083304,0,0,4.02904471944,3.54340921095,0,0,1
current_r2,9.25,15.7154853713,9.97683083304,0,0,4.02904471944,3.54340921095,0,0,1
current_r2,9.275,15.7154853713,9.97683083304,0,0,4.02904471944,3.54340921095,0,0,1
current_r2,9.3,15.7154853713,9.97683083304,0,0,4.02904471944,3.54340921095,0,0,1
current_r2,9.325,15.7154853713,9.97683083304,0,0,4.02904471944,3.54340921095,0,0,1
current_r2,9.35,15.7154853713,9.97683083304,0,0,4.02904471944,3.54340921095,0,0,1
current_r2,9.375,15.7154853713,9.97683083304,0,0,4.02904471944,3.54340921095,0,0,1
current_r2,9.4,15.7154853713,9.97683083304,0,0,4.02904471944,3.54340921095,0,0,1
current_r2,9.425,15.7154853713,9.97683083304,0,0,4.02904471944,3.54340921095,0,0,1
current_r2,9.45,15.7154853713,9.97683083304,0,0,4.02904471944,3.54340921095,0,0,1
current_r2,9.475,15.7154853713,9.97683083304,0,0,4.02904471944,3.54340921095,0,0,1
current_r2,9.5,15.7154853713,9.97683083304,0,0,4.02904471944,3.54340921095,0,0,1
current_r2,9.525,15.7154853713,9.97683083304,0,0,4.02904471944,3.54340921095,0,0,1
current_r2,9.55,15.7154853713,9.97683083304,0,0,4.02904471944,3.54340921095,0,0,1
current_r2,9.575,15.7154853713,9.97683083304,0,0,4.02904471944,3.54340921095,0,0,1
current_r2,9.6,15.7154853713,9.97683083304,0,0,4.02904471944,3.54340921095,0,0,1
current_r2,9.625,15.7154853713,9.97683083304,0,0,4.02904471944,3.54340921095,0,0,1
current_r2,9.65,15.7154853713,9.97683083304,0,0,4.02904471944,3.54340921095,0,0,1
current_r2,9.675,15.7154853713,9.97683083304,0,0,4.02904471944,3.54340921095,0,0,1
current_r2,9.7,15.7154853713,9.97683083304,0,0,4.02904471944,3.54340921095,0,0,1
current_r2,9.725,15.7154853713,9.97683083304,0,0,4.02904471944,3.54340921095,0,0,1
current_r2,9.75,15.7154853713,9.97683083304,0,0,4.02904471944,3.54340921095,0,0,1
current_r2,9.775,15.7154853713,9.97683083304,0,0,4.02904471944,3.54340921095,0,0,1
current_r2,9.8,15.7154853713,9.97683083304,0,0,4.02904471944,3.54340921095,0,0,1
current_r2,9.825,15.7154853713,9.97683083304,0,0,4.02904471944,3.54340921095,0,0,1
current_r2,9.85,15.7154853713,9.97683083304,0,0,4.02904471944,3.54340921095,0,0,1
current_r2,9.875,15.7154853713,9.97683083304,0,0,4.02904471944,3.54340921095,0,0,1
current_r2,9.9,15.7154853713,9.97683083304,0,0,4.02904471944,3.54340921095,0,0,1
current_r2,9.925,15.7154853713,9.97683083304,0,0,4.02904471944,3.54340921095,0,0,1
current_r2,9.95,15.7154853713,9.97683083304,0,0,4.02904471944,3.54340921095,0,0,1
current_r2,9.975,15.7154853713,9.97683083304,0,0,4.02904471944,3.54340921095,0,0,1
current_r2,10,15.7154853713,9.97683083304,0,0,4.02904471944,3.54340921095,0,0,1
current_r2,10.025,15.7154853713,9.97683083304,0,0,4.02904471944,3.54340921095,0,0,1
current_r2,10.05,15.7154853713,9.97683083304,0,0,4.02904471944,3.54340921095,0,0,1
current_r2,10.075,15.7154853713,9.97683083304,0,0,4.02904471944,3.54340921095,0,0,1
current_r2,10.1,15.7154853713,9.97683083304,0,0,4.02904471944,3.54340921095,0,0,1
current_r2,10.125,15.7154853713,9.97683083304,0,0,4.02904471944,3.54340921095,0,0,1
current_r2,10.15,15.7154853713,9.97683083304,0,0,4.02904471944,3.54340921095,0,0,1
current_r2,10.175,15.7154853713,9.97683083304,0,0,4.02904471944,3.54340921095,0,0,1
current_r2,10.2,15.7154853713,9.97683083304,0,0,4.02904471944,3.54340921095,0,0,1
current_r2,10.225,15.7154853713,9.97683083304,0,0,4.02904471944,3.54340921095,0,0,1
current_r2,10.25,15.7154853713,9.97683083304,0,0,4.02904471944,3.54340921095,0,0,1
current_r2,10.275,15.7154853713,9.97683083304,0,0,4.02904471944,3.54340921095,0,0,1
current_r2,10.3,15.7154853713,9.97683083304,0,0,4.02904471944,3.54340921095,0,0,1
current_r2,10.325,15.7154853713,9.97683083304,0,0,4.02904471944,3.54340921095,0,0,1
current_r2,10.35,15.7154853713,9.97683083304,0,0,4.02904471944,3.54340921095,0,0,1
current_r2,10.375,15.7154853713,9.97683083304,0,0,4.02904471944,3.54340921095,0,0,1
current_r2,10.4,15.7154853713,9.97683083304,0,0,4.02904471944,3.54340921095,0,0,1
current_r2,10.425,15.7154853713,9.97683083304,0,0,4.02904471944,3.54340921095,0,0,1
current_r2,10.45,15.7154853713,9.97683083304,0,0,4.02904471944,3.54340921095,0,0,1
current_r2,10.475,15.7154853713,9.97683083304,0,0,4.02904471944,3.54340921095,0,0,1
current_r2,10.5,15.7154853713,9.97683083304,0,0,4.02904471944,3.54340921095,0,0,1
current_r2,10.525,15.7154853713,9.97683083304,0,0,4.02904471944,3.54340921095,0,0,1
current_r2,10.55,15.7154853713,9.97683083304,0,0,4.02904471944,3.54340921095,0,0,1
current_r2,10.575,15.7154853713,9.97683083304,0,0,4.02904471944,3.54340921095,0,0,1
current_r2,10.6,15.7154853713,9.97683083304,0,0,4.02904471944,3.54340921095,0,0,1
current_r2,10.625,15.7154853713,9.97683083304,0,0,4.02904471944,3.54340921095,0,0,1
current_r2,10.65,15.7154853713,9.97683083304,0,0,4.02904471944,3.54340921095,0,0,1
current_r2,10.675,15.7154853713,9.97683083304,0,0,4.02904471944,3.54340921095,0,0,1
current_r2,10.7,15.7154853713,9.97683083304,0,0,4.02904471944,3.54340921095,0,0,1
current_r2,10.725,15.7154853713,9.97683083304,0,0,4.02904471944,3.54340921095,0,0,1
current_r2,10.75,15.7154853713,9.97683083304,0,0,4.02904471944,3.54340921095,0,0,1
current_r2,10.775,15.7154853713,9.97683083304,0,0,4.02904471944,3.54340921095,0,0,1
current_r2,10.8,15.7154853713,9.97683083304,0,0,4.02904471944,3.54340921095,0,0,1
current_r2,10.825,15.7154853713,9.97683083304,0,0,4.02904471944,3.54340921095,0,0,1
current_r2,10.85,15.7154853713,9.97683083304,0,0,4.02904471944,3.54340921095,0,0,1
current_r2,10.875,15.7154853713,9.97683083304,0,0,4.02904471944,3.54340921095,0,0,1
current_r2,10.9,15.7154853713,9.97683083304,0,0,4.02904471944,3.54340921095,0,0,1
current_r2,10.925,15.7154853713,9.97683083304,0,0,4.02904471944,3.54340921095,0,0,1
current_r2,10.95,15.7154853713,9.97683083304,0,0,4.02904471944,3.54340921095,0,0,1
current_r2,10.975,15.7154853713,9.97683083304,0,0,4.02904471944,3.54340921095,0,0,1
current_r2,11,15.7154853713,9.97683083304,0,0,4.02904471944,3.54340921095,0,0,1
current_r2,11.025,15.7154853713,9.97683083304,0,0,4.02904471944,3.54340921095,0,0,1
current_r2,11.05,15.7154853713,9.97683083304,0,0,4.02904471944,3.54340921095,0,0,1
current_r2,11.075,15.7154853713,9.97683083304,0,0,4.02904471944,3.54340921095,0,0,1
current_r2,11.1,15.7154853713,9.97683083304,0,0,4.02904471944,3.54340921095,0,0,1
current_r2,11.125,15.7154853713,9.97683083304,0,0,4.02904471944,3.54340921095,0,0,1
current_r2,11.15,15.7154853713,9.97683083304,0,0,4.02904471944,3.54340921095,0,0,1
current_r2,11.175,15.7154853713,9.97683083304,0,0,4.02904471944,3.54340921095,0,0,1
current_r2,11.2,15.7154853713,9.97683083304,0,0,4.02904471944,3.54340921095,0,0,1
current_r2,11.225,15.7154853713,9.97683083304,0,0,4.02904471944,3.54340921095,0,0,1
current_r2,11.25,15.7154853713,9.97683083304,0,0,4.02904471944,3.54340921095,0,0,1
current_r2,11.275,15.7154853713,9.97683083304,0,0,4.02904471944,3.54340921095,0,0,1
current_r2,11.3,15.7154853713,9.97683083304,0,0,4.02904471944,3.54340921095,0,0,1
current_r2,11.325,15.7154853713,9.97683083304,0,0,4.02904471944,3.54340921095,0,0,1
current_r2,11.35,15.7154853713,9.97683083304,0,0,4.02904471944,3.54340921095,0,0,1
current_r2,11.375,15.7154853713,9.97683083304,0,0,4.02904471944,3.54340921095,0,0,1
current_r2,11.4,15.7154853713,9.97683083304,0,0,4.02904471944,3.54340921095,0,0,1
current_r2,11.425,15.7154853713,9.97683083304,0,0,4.02904471944,3.54340921095,0,0,1
current_r2,11.45,15.7154853713,9.97683083304,0,0,4.02904471944,3.54340921095,0,0,1
current_r2,11.475,15.7154853713,9.97683083304,0,0,4.02904471944,3.54340921095,0,0,1
current_r2,11.5,15.7154853713,9.97683083304,0,0,4.02904471944,3.54340921095,0,0,1
current_r2,11.525,15.7154853713,9.97683083304,0,0,4.02904471944,3.54340921095,0,0,1
current_r2,11.55,15.7154853713,9.97683083304,0,0,4.02904471944,3.54340921095,0,0,1
current_r2,11.575,15.7154853713,9.97683083304,0,0,4.02904471944,3.54340921095,0,0,1
current_r2,11.6,15.7154853713,9.97683083304,0,0,4.02904471944,3.54340921095,0,0,1
current_r2,11.625,15.7154853713,9.97683083304,0,0,4.02904471944,3.54340921095,0,0,1
current_r2,11.65,15.7154853713,9.97683083304,0,0,4.02904471944,3.54340921095,0,0,1
current_r2,11.675,15.7154853713,9.97683083304,0,0,4.02904471944,3.54340921095,0,0,1
current_r2,11.7,15.7154853713,9.97683083304,0,0,4.02904471944,3.54340921095,0,0,1
current_r2,11.725,15.7154853713,9.97683083304,0,0,4.02904471944,3.54340921095,0,0,1
current_r2,11.75,15.7154853713,9.97683083304,0,0,4.02904471944,3.54340921095,0,0,1
current_r2,11.775,15.7154853713,9.97683083304,0,0,4.02904471944,3.54340921095,0,0,1
current_r2,11.8,15.7154853713,9.97683083304,0,0,4.02904471944,3.54340921095,0,0,1
current_r2,11.825,15.7154853713,9.97683083304,0,0,4.02904471944,3.54340921095,0,0,1
current_r2,11.85,15.7154853713,9.97683083304,0,0,4.02904471944,3.54340921095,0,0,1
current_r2,11.875,15.7154853713,9.97683083304,0,0,4.02904471944,3.54340921095,0,0,1
current_r2,11.9,15.7154853713,9.97683083304,0,0,4.02904471944,3.54340921095,0,0,1
current_r2,11.925,15.7154853713,9.97683083304,0,0,4.02904471944,3.54340921095,0,0,1
current_r2,11.95,15.7154853713,9.97683083304,0,0,4.02904471944,3.54340921095,0,0,1
current_r2,11.975,15.7154853713,9.97683083304,0,0,4.02904471944,3.54340921095,0,0,1
current_r2,12,15.7154853713,9.97683083304,0,0,4.02904471944,3.54340921095,0,0,1
current_r2,12.025,15.7154853713,9.97683083304,0,0,4.02904471944,3.54340921095,0,0,1
current_r2,12.05,15.7154853713,9.97683083304,0,0,4.02904471944,3.54340921095,0,0,1
current_r2,12.075,15.7154853713,9.97683083304,0,0,4.02904471944,3.54340921095,0,0,1
current_r2,12.1,15.7154853713,9.97683083304,0,0,4.02904471944,3.54340921095,0,0,1
current_r2,12.125,15.7154853713,9.97683083304,0,0,4.02904471944,3.54340921095,0,0,1
current_r2,12.15,15.7154853713,9.97683083304,0,0,4.02904471944,3.54340921095,0,0,1
current_r2,12.175,15.7154853713,9.97683083304,0,0,4.02904471944,3.54340921095,0,0,1
current_r2,12.2,15.7154853713,9.97683083304,0,0,4.02904471944,3.54340921095,0,0,1
current_r2,12.225,15.7154853713,9.97683083304,0,0,4.02904471944,3.54340921095,0,0,1
current_r2,12.25,15.7154853713,9.97683083304,0,0,4.02904471944,3.54340921095,0,0,1
current_r2,12.275,15.7154853713,9.97683083304,0,0,4.02904471944,3.54340921095,0,0,1
current_r2,12.3,15.7154853713,9.97683083304,0,0,4.02904471944,3.54340921095,0,0,1
current_r2,12.325,15.7154853713,9.97683083304,0,0,4.02904471944,3.54340921095,0,0,1
current_r2,12.35,15.7154853713,9.97683083304,0,0,4.02904471944,3.54340921095,0,0,1
current_r2,12.375,15.7154853713,9.97683083304,0,0,4.02904471944,3.54340921095,0,0,1
current_r2,12.4,15.7154853713,9.97683083304,0,0,4.02904471944,3.54340921095,0,0,1
current_r2,12.425,15.7154853713,9.97683083304,0,0,4.02904471944,3.54340921095,0,0,1
current_r2,12.45,15.7154853713,9.97683083304,0,0,4.02904471944,3.54340921095,0,0,1
current_r2,12.475,15.7154853713,9.97683083304,0,0,4.02904471944,3.54340921095,0,0,1
current_r2,12.5,15.7154853713,9.97683083304,0,0,4.02904471944,3.54340921095,0,0,1
current_r2,12.525,15.7154853713,9.97683083304,0,0,4.02904471944,3.54340921095,0,0,1
current_r2,12.55,15.7154853713,9.97683083304,0,0,4.02904471944,3.54340921095,0,0,1
current_r2,12.575,15.7154853713,9.97683083304,0,0,4.02904471944,3.54340921095,0,0,1
current_r2,12.6,15.7154853713,9.97683083304,0,0,4.02904471944,3.54340921095,0,0,1
current_r2,12.625,15.7154853713,9.97683083304,0,0,4.02904471944,3.54340921095,0,0,1
current_r2,12.65,15.7154853713,9.97683083304,0,0,4.02904471944,3.54340921095,0,0,1
current_r2,12.675,15.7154853713,9.97683083304,0,0,4.02904471944,3.54340921095,0,0,1
current_r2,12.7,15.7154853713,9.97683083304,0,0,4.02904471944,3.54340921095,0,0,1
current_r2,12.725,15.7154853713,9.97683083304,0,0,4.02904471944,3.54340921095,0,0,1
current_r2,12.75,15.7154853713,9.97683083304,0,0,4.02904471944,3.54340921095,0,0,1
current_r2,12.775,15.7154853713,9.97683083304,0,0,4.02904471944,3.54340921095,0,0,1
current_r2,12.8,15.7154853713,9.97683083304,0,0,4.02904471944,3.54340921095,0,0,1
current_r2,12.825,15.7154853713,9.97683083304,0,0,4.02904471944,3.54340921095,0,0,1
current_r2,12.85,15.7154853713,9.97683083304,0,0,4.02904471944,3.54340921095,0,0,1
current_r2,12.875,15.7154853713,9.97683083304,0,0,4.02904471944,3.54340921095,0,0,1
current_r2,12.9,15.7154853713,9.97683083304,0,0,4.02904471944,3.54340921095,0,0,1
current_r2,12.925,15.7154853713,9.97683083304,0,0,4.02904471944,3.54340921095,0,0,1
current_r2,12.95,15.7154853713,9.97683083304,0,0,4.02904471944,3.54340921095,0,0,1
current_r2,12.975,15.7154853713,9.97683083304,0,0,4.02904471944,3.54340921095,0,0,1
current_r2,13,15.7154853713,9.97683083304,0,0,4.02904471944,3.54340921095,0,0,1
current_r2,13.025,15.7154853713,9.97683083304,0,0,4.02904471944,3.54340921095,0,0,1
current_r2,13.05,15.7154853713,9.97683083304,0,0,4.02904471944,3.54340921095,0,0,1
current_r2,13.075,15.7154853713,9.97683083304,0,0,4.02904471944,3.54340921095,0,0,1
current_r2,13.1,15.7154853713,9.97683083304,0,0,4.02904471944,3.54340921095,0,0,1
current_r2,13.125,15.7154853713,9.97683083304,0,0,4.02904471944,3.54340921095,0,0,1
current_r2,13.15,15.7154853713,9.97683083304,0,0,4.02904471944,3.54340921095,0,0,1
current_r2,13.175,15.7154853713,9.97683083304,0,0,4.02904471944,3.54340921095,0,0,1
current_r2,13.2,15.7154853713,9.97683083304,0,0,4.02904471944,3.54340921095,0,0,1
current_r2,13.225,15.7154853713,9.97683083304,0,0,4.02904471944,3.54340921095,0,0,1
current_r2,13.25,15.7154853713,9.97683083304,0,0,4.02904471944,3.54340921095,0,0,1
current_r2,13.275,15.7154853713,9.97683083304,0,0,4.02904471944,3.54340921095,0,0,1
current_r2,13.3,15.7154853713,9.97683083304,0,0,4.02904471944,3.54340921095,0,0,1
current_r2,13.325,15.7154853713,9.97683083304,0,0,4.02904471944,3.54340921095,0,0,1
current_r2,13.35,15.7154853713,9.97683083304,0,0,4.02904471944,3.54340921095,0,0,1
current_r2,13.375,15.7154853713,9.97683083304,0,0,4.02904471944,3.54340921095,0,0,1
current_r2,13.4,15.7154853713,9.97683083304,0,0,4.02904471944,3.54340921095,0,0,1
current_r2,13.425,15.7154853713,9.97683083304,0,0,4.02904471944,3.54340921095,0,0,1
current_r2,13.45,15.7154853713,9.97683083304,0,0,4.02904471944,3.54340921095,0,0,1
current_r2,13.475,15.7154853713,9.97683083304,0,0,4.02904471944,3.54340921095,0,0,1
current_r2,13.5,15.7154853713,9.97683083304,0,0,4.02904471944,3.54340921095,0,0,1
current_r2,13.525,15.7154853713,9.97683083304,0,0,4.02904471944,3.54340921095,0,0,1
current_r2,13.55,15.7154853713,9.97683083304,0,0,4.02904471944,3.54340921095,0,0,1
current_r2,13.575,15.7154853713,9.97683083304,0,0,4.02904471944,3.54340921095,0,0,1
current_r2,13.6,15.7154853713,9.97683083304,0,0,4.02904471944,3.54340921095,0,0,1
current_r2,13.625,15.7154853713,9.97683083304,0,0,4.02904471944,3.54340921095,0,0,1
current_r2,13.65,15.7154853713,9.97683083304,0,0,4.02904471944,3.54340921095,0,0,1
current_r2,13.675,15.7154853713,9.97683083304,0,0,4.02904471944,3.54340921095,0,0,1
current_r2,13.7,15.7154853713,9.97683083304,0,0,4.02904471944,3.54340921095,0,0,1
current_r2,13.725,15.7154853713,9.97683083304,0,0,4.02904471944,3.54340921095,0,0,1
current_r2,13.75,15.7154853713,9.97683083304,0,0,4.02904471944,3.54340921095,0,0,1
current_r2,13.775,15.7154853713,9.97683083304,0,0,4.02904471944,3.54340921095,0,0,1
current_r2,13.8,15.7154853713,9.97683083304,0,0,4.02904471944,3.54340921095,0,0,1
current_r2,13.825,15.7154853713,9.97683083304,0,0,4.02904471944,3.54340921095,0,0,1
current_r2,13.85,15.7154853713,9.97683083304,0,0,4.02904471944,3.54340921095,0,0,1
current_r2,13.875,15.7154853713,9.97683083304,0,0,4.02904471944,3.54340921095,0,0,1
current_r2,13.9,15.7154853713,9.97683083304,0,0,4.02904471944,3.54340921095,0,0,1
current_r2,13.925,15.7154853713,9.97683083304,0,0,4.02904471944,3.54340921095,0,0,1
current_r2,13.95,15.7154853713,9.97683083304,0,0,4.02904471944,3.54340921095,0,0,1
current_r2,13.975,15.7154853713,9.97683083304,0,0,4.02904471944,3.54340921095,0,0,1
current_r2,14,15.7154853713,9.97683083304,0,0,4.02904471944,3.54340921095,0,0,1
current_r2,14.025,15.7154853713,9.97683083304,0,0,4.02904471944,3.54340921095,0,0,1
current_r2,14.05,15.7154853713,9.97683083304,0,0,4.02904471944,3.54340921095,0,0,1
current_r2,14.075,15.7154853713,9.97683083304,0,0,4.02904471944,3.54340921095,0,0,1
current_r2,14.1,15.7154853713,9.97683083304,0,0,4.02904471944,3.54340921095,0,0,1
current_r2,14.125,15.7154853713,9.97683083304,0,0,4.02904471944,3.54340921095,0,0,1
current_r2,14.15,15.7154853713,9.97683083304,0,0,4.02904471944,3.54340921095,0,0,1
current_r2,14.175,15.7154853713,9.97683083304,0,0,4.02904471944,3.54340921095,0,0,1
current_r2,14.2,15.7154853713,9.97683083304,0,0,4.02904471944,3.54340921095,0,0,1
current_r2,14.225,15.7154853713,9.97683083304,0,0,4.02904471944,3.54340921095,0,0,1
current_r2,14.25,15.7154853713,9.97683083304,0,0,4.02904471944,3.54340921095,0,0,1
current_r2,14.275,15.7154853713,9.97683083304,0,0,4.02904471944,3.54340921095,0,0,1
current_r2,14.3,15.7154853713,9.97683083304,0,0,4.02904471944,3.54340921095,0,0,1
current_r2,14.325,15.7154853713,9.97683083304,0,0,4.02904471944,3.54340921095,0,0,1
current_r2,14.35,15.7154853713,9.97683083304,0,0,4.02904471944,3.54340921095,0,0,1
current_r2,14.375,15.7154853713,9.97683083304,0,0,4.02904471944,3.54340921095,0,0,1
current_r2,14.4,15.7154853713,9.97683083304,0,0,4.02904471944,3.54340921095,0,0,1
current_r2,14.425,15.7154853713,9.97683083304,0,0,4.02904471944,3.54340921095,0,0,1
current_r2,14.45,15.7154853713,9.97683083304,0,0,4.02904471944,3.54340921095,0,0,1
current_r2,14.475,15.7154853713,9.97683083304,0,0,4.02904471944,3.54340921095,0,0,1
current_r2,14.5,15.7154853713,9.97683083304,0,0,4.02904471944,3.54340921095,0,0,1
current_r2,14.525,15.7154853713,9.97683083304,0,0,4.02904471944,3.54340921095,0,0,1
current_r2,14.55,15.7154853713,9.97683083304,0,0,4.02904471944,3.54340921095,0,0,1
current_r2,14.575,15.7154853713,9.97683083304,0,0,4.02904471944,3.54340921095,0,0,1
current_r2,14.6,15.7154853713,9.97683083304,0,0,4.02904471944,3.54340921095,0,0,1
current_r2,14.625,15.7154853713,9.97683083304,0,0,4.02904471944,3.54340921095,0,0,1
current_r2,14.65,15.7154853713,9.97683083304,0,0,4.02904471944,3.54340921095,0,0,1
current_r2,14.675,15.7154853713,9.97683083304,0,0,4.02904471944,3.54340921095,0,0,1
current_r2,14.7,15.7154853713,9.97683083304,0,0,4.02904471944,3.54340921095,0,0,1
current_r2,14.725,15.7154853713,9.97683083304,0,0,4.02904471944,3.54340921095,0,0,1
current_r2,14.75,15.7154853713,9.97683083304,0,0,4.02904471944,3.54340921095,0,0,1
current_r2,14.775,15.7154853713,9.97683083304,0,0,4.02904471944,3.54340921095,0,0,1
current_r2,14.8,15.7154853713,9.97683083304,0,0,4.02904471944,3.54340921095,0,0,1
current_r2,14.825,15.7154853713,9.97683083304,0,0,4.02904471944,3.54340921095,0,0,1
current_r2,14.85,15.7154853713,9.97683083304,0,0,4.02904471944,3.54340921095,0,0,1
current_r2,14.875,15.7154853713,9.97683083304,0,0,4.02904471944,3.54340921095,0,0,1
current_r2,14.9,15.7154853713,9.97683083304,0,0,4.02904471944,3.54340921095,0,0,1
current_r2,14.925,15.7154853713,9.97683083304,0,0,4.02904471944,3.54340921095,0,0,1
current_r2,14.95,15.7154853713,9.97683083304,0,0,4.02904471944,3.54340921095,0,0,1
current_r2,14.975,15.7154853713,9.97683083304,0,0,4.02904471944,3.54340921095,0,0,1
current_r2,15,15.7154853713,9.97683083304,0,0,4.02904471944,3.54340921095,0,0,1
current_r2,15.025,15.7154853713,9.97683083304,0,0,4.02904471944,3.54340921095,0,0,1
current_r2,15.05,15.7154853713,9.97683083304,0,0,4.02904471944,3.54340921095,0,0,1
current_r2,15.075,15.7154853713,9.97683083304,0,0,4.02904471944,3.54340921095,0,0,1
current_r2,15.1,15.7154853713,9.97683083304,0,0,4.02904471944,3.54340921095,0,0,1
current_r2,15.125,15.7154853713,9.97683083304,0,0,4.02904471944,3.54340921095,0,0,1
current_r2,15.15,15.7154853713,9.97683083304,0,0,4.02904471944,3.54340921095,0,0,1
current_r2,15.175,15.7154853713,9.97683083304,0,0,4.02904471944,3.54340921095,0,0,1
current_r2,15.2,15.7154853713,9.97683083304,0,0,4.02904471944,3.54340921095,0,0,1
current_r2,15.225,15.7154853713,9.97683083304,0,0,4.02904471944,3.54340921095,0,0,1
current_r2,15.25,15.7154853713,9.97683083304,0,0,4.02904471944,3.54340921095,0,0,1
current_r2,15.275,15.7154853713,9.97683083304,0,0,4.02904471944,3.54340921095,0,0,1
current_r2,15.3,15.7154853713,9.97683083304,0,0,4.02904471944,3.54340921095,0,0,1
current_r2,15.325,15.7154853713,9.97683083304,0,0,4.02904471944,3.54340921095,0,0,1
current_r2,15.35,15.7154853713,9.97683083304,0,0,4.02904471944,3.54340921095,0,0,1
current_r2,15.375,15.7154853713,9.97683083304,0,0,4.02904471944,3.54340921095,0,0,1
current_r2,15.4,15.7154853713,9.97683083304,0,0,4.02904471944,3.54340921095,0,0,1
current_r2,15.425,15.7154853713,9.97683083304,0,0,4.02904471944,3.54340921095,0,0,1
current_r2,15.45,15.7154853713,9.97683083304,0,0,4.02904471944,3.54340921095,0,0,1
current_r2,15.475,15.7154853713,9.97683083304,0,0,4.02904471944,3.54340921095,0,0,1
current_r2,15.5,15.7154853713,9.97683083304,0,0,4.02904471944,3.54340921095,0,0,1
current_r2,15.525,15.7154853713,9.97683083304,0,0,4.02904471944,3.54340921095,0,0,1
current_r2,15.55,15.7154853713,9.97683083304,0,0,4.02904471944,3.54340921095,0,0,1
current_r2,15.575,15.7154853713,9.97683083304,0,0,4.02904471944,3.54340921095,0,0,1
current_r2,15.6,15.7154853713,9.97683083304,0,0,4.02904471944,3.54340921095,0,0,1
current_r2,15.625,15.7154853713,9.97683083304,0,0,4.02904471944,3.54340921095,0,0,1
current_r2,15.65,15.7154853713,9.97683083304,0,0,4.02904471944,3.54340921095,0,0,1
current_r2,15.675,15.7154853713,9.97683083304,0,0,4.02904471944,3.54340921095,0,0,1
current_r2,15.7,15.7154853713,9.97683083304,0,0,4.02904471944,3.54340921095,0,0,1
current_r2,15.725,15.7154853713,9.97683083304,0,0,4.02904471944,3.54340921095,0,0,1
current_r2,15.75,15.7154853713,9.97683083304,0,0,4.02904471944,3.54340921095,0,0,1
current_r2,15.775,15.7154853713,9.97683083304,0,0,4.02904471944,3.54340921095,0,0,1
current_r2,15.8,15.7154853713,9.97683083304,0,0,4.02904471944,3.54340921095,0,0,1
current_r2,15.825,15.7154853713,9.97683083304,0,0,4.02904471944,3.54340921095,0,0,1
current_r2,15.85,15.7154853713,9.97683083304,0,0,4.02904471944,3.54340921095,0,0,1
current_r2,15.875,15.7154853713,9.97683083304,0,0,4.02904471944,3.54340921095,0,0,1
current_r2,15.9,15.7154853713,9.97683083304,0,0,4.02904471944,3.54340921095,0,0,1
current_r2,15.925,15.7154853713,9.97683083304,0,0,4.02904471944,3.54340921095,0,0,1
current_r2,15.95,15.7154853713,9.97683083304,0,0,4.02904471944,3.54340921095,0,0,1
current_r2,15.975,15.7154853713,9.97683083304,0,0,4.02904471944,3.54340921095,0,0,1
current_r2,16,15.7154853713,9.97683083304,0,0,4.02904471944,3.54340921095,0,0,1
current_r2,16.025,15.7154853713,9.97683083304,0,0,4.02904471944,3.54340921095,0,0,1
current_r2,16.05,15.7154853713,9.97683083304,0,0,4.02904471944,3.54340921095,0,0,1
current_r2,16.075,15.7154853713,9.97683083304,0,0,4.02904471944,3.54340921095,0,0,1
current_r2,16.1,15.7154853713,9.97683083304,0,0,4.02904471944,3.54340921095,0,0,1
current_r2,16.125,15.7154853713,9.97683083304,0,0,4.02904471944,3.54340921095,0,0,1
current_r2,16.15,15.7154853713,9.97683083304,0,0,4.02904471944,3.54340921095,0,0,1
current_r2,16.175,15.7154853713,9.97683083304,0,0,4.02904471944,3.54340921095,0,0,1
current_r2,16.2,15.7154853713,9.97683083304,0,0,4.02904471944,3.54340921095,0,0,1
current_r2,16.225,15.7154853713,9.97683083304,0,0,4.02904471944,3.54340921095,0,0,1
current_r2,16.25,15.7154853713,9.97683083304,0,0,4.02904471944,3.54340921095,0,0,1
current_r2,16.275,15.7154853713,9.97683083304,0,0,4.02904471944,3.54340921095,0,0,1
current_r2,16.3,15.7154853713,9.97683083304,0,0,4.02904471944,3.54340921095,0,0,1
current_r2,16.325,15.7154853713,9.97683083304,0,0,4.02904471944,3.54340921095,0,0,1
current_r2,16.35,15.7154853713,9.97683083304,0,0,4.02904471944,3.54340921095,0,0,1
current_r2,16.375,15.7154853713,9.97683083304,0,0,4.02904471944,3.54340921095,0,0,1
current_r2,16.4,15.7154853713,9.97683083304,0,0,4.02904471944,3.54340921095,0,0,1
current_r2,16.425,15.7154853713,9.97683083304,0,0,4.02904471944,3.54340921095,0,0,1
current_r2,16.45,15.7154853713,9.97683083304,0,0,4.02904471944,3.54340921095,0,0,1
current_r2,16.475,15.7154853713,9.97683083304,0,0,4.02904471944,3.54340921095,0,0,1
current_r2,16.5,15.7154853713,9.97683083304,0,0,4.02904471944,3.54340921095,0,0,1
current_r2,16.525,15.7154853713,9.97683083304,0,0,4.02904471944,3.54340921095,0,0,1
current_r2,16.55,15.7154853713,9.97683083304,0,0,4.02904471944,3.54340921095,0,0,1
current_r2,16.575,15.7154853713,9.97683083304,0,0,4.02904471944,3.54340921095,0,0,1
current_r2,16.6,15.7154853713,9.97683083304,0,0,4.02904471944,3.54340921095,0,0,1
current_r2,16.625,15.7154853713,9.97683083304,0,0,4.02904471944,3.54340921095,0,0,1
current_r2,16.65,15.7154853713,9.97683083304,0,0,4.02904471944,3.54340921095,0,0,1
current_r2,16.675,15.7154853713,9.97683083304,0,0,4.02904471944,3.54340921095,0,0,1
current_r2,16.7,15.7154853713,9.97683083304,0,0,4.02904471944,3.54340921095,0,0,1
current_r2,16.725,15.7154853713,9.97683083304,0,0,4.02904471944,3.54340921095,0,0,1
current_r2,16.75,15.7154853713,9.97683083304,0,0,4.02904471944,3.54340921095,0,0,1
current_r2,16.775,15.7154853713,9.97683083304,0,0,4.02904471944,3.54340921095,0,0,1
current_r2,16.8,15.7154853713,9.97683083304,0,0,4.02904471944,3.54340921095,0,0,1
current_r2,16.825,15.7154853713,9.97683083304,0,0,4.02904471944,3.54340921095,0,0,1
current_r2,16.85,15.7154853713,9.97683083304,0,0,4.02904471944,3.54340921095,0,0,1
current_r2,16.875,15.7154853713,9.97683083304,0,0,4.02904471944,3.54340921095,0,0,1
current_r2,16.9,15.7154853713,9.97683083304,0,0,4.02904471944,3.54340921095,0,0,1
current_r2,16.925,15.7154853713,9.97683083304,0,0,4.02904471944,3.54340921095,0,0,1
current_r2,16.95,15.7154853713,9.97683083304,0,0,4.02904471944,3.54340921095,0,0,1
current_r2,16.975,15.7154853713,9.97683083304,0,0,4.02904471944,3.54340921095,0,0,1
current_r2,17,15.7154853713,9.97683083304,0,0,4.02904471944,3.54340921095,0,0,1
current_r2,17.025,15.7154853713,9.97683083304,0,0,4.02904471944,3.54340921095,0,0,1
current_r2,17.05,15.7154853713,9.97683083304,0,0,4.02904471944,3.54340921095,0,0,1
current_r2,17.075,15.7154853713,9.97683083304,0,0,4.02904471944,3.54340921095,0,0,1
current_r2,17.1,15.7154853713,9.97683083304,0,0,4.02904471944,3.54340921095,0,0,1
current_r2,17.125,15.7154853713,9.97683083304,0,0,4.02904471944,3.54340921095,0,0,1
current_r2,17.15,15.7154853713,9.97683083304,0,0,4.02904471944,3.54340921095,0,0,1
current_r2,17.175,15.7154853713,9.97683083304,0,0,4.02904471944,3.54340921095,0,0,1
current_r2,17.2,15.7154853713,9.97683083304,0,0,4.02904471944,3.54340921095,0,0,1
current_r2,17.225,15.7154853713,9.97683083304,0,0,4.02904471944,3.54340921095,0,0,1
current_r2,17.25,15.7154853713,9.97683083304,0,0,4.02904471944,3.54340921095,0,0,1
current_r2,17.275,15.7154853713,9.97683083304,0,0,4.02904471944,3.54340921095,0,0,1
current_r2,17.3,15.7154853713,9.97683083304,0,0,4.02904471944,3.54340921095,0,0,1
current_r2,17.325,15.7154853713,9.97683083304,0,0,4.02904471944,3.54340921095,0,0,1
current_r2,17.35,15.7154853713,9.97683083304,0,0,4.02904471944,3.54340921095,0,0,1
current_r2,17.375,15.7154853713,9.97683083304,0,0,4.02904471944,3.54340921095,0,0,1
current_r2,17.4,15.7154853713,9.97683083304,0,0,4.02904471944,3.54340921095,0,0,1
current_r2,17.425,15.7154853713,9.97683083304,0,0,4.02904471944,3.54340921095,0,0,1
current_r2,17.45,15.7154853713,9.97683083304,0,0,4.02904471944,3.54340921095,0,0,1
current_r2,17.475,15.7154853713,9.97683083304,0,0,4.02904471944,3.54340921095,0,0,1
current_r2,17.5,15.7154853713,9.97683083304,0,0,4.02904471944,3.54340921095,0,0,1
current_r2,17.525,15.7154853713,9.97683083304,0,0,4.02904471944,3.54340921095,0,0,1
current_r2,17.55,15.7154853713,9.97683083304,0,0,4.02904471944,3.54340921095,0,0,1
current_r2,17.575,15.7154853713,9.97683083304,0,0,4.02904471944,3.54340921095,0,0,1
current_r2,17.6,15.7154853713,9.97683083304,0,0,4.02904471944,3.54340921095,0,0,1
current_r2,17.625,15.7154853713,9.97683083304,0,0,4.02904471944,3.54340921095,0,0,1
current_r2,17.65,15.7154853713,9.97683083304,0,0,4.02904471944,3.54340921095,0,0,1
current_r2,17.675,15.7154853713,9.97683083304,0,0,4.02904471944,3.54340921095,0,0,1
current_r2,17.7,15.7154853713,9.97683083304,0,0,4.02904471944,3.54340921095,0,0,1
current_r2,17.725,15.7154853713,9.97683083304,0,0,4.02904471944,3.54340921095,0,0,1
current_r2,17.75,15.7154853713,9.97683083304,0,0,4.02904471944,3.54340921095,0,0,1
current_r2,17.775,15.7154853713,9.97683083304,0,0,4.02904471944,3.54340921095,0,0,1
current_r2,17.8,15.7154853713,9.97683083304,0,0,4.02904471944,3.54340921095,0,0,1
current_r2,17.825,15.7154853713,9.97683083304,0,0,4.02904471944,3.54340921095,0,0,1
current_r2,17.85,15.7154853713,9.97683083304,0,0,4.02904471944,3.54340921095,0,0,1
current_r2,17.875,15.7154853713,9.97683083304,0,0,4.02904471944,3.54340921095,0,0,1
current_r2,17.9,15.7154853713,9.97683083304,0,0,4.02904471944,3.54340921095,0,0,1
current_r2,17.925,15.7154853713,9.97683083304,0,0,4.02904471944,3.54340921095,0,0,1
current_r2,17.95,15.7154853713,9.97683083304,0,0,4.02904471944,3.54340921095,0,0,1
current_r2,17.975,15.7154853713,9.97683083304,0,0,4.02904471944,3.54340921095,0,0,1
current_r2,18,15.7154853713,9.97683083304,0,0,4.02904471944,3.54340921095,0,0,1
current_r2,18.025,15.7154853713,9.97683083304,0,0,4.02904471944,3.54340921095,0,0,1
current_r2,18.05,15.7154853713,9.97683083304,0,0,4.02904471944,3.54340921095,0,0,1
current_r2,18.075,15.7154853713,9.97683083304,0,0,4.02904471944,3.54340921095,0,0,1
current_r2,18.1,15.7154853713,9.97683083304,0,0,4.02904471944,3.54340921095,0,0,1
current_r2,18.125,15.7154853713,9.97683083304,0,0,4.02904471944,3.54340921095,0,0,1
current_r2,18.15,15.7154853713,9.97683083304,0,0,4.02904471944,3.54340921095,0,0,1
current_r2,18.175,15.7154853713,9.97683083304,0,0,4.02904471944,3.54340921095,0,0,1
current_r2,18.2,15.7154853713,9.97683083304,0,0,4.02904471944,3.54340921095,0,0,1
current_r2,18.225,15.7154853713,9.97683083304,0,0,4.02904471944,3.54340921095,0,0,1
current_r2,18.25,15.7154853713,9.97683083304,0,0,4.02904471944,3.54340921095,0,0,1
current_r2,18.275,15.7154853713,9.97683083304,0,0,4.02904471944,3.54340921095,0,0,1
current_r2,18.3,15.7154853713,9.97683083304,0,0,4.02904471944,3.54340921095,0,0,1
current_r2,18.325,15.7154853713,9.97683083304,0,0,4.02904471944,3.54340921095,0,0,1
current_r2,18.35,15.7154853713,9.97683083304,0,0,4.02904471944,3.54340921095,0,0,1
current_r2,18.375,15.7154853713,9.97683083304,0,0,4.02904471944,3.54340921095,0,0,1
current_r2,18.4,15.7154853713,9.97683083304,0,0,4.02904471944,3.54340921095,0,0,1
current_r2,18.425,15.7154853713,9.97683083304,0,0,4.02904471944,3.54340921095,0,0,1
current_r2,18.45,15.7154853713,9.97683083304,0,0,4.02904471944,3.54340921095,0,0,1
current_r2,18.475,15.7154853713,9.97683083304,0,0,4.02904471944,3.54340921095,0,0,1
current_r2,18.5,15.7154853713,9.97683083304,0,0,4.02904471944,3.54340921095,0,0,1
current_r2,18.525,15.7154853713,9.97683083304,0,0,4.02904471944,3.54340921095,0,0,1
current_r2,18.55,15.7154853713,9.97683083304,0,0,4.02904471944,3.54340921095,0,0,1
current_r2,18.575,15.7154853713,9.97683083304,0,0,4.02904471944,3.54340921095,0,0,1
current_r2,18.6,15.7154853713,9.97683083304,0,0,4.02904471944,3.54340921095,0,0,1
current_r2,18.625,15.7154853713,9.97683083304,0,0,4.02904471944,3.54340921095,0,0,1
current_r2,18.65,15.7154853713,9.97683083304,0,0,4.02904471944,3.54340921095,0,0,1
current_r2,18.675,15.7154853713,9.97683083304,0,0,4.02904471944,3.54340921095,0,0,1
current_r2,18.7,15.7154853713,9.97683083304,0,0,4.02904471944,3.54340921095,0,0,1
current_r2,18.725,15.7154853713,9.97683083304,0,0,4.02904471944,3.54340921095,0,0,1
current_r2,18.75,15.7154853713,9.97683083304,0,0,4.02904471944,3.54340921095,0,0,1
current_r2,18.775,15.7154853713,9.97683083304,0,0,4.02904471944,3.54340921095,0,0,1
current_r2,18.8,15.7154853713,9.97683083304,0,0,4.02904471944,3.54340921095,0,0,1
current_r2,18.825,15.7154853713,9.97683083304,0,0,4.02904471944,3.54340921095,0,0,1
current_r2,18.85,15.7154853713,9.97683083304,0,0,4.02904471944,3.54340921095,0,0,1
current_r2,18.875,15.7154853713,9.97683083304,0,0,4.02904471944,3.54340921095,0,0,1
current_r2,18.9,15.7154853713,9.97683083304,0,0,4.02904471944,3.54340921095,0,0,1
current_r2,18.925,15.7154853713,9.97683083304,0,0,4.02904471944,3.54340921095,0,0,1
current_r2,18.95,15.7154853713,9.97683083304,0,0,4.02904471944,3.54340921095,0,0,1
current_r2,18.975,15.7154853713,9.97683083304,0,0,4.02904471944,3.54340921095,0,0,1
current_r2,19,15.7154853713,9.97683083304,0,0,4.02904471944,3.54340921095,0,0,1
current_r2,19.025,15.7154853713,9.97683083304,0,0,4.02904471944,3.54340921095,0,0,1
current_r2,19.05,15.7154853713,9.97683083304,0,0,4.02904471944,3.54340921095,0,0,1
current_r2,19.075,15.7154853713,9.97683083304,0,0,4.02904471944,3.54340921095,0,0,1
current_r2,19.1,15.7154853713,9.97683083304,0,0,4.02904471944,3.54340921095,0,0,1
current_r2,19.125,15.7154853713,9.97683083304,0,0,4.02904471944,3.54340921095,0,0,1
current_r2,19.15,15.7154853713,9.97683083304,0,0,4.02904471944,3.54340921095,0,0,1
current_r2,19.175,15.7154853713,9.97683083304,0,0,4.02904471944,3.54340921095,0,0,1
current_r2,19.2,15.7154853713,9.97683083304,0,0,4.02904471944,3.54340921095,0,0,1
current_r2,19.225,15.7154853713,9.97683083304,0,0,4.02904471944,3.54340921095,0,0,1
current_r2,19.25,15.7154853713,9.97683083304,0,0,4.02904471944,3.54340921095,0,0,1
current_r2,19.275,15.7154853713,9.97683083304,0,0,4.02904471944,3.54340921095,0,0,1
current_r2,19.3,15.7154853713,9.97683083304,0,0,4.02904471944,3.54340921095,0,0,1
current_r2,19.325,15.7154853713,9.97683083304,0,0,4.02904471944,3.54340921095,0,0,1
current_r2,19.35,15.7154853713,9.97683083304,0,0,4.02904471944,3.54340921095,0,0,1
current_r2,19.375,15.7154853713,9.97683083304,0,0,4.02904471944,3.54340921095,0,0,1
current_r2,19.4,15.7154853713,9.97683083304,0,0,4.02904471944,3.54340921095,0,0,1
current_r2,19.425,15.7154853713,9.97683083304,0,0,4.02904471944,3.54340921095,0,0,1
current_r2,19.45,15.7154853713,9.97683083304,0,0,4.02904471944,3.54340921095,0,0,1
current_r2,19.475,15.7154853713,9.97683083304,0,0,4.02904471944,3.54340921095,0,0,1
current_r2,19.5,15.7154853713,9.97683083304,0,0,4.02904471944,3.54340921095,0,0,1
current_r2,19.525,15.7154853713,9.97683083304,0,0,4.02904471944,3.54340921095,0,0,1
current_r2,19.55,15.7154853713,9.97683083304,0,0,4.02904471944,3.54340921095,0,0,1
current_r2,19.575,15.7154853713,9.97683083304,0,0,4.02904471944,3.54340921095,0,0,1
current_r2,19.6,15.7154853713,9.97683083304,0,0,4.02904471944,3.54340921095,0,0,1
current_r2,19.625,15.7154853713,9.97683083304,0,0,4.02904471944,3.54340921095,0,0,1
current_r2,19.65,15.7154853713,9.97683083304,0,0,4.02904471944,3.54340921095,0,0,1
current_r2,19.675,15.7154853713,9.97683083304,0,0,4.02904471944,3.54340921095,0,0,1
current_r2,19.7,15.7154853713,9.97683083304,0,0,4.02904471944,3.54340921095,0,0,1
current_r2,19.725,15.7154853713,9.97683083304,0,0,4.02904471944,3.54340921095,0,0,1
current_r2,19.75,15.7154853713,9.97683083304,0,0,4.02904471944,3.54340921095,0,0,1
current_r2,19.775,15.7154853713,9.97683083304,0,0,4.02904471944,3.54340921095,0,0,1
current_r2,19.8,15.7154853713,9.97683083304,0,0,4.02904471944,3.54340921095,0,0,1
current_r2,19.825,15.7154853713,9.97683083304,0,0,4.02904471944,3.54340921095,0,0,1
current_r2,19.85,15.7154853713,9.97683083304,0,0,4.02904471944,3.54340921095,0,0,1
current_r2,19.875,15.7154853713,9.97683083304,0,0,4.02904471944,3.54340921095,0,0,1
current_r2,19.9,15.7154853713,9.97683083304,0,0,4.02904471944,3.54340921095,0,0,1
current_r2,19.925,15.7154853713,9.97683083304,0,0,4.02904471944,3.54340921095,0,0,1
current_r2,19.95,15.7154853713,9.97683083304,0,0,4.02904471944,3.54340921095,0,0,1
current_r2,19.975,15.7154853713,9.97683083304,0,0,4.02904471944,3.54340921095,0,0,1
current_r2,20,15.7154853713,9.97683083304,0,0,4.02904471944,3.54340921095,0,0,1
current_r2,20.025,15.7154853713,9.97683083304,0,0,4.02904471944,3.54340921095,0,0,1
current_r2,20.05,15.7154853713,9.97683083304,0,0,4.02904471944,3.54340921095,0,0,1
current_r2,20.075,15.7154853713,9.97683083304,0,0,4.02904471944,3.54340921095,0,0,1
current_r2,20.1,15.7154853713,9.97683083304,0,0,4.02904471944,3.54340921095,0,0,1
current_r2,20.125,15.7154853713,9.97683083304,0,0,4.02904471944,3.54340921095,0,0,1
current_r2,20.15,15.7154853713,9.97683083304,0,0,4.02904471944,3.54340921095,0,0,1
current_r2,20.175,15.7154853713,9.97683083304,0,0,4.02904471944,3.54340921095,0,0,1
current_r2,20.2,15.7154853713,9.97683083304,0,0,4.02904471944,3.54340921095,0,0,1
current_r2,20.225,15.7154853713,9.97683083304,0,0,4.02904471944,3.54340921095,0,0,1
current_r2,20.25,15.7154853713,9.97683083304,0,0,4.02904471944,3.54340921095,0,0,1
current_r2,20.275,15.7154853713,9.97683083304,0,0,4.02904471944,3.54340921095,0,0,1
current_r2,20.3,15.7154853713,9.97683083304,0,0,4.02904471944,3.54340921095,0,0,1
current_r2,20.325,15.7154853713,9.97683083304,0,0,4.02904471944,3.54340921095,0,0,1
current_r2,20.35,15.7154853713,9.97683083304,0,0,4.02904471944,3.54340921095,0,0,1
current_r2,20.375,15.7154853713,9.97683083304,0,0,4.02904471944,3.54340921095,0,0,1
current_r2,20.4,15.7154853713,9.97683083304,0,0,4.02904471944,3.54340921095,0,0,1
current_r2,20.425,15.7154853713,9.97683083304,0,0,4.02904471944,3.54340921095,0,0,1
current_r2,20.45,15.7154853713,9.97683083304,0,0,4.02904471944,3.54340921095,0,0,1
current_r2,20.475,15.7154853713,9.97683083304,0,0,4.02904471944,3.54340921095,0,0,1
current_r2,20.5,15.7154853713,9.97683083304,0,0,4.02904471944,3.54340921095,0,0,1
current_r2,20.525,15.7154853713,9.97683083304,0,0,4.02904471944,3.54340921095,0,0,1
current_r2,20.55,15.7154853713,9.97683083304,0,0,4.02904471944,3.54340921095,0,0,1
current_r2,20.575,15.7154853713,9.97683083304,0,0,4.02904471944,3.54340921095,0,0,1
current_r2,20.6,15.7154853713,9.97683083304,0,0,4.02904471944,3.54340921095,0,0,1
current_r2,20.625,15.7154853713,9.97683083304,0,0,4.02904471944,3.54340921095,0,0,1
current_r2,20.65,15.7154853713,9.97683083304,0,0,4.02904471944,3.54340921095,0,0,1
current_r2,20.675,15.7154853713,9.97683083304,0,0,4.02904471944,3.54340921095,0,0,1
current_r2,20.7,15.7154853713,9.97683083304,0,0,4.02904471944,3.54340921095,0,0,1
current_r2,20.725,15.7154853713,9.97683083304,0,0,4.02904471944,3.54340921095,0,0,1
current_r2,20.75,15.7154853713,9.97683083304,0,0,4.02904471944,3.54340921095,0,0,1
current_r2,20.775,15.7154853713,9.97683083304,0,0,4.02904471944,3.54340921095,0,0,1
current_r2,20.8,15.7154853713,9.97683083304,0,0,4.02904471944,3.54340921095,0,0,1
current_r2,20.825,15.7154853713,9.97683083304,0,0,4.02904471944,3.54340921095,0,0,1
current_r2,20.85,15.7154853713,9.97683083304,0,0,4.02904471944,3.54340921095,0,0,1
current_r2,20.875,15.7154853713,9.97683083304,0,0,4.02904471944,3.54340921095,0,0,1
current_r2,20.9,15.7154853713,9.97683083304,0,0,4.02904471944,3.54340921095,0,0,1
current_r2,20.925,15.7154853713,9.97683083304,0,0,4.02904471944,3.54340921095,0,0,1
current_r2,20.95,15.7154853713,9.97683083304,0,0,4.02904471944,3.54340921095,0,0,1
current_r2,20.975,15.7154853713,9.97683083304,0,0,4.02904471944,3.54340921095,0,0,1
current_r2,21,15.7154853713,9.97683083304,0,0,4.02904471944,3.54340921095,0,0,1
current_r2,21.025,15.7154853713,9.97683083304,0,0,4.02904471944,3.54340921095,0,0,1
current_r2,21.05,15.7154853713,9.97683083304,0,0,4.02904471944,3.54340921095,0,0,1
current_r2,21.075,15.7154853713,9.97683083304,0,0,4.02904471944,3.54340921095,0,0,1
current_r2,21.1,15.7154853713,9.97683083304,0,0,4.02904471944,3.54340921095,0,0,1
current_r2,21.125,15.7154853713,9.97683083304,0,0,4.02904471944,3.54340921095,0,0,1
current_r2,21.15,15.7154853713,9.97683083304,0,0,4.02904471944,3.54340921095,0,0,1
current_r2,21.175,15.7154853713,9.97683083304,0,0,4.02904471944,3.54340921095,0,0,1
current_r2,21.2,15.7154853713,9.97683083304,0,0,4.02904471944,3.54340921095,0,0,1
current_r2,21.225,15.7154853713,9.97683083304,0,0,4.02904471944,3.54340921095,0,0,1
current_r2,21.25,15.7154853713,9.97683083304,0,0,4.02904471944,3.54340921095,0,0,1
current_r2,21.275,15.7154853713,9.97683083304,0,0,4.02904471944,3.54340921095,0,0,1
current_r2,21.3,15.7154853713,9.97683083304,0,0,4.02904471944,3.54340921095,0,0,1
current_r2,21.325,15.7154853713,9.97683083304,0,0,4.02904471944,3.54340921095,0,0,1
current_r2,21.35,15.7154853713,9.97683083304,0,0,4.02904471944,3.54340921095,0,0,1
current_r2,21.375,15.7154853713,9.97683083304,0,0,4.02904471944,3.54340921095,0,0,1
current_r2,21.4,15.7154853713,9.97683083304,0,0,4.02904471944,3.54340921095,0,0,1
current_r2,21.425,15.7154853713,9.97683083304,0,0,4.02904471944,3.54340921095,0,0,1
current_r2,21.45,15.7154853713,9.97683083304,0,0,4.02904471944,3.54340921095,0,0,1
current_r2,21.475,15.7154853713,9.97683083304,0,0,4.02904471944,3.54340921095,0,0,1
current_r2,21.5,15.7154853713,9.97683083304,0,0,4.02904471944,3.54340921095,0,0,1
current_r2,21.525,15.7154853713,9.97683083304,0,0,4.02904471944,3.54340921095,0,0,1
current_r2,21.55,15.7154853713,9.97683083304,0,0,4.02904471944,3.54340921095,0,0,1
current_r2,21.575,15.7154853713,9.97683083304,0,0,4.02904471944,3.54340921095,0,0,1
current_r2,21.6,15.7154853713,9.97683083304,0,0,4.02904471944,3.54340921095,0,0,1
current_r2,21.625,15.7154853713,9.97683083304,0,0,4.02904471944,3.54340921095,0,0,1
current_r2,21.65,15.7154853713,9.97683083304,0,0,4.02904471944,3.54340921095,0,0,1
current_r2,21.675,15.7154853713,9.97683083304,0,0,4.02904471944,3.54340921095,0,0,1
current_r2,21.7,15.7154853713,9.97683083304,0,0,4.02904471944,3.54340921095,0,0,1
current_r2,21.725,15.7154853713,9.97683083304,0,0,4.02904471944,3.54340921095,0,0,1
current_r2,21.75,15.7154853713,9.97683083304,0,0,4.02904471944,3.54340921095,0,0,1
current_r2,21.775,15.7154853713,9.97683083304,0,0,4.02904471944,3.54340921095,0,0,1
current_r2,21.8,15.7154853713,9.97683083304,0,0,4.02904471944,3.54340921095,0,0,1
current_r2,21.825,15.7154853713,9.97683083304,0,0,4.02904471944,3.54340921095,0,0,1
current_r2,21.85,15.7154853713,9.97683083304,0,0,4.02904471944,3.54340921095,0,0,1
current_r2,21.875,15.7154853713,9.97683083304,0,0,4.02904471944,3.54340921095,0,0,1
current_r2,21.9,15.7154853713,9.97683083304,0,0,4.02904471944,3.54340921095,0,0,1
current_r2,21.925,15.7154853713,9.97683083304,0,0,4.02904471944,3.54340921095,0,0,1
current_r2,21.95,15.7154853713,9.97683083304,0,0,4.02904471944,3.54340921095,0,0,1
current_r2,21.975,15.7154853713,9.97683083304,0,0,4.02904471944,3.54340921095,0,0,1
current_r2,22,15.7154853713,9.97683083304,0,0,4.02904471944,3.54340921095,0,0,1
current_r2,22.025,15.7154853713,9.97683083304,0,0,4.02904471944,3.54340921095,0,0,1
current_r2,22.05,15.7154853713,9.97683083304,0,0,4.02904471944,3.54340921095,0,0,1
current_r2,22.075,15.7154853713,9.97683083304,0,0,4.02904471944,3.54340921095,0,0,1
current_r2,22.1,15.7154853713,9.97683083304,0,0,4.02904471944,3.54340921095,0,0,1
current_r2,22.125,15.7154853713,9.97683083304,0,0,4.02904471944,3.54340921095,0,0,1
current_r2,22.15,15.7154853713,9.97683083304,0,0,4.02904471944,3.54340921095,0,0,1
current_r2,22.175,15.7154853713,9.97683083304,0,0,4.02904471944,3.54340921095,0,0,1
current_r2,22.2,15.7154853713,9.97683083304,0,0,4.02904471944,3.54340921095,0,0,1
current_r2,22.225,15.7154853713,9.97683083304,0,0,4.02904471944,3.54340921095,0,0,1
current_r2,22.25,15.7154853713,9.97683083304,0,0,4.02904471944,3.54340921095,0,0,1
current_r2,22.275,15.7154853713,9.97683083304,0,0,4.02904471944,3.54340921095,0,0,1
current_r2,22.3,15.7154853713,9.97683083304,0,0,4.02904471944,3.54340921095,0,0,1
current_r2,22.325,15.7154853713,9.97683083304,0,0,4.02904471944,3.54340921095,0,0,1
current_r2,22.35,15.7154853713,9.97683083304,0,0,4.02904471944,3.54340921095,0,0,1
current_r2,22.375,15.7154853713,9.97683083304,0,0,4.02904471944,3.54340921095,0,0,1
current_r2,22.4,15.7154853713,9.97683083304,0,0,4.02904471944,3.54340921095,0,0,1
current_r2,22.425,15.7154853713,9.97683083304,0,0,4.02904471944,3.54340921095,0,0,1
current_r2,22.45,15.7154853713,9.97683083304,0,0,4.02904471944,3.54340921095,0,0,1
current_r2,22.475,15.7154853713,9.97683083304,0,0,4.02904471944,3.54340921095,0,0,1
current_r2,22.5,15.7154853713,9.97683083304,0,0,4.02904471944,3.54340921095,0,0,1
current_r2,22.525,15.7154853713,9.97683083304,0,0,4.02904471944,3.54340921095,0,0,1
current_r2,22.55,15.7154853713,9.97683083304,0,0,4.02904471944,3.54340921095,0,0,1
current_r2,22.575,15.7154853713,9.97683083304,0,0,4.02904471944,3.54340921095,0,0,1
current_r2,22.6,15.7154853713,9.97683083304,0,0,4.02904471944,3.54340921095,0,0,1
current_r2,22.625,15.7154853713,9.97683083304,0,0,4.02904471944,3.54340921095,0,0,1
current_r2,22.65,15.7154853713,9.97683083304,0,0,4.02904471944,3.54340921095,0,0,1
current_r2,22.675,15.7154853713,9.97683083304,0,0,4.02904471944,3.54340921095,0,0,1
current_r2,22.7,15.7154853713,9.97683083304,0,0,4.02904471944,3.54340921095,0,0,1
current_r2,22.725,15.7154853713,9.97683083304,0,0,4.02904471944,3.54340921095,0,0,1
current_r2,22.75,15.7154853713,9.97683083304,0,0,4.02904471944,3.54340921095,0,0,1
current_r2,22.775,15.7154853713,9.97683083304,0,0,4.02904471944,3.54340921095,0,0,1
current_r2,22.8,15.7154853713,9.97683083304,0,0,4.02904471944,3.54340921095,0,0,1
current_r2,22.825,15.7154853713,9.97683083304,0,0,4.02904471944,3.54340921095,0,0,1
current_r2,22.85,15.7154853713,9.97683083304,0,0,4.02904471944,3.54340921095,0,0,1
current_r2,22.875,15.7154853713,9.97683083304,0,0,4.02904471944,3.54340921095,0,0,1
current_r2,22.9,15.7154853713,9.97683083304,0,0,4.02904471944,3.54340921095,0,0,1
current_r2,22.925,15.7154853713,9.97683083304,0,0,4.02904471944,3.54340921095,0,0,1
current_r2,22.95,15.7154853713,9.97683083304,0,0,4.02904471944,3.54340921095,0,0,1
current_r2,22.975,15.7154853713,9.97683083304,0,0,4.02904471944,3.54340921095,0,0,1
current_r2,23,15.7154853713,9.97683083304,0,0,4.02904471944,3.54340921095,0,0,1
current_r2,23.025,15.7154853713,9.97683083304,0,0,4.02904471944,3.54340921095,0,0,1
current_r2,23.05,15.7154853713,9.97683083304,0,0,4.02904471944,3.54340921095,0,0,1
current_r2,23.075,15.7154853713,9.97683083304,0,0,4.02904471944,3.54340921095,0,0,1
current_r2,23.1,15.7154853713,9.97683083304,0,0,4.02904471944,3.54340921095,0,0,1
current_r2,23.125,15.7154853713,9.97683083304,0,0,4.02904471944,3.54340921095,0,0,1
current_r2,23.15,15.7154853713,9.97683083304,0,0,4.02904471944,3.54340921095,0,0,1
current_r2,23.175,15.7154853713,9.97683083304,0,0,4.02904471944,3.54340921095,0,0,1
current_r2,23.2,15.7154853713,9.97683083304,0,0,4.02904471944,3.54340921095,0,0,1
current_r2,23.225,15.7154853713,9.97683083304,0,0,4.02904471944,3.54340921095,0,0,1
current_r2,23.25,15.7154853713,9.97683083304,0,0,4.02904471944,3.54340921095,0,0,1
current_r2,23.275,15.7154853713,9.97683083304,0,0,4.02904471944,3.54340921095,0,0,1
current_r2,23.3,15.7154853713,9.97683083304,0,0,4.02904471944,3.54340921095,0,0,1
current_r2,23.325,15.7154853713,9.97683083304,0,0,4.02904471944,3.54340921095,0,0,1
current_r2,23.35,15.7154853713,9.97683083304,0,0,4.02904471944,3.54340921095,0,0,1
current_r2,23.375,15.7154853713,9.97683083304,0,0,4.02904471944,3.54340921095,0,0,1
current_r2,23.4,15.7154853713,9.97683083304,0,0,4.02904471944,3.54340921095,0,0,1
current_r2,23.425,15.7154853713,9.97683083304,0,0,4.02904471944,3.54340921095,0,0,1
current_r2,23.45,15.7154853713,9.97683083304,0,0,4.02904471944,3.54340921095,0,0,1
current_r2,23.475,15.7154853713,9.97683083304,0,0,4.02904471944,3.54340921095,0,0,1
current_r2,23.5,15.7154853713,9.97683083304,0,0,4.02904471944,3.54340921095,0,0,1
current_r2,23.525,15.7154853713,9.97683083304,0,0,4.02904471944,3.54340921095,0,0,1
current_r2,23.55,15.7154853713,9.97683083304,0,0,4.02904471944,3.54340921095,0,0,1
current_r2,23.575,15.7154853713,9.97683083304,0,0,4.02904471944,3.54340921095,0,0,1
current_r2,23.6,15.7154853713,9.97683083304,0,0,4.02904471944,3.54340921095,0,0,1
current_r2,23.625,15.7154853713,9.97683083304,0,0,4.02904471944,3.54340921095,0,0,1
current_r2,23.65,15.7154853713,9.97683083304,0,0,4.02904471944,3.54340921095,0,0,1
current_r2,23.675,15.7154853713,9.97683083304,0,0,4.02904471944,3.54340921095,0,0,1
current_r2,23.7,15.7154853713,9.97683083304,0,0,4.02904471944,3.54340921095,0,0,1
current_r2,23.725,15.7154853713,9.97683083304,0,0,4.02904471944,3.54340921095,0,0,1
current_r2,23.75,15.7154853713,9.97683083304,0,0,4.02904471944,3.54340921095,0,0,1
current_r2,23.775,15.7154853713,9.97683083304,0,0,4.02904471944,3.54340921095,0,0,1
current_r2,23.8,15.7154853713,9.97683083304,0,0,4.02904471944,3.54340921095,0,0,1
current_r2,23.825,15.7154853713,9.97683083304,0,0,4.02904471944,3.54340921095,0,0,1
current_r2,23.85,15.7154853713,9.97683083304,0,0,4.02904471944,3.54340921095,0,0,1
current_r2,23.875,15.7154853713,9.97683083304,0,0,4.02904471944,3.54340921095,0,0,1
current_r2,23.9,15.7154853713,9.97683083304,0,0,4.02904471944,3.54340921095,0,0,1
current_r2,23.925,15.7154853713,9.97683083304,0,0,4.02904471944,3.54340921095,0,0,1
current_r2,23.95,15.7154853713,9.97683083304,0,0,4.02904471944,3.54340921095,0,0,1
current_r2,23.975,15.7154853713,9.97683083304,0,0,4.02904471944,3.54340921095,0,0,1
current_r2,24,15.7154853713,9.97683083304,0,0,4.02904471944,3.54340921095,0,0,1
current_r2,24.025,15.7154853713,9.97683083304,0,0,4.02904471944,3.54340921095,0,0,1
current_r2,24.05,15.7154853713,9.97683083304,0,0,4.02904471944,3.54340921095,0,0,1
current_r2,24.075,15.7154853713,9.97683083304,0,0,4.02904471944,3.54340921095,0,0,1
current_r2,24.1,15.7154853713,9.97683083304,0,0,4.02904471944,3.54340921095,0,0,1
current_r2,24.125,15.7154853713,9.97683083304,0,0,4.02904471944,3.54340921095,0,0,1
current_r2,24.15,15.7154853713,9.97683083304,0,0,4.02904471944,3.54340921095,0,0,1
current_r2,24.175,15.7154853713,9.97683083304,0,0,4.02904471944,3.54340921095,0,0,1
current_r2,24.2,15.7154853713,9.97683083304,0,0,4.02904471944,3.54340921095,0,0,1
current_r2,24.225,15.7154853713,9.97683083304,0,0,4.02904471944,3.54340921095,0,0,1
current_r2,24.25,15.7154853713,9.97683083304,0,0,4.02904471944,3.54340921095,0,0,1
current_r2,24.275,15.7154853713,9.97683083304,0,0,4.02904471944,3.54340921095,0,0,1
current_r2,24.3,15.7154853713,9.97683083304,0,0,4.02904471944,3.54340921095,0,0,1
current_r2,24.325,15.7154853713,9.97683083304,0,0,4.02904471944,3.54340921095,0,0,1
current_r2,24.35,15.7154853713,9.97683083304,0,0,4.02904471944,3.54340921095,0,0,1
current_r2,24.375,15.7154853713,9.97683083304,0,0,4.02904471944,3.54340921095,0,0,1
current_r2,24.4,15.7154853713,9.97683083304,0,0,4.02904471944,3.54340921095,0,0,1
current_r2,24.425,15.7154853713,9.97683083304,0,0,4.02904471944,3.54340921095,0,0,1
current_r2,24.45,15.7154853713,9.97683083304,0,0,4.02904471944,3.54340921095,0,0,1
current_r2,24.475,15.7154853713,9.97683083304,0,0,4.02904471944,3.54340921095,0,0,1
current_r2,24.5,15.7154853713,9.97683083304,0,0,4.02904471944,3.54340921095,0,0,1
current_r2,24.525,15.7154853713,9.97683083304,0,0,4.02904471944,3.54340921095,0,0,1
current_r2,24.55,15.7154853713,9.97683083304,0,0,4.02904471944,3.54340921095,0,0,1
current_r2,24.575,15.7154853713,9.97683083304,0,0,4.02904471944,3.54340921095,0,0,1
current_r2,24.6,15.7154853713,9.97683083304,0,0,4.02904471944,3.54340921095,0,0,1
current_r2,24.625,15.7154853713,9.97683083304,0,0,4.02904471944,3.54340921095,0,0,1
current_r2,24.65,15.7154853713,9.97683083304,0,0,4.02904471944,3.54340921095,0,0,1
current_r2,24.675,15.7154853713,9.97683083304,0,0,4.02904471944,3.54340921095,0,0,1
current_r2,24.7,15.7154853713,9.97683083304,0,0,4.02904471944,3.54340921095,0,0,1
current_r2,24.725,15.7154853713,9.97683083304,0,0,4.02904471944,3.54340921095,0,0,1
current_r2,24.75,15.7154853713,9.97683083304,0,0,4.02904471944,3.54340921095,0,0,1
current_r2,24.775,15.7154853713,9.97683083304,0,0,4.02904471944,3.54340921095,0,0,1
current_r2,24.8,15.7154853713,9.97683083304,0,0,4.02904471944,3.54340921095,0,0,1
current_r2,24.825,15.7154853713,9.97683083304,0,0,4.02904471944,3.54340921095,0,0,1
current_r2,24.85,15.7154853713,9.97683083304,0,0,4.02904471944,3.54340921095,0,0,1
current_r2,24.875,15.7154853713,9.97683083304,0,0,4.02904471944,3.54340921095,0,0,1
current_r2,24.9,15.7154853713,9.97683083304,0,0,4.02904471944,3.54340921095,0,0,1
current_r2,24.925,15.7154853713,9.97683083304,0,0,4.02904471944,3.54340921095,0,0,1
current_r2,24.95,15.7154853713,9.97683083304,0,0,4.02904471944,3.54340921095,0,0,1
current_r2,24.975,15.7154853713,9.97683083304,0,0,4.02904471944,3.54340921095,0,0,1
current_r2,25,15.7154853713,9.97683083304,0,0,4.02904471944,3.54340921095,0,0,1
current_r2,25.025,15.7154853713,9.97683083304,0,0,4.02904471944,3.54340921095,0,0,1
current_r2,25.05,15.7154853713,9.97683083304,0,0,4.02904471944,3.54340921095,0,0,1
current_r2,25.075,15.7154853713,9.97683083304,0,0,4.02904471944,3.54340921095,0,0,1
current_r2,25.1,15.7154853713,9.97683083304,0,0,4.02904471944,3.54340921095,0,0,1
current_r2,25.125,15.7154853713,9.97683083304,0,0,4.02904471944,3.54340921095,0,0,1
current_r2,25.15,15.7154853713,9.97683083304,0,0,4.02904471944,3.54340921095,0,0,1
current_r2,25.175,15.7154853713,9.97683083304,0,0,4.02904471944,3.54340921095,0,0,1
current_r2,25.2,15.7154853713,9.97683083304,0,0,4.02904471944,3.54340921095,0,0,1
current_r2,25.225,15.7154853713,9.97683083304,0,0,4.02904471944,3.54340921095,0,0,1
current_r2,25.25,15.7154853713,9.97683083304,0,0,4.02904471944,3.54340921095,0,0,1
current_r2,25.275,15.7154853713,9.97683083304,0,0,4.02904471944,3.54340921095,0,0,1
current_r2,25.3,15.7154853713,9.97683083304,0,0,4.02904471944,3.54340921095,0,0,1
current_r2,25.325,15.7154853713,9.97683083304,0,0,4.02904471944,3.54340921095,0,0,1
current_r2,25.35,15.7154853713,9.97683083304,0,0,4.02904471944,3.54340921095,0,0,1
current_r2,25.375,15.7154853713,9.97683083304,0,0,4.02904471944,3.54340921095,0,0,1
current_r2,25.4,15.7154853713,9.97683083304,0,0,4.02904471944,3.54340921095,0,0,1
current_r2,25.425,15.7154853713,9.97683083304,0,0,4.02904471944,3.54340921095,0,0,1
current_r2,25.45,15.7154853713,9.97683083304,0,0,4.02904471944,3.54340921095,0,0,1
current_r2,25.475,15.7154853713,9.97683083304,0,0,4.02904471944,3.54340921095,0,0,1
current_r2,25.5,15.7154853713,9.97683083304,0,0,4.02904471944,3.54340921095,0,0,1
current_r2,25.525,15.7154853713,9.97683083304,0,0,4.02904471944,3.54340921095,0,0,1
current_r2,25.55,15.7154853713,9.97683083304,0,0,4.02904471944,3.54340921095,0,0,1
current_r2,25.575,15.7154853713,9.97683083304,0,0,4.02904471944,3.54340921095,0,0,1
current_r2,25.6,15.7154853713,9.97683083304,0,0,4.02904471944,3.54340921095,0,0,1
current_r2,25.625,15.7154853713,9.97683083304,0,0,4.02904471944,3.54340921095,0,0,1
current_r2,25.65,15.7154853713,9.97683083304,0,0,4.02904471944,3.54340921095,0,0,1
current_r2,25.675,15.7154853713,9.97683083304,0,0,4.02904471944,3.54340921095,0,0,1
current_r2,25.7,15.7154853713,9.97683083304,0,0,4.02904471944,3.54340921095,0,0,1
current_r2,25.725,15.7154853713,9.97683083304,0,0,4.02904471944,3.54340921095,0,0,1
current_r2,25.75,15.7154853713,9.97683083304,0,0,4.02904471944,3.54340921095,0,0,1
current_r2,25.775,15.7154853713,9.97683083304,0,0,4.02904471944,3.54340921095,0,0,1
current_r2,25.8,15.7154853713,9.97683083304,0,0,4.02904471944,3.54340921095,0,0,1
current_r2,25.825,15.7154853713,9.97683083304,0,0,4.02904471944,3.54340921095,0,0,1
current_r2,25.85,15.7154853713,9.97683083304,0,0,4.02904471944,3.54340921095,0,0,1
current_r2,25.875,15.7154853713,9.97683083304,0,0,4.02904471944,3.54340921095,0,0,1
current_r2,25.9,15.7154853713,9.97683083304,0,0,4.02904471944,3.54340921095,0,0,1
current_r2,25.925,15.7154853713,9.97683083304,0,0,4.02904471944,3.54340921095,0,0,1
current_r2,25.95,15.7154853713,9.97683083304,0,0,4.02904471944,3.54340921095,0,0,1
current_r2,25.975,15.7154853713,9.97683083304,0,0,4.02904471944,3.54340921095,0,0,1
current_r2,26,15.7154853713,9.97683083304,0,0,4.02904471944,3.54340921095,0,0,1
current_r2,26.025,15.7154853713,9.97683083304,0,0,4.02904471944,3.54340921095,0,0,1
current_r2,26.05,15.7154853713,9.97683083304,0,0,4.02904471944,3.54340921095,0,0,1
current_r2,26.075,15.7154853713,9.97683083304,0,0,4.02904471944,3.54340921095,0,0,1
current_r2,26.1,15.7154853713,9.97683083304,0,0,4.02904471944,3.54340921095,0,0,1
current_r2,26.125,15.7154853713,9.97683083304,0,0,4.02904471944,3.54340921095,0,0,1
current_r2,26.15,15.7154853713,9.97683083304,0,0,4.02904471944,3.54340921095,0,0,1
current_r2,26.175,15.7154853713,9.97683083304,0,0,4.02904471944,3.54340921095,0,0,1
current_r2,26.2,15.7154853713,9.97683083304,0,0,4.02904471944,3.54340921095,0,0,1
current_r2,26.225,15.7154853713,9.97683083304,0,0,4.02904471944,3.54340921095,0,0,1
current_r2,26.25,15.7154853713,9.97683083304,0,0,4.02904471944,3.54340921095,0,0,1
current_r2,26.275,15.7154853713,9.97683083304,0,0,4.02904471944,3.54340921095,0,0,1
current_r2,26.3,15.7154853713,9.97683083304,0,0,4.02904471944,3.54340921095,0,0,1
current_r2,26.325,15.7154853713,9.97683083304,0,0,4.02904471944,3.54340921095,0,0,1
current_r2,26.35,15.7154853713,9.97683083304,0,0,4.02904471944,3.54340921095,0,0,1
current_r2,26.375,15.7154853713,9.97683083304,0,0,4.02904471944,3.54340921095,0,0,1
current_r2,26.4,15.7154853713,9.97683083304,0,0,4.02904471944,3.54340921095,0,0,1
current_r2,26.425,15.7154853713,9.97683083304,0,0,4.02904471944,3.54340921095,0,0,1
current_r2,26.45,15.7154853713,9.97683083304,0,0,4.02904471944,3.54340921095,0,0,1
current_r2,26.475,15.7154853713,9.97683083304,0,0,4.02904471944,3.54340921095,0,0,1
current_r2,26.5,15.7154853713,9.97683083304,0,0,4.02904471944,3.54340921095,0,0,1
current_r2,26.525,15.7154853713,9.97683083304,0,0,4.02904471944,3.54340921095,0,0,1
current_r2,26.55,15.7154853713,9.97683083304,0,0,4.02904471944,3.54340921095,0,0,1
current_r2,26.575,15.7154853713,9.97683083304,0,0,4.02904471944,3.54340921095,0,0,1
current_r2,26.6,15.7154853713,9.97683083304,0,0,4.02904471944,3.54340921095,0,0,1
current_r2,26.625,15.7154853713,9.97683083304,0,0,4.02904471944,3.54340921095,0,0,1
current_r2,26.65,15.7154853713,9.97683083304,0,0,4.02904471944,3.54340921095,0,0,1
current_r2,26.675,15.7154853713,9.97683083304,0,0,4.02904471944,3.54340921095,0,0,1
current_r2,26.7,15.7154853713,9.97683083304,0,0,4.02904471944,3.54340921095,0,0,1
current_r2,26.725,15.7154853713,9.97683083304,0,0,4.02904471944,3.54340921095,0,0,1
current_r2,26.75,15.7154853713,9.97683083304,0,0,4.02904471944,3.54340921095,0,0,1
current_r2,26.775,15.7154853713,9.97683083304,0,0,4.02904471944,3.54340921095,0,0,1
current_r2,26.8,15.7154853713,9.97683083304,0,0,4.02904471944,3.54340921095,0,0,1
current_r2,26.825,15.7154853713,9.97683083304,0,0,4.02904471944,3.54340921095,0,0,1
current_r2,26.85,15.7154853713,9.97683083304,0,0,4.02904471944,3.54340921095,0,0,1
current_r2,26.875,15.7154853713,9.97683083304,0,0,4.02904471944,3.54340921095,0,0,1
current_r2,26.9,15.7154853713,9.97683083304,0,0,4.02904471944,3.54340921095,0,0,1
current_r2,26.925,15.7154853713,9.97683083304,0,0,4.02904471944,3.54340921095,0,0,1
current_r2,26.95,15.7154853713,9.97683083304,0,0,4.02904471944,3.54340921095,0,0,1
current_r2,26.975,15.7154853713,9.97683083304,0,0,4.02904471944,3.54340921095,0,0,1
current_r2,27,15.7154853713,9.97683083304,0,0,4.02904471944,3.54340921095,0,0,1
current_r2,27.025,15.7154853713,9.97683083304,0,0,4.02904471944,3.54340921095,0,0,1
current_r2,27.05,15.7154853713,9.97683083304,0,0,4.02904471944,3.54340921095,0,0,1
current_r2,27.075,15.7154853713,9.97683083304,0,0,4.02904471944,3.54340921095,0,0,1
current_r2,27.1,15.7154853713,9.97683083304,0,0,4.02904471944,3.54340921095,0,0,1
current_r2,27.125,15.7154853713,9.97683083304,0,0,4.02904471944,3.54340921095,0,0,1
current_r2,27.15,15.7154853713,9.97683083304,0,0,4.02904471944,3.54340921095,0,0,1
current_r2,27.175,15.7154853713,9.97683083304,0,0,4.02904471944,3.54340921095,0,0,1
current_r2,27.2,15.7154853713,9.97683083304,0,0,4.02904471944,3.54340921095,0,0,1
current_r2,27.225,15.7154853713,9.97683083304,0,0,4.02904471944,3.54340921095,0,0,1
current_r2,27.25,15.7154853713,9.97683083304,0,0,4.02904471944,3.54340921095,0,0,1
current_r2,27.275,15.7154853713,9.97683083304,0,0,4.02904471944,3.54340921095,0,0,1
current_r2,27.3,15.7154853713,9.97683083304,0,0,4.02904471944,3.54340921095,0,0,1
current_r2,27.325,15.7154853713,9.97683083304,0,0,4.02904471944,3.54340921095,0,0,1
current_r2,27.35,15.7154853713,9.97683083304,0,0,4.02904471944,3.54340921095,0,0,1
current_r2,27.375,15.7154853713,9.97683083304,0,0,4.02904471944,3.54340921095,0,0,1
current_r2,27.4,15.7154853713,9.97683083304,0,0,4.02904471944,3.54340921095,0,0,1
current_r2,27.425,15.7154853713,9.97683083304,0,0,4.02904471944,3.54340921095,0,0,1
current_r2,27.45,15.7154853713,9.97683083304,0,0,4.02904471944,3.54340921095,0,0,1
current_r2,27.475,15.7154853713,9.97683083304,0,0,4.02904471944,3.54340921095,0,0,1
current_r2,27.5,15.7154853713,9.97683083304,0,0,4.02904471944,3.54340921095,0,0,1
current_r2,27.525,15.7154853713,9.97683083304,0,0,4.02904471944,3.54340921095,0,0,1
current_r2,27.55,15.7154853713,9.97683083304,0,0,4.02904471944,3.54340921095,0,0,1
current_r2,27.575,15.7154853713,9.97683083304,0,0,4.02904471944,3.54340921095,0,0,1
current_r2,27.6,15.7154853713,9.97683083304,0,0,4.02904471944,3.54340921095,0,0,1
current_r2,27.625,15.7154853713,9.97683083304,0,0,4.02904471944,3.54340921095,0,0,1
current_r2,27.65,15.7154853713,9.97683083304,0,0,4.02904471944,3.54340921095,0,0,1
current_r2,27.675,15.7154853713,9.97683083304,0,0,4.02904471944,3.54340921095,0,0,1
current_r2,27.7,15.7154853713,9.97683083304,0,0,4.02904471944,3.54340921095,0,0,1
current_r2,27.725,15.7154853713,9.97683083304,0,0,4.02904471944,3.54340921095,0,0,1
current_r2,27.75,15.7154853713,9.97683083304,0,0,4.02904471944,3.54340921095,0,0,1
current_r2,27.775,15.7154853713,9.97683083304,0,0,4.02904471944,3.54340921095,0,0,1
current_r2,27.8,15.7154853713,9.97683083304,0,0,4.02904471944,3.54340921095,0,0,1
current_r2,27.825,15.7154853713,9.97683083304,0,0,4.02904471944,3.54340921095,0,0,1
current_r2,27.85,15.7154853713,9.97683083304,0,0,4.02904471944,3.54340921095,0,0,1
current_r2,27.875,15.7154853713,9.97683083304,0,0,4.02904471944,3.54340921095,0,0,1
current_r2,27.9,15.7154853713,9.97683083304,0,0,4.02904471944,3.54340921095,0,0,1
current_r2,27.925,15.7154853713,9.97683083304,0,0,4.02904471944,3.54340921095,0,0,1
current_r2,27.95,15.7154853713,9.97683083304,0,0,4.02904471944,3.54340921095,0,0,1
current_r2,27.975,15.7154853713,9.97683083304,0,0,4.02904471944,3.54340921095,0,0,1
current_r2,28,15.7154853713,9.97683083304,0,0,4.02904471944,3.54340921095,0,0,1
current_r2,28.025,15.7154853713,9.97683083304,0,0,4.02904471944,3.54340921095,0,0,1
current_r2,28.05,15.7154853713,9.97683083304,0,0,4.02904471944,3.54340921095,0,0,1
current_r2,28.075,15.7154853713,9.97683083304,0,0,4.02904471944,3.54340921095,0,0,1
current_r2,28.1,15.7154853713,9.97683083304,0,0,4.02904471944,3.54340921095,0,0,1
current_r2,28.125,15.7154853713,9.97683083304,0,0,4.02904471944,3.54340921095,0,0,1
current_r2,28.15,15.7154853713,9.97683083304,0,0,4.02904471944,3.54340921095,0,0,1
current_r2,28.175,15.7154853713,9.97683083304,0,0,4.02904471944,3.54340921095,0,0,1
current_r2,28.2,15.7154853713,9.97683083304,0,0,4.02904471944,3.54340921095,0,0,1
current_r2,28.225,15.7154853713,9.97683083304,0,0,4.02904471944,3.54340921095,0,0,1
current_r2,28.25,15.7154853713,9.97683083304,0,0,4.02904471944,3.54340921095,0,0,1
current_r2,28.275,15.7154853713,9.97683083304,0,0,4.02904471944,3.54340921095,0,0,1
current_r2,28.3,15.7154853713,9.97683083304,0,0,4.02904471944,3.54340921095,0,0,1
current_r2,28.325,15.7154853713,9.97683083304,0,0,4.02904471944,3.54340921095,0,0,1
current_r2,28.35,15.7154853713,9.97683083304,0,0,4.02904471944,3.54340921095,0,0,1
current_r2,28.375,15.7154853713,9.97683083304,0,0,4.02904471944,3.54340921095,0,0,1
current_r2,28.4,15.7154853713,9.97683083304,0,0,4.02904471944,3.54340921095,0,0,1
current_r2,28.425,15.7154853713,9.97683083304,0,0,4.02904471944,3.54340921095,0,0,1
current_r2,28.45,15.7154853713,9.97683083304,0,0,4.02904471944,3.54340921095,0,0,1
current_r2,28.475,15.7154853713,9.97683083304,0,0,4.02904471944,3.54340921095,0,0,1
current_r2,28.5,15.7154853713,9.97683083304,0,0,4.02904471944,3.54340921095,0,0,1
current_r2,28.525,15.7154853713,9.97683083304,0,0,4.02904471944,3.54340921095,0,0,1
current_r2,28.55,15.7154853713,9.97683083304,0,0,4.02904471944,3.54340921095,0,0,1
current_r2,28.575,15.7154853713,9.97683083304,0,0,4.02904471944,3.54340921095,0,0,1
current_r2,28.6,15.7154853713,9.97683083304,0,0,4.02904471944,3.54340921095,0,0,1
current_r2,28.625,15.7154853713,9.97683083304,0,0,4.02904471944,3.54340921095,0,0,1
current_r2,28.65,15.7154853713,9.97683083304,0,0,4.02904471944,3.54340921095,0,0,1
current_r2,28.675,15.7154853713,9.97683083304,0,0,4.02904471944,3.54340921095,0,0,1
current_r2,28.7,15.7154853713,9.97683083304,0,0,4.02904471944,3.54340921095,0,0,1
current_r2,28.725,15.7154853713,9.97683083304,0,0,4.02904471944,3.54340921095,0,0,1
current_r2,28.75,15.7154853713,9.97683083304,0,0,4.02904471944,3.54340921095,0,0,1
current_r2,28.775,15.7154853713,9.97683083304,0,0,4.02904471944,3.54340921095,0,0,1
current_r2,28.8,15.7154853713,9.97683083304,0,0,4.02904471944,3.54340921095,0,0,1
current_r2,28.825,15.7154853713,9.97683083304,0,0,4.02904471944,3.54340921095,0,0,1
current_r2,28.85,15.7154853713,9.97683083304,0,0,4.02904471944,3.54340921095,0,0,1
current_r2,28.875,15.7154853713,9.97683083304,0,0,4.02904471944,3.54340921095,0,0,1
current_r2,28.9,15.7154853713,9.97683083304,0,0,4.02904471944,3.54340921095,0,0,1
current_r2,28.925,15.7154853713,9.97683083304,0,0,4.02904471944,3.54340921095,0,0,1
current_r2,28.95,15.7154853713,9.97683083304,0,0,4.02904471944,3.54340921095,0,0,1
current_r2,28.975,15.7154853713,9.97683083304,0,0,4.02904471944,3.54340921095,0,0,1
current_r2,29,15.7154853713,9.97683083304,0,0,4.02904471944,3.54340921095,0,0,1
current_r2,29.025,15.7154853713,9.97683083304,0,0,4.02904471944,3.54340921095,0,0,1
current_r2,29.05,15.7154853713,9.97683083304,0,0,4.02904471944,3.54340921095,0,0,1
current_r2,29.075,15.7154853713,9.97683083304,0,0,4.02904471944,3.54340921095,0,0,1
current_r2,29.1,15.7154853713,9.97683083304,0,0,4.02904471944,3.54340921095,0,0,1
current_r2,29.125,15.7154853713,9.97683083304,0,0,4.02904471944,3.54340921095,0,0,1
current_r2,29.15,15.7154853713,9.97683083304,0,0,4.02904471944,3.54340921095,0,0,1
current_r2,29.175,15.7154853713,9.97683083304,0,0,4.02904471944,3.54340921095,0,0,1
current_r2,29.2,15.7154853713,9.97683083304,0,0,4.02904471944,3.54340921095,0,0,1
current_r2,29.225,15.7154853713,9.97683083304,0,0,4.02904471944,3.54340921095,0,0,1
current_r2,29.25,15.7154853713,9.97683083304,0,0,4.02904471944,3.54340921095,0,0,1
current_r2,29.275,15.7154853713,9.97683083304,0,0,4.02904471944,3.54340921095,0,0,1
current_r2,29.3,15.7154853713,9.97683083304,0,0,4.02904471944,3.54340921095,0,0,1
current_r2,29.325,15.7154853713,9.97683083304,0,0,4.02904471944,3.54340921095,0,0,1
current_r2,29.35,15.7154853713,9.97683083304,0,0,4.02904471944,3.54340921095,0,0,1
current_r2,29.375,15.7154853713,9.97683083304,0,0,4.02904471944,3.54340921095,0,0,1
current_r2,29.4,15.7154853713,9.97683083304,0,0,4.02904471944,3.54340921095,0,0,1
current_r2,29.425,15.7154853713,9.97683083304,0,0,4.02904471944,3.54340921095,0,0,1
current_r2,29.45,15.7154853713,9.97683083304,0,0,4.02904471944,3.54340921095,0,0,1
current_r2,29.475,15.7154853713,9.97683083304,0,0,4.02904471944,3.54340921095,0,0,1
current_r2,29.5,15.7154853713,9.97683083304,0,0,4.02904471944,3.54340921095,0,0,1
current_r2,29.525,15.7154853713,9.97683083304,0,0,4.02904471944,3.54340921095,0,0,1
current_r2,29.55,15.7154853713,9.97683083304,0,0,4.02904471944,3.54340921095,0,0,1
current_r2,29.575,15.7154853713,9.97683083304,0,0,4.02904471944,3.54340921095,0,0,1
current_r2,29.6,15.7154853713,9.97683083304,0,0,4.02904471944,3.54340921095,0,0,1
current_r2,29.625,15.7154853713,9.97683083304,0,0,4.02904471944,3.54340921095,0,0,1
current_r2,29.65,15.7154853713,9.97683083304,0,0,4.02904471944,3.54340921095,0,0,1
current_r2,29.675,15.7154853713,9.97683083304,0,0,4.02904471944,3.54340921095,0,0,1
current_r2,29.7,15.7154853713,9.97683083304,0,0,4.02904471944,3.54340921095,0,0,1
current_r2,29.725,15.7154853713,9.97683083304,0,0,4.02904471944,3.54340921095,0,0,1
current_r2,29.75,15.7154853713,9.97683083304,0,0,4.02904471944,3.54340921095,0,0,1
current_r2,29.775,15.7154853713,9.97683083304,0,0,4.02904471944,3.54340921095,0,0,1
current_r2,29.8,15.7154853713,9.97683083304,0,0,4.02904471944,3.54340921095,0,0,1
current_r2,29.825,15.7154853713,9.97683083304,0,0,4.02904471944,3.54340921095,0,0,1
current_r2,29.85,15.7154853713,9.97683083304,0,0,4.02904471944,3.54340921095,0,0,1
current_r2,29.875,15.7154853713,9.97683083304,0,0,4.02904471944,3.54340921095,0,0,1
current_r2,29.9,15.7154853713,9.97683083304,0,0,4.02904471944,3.54340921095,0,0,1
current_r2,29.925,15.7154853713,9.97683083304,0,0,4.02904471944,3.54340921095,0,0,1
current_r2,29.95,15.7154853713,9.97683083304,0,0,4.02904471944,3.54340921095,0,0,1
current_r2,29.975,15.7154853713,9.97683083304,0,0,4.02904471944,3.54340921095,0,0,1
current_r2,30,15.7154853713,9.97683083304,0,0,4.02904471944,3.54340921095,0,0,1
current_nearest,0,10,10,0,0,0.530624847487,1.25,1.29000856147,0,0
current_nearest,0.025,10.0018105079,10.0004875306,0.072420316598,0.0195012241629,0.529516529304,1.24825919661,1.36972102349,0,0
current_nearest,0.05,10.0053374273,10.0015342281,0.141076773406,0.0418678984321,0.527423482009,1.24481049913,1.45166864683,0,0
current_nearest,0.075,10.0103803335,10.0031272402,0.201716250346,0.0637204843964,0.524504000863,1.23982287838,1.52931458916,0,0
current_nearest,0.1,10.0167592009,10.0052512582,0.255154696587,0.0849607207449,0.520902064595,1.23345052469,1.59731284943,0,0
current_nearest,0.125,10.0243153347,10.0078870617,0.302245352203,0.105432139416,0.516744674539,1.22583284265,1.65427678943,0,0
current_nearest,0.15,10.0329104585,10.0110119054,0.3438049505,0.12499374844,0.512142025281,1.21709489355,1.70122774773,0,0
current_nearest,0.175,10.0424246175,10.0146007081,0.380566359114,0.143552109121,0.507189296365,1.2073483475,1.74022687686,0,0
current_nearest,0.2,10.0527536239,10.0186273774,0.413160258404,0.16106677123,0.501969041153,1.19669273942,1.77351081574,0,0
current_nearest,0.225,10.0638065475,10.0230659527,0.442116941249,0.177543012907,0.496553546025,1.18521680317,1.80306022309,0,0
current_nearest,0.25,10.0755035099,10.0278914664,0.46787849914,0.193020546845,0.491006865517,1.17299973031,1.83044256792,0,0
current_nearest,0.275,10.0877738729,10.0330805266,0.49081451973,0.207562407214,0.485386445879,1.1601122786,1.85679888316,0,0
current_nearest,0.3,10.1005548088,10.0386116662,0.511237436194,0.221245586834,0.479744355005,1.14661771137,1.88289294025,0,0
current_nearest,0.325,10.1137902036,10.0444655091,0.529415791667,0.234153714313,0.474128179255,1.13257257987,1.90917930225,0,0
current_nearest,0.35,10.1274298265,10.050624798,0.5455849146,0.246371557439,0.468581656981,1.11802737421,1.93587007649,0,0
current_nearest,0.375,10.1414287044,10.0570743232,0.559955114383,0.257981006124,0.463145112994,1.10302707136,1.96299273606,0,0
current_nearest,0.4,10.1557466482,10.0638007783,0.57271775515,0.269058204226,0.457855747412,1.08761160627,1.9904374053,0,0
current_nearest,0.425,10.1703478888,10.0707925673,0.584049623164,0.27967156089,0.452747820991,1.0718162874,2.01799452492,0,0
current_nearest,0.45,10.1852007881,10.0780395782,0.594115972699,0.289880436195,0.447852769164,1.05567217344,2.04538461136,0,0
current_nearest,0.475,10.2002776025,10.085532937,0.603072572942,0.299734349364,0.443199269014,1.0392064232,2.07228185699,0,0
current_nearest,0.5,10.2155542777,10.0932647519,0.611067011685,0.309272598311,0.438813277256,1.02244262734,2.0983330581,0,0
current_nearest,0.525,10.2310102641,10.1012278571,0.618239452471,0.318524208657,0.434718052727,1.00540112768,2.12317302493,0,0
current_nearest,0.55,10.2466283389,10.1094155609,0.624722994296,0.327508150962,0.430934173502,0.988099327377,2.14643731489,0,0
current_nearest,0.575,10.2623944326,10.1178214054,0.630643746828,0.336233779058,0.427479556197,0.970551994167,2.16777286837,0,0
current_nearest,0.6,10.2782974503,10.1264389417,0.636120707683,0.344701451744,0.42436948314,0.952771557167,2.1868469236,0,0
current_nearest,0.625,10.294329088,10.1352615243,0.641265509505,0.352903305936,0.421616641613,0.934768397137,2.20335443796,0,0
current_nearest,0.65,10.3104836403,10.1442821281,0.646182091188,0.360824152785,0.419231178097,0.916551129401,2.21702414159,0,0
current_nearest,0.675,10.3267577987,10.1534931899,0.650966337954,0.368442469977,0.417220769489,0.898126878206,2.22762328631,0,0
current_nearest,0.7,10.3431504419,10.1628864765,0.655705727626,0.375731464084,0.415590712279,0.87950154104,2.23496112171,0,0
current_nearest,0.725,10.3596624173,10.1724529809,0.660479014374,0.382660177013,0.414344029885,0.860680041317,2.23889112303,0,0
current_nearest,0.75,10.3762963167,10.1821828462,0.665355975708,0.389194610726,0.413481597589,0.841666567831,2.23931200549,0,0
current_nearest,0.775,10.3930562478,10.1920653173,0.670397243233,0.395298844803,0.413002283825,0.822464799488,2.23616758102,0,0
current_nearest,0.8,10.4099476036,10.2020887204,0.675654232338,0.400936122352,0.412903106031,0.803078114023,2.22944554042,0,0
current_nearest,0.825,10.4269768331,10.2122404674,0.681169180661,0.406069881359,0.413179398743,0.783509779671,2.21917527175,0,0
current_nearest,0.85,10.4441512156,10.2225070852,0.686975299903,0.410664710905,0.413824991295,0.76376312908,2.20542485103,0,0
current_nearest,0.875,10.4614786416,10.2328742655,0.693097040462,0.414687214604,0.414832392178,0.743841715106,2.18829736065,0,0
current_nearest,0.9,10.4789674032,10.2433269347,0.699550463722,0.418106767192,0.416192977018,0.723749448495,2.16792670292,0,0
current_nearest,0.925,10.496625996,10.2538493386,0.706343712739,0.420896154036,0.417897177108,0.703490717825,2.14447308029,0,0
current_nearest,0.95,10.5144629352,10.2644251408,0.71347756873,0.423032087476,0.419934665501,0.683070492418,2.11811830909,0,0
current_nearest,0.975,10.5324865872,10.2750375307,0.720946078266,0.424495597955,0.422294537899,0.662494409242,2.08906112256,0,0
current_nearest,1,10.550705018,10.2856693382,0.728737234478,0.425272301726,0.4249654858,0.641768845092,2.05751260137,0,0
current_nearest,1.025,10.5691258604,10.296303152,0.736833694844,0.425352550441,0.427935959748,0.620900975535,2.02369184826,0,0
current_nearest,1.05,10.5877561984,10.3069214388,0.745213518236,0.424731470818,0.431194320851,0.599898822297,1.98782199939,0,0
current_nearest,1.075,10.606602471,10.3175066614,0.753850904695,0.423408904977,0.434728979182,0.578771290818,1.95012664024,0,0
current_nearest,1.1,10.6256703941,10.328041393,0.762716922851,0.421389263718,0.438528518041,0.557528199822,1.9108266697,0,0
current_nearest,1.125,10.6449648994,10.3385084256,0.77178021169,0.41868130607,0.442581803469,0.536180304677,1.87013763382,0,0
current_nearest,1.15,10.6644900905,10.3488908721,0.781007645547,0.415297858898,0.446878078762,0.514739316357,1.82826753133,0,0
current_nearest,1.175,10.6842492143,10.3591722594,0.790364953459,0.411255490259,0.451407044079,0.493217917685,1.78541507654,0,0
current_nearest,1.2,10.7042446465,10.3693366131,0.799817286308,0.406574149621,0.456158921499,0.471629778472,1.74176839293,0,0
current_nearest,1.225,10.7244778897,10.3793685328,0.809329727392,0.401276787159,0.461124506165,0.449989571052,0,3.20867907721,0
current_nearest,1.25,10.7444200453,10.3875481855,0.797686225052,0.327186107224,0.464739398422,0.429870759788,0,3.22291744267,0
current_nearest,1.275,10.7640253645,10.393883342,0.784212766579,0.253406259591,0.466980469377,0.411325818888,0,3.24267311794,0
current_nearest,1.3,10.7832482586,10.3983829124,0.768915766727,0.179982817861,0.467827131474,0.394409612916,0,3.27125677673,0
current_nearest,1.325,10.802043429,10.4010569207,0.751806816259,0.106960329449,0.467261077432,0.379178787075,0,3.30919835638,0
current_nearest,1.35,10.8203665363,10.4019163266,0.7329242917,0.034376238449,0.465265829951,0.365690766924,0,3.35441874349,0
current_nearest,1.375,10.8381754367,10.4009726197,0.712356013412,-0.0377482783833,0.46182606939,0.354002454636,0,3.40274451524,0
current_nearest,1.4,10.855431904,10.3982371419,0.69025869179,-0.109419111901,0.456926751097,0.344168785124,0,3.44862833821,0
current_nearest,1.425,10.8721515288,10.3938658795,0.668784993864,-0.174850494344,0.450691871303,0.33610110821,0,3.49397658737,0
current_nearest,1.45,10.8883621004,10.3880080983,0.648422862671,-0.234311248512,0.443241912699,0.329703361408,0,3.53278995789,0
current_nearest,1.475,10.9040989516,10.3807961904,0.629474048224,-0.288476314912,0.434684200273,0.324882854471,0,3.56034451738,0
current_nearest,1.5,10.9194047154,10.3723506009,0.612230554161,-0.337823581958,0.425117666975,0.321547231468,0,3.57369164251,0
current_nearest,1.525,10.9343285845,10.3627833741,0.596954764203,-0.38268906999,0.414636385281,0.319602782356,0,3.57130407234,0
current_nearest,1.55,10.9489251964,10.3522006192,0.5838644741,-0.423310195053,0.403332086839,0.318953782872,0,3.5527748237,0
current_nearest,1.575,10.9632532734,10.3407041282,0.573123079254,-0.459859642194,0.391295855581,0.319502589616,0,3.51855755134,0
current_nearest,1.6,10.9773741391,10.3283923372,0.56483463097,-0.492471638663,0.378619154659,0.321150260434,0,3.46973973586,0
current_nearest,1.625,10.9913502187,10.3153607899,0.559043180235,-0.521261893013,0.365394329526,0.323797508098,0,3.4078446698,0
current_nearest,1.65,11.00524361,10.3017022359,0.555735652623,-0.546342158772,0.351714714469,0.327345829543,0,3.33466132325,0
current_nearest,1.675,11.0191147952,10.2875064802,0.554847407425,-0.567830228419,0.337674454923,0.331698684878,0,3.25210239245,0
current_nearest,1.7,11.0330215356,10.2728600777,0.55626961936,-0.585856098578,0.323368141988,0.336762630241,3.89145680847,0,0
current_nearest,1.725,11.0476193345,10.2599566794,0.583911953277,-0.516135933808,0.311025807047,0.340323733694,4.01192024941,0,0
current_nearest,1.75,11.0628901388,10.2488033349,0.610832172557,-0.44613377817,0.300687206046,0.34236536865,4.12046236337,0,0
current_nearest,1.775,11.0788208398,10.2394050293,0.637228039894,-0.375932224145,0.292389341755,0.342872551901,4.20940348065,0,0
current_nearest,1.8,11.0954039043,10.2317645766,0.663322581491,-0.305618108216,0.286166032333,0.341831971886,4.27183497532,0,0
current_nearest,1.825,11.1126378548,10.2258825245,0.689358018765,-0.235282086109,0.282047595982,0.339232168406,4.30202557576,0,0
current_nearest,1.85,11.1305276454,10.2217570311,0.715591624166,-0.165019735254,0.280060627739,0.335063868138,4.29572962919,0,0
current_nearest,1.875,11.1490850079,10.2193836715,0.742294502242,-0.0949343851266,0.280227843374,0.329320487079,4.25039493607,0,0
current_nearest,1.9,11.168328861,10.2187551201,0.769754123872,-0.0251420561788,0.282567963927,0.321998827703,4.16526780425,0,0
current_nearest,1.925,11.1882859017,10.2198606357,0.798281626458,0.0442206254025,0.28709560651,0.313100029242,4.04139631803,0,0
current_nearest,1.95,11.2089915426,10.2226852274,0.828225636533,0.112983669697,0.2938211242,0.30263088421,3.88153776515,0,0
current_nearest,1.975,11.2304914437,10.2272082819,0.859996044619,0.180922179911,0.302750283843,0.290605736996,0,4.19907116232,0
current_nearest,2,11.2517414644,10.2298730618,0.850000827144,0.106591192916,0.310194457758,0.28074258857,0,4.34630039599,0
current_nearest,2.025,11.2727385266,10.2306799834,0.839882487925,0.0322768658216,0.316155491525,0.273074467729,0,4.4625765382,0
current_nearest,2.05,11.2934876569,10.2296283694,0.829965212321,-0.0420645603457,0.320639801169,0.267630049637,0,4.54097654981,0
current_nearest,2.075,11.3140021469,10.2267164949,0.820579600424,-0.116474978227,0.323659214685,0.264433612004,0,4.57623235216,0
current_nearest,2.1,11.3343038344,10.2219417356,0.812067497569,-0.190990373314,0.325232051545,0.263505017728,0,4.56497242924,0
current_nearest,2.125,11.3544237041,10.2153008125,0.804794788126,-0.265636925126,0.325384536735,0.264859698189,0,4.50587766762,0
current_nearest,2.15,11.3744030865,10.2067901599,0.799175296663,-0.340426104261,0.324152734581,0.26850859294,0,4.3997327395,0
current_nearest,2.175,11.3942959144,10.1964065061,0.795713118102,-0.415346150441,0.321585364582,0.27445794046,0,4.2493579347,0
current_nearest,2.2,11.4141746425,10.1843507692,0.795149123805,-0.482229478171,0.31793589287,0.282508800722,0,4.0652715231,0
current_nearest,2.225,11.4341113734,10.1708999393,0.797469232529,-0.538033195261,0.313531558806,0.292384752102,0,3.85775577505,0
current_nearest,2.25,11.4541710219,10.1563199849,0.802385940311,-0.583198176277,0.308687503739,0.303818800758,0,3.63541034725,0
current_nearest,2.275,11.4740385243,10.1411449282,0.7947000981,-0.607002268596,0.303786647447,0.316320944422,3.6989044476,0,0
current_nearest,2.3,11.4946811368,10.1276771586,0.825704499884,-0.538710782523,0.301329794927,0.327482407806,3.73121681277,0,0
current_nearest,2.325,11.5161189632,10.1159074055,0.857513054307,-0.470790123917,0.301315918073,0.337332875336,3.71967664628,0,0
current_nearest,2.35,11.538373195,10.1058255822,0.890169274482,-0.403272931411,0.303738906239,0.345908536157,3.66438379237,0,0
current_nearest,2.375,11.5614656199,10.0974209761,0.923696995862,-0.336184244592,0.308587762401,0.353252193466,3.56722153908,0,0
current_nearest,2.4,11.5854181667,10.0906824478,0.958101870748,-0.269541131039,0.31584691807,0.359413386175,3.43171816542,0,0
current_nearest,2.425,11.6099102534,10.0856686981,0.979683469979,-0.200549990401,0.325360200114,0.364375369251,3.26782086515,0,0
current_nearest,2.45,11.6346917333,10.0823704778,0.991259193652,-0.131928810347,0.336927438427,0.368167816222,3.08179478113,0,0
current_nearest,2.475,11.6596371748,10.0807197367,0.997817661718,-0.0660296445874,0.350358331187,0.37086792284,2.87993074923,0,0
current_nearest,2.5,11.6846369481,10.0806132731,0.99999093236,-0.00425854408804,0.365440490343,0.372581871122,2.66948841722,0,0
current_nearest,2.525,11.7096114722,10.0817416119,0.99898096201,0.0451335522869,0.381820088004,0.373617593933,0,2.59379317061,0
current_nearest,2.55,11.7346032727,10.0811013735,0.999672022037,-0.0256095364255,0.397162411639,0.376965916718,0,2.54312994353,0
current_nearest,2.575,11.7595084036,10.0789254932,0.996205235942,-0.0870352105857,0.411620866647,0.382365215192,0,2.47042711514,0
current_nearest,2.6,11.7842651258,10.0754463111,0.990268885954,-0.13916728607,0.4253629359,0.389550190148,0,2.38000930634,0
current_nearest,2.625,11.8088455682,10.0708854067,0.983217698329,-0.182436174298,0.438559020365,0.398266622413,0,2.27640635253,0
current_nearest,2.65,11.8332468867,10.065447056,0.976052737744,-0.217534027552,0.451373789024,0.408280835045,0,2.16388931107,0
current_nearest,2.675,11.8574831441,10.05931486,0.969450294913,-0.24528784253,0.463960201529,0.419384521097,0,2.04620662014,0
current_nearest,2.7,11.8815785718,10.05265075,0.963817109685,-0.266564399496,0.476455902057,0.431396120543,0,1.92647378693,0
current_nearest,2.725,11.9055624046,10.0455955558,0.959353311459,-0.282207767067,0.488981481938,0.444159957415,0,1.80716555923,0
current_nearest,2.75,11.9294651887,10.0382704679,0.956111363496,-0.293003516349,0.501640089759,0.457544126038,0,1.69016740296,0
current_nearest,2.775,11.9533163243,10.0307789175,0.954045426282,-0.299662017264,0.514517941323,0.471437826868,0,1.57685499869,0
current_nearest,2.8,11.9771425665,10.0232085683,0.953049685271,-0.302813965011,0.527685384658,0.485748594613,0,1.46818163234,0
current_nearest,2.825,12.0009672274,10.0156332445,0.952986437655,-0.303012952934,0.541198272879,0.500399667693,0,1.36476195408,0
current_nearest,2.85,12.0248098691,10.0081147049,0.953705667648,-0.300741582585,0.555099476723,0.515327618229,0,1.26694643826,0
current_nearest,2.875,12.0486863195,10.0007042315,0.955058015892,-0.296418937115,0.569420426953,0.530480282396,0,1.17488450301,0
current_nearest,2.9,12.072608891,9.9934440269,0.956902861518,-0.290408184491,0.584182617541,0.545814986832,0,1.08857628965,0
current_nearest,2.925,12.096586714,9.98636843479,0.959112920357,-0.283023684529,0.599399027954,0.561297045156,0,1.0079141205,0
current_nearest,2.95,12.120626125,9.97950500132,0.961576439795,-0.274537338865,0.615075440843,0.576898490419,0,0.93271505968,0
current_nearest,2.975,12.1447310698,9.97287539815,0.964197790407,-0.265184126551,0.63121164317,0.592597008359,0,0.862746068507,0
current_nearest,3,12.1689034956,9.96649622639,0.966897030746,-0.25516687076,0.647802506439,0.608375039077,0,0.797743144184,0
current_nearest,3.025,12.1931437169,9.96037971824,0.969608851566,-0.244660325687,0.664838946659,0.624219018856,0,0.73742565574,0
current_nearest,3.05,12.2174507464,9.95453435115,0.972281180347,-0.233814683764,0.682308767997,0.640118738328,0,0.68150689886,0
current_nearest,3.075,12.2418225873,9.9489653862,0.974873636439,-0.222758597987,0.700197396214,0.656066797297,0,0.629701707993,0
current_nearest,3.1,12.2662564863,9.94367534115,0.977355962507,-0.211601801862,0.718488509395,0.672058140166,0,0.581731801825,0
current_nearest,3.125,12.2907491491,9.93866440627,0.979706512443,-0.200437395405,0.737164574319,0.68808965891,0,0.537329400453,0
current_nearest,3.15,12.3152969202,9.93393080996,0.98191084402,-0.189343852281,0.756207297228,0.704159853002,0,0.496239538608,0
current_nearest,3.175,12.3398959313,9.92947114017,0.98396044257,-0.178386791713,0.775597997863,0.720268537661,0,0.458221406748,0
current_nearest,3.2,12.364542221,9.92528062643,0.985851586902,-0.167620549463,0.795317915487,0.736416593361,0,0.42304897761,0
current_nearest,3.225,12.38923183,9.92135338706,0.987584358648,-0.157089574934,0.815348455254,0.752605750752,0,0.390511116786,0
current_nearest,3.25,12.4139608747,9.91768264516,0.989161789731,-0.146829675937,0.835671382831,0.76883840617,0,0.360411329346,0
current_nearest,3.275,12.4387256032,9.91426091695,0.990589138671,-0.136869128541,0.85626897457,0.785117463613,0,0.332567257996,0
current_nearest,3.3,12.4635224353,9.91108017528,0.991873284231,-0.127229666468,0.877124129933,0.801446199761,0,0.306810019723,0
current_nearest,3.325,12.4883479909,9.90813199123,0.993022223936,-0.117927362261,0.898220452158,0.817828149053,0,0.282983445746,0
current_nearest,3.35,12.5131991075,9.90540765596,0.994044664855,-0.108973410853,0.919542302542,0.834267006274,0,0.260943272453,0
current_nearest,3.375,12.5380728498,9.90289828533,0.994949694464,-0.100374824965,0.941074833046,0.850766544445,0,0.240556317827,0
current_nearest,3.4,12.5629665129,9.90059490906,0.99574652016,-0.0921350508172,0.962804001309,0.867330546063,0,0.221699667789,0
current_nearest,3.425,12.5878776195,9.89848854627,0.996444266996,-0.0842545118737,0.984716571621,0.883962746015,0,0.204259889226,0
current_nearest,3.45,12.6128039151,9.89657026907,0.997051824217,-0.0767310877332,1.00680010486,0.900666784658,0,0.188132280691,0
current_nearest,3.475,12.6377433584,9.8948312557,0.997577732317,-0.0695605346829,1.0290429399,0.917446169767,0,0.173220167469,0
current_nearest,3.5,12.662694111,9.89326283436,0.998030103333,-0.0627368539345,1.05143416875,0.934304246173,0,0.159434244496,0
current_nearest,3.525,12.6876545252,9.89185651903,0.998416568133,-0.056252613074,1.07396360694,0.951244172084,0,0.146691968331,0
current_nearest,3.55,12.7126231314,9.89060403838,0.998744245328,-0.0500992257942,1.09662176092,0.968268901171,0,0.134916997721,0
current_nearest,3.575,12.7375986245,9.88949735852,0.999019727276,-0.0442671945441,1.11939979336,0.985381169623,0,0.12403868117,0
current_nearest,3.6,12.7625798515,9.88852870051,0.99924907939,-0.038746320307,1.14228948748,1.00258348747,0,0.113991589177,0
current_nearest,3.625,12.7875657978,9.88769055343,0.999437849567,-0.033525883325,1.16528321107,1.01987813354,0,0.104715088339,0
current_nearest,3.65,12.8125555749,9.88697568348,0.999591085152,-0.0285947982097,1.1883738808,1.0372671535,0,0.0961529542621,0
current_nearest,3.675,12.8375484088,9.88637713981,0.999713355304,-0.0239417465305,1.21155492726,1.05475236054,0,0.0882530201577,0
current_nearest,3.7,12.8625436282,9.88588825757,0.99980877704,-0.0195552896422,1.23482026109,1.07233533816,0,0.0809668579848,0
current_nearest,3.725,12.8875406543,9.88550265847,0.999881043589,-0.015423964214,1.25816424039,1.09001744485,0,0.0742494891345,0
current_nearest,3.75,12.9125389906,9.8852142494,0.999933453954,-0.0115363626462,1.28158163959,1.1077998202,0,0.0680591217808,0
current_nearest,3.775,12.9375382142,9.88501721939,0.999968942859,-0.00788120030819,1.30506761991,1.1256833922,0,0.0623569122197,0
current_nearest,3.8,12.962537967,9.88490603511,0.999990110395,-0.00444737130377,1.32861770144,1.14366888551,0,0.0571067477186,0
current_nearest,3.825,12.9875379482,9.88487543525,0.999999250919,-0.00122399426926,1.35222773684,1.16175683041,0,0.0522750486094,0
current_nearest,3.85,13.0125379078,9.88492042401,0.999998380808,0.00179955047791,1.37589388668,1.17994757236,0,0.047830587571,0
current_nearest,3.875,13.0375376394,9.8850362638,0.999989264858,0.00463359128094,1.39961259641,1.19824128182,0,0.0437443242513,0
current_nearest,3.9,13.0625369754,9.88521846735,0.999973441141,0.00728814196225,1.42338057481,1.21663796441,0,0.0399892535759,0
current_nearest,3.925,13.0875357815,9.88546278945,0.999952244227,0.00977288423206,1.44719477399,1.23513747111,0,0.036540266271,0
current_nearest,3.95,13.1125339522,9.88576521832,0.999926826744,0.0120971549117,1.4710523708,1.25373950849,0,0.0333740203016,0
current_nearest,3.975,13.1375314067,9.88612196676,0.999898179261,0.0142699372948,1.49495074952,1.27244364884,0,0.0304688220765,0
current_nearest,4,13.1625280854,9.88652946316,0.999867148522,0.0162998560543,1.51888748594,1.29124934018,0,0.0278045164161,0
current_nearest,4.025,13.1875239467,9.88698434254,0.999834454097,0.0181951751797,1.54286033252,1.31015591599,0,0.0253623844011,0
current_nearest,4.05,13.2125189643,9.8874834375,0.999800703515,0.0199637984925,1.56686720473,1.32916260479,0,0.0231250483345,0
current_nearest,4.075,13.2375131245,9.88802376931,0.999766405946,0.021613272346,1.59090616842,1.34826853923,0,0.0210763831477,0
current_nearest,4.1,13.2625064241,9.88860253906,0.999731984541,0.0231507901651,1.61497542817,1.36747276504,0,0.019201433668,0
current_nearest,4.125,13.2874988688,9.88921711903,0.999697787509,0.0245831985236,1.63907331654,1.38677424946,0,0.0174863372397,0
current_nearest,4.15,13.3124904712,9.88986504414,0.999664098024,0.025917004497,1.66319828415,1.40617188939,0,0.0159182512583,0
current_nearest,4.175,13.3374812498,9.89054400374,0.99963114306,0.0271583840582,1.68734889055,1.42566451907,0,0.0144852852311,0
current_nearest,4.2,13.3624712273,9.89125183352,0.999599101239,0.0283131913164,1.71152379581,1.44525091742,0,0.0131764370284,0
current_nearest,4.225,13.3874604301,9.89198650773,0.999568109779,0.0293869684192,1.73572175275,1.46492981493,0,0.0119815330281,0
current_nearest,4.25,13.4124488868,9.89274613163,0.999538270628,0.0303849559674,1.75994159982,1.48469990016,0,0.0108911718929,0
current_nearest,4.275,13.4374366282,9.89352893423,0.999509655859,0.0313121038042,1.78418225455,1.50455982589,0,0.00989667174639,0
current_nearest,4.3,13.462423686,9.89433326128,0.999482312395,0.0321730820622,1.80844270746,1.52450821475,0,0.00899002054268,0
current_nearest,4.325,13.4874100927,9.89515756859,0.999456266145,0.0329722923661,1.83272201649,1.54454366462,0,0.00816382943985,0
current_nearest,4.35,13.5123958808,9.89600041557,0.999431525596,0.0337138791013,1.85701930191,1.56466475354,0,0.00741128900878,0
current_nearest,4.375,13.537381083,9.89686045908,0.999408084938,0.0344017406713,1.88133374159,1.58487004429,0,0.0067261281206,0
current_nearest,4.4,13.5623657311,9.8977364476,0.999385926752,0.0350395406784,1.90566456662,1.60515808867,0,0.00610257536935,0
current_nearest,4.425,13.5873498567,9.89862721557,0.999365024336,0.0356307189698,1.93001105735,1.62552743136,0,0.00553532289542,0
current_nearest,4.45,13.6123334903,9.89953167814,0.999345343691,0.0361785025015,1.95437253969,1.64597661351,0,0.0050194924846,0
current_nearest,4.475,13.6373166615,9.90044882604,0.999326845216,0.0366859159793,1.97874838172,1.66650417604,0,0.00455060382387,0
current_nearest,4.5,13.6622993986,9.90137772084,0.999309485146,0.0371557922427,2.00313799056,1.68710866261,0,0.00412454480183,0
current_nearest,4.525,13.687281729,9.9023174904,0.999293216769,0.0375907823641,2.0275408095,1.70778862232,0,0.00373754374644,0
current_nearest,4.55,13.7122636788,9.90326732454,0.999277991443,0.0379933654416,2.05195631534,1.72854261218,0,0.00338614349788,0
current_nearest,4.575,13.7372452728,9.90422647099,0.999263759442,0.0383658580662,2.07638401599,1.74936919933,0,0.00306717721823,0
current_nearest,4.6,13.7622265346,9.90519423157,0.999250470661,0.0387104234522,2.10082344813,1.77026696298,0,0.00277774584371,0
current_nearest,4.625,13.7872074864,9.90616995858,0.999238075184,0.0390290802203,2.12527417524,1.79123449622,0,0.00251519708895,0
current_nearest,4.65,13.8121881495,9.90715305135,0.999226523751,0.0393237108276,2.14973578561,1.81227040758,0,0.00227710591586,0
current_nearest,4.675,13.8371685437,9.90814295309,0.999215768125,0.0395960696416,2.17420789062,1.83337332236,0,0.00206125638354,0
current_nearest,4.7,13.8621486878,9.90913914786,0.999205761382,0.0398477906572,2.19869012307,1.85454188393,0,0.00186562479834,0
current_nearest,4.725,13.8871285992,9.91014115773,0.999196458134,0.0400803948604,2.22318213575,1.87577475469,0,0.00168836408677,0
current_nearest,4.75,13.9121082946,9.91114854016,0.999187814688,0.0402952972393,2.24768359998,1.89707061701,0,0.00152778931701,0
current_nearest,4.775,13.9370877893,9.9121608855,0.999179789163,0.0404938134511,2.27219420438,1.918428174,0,0.00138236429772,0
current_nearest,4.8,13.9620670979,9.91317781465,0.999172341568,0.0406771661503,2.29671365368,1.93984615015,0,0.00125068918616,0
current_nearest,4.825,13.9870462337,9.91419897693,0.999165433837,0.0408464909857,2.32124166762,1.96132329182,0,0.00113148904063,0
current_nearest,4.85,14.0120252094,9.91522404798,0.999159029847,0.0410028422771,2.34577797995,1.9828583677,0,0.00102360325516,0
current_nearest,4.875,14.0370040368,9.91625272794,0.999153095409,0.0411471983799,2.37032233752,2.0044501691,0,0.000925975817589,0
current_nearest,4.9,14.0619827268,9.91728473961,0.999147598238,0.0412804667483,2.39487449937,2.02609751022,0,0.000837646334942,0
current_nearest,4.925,14.0869612895,9.91831982683,0.999142507915,0.041403488709,2.41943423601,2.04779922827,0,0.000757741773035,0
current_nearest,4.95,14.1119397344,9.91935775293,0.999137795833,0.0415170439553,2.4440013286,2.06955418358,0,0.000685468860072,0
current_nearest,4.975,14.1369180703,9.9203982993,0.999133435135,0.0416218547745,2.46857556834,2.09136125962,0,0.000620107106765,0
current_nearest,5,14.1618963053,9.92144126405,0.999129400652,0.0417185900185,2.49315675581,2.11321936293,0,0.000561002398229,0
current_nearest,5.025,14.186874447,9.92248646077,0.999125668824,0.041807868831,2.51774470039,2.13512742309,0,0.000507561115546,0
current_nearest,5.05,14.2118525024,9.92353371737,0.999122217634,0.0418902641413,2.5423392197,2.15708439251,0,0.000459244747433,0
current_nearest,5.075,14.2368304781,9.92458287502,0.999119026526,0.041966305937,2.56694013915,2.17908924632,0,0.000415564954913,0
current_nearest,5.1,14.26180838,9.92563378713,0.999116076332,0.042036484327,2.59154729144,2.20114098213,0,0.000376079054235,0
current_nearest,5.125,14.2867862137,9.92668631844,0.999113349198,0.0421012524043,2.61616051611,2.22323861975,0,0.000340385885561,0
current_nearest,5.15,14.3117639845,9.92774034416,0.999110828507,0.0421610289216,2.6407796592,2.24538120099,0,0.00030812203712,0
current_nearest,5.175,14.3367416969,9.92879574918,0.999108498808,0.0422162007875,2.66540457281,2.26756778929,0,0.000278958396542,0
current_nearest,5.2,14.3617193556,9.92985242732,0.999106345746,0.0422671253962,2.69003511483,2.28979746945,0,0.00025259700311,0
current_nearest,5.225,14.3866969645,9.93091028064,0.999104355994,0.0423141327976,2.71467114853,2.31206934728,0,0.000228768176466,0
current_nearest,5.25,14.4116745274,9.93196921883,0.999102517185,0.0423575277192,2.73931254235,2.33438254923,0,0.000207227899108,0
current_nearest,5.275,14.4366520478,9.93302915861,0.999100817855,0.0423975914474,2.76395916956,2.35673622206,0,0.000187755431653,0
current_nearest,5.3,14.461629529,9.9340900232,0.999099247381,0.042434583578,2.78861090802,2.37912953243,0,0.000170151141413,0
current_nearest,5.325,14.4866069739,9.93515174179,0.999097795921,0.0424687436431,2.81326763997,2.40156166657,0,0.000154234526287,0
current_nearest,5.35,14.5115843853,9.93621424911,0.999096454366,0.042500292622,2.83792925175,2.42403182983,0,0.000139842417376,0
current_nearest,5.375,14.5365617656,9.93727748497,0.999095214289,0.0425294343451,2.86259563362,2.44653924634,0,0.000126827344986,0
current_nearest,5.4,14.5615391173,9.93834139389,0.999094067892,0.0425563567957,2.88726667956,2.46908315858,0,0.000115056053906,0
current_nearest,5.425,14.5865164425,9.93940592472,0.999093007967,0.0425812333177,2.91194228711,2.49166282703,0,0.000104408154973,0
current_nearest,5.45,14.6114937432,9.94047103032,0.999092027853,0.0426042237356,2.93662235714,2.51427752971,0,9.4774900983e-05,0
current_nearest,5.475,14.6364710213,9.9415366672,0.999091121394,0.0426254753917,2.96130679375,2.53692656185,0,8.60580759554e-05,0
current_nearest,5.5,14.6614482783,9.9426027953,0.999090282902,0.042645124107,2.98599550408,2.55960923544,0,7.81689877117e-05,0
current_nearest,5.525,14.686425516,9.94366937768,0.999089507128,0.0426632950708,3.01068839821,2.58232487889,0,7.10275545126e-05,0
current_nearest,5.55,14.7114027357,9.94473638027,0.999088789223,0.0426801036638,3.03538538897,2.60507283662,0,6.45614773087e-05,0
current_nearest,5.575,14.7363799389,9.94580377168,0.999088124712,0.0426956562196,3.06008639186,2.62785246866,0,5.87054898626e-05,0
current_nearest,5.6,14.7613571266,9.94687152294,0.999087509464,0.0427100507288,3.08479132491,2.65066315032,0,5.34006796644e-05,0
current_nearest,5.625,14.7863343001,9.94793960738,0.999086939668,0.0427233774899,3.10950010861,2.67350427175,0,4.85938731722e-05,0
current_nearest,5.65,14.8113114604,9.94900800037,0.999086411809,0.0427357197108,3.13421266574,2.69637523766,0,4.42370794718e-05,0
current_nearest,5.675,14.8362886085,9.95007667923,0.999085922641,0.0427471540643,3.15892892134,2.71927546687,0,4.02869869663e-05,0
current_nearest,5.7,14.8612657452,9.95114562301,0.999085469173,0.0427577512015,3.18364880256,2.74220439202,0,3.67045081827e-05,0
current_nearest,5.725,14.8862428714,9.95221481241,0.999085048644,0.0427675762253,3.20837223863,2.76516145919,0,3.34543682158e-05,0
current_nearest,5.75,14.9112199879,9.95328422964,0.999084658509,0.0427766891277,3.23309916071,2.78814612758,0,3.05047327341e-05,0
current_nearest,5.775,14.9361970953,9.95435385827,0.999084296419,0.0427851451937,3.2578295019,2.81115786914,0,2.78268718345e-05,0
current_nearest,5.8,14.9611741943,9.95542368315,0.999083960209,0.0427929953735,3.28256319709,2.83419616828,0,2.53948563717e-05,0
current_nearest,5.825,14.9861512855,9.95649369032,0.999083647882,0.0428002866258,3.3073001829,2.85726052155,0,2.31852836936e-05,0
current_nearest,5.85,15.0111283694,9.95756386688,0.999083357595,0.0428070622354,3.33204039768,2.88035043729,0,2.11770299934e-05,0
current_nearest,5.875,15.0361054466,9.95863420093,0.999083087649,0.0428133621045,3.35678378137,2.90346543535,0,1.93510267487e-05,0
current_nearest,5.9,15.0610825175,9.9597046815,0.999082836475,0.0428192230232,3.38153027548,2.9266050468,0,1.76900589464e-05,0
current_nearest,5.925,15.0860595826,9.96077529848,0.999082602629,0.0428246789174,3.40627982302,2.94976881361,0,1.61785830111e-05,0
current_nearest,5.95,15.1110366422,9.9618460425,0.999082384774,0.0428297610786,3.43103236845,2.9729562884,0,1.48025625439e-05,0
current_nearest,5.975,15.1360136967,9.96291690496,0.999082181679,0.0428344983753,3.45578785765,2.99616703413,0,1.35493201577e-05,0
current_nearest,6,15.1609907466,9.9639878779,0.999081992207,0.042838917448,3.48054623784,3.01940062384,0,1.24074038566e-05,0
current_nearest,6.025,15.1859677919,9.96505895397,0.999081815306,0.0428430428894,3.50530745754,3.0426566404,0,1.136646655e-05,0
current_nearest,6.05,15.2109448332,9.96613012641,0.999081650008,0.042846897411,3.53007146654,3.06593467623,0,1.041715743e-05,0
current_nearest,6.075,15.2359218706,9.96720138896,0.999081495414,0.0428505019965,3.55483821587,3.08923433308,0,9.55102405574e-06,0
current_nearest,6.1,15.2608989043,9.96827273586,0.999081350696,0.0428538760443,3.5796076577,3.11255522174,0,8.76042410283e-06,0
current_nearest,6.125,15.2858759347,9.9693441618,0.999081215086,0.042857037499,3.60437974539,3.13589696186,0,8.03844583325e-06,0
current_nearest,6.15,15.3108529619,9.97041566187,0.999081087873,0.0428600029734,3.62915443337,3.15925918167,0,7.3788364313e-06,0
current_nearest,6.175,15.3358299861,9.97148723157,0.999080968399,0.0428627878625,3.65393167715,3.18264151778,0,6.77593743419e-06,0
current_nearest,6.2,15.3608070075,9.97255886673,0.999080856052,0.0428654064493,3.6787114333,3.20604361496,0,6.22462655938e-06,0
current_nearest,6.225,15.3857840263,9.97363056353,0.999080750265,0.0428678720037,3.70349365936,3.22946512591,0,5.72026529832e-06,0
current_nearest,6.25,15.4107610425,9.97470231845,0.999080650508,0.0428701968762,3.72827831388,3.25290571108,0,5.25865170721e-06,0
current_nearest,6.275,15.4357380564,9.97577412826,0.999080556289,0.0428723925865,3.75306535634,3.27636503843,0,4.83597788071e-06,0
current_nearest,6.3,15.4607150681,9.97684599001,0.999080467145,0.0428744699081,3.77785474714,3.2998427833,0,4.44879164441e-06,0
current_nearest,6.325,15.4856920777,9.97791790099,0.999080382643,0.0428764389501,3.80264644757,3.32333862813,0,4.09396204725e-06,0
current_nearest,6.35,15.5106690853,9.97898985872,0.999080302377,0.0428783092388,3.82744041978,3.34685226234,0,3.76864827607e-06,0
current_nearest,6.375,15.5356460909,9.98006186096,0.999080225957,0.0428800897978,3.85223662678,3.37038338215,0,3.4702716514e-06,0
current_nearest,6.4,15.5606230947,9.98113390569,0.999080153017,0.0428817892325,3.87703503237,3.39393169036,0,3.19649039735e-06,0
current_nearest,6.425,15.5856000968,9.98220599109,0.9990800832,0.0428834158179,3.90183560117,3.4174968962,0,2.94517690848e-06,0
current_nearest,6.45,15.6105770972,9.98327811553,0.999080016163,0.0428849775965,3.92663829856,3.44107871518,0,2.71439726418e-06,0
current_nearest,6.475,15.635554096,9.98435027759,0.999079951565,0.0428864824891,3.95144309068,3.46467686891,0,2.50239276572e-06,0
current_nearest,6.5,15.6605310932,9.98542247605,0.999079889067,0.0428879384272,3.97624994439,3.48829108495,0,2.30756329341e-06,0
current_nearest,6.525,15.6855080889,9.98649470989,0.999079828319,0.0428893535178,4.00105882727,3.51192109663,0,2.12845230176e-06,0
current_nearest,6.55,15.7104850832,9.9875669783,0,0,4.0258697076,3.53556664293,0,0,1
current_nearest,6.575,15.7104850832,9.9875669783,0,0,4.0258697076,3.53556664293,0,0,1
current_nearest,6.6,15.7104850832,9.9875669783,0,0,4.0258697076,3.53556664293,0,0,1
current_nearest,6.625,15.7104850832,9.9875669783,0,0,4.0258697076,3.53556664293,0,0,1
current_nearest,6.65,15.7104850832,9.9875669783,0,0,4.0258697076,3.53556664293,0,0,1
current_nearest,6.675,15.7104850832,9.9875669783,0,0,4.0258697076,3.53556664293,0,0,1
current_nearest,6.7,15.7104850832,9.9875669783,0,0,4.0258697076,3.53556664293,0,0,1
current_nearest,6.725,15.7104850832,9.9875669783,0,0,4.0258697076,3.53556664293,0,0,1
current_nearest,6.75,15.7104850832,9.9875669783,0,0,4.0258697076,3.53556664293,0,0,1
current_nearest,6.775,15.7104850832,9.9875669783,0,0,4.0258697076,3.53556664293,0,0,1
current_nearest,6.8,15.7104850832,9.9875669783,0,0,4.0258697076,3.53556664293,0,0,1
current_nearest,6.825,15.7104850832,9.9875669783,0,0,4.0258697076,3.53556664293,0,0,1
current_nearest,6.85,15.7104850832,9.9875669783,0,0,4.0258697076,3.53556664293,0,0,1
current_nearest,6.875,15.7104850832,9.9875669783,0,0,4.0258697076,3.53556664293,0,0,1
current_nearest,6.9,15.7104850832,9.9875669783,0,0,4.0258697076,3.53556664293,0,0,1
current_nearest,6.925,15.7104850832,9.9875669783,0,0,4.0258697076,3.53556664293,0,0,1
current_nearest,6.95,15.7104850832,9.9875669783,0,0,4.0258697076,3.53556664293,0,0,1
current_nearest,6.975,15.7104850832,9.9875669783,0,0,4.0258697076,3.53556664293,0,0,1
current_nearest,7,15.7104850832,9.9875669783,0,0,4.0258697076,3.53556664293,0,0,1
current_nearest,7.025,15.7104850832,9.9875669783,0,0,4.0258697076,3.53556664293,0,0,1
current_nearest,7.05,15.7104850832,9.9875669783,0,0,4.0258697076,3.53556664293,0,0,1
current_nearest,7.075,15.7104850832,9.9875669783,0,0,4.0258697076,3.53556664293,0,0,1
current_nearest,7.1,15.7104850832,9.9875669783,0,0,4.0258697076,3.53556664293,0,0,1
current_nearest,7.125,15.7104850832,9.9875669783,0,0,4.0258697076,3.53556664293,0,0,1
current_nearest,7.15,15.7104850832,9.9875669783,0,0,4.0258697076,3.53556664293,0,0,1
current_nearest,7.175,15.7104850832,9.9875669783,0,0,4.0258697076,3.53556664293,0,0,1
current_nearest,7.2,15.7104850832,9.9875669783,0,0,4.0258697076,3.53556664293,0,0,1
current_nearest,7.225,15.7104850832,9.9875669783,0,0,4.0258697076,3.53556664293,0,0,1
current_nearest,7.25,15.7104850832,9.9875669783,0,0,4.0258697076,3.53556664293,0,0,1
current_nearest,7.275,15.7104850832,9.9875669783,0,0,4.0258697076,3.53556664293,0,0,1
current_nearest,7.3,15.7104850832,9.9875669783,0,0,4.0258697076,3.53556664293,0,0,1
current_nearest,7.325,15.7104850832,9.9875669783,0,0,4.0258697076,3.53556664293,0,0,1
current_nearest,7.35,15.7104850832,9.9875669783,0,0,4.0258697076,3.53556664293,0,0,1
current_nearest,7.375,15.7104850832,9.9875669783,0,0,4.0258697076,3.53556664293,0,0,1
current_nearest,7.4,15.7104850832,9.9875669783,0,0,4.0258697076,3.53556664293,0,0,1
current_nearest,7.425,15.7104850832,9.9875669783,0,0,4.0258697076,3.53556664293,0,0,1
current_nearest,7.45,15.7104850832,9.9875669783,0,0,4.0258697076,3.53556664293,0,0,1
current_nearest,7.475,15.7104850832,9.9875669783,0,0,4.0258697076,3.53556664293,0,0,1
current_nearest,7.5,15.7104850832,9.9875669783,0,0,4.0258697076,3.53556664293,0,0,1
current_nearest,7.525,15.7104850832,9.9875669783,0,0,4.0258697076,3.53556664293,0,0,1
current_nearest,7.55,15.7104850832,9.9875669783,0,0,4.0258697076,3.53556664293,0,0,1
current_nearest,7.575,15.7104850832,9.9875669783,0,0,4.0258697076,3.53556664293,0,0,1
current_nearest,7.6,15.7104850832,9.9875669783,0,0,4.0258697076,3.53556664293,0,0,1
current_nearest,7.625,15.7104850832,9.9875669783,0,0,4.0258697076,3.53556664293,0,0,1
current_nearest,7.65,15.7104850832,9.9875669783,0,0,4.0258697076,3.53556664293,0,0,1
current_nearest,7.675,15.7104850832,9.9875669783,0,0,4.0258697076,3.53556664293,0,0,1
current_nearest,7.7,15.7104850832,9.9875669783,0,0,4.0258697076,3.53556664293,0,0,1
current_nearest,7.725,15.7104850832,9.9875669783,0,0,4.0258697076,3.53556664293,0,0,1
current_nearest,7.75,15.7104850832,9.9875669783,0,0,4.0258697076,3.53556664293,0,0,1
current_nearest,7.775,15.7104850832,9.9875669783,0,0,4.0258697076,3.53556664293,0,0,1
current_nearest,7.8,15.7104850832,9.9875669783,0,0,4.0258697076,3.53556664293,0,0,1
current_nearest,7.825,15.7104850832,9.9875669783,0,0,4.0258697076,3.53556664293,0,0,1
current_nearest,7.85,15.7104850832,9.9875669783,0,0,4.0258697076,3.53556664293,0,0,1
current_nearest,7.875,15.7104850832,9.9875669783,0,0,4.0258697076,3.53556664293,0,0,1
current_nearest,7.9,15.7104850832,9.9875669783,0,0,4.0258697076,3.53556664293,0,0,1
current_nearest,7.925,15.7104850832,9.9875669783,0,0,4.0258697076,3.53556664293,0,0,1
current_nearest,7.95,15.7104850832,9.9875669783,0,0,4.0258697076,3.53556664293,0,0,1
current_nearest,7.975,15.7104850832,9.9875669783,0,0,4.0258697076,3.53556664293,0,0,1
current_nearest,8,15.7104850832,9.9875669783,0,0,4.0258697076,3.53556664293,0,0,1
current_nearest,8.025,15.7104850832,9.9875669783,0,0,4.0258697076,3.53556664293,0,0,1
current_nearest,8.05,15.7104850832,9.9875669783,0,0,4.0258697076,3.53556664293,0,0,1
current_nearest,8.075,15.7104850832,9.9875669783,0,0,4.0258697076,3.53556664293,0,0,1
current_nearest,8.1,15.7104850832,9.9875669783,0,0,4.0258697076,3.53556664293,0,0,1
current_nearest,8.125,15.7104850832,9.9875669783,0,0,4.0258697076,3.53556664293,0,0,1
current_nearest,8.15,15.7104850832,9.9875669783,0,0,4.0258697076,3.53556664293,0,0,1
current_nearest,8.175,15.7104850832,9.9875669783,0,0,4.0258697076,3.53556664293,0,0,1
current_nearest,8.2,15.7104850832,9.9875669783,0,0,4.0258697076,3.53556664293,0,0,1
current_nearest,8.225,15.7104850832,9.9875669783,0,0,4.0258697076,3.53556664293,0,0,1
current_nearest,8.25,15.7104850832,9.9875669783,0,0,4.0258697076,3.53556664293,0,0,1
current_nearest,8.275,15.7104850832,9.9875669783,0,0,4.0258697076,3.53556664293,0,0,1
current_nearest,8.3,15.7104850832,9.9875669783,0,0,4.0258697076,3.53556664293,0,0,1
current_nearest,8.325,15.7104850832,9.9875669783,0,0,4.0258697076,3.53556664293,0,0,1
current_nearest,8.35,15.7104850832,9.9875669783,0,0,4.0258697076,3.53556664293,0,0,1
current_nearest,8.375,15.7104850832,9.9875669783,0,0,4.0258697076,3.53556664293,0,0,1
current_nearest,8.4,15.7104850832,9.9875669783,0,0,4.0258697076,3.53556664293,0,0,1
current_nearest,8.425,15.7104850832,9.9875669783,0,0,4.0258697076,3.53556664293,0,0,1
current_nearest,8.45,15.7104850832,9.9875669783,0,0,4.0258697076,3.53556664293,0,0,1
current_nearest,8.475,15.7104850832,9.9875669783,0,0,4.0258697076,3.53556664293,0,0,1
current_nearest,8.5,15.7104850832,9.9875669783,0,0,4.0258697076,3.53556664293,0,0,1
current_nearest,8.525,15.7104850832,9.9875669783,0,0,4.0258697076,3.53556664293,0,0,1
current_nearest,8.55,15.7104850832,9.9875669783,0,0,4.0258697076,3.53556664293,0,0,1
current_nearest,8.575,15.7104850832,9.9875669783,0,0,4.0258697076,3.53556664293,0,0,1
current_nearest,8.6,15.7104850832,9.9875669783,0,0,4.0258697076,3.53556664293,0,0,1
current_nearest,8.625,15.7104850832,9.9875669783,0,0,4.0258697076,3.53556664293,0,0,1
current_nearest,8.65,15.7104850832,9.9875669783,0,0,4.0258697076,3.53556664293,0,0,1
current_nearest,8.675,15.7104850832,9.9875669783,0,0,4.0258697076,3.53556664293,0,0,1
current_nearest,8.7,15.7104850832,9.9875669783,0,0,4.0258697076,3.53556664293,0,0,1
current_nearest,8.725,15.7104850832,9.9875669783,0,0,4.0258697076,3.53556664293,0,0,1
current_nearest,8.75,15.7104850832,9.9875669783,0,0,4.0258697076,3.53556664293,0,0,1
current_nearest,8.775,15.7104850832,9.9875669783,0,0,4.0258697076,3.53556664293,0,0,1
current_nearest,8.8,15.7104850832,9.9875669783,0,0,4.0258697076,3.53556664293,0,0,1
current_nearest,8.825,15.7104850832,9.9875669783,0,0,4.0258697076,3.53556664293,0,0,1
current_nearest,8.85,15.7104850832,9.9875669783,0,0,4.0258697076,3.53556664293,0,0,1
current_nearest,8.875,15.7104850832,9.9875669783,0,0,4.0258697076,3.53556664293,0,0,1
current_nearest,8.9,15.7104850832,9.9875669783,0,0,4.0258697076,3.53556664293,0,0,1
current_nearest,8.925,15.7104850832,9.9875669783,0,0,4.0258697076,3.53556664293,0,0,1
current_nearest,8.95,15.7104850832,9.9875669783,0,0,4.0258697076,3.53556664293,0,0,1
current_nearest,8.975,15.7104850832,9.9875669783,0,0,4.0258697076,3.53556664293,0,0,1
current_nearest,9,15.7104850832,9.9875669783,0,0,4.0258697076,3.53556664293,0,0,1
current_nearest,9.025,15.7104850832,9.9875669783,0,0,4.0258697076,3.53556664293,0,0,1
current_nearest,9.05,15.7104850832,9.9875669783,0,0,4.0258697076,3.53556664293,0,0,1
current_nearest,9.075,15.7104850832,9.9875669783,0,0,4.0258697076,3.53556664293,0,0,1
current_nearest,9.1,15.7104850832,9.9875669783,0,0,4.0258697076,3.53556664293,0,0,1
current_nearest,9.125,15.7104850832,9.9875669783,0,0,4.0258697076,3.53556664293,0,0,1
current_nearest,9.15,15.7104850832,9.9875669783,0,0,4.0258697076,3.53556664293,0,0,1
current_nearest,9.175,15.7104850832,9.9875669783,0,0,4.0258697076,3.53556664293,0,0,1
current_nearest,9.2,15.7104850832,9.9875669783,0,0,4.0258697076,3.53556664293,0,0,1
current_nearest,9.225,15.7104850832,9.9875669783,0,0,4.0258697076,3.53556664293,0,0,1
current_nearest,9.25,15.7104850832,9.9875669783,0,0,4.0258697076,3.53556664293,0,0,1
current_nearest,9.275,15.7104850832,9.9875669783,0,0,4.0258697076,3.53556664293,0,0,1
current_nearest,9.3,15.7104850832,9.9875669783,0,0,4.0258697076,3.53556664293,0,0,1
current_nearest,9.325,15.7104850832,9.9875669783,0,0,4.0258697076,3.53556664293,0,0,1
current_nearest,9.35,15.7104850832,9.9875669783,0,0,4.0258697076,3.53556664293,0,0,1
current_nearest,9.375,15.7104850832,9.9875669783,0,0,4.0258697076,3.53556664293,0,0,1
current_nearest,9.4,15.7104850832,9.9875669783,0,0,4.0258697076,3.53556664293,0,0,1
current_nearest,9.425,15.7104850832,9.9875669783,0,0,4.0258697076,3.53556664293,0,0,1
current_nearest,9.45,15.7104850832,9.9875669783,0,0,4.0258697076,3.53556664293,0,0,1
current_nearest,9.475,15.7104850832,9.9875669783,0,0,4.0258697076,3.53556664293,0,0,1
current_nearest,9.5,15.7104850832,9.9875669783,0,0,4.0258697076,3.53556664293,0,0,1
current_nearest,9.525,15.7104850832,9.9875669783,0,0,4.0258697076,3.53556664293,0,0,1
current_nearest,9.55,15.7104850832,9.9875669783,0,0,4.0258697076,3.53556664293,0,0,1
current_nearest,9.575,15.7104850832,9.9875669783,0,0,4.0258697076,3.53556664293,0,0,1
current_nearest,9.6,15.7104850832,9.9875669783,0,0,4.0258697076,3.53556664293,0,0,1
current_nearest,9.625,15.7104850832,9.9875669783,0,0,4.0258697076,3.53556664293,0,0,1
current_nearest,9.65,15.7104850832,9.9875669783,0,0,4.0258697076,3.53556664293,0,0,1
current_nearest,9.675,15.7104850832,9.9875669783,0,0,4.0258697076,3.53556664293,0,0,1
current_nearest,9.7,15.7104850832,9.9875669783,0,0,4.0258697076,3.53556664293,0,0,1
current_nearest,9.725,15.7104850832,9.9875669783,0,0,4.0258697076,3.53556664293,0,0,1
current_nearest,9.75,15.7104850832,9.9875669783,0,0,4.0258697076,3.53556664293,0,0,1
current_nearest,9.775,15.7104850832,9.9875669783,0,0,4.0258697076,3.53556664293,0,0,1
current_nearest,9.8,15.7104850832,9.9875669783,0,0,4.0258697076,3.53556664293,0,0,1
current_nearest,9.825,15.7104850832,9.9875669783,0,0,4.0258697076,3.53556664293,0,0,1
current_nearest,9.85,15.7104850832,9.9875669783,0,0,4.0258697076,3.53556664293,0,0,1
current_nearest,9.875,15.7104850832,9.9875669783,0,0,4.0258697076,3.53556664293,0,0,1
current_nearest,9.9,15.7104850832,9.9875669783,0,0,4.0258697076,3.53556664293,0,0,1
current_nearest,9.925,15.7104850832,9.9875669783,0,0,4.0258697076,3.53556664293,0,0,1
current_nearest,9.95,15.7104850832,9.9875669783,0,0,4.0258697076,3.53556664293,0,0,1
current_nearest,9.975,15.7104850832,9.9875669783,0,0,4.0258697076,3.53556664293,0,0,1
current_nearest,10,15.7104850832,9.9875669783,0,0,4.0258697076,3.53556664293,0,0,1
current_nearest,10.025,15.7104850832,9.9875669783,0,0,4.0258697076,3.53556664293,0,0,1
current_nearest,10.05,15.7104850832,9.9875669783,0,0,4.0258697076,3.53556664293,0,0,1
current_nearest,10.075,15.7104850832,9.9875669783,0,0,4.0258697076,3.53556664293,0,0,1
current_nearest,10.1,15.7104850832,9.9875669783,0,0,4.0258697076,3.53556664293,0,0,1
current_nearest,10.125,15.7104850832,9.9875669783,0,0,4.0258697076,3.53556664293,0,0,1
current_nearest,10.15,15.7104850832,9.9875669783,0,0,4.0258697076,3.53556664293,0,0,1
current_nearest,10.175,15.7104850832,9.9875669783,0,0,4.0258697076,3.53556664293,0,0,1
current_nearest,10.2,15.7104850832,9.9875669783,0,0,4.0258697076,3.53556664293,0,0,1
current_nearest,10.225,15.7104850832,9.9875669783,0,0,4.0258697076,3.53556664293,0,0,1
current_nearest,10.25,15.7104850832,9.9875669783,0,0,4.0258697076,3.53556664293,0,0,1
current_nearest,10.275,15.7104850832,9.9875669783,0,0,4.0258697076,3.53556664293,0,0,1
current_nearest,10.3,15.7104850832,9.9875669783,0,0,4.0258697076,3.53556664293,0,0,1
current_nearest,10.325,15.7104850832,9.9875669783,0,0,4.0258697076,3.53556664293,0,0,1
current_nearest,10.35,15.7104850832,9.9875669783,0,0,4.0258697076,3.53556664293,0,0,1
current_nearest,10.375,15.7104850832,9.9875669783,0,0,4.0258697076,3.53556664293,0,0,1
current_nearest,10.4,15.7104850832,9.9875669783,0,0,4.0258697076,3.53556664293,0,0,1
current_nearest,10.425,15.7104850832,9.9875669783,0,0,4.0258697076,3.53556664293,0,0,1
current_nearest,10.45,15.7104850832,9.9875669783,0,0,4.0258697076,3.53556664293,0,0,1
current_nearest,10.475,15.7104850832,9.9875669783,0,0,4.0258697076,3.53556664293,0,0,1
current_nearest,10.5,15.7104850832,9.9875669783,0,0,4.0258697076,3.53556664293,0,0,1
current_nearest,10.525,15.7104850832,9.9875669783,0,0,4.0258697076,3.53556664293,0,0,1
current_nearest,10.55,15.7104850832,9.9875669783,0,0,4.0258697076,3.53556664293,0,0,1
current_nearest,10.575,15.7104850832,9.9875669783,0,0,4.0258697076,3.53556664293,0,0,1
current_nearest,10.6,15.7104850832,9.9875669783,0,0,4.0258697076,3.53556664293,0,0,1
current_nearest,10.625,15.7104850832,9.9875669783,0,0,4.0258697076,3.53556664293,0,0,1
current_nearest,10.65,15.7104850832,9.9875669783,0,0,4.0258697076,3.53556664293,0,0,1
current_nearest,10.675,15.7104850832,9.9875669783,0,0,4.0258697076,3.53556664293,0,0,1
current_nearest,10.7,15.7104850832,9.9875669783,0,0,4.0258697076,3.53556664293,0,0,1
current_nearest,10.725,15.7104850832,9.9875669783,0,0,4.0258697076,3.53556664293,0,0,1
current_nearest,10.75,15.7104850832,9.9875669783,0,0,4.0258697076,3.53556664293,0,0,1
current_nearest,10.775,15.7104850832,9.9875669783,0,0,4.0258697076,3.53556664293,0,0,1
current_nearest,10.8,15.7104850832,9.9875669783,0,0,4.0258697076,3.53556664293,0,0,1
current_nearest,10.825,15.7104850832,9.9875669783,0,0,4.0258697076,3.53556664293,0,0,1
current_nearest,10.85,15.7104850832,9.9875669783,0,0,4.0258697076,3.53556664293,0,0,1
current_nearest,10.875,15.7104850832,9.9875669783,0,0,4.0258697076,3.53556664293,0,0,1
current_nearest,10.9,15.7104850832,9.9875669783,0,0,4.0258697076,3.53556664293,0,0,1
current_nearest,10.925,15.7104850832,9.9875669783,0,0,4.0258697076,3.53556664293,0,0,1
current_nearest,10.95,15.7104850832,9.9875669783,0,0,4.0258697076,3.53556664293,0,0,1
current_nearest,10.975,15.7104850832,9.9875669783,0,0,4.0258697076,3.53556664293,0,0,1
current_nearest,11,15.7104850832,9.9875669783,0,0,4.0258697076,3.53556664293,0,0,1
current_nearest,11.025,15.7104850832,9.9875669783,0,0,4.0258697076,3.53556664293,0,0,1
current_nearest,11.05,15.7104850832,9.9875669783,0,0,4.0258697076,3.53556664293,0,0,1
current_nearest,11.075,15.7104850832,9.9875669783,0,0,4.0258697076,3.53556664293,0,0,1
current_nearest,11.1,15.7104850832,9.9875669783,0,0,4.0258697076,3.53556664293,0,0,1
current_nearest,11.125,15.7104850832,9.9875669783,0,0,4.0258697076,3.53556664293,0,0,1
current_nearest,11.15,15.7104850832,9.9875669783,0,0,4.0258697076,3.53556664293,0,0,1
current_nearest,11.175,15.7104850832,9.9875669783,0,0,4.0258697076,3.53556664293,0,0,1
current_nearest,11.2,15.7104850832,9.9875669783,0,0,4.0258697076,3.53556664293,0,0,1
current_nearest,11.225,15.7104850832,9.9875669783,0,0,4.0258697076,3.53556664293,0,0,1
current_nearest,11.25,15.7104850832,9.9875669783,0,0,4.0258697076,3.53556664293,0,0,1
current_nearest,11.275,15.7104850832,9.9875669783,0,0,4.0258697076,3.53556664293,0,0,1
current_nearest,11.3,15.7104850832,9.9875669783,0,0,4.0258697076,3.53556664293,0,0,1
current_nearest,11.325,15.7104850832,9.9875669783,0,0,4.0258697076,3.53556664293,0,0,1
current_nearest,11.35,15.7104850832,9.9875669783,0,0,4.0258697076,3.53556664293,0,0,1
current_nearest,11.375,15.7104850832,9.9875669783,0,0,4.0258697076,3.53556664293,0,0,1
current_nearest,11.4,15.7104850832,9.9875669783,0,0,4.0258697076,3.53556664293,0,0,1
current_nearest,11.425,15.7104850832,9.9875669783,0,0,4.0258697076,3.53556664293,0,0,1
current_nearest,11.45,15.7104850832,9.9875669783,0,0,4.0258697076,3.53556664293,0,0,1
current_nearest,11.475,15.7104850832,9.9875669783,0,0,4.0258697076,3.53556664293,0,0,1
current_nearest,11.5,15.7104850832,9.9875669783,0,0,4.0258697076,3.53556664293,0,0,1
current_nearest,11.525,15.7104850832,9.9875669783,0,0,4.0258697076,3.53556664293,0,0,1
current_nearest,11.55,15.7104850832,9.9875669783,0,0,4.0258697076,3.53556664293,0,0,1
current_nearest,11.575,15.7104850832,9.9875669783,0,0,4.0258697076,3.53556664293,0,0,1
current_nearest,11.6,15.7104850832,9.9875669783,0,0,4.0258697076,3.53556664293,0,0,1
current_nearest,11.625,15.7104850832,9.9875669783,0,0,4.0258697076,3.53556664293,0,0,1
current_nearest,11.65,15.7104850832,9.9875669783,0,0,4.0258697076,3.53556664293,0,0,1
current_nearest,11.675,15.7104850832,9.9875669783,0,0,4.0258697076,3.53556664293,0,0,1
current_nearest,11.7,15.7104850832,9.9875669783,0,0,4.0258697076,3.53556664293,0,0,1
current_nearest,11.725,15.7104850832,9.9875669783,0,0,4.0258697076,3.53556664293,0,0,1
current_nearest,11.75,15.7104850832,9.9875669783,0,0,4.0258697076,3.53556664293,0,0,1
current_nearest,11.775,15.7104850832,9.9875669783,0,0,4.0258697076,3.53556664293,0,0,1
current_nearest,11.8,15.7104850832,9.9875669783,0,0,4.0258697076,3.53556664293,0,0,1
current_nearest,11.825,15.7104850832,9.9875669783,0,0,4.0258697076,3.53556664293,0,0,1
current_nearest,11.85,15.7104850832,9.9875669783,0,0,4.0258697076,3.53556664293,0,0,1
current_nearest,11.875,15.7104850832,9.9875669783,0,0,4.0258697076,3.53556664293,0,0,1
current_nearest,11.9,15.7104850832,9.9875669783,0,0,4.0258697076,3.53556664293,0,0,1
current_nearest,11.925,15.7104850832,9.9875669783,0,0,4.0258697076,3.53556664293,0,0,1
current_nearest,11.95,15.7104850832,9.9875669783,0,0,4.0258697076,3.53556664293,0,0,1
current_nearest,11.975,15.7104850832,9.9875669783,0,0,4.0258697076,3.53556664293,0,0,1
current_nearest,12,15.7104850832,9.9875669783,0,0,4.0258697076,3.53556664293,0,0,1
current_nearest,12.025,15.7104850832,9.9875669783,0,0,4.0258697076,3.53556664293,0,0,1
current_nearest,12.05,15.7104850832,9.9875669783,0,0,4.0258697076,3.53556664293,0,0,1
current_nearest,12.075,15.7104850832,9.9875669783,0,0,4.0258697076,3.53556664293,0,0,1
current_nearest,12.1,15.7104850832,9.9875669783,0,0,4.0258697076,3.53556664293,0,0,1
current_nearest,12.125,15.7104850832,9.9875669783,0,0,4.0258697076,3.53556664293,0,0,1
current_nearest,12.15,15.7104850832,9.9875669783,0,0,4.0258697076,3.53556664293,0,0,1
current_nearest,12.175,15.7104850832,9.9875669783,0,0,4.0258697076,3.53556664293,0,0,1
current_nearest,12.2,15.7104850832,9.9875669783,0,0,4.0258697076,3.53556664293,0,0,1
current_nearest,12.225,15.7104850832,9.9875669783,0,0,4.0258697076,3.53556664293,0,0,1
current_nearest,12.25,15.7104850832,9.9875669783,0,0,4.0258697076,3.53556664293,0,0,1
current_nearest,12.275,15.7104850832,9.9875669783,0,0,4.0258697076,3.53556664293,0,0,1
current_nearest,12.3,15.7104850832,9.9875669783,0,0,4.0258697076,3.53556664293,0,0,1
current_nearest,12.325,15.7104850832,9.9875669783,0,0,4.0258697076,3.53556664293,0,0,1
current_nearest,12.35,15.7104850832,9.9875669783,0,0,4.0258697076,3.53556664293,0,0,1
current_nearest,12.375,15.7104850832,9.9875669783,0,0,4.0258697076,3.53556664293,0,0,1
current_nearest,12.4,15.7104850832,9.9875669783,0,0,4.0258697076,3.53556664293,0,0,1
current_nearest,12.425,15.7104850832,9.9875669783,0,0,4.0258697076,3.53556664293,0,0,1
current_nearest,12.45,15.7104850832,9.9875669783,0,0,4.0258697076,3.53556664293,0,0,1
current_nearest,12.475,15.7104850832,9.9875669783,0,0,4.0258697076,3.53556664293,0,0,1
current_nearest,12.5,15.7104850832,9.9875669783,0,0,4.0258697076,3.53556664293,0,0,1
current_nearest,12.525,15.7104850832,9.9875669783,0,0,4.0258697076,3.53556664293,0,0,1
current_nearest,12.55,15.7104850832,9.9875669783,0,0,4.0258697076,3.53556664293,0,0,1
current_nearest,12.575,15.7104850832,9.9875669783,0,0,4.0258697076,3.53556664293,0,0,1
current_nearest,12.6,15.7104850832,9.9875669783,0,0,4.0258697076,3.53556664293,0,0,1
current_nearest,12.625,15.7104850832,9.9875669783,0,0,4.0258697076,3.53556664293,0,0,1
current_nearest,12.65,15.7104850832,9.9875669783,0,0,4.0258697076,3.53556664293,0,0,1
current_nearest,12.675,15.7104850832,9.9875669783,0,0,4.0258697076,3.53556664293,0,0,1
current_nearest,12.7,15.7104850832,9.9875669783,0,0,4.0258697076,3.53556664293,0,0,1
current_nearest,12.725,15.7104850832,9.9875669783,0,0,4.0258697076,3.53556664293,0,0,1
current_nearest,12.75,15.7104850832,9.9875669783,0,0,4.0258697076,3.53556664293,0,0,1
current_nearest,12.775,15.7104850832,9.9875669783,0,0,4.0258697076,3.53556664293,0,0,1
current_nearest,12.8,15.7104850832,9.9875669783,0,0,4.0258697076,3.53556664293,0,0,1
current_nearest,12.825,15.7104850832,9.9875669783,0,0,4.0258697076,3.53556664293,0,0,1
current_nearest,12.85,15.7104850832,9.9875669783,0,0,4.0258697076,3.53556664293,0,0,1
current_nearest,12.875,15.7104850832,9.9875669783,0,0,4.0258697076,3.53556664293,0,0,1
current_nearest,12.9,15.7104850832,9.9875669783,0,0,4.0258697076,3.53556664293,0,0,1
current_nearest,12.925,15.7104850832,9.9875669783,0,0,4.0258697076,3.53556664293,0,0,1
current_nearest,12.95,15.7104850832,9.9875669783,0,0,4.0258697076,3.53556664293,0,0,1
current_nearest,12.975,15.7104850832,9.9875669783,0,0,4.0258697076,3.53556664293,0,0,1
current_nearest,13,15.7104850832,9.9875669783,0,0,4.0258697076,3.53556664293,0,0,1
current_nearest,13.025,15.7104850832,9.9875669783,0,0,4.0258697076,3.53556664293,0,0,1
current_nearest,13.05,15.7104850832,9.9875669783,0,0,4.0258697076,3.53556664293,0,0,1
current_nearest,13.075,15.7104850832,9.9875669783,0,0,4.0258697076,3.53556664293,0,0,1
current_nearest,13.1,15.7104850832,9.9875669783,0,0,4.0258697076,3.53556664293,0,0,1
current_nearest,13.125,15.7104850832,9.9875669783,0,0,4.0258697076,3.53556664293,0,0,1
current_nearest,13.15,15.7104850832,9.9875669783,0,0,4.0258697076,3.53556664293,0,0,1
current_nearest,13.175,15.7104850832,9.9875669783,0,0,4.0258697076,3.53556664293,0,0,1
current_nearest,13.2,15.7104850832,9.9875669783,0,0,4.0258697076,3.53556664293,0,0,1
current_nearest,13.225,15.7104850832,9.9875669783,0,0,4.0258697076,3.53556664293,0,0,1
current_nearest,13.25,15.7104850832,9.9875669783,0,0,4.0258697076,3.53556664293,0,0,1
current_nearest,13.275,15.7104850832,9.9875669783,0,0,4.0258697076,3.53556664293,0,0,1
current_nearest,13.3,15.7104850832,9.9875669783,0,0,4.0258697076,3.53556664293,0,0,1
current_nearest,13.325,15.7104850832,9.9875669783,0,0,4.0258697076,3.53556664293,0,0,1
current_nearest,13.35,15.7104850832,9.9875669783,0,0,4.0258697076,3.53556664293,0,0,1
current_nearest,13.375,15.7104850832,9.9875669783,0,0,4.0258697076,3.53556664293,0,0,1
current_nearest,13.4,15.7104850832,9.9875669783,0,0,4.0258697076,3.53556664293,0,0,1
current_nearest,13.425,15.7104850832,9.9875669783,0,0,4.0258697076,3.53556664293,0,0,1
current_nearest,13.45,15.7104850832,9.9875669783,0,0,4.0258697076,3.53556664293,0,0,1
current_nearest,13.475,15.7104850832,9.9875669783,0,0,4.0258697076,3.53556664293,0,0,1
current_nearest,13.5,15.7104850832,9.9875669783,0,0,4.0258697076,3.53556664293,0,0,1
current_nearest,13.525,15.7104850832,9.9875669783,0,0,4.0258697076,3.53556664293,0,0,1
current_nearest,13.55,15.7104850832,9.9875669783,0,0,4.0258697076,3.53556664293,0,0,1
current_nearest,13.575,15.7104850832,9.9875669783,0,0,4.0258697076,3.53556664293,0,0,1
current_nearest,13.6,15.7104850832,9.9875669783,0,0,4.0258697076,3.53556664293,0,0,1
current_nearest,13.625,15.7104850832,9.9875669783,0,0,4.0258697076,3.53556664293,0,0,1
current_nearest,13.65,15.7104850832,9.9875669783,0,0,4.0258697076,3.53556664293,0,0,1
current_nearest,13.675,15.7104850832,9.9875669783,0,0,4.0258697076,3.53556664293,0,0,1
current_nearest,13.7,15.7104850832,9.9875669783,0,0,4.0258697076,3.53556664293,0,0,1
current_nearest,13.725,15.7104850832,9.9875669783,0,0,4.0258697076,3.53556664293,0,0,1
current_nearest,13.75,15.7104850832,9.9875669783,0,0,4.0258697076,3.53556664293,0,0,1
current_nearest,13.775,15.7104850832,9.9875669783,0,0,4.0258697076,3.53556664293,0,0,1
current_nearest,13.8,15.7104850832,9.9875669783,0,0,4.0258697076,3.53556664293,0,0,1
current_nearest,13.825,15.7104850832,9.9875669783,0,0,4.0258697076,3.53556664293,0,0,1
current_nearest,13.85,15.7104850832,9.9875669783,0,0,4.0258697076,3.53556664293,0,0,1
current_nearest,13.875,15.7104850832,9.9875669783,0,0,4.0258697076,3.53556664293,0,0,1
current_nearest,13.9,15.7104850832,9.9875669783,0,0,4.0258697076,3.53556664293,0,0,1
current_nearest,13.925,15.7104850832,9.9875669783,0,0,4.0258697076,3.53556664293,0,0,1
current_nearest,13.95,15.7104850832,9.9875669783,0,0,4.0258697076,3.53556664293,0,0,1
current_nearest,13.975,15.7104850832,9.9875669783,0,0,4.0258697076,3.53556664293,0,0,1
current_nearest,14,15.7104850832,9.9875669783,0,0,4.0258697076,3.53556664293,0,0,1
current_nearest,14.025,15.7104850832,9.9875669783,0,0,4.0258697076,3.53556664293,0,0,1
current_nearest,14.05,15.7104850832,9.9875669783,0,0,4.0258697076,3.53556664293,0,0,1
current_nearest,14.075,15.7104850832,9.9875669783,0,0,4.0258697076,3.53556664293,0,0,1
current_nearest,14.1,15.7104850832,9.9875669783,0,0,4.0258697076,3.53556664293,0,0,1
current_nearest,14.125,15.7104850832,9.9875669783,0,0,4.0258697076,3.53556664293,0,0,1
current_nearest,14.15,15.7104850832,9.9875669783,0,0,4.0258697076,3.53556664293,0,0,1
current_nearest,14.175,15.7104850832,9.9875669783,0,0,4.0258697076,3.53556664293,0,0,1
current_nearest,14.2,15.7104850832,9.9875669783,0,0,4.0258697076,3.53556664293,0,0,1
current_nearest,14.225,15.7104850832,9.9875669783,0,0,4.0258697076,3.53556664293,0,0,1
current_nearest,14.25,15.7104850832,9.9875669783,0,0,4.0258697076,3.53556664293,0,0,1
current_nearest,14.275,15.7104850832,9.9875669783,0,0,4.0258697076,3.53556664293,0,0,1
current_nearest,14.3,15.7104850832,9.9875669783,0,0,4.0258697076,3.53556664293,0,0,1
current_nearest,14.325,15.7104850832,9.9875669783,0,0,4.0258697076,3.53556664293,0,0,1
current_nearest,14.35,15.7104850832,9.9875669783,0,0,4.0258697076,3.53556664293,0,0,1
current_nearest,14.375,15.7104850832,9.9875669783,0,0,4.0258697076,3.53556664293,0,0,1
current_nearest,14.4,15.7104850832,9.9875669783,0,0,4.0258697076,3.53556664293,0,0,1
current_nearest,14.425,15.7104850832,9.9875669783,0,0,4.0258697076,3.53556664293,0,0,1
current_nearest,14.45,15.7104850832,9.9875669783,0,0,4.0258697076,3.53556664293,0,0,1
current_nearest,14.475,15.7104850832,9.9875669783,0,0,4.0258697076,3.53556664293,0,0,1
current_nearest,14.5,15.7104850832,9.9875669783,0,0,4.0258697076,3.53556664293,0,0,1
current_nearest,14.525,15.7104850832,9.9875669783,0,0,4.0258697076,3.53556664293,0,0,1
current_nearest,14.55,15.7104850832,9.9875669783,0,0,4.0258697076,3.53556664293,0,0,1
current_nearest,14.575,15.7104850832,9.9875669783,0,0,4.0258697076,3.53556664293,0,0,1
current_nearest,14.6,15.7104850832,9.9875669783,0,0,4.0258697076,3.53556664293,0,0,1
current_nearest,14.625,15.7104850832,9.9875669783,0,0,4.0258697076,3.53556664293,0,0,1
current_nearest,14.65,15.7104850832,9.9875669783,0,0,4.0258697076,3.53556664293,0,0,1
current_nearest,14.675,15.7104850832,9.9875669783,0,0,4.0258697076,3.53556664293,0,0,1
current_nearest,14.7,15.7104850832,9.9875669783,0,0,4.0258697076,3.53556664293,0,0,1
current_nearest,14.725,15.7104850832,9.9875669783,0,0,4.0258697076,3.53556664293,0,0,1
current_nearest,14.75,15.7104850832,9.9875669783,0,0,4.0258697076,3.53556664293,0,0,1
current_nearest,14.775,15.7104850832,9.9875669783,0,0,4.0258697076,3.53556664293,0,0,1
current_nearest,14.8,15.7104850832,9.9875669783,0,0,4.0258697076,3.53556664293,0,0,1
current_nearest,14.825,15.7104850832,9.9875669783,0,0,4.0258697076,3.53556664293,0,0,1
current_nearest,14.85,15.7104850832,9.9875669783,0,0,4.0258697076,3.53556664293,0,0,1
current_nearest,14.875,15.7104850832,9.9875669783,0,0,4.0258697076,3.53556664293,0,0,1
current_nearest,14.9,15.7104850832,9.9875669783,0,0,4.0258697076,3.53556664293,0,0,1
current_nearest,14.925,15.7104850832,9.9875669783,0,0,4.0258697076,3.53556664293,0,0,1
current_nearest,14.95,15.7104850832,9.9875669783,0,0,4.0258697076,3.53556664293,0,0,1
current_nearest,14.975,15.7104850832,9.9875669783,0,0,4.0258697076,3.53556664293,0,0,1
current_nearest,15,15.7104850832,9.9875669783,0,0,4.0258697076,3.53556664293,0,0,1
current_nearest,15.025,15.7104850832,9.9875669783,0,0,4.0258697076,3.53556664293,0,0,1
current_nearest,15.05,15.7104850832,9.9875669783,0,0,4.0258697076,3.53556664293,0,0,1
current_nearest,15.075,15.7104850832,9.9875669783,0,0,4.0258697076,3.53556664293,0,0,1
current_nearest,15.1,15.7104850832,9.9875669783,0,0,4.0258697076,3.53556664293,0,0,1
current_nearest,15.125,15.7104850832,9.9875669783,0,0,4.0258697076,3.53556664293,0,0,1
current_nearest,15.15,15.7104850832,9.9875669783,0,0,4.0258697076,3.53556664293,0,0,1
current_nearest,15.175,15.7104850832,9.9875669783,0,0,4.0258697076,3.53556664293,0,0,1
current_nearest,15.2,15.7104850832,9.9875669783,0,0,4.0258697076,3.53556664293,0,0,1
current_nearest,15.225,15.7104850832,9.9875669783,0,0,4.0258697076,3.53556664293,0,0,1
current_nearest,15.25,15.7104850832,9.9875669783,0,0,4.0258697076,3.53556664293,0,0,1
current_nearest,15.275,15.7104850832,9.9875669783,0,0,4.0258697076,3.53556664293,0,0,1
current_nearest,15.3,15.7104850832,9.9875669783,0,0,4.0258697076,3.53556664293,0,0,1
current_nearest,15.325,15.7104850832,9.9875669783,0,0,4.0258697076,3.53556664293,0,0,1
current_nearest,15.35,15.7104850832,9.9875669783,0,0,4.0258697076,3.53556664293,0,0,1
current_nearest,15.375,15.7104850832,9.9875669783,0,0,4.0258697076,3.53556664293,0,0,1
current_nearest,15.4,15.7104850832,9.9875669783,0,0,4.0258697076,3.53556664293,0,0,1
current_nearest,15.425,15.7104850832,9.9875669783,0,0,4.0258697076,3.53556664293,0,0,1
current_nearest,15.45,15.7104850832,9.9875669783,0,0,4.0258697076,3.53556664293,0,0,1
current_nearest,15.475,15.7104850832,9.9875669783,0,0,4.0258697076,3.53556664293,0,0,1
current_nearest,15.5,15.7104850832,9.9875669783,0,0,4.0258697076,3.53556664293,0,0,1
current_nearest,15.525,15.7104850832,9.9875669783,0,0,4.0258697076,3.53556664293,0,0,1
current_nearest,15.55,15.7104850832,9.9875669783,0,0,4.0258697076,3.53556664293,0,0,1
current_nearest,15.575,15.7104850832,9.9875669783,0,0,4.0258697076,3.53556664293,0,0,1
current_nearest,15.6,15.7104850832,9.9875669783,0,0,4.0258697076,3.53556664293,0,0,1
current_nearest,15.625,15.7104850832,9.9875669783,0,0,4.0258697076,3.53556664293,0,0,1
current_nearest,15.65,15.7104850832,9.9875669783,0,0,4.0258697076,3.53556664293,0,0,1
current_nearest,15.675,15.7104850832,9.9875669783,0,0,4.0258697076,3.53556664293,0,0,1
current_nearest,15.7,15.7104850832,9.9875669783,0,0,4.0258697076,3.53556664293,0,0,1
current_nearest,15.725,15.7104850832,9.9875669783,0,0,4.0258697076,3.53556664293,0,0,1
current_nearest,15.75,15.7104850832,9.9875669783,0,0,4.0258697076,3.53556664293,0,0,1
current_nearest,15.775,15.7104850832,9.9875669783,0,0,4.0258697076,3.53556664293,0,0,1
current_nearest,15.8,15.7104850832,9.9875669783,0,0,4.0258697076,3.53556664293,0,0,1
current_nearest,15.825,15.7104850832,9.9875669783,0,0,4.0258697076,3.53556664293,0,0,1
current_nearest,15.85,15.7104850832,9.9875669783,0,0,4.0258697076,3.53556664293,0,0,1
current_nearest,15.875,15.7104850832,9.9875669783,0,0,4.0258697076,3.53556664293,0,0,1
current_nearest,15.9,15.7104850832,9.9875669783,0,0,4.0258697076,3.53556664293,0,0,1
current_nearest,15.925,15.7104850832,9.9875669783,0,0,4.0258697076,3.53556664293,0,0,1
current_nearest,15.95,15.7104850832,9.9875669783,0,0,4.0258697076,3.53556664293,0,0,1
current_nearest,15.975,15.7104850832,9.9875669783,0,0,4.0258697076,3.53556664293,0,0,1
current_nearest,16,15.7104850832,9.9875669783,0,0,4.0258697076,3.53556664293,0,0,1
current_nearest,16.025,15.7104850832,9.9875669783,0,0,4.0258697076,3.53556664293,0,0,1
current_nearest,16.05,15.7104850832,9.9875669783,0,0,4.0258697076,3.53556664293,0,0,1
current_nearest,16.075,15.7104850832,9.9875669783,0,0,4.0258697076,3.53556664293,0,0,1
current_nearest,16.1,15.7104850832,9.9875669783,0,0,4.0258697076,3.53556664293,0,0,1
current_nearest,16.125,15.7104850832,9.9875669783,0,0,4.0258697076,3.53556664293,0,0,1
current_nearest,16.15,15.7104850832,9.9875669783,0,0,4.0258697076,3.53556664293,0,0,1
current_nearest,16.175,15.7104850832,9.9875669783,0,0,4.0258697076,3.53556664293,0,0,1
current_nearest,16.2,15.7104850832,9.9875669783,0,0,4.0258697076,3.53556664293,0,0,1
current_nearest,16.225,15.7104850832,9.9875669783,0,0,4.0258697076,3.53556664293,0,0,1
current_nearest,16.25,15.7104850832,9.9875669783,0,0,4.0258697076,3.53556664293,0,0,1
current_nearest,16.275,15.7104850832,9.9875669783,0,0,4.0258697076,3.53556664293,0,0,1
current_nearest,16.3,15.7104850832,9.9875669783,0,0,4.0258697076,3.53556664293,0,0,1
current_nearest,16.325,15.7104850832,9.9875669783,0,0,4.0258697076,3.53556664293,0,0,1
current_nearest,16.35,15.7104850832,9.9875669783,0,0,4.0258697076,3.53556664293,0,0,1
current_nearest,16.375,15.7104850832,9.9875669783,0,0,4.0258697076,3.53556664293,0,0,1
current_nearest,16.4,15.7104850832,9.9875669783,0,0,4.0258697076,3.53556664293,0,0,1
current_nearest,16.425,15.7104850832,9.9875669783,0,0,4.0258697076,3.53556664293,0,0,1
current_nearest,16.45,15.7104850832,9.9875669783,0,0,4.0258697076,3.53556664293,0,0,1
current_nearest,16.475,15.7104850832,9.9875669783,0,0,4.0258697076,3.53556664293,0,0,1
current_nearest,16.5,15.7104850832,9.9875669783,0,0,4.0258697076,3.53556664293,0,0,1
current_nearest,16.525,15.7104850832,9.9875669783,0,0,4.0258697076,3.53556664293,0,0,1
current_nearest,16.55,15.7104850832,9.9875669783,0,0,4.0258697076,3.53556664293,0,0,1
current_nearest,16.575,15.7104850832,9.9875669783,0,0,4.0258697076,3.53556664293,0,0,1
current_nearest,16.6,15.7104850832,9.9875669783,0,0,4.0258697076,3.53556664293,0,0,1
current_nearest,16.625,15.7104850832,9.9875669783,0,0,4.0258697076,3.53556664293,0,0,1
current_nearest,16.65,15.7104850832,9.9875669783,0,0,4.0258697076,3.53556664293,0,0,1
current_nearest,16.675,15.7104850832,9.9875669783,0,0,4.0258697076,3.53556664293,0,0,1
current_nearest,16.7,15.7104850832,9.9875669783,0,0,4.0258697076,3.53556664293,0,0,1
current_nearest,16.725,15.7104850832,9.9875669783,0,0,4.0258697076,3.53556664293,0,0,1
current_nearest,16.75,15.7104850832,9.9875669783,0,0,4.0258697076,3.53556664293,0,0,1
current_nearest,16.775,15.7104850832,9.9875669783,0,0,4.0258697076,3.53556664293,0,0,1
current_nearest,16.8,15.7104850832,9.9875669783,0,0,4.0258697076,3.53556664293,0,0,1
current_nearest,16.825,15.7104850832,9.9875669783,0,0,4.0258697076,3.53556664293,0,0,1
current_nearest,16.85,15.7104850832,9.9875669783,0,0,4.0258697076,3.53556664293,0,0,1
current_nearest,16.875,15.7104850832,9.9875669783,0,0,4.0258697076,3.53556664293,0,0,1
current_nearest,16.9,15.7104850832,9.9875669783,0,0,4.0258697076,3.53556664293,0,0,1
current_nearest,16.925,15.7104850832,9.9875669783,0,0,4.0258697076,3.53556664293,0,0,1
current_nearest,16.95,15.7104850832,9.9875669783,0,0,4.0258697076,3.53556664293,0,0,1
current_nearest,16.975,15.7104850832,9.9875669783,0,0,4.0258697076,3.53556664293,0,0,1
current_nearest,17,15.7104850832,9.9875669783,0,0,4.0258697076,3.53556664293,0,0,1
current_nearest,17.025,15.7104850832,9.9875669783,0,0,4.0258697076,3.53556664293,0,0,1
current_nearest,17.05,15.7104850832,9.9875669783,0,0,4.0258697076,3.53556664293,0,0,1
current_nearest,17.075,15.7104850832,9.9875669783,0,0,4.0258697076,3.53556664293,0,0,1
current_nearest,17.1,15.7104850832,9.9875669783,0,0,4.0258697076,3.53556664293,0,0,1
current_nearest,17.125,15.7104850832,9.9875669783,0,0,4.0258697076,3.53556664293,0,0,1
current_nearest,17.15,15.7104850832,9.9875669783,0,0,4.0258697076,3.53556664293,0,0,1
current_nearest,17.175,15.7104850832,9.9875669783,0,0,4.0258697076,3.53556664293,0,0,1
current_nearest,17.2,15.7104850832,9.9875669783,0,0,4.0258697076,3.53556664293,0,0,1
current_nearest,17.225,15.7104850832,9.9875669783,0,0,4.0258697076,3.53556664293,0,0,1
current_nearest,17.25,15.7104850832,9.9875669783,0,0,4.0258697076,3.53556664293,0,0,1
current_nearest,17.275,15.7104850832,9.9875669783,0,0,4.0258697076,3.53556664293,0,0,1
current_nearest,17.3,15.7104850832,9.9875669783,0,0,4.0258697076,3.53556664293,0,0,1
current_nearest,17.325,15.7104850832,9.9875669783,0,0,4.0258697076,3.53556664293,0,0,1
current_nearest,17.35,15.7104850832,9.9875669783,0,0,4.0258697076,3.53556664293,0,0,1
current_nearest,17.375,15.7104850832,9.9875669783,0,0,4.0258697076,3.53556664293,0,0,1
current_nearest,17.4,15.7104850832,9.9875669783,0,0,4.0258697076,3.53556664293,0,0,1
current_nearest,17.425,15.7104850832,9.9875669783,0,0,4.0258697076,3.53556664293,0,0,1
current_nearest,17.45,15.7104850832,9.9875669783,0,0,4.0258697076,3.53556664293,0,0,1
current_nearest,17.475,15.7104850832,9.9875669783,0,0,4.0258697076,3.53556664293,0,0,1
current_nearest,17.5,15.7104850832,9.9875669783,0,0,4.0258697076,3.53556664293,0,0,1
current_nearest,17.525,15.7104850832,9.9875669783,0,0,4.0258697076,3.53556664293,0,0,1
current_nearest,17.55,15.7104850832,9.9875669783,0,0,4.0258697076,3.53556664293,0,0,1
current_nearest,17.575,15.7104850832,9.9875669783,0,0,4.0258697076,3.53556664293,0,0,1
current_nearest,17.6,15.7104850832,9.9875669783,0,0,4.0258697076,3.53556664293,0,0,1
current_nearest,17.625,15.7104850832,9.9875669783,0,0,4.0258697076,3.53556664293,0,0,1
current_nearest,17.65,15.7104850832,9.9875669783,0,0,4.0258697076,3.53556664293,0,0,1
current_nearest,17.675,15.7104850832,9.9875669783,0,0,4.0258697076,3.53556664293,0,0,1
current_nearest,17.7,15.7104850832,9.9875669783,0,0,4.0258697076,3.53556664293,0,0,1
current_nearest,17.725,15.7104850832,9.9875669783,0,0,4.0258697076,3.53556664293,0,0,1
current_nearest,17.75,15.7104850832,9.9875669783,0,0,4.0258697076,3.53556664293,0,0,1
current_nearest,17.775,15.7104850832,9.9875669783,0,0,4.0258697076,3.53556664293,0,0,1
current_nearest,17.8,15.7104850832,9.9875669783,0,0,4.0258697076,3.53556664293,0,0,1
current_nearest,17.825,15.7104850832,9.9875669783,0,0,4.0258697076,3.53556664293,0,0,1
current_nearest,17.85,15.7104850832,9.9875669783,0,0,4.0258697076,3.53556664293,0,0,1
current_nearest,17.875,15.7104850832,9.9875669783,0,0,4.0258697076,3.53556664293,0,0,1
current_nearest,17.9,15.7104850832,9.9875669783,0,0,4.0258697076,3.53556664293,0,0,1
current_nearest,17.925,15.7104850832,9.9875669783,0,0,4.0258697076,3.53556664293,0,0,1
current_nearest,17.95,15.7104850832,9.9875669783,0,0,4.0258697076,3.53556664293,0,0,1
current_nearest,17.975,15.7104850832,9.9875669783,0,0,4.0258697076,3.53556664293,0,0,1
current_nearest,18,15.7104850832,9.9875669783,0,0,4.0258697076,3.53556664293,0,0,1
current_nearest,18.025,15.7104850832,9.9875669783,0,0,4.0258697076,3.53556664293,0,0,1
current_nearest,18.05,15.7104850832,9.9875669783,0,0,4.0258697076,3.53556664293,0,0,1
current_nearest,18.075,15.7104850832,9.9875669783,0,0,4.0258697076,3.53556664293,0,0,1
current_nearest,18.1,15.7104850832,9.9875669783,0,0,4.0258697076,3.53556664293,0,0,1
current_nearest,18.125,15.7104850832,9.9875669783,0,0,4.0258697076,3.53556664293,0,0,1
current_nearest,18.15,15.7104850832,9.9875669783,0,0,4.0258697076,3.53556664293,0,0,1
current_nearest,18.175,15.7104850832,9.9875669783,0,0,4.0258697076,3.53556664293,0,0,1
current_nearest,18.2,15.7104850832,9.9875669783,0,0,4.0258697076,3.53556664293,0,0,1
current_nearest,18.225,15.7104850832,9.9875669783,0,0,4.0258697076,3.53556664293,0,0,1
current_nearest,18.25,15.7104850832,9.9875669783,0,0,4.0258697076,3.53556664293,0,0,1
current_nearest,18.275,15.7104850832,9.9875669783,0,0,4.0258697076,3.53556664293,0,0,1
current_nearest,18.3,15.7104850832,9.9875669783,0,0,4.0258697076,3.53556664293,0,0,1
current_nearest,18.325,15.7104850832,9.9875669783,0,0,4.0258697076,3.53556664293,0,0,1
current_nearest,18.35,15.7104850832,9.9875669783,0,0,4.0258697076,3.53556664293,0,0,1
current_nearest,18.375,15.7104850832,9.9875669783,0,0,4.0258697076,3.53556664293,0,0,1
current_nearest,18.4,15.7104850832,9.9875669783,0,0,4.0258697076,3.53556664293,0,0,1
current_nearest,18.425,15.7104850832,9.9875669783,0,0,4.0258697076,3.53556664293,0,0,1
current_nearest,18.45,15.7104850832,9.9875669783,0,0,4.0258697076,3.53556664293,0,0,1
current_nearest,18.475,15.7104850832,9.9875669783,0,0,4.0258697076,3.53556664293,0,0,1
current_nearest,18.5,15.7104850832,9.9875669783,0,0,4.0258697076,3.53556664293,0,0,1
current_nearest,18.525,15.7104850832,9.9875669783,0,0,4.0258697076,3.53556664293,0,0,1
current_nearest,18.55,15.7104850832,9.9875669783,0,0,4.0258697076,3.53556664293,0,0,1
current_nearest,18.575,15.7104850832,9.9875669783,0,0,4.0258697076,3.53556664293,0,0,1
current_nearest,18.6,15.7104850832,9.9875669783,0,0,4.0258697076,3.53556664293,0,0,1
current_nearest,18.625,15.7104850832,9.9875669783,0,0,4.0258697076,3.53556664293,0,0,1
current_nearest,18.65,15.7104850832,9.9875669783,0,0,4.0258697076,3.53556664293,0,0,1
current_nearest,18.675,15.7104850832,9.9875669783,0,0,4.0258697076,3.53556664293,0,0,1
current_nearest,18.7,15.7104850832,9.9875669783,0,0,4.0258697076,3.53556664293,0,0,1
current_nearest,18.725,15.7104850832,9.9875669783,0,0,4.0258697076,3.53556664293,0,0,1
current_nearest,18.75,15.7104850832,9.9875669783,0,0,4.0258697076,3.53556664293,0,0,1
current_nearest,18.775,15.7104850832,9.9875669783,0,0,4.0258697076,3.53556664293,0,0,1
current_nearest,18.8,15.7104850832,9.9875669783,0,0,4.0258697076,3.53556664293,0,0,1
current_nearest,18.825,15.7104850832,9.9875669783,0,0,4.0258697076,3.53556664293,0,0,1
current_nearest,18.85,15.7104850832,9.9875669783,0,0,4.0258697076,3.53556664293,0,0,1
current_nearest,18.875,15.7104850832,9.9875669783,0,0,4.0258697076,3.53556664293,0,0,1
current_nearest,18.9,15.7104850832,9.9875669783,0,0,4.0258697076,3.53556664293,0,0,1
current_nearest,18.925,15.7104850832,9.9875669783,0,0,4.0258697076,3.53556664293,0,0,1
current_nearest,18.95,15.7104850832,9.9875669783,0,0,4.0258697076,3.53556664293,0,0,1
current_nearest,18.975,15.7104850832,9.9875669783,0,0,4.0258697076,3.53556664293,0,0,1
current_nearest,19,15.7104850832,9.9875669783,0,0,4.0258697076,3.53556664293,0,0,1
current_nearest,19.025,15.7104850832,9.9875669783,0,0,4.0258697076,3.53556664293,0,0,1
current_nearest,19.05,15.7104850832,9.9875669783,0,0,4.0258697076,3.53556664293,0,0,1
current_nearest,19.075,15.7104850832,9.9875669783,0,0,4.0258697076,3.53556664293,0,0,1
current_nearest,19.1,15.7104850832,9.9875669783,0,0,4.0258697076,3.53556664293,0,0,1
current_nearest,19.125,15.7104850832,9.9875669783,0,0,4.0258697076,3.53556664293,0,0,1
current_nearest,19.15,15.7104850832,9.9875669783,0,0,4.0258697076,3.53556664293,0,0,1
current_nearest,19.175,15.7104850832,9.9875669783,0,0,4.0258697076,3.53556664293,0,0,1
current_nearest,19.2,15.7104850832,9.9875669783,0,0,4.0258697076,3.53556664293,0,0,1
current_nearest,19.225,15.7104850832,9.9875669783,0,0,4.0258697076,3.53556664293,0,0,1
current_nearest,19.25,15.7104850832,9.9875669783,0,0,4.0258697076,3.53556664293,0,0,1
current_nearest,19.275,15.7104850832,9.9875669783,0,0,4.0258697076,3.53556664293,0,0,1
current_nearest,19.3,15.7104850832,9.9875669783,0,0,4.0258697076,3.53556664293,0,0,1
current_nearest,19.325,15.7104850832,9.9875669783,0,0,4.0258697076,3.53556664293,0,0,1
current_nearest,19.35,15.7104850832,9.9875669783,0,0,4.0258697076,3.53556664293,0,0,1
current_nearest,19.375,15.7104850832,9.9875669783,0,0,4.0258697076,3.53556664293,0,0,1
current_nearest,19.4,15.7104850832,9.9875669783,0,0,4.0258697076,3.53556664293,0,0,1
current_nearest,19.425,15.7104850832,9.9875669783,0,0,4.0258697076,3.53556664293,0,0,1
current_nearest,19.45,15.7104850832,9.9875669783,0,0,4.0258697076,3.53556664293,0,0,1
current_nearest,19.475,15.7104850832,9.9875669783,0,0,4.0258697076,3.53556664293,0,0,1
current_nearest,19.5,15.7104850832,9.9875669783,0,0,4.0258697076,3.53556664293,0,0,1
current_nearest,19.525,15.7104850832,9.9875669783,0,0,4.0258697076,3.53556664293,0,0,1
current_nearest,19.55,15.7104850832,9.9875669783,0,0,4.0258697076,3.53556664293,0,0,1
current_nearest,19.575,15.7104850832,9.9875669783,0,0,4.0258697076,3.53556664293,0,0,1
current_nearest,19.6,15.7104850832,9.9875669783,0,0,4.0258697076,3.53556664293,0,0,1
current_nearest,19.625,15.7104850832,9.9875669783,0,0,4.0258697076,3.53556664293,0,0,1
current_nearest,19.65,15.7104850832,9.9875669783,0,0,4.0258697076,3.53556664293,0,0,1
current_nearest,19.675,15.7104850832,9.9875669783,0,0,4.0258697076,3.53556664293,0,0,1
current_nearest,19.7,15.7104850832,9.9875669783,0,0,4.0258697076,3.53556664293,0,0,1
current_nearest,19.725,15.7104850832,9.9875669783,0,0,4.0258697076,3.53556664293,0,0,1
current_nearest,19.75,15.7104850832,9.9875669783,0,0,4.0258697076,3.53556664293,0,0,1
current_nearest,19.775,15.7104850832,9.9875669783,0,0,4.0258697076,3.53556664293,0,0,1
current_nearest,19.8,15.7104850832,9.9875669783,0,0,4.0258697076,3.53556664293,0,0,1
current_nearest,19.825,15.7104850832,9.9875669783,0,0,4.0258697076,3.53556664293,0,0,1
current_nearest,19.85,15.7104850832,9.9875669783,0,0,4.0258697076,3.53556664293,0,0,1
current_nearest,19.875,15.7104850832,9.9875669783,0,0,4.0258697076,3.53556664293,0,0,1
current_nearest,19.9,15.7104850832,9.9875669783,0,0,4.0258697076,3.53556664293,0,0,1
current_nearest,19.925,15.7104850832,9.9875669783,0,0,4.0258697076,3.53556664293,0,0,1
current_nearest,19.95,15.7104850832,9.9875669783,0,0,4.0258697076,3.53556664293,0,0,1
current_nearest,19.975,15.7104850832,9.9875669783,0,0,4.0258697076,3.53556664293,0,0,1
current_nearest,20,15.7104850832,9.9875669783,0,0,4.0258697076,3.53556664293,0,0,1
current_nearest,20.025,15.7104850832,9.9875669783,0,0,4.0258697076,3.53556664293,0,0,1
current_nearest,20.05,15.7104850832,9.9875669783,0,0,4.0258697076,3.53556664293,0,0,1
current_nearest,20.075,15.7104850832,9.9875669783,0,0,4.0258697076,3.53556664293,0,0,1
current_nearest,20.1,15.7104850832,9.9875669783,0,0,4.0258697076,3.53556664293,0,0,1
current_nearest,20.125,15.7104850832,9.9875669783,0,0,4.0258697076,3.53556664293,0,0,1
current_nearest,20.15,15.7104850832,9.9875669783,0,0,4.0258697076,3.53556664293,0,0,1
current_nearest,20.175,15.7104850832,9.9875669783,0,0,4.0258697076,3.53556664293,0,0,1
current_nearest,20.2,15.7104850832,9.9875669783,0,0,4.0258697076,3.53556664293,0,0,1
current_nearest,20.225,15.7104850832,9.9875669783,0,0,4.0258697076,3.53556664293,0,0,1
current_nearest,20.25,15.7104850832,9.9875669783,0,0,4.0258697076,3.53556664293,0,0,1
current_nearest,20.275,15.7104850832,9.9875669783,0,0,4.0258697076,3.53556664293,0,0,1
current_nearest,20.3,15.7104850832,9.9875669783,0,0,4.0258697076,3.53556664293,0,0,1
current_nearest,20.325,15.7104850832,9.9875669783,0,0,4.0258697076,3.53556664293,0,0,1
current_nearest,20.35,15.7104850832,9.9875669783,0,0,4.0258697076,3.53556664293,0,0,1
current_nearest,20.375,15.7104850832,9.9875669783,0,0,4.0258697076,3.53556664293,0,0,1
current_nearest,20.4,15.7104850832,9.9875669783,0,0,4.0258697076,3.53556664293,0,0,1
current_nearest,20.425,15.7104850832,9.9875669783,0,0,4.0258697076,3.53556664293,0,0,1
current_nearest,20.45,15.7104850832,9.9875669783,0,0,4.0258697076,3.53556664293,0,0,1
current_nearest,20.475,15.7104850832,9.9875669783,0,0,4.0258697076,3.53556664293,0,0,1
current_nearest,20.5,15.7104850832,9.9875669783,0,0,4.0258697076,3.53556664293,0,0,1
current_nearest,20.525,15.7104850832,9.9875669783,0,0,4.0258697076,3.53556664293,0,0,1
current_nearest,20.55,15.7104850832,9.9875669783,0,0,4.0258697076,3.53556664293,0,0,1
current_nearest,20.575,15.7104850832,9.9875669783,0,0,4.0258697076,3.53556664293,0,0,1
current_nearest,20.6,15.7104850832,9.9875669783,0,0,4.0258697076,3.53556664293,0,0,1
current_nearest,20.625,15.7104850832,9.9875669783,0,0,4.0258697076,3.53556664293,0,0,1
current_nearest,20.65,15.7104850832,9.9875669783,0,0,4.0258697076,3.53556664293,0,0,1
current_nearest,20.675,15.7104850832,9.9875669783,0,0,4.0258697076,3.53556664293,0,0,1
current_nearest,20.7,15.7104850832,9.9875669783,0,0,4.0258697076,3.53556664293,0,0,1
current_nearest,20.725,15.7104850832,9.9875669783,0,0,4.0258697076,3.53556664293,0,0,1
current_nearest,20.75,15.7104850832,9.9875669783,0,0,4.0258697076,3.53556664293,0,0,1
current_nearest,20.775,15.7104850832,9.9875669783,0,0,4.0258697076,3.53556664293,0,0,1
current_nearest,20.8,15.7104850832,9.9875669783,0,0,4.0258697076,3.53556664293,0,0,1
current_nearest,20.825,15.7104850832,9.9875669783,0,0,4.0258697076,3.53556664293,0,0,1
current_nearest,20.85,15.7104850832,9.9875669783,0,0,4.0258697076,3.53556664293,0,0,1
current_nearest,20.875,15.7104850832,9.9875669783,0,0,4.0258697076,3.53556664293,0,0,1
current_nearest,20.9,15.7104850832,9.9875669783,0,0,4.0258697076,3.53556664293,0,0,1
current_nearest,20.925,15.7104850832,9.9875669783,0,0,4.0258697076,3.53556664293,0,0,1
current_nearest,20.95,15.7104850832,9.9875669783,0,0,4.0258697076,3.53556664293,0,0,1
current_nearest,20.975,15.7104850832,9.9875669783,0,0,4.0258697076,3.53556664293,0,0,1
current_nearest,21,15.7104850832,9.9875669783,0,0,4.0258697076,3.53556664293,0,0,1
current_nearest,21.025,15.7104850832,9.9875669783,0,0,4.0258697076,3.53556664293,0,0,1
current_nearest,21.05,15.7104850832,9.9875669783,0,0,4.0258697076,3.53556664293,0,0,1
current_nearest,21.075,15.7104850832,9.9875669783,0,0,4.0258697076,3.53556664293,0,0,1
current_nearest,21.1,15.7104850832,9.9875669783,0,0,4.0258697076,3.53556664293,0,0,1
current_nearest,21.125,15.7104850832,9.9875669783,0,0,4.0258697076,3.53556664293,0,0,1
current_nearest,21.15,15.7104850832,9.9875669783,0,0,4.0258697076,3.53556664293,0,0,1
current_nearest,21.175,15.7104850832,9.9875669783,0,0,4.0258697076,3.53556664293,0,0,1
current_nearest,21.2,15.7104850832,9.9875669783,0,0,4.0258697076,3.53556664293,0,0,1
current_nearest,21.225,15.7104850832,9.9875669783,0,0,4.0258697076,3.53556664293,0,0,1
current_nearest,21.25,15.7104850832,9.9875669783,0,0,4.0258697076,3.53556664293,0,0,1
current_nearest,21.275,15.7104850832,9.9875669783,0,0,4.0258697076,3.53556664293,0,0,1
current_nearest,21.3,15.7104850832,9.9875669783,0,0,4.0258697076,3.53556664293,0,0,1
current_nearest,21.325,15.7104850832,9.9875669783,0,0,4.0258697076,3.53556664293,0,0,1
current_nearest,21.35,15.7104850832,9.9875669783,0,0,4.0258697076,3.53556664293,0,0,1
current_nearest,21.375,15.7104850832,9.9875669783,0,0,4.0258697076,3.53556664293,0,0,1
current_nearest,21.4,15.7104850832,9.9875669783,0,0,4.0258697076,3.53556664293,0,0,1
current_nearest,21.425,15.7104850832,9.9875669783,0,0,4.0258697076,3.53556664293,0,0,1
current_nearest,21.45,15.7104850832,9.9875669783,0,0,4.0258697076,3.53556664293,0,0,1
current_nearest,21.475,15.7104850832,9.9875669783,0,0,4.0258697076,3.53556664293,0,0,1
current_nearest,21.5,15.7104850832,9.9875669783,0,0,4.0258697076,3.53556664293,0,0,1
current_nearest,21.525,15.7104850832,9.9875669783,0,0,4.0258697076,3.53556664293,0,0,1
current_nearest,21.55,15.7104850832,9.9875669783,0,0,4.0258697076,3.53556664293,0,0,1
current_nearest,21.575,15.7104850832,9.9875669783,0,0,4.0258697076,3.53556664293,0,0,1
current_nearest,21.6,15.7104850832,9.9875669783,0,0,4.0258697076,3.53556664293,0,0,1
current_nearest,21.625,15.7104850832,9.9875669783,0,0,4.0258697076,3.53556664293,0,0,1
current_nearest,21.65,15.7104850832,9.9875669783,0,0,4.0258697076,3.53556664293,0,0,1
current_nearest,21.675,15.7104850832,9.9875669783,0,0,4.0258697076,3.53556664293,0,0,1
current_nearest,21.7,15.7104850832,9.9875669783,0,0,4.0258697076,3.53556664293,0,0,1
current_nearest,21.725,15.7104850832,9.9875669783,0,0,4.0258697076,3.53556664293,0,0,1
current_nearest,21.75,15.7104850832,9.9875669783,0,0,4.0258697076,3.53556664293,0,0,1
current_nearest,21.775,15.7104850832,9.9875669783,0,0,4.0258697076,3.53556664293,0,0,1
current_nearest,21.8,15.7104850832,9.9875669783,0,0,4.0258697076,3.53556664293,0,0,1
current_nearest,21.825,15.7104850832,9.9875669783,0,0,4.0258697076,3.53556664293,0,0,1
current_nearest,21.85,15.7104850832,9.9875669783,0,0,4.0258697076,3.53556664293,0,0,1
current_nearest,21.875,15.7104850832,9.9875669783,0,0,4.0258697076,3.53556664293,0,0,1
current_nearest,21.9,15.7104850832,9.9875669783,0,0,4.0258697076,3.53556664293,0,0,1
current_nearest,21.925,15.7104850832,9.9875669783,0,0,4.0258697076,3.53556664293,0,0,1
current_nearest,21.95,15.7104850832,9.9875669783,0,0,4.0258697076,3.53556664293,0,0,1
current_nearest,21.975,15.7104850832,9.9875669783,0,0,4.0258697076,3.53556664293,0,0,1
current_nearest,22,15.7104850832,9.9875669783,0,0,4.0258697076,3.53556664293,0,0,1
current_nearest,22.025,15.7104850832,9.9875669783,0,0,4.0258697076,3.53556664293,0,0,1
current_nearest,22.05,15.7104850832,9.9875669783,0,0,4.0258697076,3.53556664293,0,0,1
current_nearest,22.075,15.7104850832,9.9875669783,0,0,4.0258697076,3.53556664293,0,0,1
current_nearest,22.1,15.7104850832,9.9875669783,0,0,4.0258697076,3.53556664293,0,0,1
current_nearest,22.125,15.7104850832,9.9875669783,0,0,4.0258697076,3.53556664293,0,0,1
current_nearest,22.15,15.7104850832,9.9875669783,0,0,4.0258697076,3.53556664293,0,0,1
current_nearest,22.175,15.7104850832,9.9875669783,0,0,4.0258697076,3.53556664293,0,0,1
current_nearest,22.2,15.7104850832,9.9875669783,0,0,4.0258697076,3.53556664293,0,0,1
current_nearest,22.225,15.7104850832,9.9875669783,0,0,4.0258697076,3.53556664293,0,0,1
current_nearest,22.25,15.7104850832,9.9875669783,0,0,4.0258697076,3.53556664293,0,0,1
current_nearest,22.275,15.7104850832,9.9875669783,0,0,4.0258697076,3.53556664293,0,0,1
current_nearest,22.3,15.7104850832,9.9875669783,0,0,4.0258697076,3.53556664293,0,0,1
current_nearest,22.325,15.7104850832,9.9875669783,0,0,4.0258697076,3.53556664293,0,0,1
current_nearest,22.35,15.7104850832,9.9875669783,0,0,4.0258697076,3.53556664293,0,0,1
current_nearest,22.375,15.7104850832,9.9875669783,0,0,4.0258697076,3.53556664293,0,0,1
current_nearest,22.4,15.7104850832,9.9875669783,0,0,4.0258697076,3.53556664293,0,0,1
current_nearest,22.425,15.7104850832,9.9875669783,0,0,4.0258697076,3.53556664293,0,0,1
current_nearest,22.45,15.7104850832,9.9875669783,0,0,4.0258697076,3.53556664293,0,0,1
current_nearest,22.475,15.7104850832,9.9875669783,0,0,4.0258697076,3.53556664293,0,0,1
current_nearest,22.5,15.7104850832,9.9875669783,0,0,4.0258697076,3.53556664293,0,0,1
current_nearest,22.525,15.7104850832,9.9875669783,0,0,4.0258697076,3.53556664293,0,0,1
current_nearest,22.55,15.7104850832,9.9875669783,0,0,4.0258697076,3.53556664293,0,0,1
current_nearest,22.575,15.7104850832,9.9875669783,0,0,4.0258697076,3.53556664293,0,0,1
current_nearest,22.6,15.7104850832,9.9875669783,0,0,4.0258697076,3.53556664293,0,0,1
current_nearest,22.625,15.7104850832,9.9875669783,0,0,4.0258697076,3.53556664293,0,0,1
current_nearest,22.65,15.7104850832,9.9875669783,0,0,4.0258697076,3.53556664293,0,0,1
current_nearest,22.675,15.7104850832,9.9875669783,0,0,4.0258697076,3.53556664293,0,0,1
current_nearest,22.7,15.7104850832,9.9875669783,0,0,4.0258697076,3.53556664293,0,0,1
current_nearest,22.725,15.7104850832,9.9875669783,0,0,4.0258697076,3.53556664293,0,0,1
current_nearest,22.75,15.7104850832,9.9875669783,0,0,4.0258697076,3.53556664293,0,0,1
current_nearest,22.775,15.7104850832,9.9875669783,0,0,4.0258697076,3.53556664293,0,0,1
current_nearest,22.8,15.7104850832,9.9875669783,0,0,4.0258697076,3.53556664293,0,0,1
current_nearest,22.825,15.7104850832,9.9875669783,0,0,4.0258697076,3.53556664293,0,0,1
current_nearest,22.85,15.7104850832,9.9875669783,0,0,4.0258697076,3.53556664293,0,0,1
current_nearest,22.875,15.7104850832,9.9875669783,0,0,4.0258697076,3.53556664293,0,0,1
current_nearest,22.9,15.7104850832,9.9875669783,0,0,4.0258697076,3.53556664293,0,0,1
current_nearest,22.925,15.7104850832,9.9875669783,0,0,4.0258697076,3.53556664293,0,0,1
current_nearest,22.95,15.7104850832,9.9875669783,0,0,4.0258697076,3.53556664293,0,0,1
current_nearest,22.975,15.7104850832,9.9875669783,0,0,4.0258697076,3.53556664293,0,0,1
current_nearest,23,15.7104850832,9.9875669783,0,0,4.0258697076,3.53556664293,0,0,1
current_nearest,23.025,15.7104850832,9.9875669783,0,0,4.0258697076,3.53556664293,0,0,1
current_nearest,23.05,15.7104850832,9.9875669783,0,0,4.0258697076,3.53556664293,0,0,1
current_nearest,23.075,15.7104850832,9.9875669783,0,0,4.0258697076,3.53556664293,0,0,1
current_nearest,23.1,15.7104850832,9.9875669783,0,0,4.0258697076,3.53556664293,0,0,1
current_nearest,23.125,15.7104850832,9.9875669783,0,0,4.0258697076,3.53556664293,0,0,1
current_nearest,23.15,15.7104850832,9.9875669783,0,0,4.0258697076,3.53556664293,0,0,1
current_nearest,23.175,15.7104850832,9.9875669783,0,0,4.0258697076,3.53556664293,0,0,1
current_nearest,23.2,15.7104850832,9.9875669783,0,0,4.0258697076,3.53556664293,0,0,1
current_nearest,23.225,15.7104850832,9.9875669783,0,0,4.0258697076,3.53556664293,0,0,1
current_nearest,23.25,15.7104850832,9.9875669783,0,0,4.0258697076,3.53556664293,0,0,1
current_nearest,23.275,15.7104850832,9.9875669783,0,0,4.0258697076,3.53556664293,0,0,1
current_nearest,23.3,15.7104850832,9.9875669783,0,0,4.0258697076,3.53556664293,0,0,1
current_nearest,23.325,15.7104850832,9.9875669783,0,0,4.0258697076,3.53556664293,0,0,1
current_nearest,23.35,15.7104850832,9.9875669783,0,0,4.0258697076,3.53556664293,0,0,1
current_nearest,23.375,15.7104850832,9.9875669783,0,0,4.0258697076,3.53556664293,0,0,1
current_nearest,23.4,15.7104850832,9.9875669783,0,0,4.0258697076,3.53556664293,0,0,1
current_nearest,23.425,15.7104850832,9.9875669783,0,0,4.0258697076,3.53556664293,0,0,1
current_nearest,23.45,15.7104850832,9.9875669783,0,0,4.0258697076,3.53556664293,0,0,1
current_nearest,23.475,15.7104850832,9.9875669783,0,0,4.0258697076,3.53556664293,0,0,1
current_nearest,23.5,15.7104850832,9.9875669783,0,0,4.0258697076,3.53556664293,0,0,1
current_nearest,23.525,15.7104850832,9.9875669783,0,0,4.0258697076,3.53556664293,0,0,1
current_nearest,23.55,15.7104850832,9.9875669783,0,0,4.0258697076,3.53556664293,0,0,1
current_nearest,23.575,15.7104850832,9.9875669783,0,0,4.0258697076,3.53556664293,0,0,1
current_nearest,23.6,15.7104850832,9.9875669783,0,0,4.0258697076,3.53556664293,0,0,1
current_nearest,23.625,15.7104850832,9.9875669783,0,0,4.0258697076,3.53556664293,0,0,1
current_nearest,23.65,15.7104850832,9.9875669783,0,0,4.0258697076,3.53556664293,0,0,1
current_nearest,23.675,15.7104850832,9.9875669783,0,0,4.0258697076,3.53556664293,0,0,1
current_nearest,23.7,15.7104850832,9.9875669783,0,0,4.0258697076,3.53556664293,0,0,1
current_nearest,23.725,15.7104850832,9.9875669783,0,0,4.0258697076,3.53556664293,0,0,1
current_nearest,23.75,15.7104850832,9.9875669783,0,0,4.0258697076,3.53556664293,0,0,1
current_nearest,23.775,15.7104850832,9.9875669783,0,0,4.0258697076,3.53556664293,0,0,1
current_nearest,23.8,15.7104850832,9.9875669783,0,0,4.0258697076,3.53556664293,0,0,1
current_nearest,23.825,15.7104850832,9.9875669783,0,0,4.0258697076,3.53556664293,0,0,1
current_nearest,23.85,15.7104850832,9.9875669783,0,0,4.0258697076,3.53556664293,0,0,1
current_nearest,23.875,15.7104850832,9.9875669783,0,0,4.0258697076,3.53556664293,0,0,1
current_nearest,23.9,15.7104850832,9.9875669783,0,0,4.0258697076,3.53556664293,0,0,1
current_nearest,23.925,15.7104850832,9.9875669783,0,0,4.0258697076,3.53556664293,0,0,1
current_nearest,23.95,15.7104850832,9.9875669783,0,0,4.0258697076,3.53556664293,0,0,1
current_nearest,23.975,15.7104850832,9.9875669783,0,0,4.0258697076,3.53556664293,0,0,1
current_nearest,24,15.7104850832,9.9875669783,0,0,4.0258697076,3.53556664293,0,0,1
current_nearest,24.025,15.7104850832,9.9875669783,0,0,4.0258697076,3.53556664293,0,0,1
current_nearest,24.05,15.7104850832,9.9875669783,0,0,4.0258697076,3.53556664293,0,0,1
current_nearest,24.075,15.7104850832,9.9875669783,0,0,4.0258697076,3.53556664293,0,0,1
current_nearest,24.1,15.7104850832,9.9875669783,0,0,4.0258697076,3.53556664293,0,0,1
current_nearest,24.125,15.7104850832,9.9875669783,0,0,4.0258697076,3.53556664293,0,0,1
current_nearest,24.15,15.7104850832,9.9875669783,0,0,4.0258697076,3.53556664293,0,0,1
current_nearest,24.175,15.7104850832,9.9875669783,0,0,4.0258697076,3.53556664293,0,0,1
current_nearest,24.2,15.7104850832,9.9875669783,0,0,4.0258697076,3.53556664293,0,0,1
current_nearest,24.225,15.7104850832,9.9875669783,0,0,4.0258697076,3.53556664293,0,0,1
current_nearest,24.25,15.7104850832,9.9875669783,0,0,4.0258697076,3.53556664293,0,0,1
current_nearest,24.275,15.7104850832,9.9875669783,0,0,4.0258697076,3.53556664293,0,0,1
current_nearest,24.3,15.7104850832,9.9875669783,0,0,4.0258697076,3.53556664293,0,0,1
current_nearest,24.325,15.7104850832,9.9875669783,0,0,4.0258697076,3.53556664293,0,0,1
current_nearest,24.35,15.7104850832,9.9875669783,0,0,4.0258697076,3.53556664293,0,0,1
current_nearest,24.375,15.7104850832,9.9875669783,0,0,4.0258697076,3.53556664293,0,0,1
current_nearest,24.4,15.7104850832,9.9875669783,0,0,4.0258697076,3.53556664293,0,0,1
current_nearest,24.425,15.7104850832,9.9875669783,0,0,4.0258697076,3.53556664293,0,0,1
current_nearest,24.45,15.7104850832,9.9875669783,0,0,4.0258697076,3.53556664293,0,0,1
current_nearest,24.475,15.7104850832,9.9875669783,0,0,4.0258697076,3.53556664293,0,0,1
current_nearest,24.5,15.7104850832,9.9875669783,0,0,4.0258697076,3.53556664293,0,0,1
current_nearest,24.525,15.7104850832,9.9875669783,0,0,4.0258697076,3.53556664293,0,0,1
current_nearest,24.55,15.7104850832,9.9875669783,0,0,4.0258697076,3.53556664293,0,0,1
current_nearest,24.575,15.7104850832,9.9875669783,0,0,4.0258697076,3.53556664293,0,0,1
current_nearest,24.6,15.7104850832,9.9875669783,0,0,4.0258697076,3.53556664293,0,0,1
current_nearest,24.625,15.7104850832,9.9875669783,0,0,4.0258697076,3.53556664293,0,0,1
current_nearest,24.65,15.7104850832,9.9875669783,0,0,4.0258697076,3.53556664293,0,0,1
current_nearest,24.675,15.7104850832,9.9875669783,0,0,4.0258697076,3.53556664293,0,0,1
current_nearest,24.7,15.7104850832,9.9875669783,0,0,4.0258697076,3.53556664293,0,0,1
current_nearest,24.725,15.7104850832,9.9875669783,0,0,4.0258697076,3.53556664293,0,0,1
current_nearest,24.75,15.7104850832,9.9875669783,0,0,4.0258697076,3.53556664293,0,0,1
current_nearest,24.775,15.7104850832,9.9875669783,0,0,4.0258697076,3.53556664293,0,0,1
current_nearest,24.8,15.7104850832,9.9875669783,0,0,4.0258697076,3.53556664293,0,0,1
current_nearest,24.825,15.7104850832,9.9875669783,0,0,4.0258697076,3.53556664293,0,0,1
current_nearest,24.85,15.7104850832,9.9875669783,0,0,4.0258697076,3.53556664293,0,0,1
current_nearest,24.875,15.7104850832,9.9875669783,0,0,4.0258697076,3.53556664293,0,0,1
current_nearest,24.9,15.7104850832,9.9875669783,0,0,4.0258697076,3.53556664293,0,0,1
current_nearest,24.925,15.7104850832,9.9875669783,0,0,4.0258697076,3.53556664293,0,0,1
current_nearest,24.95,15.7104850832,9.9875669783,0,0,4.0258697076,3.53556664293,0,0,1
current_nearest,24.975,15.7104850832,9.9875669783,0,0,4.0258697076,3.53556664293,0,0,1
current_nearest,25,15.7104850832,9.9875669783,0,0,4.0258697076,3.53556664293,0,0,1
current_nearest,25.025,15.7104850832,9.9875669783,0,0,4.0258697076,3.53556664293,0,0,1
current_nearest,25.05,15.7104850832,9.9875669783,0,0,4.0258697076,3.53556664293,0,0,1
current_nearest,25.075,15.7104850832,9.9875669783,0,0,4.0258697076,3.53556664293,0,0,1
current_nearest,25.1,15.7104850832,9.9875669783,0,0,4.0258697076,3.53556664293,0,0,1
current_nearest,25.125,15.7104850832,9.9875669783,0,0,4.0258697076,3.53556664293,0,0,1
current_nearest,25.15,15.7104850832,9.9875669783,0,0,4.0258697076,3.53556664293,0,0,1
current_nearest,25.175,15.7104850832,9.9875669783,0,0,4.0258697076,3.53556664293,0,0,1
current_nearest,25.2,15.7104850832,9.9875669783,0,0,4.0258697076,3.53556664293,0,0,1
current_nearest,25.225,15.7104850832,9.9875669783,0,0,4.0258697076,3.53556664293,0,0,1
current_nearest,25.25,15.7104850832,9.9875669783,0,0,4.0258697076,3.53556664293,0,0,1
current_nearest,25.275,15.7104850832,9.9875669783,0,0,4.0258697076,3.53556664293,0,0,1
current_nearest,25.3,15.7104850832,9.9875669783,0,0,4.0258697076,3.53556664293,0,0,1
current_nearest,25.325,15.7104850832,9.9875669783,0,0,4.0258697076,3.53556664293,0,0,1
current_nearest,25.35,15.7104850832,9.9875669783,0,0,4.0258697076,3.53556664293,0,0,1
current_nearest,25.375,15.7104850832,9.9875669783,0,0,4.0258697076,3.53556664293,0,0,1
current_nearest,25.4,15.7104850832,9.9875669783,0,0,4.0258697076,3.53556664293,0,0,1
current_nearest,25.425,15.7104850832,9.9875669783,0,0,4.0258697076,3.53556664293,0,0,1
current_nearest,25.45,15.7104850832,9.9875669783,0,0,4.0258697076,3.53556664293,0,0,1
current_nearest,25.475,15.7104850832,9.9875669783,0,0,4.0258697076,3.53556664293,0,0,1
current_nearest,25.5,15.7104850832,9.9875669783,0,0,4.0258697076,3.53556664293,0,0,1
current_nearest,25.525,15.7104850832,9.9875669783,0,0,4.0258697076,3.53556664293,0,0,1
current_nearest,25.55,15.7104850832,9.9875669783,0,0,4.0258697076,3.53556664293,0,0,1
current_nearest,25.575,15.7104850832,9.9875669783,0,0,4.0258697076,3.53556664293,0,0,1
current_nearest,25.6,15.7104850832,9.9875669783,0,0,4.0258697076,3.53556664293,0,0,1
current_nearest,25.625,15.7104850832,9.9875669783,0,0,4.0258697076,3.53556664293,0,0,1
current_nearest,25.65,15.7104850832,9.9875669783,0,0,4.0258697076,3.53556664293,0,0,1
current_nearest,25.675,15.7104850832,9.9875669783,0,0,4.0258697076,3.53556664293,0,0,1
current_nearest,25.7,15.7104850832,9.9875669783,0,0,4.0258697076,3.53556664293,0,0,1
current_nearest,25.725,15.7104850832,9.9875669783,0,0,4.0258697076,3.53556664293,0,0,1
current_nearest,25.75,15.7104850832,9.9875669783,0,0,4.0258697076,3.53556664293,0,0,1
current_nearest,25.775,15.7104850832,9.9875669783,0,0,4.0258697076,3.53556664293,0,0,1
current_nearest,25.8,15.7104850832,9.9875669783,0,0,4.0258697076,3.53556664293,0,0,1
current_nearest,25.825,15.7104850832,9.9875669783,0,0,4.0258697076,3.53556664293,0,0,1
current_nearest,25.85,15.7104850832,9.9875669783,0,0,4.0258697076,3.53556664293,0,0,1
current_nearest,25.875,15.7104850832,9.9875669783,0,0,4.0258697076,3.53556664293,0,0,1
current_nearest,25.9,15.7104850832,9.9875669783,0,0,4.0258697076,3.53556664293,0,0,1
current_nearest,25.925,15.7104850832,9.9875669783,0,0,4.0258697076,3.53556664293,0,0,1
current_nearest,25.95,15.7104850832,9.9875669783,0,0,4.0258697076,3.53556664293,0,0,1
current_nearest,25.975,15.7104850832,9.9875669783,0,0,4.0258697076,3.53556664293,0,0,1
current_nearest,26,15.7104850832,9.9875669783,0,0,4.0258697076,3.53556664293,0,0,1
current_nearest,26.025,15.7104850832,9.9875669783,0,0,4.0258697076,3.53556664293,0,0,1
current_nearest,26.05,15.7104850832,9.9875669783,0,0,4.0258697076,3.53556664293,0,0,1
current_nearest,26.075,15.7104850832,9.9875669783,0,0,4.0258697076,3.53556664293,0,0,1
current_nearest,26.1,15.7104850832,9.9875669783,0,0,4.0258697076,3.53556664293,0,0,1
current_nearest,26.125,15.7104850832,9.9875669783,0,0,4.0258697076,3.53556664293,0,0,1
current_nearest,26.15,15.7104850832,9.9875669783,0,0,4.0258697076,3.53556664293,0,0,1
current_nearest,26.175,15.7104850832,9.9875669783,0,0,4.0258697076,3.53556664293,0,0,1
current_nearest,26.2,15.7104850832,9.9875669783,0,0,4.0258697076,3.53556664293,0,0,1
current_nearest,26.225,15.7104850832,9.9875669783,0,0,4.0258697076,3.53556664293,0,0,1
current_nearest,26.25,15.7104850832,9.9875669783,0,0,4.0258697076,3.53556664293,0,0,1
current_nearest,26.275,15.7104850832,9.9875669783,0,0,4.0258697076,3.53556664293,0,0,1
current_nearest,26.3,15.7104850832,9.9875669783,0,0,4.0258697076,3.53556664293,0,0,1
current_nearest,26.325,15.7104850832,9.9875669783,0,0,4.0258697076,3.53556664293,0,0,1
current_nearest,26.35,15.7104850832,9.9875669783,0,0,4.0258697076,3.53556664293,0,0,1
current_nearest,26.375,15.7104850832,9.9875669783,0,0,4.0258697076,3.53556664293,0,0,1
current_nearest,26.4,15.7104850832,9.9875669783,0,0,4.0258697076,3.53556664293,0,0,1
current_nearest,26.425,15.7104850832,9.9875669783,0,0,4.0258697076,3.53556664293,0,0,1
current_nearest,26.45,15.7104850832,9.9875669783,0,0,4.0258697076,3.53556664293,0,0,1
current_nearest,26.475,15.7104850832,9.9875669783,0,0,4.0258697076,3.53556664293,0,0,1
current_nearest,26.5,15.7104850832,9.9875669783,0,0,4.0258697076,3.53556664293,0,0,1
current_nearest,26.525,15.7104850832,9.9875669783,0,0,4.0258697076,3.53556664293,0,0,1
current_nearest,26.55,15.7104850832,9.9875669783,0,0,4.0258697076,3.53556664293,0,0,1
current_nearest,26.575,15.7104850832,9.9875669783,0,0,4.0258697076,3.53556664293,0,0,1
current_nearest,26.6,15.7104850832,9.9875669783,0,0,4.0258697076,3.53556664293,0,0,1
current_nearest,26.625,15.7104850832,9.9875669783,0,0,4.0258697076,3.53556664293,0,0,1
current_nearest,26.65,15.7104850832,9.9875669783,0,0,4.0258697076,3.53556664293,0,0,1
current_nearest,26.675,15.7104850832,9.9875669783,0,0,4.0258697076,3.53556664293,0,0,1
current_nearest,26.7,15.7104850832,9.9875669783,0,0,4.0258697076,3.53556664293,0,0,1
current_nearest,26.725,15.7104850832,9.9875669783,0,0,4.0258697076,3.53556664293,0,0,1
current_nearest,26.75,15.7104850832,9.9875669783,0,0,4.0258697076,3.53556664293,0,0,1
current_nearest,26.775,15.7104850832,9.9875669783,0,0,4.0258697076,3.53556664293,0,0,1
current_nearest,26.8,15.7104850832,9.9875669783,0,0,4.0258697076,3.53556664293,0,0,1
current_nearest,26.825,15.7104850832,9.9875669783,0,0,4.0258697076,3.53556664293,0,0,1
current_nearest,26.85,15.7104850832,9.9875669783,0,0,4.0258697076,3.53556664293,0,0,1
current_nearest,26.875,15.7104850832,9.9875669783,0,0,4.0258697076,3.53556664293,0,0,1
current_nearest,26.9,15.7104850832,9.9875669783,0,0,4.0258697076,3.53556664293,0,0,1
current_nearest,26.925,15.7104850832,9.9875669783,0,0,4.0258697076,3.53556664293,0,0,1
current_nearest,26.95,15.7104850832,9.9875669783,0,0,4.0258697076,3.53556664293,0,0,1
current_nearest,26.975,15.7104850832,9.9875669783,0,0,4.0258697076,3.53556664293,0,0,1
current_nearest,27,15.7104850832,9.9875669783,0,0,4.0258697076,3.53556664293,0,0,1
current_nearest,27.025,15.7104850832,9.9875669783,0,0,4.0258697076,3.53556664293,0,0,1
current_nearest,27.05,15.7104850832,9.9875669783,0,0,4.0258697076,3.53556664293,0,0,1
current_nearest,27.075,15.7104850832,9.9875669783,0,0,4.0258697076,3.53556664293,0,0,1
current_nearest,27.1,15.7104850832,9.9875669783,0,0,4.0258697076,3.53556664293,0,0,1
current_nearest,27.125,15.7104850832,9.9875669783,0,0,4.0258697076,3.53556664293,0,0,1
current_nearest,27.15,15.7104850832,9.9875669783,0,0,4.0258697076,3.53556664293,0,0,1
current_nearest,27.175,15.7104850832,9.9875669783,0,0,4.0258697076,3.53556664293,0,0,1
current_nearest,27.2,15.7104850832,9.9875669783,0,0,4.0258697076,3.53556664293,0,0,1
current_nearest,27.225,15.7104850832,9.9875669783,0,0,4.0258697076,3.53556664293,0,0,1
current_nearest,27.25,15.7104850832,9.9875669783,0,0,4.0258697076,3.53556664293,0,0,1
current_nearest,27.275,15.7104850832,9.9875669783,0,0,4.0258697076,3.53556664293,0,0,1
current_nearest,27.3,15.7104850832,9.9875669783,0,0,4.0258697076,3.53556664293,0,0,1
current_nearest,27.325,15.7104850832,9.9875669783,0,0,4.0258697076,3.53556664293,0,0,1
current_nearest,27.35,15.7104850832,9.9875669783,0,0,4.0258697076,3.53556664293,0,0,1
current_nearest,27.375,15.7104850832,9.9875669783,0,0,4.0258697076,3.53556664293,0,0,1
current_nearest,27.4,15.7104850832,9.9875669783,0,0,4.0258697076,3.53556664293,0,0,1
current_nearest,27.425,15.7104850832,9.9875669783,0,0,4.0258697076,3.53556664293,0,0,1
current_nearest,27.45,15.7104850832,9.9875669783,0,0,4.0258697076,3.53556664293,0,0,1
current_nearest,27.475,15.7104850832,9.9875669783,0,0,4.0258697076,3.53556664293,0,0,1
current_nearest,27.5,15.7104850832,9.9875669783,0,0,4.0258697076,3.53556664293,0,0,1
current_nearest,27.525,15.7104850832,9.9875669783,0,0,4.0258697076,3.53556664293,0,0,1
current_nearest,27.55,15.7104850832,9.9875669783,0,0,4.0258697076,3.53556664293,0,0,1
current_nearest,27.575,15.7104850832,9.9875669783,0,0,4.0258697076,3.53556664293,0,0,1
current_nearest,27.6,15.7104850832,9.9875669783,0,0,4.0258697076,3.53556664293,0,0,1
current_nearest,27.625,15.7104850832,9.9875669783,0,0,4.0258697076,3.53556664293,0,0,1
current_nearest,27.65,15.7104850832,9.9875669783,0,0,4.0258697076,3.53556664293,0,0,1
current_nearest,27.675,15.7104850832,9.9875669783,0,0,4.0258697076,3.53556664293,0,0,1
current_nearest,27.7,15.7104850832,9.9875669783,0,0,4.0258697076,3.53556664293,0,0,1
current_nearest,27.725,15.7104850832,9.9875669783,0,0,4.0258697076,3.53556664293,0,0,1
current_nearest,27.75,15.7104850832,9.9875669783,0,0,4.0258697076,3.53556664293,0,0,1
current_nearest,27.775,15.7104850832,9.9875669783,0,0,4.0258697076,3.53556664293,0,0,1
current_nearest,27.8,15.7104850832,9.9875669783,0,0,4.0258697076,3.53556664293,0,0,1
current_nearest,27.825,15.7104850832,9.9875669783,0,0,4.0258697076,3.53556664293,0,0,1
current_nearest,27.85,15.7104850832,9.9875669783,0,0,4.0258697076,3.53556664293,0,0,1
current_nearest,27.875,15.7104850832,9.9875669783,0,0,4.0258697076,3.53556664293,0,0,1
current_nearest,27.9,15.7104850832,9.9875669783,0,0,4.0258697076,3.53556664293,0,0,1
current_nearest,27.925,15.7104850832,9.9875669783,0,0,4.0258697076,3.53556664293,0,0,1
current_nearest,27.95,15.7104850832,9.9875669783,0,0,4.0258697076,3.53556664293,0,0,1
current_nearest,27.975,15.7104850832,9.9875669783,0,0,4.0258697076,3.53556664293,0,0,1
current_nearest,28,15.7104850832,9.9875669783,0,0,4.0258697076,3.53556664293,0,0,1
current_nearest,28.025,15.7104850832,9.9875669783,0,0,4.0258697076,3.53556664293,0,0,1
current_nearest,28.05,15.7104850832,9.9875669783,0,0,4.0258697076,3.53556664293,0,0,1
current_nearest,28.075,15.7104850832,9.9875669783,0,0,4.0258697076,3.53556664293,0,0,1
current_nearest,28.1,15.7104850832,9.9875669783,0,0,4.0258697076,3.53556664293,0,0,1
current_nearest,28.125,15.7104850832,9.9875669783,0,0,4.0258697076,3.53556664293,0,0,1
current_nearest,28.15,15.7104850832,9.9875669783,0,0,4.0258697076,3.53556664293,0,0,1
current_nearest,28.175,15.7104850832,9.9875669783,0,0,4.0258697076,3.53556664293,0,0,1
current_nearest,28.2,15.7104850832,9.9875669783,0,0,4.0258697076,3.53556664293,0,0,1
current_nearest,28.225,15.7104850832,9.9875669783,0,0,4.0258697076,3.53556664293,0,0,1
current_nearest,28.25,15.7104850832,9.9875669783,0,0,4.0258697076,3.53556664293,0,0,1
current_nearest,28.275,15.7104850832,9.9875669783,0,0,4.0258697076,3.53556664293,0,0,1
current_nearest,28.3,15.7104850832,9.9875669783,0,0,4.0258697076,3.53556664293,0,0,1
current_nearest,28.325,15.7104850832,9.9875669783,0,0,4.0258697076,3.53556664293,0,0,1
current_nearest,28.35,15.7104850832,9.9875669783,0,0,4.0258697076,3.53556664293,0,0,1
current_nearest,28.375,15.7104850832,9.9875669783,0,0,4.0258697076,3.53556664293,0,0,1
current_nearest,28.4,15.7104850832,9.9875669783,0,0,4.0258697076,3.53556664293,0,0,1
current_nearest,28.425,15.7104850832,9.9875669783,0,0,4.0258697076,3.53556664293,0,0,1
current_nearest,28.45,15.7104850832,9.9875669783,0,0,4.0258697076,3.53556664293,0,0,1
current_nearest,28.475,15.7104850832,9.9875669783,0,0,4.0258697076,3.53556664293,0,0,1
current_nearest,28.5,15.7104850832,9.9875669783,0,0,4.0258697076,3.53556664293,0,0,1
current_nearest,28.525,15.7104850832,9.9875669783,0,0,4.0258697076,3.53556664293,0,0,1
current_nearest,28.55,15.7104850832,9.9875669783,0,0,4.0258697076,3.53556664293,0,0,1
current_nearest,28.575,15.7104850832,9.9875669783,0,0,4.0258697076,3.53556664293,0,0,1
current_nearest,28.6,15.7104850832,9.9875669783,0,0,4.0258697076,3.53556664293,0,0,1
current_nearest,28.625,15.7104850832,9.9875669783,0,0,4.0258697076,3.53556664293,0,0,1
current_nearest,28.65,15.7104850832,9.9875669783,0,0,4.0258697076,3.53556664293,0,0,1
current_nearest,28.675,15.7104850832,9.9875669783,0,0,4.0258697076,3.53556664293,0,0,1
current_nearest,28.7,15.7104850832,9.9875669783,0,0,4.0258697076,3.53556664293,0,0,1
current_nearest,28.725,15.7104850832,9.9875669783,0,0,4.0258697076,3.53556664293,0,0,1
current_nearest,28.75,15.7104850832,9.9875669783,0,0,4.0258697076,3.53556664293,0,0,1
current_nearest,28.775,15.7104850832,9.9875669783,0,0,4.0258697076,3.53556664293,0,0,1
current_nearest,28.8,15.7104850832,9.9875669783,0,0,4.0258697076,3.53556664293,0,0,1
current_nearest,28.825,15.7104850832,9.9875669783,0,0,4.0258697076,3.53556664293,0,0,1
current_nearest,28.85,15.7104850832,9.9875669783,0,0,4.0258697076,3.53556664293,0,0,1
current_nearest,28.875,15.7104850832,9.9875669783,0,0,4.0258697076,3.53556664293,0,0,1
current_nearest,28.9,15.7104850832,9.9875669783,0,0,4.0258697076,3.53556664293,0,0,1
current_nearest,28.925,15.7104850832,9.9875669783,0,0,4.0258697076,3.53556664293,0,0,1
current_nearest,28.95,15.7104850832,9.9875669783,0,0,4.0258697076,3.53556664293,0,0,1
current_nearest,28.975,15.7104850832,9.9875669783,0,0,4.0258697076,3.53556664293,0,0,1
current_nearest,29,15.7104850832,9.9875669783,0,0,4.0258697076,3.53556664293,0,0,1
current_nearest,29.025,15.7104850832,9.9875669783,0,0,4.0258697076,3.53556664293,0,0,1
current_nearest,29.05,15.7104850832,9.9875669783,0,0,4.0258697076,3.53556664293,0,0,1
current_nearest,29.075,15.7104850832,9.9875669783,0,0,4.0258697076,3.53556664293,0,0,1
current_nearest,29.1,15.7104850832,9.9875669783,0,0,4.0258697076,3.53556664293,0,0,1
current_nearest,29.125,15.7104850832,9.9875669783,0,0,4.0258697076,3.53556664293,0,0,1
current_nearest,29.15,15.7104850832,9.9875669783,0,0,4.0258697076,3.53556664293,0,0,1
current_nearest,29.175,15.7104850832,9.9875669783,0,0,4.0258697076,3.53556664293,0,0,1
current_nearest,29.2,15.7104850832,9.9875669783,0,0,4.0258697076,3.53556664293,0,0,1
current_nearest,29.225,15.7104850832,9.9875669783,0,0,4.0258697076,3.53556664293,0,0,1
current_nearest,29.25,15.7104850832,9.9875669783,0,0,4.0258697076,3.53556664293,0,0,1
current_nearest,29.275,15.7104850832,9.9875669783,0,0,4.0258697076,3.53556664293,0,0,1
current_nearest,29.3,15.7104850832,9.9875669783,0,0,4.0258697076,3.53556664293,0,0,1
current_nearest,29.325,15.7104850832,9.9875669783,0,0,4.0258697076,3.53556664293,0,0,1
current_nearest,29.35,15.7104850832,9.9875669783,0,0,4.0258697076,3.53556664293,0,0,1
current_nearest,29.375,15.7104850832,9.9875669783,0,0,4.0258697076,3.53556664293,0,0,1
current_nearest,29.4,15.7104850832,9.9875669783,0,0,4.0258697076,3.53556664293,0,0,1
current_nearest,29.425,15.7104850832,9.9875669783,0,0,4.0258697076,3.53556664293,0,0,1
current_nearest,29.45,15.7104850832,9.9875669783,0,0,4.0258697076,3.53556664293,0,0,1
current_nearest,29.475,15.7104850832,9.9875669783,0,0,4.0258697076,3.53556664293,0,0,1
current_nearest,29.5,15.7104850832,9.9875669783,0,0,4.0258697076,3.53556664293,0,0,1
current_nearest,29.525,15.7104850832,9.9875669783,0,0,4.0258697076,3.53556664293,0,0,1
current_nearest,29.55,15.7104850832,9.9875669783,0,0,4.0258697076,3.53556664293,0,0,1
current_nearest,29.575,15.7104850832,9.9875669783,0,0,4.0258697076,3.53556664293,0,0,1
current_nearest,29.6,15.7104850832,9.9875669783,0,0,4.0258697076,3.53556664293,0,0,1
current_nearest,29.625,15.7104850832,9.9875669783,0,0,4.0258697076,3.53556664293,0,0,1
current_nearest,29.65,15.7104850832,9.9875669783,0,0,4.0258697076,3.53556664293,0,0,1
current_nearest,29.675,15.7104850832,9.9875669783,0,0,4.0258697076,3.53556664293,0,0,1
current_nearest,29.7,15.7104850832,9.9875669783,0,0,4.0258697076,3.53556664293,0,0,1
current_nearest,29.725,15.7104850832,9.9875669783,0,0,4.0258697076,3.53556664293,0,0,1
current_nearest,29.75,15.7104850832,9.9875669783,0,0,4.0258697076,3.53556664293,0,0,1
current_nearest,29.775,15.7104850832,9.9875669783,0,0,4.0258697076,3.53556664293,0,0,1
current_nearest,29.8,15.7104850832,9.9875669783,0,0,4.0258697076,3.53556664293,0,0,1
current_nearest,29.825,15.7104850832,9.9875669783,0,0,4.0258697076,3.53556664293,0,0,1
current_nearest,29.85,15.7104850832,9.9875669783,0,0,4.0258697076,3.53556664293,0,0,1
current_nearest,29.875,15.7104850832,9.9875669783,0,0,4.0258697076,3.53556664293,0,0,1
current_nearest,29.9,15.7104850832,9.9875669783,0,0,4.0258697076,3.53556664293,0,0,1
current_nearest,29.925,15.7104850832,9.9875669783,0,0,4.0258697076,3.53556664293,0,0,1
current_nearest,29.95,15.7104850832,9.9875669783,0,0,4.0258697076,3.53556664293,0,0,1
current_nearest,29.975,15.7104850832,9.9875669783,0,0,4.0258697076,3.53556664293,0,0,1
current_nearest,30,15.7104850832,9.9875669783,0,0,4.0258697076,3.53556664293,0,0,1
current_both,0,10,10,0,0,0.530624847487,1.25,1.29000856147,0.0483203367448,0
current_both,0.025,10.0018133407,10.0004768862,0.0725336287611,0.0190754475374,0.529507660035,1.2482633206,1.37014533618,0.074188398024,0
current_both,0.05,10.0053211627,10.0014733447,0.14031287847,0.0398583399301,0.52739794569,1.24486007973,1.45220363217,0.107598501283,0
current_both,0.075,10.0103198714,10.0029604608,0.199948348223,0.0594846433824,0.52444586332,1.23997149974,1.53072725381,0.146710000928,0
current_both,0.1,10.016625159,10.0049058525,0.252211504422,0.077815667263,0.520786964534,1.23376558812,1.60084030926,0.188510580029,0
current_both,0.125,10.0240734376,10.0072741418,0.297931142692,0.0947315732297,0.516540246206,1.22639558364,1.66146040049,0.230849397215,0
current_both,0.15,10.0325212613,10.0100285274,0.337912951109,0.110175425684,0.511808751356,1.21799941608,1.71369932647,0.272371010018,0
current_both,0.175,10.0418434563,10.0131325228,0.372887797466,0.124159815927,0.506681527655,1.20870013609,1.7595275572,0.312311160678,0
current_both,0.2,10.05193074,10.0165513935,0.403491349379,0.13675482789,0.50123598893,1.19860694803,1.80098186789,0.350303004645,0
current_both,0.225,10.0626873553,10.020253154,0.430264612293,0.148070419654,0.495540136063,1.18781650011,1.8398049248,0.386233451669,0
current_both,0.25,10.074028973,10.0242091483,0.453664706317,0.15823977086,0.489654412729,1.17641420839,1.87733892587,0.42014670932,0
current_both,0.275,10.0858809437,10.0283942967,0.47407882821,0.16740593828,0.483633154545,1.16447550013,1.91454068859,0.452181933877,0
current_both,0.3,10.0981768874,10.0327870992,0.491837747017,0.175712099408,0.477525673512,1.15206693294,1.95204182119,0.48253317624,0
current_both,0.325,10.1108575716,10.0373694711,0.507227370447,0.18329487663,0.471377046266,1.13924718304,1.9902168255,0.511423409278,0
current_both,0.35,10.1238700234,10.0421264725,0.520498070728,0.190280052993,0.46522867459,1.12606791285,2.02924403035,0.539087467914,0
current_both,0.375,10.1371668225,10.0470459736,0.531871962675,0.196780046199,0.459118676434,1.11257453335,2.06915505985,0.5657607644,0
current_both,0.4,10.1507055347,10.0521182894,0.541548488447,0.202892630737,0.453082153454,1.0988068771,2.10987316792,0.591671870716,0
current_both,0.425,10.1644482514,10.0573358025,0.549708668401,0.208700522524,0.447151370043,1.08479979598,2.15124236524,0.617037774828,0
current_both,0.45,10.1783612095,10.0626925911,0.55651832373,0.214271544889,0.441355869923,1.07058369572,2.19304951492,0.642061031105,0
current_both,0.475,10.1924144722,10.0681840705,0.562130510472,0.219659176173,0.435722549712,1.05618501718,2.23504130799,0.666928270668,0
current_both,0.5,10.2065816559,10.073806654,0.566687345059,0.224903340367,0.430275703968,1.04162667272,2.27693762176,0.691809690272,0
current_both,0.525,10.2208396897,10.0795574377,0.570321354595,0.23003134694,0.425037052717,1.02692844452,2.31844236689,0.716859239428,0
current_both,0.55,10.235168601,10.0854339106,0.573156450537,0.235058918099,0.420025759966,1.01210735069,2.3592525932,0.742215296074,0
current_both,0.575,10.249551316,10.0914336922,0.575308600488,0.239991264058,0.415258449846,0.997177983743,2.39906636049,0.768001672397,0
current_both,0.6,10.2639734724,10.0975542968,0.576886256793,0.244824181967,0.410749225693,0.982152825527,2.43758968154,0.794328830451,0
current_both,0.625,10.2784232372,10.1037929259,0.577990590354,0.249545163681,0.406509696231,0.967042541533,2.47454270033,0.821295215616,0
current_both,0.65,10.2928911265,10.1101462884,0.578715571726,0.254134503141,0.402549012137,0.951856257112,2.50966516876,0.848988637352,0
current_both,0.675,10.3073698249,10.1166104484,0.579147937507,0.258566396814,0.398873915399,0.936601817315,2.54272122135,0.877487643087,0
current_both,0.7,10.3218540018,10.1231806991,0.579367077366,0.262810031418,0.395488803125,0.921286031566,2.57350341175,0.906862844131,0
current_both,0.725,10.3363401237,10.1298514655,0.579444874863,0.266830652755,0.39239580672,0.905914903886,2.6018359622,0.937178163689,0
current_both,0.75,10.350826262,10.1366162307,0.579445532936,0.270590608372,0.389594886622,0.890493848965,2.62757718056,0.968491987305,0
current_both,0.775,10.3653118973,10.1434674896,0.579425412258,0.274050355552,0.387083942156,0.875027894056,2.65062101651,1.00085820609,0
current_both,0.8,10.37979772,10.1503967252,0.579432907409,0.277169424955,0.384858935427,0.859521866442,2.6708977522,1.03432715323,0
current_both,0.825,10.3942854296,10.1573944084,0.579508381851,0.279907329406,0.382914027672,0.843980566046,2.68837385139,1.06894644412,0
current_both,0.85,10.408777534,10.1644500186,0.57968417823,0.282224406903,0.381241725992,0.828408922753,2.70305101995,1.10476173989,0
current_both,0.875,10.4232771519,10.1715520833,0.579984715586,0.284082587037,0.379833038106,0.812812137983,2.71496455691,1.14181746194,0
current_both,0.9,10.4377878189,10.178688235,0.580426679959,0.285446070558,0.378677632428,0.797195810206,2.72418109803,1.1801574905,0
current_both,0.925,10.4523133017,10.1858452829,0.581019309797,0.286281912924,0.377764000693,0.781566044233,2.73079586985,1.2198258822,0
current_both,0.95,10.466857421,10.1930092955,0.581764772832,0.286560504156,0.377079620268,0.765929544343,2.73492958203,1.26086763949,0
current_both,0.975,10.4814238867,10.2001656939,0.582658626885,0.286255939227,0.376611113322,0.750293691555,2.73672508886,1.30332955722,0
current_both,1,10.4960161455,10.2072993508,0.583690353557,0.285346275494,0.376344400161,0.734666605631,2.73634394785,1.34726115915,0
current_both,1.025,10.5106372443,10.2143946927,0.584843951256,0.283813676243,0.376264844222,0.719057192648,2.73396299443,1.39271571989,0
current_both,1.05,10.5252897086,10.2214358038,0.586098572424,0.281644442273,0.37635738646,0.703475179208,2.72977103909,1.43975134613,0
current_both,1.075,10.5399754383,10.2284065272,0.587429189316,0.278828936468,0.37660666718,0.687931134565,2.72396577709,1.48843206694,0
current_both,1.1,10.5546956202,10.2352905624,0.588807273256,0.275361409489,0.376997133707,0.672436482045,2.71675098284,1.5388288585,0
current_both,1.125,10.569450657,10.2420715559,0.59020147372,0.271239737852,0.37751313267,0.657003501209,2.70833404202,1.59102050516,0
current_both,1.15,10.5842401141,10.2487331831,0.591578285983,0.266465088734,0.378138986129,0.641645322143,2.69892385552,1.64509417997,0
current_both,1.175,10.5990626816,10.2552592213,0.592902698977,0.261041528611,0.378859051186,0.626375913126,2.68872913103,1.70114561486,0
current_both,1.2,10.6139161521,10.2616336112,0.594138818483,0.254975595218,0.37965776324,0.611210062687,2.67795706151,1.75927872572,0
current_both,1.225,10.6287974137,10.2678405075,0.595250464333,0.248275854085,0.380519663539,0.596163356737,2.66681237448,1.81960456253,0
current_both,1.25,10.6437024573,10.2738643191,0.596201743864,0.240952462056,0.381429412196,0.581252151034,2.65549672346,1.88223946923,0
current_both,1.275,10.6586263975,10.2796897381,0.596957607034,0.23301676046,0.38237178837,0.566493538795,2.64420838172,1.94730236285,0
current_both,1.3,10.6735635072,10.2853017611,0.597484391222,0.224480920087,0.383331679819,0.551905312737,2.63314219041,2.01491107583,0
current_both,1.325,10.6885072664,10.2906857026,0.597750365492,0.215357658704,0.384294064569,0.537505920347,2.62248970577,2.08517774828,0
current_both,1.35,10.7034504235,10.2958272038,0.597726284843,0.205660049544,0.385243987853,0.52331441069,2.61243948598,2.15820330687,0
current_both,1.375,10.7183850726,10.3007122397,0.597385964603,0.19540143612,0.38616653797,0.509350370615,2.60317745417,2.23407112255,0
current_both,1.4,10.7333027447,10.3053271263,0.596706883421,0.184595464821,0.387046824989,0.495633847965,2.59488727185,2.31283999888,0
current_both,1.425,10.7481945152,10.3096585324,0.595670820467,0.173256242146,0.387869966513,0.482185259141,2.5877506553,2.3945367034,0
current_both,1.45,10.7630511284,10.3136934979,0.594264528253,0.161398618148,0.388621084866,0.469025278405,2.58194756596,2.47914831533,0
current_both,1.475,10.7778631394,10.3174194626,0.592480437306,0.14903859175,0.389285319996,0.45617470648,2.57765620432,2.56661471925,0
current_both,1.5,10.7926210739,10.3208243083,0.590317382702,0.136193827148,0.389847862266,0.443654316421,2.57505273593,2.65682162354,0
current_both,1.525,10.8073156073,10.3238964149,0.587781335715,0.122884263527,0.390294008858,0.431484675403,2.57431067699,2.74959451943,0
current_both,1.55,10.8219377602,10.3266247347,0.584886116719,0.109132793157,0.390609246922,0.419685942003,2.57559986815,2.84469401553,0
current_both,1.575,10.8364791117,10.3289988841,0.581654058616,0.0949659756101,0.390779365733,0.408277639739,2.57908496806,2.94181297841,0
current_both,1.6,10.8509320263,10.3310092529,0.578116583954,0.0804147490205,0.390790599029,0.39727840904,2.58492340696,3.04057587627,0
current_both,1.625,10.8652898927,10.3326471302,0.574314654209,0.065515093347,0.390629797328,0.386705741433,2.59326275608,3.14054065486,0
current_both,1.65,10.8795473688,10.3339048451,0.570299047185,0.0503085962999,0.390284628544,0.376575701453,2.60423749396,3.24120337054,0
current_both,1.675,10.8937006293,10.3347759169,0.566130418847,0.0348428707282,0.389743803542,0.366902643512,2.61796518828,3.34200566502,0
current_both,1.7,10.907747607,10.3352552112,0.561879109787,0.0191717736033,0.388997321585,0.357698932606,2.63454216111,3.442344995,0
current_both,1.725,10.9216882237,10.3353390958,0.557624664394,0.00335538200285,0.388036729051,0.348974679078,2.65403876558,3.54158733859,0
current_both,1.75,10.9355245997,10.335025588,0.553455042898,-0.012540308932,0.386855383385,0.340737498633,2.67649446748,3.63908190263,0
current_both,1.775,10.9492612378,10.3343144884,0.549465522312,-0.028443987237,0.385448713275,0.332992309171,2.7019129884,3.73417717274,0
current_both,1.8,10.9629051703,10.3332074901,0.545757301345,-0.0442799281976,0.383814465473,0.325741175721,2.73025781699,3.82623749976,0
current_both,1.825,10.9764660664,10.3317082605,0.542435844965,-0.0599691848808,0.381952928779,0.318983213683,2.76144842054,3.91465932529,0
current_both,1.85,10.9899562921,10.3298224848,0.539609024654,-0.0754310280243,0.379867126385,0.312714558813,2.79535748023,3.99888612983,0
current_both,1.875,11.0033909203,10.3275578704,0.537385128283,-0.0905845788479,0.377562969123,0.306928409875,2.83180942506,4.07842124829,0
current_both,1.9,11.0167876909,10.3249241063,0.535870826495,-0.105350562568,0.375049364018,0.301615146907,2.87058045136,4.15283783779,0
current_both,1.925,11.0301669206,10.3219327788,0.535169188674,-0.119653100013,0.372338274863,0.296762524783,2.91140009546,4.22178548806,0
current_both,1.95,11.0435513666,10.3185972425,0.535377839607,-0.133421451027,0.369444734007,0.292355938476,2.95395428921,4.28499321316,0
current_both,1.975,11.0569660501,10.3149324518,0.536587337599,-0.146591626689,0.366386807089,0.288378753425,2.99788968766,4.34226882643,0
current_both,2,11.070438046,10.3109547569,0.538879836983,-0.159107797407,0.363185514741,0.284812691931,3.04281893311,4.39349494776,0
current_both,2.025,11.0839962479,10.3066816709,0.542328074585,-0.170923439489,0.359864717168,0.281638264742,3.08832642245,4.43862209874,0
current_both,2.05,11.0976711152,10.3021316164,0.546994693671,-0.182002182203,0.356450968885,0.278835235993,3.13397408564,4.47765948805,0
current_both,2.075,11.1114944125,10.2973236579,0.552931893278,-0.192318338806,0.352973351542,0.27638310955,3.17930666786,4.51066416737,0
current_both,2.1,11.1254989468,10.2922772297,0.560181368698,-0.201857126694,0.349463292806,0.274261625364,3.22385603884,4.53772925003,0
current_both,2.125,11.1397183091,10.2870118647,0.568774492712,-0.210614601885,0.345954378546,0.272451255674,3.26714413205,4.55897183668,0
current_both,2.15,11.154186626,10.2815469309,0.578732678439,-0.218597349989,0.342482164368,0.2709336925,3.3086842449,4.57452120097,0
current_both,2.175,11.1689383226,10.2759013812,0.590067863752,-0.225821988055,0.339083990789,0.269692319724,3.34798061021,4.58450766801,0
current_both,2.2,11.1840078992,10.2700935178,0.602783063233,-0.232314537748,0.335798804469,0.268712664875,3.38452637677,4.5890524882,0
current_both,2.225,11.1994297228,10.2641407746,0.616872944503,-0.238109728941,0.332666985937,0.267982827354,3.41780040418,4.58825888464,0
current_both,2.25,11.2152378328,10.2580595175,0.632324398453,-0.243250282783,0.329730182604,0.267493881013,3.44726356409,4.58220434985,0
current_both,2.275,11.2314657599,10.2518648624,0.649117083696,-0.247786204456,0.327031144729,0.267240249559,3.47235550777,4.57093419973,0
current_both,2.3,11.2481463581,10.2455705102,0.667223930743,-0.251774088627,0.32461356161,0.267220053059,3.49249305463,4.55445636604,0
current_both,2.325,11.2653116478,10.2391886,0.686611587874,-0.255276407654,0.322521895723,0.267435422758,3.50707140819,4.53273742551,0
current_both,2.35,11.2829926673,10.232729582,0.707240777097,-0.258360718196,0.320801213724,0.267892779471,3.51546925215,4.50569991249,0
current_both,2.375,11.3012193299,10.2262021147,0.729066505923,-0.261098692345,0.319497014937,0.268603068031,3.51705837943,4.4732210252,0
current_both,2.4,11.3200202813,10.2196129932,0.752038053349,-0.26356486236,0.318655059513,0.269581936923,3.51121787929,4.43513288752,0
current_both,2.425,11.3394227468,10.2129671189,0.776098623613,-0.265834970598,0.318321199372,0.270849848536,3.49735214021,4.39122454533,0
current_both,2.45,11.3594523606,10.2062675228,0.80118454883,-0.267983843381,0.318541214445,0.272432101936,3.47491118506,4.34124585186,0
current_both,2.475,11.3801329589,10.1995154538,0.827223932054,-0.270082760121,0.319360654225,0.274358747196,3.44341135175,4.28491335094,0
current_both,2.5,11.4014863255,10.1927105447,0.854134664856,-0.272196362653,0.320824679947,0.276664368552,3.40245427277,4.22191825472,0
current_both,2.525,11.4235318713,10.1858510639,0.88182183316,-0.274379235129,0.322977896384,0.279387713701,3.3517426095,4.15193671008,0
current_both,2.55,11.4462862373,10.1789342546,0.91017464002,-0.276672369132,0.325864155228,0.282571148738,3.29109202121,4.07464280857,0
current_both,2.575,11.4697628151,10.1719567597,0.939063112412,-0.279099798075,0.329526305913,0.286259923135,3.22044013688,3.9897251853,0
current_both,2.6,11.4937679085,10.1649742463,0.960203734194,-0.27930053498,0.333965886674,0.290463150757,3.14263869864,3.89998261357,0
current_both,2.625,11.517810909,10.1581233977,0.961720019789,-0.274033945957,0.339095304639,0.295113343709,3.06184163971,3.80968991103,0
current_both,2.65,11.5418892015,10.151397639,0.963131700923,-0.269030345271,0.344897883018,0.30021130081,2.97328523325,3.71324667672,0
current_both,2.675,11.566000168,10.1447899695,0.964438658129,-0.264306781422,0.351355653985,0.305757641258,2.87801075964,3.61121547433,0
current_both,2.7,11.5901413212,10.1382934536,0.965646130652,-0.259860636414,0.35844999167,0.311752317758,2.77707921318,3.50419511517,0
current_both,2.725,11.6143104027,10.1319016228,0.96676325911,-0.255673230581,0.366162132246,0.318194238412,2.67154608086,3.39281890126,0
current_both,2.75,11.6385054456,10.1256087779,0.967801717593,-0.251713796649,0.374473571865,0.325081005077,2.56244058488,3.27774954822,0
current_both,2.775,11.6627248085,10.1194101924,0.968774515139,-0.247943418582,0.383366345789,0.332408764665,2.4507493818,3.15967136407,0
current_both,2.8,11.6869671837,10.1133022266,0.969695006291,-0.244318633704,0.392823200908,0.340172161528,2.33740437526,3.03928045984,0
current_both,2.825,11.7112315867,10.1072823639,0.970576120561,-0.240794506159,0.402827679146,0.348364373987,2.22327410878,2.91727384407,0
current_both,2.85,11.7355173317,10.1013491869,0.971429800431,-0.237327079859,0.41336413131,0.356977215768,2.10915813534,2.79433822494,0
current_both,2.875,11.7598239973,10.0955023069,0.972266625381,-0.233875199989,0.424417680662,0.366001283198,1.99578377612,2.67113924037,0
current_both,2.9,11.7841513872,10.0897422632,0.973095593277,-0.230401749873,0.435974153554,0.375426130644,1.88380474849,2.54831168696,0
current_both,2.925,11.8084994879,10.0840704036,0.973924028533,-0.22687438517,0.448019991632,0.385240459395,1.77380123325,2.42645115156,0
current_both,2.95,11.8328684276,10.078488757,0.97475758744,-0.223265863328,0.460542156956,0.395432308247,1.66628104388,2.30610728576,0
current_both,2.975,11.8572584359,10.0729999053,0.975600333858,-0.219554067546,0.473528038327,0.405989237112,1.56168164214,2.18777881853,0
current_both,3,11.8816698075,10.0676068599,0.976454862265,-0.215721816141,0.486965364397,0.416898497818,1.46037281059,2.07191028406,0
current_both,3.025,11.9061028687,10.0623129465,0.977322449431,-0.211756534344,0.500842126896,0.428147188539,1.36265984042,1.95889035377,0
current_both,3.05,11.9305579492,10.0571217003,0.978203220175,-0.207649849603,0.515146515599,0.439722390196,1.26878712613,1.84905160194,0
current_both,3.075,11.9550353571,10.0520367714,0.979096316528,-0.203397155737,0.529866865402,0.451611284498,1.17894207882,1.74267149999,0
current_both,3.1,11.9795353587,10.047061842,0.980000062974,-0.198997177293,0.544991615045,0.463801254224,1.09325928154,1.63997442076,0
current_both,3.125,12.0040581618,10.0422005531,0.980912123084,-0.194451553829,0.560509276536,0.47627996693,1.01182481684,1.54113443578,0
current_both,3.15,12.0286039029,10.0374564417,0.981829644933,-0.189764454867,0.576408414051,0.489035443566,0.934680699659,1.44627870103,0
current_both,3.175,12.0531726377,10.032832886,0.982749394124,-0.184942229763,0.592677631042,0.502056113599,0.861829351878,1.35549124611,0
current_both,3.2,12.0777643346,10.0283330587,0.983667874191,-0.179993092323,0.609305564272,0.515330858221,0.793238057612,1.26881700486,0
current_both,3.225,12.1023788705,10.0239598878,0.9845814347,-0.174926837406,0.626280883646,0.528849043122,0.72884334224,1.18626595011,0
current_both,3.25,12.1270160297,10.0197160231,0.985486367607,-0.169754585388,0.64359229679,0.542600542158,0.668555223367,1.10781721921,0
current_both,3.275,12.1516755045,10.0156038094,0.986378992532,-0.16448855003,0.661228557485,0.556575753106,0.612261287968,1.0334231402,0
current_both,3.3,12.1763568978,10.0116252637,0.987255731497,-0.159141825508,0.679178477181,0.570765606528,0.559830556936,0.963013088916,0
current_both,3.325,12.2010597271,10.007782059,0.98811317363,-0.153728189017,0.697430938911,0.585161568635,0.511117105666,0.896497125788,0
current_both,3.35,12.2257834304,10.0040755111,0.988948130195,-0.148261916163,0.71597491305,0.599755638937,0.465963416911,0.833769377131,0
current_both,3.375,12.2505273724,10.0005065709,0.989757680238,-0.142757607189,0.734799474379,0.614540343332,0.424203449553,0.774711138846,0
current_both,3.4,12.2752908525,9.99707582035,0.990539207104,-0.137230022913,0.753893820041,0.629508723242,0.38566541396,0.719193691712,0
current_both,3.425,12.3000731132,9.99378347211,0.991290426075,-0.131693929901,0.773247287943,0.64465432132,0.350174251036,0.667080826329,0
current_both,3.45,12.3248733483,9.99062937323,0.992009403418,-0.126163954959,0.792849375275,0.659971164219,0.317553817749,0.61823108283,0
current_both,3.475,12.3496907125,9.987613012,0.992694567243,-0.120654449425,0.812689756783,0.675453742857,0.287628786824,0.572499715867,0
current_both,3.5,12.3745243302,9.9847335279,0.99334471062,-0.115179363961,0.832758302514,0.691096990602,0.260226272329,0.529740399314,0
current_both,3.525,12.3993733049,9.98198972453,0.993958987554,-0.109752134654,0.853045094739,0.706896259777,0.235177196099,0.489806687857,0
current_both,3.55,12.4242367275,9.979380085,0.994536902498,-0.104385581236,0.873540443838,0.72284729684,0.212317412369,0.452553254391,0
current_both,3.575,12.4491136848,9.97690278955,0.995078294199,-0.0990918180955,0.894234902914,0.738946216617,0.191488609689,0.417836922972,0
current_both,3.6,12.4740032677,9.97455573508,0.995583314714,-0.0938821786227,0.91511928099,0.755189475901,0.172539010191,0.385517517354,0
current_both,3.625,12.4989045778,9.97233655625,0.996052404505,-0.0887671531635,0.936184654627,0.771573846751,0.155323886768,0.355458544794,0
current_both,3.65,12.5238167344,9.97024264774,0.996486264531,-0.0837563406563,0.957422377883,0.788096389777,0.139705918639,0.327527734136,0
current_both,3.675,12.5487388801,9.96827118739,0.996885826251,-0.0788584137503,0.978824090543,0.804754427676,0.125555405327,0.301597446193,0
current_both,3.7,12.5736701856,9.96641915997,0.997252220389,-0.0740810969789,1.00038172459,0.821545519289,0.112750358306,0.277544973255,0
current_both,3.725,12.5986098542,9.96468338103,0.997586745296,-0.0694311573425,1.02208750891,0.838467434365,0.101176488471,0.255252743246,0
current_both,3.75,12.6235571251,9.96306052087,0.997890835629,-0.0649144064698,1.04393397231,0.855518129262,0.0907271064138,0.234608442685,0
current_both,3.775,12.6485112759,9.96154712804,0.998166031984,-0.0605357133767,1.06591394483,0.872695723721,0.0813029510796,0.215505071209,0
current_both,3.8,12.6734716247,9.96013965237,0.998413952021,-0.0562990267293,1.08802055751,0.889998478866,0.072811960961,0.197840939064,0
current_both,3.825,12.6984375313,9.95883446723,0.99863626352,-0.052207405444,1.11024724066,0.907424776541,0.0651690005297,0.181519617653,0
current_both,3.85,12.7234083978,9.95762789082,0.998834659684,-0.0482630564192,1.13258772081,0.924973100049,0.0582955531476,0.166449851991,0
current_both,3.875,12.7483836687,9.95651620637,0.999010836917,-0.0444673781882,1.15503601633,0.942642016373,0.0521193902939,0.152545442767,0
current_both,3.9,12.7733628306,9.95549568114,0.999166475218,-0.0408210093066,1.17758643208,0.960430159899,0.046574225601,0.139725104657,0
current_both,3.925,12.7983454111,9.95456258413,0.999303221228,-0.0373238803367,1.20023355296,0.978336217644,0.0415993609297,0.127912306572,0
current_both,3.95,12.823330978,9.95371320242,0.999422673917,-0.0339752683564,1.22297223669,0.996358916,0.0371393305481,0.117035098654,0
current_both,3.975,12.8483191373,9.95294385609,0.999526372824,-0.0307738530072,1.2457976059,1.01449700895,0.0331435484178,0.107025930091,0
current_both,4,12.873309532,9.95225091176,0.999615788716,-0.0277177731828,1.26870503962,1.03274926771,0.0295659626287,0.0978214611273,0
current_both,4.025,12.8983018399,9.95163079468,0.999692316502,-0.024804683564,1.29169016429,1.05111447175,0.0263647201787,0.0893623720611,0
current_both,4.05,12.9232957717,9.95107999942,0.999757270209,-0.0220318103023,1.3147488445,1.06959140117,0.0235018445413,0.0815931715347,0
current_both,4.075,12.9482910687,9.95059509929,0.999811879795,-0.0193960052606,1.33787717343,1.0881788302,0.0209429278205,0.0744620059552,0
current_both,4.1,12.9732875009,9.95017275433,0.999857289606,-0.0168937983126,1.36107146317,1.106875522,0.0186568387354,0.0679204715349,0
current_both,4.125,12.9982848649,9.94980971815,0.999894558225,-0.0145214473007,1.38432823497,1.12568022439,0.0166154472073,0.0619234301183,0
current_both,4.15,13.0232829814,9.94950284351,0.999924659529,-0.0122749853356,1.40764420957,1.14459166667,0.0147933659345,0.0564288296998,0
current_both,4.175,13.0482816935,9.94924908688,0.999948484731,-0.0101502652052,1.43101629751,1.16360855724,0.0131677090154,0.0513975303164,0
current_both,4.2,13.0732808646,9.94904551186,0.99996684522,-0.00814300072937,1.4544415897,1.18272958207,0.0117178674274,0.0467931358183,0
current_both,4.225,13.0982803765,9.94888929174,0.999980476028,-0.00624880496347,1.47791734804,1.20195340389,0.0104253009624,0.0425818318716,0
current_both,4.25,13.1232801275,9.94877771111,0.999990039761,-0.0044632252105,1.50144099645,1.22127866195,0.00927334606589,0.0387322304224,0
current_both,4.275,13.1482800308,9.94870816674,0.999996130857,-0.00278177484942,1.52501011197,1.24070397239,0.0082470389107,0.0352152207559,0
current_both,4.3,13.1732800128,9.94867816769,0.999999280045,-0.00119996202894,1.5486224163,1.26022792902,0.00733295295505,0.0320038272023,0
current_both,4.325,13.1982800117,9.9486853348,0.999999958906,0.000286684689699,1.57227576756,1.27984910456,0.00651905018257,0.0290730734777,0
current_both,4.35,13.2232799764,9.94872739965,0.999998584438,0.00168259362978,1.59596815244,1.29956605213,0.00579454519254,0.0263998535977,0
current_both,4.375,13.2482798644,9.9488022029,0.999995523569,0.00299213010311,1.6196976786,1.31937730707,0.00514978129816,0.0239628092621,0
current_both,4.4,13.2732796419,9.94890769238,0.999991097536,0.00421957917139,1.64346256748,1.33928138893,0.00457611779645,0.0217422135765,0
current_both,4.425,13.2982792815,9.94904192065,0.999985586113,0.00536913090392,1.66726114742,1.35927680364,0.00406582758945,0.0197198609543,0
current_both,4.45,13.3232787623,9.94920304235,0.999979231623,0.00644486796269,1.69109184714,1.37936204577,0.00361200436287,0.0178789630226,0
current_both,4.475,13.3482780684,9.94938931123,0.999972242737,0.00745075534199,1.71495318948,1.39953560084,0.00320847856053,0.0162040503432,0
current_both,4.5,13.3732771883,9.94959907703,0.999964798027,0.00839063208869,1.73884378558,1.41979594775,0.00284974143007,0.0146808797501,0
current_both,4.525,13.3982761146,9.94983078216,0.999957049267,0.00926820483073,1.76276232932,1.44014156107,0.00253087645558,0.0132963470962,0
current_both,4.55,13.4232748427,9.95008295823,0.999949124488,0.0100870429451,1.78670759203,1.46057091343,0.00224749753469,0.0120384051995,0
current_both,4.575,13.448273371,9.95035422261,0.999941130776,0.0108505752018,1.8106784176,1.4810824778,0.00199569329974,0.0108959867763,0
current_both,4.6,13.4732716999,9.9506432748,0.99993315683,0.0115620877274,1.83467371779,1.5016747297,0.00177197702551,0.00985893214714,0
current_both,4.625,13.4982698318,9.95094889288,0.99992527528,0.0122247231379,1.85869246789,1.52234614933,0.00157324160649,0.00891792150213,0
current_both,4.65,13.5232677704,9.9512699299,0.999917544787,0.0128414807023,1.88273370257,1.54309522362,0.00139671912776,0.00806441151522,0
current_both,4.675,13.5482655207,9.95160531033,0.999910011922,0.0134152174023,1.90679651205,1.56392044813,0.00123994459087,0.00729057609732,0
current_both,4.7,13.5732630885,9.95195402658,0.999902712852,0.0139486497682,1.93088003848,1.5848203289,0.00110072339348,0.00658925108339,0
current_both,4.725,13.5982604804,9.95231513549,0.999895674843,0.0144443563751,1.95498347258,1.6057933841,0.000977102195374,0.00595388265172,0
current_both,4.75,13.6232577033,9.95268775501,0.999888917584,0.0149047808972,1.97910605044,1.62683814563,0.000867342835872,0.00537847927845,0
current_both,4.775,13.6482547647,9.9530710609,0.999882454367,0.015332235624,2.00324705055,1.64795316055,0.000769898997874,0.00485756703538,0
current_both,4.8,13.673251672,9.95346428353,0.999876293117,0.0157289053516,2.0274057911,1.66913699238,0.000683395341491,0.00438614804464,0
current_both,4.825,13.6982484329,9.95386670482,0.999870437291,0.0160968515729,2.05158162731,1.69038822232,0.000606608856193,0.00395966190956,0
current_both,4.85,13.7232450551,9.95427765525,0.999864886672,0.0164380168949,2.07577394909,1.71170545034,0.000538452204132,0.00357394994702,0
current_both,4.875,13.7482415461,9.95469651099,0.999859638044,0.0167542296223,2.09998217874,1.73308729607,0.000477958849139,0.00322522205316,0
current_both,4.9,13.7732379132,9.9551226912,0.999854685784,0.0170472084515,2.12420576889,1.75453239973,0.000424269785907,0.00291002604043,0
current_both,4.925,13.7982341638,9.95555565538,0.999850022368,0.0173185672271,2.14844420053,1.7760394228,0.000376621702127,0.00262521929087,0
current_both,4.95,13.8232303047,9.95599490087,0.999845638804,0.0175698197184,2.17269698116,1.79760704868,0.000334336422985,0.0023679425769,0
current_both,4.975,13.8482263428,9.95643996048,0.999841524998,0.0178023843801,2.19696364313,1.81923398323,0.000296811502559,0.00213559590774,0
current_both,5,13.8732222846,9.95689040021,0.999837670067,0.0180175890647,2.22124374205,1.84091895518,0.000263511840388,0.0019258162664,0
current_both,5.025,13.8982181362,9.9573458171,0.999834062596,0.0182166756615,2.2455368553,1.86266071653,0.00023396221392,0.00173645710842,0
current_both,5.05,13.9232139034,9.95780583721,0.999830690862,0.0184008046392,2.26984258069,1.88445804278,0.000207740628777,0.00156556950067,0
current_both,5.075,13.948209592,9.9582701137,0.999827543004,0.0185710594743,2.29416053515,1.90630973317,0.000184472398987,0.00141138478445,0
current_both,5.1,13.9732052072,9.95873832498,0.999824607181,0.01872845095,2.31849035356,1.92821461077,0.000163824878427,0.00127229865401,0
current_both,5.125,13.998200754,9.95921017301,0.999821871682,0.0188739213148,2.34283168763,1.95017152255,0.000145502773038,0.00114685654734,0
current_both,5.15,14.0231962371,9.95968538172,0.999819325026,0.0190083482912,2.3671842049,1.9721793394,0.000129243970768,0.00103374025245,0
current_both,5.175,14.048191661,9.96016369544,0.999816956033,0.0191325489281,2.39154758775,1.99423695609,0.000114815832893,0.000931755637987,0
current_both,5.2,14.0731870299,9.96064487752,0.999814753885,0.0192472832935,2.41592153254,2.01634329111,0.000102011896353,0.000839821422824,0
current_both,5.225,14.0981823476,9.96112870897,0.999812708163,0.0193532580032,2.44030574873,2.03849728661,9.06489421341e-05,0.000756958904628,0
current_both,5.25,14.1231776178,9.96161498721,0.999810808882,0.0194511295871,2.46469995816,2.06069790813,8.05643895548e-05,0.000682282572555,0
current_both,5.275,14.1481728439,9.9621035249,0.999809046507,0.019541507691,2.48910389429,2.08294414447,7.16139806172e-05,0.000614991534318,0
current_both,5.3,14.1731680292,9.96259414886,0.999807411964,0.0196249581178,2.51351730158,2.10523500735,6.3669722488e-05,0.000554361692549,0
current_both,5.325,14.1981631767,9.963086699,0.999805896647,0.0197020057094,2.53793993478,2.12756953118,5.6618059612e-05,0.000499738609914,0
current_both,5.35,14.223158289,9.96358102743,0.999804492414,0.0197731370727,2.56237155845,2.14994677274,5.03582500705e-05,0.00045053100672,0
current_both,5.375,14.2481533688,9.9640769975,0.999803191578,0.019838803155,2.58681194632,2.17236581088,4.48009235627e-05,0.000406204838818,0
current_both,5.4,14.2731484184,9.96457448305,0.999801986904,0.0198994216719,2.61126088086,2.1948257461,3.98668008605e-05,0.000366277907428,0
current_both,5.425,14.2981434402,9.96507336753,0.999800871591,0.0199553793936,2.63571815277,2.21732570029,3.54855567971e-05,0.000330314956116,0
current_both,5.45,14.3231384362,9.96557354339,0.999799839257,0.0200070342949,2.66018356053,2.23986481626,3.15948108167e-05,0.000297923213551,0
current_both,5.475,14.3481334083,9.96607491133,0.999798883928,0.020054717574,2.68465691002,2.26244225742,2.81392308755e-05,0.00026874834384,0
current_both,5.5,14.3731283583,9.96657737972,0.999798000013,0.020098735546,2.70913801411,2.28505720735,2.50697380451e-05,0.000242470769228,0
current_both,5.525,14.3981232879,9.967080864,0.999797182292,0.0201393714172,2.73362669232,2.3077088694,2.23428005734e-05,0.000218802332725,0
current_both,5.55,14.4231181985,9.96758528618,0.999796425895,0.020176886945,2.75812277045,2.3303964663,1.99198073973e-05,0.000197483270803,0
current_both,5.575,14.4481130917,9.96809057428,0.999795726285,0.0202115239902,2.7826260803,2.35311923975,1.77665122146e-05,0.000178279468769,0
current_both,5.6,14.4731079686,9.96859666192,0.999795079237,0.0202435059662,2.80713645937,2.37587644998,1.58525402074e-05,0.000160979973592,0
current_both,5.625,14.4981028307,9.9691034879,0.999794480822,0.0202730391921,2.83165375058,2.39866737535,1.41509503897e-05,0.000145394741134,0
current_both,5.65,14.5230976789,9.96961099576,0.99979392739,0.0203003141535,2.85617780198,2.42149131197,1.26378473352e-05,0.000131352596581,0
current_both,5.675,14.5480925142,9.97011913342,0.999793415551,0.0203255066771,2.88070846658,2.44434757321,1.12920367358e-05,0.000118699388744,0
current_both,5.7,14.5730873378,9.9706278529,0.99979294216,0.0203487790245,2.90524560203,2.46723548939,1.00947198607e-05,0.00010729632047,0
current_both,5.725,14.5980821504,9.97113710992,0.999792504301,0.0203702809087,2.9297890705,2.4901544073,9.02922254056e-06,9.70184389984e-05,0
current_both,5.75,14.6230769529,9.97164686368,0.999792099271,0.0203901504398,2.95433873839,2.51310368983,8.08075478466e-06,8.77532714665e-05,0
current_both,5.775,14.648071746,9.97215707656,0.999791724568,0.0204085150029,2.97889447623,2.53608271554,7.2361975808e-06,7.9399592068e-05,0
current_both,5.8,14.6730665304,9.97266771386,0.999791377875,0.0204254920732,3.00345615841,2.55909087834,6.48391381048e-06,7.18663085711e-05,0
current_both,5.825,14.6980613069,9.97317874361,0.999791057048,0.0204411899719,3.0280236631,2.58212758703,5.81358055803e-06,6.50714569878e-05,0
current_both,5.85,14.7230560759,9.97369013632,0.999790760103,0.0204557085678,3.05259687203,2.60519226495,5.21604039726e-06,5.89412941927e-05,0
current_both,5.875,14.748050838,9.97420186482,0.999790485207,0.0204691399267,3.07717567036,2.62828434962,4.68316951098e-06,5.34094792101e-05,0
current_both,5.9,14.7730455938,9.97471390405,0.999790230666,0.0204815689131,3.10175994654,2.65140329233,4.20776074006e-06,4.84163347323e-05,0
current_both,5.925,14.7980403436,9.97522623089,0.999789994913,0.020493073748,3.12634959221,2.67454855785,3.78341987296e-06,4.3908181203e-05,0
current_both,5.95,14.8230350881,9.97573882405,0.999789776502,0.0205037265235,3.150944502,2.69771962401,3.40447367694e-06,3.98367365025e-05,0
current_both,5.975,14.8480298274,9.97625166389,0.999789574098,0.020513593681,3.17554457347,2.72091598139,3.0658883413e-06,3.6158574921e-05,0
current_both,6,14.8730245621,9.97676473231,0.999789386465,0.0205227364512,3.20014970701,2.74413713298,2.76319715312e-06,3.28346396879e-05,0
current_both,6.025,14.8980192924,9.97727801259,0.999789212466,0.0205312112624,3.22475980565,2.76738259384,2.49243635926e-06,2.98298038646e-05,0
current_both,6.05,14.9230140187,9.97779148934,0.99978905105,0.020539070117,3.24937477507,2.79065189079,2.25008828653e-06,2.71124748967e-05,0
current_both,6.075,14.9480087412,9.97830514836,0.999788901245,0.0205463609396,3.27399452342,2.81394456208,2.0330308975e-06,2.46542385638e-05,0
current_both,6.1,14.9730034602,9.97881897656,0.999788762156,0.0205531278982,3.29861896125,2.83726015711,1.83849305212e-06,2.24295384716e-05,0
current_both,6.125,14.9979981761,9.97933296185,0.999788632957,0.0205594117012,3.32324800144,2.86059823611,1.66401482846e-06,2.04153875973e-05,0
current_both,6.15,15.0229928889,9.9798470931,0.999788512885,0.0205652498713,3.34788155913,2.88395836982,1.5074123294e-06,1.85911087341e-05,0
current_both,6.175,15.0479875989,9.98036136003,0.999788401237,0.0205706769983,3.37251955159,2.90734013929,1.36674646693e-06,1.69381009838e-05,0
current_both,6.2,15.0729823064,9.98087575315,0.999788297362,0.0205757249724,3.39716189818,2.9307431355,1.24029527388e-06,1.5439629721e-05,0
current_both,6.225,15.0979770114,9.98139026373,0.999788200661,0.0205804231996,3.42180852029,2.95416695917,1.12652934406e-06,1.40806377019e-05,0
current_both,6.25,15.1229717141,9.9819048837,0.999788110581,0.0205847988009,3.44645934124,2.97761122047,1.02409004706e-06,1.28475752177e-05,0
current_both,6.275,15.1479664148,9.98241960562,0.99978802661,0.0205888767949,3.47111428625,3.00107553874,9.31770204527e-07,1.17282473961e-05,0
current_both,6.3,15.1729611135,9.98293442263,0.999787948277,0.020592680268,3.49577328233,3.02455954229,8.48496950142e-07,1.07116769405e-05,0
current_both,6.325,15.1979558104,9.98344932839,0.999787875145,0.0205962305303,3.52043625829,3.04806286811,7.73316527167e-07,9.78798076349e-06,0
current_both,6.35,15.2229505056,9.98396431707,0.999787806813,0.0205995472606,3.54510314461,3.07158516167,7.05380805458e-07,8.94825912388e-06,0
current_both,6.375,15.2479451991,9.98447938329,0.999787742908,0.0206026486394,3.56977387343,3.09512607667,6.43935324447e-07,8.18449601239e-06,0
current_both,6.4,15.2729398912,9.98499452207,0.999787683085,0.0206055514734,3.59444837851,3.11868527485,5.88308690551e-07,7.48946965572e-06,0
current_both,6.425,15.2979345819,9.98550972886,0.999787627026,0.0206082713094,3.61912659513,3.14226242571,5.37903176765e-07,6.85667212018e-06,0
current_both,6.45,15.3229292712,9.98602499942,0.999787574435,0.0206108225413,3.64380846008,3.16585720637,4.92186389376e-07,6.28023709746e-06,0
current_both,6.475,15.3479239594,9.98654032988,0.999787525039,0.0206132185091,3.66849391162,3.18946930134,4.50683881833e-07,5.7548750457e-06,0
current_both,6.5,15.3729186463,9.98705571667,0.999787478583,0.0206154715914,3.69318288939,3.2130984023,4.12972609251e-07,5.27581494196e-06,0
current_both,6.525,15.3979133322,9.98757115651,0.999787434831,0.0206175932921,3.71787533444,3.23674420793,3.78675128925e-07,4.83875197561e-06,0
current_both,6.55,15.422908017,9.98808664636,0.999787393564,0.020619594323,3.74257118913,3.26040642373,3.47454462726e-07,4.43980057996e-06,0
current_both,6.575,15.4479027009,9.98860218348,0.999787354576,0.020621484681,3.7672703971,3.28408476182,3.1900954664e-07,4.07545225902e-06,0
current_both,6.6,15.4728973838,9.98911776532,0.999787317674,0.0206232737237,3.79197290327,3.30777894076,2.9307120098e-07,3.74253772123e-06,0
current_both,6.625,15.4978920659,9.98963338958,0.999787282677,0.0206249702423,3.81667865375,3.33148868541,2.693985622e-07,3.43819288086e-06,0
current_both,6.65,15.5228867472,9.99014905414,0.999787249415,0.0206265825336,3.84138759585,3.35521372673,2.47775923774e-07,3.15982833196e-06,0
current_both,6.675,15.5478814276,9.9906647571,0.999787217726,0.0206281184742,3.86609967804,3.37895380164,2.28009939476e-07,2.90510193962e-06,0
current_both,6.7,15.5728761073,9.99118049674,0.999787187454,0.0206295855964,3.89081484989,3.40270865283,2.09927147558e-07,2.67189422932e-06,0
current_both,6.725,15.5978707862,9.99169627152,0.999787158451,0.0206309911706,3.91553306208,3.42647802864,1.93371779002e-07,2.45828628731e-06,0
current_both,6.75,15.6228654645,9.99221208008,0.999787130569,0.0206323422973,3.94025426632,3.45026168292,1.78203817104e-07,2.26253991408e-06,0
current_both,6.775,15.6478601421,9.99272792123,0.999787103664,0.0206336460136,3.96497841539,3.47405937484,1.64297279374e-07,2.08307979956e-06,0
current_both,6.8,15.672854819,9.99324379397,0.999787077589,0.0206349094228,3.98970546305,3.49787086877,1.51538695996e-07,1.91847751174e-06,0
current_both,6.825,15.6978494953,9.99375969746,0.999787052192,0.020636139859,4.01443536405,3.52169593416,1.39825762011e-07,1.76743711219e-06,0
current_both,6.85,15.722844171,9.99427563109,0,0,4.0391680741,3.54553434538,0,0,1
current_both,6.875,15.722844171,9.99427563109,0,0,4.0391680741,3.54553434538,0,0,1
current_both,6.9,15.722844171,9.99427563109,0,0,4.0391680741,3.54553434538,0,0,1
current_both,6.925,15.722844171,9.99427563109,0,0,4.0391680741,3.54553434538,0,0,1
current_both,6.95,15.722844171,9.99427563109,0,0,4.0391680741,3.54553434538,0,0,1
current_both,6.975,15.722844171,9.99427563109,0,0,4.0391680741,3.54553434538,0,0,1
current_both,7,15.722844171,9.99427563109,0,0,4.0391680741,3.54553434538,0,0,1
current_both,7.025,15.722844171,9.99427563109,0,0,4.0391680741,3.54553434538,0,0,1
current_both,7.05,15.722844171,9.99427563109,0,0,4.0391680741,3.54553434538,0,0,1
current_both,7.075,15.722844171,9.99427563109,0,0,4.0391680741,3.54553434538,0,0,1
current_both,7.1,15.722844171,9.99427563109,0,0,4.0391680741,3.54553434538,0,0,1
current_both,7.125,15.722844171,9.99427563109,0,0,4.0391680741,3.54553434538,0,0,1
current_both,7.15,15.722844171,9.99427563109,0,0,4.0391680741,3.54553434538,0,0,1
current_both,7.175,15.722844171,9.99427563109,0,0,4.0391680741,3.54553434538,0,0,1
current_both,7.2,15.722844171,9.99427563109,0,0,4.0391680741,3.54553434538,0,0,1
current_both,7.225,15.722844171,9.99427563109,0,0,4.0391680741,3.54553434538,0,0,1
current_both,7.25,15.722844171,9.99427563109,0,0,4.0391680741,3.54553434538,0,0,1
current_both,7.275,15.722844171,9.99427563109,0,0,4.0391680741,3.54553434538,0,0,1
current_both,7.3,15.722844171,9.99427563109,0,0,4.0391680741,3.54553434538,0,0,1
current_both,7.325,15.722844171,9.99427563109,0,0,4.0391680741,3.54553434538,0,0,1
current_both,7.35,15.722844171,9.99427563109,0,0,4.0391680741,3.54553434538,0,0,1
current_both,7.375,15.722844171,9.99427563109,0,0,4.0391680741,3.54553434538,0,0,1
current_both,7.4,15.722844171,9.99427563109,0,0,4.0391680741,3.54553434538,0,0,1
current_both,7.425,15.722844171,9.99427563109,0,0,4.0391680741,3.54553434538,0,0,1
current_both,7.45,15.722844171,9.99427563109,0,0,4.0391680741,3.54553434538,0,0,1
current_both,7.475,15.722844171,9.99427563109,0,0,4.0391680741,3.54553434538,0,0,1
current_both,7.5,15.722844171,9.99427563109,0,0,4.0391680741,3.54553434538,0,0,1
current_both,7.525,15.722844171,9.99427563109,0,0,4.0391680741,3.54553434538,0,0,1
current_both,7.55,15.722844171,9.99427563109,0,0,4.0391680741,3.54553434538,0,0,1
current_both,7.575,15.722844171,9.99427563109,0,0,4.0391680741,3.54553434538,0,0,1
current_both,7.6,15.722844171,9.99427563109,0,0,4.0391680741,3.54553434538,0,0,1
current_both,7.625,15.722844171,9.99427563109,0,0,4.0391680741,3.54553434538,0,0,1
current_both,7.65,15.722844171,9.99427563109,0,0,4.0391680741,3.54553434538,0,0,1
current_both,7.675,15.722844171,9.99427563109,0,0,4.0391680741,3.54553434538,0,0,1
current_both,7.7,15.722844171,9.99427563109,0,0,4.0391680741,3.54553434538,0,0,1
current_both,7.725,15.722844171,9.99427563109,0,0,4.0391680741,3.54553434538,0,0,1
current_both,7.75,15.722844171,9.99427563109,0,0,4.0391680741,3.54553434538,0,0,1
current_both,7.775,15.722844171,9.99427563109,0,0,4.0391680741,3.54553434538,0,0,1
current_both,7.8,15.722844171,9.99427563109,0,0,4.0391680741,3.54553434538,0,0,1
current_both,7.825,15.722844171,9.99427563109,0,0,4.0391680741,3.54553434538,0,0,1
current_both,7.85,15.722844171,9.99427563109,0,0,4.0391680741,3.54553434538,0,0,1
current_both,7.875,15.722844171,9.99427563109,0,0,4.0391680741,3.54553434538,0,0,1
current_both,7.9,15.722844171,9.99427563109,0,0,4.0391680741,3.54553434538,0,0,1
current_both,7.925,15.722844171,9.99427563109,0,0,4.0391680741,3.54553434538,0,0,1
current_both,7.95,15.722844171,9.99427563109,0,0,4.0391680741,3.54553434538,0,0,1
current_both,7.975,15.722844171,9.99427563109,0,0,4.0391680741,3.54553434538,0,0,1
current_both,8,15.722844171,9.99427563109,0,0,4.0391680741,3.54553434538,0,0,1
current_both,8.025,15.722844171,9.99427563109,0,0,4.0391680741,3.54553434538,0,0,1
current_both,8.05,15.722844171,9.99427563109,0,0,4.0391680741,3.54553434538,0,0,1
current_both,8.075,15.722844171,9.99427563109,0,0,4.0391680741,3.54553434538,0,0,1
current_both,8.1,15.722844171,9.99427563109,0,0,4.0391680741,3.54553434538,0,0,1
current_both,8.125,15.722844171,9.99427563109,0,0,4.0391680741,3.54553434538,0,0,1
current_both,8.15,15.722844171,9.99427563109,0,0,4.0391680741,3.54553434538,0,0,1
current_both,8.175,15.722844171,9.99427563109,0,0,4.0391680741,3.54553434538,0,0,1
current_both,8.2,15.722844171,9.99427563109,0,0,4.0391680741,3.54553434538,0,0,1
current_both,8.225,15.722844171,9.99427563109,0,0,4.0391680741,3.54553434538,0,0,1
current_both,8.25,15.722844171,9.99427563109,0,0,4.0391680741,3.54553434538,0,0,1
current_both,8.275,15.722844171,9.99427563109,0,0,4.0391680741,3.54553434538,0,0,1
current_both,8.3,15.722844171,9.99427563109,0,0,4.0391680741,3.54553434538,0,0,1
current_both,8.325,15.722844171,9.99427563109,0,0,4.0391680741,3.54553434538,0,0,1
current_both,8.35,15.722844171,9.99427563109,0,0,4.0391680741,3.54553434538,0,0,1
current_both,8.375,15.722844171,9.99427563109,0,0,4.0391680741,3.54553434538,0,0,1
current_both,8.4,15.722844171,9.99427563109,0,0,4.0391680741,3.54553434538,0,0,1
current_both,8.425,15.722844171,9.99427563109,0,0,4.0391680741,3.54553434538,0,0,1
current_both,8.45,15.722844171,9.99427563109,0,0,4.0391680741,3.54553434538,0,0,1
current_both,8.475,15.722844171,9.99427563109,0,0,4.0391680741,3.54553434538,0,0,1
current_both,8.5,15.722844171,9.99427563109,0,0,4.0391680741,3.54553434538,0,0,1
current_both,8.525,15.722844171,9.99427563109,0,0,4.0391680741,3.54553434538,0,0,1
current_both,8.55,15.722844171,9.99427563109,0,0,4.0391680741,3.54553434538,0,0,1
current_both,8.575,15.722844171,9.99427563109,0,0,4.0391680741,3.54553434538,0,0,1
current_both,8.6,15.722844171,9.99427563109,0,0,4.0391680741,3.54553434538,0,0,1
current_both,8.625,15.722844171,9.99427563109,0,0,4.0391680741,3.54553434538,0,0,1
current_both,8.65,15.722844171,9.99427563109,0,0,4.0391680741,3.54553434538,0,0,1
current_both,8.675,15.722844171,9.99427563109,0,0,4.0391680741,3.54553434538,0,0,1
current_both,8.7,15.722844171,9.99427563109,0,0,4.0391680741,3.54553434538,0,0,1
current_both,8.725,15.722844171,9.99427563109,0,0,4.0391680741,3.54553434538,0,0,1
current_both,8.75,15.722844171,9.99427563109,0,0,4.0391680741,3.54553434538,0,0,1
current_both,8.775,15.722844171,9.99427563109,0,0,4.0391680741,3.54553434538,0,0,1
current_both,8.8,15.722844171,9.99427563109,0,0,4.0391680741,3.54553434538,0,0,1
current_both,8.825,15.722844171,9.99427563109,0,0,4.0391680741,3.54553434538,0,0,1
current_both,8.85,15.722844171,9.99427563109,0,0,4.0391680741,3.54553434538,0,0,1
current_both,8.875,15.722844171,9.99427563109,0,0,4.0391680741,3.54553434538,0,0,1
current_both,8.9,15.722844171,9.99427563109,0,0,4.0391680741,3.54553434538,0,0,1
current_both,8.925,15.722844171,9.99427563109,0,0,4.0391680741,3.54553434538,0,0,1
current_both,8.95,15.722844171,9.99427563109,0,0,4.0391680741,3.54553434538,0,0,1
current_both,8.975,15.722844171,9.99427563109,0,0,4.0391680741,3.54553434538,0,0,1
current_both,9,15.722844171,9.99427563109,0,0,4.0391680741,3.54553434538,0,0,1
current_both,9.025,15.722844171,9.99427563109,0,0,4.0391680741,3.54553434538,0,0,1
current_both,9.05,15.722844171,9.99427563109,0,0,4.0391680741,3.54553434538,0,0,1
current_both,9.075,15.722844171,9.99427563109,0,0,4.0391680741,3.54553434538,0,0,1
current_both,9.1,15.722844171,9.99427563109,0,0,4.0391680741,3.54553434538,0,0,1
current_both,9.125,15.722844171,9.99427563109,0,0,4.0391680741,3.54553434538,0,0,1
current_both,9.15,15.722844171,9.99427563109,0,0,4.0391680741,3.54553434538,0,0,1
current_both,9.175,15.722844171,9.99427563109,0,0,4.0391680741,3.54553434538,0,0,1
current_both,9.2,15.722844171,9.99427563109,0,0,4.0391680741,3.54553434538,0,0,1
current_both,9.225,15.722844171,9.99427563109,0,0,4.0391680741,3.54553434538,0,0,1
current_both,9.25,15.722844171,9.99427563109,0,0,4.0391680741,3.54553434538,0,0,1
current_both,9.275,15.722844171,9.99427563109,0,0,4.0391680741,3.54553434538,0,0,1
current_both,9.3,15.722844171,9.99427563109,0,0,4.0391680741,3.54553434538,0,0,1
current_both,9.325,15.722844171,9.99427563109,0,0,4.0391680741,3.54553434538,0,0,1
current_both,9.35,15.722844171,9.99427563109,0,0,4.0391680741,3.54553434538,0,0,1
current_both,9.375,15.722844171,9.99427563109,0,0,4.0391680741,3.54553434538,0,0,1
current_both,9.4,15.722844171,9.99427563109,0,0,4.0391680741,3.54553434538,0,0,1
current_both,9.425,15.722844171,9.99427563109,0,0,4.0391680741,3.54553434538,0,0,1
current_both,9.45,15.722844171,9.99427563109,0,0,4.0391680741,3.54553434538,0,0,1
current_both,9.475,15.722844171,9.99427563109,0,0,4.0391680741,3.54553434538,0,0,1
current_both,9.5,15.722844171,9.99427563109,0,0,4.0391680741,3.54553434538,0,0,1
current_both,9.525,15.722844171,9.99427563109,0,0,4.0391680741,3.54553434538,0,0,1
current_both,9.55,15.722844171,9.99427563109,0,0,4.0391680741,3.54553434538,0,0,1
current_both,9.575,15.722844171,9.99427563109,0,0,4.0391680741,3.54553434538,0,0,1
current_both,9.6,15.722844171,9.99427563109,0,0,4.0391680741,3.54553434538,0,0,1
current_both,9.625,15.722844171,9.99427563109,0,0,4.0391680741,3.54553434538,0,0,1
current_both,9.65,15.722844171,9.99427563109,0,0,4.0391680741,3.54553434538,0,0,1
current_both,9.675,15.722844171,9.99427563109,0,0,4.0391680741,3.54553434538,0,0,1
current_both,9.7,15.722844171,9.99427563109,0,0,4.0391680741,3.54553434538,0,0,1
current_both,9.725,15.722844171,9.99427563109,0,0,4.0391680741,3.54553434538,0,0,1
current_both,9.75,15.722844171,9.99427563109,0,0,4.0391680741,3.54553434538,0,0,1
current_both,9.775,15.722844171,9.99427563109,0,0,4.0391680741,3.54553434538,0,0,1
current_both,9.8,15.722844171,9.99427563109,0,0,4.0391680741,3.54553434538,0,0,1
current_both,9.825,15.722844171,9.99427563109,0,0,4.0391680741,3.54553434538,0,0,1
current_both,9.85,15.722844171,9.99427563109,0,0,4.0391680741,3.54553434538,0,0,1
current_both,9.875,15.722844171,9.99427563109,0,0,4.0391680741,3.54553434538,0,0,1
current_both,9.9,15.722844171,9.99427563109,0,0,4.0391680741,3.54553434538,0,0,1
current_both,9.925,15.722844171,9.99427563109,0,0,4.0391680741,3.54553434538,0,0,1
current_both,9.95,15.722844171,9.99427563109,0,0,4.0391680741,3.54553434538,0,0,1
current_both,9.975,15.722844171,9.99427563109,0,0,4.0391680741,3.54553434538,0,0,1
current_both,10,15.722844171,9.99427563109,0,0,4.0391680741,3.54553434538,0,0,1
current_both,10.025,15.722844171,9.99427563109,0,0,4.0391680741,3.54553434538,0,0,1
current_both,10.05,15.722844171,9.99427563109,0,0,4.0391680741,3.54553434538,0,0,1
current_both,10.075,15.722844171,9.99427563109,0,0,4.0391680741,3.54553434538,0,0,1
current_both,10.1,15.722844171,9.99427563109,0,0,4.0391680741,3.54553434538,0,0,1
current_both,10.125,15.722844171,9.99427563109,0,0,4.0391680741,3.54553434538,0,0,1
current_both,10.15,15.722844171,9.99427563109,0,0,4.0391680741,3.54553434538,0,0,1
current_both,10.175,15.722844171,9.99427563109,0,0,4.0391680741,3.54553434538,0,0,1
current_both,10.2,15.722844171,9.99427563109,0,0,4.0391680741,3.54553434538,0,0,1
current_both,10.225,15.722844171,9.99427563109,0,0,4.0391680741,3.54553434538,0,0,1
current_both,10.25,15.722844171,9.99427563109,0,0,4.0391680741,3.54553434538,0,0,1
current_both,10.275,15.722844171,9.99427563109,0,0,4.0391680741,3.54553434538,0,0,1
current_both,10.3,15.722844171,9.99427563109,0,0,4.0391680741,3.54553434538,0,0,1
current_both,10.325,15.722844171,9.99427563109,0,0,4.0391680741,3.54553434538,0,0,1
current_both,10.35,15.722844171,9.99427563109,0,0,4.0391680741,3.54553434538,0,0,1
current_both,10.375,15.722844171,9.99427563109,0,0,4.0391680741,3.54553434538,0,0,1
current_both,10.4,15.722844171,9.99427563109,0,0,4.0391680741,3.54553434538,0,0,1
current_both,10.425,15.722844171,9.99427563109,0,0,4.0391680741,3.54553434538,0,0,1
current_both,10.45,15.722844171,9.99427563109,0,0,4.0391680741,3.54553434538,0,0,1
current_both,10.475,15.722844171,9.99427563109,0,0,4.0391680741,3.54553434538,0,0,1
current_both,10.5,15.722844171,9.99427563109,0,0,4.0391680741,3.54553434538,0,0,1
current_both,10.525,15.722844171,9.99427563109,0,0,4.0391680741,3.54553434538,0,0,1
current_both,10.55,15.722844171,9.99427563109,0,0,4.0391680741,3.54553434538,0,0,1
current_both,10.575,15.722844171,9.99427563109,0,0,4.0391680741,3.54553434538,0,0,1
current_both,10.6,15.722844171,9.99427563109,0,0,4.0391680741,3.54553434538,0,0,1
current_both,10.625,15.722844171,9.99427563109,0,0,4.0391680741,3.54553434538,0,0,1
current_both,10.65,15.722844171,9.99427563109,0,0,4.0391680741,3.54553434538,0,0,1
current_both,10.675,15.722844171,9.99427563109,0,0,4.0391680741,3.54553434538,0,0,1
current_both,10.7,15.722844171,9.99427563109,0,0,4.0391680741,3.54553434538,0,0,1
current_both,10.725,15.722844171,9.99427563109,0,0,4.0391680741,3.54553434538,0,0,1
current_both,10.75,15.722844171,9.99427563109,0,0,4.0391680741,3.54553434538,0,0,1
current_both,10.775,15.722844171,9.99427563109,0,0,4.0391680741,3.54553434538,0,0,1
current_both,10.8,15.722844171,9.99427563109,0,0,4.0391680741,3.54553434538,0,0,1
current_both,10.825,15.722844171,9.99427563109,0,0,4.0391680741,3.54553434538,0,0,1
current_both,10.85,15.722844171,9.99427563109,0,0,4.0391680741,3.54553434538,0,0,1
current_both,10.875,15.722844171,9.99427563109,0,0,4.0391680741,3.54553434538,0,0,1
current_both,10.9,15.722844171,9.99427563109,0,0,4.0391680741,3.54553434538,0,0,1
current_both,10.925,15.722844171,9.99427563109,0,0,4.0391680741,3.54553434538,0,0,1
current_both,10.95,15.722844171,9.99427563109,0,0,4.0391680741,3.54553434538,0,0,1
current_both,10.975,15.722844171,9.99427563109,0,0,4.0391680741,3.54553434538,0,0,1
current_both,11,15.722844171,9.99427563109,0,0,4.0391680741,3.54553434538,0,0,1
current_both,11.025,15.722844171,9.99427563109,0,0,4.0391680741,3.54553434538,0,0,1
current_both,11.05,15.722844171,9.99427563109,0,0,4.0391680741,3.54553434538,0,0,1
current_both,11.075,15.722844171,9.99427563109,0,0,4.0391680741,3.54553434538,0,0,1
current_both,11.1,15.722844171,9.99427563109,0,0,4.0391680741,3.54553434538,0,0,1
current_both,11.125,15.722844171,9.99427563109,0,0,4.0391680741,3.54553434538,0,0,1
current_both,11.15,15.722844171,9.99427563109,0,0,4.0391680741,3.54553434538,0,0,1
current_both,11.175,15.722844171,9.99427563109,0,0,4.0391680741,3.54553434538,0,0,1
current_both,11.2,15.722844171,9.99427563109,0,0,4.0391680741,3.54553434538,0,0,1
current_both,11.225,15.722844171,9.99427563109,0,0,4.0391680741,3.54553434538,0,0,1
current_both,11.25,15.722844171,9.99427563109,0,0,4.0391680741,3.54553434538,0,0,1
current_both,11.275,15.722844171,9.99427563109,0,0,4.0391680741,3.54553434538,0,0,1
current_both,11.3,15.722844171,9.99427563109,0,0,4.0391680741,3.54553434538,0,0,1
current_both,11.325,15.722844171,9.99427563109,0,0,4.0391680741,3.54553434538,0,0,1
current_both,11.35,15.722844171,9.99427563109,0,0,4.0391680741,3.54553434538,0,0,1
current_both,11.375,15.722844171,9.99427563109,0,0,4.0391680741,3.54553434538,0,0,1
current_both,11.4,15.722844171,9.99427563109,0,0,4.0391680741,3.54553434538,0,0,1
current_both,11.425,15.722844171,9.99427563109,0,0,4.0391680741,3.54553434538,0,0,1
current_both,11.45,15.722844171,9.99427563109,0,0,4.0391680741,3.54553434538,0,0,1
current_both,11.475,15.722844171,9.99427563109,0,0,4.0391680741,3.54553434538,0,0,1
current_both,11.5,15.722844171,9.99427563109,0,0,4.0391680741,3.54553434538,0,0,1
current_both,11.525,15.722844171,9.99427563109,0,0,4.0391680741,3.54553434538,0,0,1
current_both,11.55,15.722844171,9.99427563109,0,0,4.0391680741,3.54553434538,0,0,1
current_both,11.575,15.722844171,9.99427563109,0,0,4.0391680741,3.54553434538,0,0,1
current_both,11.6,15.722844171,9.99427563109,0,0,4.0391680741,3.54553434538,0,0,1
current_both,11.625,15.722844171,9.99427563109,0,0,4.0391680741,3.54553434538,0,0,1
current_both,11.65,15.722844171,9.99427563109,0,0,4.0391680741,3.54553434538,0,0,1
current_both,11.675,15.722844171,9.99427563109,0,0,4.0391680741,3.54553434538,0,0,1
current_both,11.7,15.722844171,9.99427563109,0,0,4.0391680741,3.54553434538,0,0,1
current_both,11.725,15.722844171,9.99427563109,0,0,4.0391680741,3.54553434538,0,0,1
current_both,11.75,15.722844171,9.99427563109,0,0,4.0391680741,3.54553434538,0,0,1
current_both,11.775,15.722844171,9.99427563109,0,0,4.0391680741,3.54553434538,0,0,1
current_both,11.8,15.722844171,9.99427563109,0,0,4.0391680741,3.54553434538,0,0,1
current_both,11.825,15.722844171,9.99427563109,0,0,4.0391680741,3.54553434538,0,0,1
current_both,11.85,15.722844171,9.99427563109,0,0,4.0391680741,3.54553434538,0,0,1
current_both,11.875,15.722844171,9.99427563109,0,0,4.0391680741,3.54553434538,0,0,1
current_both,11.9,15.722844171,9.99427563109,0,0,4.0391680741,3.54553434538,0,0,1
current_both,11.925,15.722844171,9.99427563109,0,0,4.0391680741,3.54553434538,0,0,1
current_both,11.95,15.722844171,9.99427563109,0,0,4.0391680741,3.54553434538,0,0,1
current_both,11.975,15.722844171,9.99427563109,0,0,4.0391680741,3.54553434538,0,0,1
current_both,12,15.722844171,9.99427563109,0,0,4.0391680741,3.54553434538,0,0,1
current_both,12.025,15.722844171,9.99427563109,0,0,4.0391680741,3.54553434538,0,0,1
current_both,12.05,15.722844171,9.99427563109,0,0,4.0391680741,3.54553434538,0,0,1
current_both,12.075,15.722844171,9.99427563109,0,0,4.0391680741,3.54553434538,0,0,1
current_both,12.1,15.722844171,9.99427563109,0,0,4.0391680741,3.54553434538,0,0,1
current_both,12.125,15.722844171,9.99427563109,0,0,4.0391680741,3.54553434538,0,0,1
current_both,12.15,15.722844171,9.99427563109,0,0,4.0391680741,3.54553434538,0,0,1
current_both,12.175,15.722844171,9.99427563109,0,0,4.0391680741,3.54553434538,0,0,1
current_both,12.2,15.722844171,9.99427563109,0,0,4.0391680741,3.54553434538,0,0,1
current_both,12.225,15.722844171,9.99427563109,0,0,4.0391680741,3.54553434538,0,0,1
current_both,12.25,15.722844171,9.99427563109,0,0,4.0391680741,3.54553434538,0,0,1
current_both,12.275,15.722844171,9.99427563109,0,0,4.0391680741,3.54553434538,0,0,1
current_both,12.3,15.722844171,9.99427563109,0,0,4.0391680741,3.54553434538,0,0,1
current_both,12.325,15.722844171,9.99427563109,0,0,4.0391680741,3.54553434538,0,0,1
current_both,12.35,15.722844171,9.99427563109,0,0,4.0391680741,3.54553434538,0,0,1
current_both,12.375,15.722844171,9.99427563109,0,0,4.0391680741,3.54553434538,0,0,1
current_both,12.4,15.722844171,9.99427563109,0,0,4.0391680741,3.54553434538,0,0,1
current_both,12.425,15.722844171,9.99427563109,0,0,4.0391680741,3.54553434538,0,0,1
current_both,12.45,15.722844171,9.99427563109,0,0,4.0391680741,3.54553434538,0,0,1
current_both,12.475,15.722844171,9.99427563109,0,0,4.0391680741,3.54553434538,0,0,1
current_both,12.5,15.722844171,9.99427563109,0,0,4.0391680741,3.54553434538,0,0,1
current_both,12.525,15.722844171,9.99427563109,0,0,4.0391680741,3.54553434538,0,0,1
current_both,12.55,15.722844171,9.99427563109,0,0,4.0391680741,3.54553434538,0,0,1
current_both,12.575,15.722844171,9.99427563109,0,0,4.0391680741,3.54553434538,0,0,1
current_both,12.6,15.722844171,9.99427563109,0,0,4.0391680741,3.54553434538,0,0,1
current_both,12.625,15.722844171,9.99427563109,0,0,4.0391680741,3.54553434538,0,0,1
current_both,12.65,15.722844171,9.99427563109,0,0,4.0391680741,3.54553434538,0,0,1
current_both,12.675,15.722844171,9.99427563109,0,0,4.0391680741,3.54553434538,0,0,1
current_both,12.7,15.722844171,9.99427563109,0,0,4.0391680741,3.54553434538,0,0,1
current_both,12.725,15.722844171,9.99427563109,0,0,4.0391680741,3.54553434538,0,0,1
current_both,12.75,15.722844171,9.99427563109,0,0,4.0391680741,3.54553434538,0,0,1
current_both,12.775,15.722844171,9.99427563109,0,0,4.0391680741,3.54553434538,0,0,1
current_both,12.8,15.722844171,9.99427563109,0,0,4.0391680741,3.54553434538,0,0,1
current_both,12.825,15.722844171,9.99427563109,0,0,4.0391680741,3.54553434538,0,0,1
current_both,12.85,15.722844171,9.99427563109,0,0,4.0391680741,3.54553434538,0,0,1
current_both,12.875,15.722844171,9.99427563109,0,0,4.0391680741,3.54553434538,0,0,1
current_both,12.9,15.722844171,9.99427563109,0,0,4.0391680741,3.54553434538,0,0,1
current_both,12.925,15.722844171,9.99427563109,0,0,4.0391680741,3.54553434538,0,0,1
current_both,12.95,15.722844171,9.99427563109,0,0,4.0391680741,3.54553434538,0,0,1
current_both,12.975,15.722844171,9.99427563109,0,0,4.0391680741,3.54553434538,0,0,1
current_both,13,15.722844171,9.99427563109,0,0,4.0391680741,3.54553434538,0,0,1
current_both,13.025,15.722844171,9.99427563109,0,0,4.0391680741,3.54553434538,0,0,1
current_both,13.05,15.722844171,9.99427563109,0,0,4.0391680741,3.54553434538,0,0,1
current_both,13.075,15.722844171,9.99427563109,0,0,4.0391680741,3.54553434538,0,0,1
current_both,13.1,15.722844171,9.99427563109,0,0,4.0391680741,3.54553434538,0,0,1
current_both,13.125,15.722844171,9.99427563109,0,0,4.0391680741,3.54553434538,0,0,1
current_both,13.15,15.722844171,9.99427563109,0,0,4.0391680741,3.54553434538,0,0,1
current_both,13.175,15.722844171,9.99427563109,0,0,4.0391680741,3.54553434538,0,0,1
current_both,13.2,15.722844171,9.99427563109,0,0,4.0391680741,3.54553434538,0,0,1
current_both,13.225,15.722844171,9.99427563109,0,0,4.0391680741,3.54553434538,0,0,1
current_both,13.25,15.722844171,9.99427563109,0,0,4.0391680741,3.54553434538,0,0,1
current_both,13.275,15.722844171,9.99427563109,0,0,4.0391680741,3.54553434538,0,0,1
current_both,13.3,15.722844171,9.99427563109,0,0,4.0391680741,3.54553434538,0,0,1
current_both,13.325,15.722844171,9.99427563109,0,0,4.0391680741,3.54553434538,0,0,1
current_both,13.35,15.722844171,9.99427563109,0,0,4.0391680741,3.54553434538,0,0,1
current_both,13.375,15.722844171,9.99427563109,0,0,4.0391680741,3.54553434538,0,0,1
current_both,13.4,15.722844171,9.99427563109,0,0,4.0391680741,3.54553434538,0,0,1
current_both,13.425,15.722844171,9.99427563109,0,0,4.0391680741,3.54553434538,0,0,1
current_both,13.45,15.722844171,9.99427563109,0,0,4.0391680741,3.54553434538,0,0,1
current_both,13.475,15.722844171,9.99427563109,0,0,4.0391680741,3.54553434538,0,0,1
current_both,13.5,15.722844171,9.99427563109,0,0,4.0391680741,3.54553434538,0,0,1
current_both,13.525,15.722844171,9.99427563109,0,0,4.0391680741,3.54553434538,0,0,1
current_both,13.55,15.722844171,9.99427563109,0,0,4.0391680741,3.54553434538,0,0,1
current_both,13.575,15.722844171,9.99427563109,0,0,4.0391680741,3.54553434538,0,0,1
current_both,13.6,15.722844171,9.99427563109,0,0,4.0391680741,3.54553434538,0,0,1
current_both,13.625,15.722844171,9.99427563109,0,0,4.0391680741,3.54553434538,0,0,1
current_both,13.65,15.722844171,9.99427563109,0,0,4.0391680741,3.54553434538,0,0,1
current_both,13.675,15.722844171,9.99427563109,0,0,4.0391680741,3.54553434538,0,0,1
current_both,13.7,15.722844171,9.99427563109,0,0,4.0391680741,3.54553434538,0,0,1
current_both,13.725,15.722844171,9.99427563109,0,0,4.0391680741,3.54553434538,0,0,1
current_both,13.75,15.722844171,9.99427563109,0,0,4.0391680741,3.54553434538,0,0,1
current_both,13.775,15.722844171,9.99427563109,0,0,4.0391680741,3.54553434538,0,0,1
current_both,13.8,15.722844171,9.99427563109,0,0,4.0391680741,3.54553434538,0,0,1
current_both,13.825,15.722844171,9.99427563109,0,0,4.0391680741,3.54553434538,0,0,1
current_both,13.85,15.722844171,9.99427563109,0,0,4.0391680741,3.54553434538,0,0,1
current_both,13.875,15.722844171,9.99427563109,0,0,4.0391680741,3.54553434538,0,0,1
current_both,13.9,15.722844171,9.99427563109,0,0,4.0391680741,3.54553434538,0,0,1
current_both,13.925,15.722844171,9.99427563109,0,0,4.0391680741,3.54553434538,0,0,1
current_both,13.95,15.722844171,9.99427563109,0,0,4.0391680741,3.54553434538,0,0,1
current_both,13.975,15.722844171,9.99427563109,0,0,4.0391680741,3.54553434538,0,0,1
current_both,14,15.722844171,9.99427563109,0,0,4.0391680741,3.54553434538,0,0,1
current_both,14.025,15.722844171,9.99427563109,0,0,4.0391680741,3.54553434538,0,0,1
current_both,14.05,15.722844171,9.99427563109,0,0,4.0391680741,3.54553434538,0,0,1
current_both,14.075,15.722844171,9.99427563109,0,0,4.0391680741,3.54553434538,0,0,1
current_both,14.1,15.722844171,9.99427563109,0,0,4.0391680741,3.54553434538,0,0,1
current_both,14.125,15.722844171,9.99427563109,0,0,4.0391680741,3.54553434538,0,0,1
current_both,14.15,15.722844171,9.99427563109,0,0,4.0391680741,3.54553434538,0,0,1
current_both,14.175,15.722844171,9.99427563109,0,0,4.0391680741,3.54553434538,0,0,1
current_both,14.2,15.722844171,9.99427563109,0,0,4.0391680741,3.54553434538,0,0,1
current_both,14.225,15.722844171,9.99427563109,0,0,4.0391680741,3.54553434538,0,0,1
current_both,14.25,15.722844171,9.99427563109,0,0,4.0391680741,3.54553434538,0,0,1
current_both,14.275,15.722844171,9.99427563109,0,0,4.0391680741,3.54553434538,0,0,1
current_both,14.3,15.722844171,9.99427563109,0,0,4.0391680741,3.54553434538,0,0,1
current_both,14.325,15.722844171,9.99427563109,0,0,4.0391680741,3.54553434538,0,0,1
current_both,14.35,15.722844171,9.99427563109,0,0,4.0391680741,3.54553434538,0,0,1
current_both,14.375,15.722844171,9.99427563109,0,0,4.0391680741,3.54553434538,0,0,1
current_both,14.4,15.722844171,9.99427563109,0,0,4.0391680741,3.54553434538,0,0,1
current_both,14.425,15.722844171,9.99427563109,0,0,4.0391680741,3.54553434538,0,0,1
current_both,14.45,15.722844171,9.99427563109,0,0,4.0391680741,3.54553434538,0,0,1
current_both,14.475,15.722844171,9.99427563109,0,0,4.0391680741,3.54553434538,0,0,1
current_both,14.5,15.722844171,9.99427563109,0,0,4.0391680741,3.54553434538,0,0,1
current_both,14.525,15.722844171,9.99427563109,0,0,4.0391680741,3.54553434538,0,0,1
current_both,14.55,15.722844171,9.99427563109,0,0,4.0391680741,3.54553434538,0,0,1
current_both,14.575,15.722844171,9.99427563109,0,0,4.0391680741,3.54553434538,0,0,1
current_both,14.6,15.722844171,9.99427563109,0,0,4.0391680741,3.54553434538,0,0,1
current_both,14.625,15.722844171,9.99427563109,0,0,4.0391680741,3.54553434538,0,0,1
current_both,14.65,15.722844171,9.99427563109,0,0,4.0391680741,3.54553434538,0,0,1
current_both,14.675,15.722844171,9.99427563109,0,0,4.0391680741,3.54553434538,0,0,1
current_both,14.7,15.722844171,9.99427563109,0,0,4.0391680741,3.54553434538,0,0,1
current_both,14.725,15.722844171,9.99427563109,0,0,4.0391680741,3.54553434538,0,0,1
current_both,14.75,15.722844171,9.99427563109,0,0,4.0391680741,3.54553434538,0,0,1
current_both,14.775,15.722844171,9.99427563109,0,0,4.0391680741,3.54553434538,0,0,1
current_both,14.8,15.722844171,9.99427563109,0,0,4.0391680741,3.54553434538,0,0,1
current_both,14.825,15.722844171,9.99427563109,0,0,4.0391680741,3.54553434538,0,0,1
current_both,14.85,15.722844171,9.99427563109,0,0,4.0391680741,3.54553434538,0,0,1
current_both,14.875,15.722844171,9.99427563109,0,0,4.0391680741,3.54553434538,0,0,1
current_both,14.9,15.722844171,9.99427563109,0,0,4.0391680741,3.54553434538,0,0,1
current_both,14.925,15.722844171,9.99427563109,0,0,4.0391680741,3.54553434538,0,0,1
current_both,14.95,15.722844171,9.99427563109,0,0,4.0391680741,3.54553434538,0,0,1
current_both,14.975,15.722844171,9.99427563109,0,0,4.0391680741,3.54553434538,0,0,1
current_both,15,15.722844171,9.99427563109,0,0,4.0391680741,3.54553434538,0,0,1
current_both,15.025,15.722844171,9.99427563109,0,0,4.0391680741,3.54553434538,0,0,1
current_both,15.05,15.722844171,9.99427563109,0,0,4.0391680741,3.54553434538,0,0,1
current_both,15.075,15.722844171,9.99427563109,0,0,4.0391680741,3.54553434538,0,0,1
current_both,15.1,15.722844171,9.99427563109,0,0,4.0391680741,3.54553434538,0,0,1
current_both,15.125,15.722844171,9.99427563109,0,0,4.0391680741,3.54553434538,0,0,1
current_both,15.15,15.722844171,9.99427563109,0,0,4.0391680741,3.54553434538,0,0,1
current_both,15.175,15.722844171,9.99427563109,0,0,4.0391680741,3.54553434538,0,0,1
current_both,15.2,15.722844171,9.99427563109,0,0,4.0391680741,3.54553434538,0,0,1
current_both,15.225,15.722844171,9.99427563109,0,0,4.0391680741,3.54553434538,0,0,1
current_both,15.25,15.722844171,9.99427563109,0,0,4.0391680741,3.54553434538,0,0,1
current_both,15.275,15.722844171,9.99427563109,0,0,4.0391680741,3.54553434538,0,0,1
current_both,15.3,15.722844171,9.99427563109,0,0,4.0391680741,3.54553434538,0,0,1
current_both,15.325,15.722844171,9.99427563109,0,0,4.0391680741,3.54553434538,0,0,1
current_both,15.35,15.722844171,9.99427563109,0,0,4.0391680741,3.54553434538,0,0,1
current_both,15.375,15.722844171,9.99427563109,0,0,4.0391680741,3.54553434538,0,0,1
current_both,15.4,15.722844171,9.99427563109,0,0,4.0391680741,3.54553434538,0,0,1
current_both,15.425,15.722844171,9.99427563109,0,0,4.0391680741,3.54553434538,0,0,1
current_both,15.45,15.722844171,9.99427563109,0,0,4.0391680741,3.54553434538,0,0,1
current_both,15.475,15.722844171,9.99427563109,0,0,4.0391680741,3.54553434538,0,0,1
current_both,15.5,15.722844171,9.99427563109,0,0,4.0391680741,3.54553434538,0,0,1
current_both,15.525,15.722844171,9.99427563109,0,0,4.0391680741,3.54553434538,0,0,1
current_both,15.55,15.722844171,9.99427563109,0,0,4.0391680741,3.54553434538,0,0,1
current_both,15.575,15.722844171,9.99427563109,0,0,4.0391680741,3.54553434538,0,0,1
current_both,15.6,15.722844171,9.99427563109,0,0,4.0391680741,3.54553434538,0,0,1
current_both,15.625,15.722844171,9.99427563109,0,0,4.0391680741,3.54553434538,0,0,1
current_both,15.65,15.722844171,9.99427563109,0,0,4.0391680741,3.54553434538,0,0,1
current_both,15.675,15.722844171,9.99427563109,0,0,4.0391680741,3.54553434538,0,0,1
current_both,15.7,15.722844171,9.99427563109,0,0,4.0391680741,3.54553434538,0,0,1
current_both,15.725,15.722844171,9.99427563109,0,0,4.0391680741,3.54553434538,0,0,1
current_both,15.75,15.722844171,9.99427563109,0,0,4.0391680741,3.54553434538,0,0,1
current_both,15.775,15.722844171,9.99427563109,0,0,4.0391680741,3.54553434538,0,0,1
current_both,15.8,15.722844171,9.99427563109,0,0,4.0391680741,3.54553434538,0,0,1
current_both,15.825,15.722844171,9.99427563109,0,0,4.0391680741,3.54553434538,0,0,1
current_both,15.85,15.722844171,9.99427563109,0,0,4.0391680741,3.54553434538,0,0,1
current_both,15.875,15.722844171,9.99427563109,0,0,4.0391680741,3.54553434538,0,0,1
current_both,15.9,15.722844171,9.99427563109,0,0,4.0391680741,3.54553434538,0,0,1
current_both,15.925,15.722844171,9.99427563109,0,0,4.0391680741,3.54553434538,0,0,1
current_both,15.95,15.722844171,9.99427563109,0,0,4.0391680741,3.54553434538,0,0,1
current_both,15.975,15.722844171,9.99427563109,0,0,4.0391680741,3.54553434538,0,0,1
current_both,16,15.722844171,9.99427563109,0,0,4.0391680741,3.54553434538,0,0,1
current_both,16.025,15.722844171,9.99427563109,0,0,4.0391680741,3.54553434538,0,0,1
current_both,16.05,15.722844171,9.99427563109,0,0,4.0391680741,3.54553434538,0,0,1
current_both,16.075,15.722844171,9.99427563109,0,0,4.0391680741,3.54553434538,0,0,1
current_both,16.1,15.722844171,9.99427563109,0,0,4.0391680741,3.54553434538,0,0,1
current_both,16.125,15.722844171,9.99427563109,0,0,4.0391680741,3.54553434538,0,0,1
current_both,16.15,15.722844171,9.99427563109,0,0,4.0391680741,3.54553434538,0,0,1
current_both,16.175,15.722844171,9.99427563109,0,0,4.0391680741,3.54553434538,0,0,1
current_both,16.2,15.722844171,9.99427563109,0,0,4.0391680741,3.54553434538,0,0,1
current_both,16.225,15.722844171,9.99427563109,0,0,4.0391680741,3.54553434538,0,0,1
current_both,16.25,15.722844171,9.99427563109,0,0,4.0391680741,3.54553434538,0,0,1
current_both,16.275,15.722844171,9.99427563109,0,0,4.0391680741,3.54553434538,0,0,1
current_both,16.3,15.722844171,9.99427563109,0,0,4.0391680741,3.54553434538,0,0,1
current_both,16.325,15.722844171,9.99427563109,0,0,4.0391680741,3.54553434538,0,0,1
current_both,16.35,15.722844171,9.99427563109,0,0,4.0391680741,3.54553434538,0,0,1
current_both,16.375,15.722844171,9.99427563109,0,0,4.0391680741,3.54553434538,0,0,1
current_both,16.4,15.722844171,9.99427563109,0,0,4.0391680741,3.54553434538,0,0,1
current_both,16.425,15.722844171,9.99427563109,0,0,4.0391680741,3.54553434538,0,0,1
current_both,16.45,15.722844171,9.99427563109,0,0,4.0391680741,3.54553434538,0,0,1
current_both,16.475,15.722844171,9.99427563109,0,0,4.0391680741,3.54553434538,0,0,1
current_both,16.5,15.722844171,9.99427563109,0,0,4.0391680741,3.54553434538,0,0,1
current_both,16.525,15.722844171,9.99427563109,0,0,4.0391680741,3.54553434538,0,0,1
current_both,16.55,15.722844171,9.99427563109,0,0,4.0391680741,3.54553434538,0,0,1
current_both,16.575,15.722844171,9.99427563109,0,0,4.0391680741,3.54553434538,0,0,1
current_both,16.6,15.722844171,9.99427563109,0,0,4.0391680741,3.54553434538,0,0,1
current_both,16.625,15.722844171,9.99427563109,0,0,4.0391680741,3.54553434538,0,0,1
current_both,16.65,15.722844171,9.99427563109,0,0,4.0391680741,3.54553434538,0,0,1
current_both,16.675,15.722844171,9.99427563109,0,0,4.0391680741,3.54553434538,0,0,1
current_both,16.7,15.722844171,9.99427563109,0,0,4.0391680741,3.54553434538,0,0,1
current_both,16.725,15.722844171,9.99427563109,0,0,4.0391680741,3.54553434538,0,0,1
current_both,16.75,15.722844171,9.99427563109,0,0,4.0391680741,3.54553434538,0,0,1
current_both,16.775,15.722844171,9.99427563109,0,0,4.0391680741,3.54553434538,0,0,1
current_both,16.8,15.722844171,9.99427563109,0,0,4.0391680741,3.54553434538,0,0,1
current_both,16.825,15.722844171,9.99427563109,0,0,4.0391680741,3.54553434538,0,0,1
current_both,16.85,15.722844171,9.99427563109,0,0,4.0391680741,3.54553434538,0,0,1
current_both,16.875,15.722844171,9.99427563109,0,0,4.0391680741,3.54553434538,0,0,1
current_both,16.9,15.722844171,9.99427563109,0,0,4.0391680741,3.54553434538,0,0,1
current_both,16.925,15.722844171,9.99427563109,0,0,4.0391680741,3.54553434538,0,0,1
current_both,16.95,15.722844171,9.99427563109,0,0,4.0391680741,3.54553434538,0,0,1
current_both,16.975,15.722844171,9.99427563109,0,0,4.0391680741,3.54553434538,0,0,1
current_both,17,15.722844171,9.99427563109,0,0,4.0391680741,3.54553434538,0,0,1
current_both,17.025,15.722844171,9.99427563109,0,0,4.0391680741,3.54553434538,0,0,1
current_both,17.05,15.722844171,9.99427563109,0,0,4.0391680741,3.54553434538,0,0,1
current_both,17.075,15.722844171,9.99427563109,0,0,4.0391680741,3.54553434538,0,0,1
current_both,17.1,15.722844171,9.99427563109,0,0,4.0391680741,3.54553434538,0,0,1
current_both,17.125,15.722844171,9.99427563109,0,0,4.0391680741,3.54553434538,0,0,1
current_both,17.15,15.722844171,9.99427563109,0,0,4.0391680741,3.54553434538,0,0,1
current_both,17.175,15.722844171,9.99427563109,0,0,4.0391680741,3.54553434538,0,0,1
current_both,17.2,15.722844171,9.99427563109,0,0,4.0391680741,3.54553434538,0,0,1
current_both,17.225,15.722844171,9.99427563109,0,0,4.0391680741,3.54553434538,0,0,1
current_both,17.25,15.722844171,9.99427563109,0,0,4.0391680741,3.54553434538,0,0,1
current_both,17.275,15.722844171,9.99427563109,0,0,4.0391680741,3.54553434538,0,0,1
current_both,17.3,15.722844171,9.99427563109,0,0,4.0391680741,3.54553434538,0,0,1
current_both,17.325,15.722844171,9.99427563109,0,0,4.0391680741,3.54553434538,0,0,1
current_both,17.35,15.722844171,9.99427563109,0,0,4.0391680741,3.54553434538,0,0,1
current_both,17.375,15.722844171,9.99427563109,0,0,4.0391680741,3.54553434538,0,0,1
current_both,17.4,15.722844171,9.99427563109,0,0,4.0391680741,3.54553434538,0,0,1
current_both,17.425,15.722844171,9.99427563109,0,0,4.0391680741,3.54553434538,0,0,1
current_both,17.45,15.722844171,9.99427563109,0,0,4.0391680741,3.54553434538,0,0,1
current_both,17.475,15.722844171,9.99427563109,0,0,4.0391680741,3.54553434538,0,0,1
current_both,17.5,15.722844171,9.99427563109,0,0,4.0391680741,3.54553434538,0,0,1
current_both,17.525,15.722844171,9.99427563109,0,0,4.0391680741,3.54553434538,0,0,1
current_both,17.55,15.722844171,9.99427563109,0,0,4.0391680741,3.54553434538,0,0,1
current_both,17.575,15.722844171,9.99427563109,0,0,4.0391680741,3.54553434538,0,0,1
current_both,17.6,15.722844171,9.99427563109,0,0,4.0391680741,3.54553434538,0,0,1
current_both,17.625,15.722844171,9.99427563109,0,0,4.0391680741,3.54553434538,0,0,1
current_both,17.65,15.722844171,9.99427563109,0,0,4.0391680741,3.54553434538,0,0,1
current_both,17.675,15.722844171,9.99427563109,0,0,4.0391680741,3.54553434538,0,0,1
current_both,17.7,15.722844171,9.99427563109,0,0,4.0391680741,3.54553434538,0,0,1
current_both,17.725,15.722844171,9.99427563109,0,0,4.0391680741,3.54553434538,0,0,1
current_both,17.75,15.722844171,9.99427563109,0,0,4.0391680741,3.54553434538,0,0,1
current_both,17.775,15.722844171,9.99427563109,0,0,4.0391680741,3.54553434538,0,0,1
current_both,17.8,15.722844171,9.99427563109,0,0,4.0391680741,3.54553434538,0,0,1
current_both,17.825,15.722844171,9.99427563109,0,0,4.0391680741,3.54553434538,0,0,1
current_both,17.85,15.722844171,9.99427563109,0,0,4.0391680741,3.54553434538,0,0,1
current_both,17.875,15.722844171,9.99427563109,0,0,4.0391680741,3.54553434538,0,0,1
current_both,17.9,15.722844171,9.99427563109,0,0,4.0391680741,3.54553434538,0,0,1
current_both,17.925,15.722844171,9.99427563109,0,0,4.0391680741,3.54553434538,0,0,1
current_both,17.95,15.722844171,9.99427563109,0,0,4.0391680741,3.54553434538,0,0,1
current_both,17.975,15.722844171,9.99427563109,0,0,4.0391680741,3.54553434538,0,0,1
current_both,18,15.722844171,9.99427563109,0,0,4.0391680741,3.54553434538,0,0,1
current_both,18.025,15.722844171,9.99427563109,0,0,4.0391680741,3.54553434538,0,0,1
current_both,18.05,15.722844171,9.99427563109,0,0,4.0391680741,3.54553434538,0,0,1
current_both,18.075,15.722844171,9.99427563109,0,0,4.0391680741,3.54553434538,0,0,1
current_both,18.1,15.722844171,9.99427563109,0,0,4.0391680741,3.54553434538,0,0,1
current_both,18.125,15.722844171,9.99427563109,0,0,4.0391680741,3.54553434538,0,0,1
current_both,18.15,15.722844171,9.99427563109,0,0,4.0391680741,3.54553434538,0,0,1
current_both,18.175,15.722844171,9.99427563109,0,0,4.0391680741,3.54553434538,0,0,1
current_both,18.2,15.722844171,9.99427563109,0,0,4.0391680741,3.54553434538,0,0,1
current_both,18.225,15.722844171,9.99427563109,0,0,4.0391680741,3.54553434538,0,0,1
current_both,18.25,15.722844171,9.99427563109,0,0,4.0391680741,3.54553434538,0,0,1
current_both,18.275,15.722844171,9.99427563109,0,0,4.0391680741,3.54553434538,0,0,1
current_both,18.3,15.722844171,9.99427563109,0,0,4.0391680741,3.54553434538,0,0,1
current_both,18.325,15.722844171,9.99427563109,0,0,4.0391680741,3.54553434538,0,0,1
current_both,18.35,15.722844171,9.99427563109,0,0,4.0391680741,3.54553434538,0,0,1
current_both,18.375,15.722844171,9.99427563109,0,0,4.0391680741,3.54553434538,0,0,1
current_both,18.4,15.722844171,9.99427563109,0,0,4.0391680741,3.54553434538,0,0,1
current_both,18.425,15.722844171,9.99427563109,0,0,4.0391680741,3.54553434538,0,0,1
current_both,18.45,15.722844171,9.99427563109,0,0,4.0391680741,3.54553434538,0,0,1
current_both,18.475,15.722844171,9.99427563109,0,0,4.0391680741,3.54553434538,0,0,1
current_both,18.5,15.722844171,9.99427563109,0,0,4.0391680741,3.54553434538,0,0,1
current_both,18.525,15.722844171,9.99427563109,0,0,4.0391680741,3.54553434538,0,0,1
current_both,18.55,15.722844171,9.99427563109,0,0,4.0391680741,3.54553434538,0,0,1
current_both,18.575,15.722844171,9.99427563109,0,0,4.0391680741,3.54553434538,0,0,1
current_both,18.6,15.722844171,9.99427563109,0,0,4.0391680741,3.54553434538,0,0,1
current_both,18.625,15.722844171,9.99427563109,0,0,4.0391680741,3.54553434538,0,0,1
current_both,18.65,15.722844171,9.99427563109,0,0,4.0391680741,3.54553434538,0,0,1
current_both,18.675,15.722844171,9.99427563109,0,0,4.0391680741,3.54553434538,0,0,1
current_both,18.7,15.722844171,9.99427563109,0,0,4.0391680741,3.54553434538,0,0,1
current_both,18.725,15.722844171,9.99427563109,0,0,4.0391680741,3.54553434538,0,0,1
current_both,18.75,15.722844171,9.99427563109,0,0,4.0391680741,3.54553434538,0,0,1
current_both,18.775,15.722844171,9.99427563109,0,0,4.0391680741,3.54553434538,0,0,1
current_both,18.8,15.722844171,9.99427563109,0,0,4.0391680741,3.54553434538,0,0,1
current_both,18.825,15.722844171,9.99427563109,0,0,4.0391680741,3.54553434538,0,0,1
current_both,18.85,15.722844171,9.99427563109,0,0,4.0391680741,3.54553434538,0,0,1
current_both,18.875,15.722844171,9.99427563109,0,0,4.0391680741,3.54553434538,0,0,1
current_both,18.9,15.722844171,9.99427563109,0,0,4.0391680741,3.54553434538,0,0,1
current_both,18.925,15.722844171,9.99427563109,0,0,4.0391680741,3.54553434538,0,0,1
current_both,18.95,15.722844171,9.99427563109,0,0,4.0391680741,3.54553434538,0,0,1
current_both,18.975,15.722844171,9.99427563109,0,0,4.0391680741,3.54553434538,0,0,1
current_both,19,15.722844171,9.99427563109,0,0,4.0391680741,3.54553434538,0,0,1
current_both,19.025,15.722844171,9.99427563109,0,0,4.0391680741,3.54553434538,0,0,1
current_both,19.05,15.722844171,9.99427563109,0,0,4.0391680741,3.54553434538,0,0,1
current_both,19.075,15.722844171,9.99427563109,0,0,4.0391680741,3.54553434538,0,0,1
current_both,19.1,15.722844171,9.99427563109,0,0,4.0391680741,3.54553434538,0,0,1
current_both,19.125,15.722844171,9.99427563109,0,0,4.0391680741,3.54553434538,0,0,1
current_both,19.15,15.722844171,9.99427563109,0,0,4.0391680741,3.54553434538,0,0,1
current_both,19.175,15.722844171,9.99427563109,0,0,4.0391680741,3.54553434538,0,0,1
current_both,19.2,15.722844171,9.99427563109,0,0,4.0391680741,3.54553434538,0,0,1
current_both,19.225,15.722844171,9.99427563109,0,0,4.0391680741,3.54553434538,0,0,1
current_both,19.25,15.722844171,9.99427563109,0,0,4.0391680741,3.54553434538,0,0,1
current_both,19.275,15.722844171,9.99427563109,0,0,4.0391680741,3.54553434538,0,0,1
current_both,19.3,15.722844171,9.99427563109,0,0,4.0391680741,3.54553434538,0,0,1
current_both,19.325,15.722844171,9.99427563109,0,0,4.0391680741,3.54553434538,0,0,1
current_both,19.35,15.722844171,9.99427563109,0,0,4.0391680741,3.54553434538,0,0,1
current_both,19.375,15.722844171,9.99427563109,0,0,4.0391680741,3.54553434538,0,0,1
current_both,19.4,15.722844171,9.99427563109,0,0,4.0391680741,3.54553434538,0,0,1
current_both,19.425,15.722844171,9.99427563109,0,0,4.0391680741,3.54553434538,0,0,1
current_both,19.45,15.722844171,9.99427563109,0,0,4.0391680741,3.54553434538,0,0,1
current_both,19.475,15.722844171,9.99427563109,0,0,4.0391680741,3.54553434538,0,0,1
current_both,19.5,15.722844171,9.99427563109,0,0,4.0391680741,3.54553434538,0,0,1
current_both,19.525,15.722844171,9.99427563109,0,0,4.0391680741,3.54553434538,0,0,1
current_both,19.55,15.722844171,9.99427563109,0,0,4.0391680741,3.54553434538,0,0,1
current_both,19.575,15.722844171,9.99427563109,0,0,4.0391680741,3.54553434538,0,0,1
current_both,19.6,15.722844171,9.99427563109,0,0,4.0391680741,3.54553434538,0,0,1
current_both,19.625,15.722844171,9.99427563109,0,0,4.0391680741,3.54553434538,0,0,1
current_both,19.65,15.722844171,9.99427563109,0,0,4.0391680741,3.54553434538,0,0,1
current_both,19.675,15.722844171,9.99427563109,0,0,4.0391680741,3.54553434538,0,0,1
current_both,19.7,15.722844171,9.99427563109,0,0,4.0391680741,3.54553434538,0,0,1
current_both,19.725,15.722844171,9.99427563109,0,0,4.0391680741,3.54553434538,0,0,1
current_both,19.75,15.722844171,9.99427563109,0,0,4.0391680741,3.54553434538,0,0,1
current_both,19.775,15.722844171,9.99427563109,0,0,4.0391680741,3.54553434538,0,0,1
current_both,19.8,15.722844171,9.99427563109,0,0,4.0391680741,3.54553434538,0,0,1
current_both,19.825,15.722844171,9.99427563109,0,0,4.0391680741,3.54553434538,0,0,1
current_both,19.85,15.722844171,9.99427563109,0,0,4.0391680741,3.54553434538,0,0,1
current_both,19.875,15.722844171,9.99427563109,0,0,4.0391680741,3.54553434538,0,0,1
current_both,19.9,15.722844171,9.99427563109,0,0,4.0391680741,3.54553434538,0,0,1
current_both,19.925,15.722844171,9.99427563109,0,0,4.0391680741,3.54553434538,0,0,1
current_both,19.95,15.722844171,9.99427563109,0,0,4.0391680741,3.54553434538,0,0,1
current_both,19.975,15.722844171,9.99427563109,0,0,4.0391680741,3.54553434538,0,0,1
current_both,20,15.722844171,9.99427563109,0,0,4.0391680741,3.54553434538,0,0,1
current_both,20.025,15.722844171,9.99427563109,0,0,4.0391680741,3.54553434538,0,0,1
current_both,20.05,15.722844171,9.99427563109,0,0,4.0391680741,3.54553434538,0,0,1
current_both,20.075,15.722844171,9.99427563109,0,0,4.0391680741,3.54553434538,0,0,1
current_both,20.1,15.722844171,9.99427563109,0,0,4.0391680741,3.54553434538,0,0,1
current_both,20.125,15.722844171,9.99427563109,0,0,4.0391680741,3.54553434538,0,0,1
current_both,20.15,15.722844171,9.99427563109,0,0,4.0391680741,3.54553434538,0,0,1
current_both,20.175,15.722844171,9.99427563109,0,0,4.0391680741,3.54553434538,0,0,1
current_both,20.2,15.722844171,9.99427563109,0,0,4.0391680741,3.54553434538,0,0,1
current_both,20.225,15.722844171,9.99427563109,0,0,4.0391680741,3.54553434538,0,0,1
current_both,20.25,15.722844171,9.99427563109,0,0,4.0391680741,3.54553434538,0,0,1
current_both,20.275,15.722844171,9.99427563109,0,0,4.0391680741,3.54553434538,0,0,1
current_both,20.3,15.722844171,9.99427563109,0,0,4.0391680741,3.54553434538,0,0,1
current_both,20.325,15.722844171,9.99427563109,0,0,4.0391680741,3.54553434538,0,0,1
current_both,20.35,15.722844171,9.99427563109,0,0,4.0391680741,3.54553434538,0,0,1
current_both,20.375,15.722844171,9.99427563109,0,0,4.0391680741,3.54553434538,0,0,1
current_both,20.4,15.722844171,9.99427563109,0,0,4.0391680741,3.54553434538,0,0,1
current_both,20.425,15.722844171,9.99427563109,0,0,4.0391680741,3.54553434538,0,0,1
current_both,20.45,15.722844171,9.99427563109,0,0,4.0391680741,3.54553434538,0,0,1
current_both,20.475,15.722844171,9.99427563109,0,0,4.0391680741,3.54553434538,0,0,1
current_both,20.5,15.722844171,9.99427563109,0,0,4.0391680741,3.54553434538,0,0,1
current_both,20.525,15.722844171,9.99427563109,0,0,4.0391680741,3.54553434538,0,0,1
current_both,20.55,15.722844171,9.99427563109,0,0,4.0391680741,3.54553434538,0,0,1
current_both,20.575,15.722844171,9.99427563109,0,0,4.0391680741,3.54553434538,0,0,1
current_both,20.6,15.722844171,9.99427563109,0,0,4.0391680741,3.54553434538,0,0,1
current_both,20.625,15.722844171,9.99427563109,0,0,4.0391680741,3.54553434538,0,0,1
current_both,20.65,15.722844171,9.99427563109,0,0,4.0391680741,3.54553434538,0,0,1
current_both,20.675,15.722844171,9.99427563109,0,0,4.0391680741,3.54553434538,0,0,1
current_both,20.7,15.722844171,9.99427563109,0,0,4.0391680741,3.54553434538,0,0,1
current_both,20.725,15.722844171,9.99427563109,0,0,4.0391680741,3.54553434538,0,0,1
current_both,20.75,15.722844171,9.99427563109,0,0,4.0391680741,3.54553434538,0,0,1
current_both,20.775,15.722844171,9.99427563109,0,0,4.0391680741,3.54553434538,0,0,1
current_both,20.8,15.722844171,9.99427563109,0,0,4.0391680741,3.54553434538,0,0,1
current_both,20.825,15.722844171,9.99427563109,0,0,4.0391680741,3.54553434538,0,0,1
current_both,20.85,15.722844171,9.99427563109,0,0,4.0391680741,3.54553434538,0,0,1
current_both,20.875,15.722844171,9.99427563109,0,0,4.0391680741,3.54553434538,0,0,1
current_both,20.9,15.722844171,9.99427563109,0,0,4.0391680741,3.54553434538,0,0,1
current_both,20.925,15.722844171,9.99427563109,0,0,4.0391680741,3.54553434538,0,0,1
current_both,20.95,15.722844171,9.99427563109,0,0,4.0391680741,3.54553434538,0,0,1
current_both,20.975,15.722844171,9.99427563109,0,0,4.0391680741,3.54553434538,0,0,1
current_both,21,15.722844171,9.99427563109,0,0,4.0391680741,3.54553434538,0,0,1
current_both,21.025,15.722844171,9.99427563109,0,0,4.0391680741,3.54553434538,0,0,1
current_both,21.05,15.722844171,9.99427563109,0,0,4.0391680741,3.54553434538,0,0,1
current_both,21.075,15.722844171,9.99427563109,0,0,4.0391680741,3.54553434538,0,0,1
current_both,21.1,15.722844171,9.99427563109,0,0,4.0391680741,3.54553434538,0,0,1
current_both,21.125,15.722844171,9.99427563109,0,0,4.0391680741,3.54553434538,0,0,1
current_both,21.15,15.722844171,9.99427563109,0,0,4.0391680741,3.54553434538,0,0,1
current_both,21.175,15.722844171,9.99427563109,0,0,4.0391680741,3.54553434538,0,0,1
current_both,21.2,15.722844171,9.99427563109,0,0,4.0391680741,3.54553434538,0,0,1
current_both,21.225,15.722844171,9.99427563109,0,0,4.0391680741,3.54553434538,0,0,1
current_both,21.25,15.722844171,9.99427563109,0,0,4.0391680741,3.54553434538,0,0,1
current_both,21.275,15.722844171,9.99427563109,0,0,4.0391680741,3.54553434538,0,0,1
current_both,21.3,15.722844171,9.99427563109,0,0,4.0391680741,3.54553434538,0,0,1
current_both,21.325,15.722844171,9.99427563109,0,0,4.0391680741,3.54553434538,0,0,1
current_both,21.35,15.722844171,9.99427563109,0,0,4.0391680741,3.54553434538,0,0,1
current_both,21.375,15.722844171,9.99427563109,0,0,4.0391680741,3.54553434538,0,0,1
current_both,21.4,15.722844171,9.99427563109,0,0,4.0391680741,3.54553434538,0,0,1
current_both,21.425,15.722844171,9.99427563109,0,0,4.0391680741,3.54553434538,0,0,1
current_both,21.45,15.722844171,9.99427563109,0,0,4.0391680741,3.54553434538,0,0,1
current_both,21.475,15.722844171,9.99427563109,0,0,4.0391680741,3.54553434538,0,0,1
current_both,21.5,15.722844171,9.99427563109,0,0,4.0391680741,3.54553434538,0,0,1
current_both,21.525,15.722844171,9.99427563109,0,0,4.0391680741,3.54553434538,0,0,1
current_both,21.55,15.722844171,9.99427563109,0,0,4.0391680741,3.54553434538,0,0,1
current_both,21.575,15.722844171,9.99427563109,0,0,4.0391680741,3.54553434538,0,0,1
current_both,21.6,15.722844171,9.99427563109,0,0,4.0391680741,3.54553434538,0,0,1
current_both,21.625,15.722844171,9.99427563109,0,0,4.0391680741,3.54553434538,0,0,1
current_both,21.65,15.722844171,9.99427563109,0,0,4.0391680741,3.54553434538,0,0,1
current_both,21.675,15.722844171,9.99427563109,0,0,4.0391680741,3.54553434538,0,0,1
current_both,21.7,15.722844171,9.99427563109,0,0,4.0391680741,3.54553434538,0,0,1
current_both,21.725,15.722844171,9.99427563109,0,0,4.0391680741,3.54553434538,0,0,1
current_both,21.75,15.722844171,9.99427563109,0,0,4.0391680741,3.54553434538,0,0,1
current_both,21.775,15.722844171,9.99427563109,0,0,4.0391680741,3.54553434538,0,0,1
current_both,21.8,15.722844171,9.99427563109,0,0,4.0391680741,3.54553434538,0,0,1
current_both,21.825,15.722844171,9.99427563109,0,0,4.0391680741,3.54553434538,0,0,1
current_both,21.85,15.722844171,9.99427563109,0,0,4.0391680741,3.54553434538,0,0,1
current_both,21.875,15.722844171,9.99427563109,0,0,4.0391680741,3.54553434538,0,0,1
current_both,21.9,15.722844171,9.99427563109,0,0,4.0391680741,3.54553434538,0,0,1
current_both,21.925,15.722844171,9.99427563109,0,0,4.0391680741,3.54553434538,0,0,1
current_both,21.95,15.722844171,9.99427563109,0,0,4.0391680741,3.54553434538,0,0,1
current_both,21.975,15.722844171,9.99427563109,0,0,4.0391680741,3.54553434538,0,0,1
current_both,22,15.722844171,9.99427563109,0,0,4.0391680741,3.54553434538,0,0,1
current_both,22.025,15.722844171,9.99427563109,0,0,4.0391680741,3.54553434538,0,0,1
current_both,22.05,15.722844171,9.99427563109,0,0,4.0391680741,3.54553434538,0,0,1
current_both,22.075,15.722844171,9.99427563109,0,0,4.0391680741,3.54553434538,0,0,1
current_both,22.1,15.722844171,9.99427563109,0,0,4.0391680741,3.54553434538,0,0,1
current_both,22.125,15.722844171,9.99427563109,0,0,4.0391680741,3.54553434538,0,0,1
current_both,22.15,15.722844171,9.99427563109,0,0,4.0391680741,3.54553434538,0,0,1
current_both,22.175,15.722844171,9.99427563109,0,0,4.0391680741,3.54553434538,0,0,1
current_both,22.2,15.722844171,9.99427563109,0,0,4.0391680741,3.54553434538,0,0,1
current_both,22.225,15.722844171,9.99427563109,0,0,4.0391680741,3.54553434538,0,0,1
current_both,22.25,15.722844171,9.99427563109,0,0,4.0391680741,3.54553434538,0,0,1
current_both,22.275,15.722844171,9.99427563109,0,0,4.0391680741,3.54553434538,0,0,1
current_both,22.3,15.722844171,9.99427563109,0,0,4.0391680741,3.54553434538,0,0,1
current_both,22.325,15.722844171,9.99427563109,0,0,4.0391680741,3.54553434538,0,0,1
current_both,22.35,15.722844171,9.99427563109,0,0,4.0391680741,3.54553434538,0,0,1
current_both,22.375,15.722844171,9.99427563109,0,0,4.0391680741,3.54553434538,0,0,1
current_both,22.4,15.722844171,9.99427563109,0,0,4.0391680741,3.54553434538,0,0,1
current_both,22.425,15.722844171,9.99427563109,0,0,4.0391680741,3.54553434538,0,0,1
current_both,22.45,15.722844171,9.99427563109,0,0,4.0391680741,3.54553434538,0,0,1
current_both,22.475,15.722844171,9.99427563109,0,0,4.0391680741,3.54553434538,0,0,1
current_both,22.5,15.722844171,9.99427563109,0,0,4.0391680741,3.54553434538,0,0,1
current_both,22.525,15.722844171,9.99427563109,0,0,4.0391680741,3.54553434538,0,0,1
current_both,22.55,15.722844171,9.99427563109,0,0,4.0391680741,3.54553434538,0,0,1
current_both,22.575,15.722844171,9.99427563109,0,0,4.0391680741,3.54553434538,0,0,1
current_both,22.6,15.722844171,9.99427563109,0,0,4.0391680741,3.54553434538,0,0,1
current_both,22.625,15.722844171,9.99427563109,0,0,4.0391680741,3.54553434538,0,0,1
current_both,22.65,15.722844171,9.99427563109,0,0,4.0391680741,3.54553434538,0,0,1
current_both,22.675,15.722844171,9.99427563109,0,0,4.0391680741,3.54553434538,0,0,1
current_both,22.7,15.722844171,9.99427563109,0,0,4.0391680741,3.54553434538,0,0,1
current_both,22.725,15.722844171,9.99427563109,0,0,4.0391680741,3.54553434538,0,0,1
current_both,22.75,15.722844171,9.99427563109,0,0,4.0391680741,3.54553434538,0,0,1
current_both,22.775,15.722844171,9.99427563109,0,0,4.0391680741,3.54553434538,0,0,1
current_both,22.8,15.722844171,9.99427563109,0,0,4.0391680741,3.54553434538,0,0,1
current_both,22.825,15.722844171,9.99427563109,0,0,4.0391680741,3.54553434538,0,0,1
current_both,22.85,15.722844171,9.99427563109,0,0,4.0391680741,3.54553434538,0,0,1
current_both,22.875,15.722844171,9.99427563109,0,0,4.0391680741,3.54553434538,0,0,1
current_both,22.9,15.722844171,9.99427563109,0,0,4.0391680741,3.54553434538,0,0,1
current_both,22.925,15.722844171,9.99427563109,0,0,4.0391680741,3.54553434538,0,0,1
current_both,22.95,15.722844171,9.99427563109,0,0,4.0391680741,3.54553434538,0,0,1
current_both,22.975,15.722844171,9.99427563109,0,0,4.0391680741,3.54553434538,0,0,1
current_both,23,15.722844171,9.99427563109,0,0,4.0391680741,3.54553434538,0,0,1
current_both,23.025,15.722844171,9.99427563109,0,0,4.0391680741,3.54553434538,0,0,1
current_both,23.05,15.722844171,9.99427563109,0,0,4.0391680741,3.54553434538,0,0,1
current_both,23.075,15.722844171,9.99427563109,0,0,4.0391680741,3.54553434538,0,0,1
current_both,23.1,15.722844171,9.99427563109,0,0,4.0391680741,3.54553434538,0,0,1
current_both,23.125,15.722844171,9.99427563109,0,0,4.0391680741,3.54553434538,0,0,1
current_both,23.15,15.722844171,9.99427563109,0,0,4.0391680741,3.54553434538,0,0,1
current_both,23.175,15.722844171,9.99427563109,0,0,4.0391680741,3.54553434538,0,0,1
current_both,23.2,15.722844171,9.99427563109,0,0,4.0391680741,3.54553434538,0,0,1
current_both,23.225,15.722844171,9.99427563109,0,0,4.0391680741,3.54553434538,0,0,1
current_both,23.25,15.722844171,9.99427563109,0,0,4.0391680741,3.54553434538,0,0,1
current_both,23.275,15.722844171,9.99427563109,0,0,4.0391680741,3.54553434538,0,0,1
current_both,23.3,15.722844171,9.99427563109,0,0,4.0391680741,3.54553434538,0,0,1
current_both,23.325,15.722844171,9.99427563109,0,0,4.0391680741,3.54553434538,0,0,1
current_both,23.35,15.722844171,9.99427563109,0,0,4.0391680741,3.54553434538,0,0,1
current_both,23.375,15.722844171,9.99427563109,0,0,4.0391680741,3.54553434538,0,0,1
current_both,23.4,15.722844171,9.99427563109,0,0,4.0391680741,3.54553434538,0,0,1
current_both,23.425,15.722844171,9.99427563109,0,0,4.0391680741,3.54553434538,0,0,1
current_both,23.45,15.722844171,9.99427563109,0,0,4.0391680741,3.54553434538,0,0,1
current_both,23.475,15.722844171,9.99427563109,0,0,4.0391680741,3.54553434538,0,0,1
current_both,23.5,15.722844171,9.99427563109,0,0,4.0391680741,3.54553434538,0,0,1
current_both,23.525,15.722844171,9.99427563109,0,0,4.0391680741,3.54553434538,0,0,1
current_both,23.55,15.722844171,9.99427563109,0,0,4.0391680741,3.54553434538,0,0,1
current_both,23.575,15.722844171,9.99427563109,0,0,4.0391680741,3.54553434538,0,0,1
current_both,23.6,15.722844171,9.99427563109,0,0,4.0391680741,3.54553434538,0,0,1
current_both,23.625,15.722844171,9.99427563109,0,0,4.0391680741,3.54553434538,0,0,1
current_both,23.65,15.722844171,9.99427563109,0,0,4.0391680741,3.54553434538,0,0,1
current_both,23.675,15.722844171,9.99427563109,0,0,4.0391680741,3.54553434538,0,0,1
current_both,23.7,15.722844171,9.99427563109,0,0,4.0391680741,3.54553434538,0,0,1
current_both,23.725,15.722844171,9.99427563109,0,0,4.0391680741,3.54553434538,0,0,1
current_both,23.75,15.722844171,9.99427563109,0,0,4.0391680741,3.54553434538,0,0,1
current_both,23.775,15.722844171,9.99427563109,0,0,4.0391680741,3.54553434538,0,0,1
current_both,23.8,15.722844171,9.99427563109,0,0,4.0391680741,3.54553434538,0,0,1
current_both,23.825,15.722844171,9.99427563109,0,0,4.0391680741,3.54553434538,0,0,1
current_both,23.85,15.722844171,9.99427563109,0,0,4.0391680741,3.54553434538,0,0,1
current_both,23.875,15.722844171,9.99427563109,0,0,4.0391680741,3.54553434538,0,0,1
current_both,23.9,15.722844171,9.99427563109,0,0,4.0391680741,3.54553434538,0,0,1
current_both,23.925,15.722844171,9.99427563109,0,0,4.0391680741,3.54553434538,0,0,1
current_both,23.95,15.722844171,9.99427563109,0,0,4.0391680741,3.54553434538,0,0,1
current_both,23.975,15.722844171,9.99427563109,0,0,4.0391680741,3.54553434538,0,0,1
current_both,24,15.722844171,9.99427563109,0,0,4.0391680741,3.54553434538,0,0,1
current_both,24.025,15.722844171,9.99427563109,0,0,4.0391680741,3.54553434538,0,0,1
current_both,24.05,15.722844171,9.99427563109,0,0,4.0391680741,3.54553434538,0,0,1
current_both,24.075,15.722844171,9.99427563109,0,0,4.0391680741,3.54553434538,0,0,1
current_both,24.1,15.722844171,9.99427563109,0,0,4.0391680741,3.54553434538,0,0,1
current_both,24.125,15.722844171,9.99427563109,0,0,4.0391680741,3.54553434538,0,0,1
current_both,24.15,15.722844171,9.99427563109,0,0,4.0391680741,3.54553434538,0,0,1
current_both,24.175,15.722844171,9.99427563109,0,0,4.0391680741,3.54553434538,0,0,1
current_both,24.2,15.722844171,9.99427563109,0,0,4.0391680741,3.54553434538,0,0,1
current_both,24.225,15.722844171,9.99427563109,0,0,4.0391680741,3.54553434538,0,0,1
current_both,24.25,15.722844171,9.99427563109,0,0,4.0391680741,3.54553434538,0,0,1
current_both,24.275,15.722844171,9.99427563109,0,0,4.0391680741,3.54553434538,0,0,1
current_both,24.3,15.722844171,9.99427563109,0,0,4.0391680741,3.54553434538,0,0,1
current_both,24.325,15.722844171,9.99427563109,0,0,4.0391680741,3.54553434538,0,0,1
current_both,24.35,15.722844171,9.99427563109,0,0,4.0391680741,3.54553434538,0,0,1
current_both,24.375,15.722844171,9.99427563109,0,0,4.0391680741,3.54553434538,0,0,1
current_both,24.4,15.722844171,9.99427563109,0,0,4.0391680741,3.54553434538,0,0,1
current_both,24.425,15.722844171,9.99427563109,0,0,4.0391680741,3.54553434538,0,0,1
current_both,24.45,15.722844171,9.99427563109,0,0,4.0391680741,3.54553434538,0,0,1
current_both,24.475,15.722844171,9.99427563109,0,0,4.0391680741,3.54553434538,0,0,1
current_both,24.5,15.722844171,9.99427563109,0,0,4.0391680741,3.54553434538,0,0,1
current_both,24.525,15.722844171,9.99427563109,0,0,4.0391680741,3.54553434538,0,0,1
current_both,24.55,15.722844171,9.99427563109,0,0,4.0391680741,3.54553434538,0,0,1
current_both,24.575,15.722844171,9.99427563109,0,0,4.0391680741,3.54553434538,0,0,1
current_both,24.6,15.722844171,9.99427563109,0,0,4.0391680741,3.54553434538,0,0,1
current_both,24.625,15.722844171,9.99427563109,0,0,4.0391680741,3.54553434538,0,0,1
current_both,24.65,15.722844171,9.99427563109,0,0,4.0391680741,3.54553434538,0,0,1
current_both,24.675,15.722844171,9.99427563109,0,0,4.0391680741,3.54553434538,0,0,1
current_both,24.7,15.722844171,9.99427563109,0,0,4.0391680741,3.54553434538,0,0,1
current_both,24.725,15.722844171,9.99427563109,0,0,4.0391680741,3.54553434538,0,0,1
current_both,24.75,15.722844171,9.99427563109,0,0,4.0391680741,3.54553434538,0,0,1
current_both,24.775,15.722844171,9.99427563109,0,0,4.0391680741,3.54553434538,0,0,1
current_both,24.8,15.722844171,9.99427563109,0,0,4.0391680741,3.54553434538,0,0,1
current_both,24.825,15.722844171,9.99427563109,0,0,4.0391680741,3.54553434538,0,0,1
current_both,24.85,15.722844171,9.99427563109,0,0,4.0391680741,3.54553434538,0,0,1
current_both,24.875,15.722844171,9.99427563109,0,0,4.0391680741,3.54553434538,0,0,1
current_both,24.9,15.722844171,9.99427563109,0,0,4.0391680741,3.54553434538,0,0,1
current_both,24.925,15.722844171,9.99427563109,0,0,4.0391680741,3.54553434538,0,0,1
current_both,24.95,15.722844171,9.99427563109,0,0,4.0391680741,3.54553434538,0,0,1
current_both,24.975,15.722844171,9.99427563109,0,0,4.0391680741,3.54553434538,0,0,1
current_both,25,15.722844171,9.99427563109,0,0,4.0391680741,3.54553434538,0,0,1
current_both,25.025,15.722844171,9.99427563109,0,0,4.0391680741,3.54553434538,0,0,1
current_both,25.05,15.722844171,9.99427563109,0,0,4.0391680741,3.54553434538,0,0,1
current_both,25.075,15.722844171,9.99427563109,0,0,4.0391680741,3.54553434538,0,0,1
current_both,25.1,15.722844171,9.99427563109,0,0,4.0391680741,3.54553434538,0,0,1
current_both,25.125,15.722844171,9.99427563109,0,0,4.0391680741,3.54553434538,0,0,1
current_both,25.15,15.722844171,9.99427563109,0,0,4.0391680741,3.54553434538,0,0,1
current_both,25.175,15.722844171,9.99427563109,0,0,4.0391680741,3.54553434538,0,0,1
current_both,25.2,15.722844171,9.99427563109,0,0,4.0391680741,3.54553434538,0,0,1
current_both,25.225,15.722844171,9.99427563109,0,0,4.0391680741,3.54553434538,0,0,1
current_both,25.25,15.722844171,9.99427563109,0,0,4.0391680741,3.54553434538,0,0,1
current_both,25.275,15.722844171,9.99427563109,0,0,4.0391680741,3.54553434538,0,0,1
current_both,25.3,15.722844171,9.99427563109,0,0,4.0391680741,3.54553434538,0,0,1
current_both,25.325,15.722844171,9.99427563109,0,0,4.0391680741,3.54553434538,0,0,1
current_both,25.35,15.722844171,9.99427563109,0,0,4.0391680741,3.54553434538,0,0,1
current_both,25.375,15.722844171,9.99427563109,0,0,4.0391680741,3.54553434538,0,0,1
current_both,25.4,15.722844171,9.99427563109,0,0,4.0391680741,3.54553434538,0,0,1
current_both,25.425,15.722844171,9.99427563109,0,0,4.0391680741,3.54553434538,0,0,1
current_both,25.45,15.722844171,9.99427563109,0,0,4.0391680741,3.54553434538,0,0,1
current_both,25.475,15.722844171,9.99427563109,0,0,4.0391680741,3.54553434538,0,0,1
current_both,25.5,15.722844171,9.99427563109,0,0,4.0391680741,3.54553434538,0,0,1
current_both,25.525,15.722844171,9.99427563109,0,0,4.0391680741,3.54553434538,0,0,1
current_both,25.55,15.722844171,9.99427563109,0,0,4.0391680741,3.54553434538,0,0,1
current_both,25.575,15.722844171,9.99427563109,0,0,4.0391680741,3.54553434538,0,0,1
current_both,25.6,15.722844171,9.99427563109,0,0,4.0391680741,3.54553434538,0,0,1
current_both,25.625,15.722844171,9.99427563109,0,0,4.0391680741,3.54553434538,0,0,1
current_both,25.65,15.722844171,9.99427563109,0,0,4.0391680741,3.54553434538,0,0,1
current_both,25.675,15.722844171,9.99427563109,0,0,4.0391680741,3.54553434538,0,0,1
current_both,25.7,15.722844171,9.99427563109,0,0,4.0391680741,3.54553434538,0,0,1
current_both,25.725,15.722844171,9.99427563109,0,0,4.0391680741,3.54553434538,0,0,1
current_both,25.75,15.722844171,9.99427563109,0,0,4.0391680741,3.54553434538,0,0,1
current_both,25.775,15.722844171,9.99427563109,0,0,4.0391680741,3.54553434538,0,0,1
current_both,25.8,15.722844171,9.99427563109,0,0,4.0391680741,3.54553434538,0,0,1
current_both,25.825,15.722844171,9.99427563109,0,0,4.0391680741,3.54553434538,0,0,1
current_both,25.85,15.722844171,9.99427563109,0,0,4.0391680741,3.54553434538,0,0,1
current_both,25.875,15.722844171,9.99427563109,0,0,4.0391680741,3.54553434538,0,0,1
current_both,25.9,15.722844171,9.99427563109,0,0,4.0391680741,3.54553434538,0,0,1
current_both,25.925,15.722844171,9.99427563109,0,0,4.0391680741,3.54553434538,0,0,1
current_both,25.95,15.722844171,9.99427563109,0,0,4.0391680741,3.54553434538,0,0,1
current_both,25.975,15.722844171,9.99427563109,0,0,4.0391680741,3.54553434538,0,0,1
current_both,26,15.722844171,9.99427563109,0,0,4.0391680741,3.54553434538,0,0,1
current_both,26.025,15.722844171,9.99427563109,0,0,4.0391680741,3.54553434538,0,0,1
current_both,26.05,15.722844171,9.99427563109,0,0,4.0391680741,3.54553434538,0,0,1
current_both,26.075,15.722844171,9.99427563109,0,0,4.0391680741,3.54553434538,0,0,1
current_both,26.1,15.722844171,9.99427563109,0,0,4.0391680741,3.54553434538,0,0,1
current_both,26.125,15.722844171,9.99427563109,0,0,4.0391680741,3.54553434538,0,0,1
current_both,26.15,15.722844171,9.99427563109,0,0,4.0391680741,3.54553434538,0,0,1
current_both,26.175,15.722844171,9.99427563109,0,0,4.0391680741,3.54553434538,0,0,1
current_both,26.2,15.722844171,9.99427563109,0,0,4.0391680741,3.54553434538,0,0,1
current_both,26.225,15.722844171,9.99427563109,0,0,4.0391680741,3.54553434538,0,0,1
current_both,26.25,15.722844171,9.99427563109,0,0,4.0391680741,3.54553434538,0,0,1
current_both,26.275,15.722844171,9.99427563109,0,0,4.0391680741,3.54553434538,0,0,1
current_both,26.3,15.722844171,9.99427563109,0,0,4.0391680741,3.54553434538,0,0,1
current_both,26.325,15.722844171,9.99427563109,0,0,4.0391680741,3.54553434538,0,0,1
current_both,26.35,15.722844171,9.99427563109,0,0,4.0391680741,3.54553434538,0,0,1
current_both,26.375,15.722844171,9.99427563109,0,0,4.0391680741,3.54553434538,0,0,1
current_both,26.4,15.722844171,9.99427563109,0,0,4.0391680741,3.54553434538,0,0,1
current_both,26.425,15.722844171,9.99427563109,0,0,4.0391680741,3.54553434538,0,0,1
current_both,26.45,15.722844171,9.99427563109,0,0,4.0391680741,3.54553434538,0,0,1
current_both,26.475,15.722844171,9.99427563109,0,0,4.0391680741,3.54553434538,0,0,1
current_both,26.5,15.722844171,9.99427563109,0,0,4.0391680741,3.54553434538,0,0,1
current_both,26.525,15.722844171,9.99427563109,0,0,4.0391680741,3.54553434538,0,0,1
current_both,26.55,15.722844171,9.99427563109,0,0,4.0391680741,3.54553434538,0,0,1
current_both,26.575,15.722844171,9.99427563109,0,0,4.0391680741,3.54553434538,0,0,1
current_both,26.6,15.722844171,9.99427563109,0,0,4.0391680741,3.54553434538,0,0,1
current_both,26.625,15.722844171,9.99427563109,0,0,4.0391680741,3.54553434538,0,0,1
current_both,26.65,15.722844171,9.99427563109,0,0,4.0391680741,3.54553434538,0,0,1
current_both,26.675,15.722844171,9.99427563109,0,0,4.0391680741,3.54553434538,0,0,1
current_both,26.7,15.722844171,9.99427563109,0,0,4.0391680741,3.54553434538,0,0,1
current_both,26.725,15.722844171,9.99427563109,0,0,4.0391680741,3.54553434538,0,0,1
current_both,26.75,15.722844171,9.99427563109,0,0,4.0391680741,3.54553434538,0,0,1
current_both,26.775,15.722844171,9.99427563109,0,0,4.0391680741,3.54553434538,0,0,1
current_both,26.8,15.722844171,9.99427563109,0,0,4.0391680741,3.54553434538,0,0,1
current_both,26.825,15.722844171,9.99427563109,0,0,4.0391680741,3.54553434538,0,0,1
current_both,26.85,15.722844171,9.99427563109,0,0,4.0391680741,3.54553434538,0,0,1
current_both,26.875,15.722844171,9.99427563109,0,0,4.0391680741,3.54553434538,0,0,1
current_both,26.9,15.722844171,9.99427563109,0,0,4.0391680741,3.54553434538,0,0,1
current_both,26.925,15.722844171,9.99427563109,0,0,4.0391680741,3.54553434538,0,0,1
current_both,26.95,15.722844171,9.99427563109,0,0,4.0391680741,3.54553434538,0,0,1
current_both,26.975,15.722844171,9.99427563109,0,0,4.0391680741,3.54553434538,0,0,1
current_both,27,15.722844171,9.99427563109,0,0,4.0391680741,3.54553434538,0,0,1
current_both,27.025,15.722844171,9.99427563109,0,0,4.0391680741,3.54553434538,0,0,1
current_both,27.05,15.722844171,9.99427563109,0,0,4.0391680741,3.54553434538,0,0,1
current_both,27.075,15.722844171,9.99427563109,0,0,4.0391680741,3.54553434538,0,0,1
current_both,27.1,15.722844171,9.99427563109,0,0,4.0391680741,3.54553434538,0,0,1
current_both,27.125,15.722844171,9.99427563109,0,0,4.0391680741,3.54553434538,0,0,1
current_both,27.15,15.722844171,9.99427563109,0,0,4.0391680741,3.54553434538,0,0,1
current_both,27.175,15.722844171,9.99427563109,0,0,4.0391680741,3.54553434538,0,0,1
current_both,27.2,15.722844171,9.99427563109,0,0,4.0391680741,3.54553434538,0,0,1
current_both,27.225,15.722844171,9.99427563109,0,0,4.0391680741,3.54553434538,0,0,1
current_both,27.25,15.722844171,9.99427563109,0,0,4.0391680741,3.54553434538,0,0,1
current_both,27.275,15.722844171,9.99427563109,0,0,4.0391680741,3.54553434538,0,0,1
current_both,27.3,15.722844171,9.99427563109,0,0,4.0391680741,3.54553434538,0,0,1
current_both,27.325,15.722844171,9.99427563109,0,0,4.0391680741,3.54553434538,0,0,1
current_both,27.35,15.722844171,9.99427563109,0,0,4.0391680741,3.54553434538,0,0,1
current_both,27.375,15.722844171,9.99427563109,0,0,4.0391680741,3.54553434538,0,0,1
current_both,27.4,15.722844171,9.99427563109,0,0,4.0391680741,3.54553434538,0,0,1
current_both,27.425,15.722844171,9.99427563109,0,0,4.0391680741,3.54553434538,0,0,1
current_both,27.45,15.722844171,9.99427563109,0,0,4.0391680741,3.54553434538,0,0,1
current_both,27.475,15.722844171,9.99427563109,0,0,4.0391680741,3.54553434538,0,0,1
current_both,27.5,15.722844171,9.99427563109,0,0,4.0391680741,3.54553434538,0,0,1
current_both,27.525,15.722844171,9.99427563109,0,0,4.0391680741,3.54553434538,0,0,1
current_both,27.55,15.722844171,9.99427563109,0,0,4.0391680741,3.54553434538,0,0,1
current_both,27.575,15.722844171,9.99427563109,0,0,4.0391680741,3.54553434538,0,0,1
current_both,27.6,15.722844171,9.99427563109,0,0,4.0391680741,3.54553434538,0,0,1
current_both,27.625,15.722844171,9.99427563109,0,0,4.0391680741,3.54553434538,0,0,1
current_both,27.65,15.722844171,9.99427563109,0,0,4.0391680741,3.54553434538,0,0,1
current_both,27.675,15.722844171,9.99427563109,0,0,4.0391680741,3.54553434538,0,0,1
current_both,27.7,15.722844171,9.99427563109,0,0,4.0391680741,3.54553434538,0,0,1
current_both,27.725,15.722844171,9.99427563109,0,0,4.0391680741,3.54553434538,0,0,1
current_both,27.75,15.722844171,9.99427563109,0,0,4.0391680741,3.54553434538,0,0,1
current_both,27.775,15.722844171,9.99427563109,0,0,4.0391680741,3.54553434538,0,0,1
current_both,27.8,15.722844171,9.99427563109,0,0,4.0391680741,3.54553434538,0,0,1
current_both,27.825,15.722844171,9.99427563109,0,0,4.0391680741,3.54553434538,0,0,1
current_both,27.85,15.722844171,9.99427563109,0,0,4.0391680741,3.54553434538,0,0,1
current_both,27.875,15.722844171,9.99427563109,0,0,4.0391680741,3.54553434538,0,0,1
current_both,27.9,15.722844171,9.99427563109,0,0,4.0391680741,3.54553434538,0,0,1
current_both,27.925,15.722844171,9.99427563109,0,0,4.0391680741,3.54553434538,0,0,1
current_both,27.95,15.722844171,9.99427563109,0,0,4.0391680741,3.54553434538,0,0,1
current_both,27.975,15.722844171,9.99427563109,0,0,4.0391680741,3.54553434538,0,0,1
current_both,28,15.722844171,9.99427563109,0,0,4.0391680741,3.54553434538,0,0,1
current_both,28.025,15.722844171,9.99427563109,0,0,4.0391680741,3.54553434538,0,0,1
current_both,28.05,15.722844171,9.99427563109,0,0,4.0391680741,3.54553434538,0,0,1
current_both,28.075,15.722844171,9.99427563109,0,0,4.0391680741,3.54553434538,0,0,1
current_both,28.1,15.722844171,9.99427563109,0,0,4.0391680741,3.54553434538,0,0,1
current_both,28.125,15.722844171,9.99427563109,0,0,4.0391680741,3.54553434538,0,0,1
current_both,28.15,15.722844171,9.99427563109,0,0,4.0391680741,3.54553434538,0,0,1
current_both,28.175,15.722844171,9.99427563109,0,0,4.0391680741,3.54553434538,0,0,1
current_both,28.2,15.722844171,9.99427563109,0,0,4.0391680741,3.54553434538,0,0,1
current_both,28.225,15.722844171,9.99427563109,0,0,4.0391680741,3.54553434538,0,0,1
current_both,28.25,15.722844171,9.99427563109,0,0,4.0391680741,3.54553434538,0,0,1
current_both,28.275,15.722844171,9.99427563109,0,0,4.0391680741,3.54553434538,0,0,1
current_both,28.3,15.722844171,9.99427563109,0,0,4.0391680741,3.54553434538,0,0,1
current_both,28.325,15.722844171,9.99427563109,0,0,4.0391680741,3.54553434538,0,0,1
current_both,28.35,15.722844171,9.99427563109,0,0,4.0391680741,3.54553434538,0,0,1
current_both,28.375,15.722844171,9.99427563109,0,0,4.0391680741,3.54553434538,0,0,1
current_both,28.4,15.722844171,9.99427563109,0,0,4.0391680741,3.54553434538,0,0,1
current_both,28.425,15.722844171,9.99427563109,0,0,4.0391680741,3.54553434538,0,0,1
current_both,28.45,15.722844171,9.99427563109,0,0,4.0391680741,3.54553434538,0,0,1
current_both,28.475,15.722844171,9.99427563109,0,0,4.0391680741,3.54553434538,0,0,1
current_both,28.5,15.722844171,9.99427563109,0,0,4.0391680741,3.54553434538,0,0,1
current_both,28.525,15.722844171,9.99427563109,0,0,4.0391680741,3.54553434538,0,0,1
current_both,28.55,15.722844171,9.99427563109,0,0,4.0391680741,3.54553434538,0,0,1
current_both,28.575,15.722844171,9.99427563109,0,0,4.0391680741,3.54553434538,0,0,1
current_both,28.6,15.722844171,9.99427563109,0,0,4.0391680741,3.54553434538,0,0,1
current_both,28.625,15.722844171,9.99427563109,0,0,4.0391680741,3.54553434538,0,0,1
current_both,28.65,15.722844171,9.99427563109,0,0,4.0391680741,3.54553434538,0,0,1
current_both,28.675,15.722844171,9.99427563109,0,0,4.0391680741,3.54553434538,0,0,1
current_both,28.7,15.722844171,9.99427563109,0,0,4.0391680741,3.54553434538,0,0,1
current_both,28.725,15.722844171,9.99427563109,0,0,4.0391680741,3.54553434538,0,0,1
current_both,28.75,15.722844171,9.99427563109,0,0,4.0391680741,3.54553434538,0,0,1
current_both,28.775,15.722844171,9.99427563109,0,0,4.0391680741,3.54553434538,0,0,1
current_both,28.8,15.722844171,9.99427563109,0,0,4.0391680741,3.54553434538,0,0,1
current_both,28.825,15.722844171,9.99427563109,0,0,4.0391680741,3.54553434538,0,0,1
current_both,28.85,15.722844171,9.99427563109,0,0,4.0391680741,3.54553434538,0,0,1
current_both,28.875,15.722844171,9.99427563109,0,0,4.0391680741,3.54553434538,0,0,1
current_both,28.9,15.722844171,9.99427563109,0,0,4.0391680741,3.54553434538,0,0,1
current_both,28.925,15.722844171,9.99427563109,0,0,4.0391680741,3.54553434538,0,0,1
current_both,28.95,15.722844171,9.99427563109,0,0,4.0391680741,3.54553434538,0,0,1
current_both,28.975,15.722844171,9.99427563109,0,0,4.0391680741,3.54553434538,0,0,1
current_both,29,15.722844171,9.99427563109,0,0,4.0391680741,3.54553434538,0,0,1
current_both,29.025,15.722844171,9.99427563109,0,0,4.0391680741,3.54553434538,0,0,1
current_both,29.05,15.722844171,9.99427563109,0,0,4.0391680741,3.54553434538,0,0,1
current_both,29.075,15.722844171,9.99427563109,0,0,4.0391680741,3.54553434538,0,0,1
current_both,29.1,15.722844171,9.99427563109,0,0,4.0391680741,3.54553434538,0,0,1
current_both,29.125,15.722844171,9.99427563109,0,0,4.0391680741,3.54553434538,0,0,1
current_both,29.15,15.722844171,9.99427563109,0,0,4.0391680741,3.54553434538,0,0,1
current_both,29.175,15.722844171,9.99427563109,0,0,4.0391680741,3.54553434538,0,0,1
current_both,29.2,15.722844171,9.99427563109,0,0,4.0391680741,3.54553434538,0,0,1
current_both,29.225,15.722844171,9.99427563109,0,0,4.0391680741,3.54553434538,0,0,1
current_both,29.25,15.722844171,9.99427563109,0,0,4.0391680741,3.54553434538,0,0,1
current_both,29.275,15.722844171,9.99427563109,0,0,4.0391680741,3.54553434538,0,0,1
current_both,29.3,15.722844171,9.99427563109,0,0,4.0391680741,3.54553434538,0,0,1
current_both,29.325,15.722844171,9.99427563109,0,0,4.0391680741,3.54553434538,0,0,1
current_both,29.35,15.722844171,9.99427563109,0,0,4.0391680741,3.54553434538,0,0,1
current_both,29.375,15.722844171,9.99427563109,0,0,4.0391680741,3.54553434538,0,0,1
current_both,29.4,15.722844171,9.99427563109,0,0,4.0391680741,3.54553434538,0,0,1
current_both,29.425,15.722844171,9.99427563109,0,0,4.0391680741,3.54553434538,0,0,1
current_both,29.45,15.722844171,9.99427563109,0,0,4.0391680741,3.54553434538,0,0,1
current_both,29.475,15.722844171,9.99427563109,0,0,4.0391680741,3.54553434538,0,0,1
current_both,29.5,15.722844171,9.99427563109,0,0,4.0391680741,3.54553434538,0,0,1
current_both,29.525,15.722844171,9.99427563109,0,0,4.0391680741,3.54553434538,0,0,1
current_both,29.55,15.722844171,9.99427563109,0,0,4.0391680741,3.54553434538,0,0,1
current_both,29.575,15.722844171,9.99427563109,0,0,4.0391680741,3.54553434538,0,0,1
current_both,29.6,15.722844171,9.99427563109,0,0,4.0391680741,3.54553434538,0,0,1
current_both,29.625,15.722844171,9.99427563109,0,0,4.0391680741,3.54553434538,0,0,1
current_both,29.65,15.722844171,9.99427563109,0,0,4.0391680741,3.54553434538,0,0,1
current_both,29.675,15.722844171,9.99427563109,0,0,4.0391680741,3.54553434538,0,0,1
current_both,29.7,15.722844171,9.99427563109,0,0,4.0391680741,3.54553434538,0,0,1
current_both,29.725,15.722844171,9.99427563109,0,0,4.0391680741,3.54553434538,0,0,1
current_both,29.75,15.722844171,9.99427563109,0,0,4.0391680741,3.54553434538,0,0,1
current_both,29.775,15.722844171,9.99427563109,0,0,4.0391680741,3.54553434538,0,0,1
current_both,29.8,15.722844171,9.99427563109,0,0,4.0391680741,3.54553434538,0,0,1
current_both,29.825,15.722844171,9.99427563109,0,0,4.0391680741,3.54553434538,0,0,1
current_both,29.85,15.722844171,9.99427563109,0,0,4.0391680741,3.54553434538,0,0,1
current_both,29.875,15.722844171,9.99427563109,0,0,4.0391680741,3.54553434538,0,0,1
current_both,29.9,15.722844171,9.99427563109,0,0,4.0391680741,3.54553434538,0,0,1
current_both,29.925,15.722844171,9.99427563109,0,0,4.0391680741,3.54553434538,0,0,1
current_both,29.95,15.722844171,9.99427563109,0,0,4.0391680741,3.54553434538,0,0,1
current_both,29.975,15.722844171,9.99427563109,0,0,4.0391680741,3.54553434538,0,0,1
current_both,30,15.722844171,9.99427563109,0,0,4.0391680741,3.54553434538,0,0,1
current_none,0,10,10,0,0,0.530624847487,1.25,0,0,0
current_none,0.025,10.001875,10,0.075,2.67218191735e-22,0.529161254739,1.24850031664,0,0,0
current_none,0.05,10.005625,10,0.15,5.3443638347e-22,0.526237297929,1.24550285408,0,0,0
current_none,0.075,10.01125,10,0.225,8.01654575205e-22,0.521859490077,1.24101144208,0,0,0
current_none,0.1,10.01875,10,0.3,1.06887276694e-21,0.516037741341,1.23503187947,0,0,0
current_none,0.125,10.028,10,0.37,1.31827641256e-21,0.50888204372,1.22767135794,0,0,0
current_none,0.15,10.038825,10,0.433,1.54273969362e-21,0.500542834382,1.21907779954,0,0,0
current_none,0.175,10.0510675,10,0.4897,1.74475664657e-21,0.491157882607,1.20938558981,0,0,0
current_none,0.2,10.06458575,10,0.54073,1.92657190422e-21,0.480853289025,1.1987167365,0,0,0
current_none,0.225,10.079252175,10,0.586657,2.09020563612e-21,0.469744463911,1.18718196028,0,0,0
current_none,0.25,10.0949519575,10,0.6279913,2.23747599482e-21,0.45793706758,1.17488171331,0,0,0
current_none,0.275,10.1115817618,10,0.66519217,2.37001931765e-21,0.445527902667,1.1619071243,0,0,0
current_none,0.3,10.1290485856,10,0.698672953,2.4893083082e-21,0.432605752687,1.14834087129,0,0,0
current_none,0.325,10.147268727,10,0.7288056577,2.59666839969e-21,0.419252164386,1.13425798433,0,0,0
current_none,0.35,10.1661668543,10,0.75592509193,2.69329248203e-21,0.405542173545,1.11972658153,0,0,0
current_none,0.375,10.1856751689,10,0.780332582737,2.78025415614e-21,0.391544975273,1.10480854212,0,0,0
current_none,0.4,10.205732652,10,0.802299324463,2.85851966284e-21,0.377324540718,1.08956012071,0,0,0
current_none,0.425,10.2262843868,10,0.822069392017,2.92895861887e-21,0.362940182631,1.07403250683,0,0,0
current_none,0.45,10.2472809481,10,0.839862452815,2.9923536793e-21,0.348447072493,1.05827233384,0,0,0
current_none,0.475,10.2686778533,10,0.855876207534,3.04940923368e-21,0.333896711983,1.04232214132,0,0,0
current_none,0.5,10.290435068,10,0.87028858678,3.10075923263e-21,0.319337361528,1.02622079461,0,0,0
current_none,0.525,10.3125165612,10,0.883259728102,3.14697423168e-21,0.30481442854,1.01000386512,0,0,0
current_none,0.55,10.3348899051,10,0.894933755292,3.18856773082e-21,0.290370817734,0.993703974968,0,0,0
current_none,0.575,10.3575259146,10,0.905440379763,3.22600188005e-21,0.27604724573,0.977351108781,0,0,0
current_none,0.6,10.3803983231,10,0.914896341787,3.25969261436e-21,0.261882521847,0.960972895841,0,0,0
current_none,0.625,10.4034834908,10,0.923406707608,3.29001427524e-21,0.247913796759,0.944594865098,0,0,0
current_none,0.65,10.4267601417,10,0.931066036847,3.31730377003e-21,0.234176780428,0.928240675553,0,0,0
current_none,0.675,10.4502091275,10,0.937959433162,3.34186431534e-21,0.220705930466,0.911932324253,0,0,0
current_none,0.7,10.4738132148,10,0.944163489846,3.36396880612e-21,0.207534611873,0.895690333931,0,0,0
current_none,0.725,10.4975568933,10,0.949747140862,3.38386284782e-21,0.194695228878,0.879533922168,0,0,0
current_none,0.75,10.521426204,10,0.954772426775,3.40176748535e-21,0.182219329472,0.863481153739,0,0,0
current_none,0.775,10.5454085836,10,0.959295184098,3.41788165913e-21,0.170137683113,0.847549077678,0,0,0
current_none,0.8,10.5694927252,10,0.963365665688,3.43238441553e-21,0.158480332004,0.831753850438,0,0,0
current_none,0.825,10.5936684527,10,0.967029099119,3.44543689629e-21,0.147276616397,0.816110846363,0,0,0
current_none,0.85,10.6179266074,10,0.970326189207,3.45718412897e-21,0.136555174431,0.800634756607,0,0,0
current_none,0.875,10.6422589467,10,0.973293570287,3.46775663839e-21,0.126343917207,0.785339677467,0,0,0
current_none,0.9,10.666658052,10,0.975964213258,3.47727189686e-21,0.11666998003,0.770239189031,0,0,0
current_none,0.925,10.6911172468,10,0.978367791932,3.48583562949e-21,0.107559651112,0.755346424926,0,0,0
current_none,0.95,10.7156305221,10,0.980531012739,3.49354298886e-21,0.0990382794326,0.740674133867,0,0,0
current_none,0.975,10.7401924699,10,0.982477911465,3.50047961228e-21,0.0911301639378,0.726234733632,0,0,0
current_none,1,10.7647982229,10,0.984230120319,3.50672257337e-21,0.0838584267954,0.712040358001,0,0,0
current_none,1.025,10.7894434006,10,0.985807108287,3.51234123834e-21,0.0772448739859,0.698102897164,0,0,0
current_none,1.05,10.8141240606,10,0.987226397458,3.51739803682e-21,0.0713098470482,0.684434032004,0,0,0
current_none,1.075,10.8388366545,10,0.988503757712,3.52194915545e-21,0.0660720703026,0.671045262654,0,0,0
current_none,1.1,10.8635779891,10,0.989653381941,3.52604516222e-21,0.0615484982846,0.657947931634,0,0,0
current_none,1.125,10.8883451902,10,0.990688043747,3.52973156831e-21,0.057754168396,0.645153241896,0,0,0
current_none,1.15,10.9131356711,10,0.991619239372,3.5330493338e-21,0.0547020638895,0.632672270011,0,0,0
current_none,1.175,10.937947104,10,0.992457315435,3.53603532273e-21,0.0524029922044,0.620515974758,0,0,0
current_none,1.2,10.9627773936,10,0.993211583891,3.53872271277e-21,0.0508654833525,0.608695201315,0,0,0
current_none,1.225,10.9876246543,10,0.993890425502,3.54114136381e-21,0.0500957125133,0.59722068128,0,0,0
current_none,1.25,11.0124871888,10,0.994501382952,3.54331814974e-21,0.0500974502428,0.586103028693,0,0,0
current_none,1.275,11.03736347,10,0.995051244657,3.54527725708e-21,0.0508720427677,0.575352732273,0,0,0
current_none,1.3,11.062252123,10,0.995546120191,3.54704045368e-21,0.0524184237744,0.564980144057,0,0,0
current_none,1.325,11.0871519107,10,0.995991508172,3.54862733063e-21,0.0547331579672,0.554995464643,0,0,0
current_none,1.35,11.1120617196,10,0.996392357355,3.55005551988e-21,0.0578105155286,0.545408725262,0,0,0
current_none,1.375,11.1369805476,10,0.996753121619,3.5513408902e-21,0.0616425755408,0.536229766903,0,0,0
current_none,1.4,11.1619074929,10,0.997077809457,3.5524977235e-21,0.0662193554726,0.527468216748,0,0,0
current_none,1.425,11.1868417436,10,0.997370028512,3.55353887346e-21,0.0715289630596,0.519133462187,0,0,0
current_none,1.45,11.2117825692,10,0.997633025661,3.55447590843e-21,0.0775577663391,0.511234622723,0,0,0
current_none,1.475,11.2367293123,10,0.997869723094,3.5553192399e-21,0.0842905772594,0.503780520083,0,0,0
current_none,1.5,11.2616813811,10,0.998082750785,3.55607823822e-21,0.0917108441742,0.496779646895,0,0,0
current_none,1.525,11.286638243,10,0.998274475707,3.55676133671e-21,0.099800848629,0.490240134317,0,0,0
current_none,1.55,11.3115994187,10,0.998447028136,3.55737612535e-21,0.108541902131,0.484169719006,0,0,0
current_none,1.575,11.3365644768,10,0.998602325322,3.55792943513e-21,0.117914539022,0.47857570987,0,0,0
current_none,1.6,11.3615330291,10,0.99874209279,3.55842741393e-21,0.127898702099,0.473464955035,0,0,0
current_none,1.625,11.3865047262,10,0.998867883511,3.55887559485e-21,0.138473918234,0.468843809489,0,0,0
current_none,1.65,11.4114792536,10,0.99898109516,3.55927895768e-21,0.149619461847,0.464718103853,0,0,0
current_none,1.675,11.4364563282,10,0.999082985644,3.55964198423e-21,0.161314504687,0.461093114742,0,0,0
current_none,1.7,11.4614356954,10,0.99917468708,3.55996870812e-21,0.173538250965,0.457973537172,0,0,0
current_none,1.725,11.4864171259,10,0.999257218372,3.56026275962e-21,0.186270057375,0.455363459416,0,0,0
current_none,1.75,11.5114004133,10,0.999331496534,3.56052740597e-21,0.199489537964,0.453266340744,0,0,0
current_none,1.775,11.536385372,10,0.999398346881,3.56076558769e-21,0.213176654225,0.451684992376,0,0,0
current_none,1.8,11.5613718348,10,0.999458512193,3.56097995123e-21,0.227311791016,0.450621562004,0,0,0
current_none,1.825,11.5863596513,10,0.999512660974,3.56117287842e-21,0.241875819168,0.450077522126,0,0,0
current_none,1.85,11.6113486862,10,0.999561394876,3.56134651289e-21,0.256850145782,0.450053662416,0,0,0
current_none,1.875,11.6363388175,10,0.999605255389,3.56150278392e-21,0.272216753289,0.450550086277,0,0,0
current_none,1.9,11.6613299358,10,0.99964472985,3.56164342784e-21,0.287958228429,0.451566211668,0,0,0
current_none,1.925,11.6863219422,10,0.999680256865,3.56177000737e-21,0.304057782265,0.453100776205,0,0,0
current_none,1.95,11.711314748,10,0.999712231178,3.56188392894e-21,0.320499262354,0.455151846499,0,0,0
current_none,1.975,11.7363082732,10,0.99974100806,3.56198645836e-21,0.337267158137,0.457716831604,0,0,0
current_none,2,11.7613024459,10,0.999766907254,3.56207873484e-21,0.354346600522,0.460792500407,0,0,0
current_none,2.025,11.7862972013,10,0.999790216529,3.56216178367e-21,0.3717233566,0.464375002709,0,0,0
current_none,2.05,11.8112924812,10,0.999811194876,3.56223652762e-21,0.389383820306,0.468459893715,0,0,0
current_none,2.075,11.836288233,10,0.999830075388,3.56230379717e-21,0.407314999781,0.473042161609,0,0,0
current_none,2.1,11.8612844097,10,0.99984706785,3.56236433976e-21,0.425504502097,0.47811625784,0,0,0
current_none,2.125,11.8862809688,10,0.999862361065,3.5624188281e-21,0.443940515933,0.483676129734,0,0,0
current_none,2.15,11.9112778719,10,0.999876124958,3.5624678676e-21,0.462611792696,0.489715255018,0,0,0
current_none,2.175,11.9362750847,10,0.999888512462,3.56251200316e-21,0.481507626538,0.496226677851,0,0,0
current_none,2.2,11.9612725762,10,0.999899661216,3.56255172515e-21,0.500617833635,0.503203045932,0,0,0
current_none,2.225,11.9862703186,10,0.999909695095,3.56258747495e-21,0.519932731037,0.510636648299,0,0,0
current_none,2.25,12.0112682867,10,0.999918725585,3.56261964977e-21,0.539443115369,0.51851945341,0,0,0
current_none,2.275,12.0362664581,10,0.999926853027,3.56264860711e-21,0.559140241578,0.526843147155,0,0,0
current_none,2.3,12.0612648123,10,0.999934167724,3.56267466871e-21,0.579015801917,0.535599170438,0,0,0
current_none,2.325,12.086263331,10,0.999940750952,3.56269812415e-21,0.599061905308,0.544778756047,0,0,0
current_none,2.35,12.1112619979,10,0.999946675856,3.56271923405e-21,0.619271057186,0.554372964504,0,0,0
current_none,2.375,12.1362607981,10,0.999952008271,3.56273823296e-21,0.639636139926,0.564372718684,0,0,0
current_none,2.4,12.1612597183,10,0.999956807444,3.56275533198e-21,0.660150393896,0.574768836973,0,0,0
current_none,2.425,12.1862587465,10,0.999961126699,3.56277072109e-21,0.680807399209,0.585552064818,0,0,0
current_none,2.45,12.2112578718,10,0.999965014029,3.5627845713e-21,0.701601058178,0.596713104522,0,0,0
current_none,2.475,12.2362570847,10,0.999968512626,3.56279703648e-21,0.722525578511,0.60824264319,0,0,0
current_none,2.5,12.2612563762,10,0.999971661364,3.56280825514e-21,0.743575457246,0.620131378758,0,0,0
current_none,2.525,12.2862557386,10,0.999974495227,3.56281835194e-21,0.764745465421,0.632370044064,0,0,0
current_none,2.55,12.3112551647,10,0.999977045705,3.56282743906e-21,0.786030633482,0.644949428953,0,0,0
current_none,2.575,12.3362546482,10,0.999979341134,3.56283561747e-21,0.807426237404,0.657860400417,0,0,0
current_none,2.6,12.3612541834,10,0.999981407021,3.56284297804e-21,0.828927785518,0.671093920814,0,0,0
current_none,2.625,12.3862537651,10,0.999983266319,3.56284960255e-21,0.850531006008,0.684641064204,0,0,0
current_none,2.65,12.4112533886,10,0.999984939687,3.5628555646e-21,0.872231835081,0.698493030866,0,0,0
current_none,2.675,12.4362530497,10,0.999986445718,3.56286093046e-21,0.894026405752,0.712641160078,0,0,0
current_none,2.7,12.4612527447,10,0.999987801146,3.56286575972e-21,0.915911037245,0.727076941234,0,0,0
current_none,2.725,12.4862524703,10,0.999989021032,3.56287010607e-21,0.937882224972,0.741792023392,0,0,0
current_none,2.75,12.5112522232,10,0.999990118929,3.56287401777e-21,0.959936631063,0.75677822335,0,0,0
current_none,2.775,12.5362520009,10,0.999991107036,3.56287753831e-21,0.982071075424,0.772027532347,0,0,0
current_none,2.8,12.5612518008,10,0.999991996332,3.56288070679e-21,1.0042825273,0.787532121482,0,0,0
current_none,2.825,12.5862516207,10,0.999992796699,3.56288355842e-21,1.02656809729,0.803284345964,0,0,0
current_none,2.85,12.6112514587,10,0.999993517029,3.5628861249e-21,1.04892502986,0.819276748269,0,0,0
current_none,2.875,12.6362513128,10,0.999994165326,3.56288843472e-21,1.07135069623,0.835502060321,0,0,0
current_none,2.9,12.6612511815,10,0.999994748793,3.56289051356e-21,1.09384258767,0.851953204772,0,0,0
current_none,2.925,12.6862510634,10,0.999995273914,3.56289238452e-21,1.11639830923,0.86862329548,0,0,0
current_none,2.95,12.711250957,10,0.999995746523,3.56289406838e-21,1.13901557377,0.885505637259,0,0,0
current_none,2.975,12.7362508613,10,0.99999617187,3.56289558385e-21,1.16169219632,0.902593724988,0,0,0
current_none,3,12.7612507752,10,0.999996554683,3.56289694778e-21,1.18442608883,0.919881242153,0,0,0
current_none,3.025,12.7862506977,10,0.999996899215,3.56289817532e-21,1.20721525514,0.937362058877,0,0,0
current_none,3.05,12.8112506279,10,0.999997209294,3.5628992801e-21,1.2300577863,0.95503022953,0,0,0
current_none,3.075,12.8362505651,10,0.999997488364,3.5629002744e-21,1.25295185611,0.972879989946,0,0,0
current_none,3.1,12.8612505086,10,0.999997739528,3.56290116928e-21,1.27589571691,0.99090575433,0,0,0
current_none,3.125,12.8862504577,10,0.999997965575,3.56290197466e-21,1.29888769564,1.00910211189,0,0,0
current_none,3.15,12.911250412,10,0.999998169018,3.56290269951e-21,1.32192619011,1.02746382323,0,0,0
current_none,3.175,12.9362503708,10,0.999998352116,3.56290335187e-21,1.34500966545,1.04598581659,0,0,0
current_none,3.2,12.9612503337,10,0.999998516904,3.562903939e-21,1.36813665079,1.0646631839,0,0,0
current_none,3.225,12.9862503003,10,0.999998665214,3.56290446741e-21,1.39130573612,1.08349117673,0,0,0
current_none,3.25,13.0112502703,10,0.999998798692,3.56290494298e-21,1.4145155693,1.10246520221,0,0,0
current_none,3.275,13.0362502433,10,0.999998918823,3.562905371e-21,1.43776485327,1.12158081879,0,0,0
current_none,3.3,13.0612502189,10,0.999999026941,3.56290575621e-21,1.46105234336,1.14083373207,0,0,0
current_none,3.325,13.086250197,10,0.999999124247,3.5629061029e-21,1.48437684482,1.16021979055,0,0,0
current_none,3.35,13.1112501773,10,0.999999211822,3.56290641493e-21,1.50773721042,1.17973498142,0,0,0
current_none,3.375,13.1362501596,10,0.99999929064,3.56290669575e-21,1.53113233821,1.19937542636,0,0,0
current_none,3.4,13.1612501436,10,0.999999361576,3.56290694849e-21,1.55456116938,1.21913737739,0,0,0
current_none,3.425,13.1862501293,10,0.999999425418,3.56290717595e-21,1.57802268627,1.23901721276,0,0,0
current_none,3.45,13.2112501164,10,0.999999482876,3.56290738067e-21,1.60151591044,1.25901143288,0,0,0
current_none,3.475,13.2362501047,10,0.999999534589,3.56290756492e-21,1.6250399009,1.27911665638,0,0,0
current_none,3.5,13.2612500942,10,0.99999958113,3.56290773074e-21,1.64859375233,1.29932961615,0,0,0
current_none,3.525,13.2862500848,10,0.999999623017,3.56290787998e-21,1.67217659355,1.31964715557,0,0,0
current_none,3.55,13.3112500763,10,0.999999660715,3.56290801429e-21,1.69578758591,1.34006622473,0,0,0
current_none,3.575,13.3362500687,10,0.999999694644,3.56290813518e-21,1.71942592185,1.36058387682,0,0,0
current_none,3.6,13.3612500618,10,0.999999725179,3.56290824397e-21,1.74309082356,1.38119726452,0,0,0
current_none,3.625,13.3862500557,10,0.999999752661,3.56290834189e-21,1.76678154159,1.40190363662,0,0,0
current_none,3.65,13.4112500501,10,0.999999777395,3.56290843001e-21,1.79049735368,1.42270033459,0,0,0
current_none,3.675,13.4362500451,10,0.999999799656,3.56290850932e-21,1.81423756351,1.44358478935,0,0,0
current_none,3.7,13.4612500406,10,0.99999981969,3.56290858071e-21,1.83800149965,1.46455451807,0,0,0
current_none,3.725,13.4862500365,10,0.999999837721,3.56290864495e-21,1.86178851442,1.48560712117,0,0,0
current_none,3.75,13.5112500329,10,0.999999853949,3.56290870277e-21,1.88559798292,1.50674027928,0,0,0
current_none,3.775,13.5362500296,10,0.999999868554,3.5629087548e-21,1.90942930203,1.52795175037,0,0,0
current_none,3.8,13.5612500266,10,0.999999881699,3.56290880164e-21,1.93328188956,1.54923936703,0,0,0
current_none,3.825,13.586250024,10,0.999999893529,3.56290884379e-21,1.95715518329,1.57060103371,0,0,0
current_none,3.85,13.6112500216,10,0.999999904176,3.56290888172e-21,1.98104864019,1.59203472417,0,0,0
current_none,3.875,13.6362500194,10,0.999999913758,3.56290891586e-21,2.00496173563,1.61353847896,0,0,0
current_none,3.9,13.6612500175,10,0.999999922383,3.56290894659e-21,2.02889396261,1.635110403,0,0,0
current_none,3.925,13.6862500157,10,0.999999930144,3.56290897424e-21,2.05284483105,1.65674866326,0,0,0
current_none,3.95,13.7112500141,10,0.99999993713,3.56290899913e-21,2.0768138671,1.67845148649,0,0,0
current_none,3.975,13.7362500127,10,0.999999943417,3.56290902153e-21,2.10080061249,1.70021715709,0,0,0
current_none,4,13.7612500115,10,0.999999949075,3.56290904169e-21,2.12480462393,1.72204401499,0,0,0
current_none,4.025,13.7862500103,10,0.999999954168,3.56290905984e-21,2.14882547249,1.74393045364,0,0,0
current_none,4.05,13.8112500093,10,0.999999958751,3.56290907617e-21,2.17286274305,1.7658749181,0,0,0
current_none,4.075,13.8362500084,10,0.999999962876,3.56290909086e-21,2.19691603373,1.78787590316,0,0,0
current_none,4.1,13.8612500075,10,0.999999966588,3.56290910409e-21,2.22098495545,1.80993195154,0,0,0
current_none,4.125,13.8862500068,10,0.999999969929,3.56290911599e-21,2.24506913135,1.83204165215,0,0,0
current_none,4.15,13.9112500061,10,0.999999972936,3.56290912671e-21,2.26916819637,1.85420363848,0,0,0
current_none,4.175,13.9362500055,10,0.999999975643,3.56290913635e-21,2.29328179679,1.87641658693,0,0,0
current_none,4.2,13.9612500049,10,0.999999978079,3.56290914503e-21,2.31740958982,1.89867921534,0,0,0
current_none,4.225,13.9862500044,10,0.999999980271,3.56290915284e-21,2.34155124315,1.92099028147,0,0,0
current_none,4.25,14.011250004,10,0.999999982244,3.56290915987e-21,2.36570643459,1.94334858156,0,0,0
current_none,4.275,14.0362500036,10,0.999999984019,3.56290916619e-21,2.3898748517,1.965752949,0,0,0
current_none,4.3,14.0612500032,10,0.999999985617,3.56290917189e-21,2.4140561914,1.98820225302,0,0,0
current_none,4.325,14.0862500029,10,0.999999987056,3.56290917701e-21,2.43825015965,2.01069539736,0,0,0
current_none,4.35,14.1112500026,10,0.99999998835,3.56290918163e-21,2.46245647112,2.03323131911,0,0,0
current_none,4.375,14.1362500024,10,0.999999989515,3.56290918578e-21,2.48667484887,2.05580898752,0,0,0
current_none,4.4,14.1612500021,10,0.999999990564,3.56290918951e-21,2.51090502406,2.07842740288,0,0,0
current_none,4.425,14.1862500019,10,0.999999991507,3.56290919287e-21,2.53514673564,2.10108559542,0,0,0
current_none,4.45,14.2112500017,10,0.999999992356,3.5629091959e-21,2.55939973009,2.12378262426,0,0,0
current_none,4.475,14.2362500015,10,0.999999993121,3.56290919862e-21,2.58366376117,2.14651757645,0,0,0
current_none,4.5,14.2612500014,10,0.999999993809,3.56290920107e-21,2.60793858961,2.16928956596,0,0,0
current_none,4.525,14.2862500013,10,0.999999994428,3.56290920328e-21,2.63222398293,2.19209773278,0,0,0
current_none,4.55,14.3112500011,10,0.999999994985,3.56290920527e-21,2.65651971519,2.21494124202,0,0,0
current_none,4.575,14.336250001,10,0.999999995487,3.56290920705e-21,2.68082556672,2.23781928303,0,0,0
current_none,4.6,14.3612500009,10,0.999999995938,3.56290920866e-21,2.70514132398,2.26073106862,0,0,0
current_none,4.625,14.3862500008,10,0.999999996344,3.56290921011e-21,2.72946677927,2.28367583421,0,0,0
current_none,4.65,14.4112500007,10,0.99999999671,3.56290921141e-21,2.75380173063,2.30665283712,0,0,0
current_none,4.675,14.4362500007,10,0.999999997039,3.56290921258e-21,2.77814598154,2.32966135578,0,0,0
current_none,4.7,14.4612500006,10,0.999999997335,3.56290921364e-21,2.80249934084,2.35270068907,0,0,0
current_none,4.725,14.4862500005,10,0.999999997601,3.56290921459e-21,2.82686162247,2.3757701556,0,0,0
current_none,4.75,14.5112500005,10,0.999999997841,3.56290921544e-21,2.85123264535,2.39886909308,0,0,0
current_none,4.775,14.5362500004,10,0.999999998057,3.56290921621e-21,2.87561223321,2.42199685767,0,0,0
current_none,4.8,14.5612500004,10,0.999999998251,3.5629092169e-21,2.90000021442,2.44515282339,0,0,0
current_none,4.825,14.5862500004,10,0.999999998426,3.56290921753e-21,2.92439642187,2.46833638152,0,0,0
current_none,4.85,14.6112500003,10,0.999999998584,3.56290921809e-21,2.94880069277,2.49154694003,0,0,0
current_none,4.875,14.6362500003,10,0.999999998725,3.56290921859e-21,2.97321286856,2.51478392306,0,0,0
current_none,4.9,14.6612500003,10,0.999999998853,3.56290921905e-21,2.99763279476,2.53804677036,0,0,0
current_none,4.925,14.6862500002,10,0.999999998967,3.56290921945e-21,3.02206032086,2.56133493684,0,0,0
current_none,4.95,14.7112500002,10,0.999999999071,3.56290921982e-21,3.04649530015,2.58464789203,0,0,0
current_none,4.975,14.7362500002,10,0.999999999164,3.56290922015e-21,3.07093758964,2.60798511963,0,0,0
current_none,5,14.7612500002,10,0.999999999247,3.56290922045e-21,3.09538704993,2.63134611709,0,0,0
current_none,5.025,14.7862500002,10,0.999999999323,3.56290922072e-21,3.11984354511,2.65473039512,0,0,0
current_none,5.05,14.8112500001,10,0.99999999939,3.56290922096e-21,3.14430694265,2.67813747732,0,0,0
current_none,5.075,14.8362500001,10,0.999999999451,3.56290922118e-21,3.16877711326,2.70156689973,0,0,0
current_none,5.1,14.8612500001,10,0.999999999506,3.56290922137e-21,3.19325393087,2.72501821049,0,0,0
current_none,5.125,14.8862500001,10,0.999999999556,3.56290922155e-21,3.21773727246,2.74849096943,0,0,0
current_none,5.15,14.9112500001,10,0.9999999996,3.56290922171e-21,3.24222701799,2.77198474771,0,0,0
current_none,5.175,14.9362500001,10,0.99999999964,3.56290922185e-21,3.26672305034,2.79549912749,0,0,0
current_none,5.2,14.9612500001,10,0.999999999676,3.56290922198e-21,3.29122525518,2.81903370158,0,0,0
current_none,5.225,14.9862500001,10,0.999999999708,3.56290922209e-21,3.31573352091,2.84258807309,0,0,0
current_none,5.25,15.0112500001,10,0.999999999738,3.5629092222e-21,3.34024773858,2.86616185519,0,0,0
current_none,5.275,15.0362500001,10,0.999999999764,3.56290922229e-21,3.36476780182,2.8897546707,0,0,0
current_none,5.3,15.06125,10,0.999999999787,3.56290922238e-21,3.38929360675,2.91336615189,0,0,0
current_none,5.325,15.08625,10,0.999999999809,3.56290922245e-21,3.4138250519,2.93699594017,0,0,0
current_none,5.35,15.11125,10,0.999999999828,3.56290922252e-21,3.43836203817,2.96064368577,0,0,0
current_none,5.375,15.13625,10,0.999999999845,3.56290922258e-21,3.46290446875,2.98430904757,0,0,0
current_none,5.4,15.16125,10,0.999999999861,3.56290922264e-21,3.48745224902,3.00799169274,0,0,0
current_none,5.425,15.18625,10,0.999999999874,3.56290922269e-21,3.51200528657,3.03169129659,0,0,0
current_none,5.45,15.21125,10,0.999999999887,3.56290922273e-21,3.53656349104,3.05540754226,0,0,0
current_none,5.475,15.23625,10,0.999999999898,3.56290922277e-21,3.56112677414,3.07914012053,0,0,0
current_none,5.5,15.26125,10,0.999999999908,3.56290922281e-21,3.58569504955,3.1028887296,0,0,0
current_none,5.525,15.28625,10,0.999999999918,3.56290922284e-21,3.61026823288,3.12665307484,0,0,0
current_none,5.55,15.31125,10,0.999999999926,3.56290922287e-21,3.63484624162,3.15043286862,0,0,0
current_none,5.575,15.33625,10,0.999999999933,3.5629092229e-21,3.65942899508,3.17422783011,0,0,0
current_none,5.6,15.36125,10,0.99999999994,3.56290922292e-21,3.68401641434,3.19803768505,0,0,0
current_none,5.625,15.38625,10,0.999999999946,3.56290922294e-21,3.70860842221,3.22186216561,0,0,0
current_none,5.65,15.41125,10,0.999999999951,3.56290922296e-21,3.73320494318,3.24570101016,0,0,0
current_none,5.675,15.43625,10,0.999999999956,3.56290922298e-21,3.75780590338,3.26955396314,0,0,0
current_none,5.7,15.46125,10,0.999999999961,3.56290922299e-21,3.78241123052,3.29342077486,0,0,0
current_none,5.725,15.48625,10,0.999999999965,3.56290922301e-21,3.80702085387,3.31730120136,0,0,0
current_none,5.75,15.51125,10,0.999999999968,3.56290922302e-21,3.83163470418,3.34119500422,0,0,0
current_none,5.775,15.53625,10,0.999999999971,3.56290922303e-21,3.85625271371,3.36510195044,0,0,0
current_none,5.8,15.56125,10,0.999999999974,3.56290922304e-21,3.88087481612,3.38902181228,0,0,0
current_none,5.825,15.58625,10,0.999999999977,3.56290922305e-21,3.90550094647,3.4129543671,0,0,0
current_none,5.85,15.61125,10,0.999999999979,3.56290922306e-21,3.93013104117,3.43689939723,0,0,0
current_none,5.875,15.63625,10,0.999999999981,3.56290922307e-21,3.95476503797,3.46085668986,0,0,0
current_none,5.9,15.66125,10,0.999999999983,3.56290922307e-21,3.9794028759,3.48482603687,0,0,0
current_none,5.925,15.68625,10,0.999999999985,3.56290922308e-21,4.00404449522,3.50880723472,0,0,0
current_none,5.95,15.71125,10,0,0,4.02868983745,3.53280008435,0,0,1
current_none,5.975,15.71125,10,0,0,4.02868983745,3.53280008435,0,0,1
current_none,6,15.71125,10,0,0,4.02868983745,3.53280008435,0,0,1
current_none,6.025,15.71125,10,0,0,4.02868983745,3.53280008435,0,0,1
current_none,6.05,15.71125,10,0,0,4.02868983745,3.53280008435,0,0,1
current_none,6.075,15.71125,10,0,0,4.02868983745,3.53280008435,0,0,1
current_none,6.1,15.71125,10,0,0,4.02868983745,3.53280008435,0,0,1
current_none,6.125,15.71125,10,0,0,4.02868983745,3.53280008435,0,0,1
current_none,6.15,15.71125,10,0,0,4.02868983745,3.53280008435,0,0,1
current_none,6.175,15.71125,10,0,0,4.02868983745,3.53280008435,0,0,1
current_none,6.2,15.71125,10,0,0,4.02868983745,3.53280008435,0,0,1
current_none,6.225,15.71125,10,0,0,4.02868983745,3.53280008435,0,0,1
current_none,6.25,15.71125,10,0,0,4.02868983745,3.53280008435,0,0,1
current_none,6.275,15.71125,10,0,0,4.02868983745,3.53280008435,0,0,1
current_none,6.3,15.71125,10,0,0,4.02868983745,3.53280008435,0,0,1
current_none,6.325,15.71125,10,0,0,4.02868983745,3.53280008435,0,0,1
current_none,6.35,15.71125,10,0,0,4.02868983745,3.53280008435,0,0,1
current_none,6.375,15.71125,10,0,0,4.02868983745,3.53280008435,0,0,1
current_none,6.4,15.71125,10,0,0,4.02868983745,3.53280008435,0,0,1
current_none,6.425,15.71125,10,0,0,4.02868983745,3.53280008435,0,0,1
current_none,6.45,15.71125,10,0,0,4.02868983745,3.53280008435,0,0,1
current_none,6.475,15.71125,10,0,0,4.02868983745,3.53280008435,0,0,1
current_none,6.5,15.71125,10,0,0,4.02868983745,3.53280008435,0,0,1
current_none,6.525,15.71125,10,0,0,4.02868983745,3.53280008435,0,0,1
current_none,6.55,15.71125,10,0,0,4.02868983745,3.53280008435,0,0,1
current_none,6.575,15.71125,10,0,0,4.02868983745,3.53280008435,0,0,1
current_none,6.6,15.71125,10,0,0,4.02868983745,3.53280008435,0,0,1
current_none,6.625,15.71125,10,0,0,4.02868983745,3.53280008435,0,0,1
current_none,6.65,15.71125,10,0,0,4.02868983745,3.53280008435,0,0,1
current_none,6.675,15.71125,10,0,0,4.02868983745,3.53280008435,0,0,1
current_none,6.7,15.71125,10,0,0,4.02868983745,3.53280008435,0,0,1
current_none,6.725,15.71125,10,0,0,4.02868983745,3.53280008435,0,0,1
current_none,6.75,15.71125,10,0,0,4.02868983745,3.53280008435,0,0,1
current_none,6.775,15.71125,10,0,0,4.02868983745,3.53280008435,0,0,1
current_none,6.8,15.71125,10,0,0,4.02868983745,3.53280008435,0,0,1
current_none,6.825,15.71125,10,0,0,4.02868983745,3.53280008435,0,0,1
current_none,6.85,15.71125,10,0,0,4.02868983745,3.53280008435,0,0,1
current_none,6.875,15.71125,10,0,0,4.02868983745,3.53280008435,0,0,1
current_none,6.9,15.71125,10,0,0,4.02868983745,3.53280008435,0,0,1
current_none,6.925,15.71125,10,0,0,4.02868983745,3.53280008435,0,0,1
current_none,6.95,15.71125,10,0,0,4.02868983745,3.53280008435,0,0,1
current_none,6.975,15.71125,10,0,0,4.02868983745,3.53280008435,0,0,1
current_none,7,15.71125,10,0,0,4.02868983745,3.53280008435,0,0,1
current_none,7.025,15.71125,10,0,0,4.02868983745,3.53280008435,0,0,1
current_none,7.05,15.71125,10,0,0,4.02868983745,3.53280008435,0,0,1
current_none,7.075,15.71125,10,0,0,4.02868983745,3.53280008435,0,0,1
current_none,7.1,15.71125,10,0,0,4.02868983745,3.53280008435,0,0,1
current_none,7.125,15.71125,10,0,0,4.02868983745,3.53280008435,0,0,1
current_none,7.15,15.71125,10,0,0,4.02868983745,3.53280008435,0,0,1
current_none,7.175,15.71125,10,0,0,4.02868983745,3.53280008435,0,0,1
current_none,7.2,15.71125,10,0,0,4.02868983745,3.53280008435,0,0,1
current_none,7.225,15.71125,10,0,0,4.02868983745,3.53280008435,0,0,1
current_none,7.25,15.71125,10,0,0,4.02868983745,3.53280008435,0,0,1
current_none,7.275,15.71125,10,0,0,4.02868983745,3.53280008435,0,0,1
current_none,7.3,15.71125,10,0,0,4.02868983745,3.53280008435,0,0,1
current_none,7.325,15.71125,10,0,0,4.02868983745,3.53280008435,0,0,1
current_none,7.35,15.71125,10,0,0,4.02868983745,3.53280008435,0,0,1
current_none,7.375,15.71125,10,0,0,4.02868983745,3.53280008435,0,0,1
current_none,7.4,15.71125,10,0,0,4.02868983745,3.53280008435,0,0,1
current_none,7.425,15.71125,10,0,0,4.02868983745,3.53280008435,0,0,1
current_none,7.45,15.71125,10,0,0,4.02868983745,3.53280008435,0,0,1
current_none,7.475,15.71125,10,0,0,4.02868983745,3.53280008435,0,0,1
current_none,7.5,15.71125,10,0,0,4.02868983745,3.53280008435,0,0,1
current_none,7.525,15.71125,10,0,0,4.02868983745,3.53280008435,0,0,1
current_none,7.55,15.71125,10,0,0,4.02868983745,3.53280008435,0,0,1
current_none,7.575,15.71125,10,0,0,4.02868983745,3.53280008435,0,0,1
current_none,7.6,15.71125,10,0,0,4.02868983745,3.53280008435,0,0,1
current_none,7.625,15.71125,10,0,0,4.02868983745,3.53280008435,0,0,1
current_none,7.65,15.71125,10,0,0,4.02868983745,3.53280008435,0,0,1
current_none,7.675,15.71125,10,0,0,4.02868983745,3.53280008435,0,0,1
current_none,7.7,15.71125,10,0,0,4.02868983745,3.53280008435,0,0,1
current_none,7.725,15.71125,10,0,0,4.02868983745,3.53280008435,0,0,1
current_none,7.75,15.71125,10,0,0,4.02868983745,3.53280008435,0,0,1
current_none,7.775,15.71125,10,0,0,4.02868983745,3.53280008435,0,0,1
current_none,7.8,15.71125,10,0,0,4.02868983745,3.53280008435,0,0,1
current_none,7.825,15.71125,10,0,0,4.02868983745,3.53280008435,0,0,1
current_none,7.85,15.71125,10,0,0,4.02868983745,3.53280008435,0,0,1
current_none,7.875,15.71125,10,0,0,4.02868983745,3.53280008435,0,0,1
current_none,7.9,15.71125,10,0,0,4.02868983745,3.53280008435,0,0,1
current_none,7.925,15.71125,10,0,0,4.02868983745,3.53280008435,0,0,1
current_none,7.95,15.71125,10,0,0,4.02868983745,3.53280008435,0,0,1
current_none,7.975,15.71125,10,0,0,4.02868983745,3.53280008435,0,0,1
current_none,8,15.71125,10,0,0,4.02868983745,3.53280008435,0,0,1
current_none,8.025,15.71125,10,0,0,4.02868983745,3.53280008435,0,0,1
current_none,8.05,15.71125,10,0,0,4.02868983745,3.53280008435,0,0,1
current_none,8.075,15.71125,10,0,0,4.02868983745,3.53280008435,0,0,1
current_none,8.1,15.71125,10,0,0,4.02868983745,3.53280008435,0,0,1
current_none,8.125,15.71125,10,0,0,4.02868983745,3.53280008435,0,0,1
current_none,8.15,15.71125,10,0,0,4.02868983745,3.53280008435,0,0,1
current_none,8.175,15.71125,10,0,0,4.02868983745,3.53280008435,0,0,1
current_none,8.2,15.71125,10,0,0,4.02868983745,3.53280008435,0,0,1
current_none,8.225,15.71125,10,0,0,4.02868983745,3.53280008435,0,0,1
current_none,8.25,15.71125,10,0,0,4.02868983745,3.53280008435,0,0,1
current_none,8.275,15.71125,10,0,0,4.02868983745,3.53280008435,0,0,1
current_none,8.3,15.71125,10,0,0,4.02868983745,3.53280008435,0,0,1
current_none,8.325,15.71125,10,0,0,4.02868983745,3.53280008435,0,0,1
current_none,8.35,15.71125,10,0,0,4.02868983745,3.53280008435,0,0,1
current_none,8.375,15.71125,10,0,0,4.02868983745,3.53280008435,0,0,1
current_none,8.4,15.71125,10,0,0,4.02868983745,3.53280008435,0,0,1
current_none,8.425,15.71125,10,0,0,4.02868983745,3.53280008435,0,0,1
current_none,8.45,15.71125,10,0,0,4.02868983745,3.53280008435,0,0,1
current_none,8.475,15.71125,10,0,0,4.02868983745,3.53280008435,0,0,1
current_none,8.5,15.71125,10,0,0,4.02868983745,3.53280008435,0,0,1
current_none,8.525,15.71125,10,0,0,4.02868983745,3.53280008435,0,0,1
current_none,8.55,15.71125,10,0,0,4.02868983745,3.53280008435,0,0,1
current_none,8.575,15.71125,10,0,0,4.02868983745,3.53280008435,0,0,1
current_none,8.6,15.71125,10,0,0,4.02868983745,3.53280008435,0,0,1
current_none,8.625,15.71125,10,0,0,4.02868983745,3.53280008435,0,0,1
current_none,8.65,15.71125,10,0,0,4.02868983745,3.53280008435,0,0,1
current_none,8.675,15.71125,10,0,0,4.02868983745,3.53280008435,0,0,1
current_none,8.7,15.71125,10,0,0,4.02868983745,3.53280008435,0,0,1
current_none,8.725,15.71125,10,0,0,4.02868983745,3.53280008435,0,0,1
current_none,8.75,15.71125,10,0,0,4.02868983745,3.53280008435,0,0,1
current_none,8.775,15.71125,10,0,0,4.02868983745,3.53280008435,0,0,1
current_none,8.8,15.71125,10,0,0,4.02868983745,3.53280008435,0,0,1
current_none,8.825,15.71125,10,0,0,4.02868983745,3.53280008435,0,0,1
current_none,8.85,15.71125,10,0,0,4.02868983745,3.53280008435,0,0,1
current_none,8.875,15.71125,10,0,0,4.02868983745,3.53280008435,0,0,1
current_none,8.9,15.71125,10,0,0,4.02868983745,3.53280008435,0,0,1
current_none,8.925,15.71125,10,0,0,4.02868983745,3.53280008435,0,0,1
current_none,8.95,15.71125,10,0,0,4.02868983745,3.53280008435,0,0,1
current_none,8.975,15.71125,10,0,0,4.02868983745,3.53280008435,0,0,1
current_none,9,15.71125,10,0,0,4.02868983745,3.53280008435,0,0,1
current_none,9.025,15.71125,10,0,0,4.02868983745,3.53280008435,0,0,1
current_none,9.05,15.71125,10,0,0,4.02868983745,3.53280008435,0,0,1
current_none,9.075,15.71125,10,0,0,4.02868983745,3.53280008435,0,0,1
current_none,9.1,15.71125,10,0,0,4.02868983745,3.53280008435,0,0,1
current_none,9.125,15.71125,10,0,0,4.02868983745,3.53280008435,0,0,1
current_none,9.15,15.71125,10,0,0,4.02868983745,3.53280008435,0,0,1
current_none,9.175,15.71125,10,0,0,4.02868983745,3.53280008435,0,0,1
current_none,9.2,15.71125,10,0,0,4.02868983745,3.53280008435,0,0,1
current_none,9.225,15.71125,10,0,0,4.02868983745,3.53280008435,0,0,1
current_none,9.25,15.71125,10,0,0,4.02868983745,3.53280008435,0,0,1
current_none,9.275,15.71125,10,0,0,4.02868983745,3.53280008435,0,0,1
current_none,9.3,15.71125,10,0,0,4.02868983745,3.53280008435,0,0,1
current_none,9.325,15.71125,10,0,0,4.02868983745,3.53280008435,0,0,1
current_none,9.35,15.71125,10,0,0,4.02868983745,3.53280008435,0,0,1
current_none,9.375,15.71125,10,0,0,4.02868983745,3.53280008435,0,0,1
current_none,9.4,15.71125,10,0,0,4.02868983745,3.53280008435,0,0,1
current_none,9.425,15.71125,10,0,0,4.02868983745,3.53280008435,0,0,1
current_none,9.45,15.71125,10,0,0,4.02868983745,3.53280008435,0,0,1
current_none,9.475,15.71125,10,0,0,4.02868983745,3.53280008435,0,0,1
current_none,9.5,15.71125,10,0,0,4.02868983745,3.53280008435,0,0,1
current_none,9.525,15.71125,10,0,0,4.02868983745,3.53280008435,0,0,1
current_none,9.55,15.71125,10,0,0,4.02868983745,3.53280008435,0,0,1
current_none,9.575,15.71125,10,0,0,4.02868983745,3.53280008435,0,0,1
current_none,9.6,15.71125,10,0,0,4.02868983745,3.53280008435,0,0,1
current_none,9.625,15.71125,10,0,0,4.02868983745,3.53280008435,0,0,1
current_none,9.65,15.71125,10,0,0,4.02868983745,3.53280008435,0,0,1
current_none,9.675,15.71125,10,0,0,4.02868983745,3.53280008435,0,0,1
current_none,9.7,15.71125,10,0,0,4.02868983745,3.53280008435,0,0,1
current_none,9.725,15.71125,10,0,0,4.02868983745,3.53280008435,0,0,1
current_none,9.75,15.71125,10,0,0,4.02868983745,3.53280008435,0,0,1
current_none,9.775,15.71125,10,0,0,4.02868983745,3.53280008435,0,0,1
current_none,9.8,15.71125,10,0,0,4.02868983745,3.53280008435,0,0,1
current_none,9.825,15.71125,10,0,0,4.02868983745,3.53280008435,0,0,1
current_none,9.85,15.71125,10,0,0,4.02868983745,3.53280008435,0,0,1
current_none,9.875,15.71125,10,0,0,4.02868983745,3.53280008435,0,0,1
current_none,9.9,15.71125,10,0,0,4.02868983745,3.53280008435,0,0,1
current_none,9.925,15.71125,10,0,0,4.02868983745,3.53280008435,0,0,1
current_none,9.95,15.71125,10,0,0,4.02868983745,3.53280008435,0,0,1
current_none,9.975,15.71125,10,0,0,4.02868983745,3.53280008435,0,0,1
current_none,10,15.71125,10,0,0,4.02868983745,3.53280008435,0,0,1
current_none,10.025,15.71125,10,0,0,4.02868983745,3.53280008435,0,0,1
current_none,10.05,15.71125,10,0,0,4.02868983745,3.53280008435,0,0,1
current_none,10.075,15.71125,10,0,0,4.02868983745,3.53280008435,0,0,1
current_none,10.1,15.71125,10,0,0,4.02868983745,3.53280008435,0,0,1
current_none,10.125,15.71125,10,0,0,4.02868983745,3.53280008435,0,0,1
current_none,10.15,15.71125,10,0,0,4.02868983745,3.53280008435,0,0,1
current_none,10.175,15.71125,10,0,0,4.02868983745,3.53280008435,0,0,1
current_none,10.2,15.71125,10,0,0,4.02868983745,3.53280008435,0,0,1
current_none,10.225,15.71125,10,0,0,4.02868983745,3.53280008435,0,0,1
current_none,10.25,15.71125,10,0,0,4.02868983745,3.53280008435,0,0,1
current_none,10.275,15.71125,10,0,0,4.02868983745,3.53280008435,0,0,1
current_none,10.3,15.71125,10,0,0,4.02868983745,3.53280008435,0,0,1
current_none,10.325,15.71125,10,0,0,4.02868983745,3.53280008435,0,0,1
current_none,10.35,15.71125,10,0,0,4.02868983745,3.53280008435,0,0,1
current_none,10.375,15.71125,10,0,0,4.02868983745,3.53280008435,0,0,1
current_none,10.4,15.71125,10,0,0,4.02868983745,3.53280008435,0,0,1
current_none,10.425,15.71125,10,0,0,4.02868983745,3.53280008435,0,0,1
current_none,10.45,15.71125,10,0,0,4.02868983745,3.53280008435,0,0,1
current_none,10.475,15.71125,10,0,0,4.02868983745,3.53280008435,0,0,1
current_none,10.5,15.71125,10,0,0,4.02868983745,3.53280008435,0,0,1
current_none,10.525,15.71125,10,0,0,4.02868983745,3.53280008435,0,0,1
current_none,10.55,15.71125,10,0,0,4.02868983745,3.53280008435,0,0,1
current_none,10.575,15.71125,10,0,0,4.02868983745,3.53280008435,0,0,1
current_none,10.6,15.71125,10,0,0,4.02868983745,3.53280008435,0,0,1
current_none,10.625,15.71125,10,0,0,4.02868983745,3.53280008435,0,0,1
current_none,10.65,15.71125,10,0,0,4.02868983745,3.53280008435,0,0,1
current_none,10.675,15.71125,10,0,0,4.02868983745,3.53280008435,0,0,1
current_none,10.7,15.71125,10,0,0,4.02868983745,3.53280008435,0,0,1
current_none,10.725,15.71125,10,0,0,4.02868983745,3.53280008435,0,0,1
current_none,10.75,15.71125,10,0,0,4.02868983745,3.53280008435,0,0,1
current_none,10.775,15.71125,10,0,0,4.02868983745,3.53280008435,0,0,1
current_none,10.8,15.71125,10,0,0,4.02868983745,3.53280008435,0,0,1
current_none,10.825,15.71125,10,0,0,4.02868983745,3.53280008435,0,0,1
current_none,10.85,15.71125,10,0,0,4.02868983745,3.53280008435,0,0,1
current_none,10.875,15.71125,10,0,0,4.02868983745,3.53280008435,0,0,1
current_none,10.9,15.71125,10,0,0,4.02868983745,3.53280008435,0,0,1
current_none,10.925,15.71125,10,0,0,4.02868983745,3.53280008435,0,0,1
current_none,10.95,15.71125,10,0,0,4.02868983745,3.53280008435,0,0,1
current_none,10.975,15.71125,10,0,0,4.02868983745,3.53280008435,0,0,1
current_none,11,15.71125,10,0,0,4.02868983745,3.53280008435,0,0,1
current_none,11.025,15.71125,10,0,0,4.02868983745,3.53280008435,0,0,1
current_none,11.05,15.71125,10,0,0,4.02868983745,3.53280008435,0,0,1
current_none,11.075,15.71125,10,0,0,4.02868983745,3.53280008435,0,0,1
current_none,11.1,15.71125,10,0,0,4.02868983745,3.53280008435,0,0,1
current_none,11.125,15.71125,10,0,0,4.02868983745,3.53280008435,0,0,1
current_none,11.15,15.71125,10,0,0,4.02868983745,3.53280008435,0,0,1
current_none,11.175,15.71125,10,0,0,4.02868983745,3.53280008435,0,0,1
current_none,11.2,15.71125,10,0,0,4.02868983745,3.53280008435,0,0,1
current_none,11.225,15.71125,10,0,0,4.02868983745,3.53280008435,0,0,1
current_none,11.25,15.71125,10,0,0,4.02868983745,3.53280008435,0,0,1
current_none,11.275,15.71125,10,0,0,4.02868983745,3.53280008435,0,0,1
current_none,11.3,15.71125,10,0,0,4.02868983745,3.53280008435,0,0,1
current_none,11.325,15.71125,10,0,0,4.02868983745,3.53280008435,0,0,1
current_none,11.35,15.71125,10,0,0,4.02868983745,3.53280008435,0,0,1
current_none,11.375,15.71125,10,0,0,4.02868983745,3.53280008435,0,0,1
current_none,11.4,15.71125,10,0,0,4.02868983745,3.53280008435,0,0,1
current_none,11.425,15.71125,10,0,0,4.02868983745,3.53280008435,0,0,1
current_none,11.45,15.71125,10,0,0,4.02868983745,3.53280008435,0,0,1
current_none,11.475,15.71125,10,0,0,4.02868983745,3.53280008435,0,0,1
current_none,11.5,15.71125,10,0,0,4.02868983745,3.53280008435,0,0,1
current_none,11.525,15.71125,10,0,0,4.02868983745,3.53280008435,0,0,1
current_none,11.55,15.71125,10,0,0,4.02868983745,3.53280008435,0,0,1
current_none,11.575,15.71125,10,0,0,4.02868983745,3.53280008435,0,0,1
current_none,11.6,15.71125,10,0,0,4.02868983745,3.53280008435,0,0,1
current_none,11.625,15.71125,10,0,0,4.02868983745,3.53280008435,0,0,1
current_none,11.65,15.71125,10,0,0,4.02868983745,3.53280008435,0,0,1
current_none,11.675,15.71125,10,0,0,4.02868983745,3.53280008435,0,0,1
current_none,11.7,15.71125,10,0,0,4.02868983745,3.53280008435,0,0,1
current_none,11.725,15.71125,10,0,0,4.02868983745,3.53280008435,0,0,1
current_none,11.75,15.71125,10,0,0,4.02868983745,3.53280008435,0,0,1
current_none,11.775,15.71125,10,0,0,4.02868983745,3.53280008435,0,0,1
current_none,11.8,15.71125,10,0,0,4.02868983745,3.53280008435,0,0,1
current_none,11.825,15.71125,10,0,0,4.02868983745,3.53280008435,0,0,1
current_none,11.85,15.71125,10,0,0,4.02868983745,3.53280008435,0,0,1
current_none,11.875,15.71125,10,0,0,4.02868983745,3.53280008435,0,0,1
current_none,11.9,15.71125,10,0,0,4.02868983745,3.53280008435,0,0,1
current_none,11.925,15.71125,10,0,0,4.02868983745,3.53280008435,0,0,1
current_none,11.95,15.71125,10,0,0,4.02868983745,3.53280008435,0,0,1
current_none,11.975,15.71125,10,0,0,4.02868983745,3.53280008435,0,0,1
current_none,12,15.71125,10,0,0,4.02868983745,3.53280008435,0,0,1
current_none,12.025,15.71125,10,0,0,4.02868983745,3.53280008435,0,0,1
current_none,12.05,15.71125,10,0,0,4.02868983745,3.53280008435,0,0,1
current_none,12.075,15.71125,10,0,0,4.02868983745,3.53280008435,0,0,1
current_none,12.1,15.71125,10,0,0,4.02868983745,3.53280008435,0,0,1
current_none,12.125,15.71125,10,0,0,4.02868983745,3.53280008435,0,0,1
current_none,12.15,15.71125,10,0,0,4.02868983745,3.53280008435,0,0,1
current_none,12.175,15.71125,10,0,0,4.02868983745,3.53280008435,0,0,1
current_none,12.2,15.71125,10,0,0,4.02868983745,3.53280008435,0,0,1
current_none,12.225,15.71125,10,0,0,4.02868983745,3.53280008435,0,0,1
current_none,12.25,15.71125,10,0,0,4.02868983745,3.53280008435,0,0,1
current_none,12.275,15.71125,10,0,0,4.02868983745,3.53280008435,0,0,1
current_none,12.3,15.71125,10,0,0,4.02868983745,3.53280008435,0,0,1
current_none,12.325,15.71125,10,0,0,4.02868983745,3.53280008435,0,0,1
current_none,12.35,15.71125,10,0,0,4.02868983745,3.53280008435,0,0,1
current_none,12.375,15.71125,10,0,0,4.02868983745,3.53280008435,0,0,1
current_none,12.4,15.71125,10,0,0,4.02868983745,3.53280008435,0,0,1
current_none,12.425,15.71125,10,0,0,4.02868983745,3.53280008435,0,0,1
current_none,12.45,15.71125,10,0,0,4.02868983745,3.53280008435,0,0,1
current_none,12.475,15.71125,10,0,0,4.02868983745,3.53280008435,0,0,1
current_none,12.5,15.71125,10,0,0,4.02868983745,3.53280008435,0,0,1
current_none,12.525,15.71125,10,0,0,4.02868983745,3.53280008435,0,0,1
current_none,12.55,15.71125,10,0,0,4.02868983745,3.53280008435,0,0,1
current_none,12.575,15.71125,10,0,0,4.02868983745,3.53280008435,0,0,1
current_none,12.6,15.71125,10,0,0,4.02868983745,3.53280008435,0,0,1
current_none,12.625,15.71125,10,0,0,4.02868983745,3.53280008435,0,0,1
current_none,12.65,15.71125,10,0,0,4.02868983745,3.53280008435,0,0,1
current_none,12.675,15.71125,10,0,0,4.02868983745,3.53280008435,0,0,1
current_none,12.7,15.71125,10,0,0,4.02868983745,3.53280008435,0,0,1
current_none,12.725,15.71125,10,0,0,4.02868983745,3.53280008435,0,0,1
current_none,12.75,15.71125,10,0,0,4.02868983745,3.53280008435,0,0,1
current_none,12.775,15.71125,10,0,0,4.02868983745,3.53280008435,0,0,1
current_none,12.8,15.71125,10,0,0,4.02868983745,3.53280008435,0,0,1
current_none,12.825,15.71125,10,0,0,4.02868983745,3.53280008435,0,0,1
current_none,12.85,15.71125,10,0,0,4.02868983745,3.53280008435,0,0,1
current_none,12.875,15.71125,10,0,0,4.02868983745,3.53280008435,0,0,1
current_none,12.9,15.71125,10,0,0,4.02868983745,3.53280008435,0,0,1
current_none,12.925,15.71125,10,0,0,4.02868983745,3.53280008435,0,0,1
current_none,12.95,15.71125,10,0,0,4.02868983745,3.53280008435,0,0,1
current_none,12.975,15.71125,10,0,0,4.02868983745,3.53280008435,0,0,1
current_none,13,15.71125,10,0,0,4.02868983745,3.53280008435,0,0,1
current_none,13.025,15.71125,10,0,0,4.02868983745,3.53280008435,0,0,1
current_none,13.05,15.71125,10,0,0,4.02868983745,3.53280008435,0,0,1
current_none,13.075,15.71125,10,0,0,4.02868983745,3.53280008435,0,0,1
current_none,13.1,15.71125,10,0,0,4.02868983745,3.53280008435,0,0,1
current_none,13.125,15.71125,10,0,0,4.02868983745,3.53280008435,0,0,1
current_none,13.15,15.71125,10,0,0,4.02868983745,3.53280008435,0,0,1
current_none,13.175,15.71125,10,0,0,4.02868983745,3.53280008435,0,0,1
current_none,13.2,15.71125,10,0,0,4.02868983745,3.53280008435,0,0,1
current_none,13.225,15.71125,10,0,0,4.02868983745,3.53280008435,0,0,1
current_none,13.25,15.71125,10,0,0,4.02868983745,3.53280008435,0,0,1
current_none,13.275,15.71125,10,0,0,4.02868983745,3.53280008435,0,0,1
current_none,13.3,15.71125,10,0,0,4.02868983745,3.53280008435,0,0,1
current_none,13.325,15.71125,10,0,0,4.02868983745,3.53280008435,0,0,1
current_none,13.35,15.71125,10,0,0,4.02868983745,3.53280008435,0,0,1
current_none,13.375,15.71125,10,0,0,4.02868983745,3.53280008435,0,0,1
current_none,13.4,15.71125,10,0,0,4.02868983745,3.53280008435,0,0,1
current_none,13.425,15.71125,10,0,0,4.02868983745,3.53280008435,0,0,1
current_none,13.45,15.71125,10,0,0,4.02868983745,3.53280008435,0,0,1
current_none,13.475,15.71125,10,0,0,4.02868983745,3.53280008435,0,0,1
current_none,13.5,15.71125,10,0,0,4.02868983745,3.53280008435,0,0,1
current_none,13.525,15.71125,10,0,0,4.02868983745,3.53280008435,0,0,1
current_none,13.55,15.71125,10,0,0,4.02868983745,3.53280008435,0,0,1
current_none,13.575,15.71125,10,0,0,4.02868983745,3.53280008435,0,0,1
current_none,13.6,15.71125,10,0,0,4.02868983745,3.53280008435,0,0,1
current_none,13.625,15.71125,10,0,0,4.02868983745,3.53280008435,0,0,1
current_none,13.65,15.71125,10,0,0,4.02868983745,3.53280008435,0,0,1
current_none,13.675,15.71125,10,0,0,4.02868983745,3.53280008435,0,0,1
current_none,13.7,15.71125,10,0,0,4.02868983745,3.53280008435,0,0,1
current_none,13.725,15.71125,10,0,0,4.02868983745,3.53280008435,0,0,1
current_none,13.75,15.71125,10,0,0,4.02868983745,3.53280008435,0,0,1
current_none,13.775,15.71125,10,0,0,4.02868983745,3.53280008435,0,0,1
current_none,13.8,15.71125,10,0,0,4.02868983745,3.53280008435,0,0,1
current_none,13.825,15.71125,10,0,0,4.02868983745,3.53280008435,0,0,1
current_none,13.85,15.71125,10,0,0,4.02868983745,3.53280008435,0,0,1
current_none,13.875,15.71125,10,0,0,4.02868983745,3.53280008435,0,0,1
current_none,13.9,15.71125,10,0,0,4.02868983745,3.53280008435,0,0,1
current_none,13.925,15.71125,10,0,0,4.02868983745,3.53280008435,0,0,1
current_none,13.95,15.71125,10,0,0,4.02868983745,3.53280008435,0,0,1
current_none,13.975,15.71125,10,0,0,4.02868983745,3.53280008435,0,0,1
current_none,14,15.71125,10,0,0,4.02868983745,3.53280008435,0,0,1
current_none,14.025,15.71125,10,0,0,4.02868983745,3.53280008435,0,0,1
current_none,14.05,15.71125,10,0,0,4.02868983745,3.53280008435,0,0,1
current_none,14.075,15.71125,10,0,0,4.02868983745,3.53280008435,0,0,1
current_none,14.1,15.71125,10,0,0,4.02868983745,3.53280008435,0,0,1
current_none,14.125,15.71125,10,0,0,4.02868983745,3.53280008435,0,0,1
current_none,14.15,15.71125,10,0,0,4.02868983745,3.53280008435,0,0,1
current_none,14.175,15.71125,10,0,0,4.02868983745,3.53280008435,0,0,1
current_none,14.2,15.71125,10,0,0,4.02868983745,3.53280008435,0,0,1
current_none,14.225,15.71125,10,0,0,4.02868983745,3.53280008435,0,0,1
current_none,14.25,15.71125,10,0,0,4.02868983745,3.53280008435,0,0,1
current_none,14.275,15.71125,10,0,0,4.02868983745,3.53280008435,0,0,1
current_none,14.3,15.71125,10,0,0,4.02868983745,3.53280008435,0,0,1
current_none,14.325,15.71125,10,0,0,4.02868983745,3.53280008435,0,0,1
current_none,14.35,15.71125,10,0,0,4.02868983745,3.53280008435,0,0,1
current_none,14.375,15.71125,10,0,0,4.02868983745,3.53280008435,0,0,1
current_none,14.4,15.71125,10,0,0,4.02868983745,3.53280008435,0,0,1
current_none,14.425,15.71125,10,0,0,4.02868983745,3.53280008435,0,0,1
current_none,14.45,15.71125,10,0,0,4.02868983745,3.53280008435,0,0,1
current_none,14.475,15.71125,10,0,0,4.02868983745,3.53280008435,0,0,1
current_none,14.5,15.71125,10,0,0,4.02868983745,3.53280008435,0,0,1
current_none,14.525,15.71125,10,0,0,4.02868983745,3.53280008435,0,0,1
current_none,14.55,15.71125,10,0,0,4.02868983745,3.53280008435,0,0,1
current_none,14.575,15.71125,10,0,0,4.02868983745,3.53280008435,0,0,1
current_none,14.6,15.71125,10,0,0,4.02868983745,3.53280008435,0,0,1
current_none,14.625,15.71125,10,0,0,4.02868983745,3.53280008435,0,0,1
current_none,14.65,15.71125,10,0,0,4.02868983745,3.53280008435,0,0,1
current_none,14.675,15.71125,10,0,0,4.02868983745,3.53280008435,0,0,1
current_none,14.7,15.71125,10,0,0,4.02868983745,3.53280008435,0,0,1
current_none,14.725,15.71125,10,0,0,4.02868983745,3.53280008435,0,0,1
current_none,14.75,15.71125,10,0,0,4.02868983745,3.53280008435,0,0,1
current_none,14.775,15.71125,10,0,0,4.02868983745,3.53280008435,0,0,1
current_none,14.8,15.71125,10,0,0,4.02868983745,3.53280008435,0,0,1
current_none,14.825,15.71125,10,0,0,4.02868983745,3.53280008435,0,0,1
current_none,14.85,15.71125,10,0,0,4.02868983745,3.53280008435,0,0,1
current_none,14.875,15.71125,10,0,0,4.02868983745,3.53280008435,0,0,1
current_none,14.9,15.71125,10,0,0,4.02868983745,3.53280008435,0,0,1
current_none,14.925,15.71125,10,0,0,4.02868983745,3.53280008435,0,0,1
current_none,14.95,15.71125,10,0,0,4.02868983745,3.53280008435,0,0,1
current_none,14.975,15.71125,10,0,0,4.02868983745,3.53280008435,0,0,1
current_none,15,15.71125,10,0,0,4.02868983745,3.53280008435,0,0,1
current_none,15.025,15.71125,10,0,0,4.02868983745,3.53280008435,0,0,1
current_none,15.05,15.71125,10,0,0,4.02868983745,3.53280008435,0,0,1
current_none,15.075,15.71125,10,0,0,4.02868983745,3.53280008435,0,0,1
current_none,15.1,15.71125,10,0,0,4.02868983745,3.53280008435,0,0,1
current_none,15.125,15.71125,10,0,0,4.02868983745,3.53280008435,0,0,1
current_none,15.15,15.71125,10,0,0,4.02868983745,3.53280008435,0,0,1
current_none,15.175,15.71125,10,0,0,4.02868983745,3.53280008435,0,0,1
current_none,15.2,15.71125,10,0,0,4.02868983745,3.53280008435,0,0,1
current_none,15.225,15.71125,10,0,0,4.02868983745,3.53280008435,0,0,1
current_none,15.25,15.71125,10,0,0,4.02868983745,3.53280008435,0,0,1
current_none,15.275,15.71125,10,0,0,4.02868983745,3.53280008435,0,0,1
current_none,15.3,15.71125,10,0,0,4.02868983745,3.53280008435,0,0,1
current_none,15.325,15.71125,10,0,0,4.02868983745,3.53280008435,0,0,1
current_none,15.35,15.71125,10,0,0,4.02868983745,3.53280008435,0,0,1
current_none,15.375,15.71125,10,0,0,4.02868983745,3.53280008435,0,0,1
current_none,15.4,15.71125,10,0,0,4.02868983745,3.53280008435,0,0,1
current_none,15.425,15.71125,10,0,0,4.02868983745,3.53280008435,0,0,1
current_none,15.45,15.71125,10,0,0,4.02868983745,3.53280008435,0,0,1
current_none,15.475,15.71125,10,0,0,4.02868983745,3.53280008435,0,0,1
current_none,15.5,15.71125,10,0,0,4.02868983745,3.53280008435,0,0,1
current_none,15.525,15.71125,10,0,0,4.02868983745,3.53280008435,0,0,1
current_none,15.55,15.71125,10,0,0,4.02868983745,3.53280008435,0,0,1
current_none,15.575,15.71125,10,0,0,4.02868983745,3.53280008435,0,0,1
current_none,15.6,15.71125,10,0,0,4.02868983745,3.53280008435,0,0,1
current_none,15.625,15.71125,10,0,0,4.02868983745,3.53280008435,0,0,1
current_none,15.65,15.71125,10,0,0,4.02868983745,3.53280008435,0,0,1
current_none,15.675,15.71125,10,0,0,4.02868983745,3.53280008435,0,0,1
current_none,15.7,15.71125,10,0,0,4.02868983745,3.53280008435,0,0,1
current_none,15.725,15.71125,10,0,0,4.02868983745,3.53280008435,0,0,1
current_none,15.75,15.71125,10,0,0,4.02868983745,3.53280008435,0,0,1
current_none,15.775,15.71125,10,0,0,4.02868983745,3.53280008435,0,0,1
current_none,15.8,15.71125,10,0,0,4.02868983745,3.53280008435,0,0,1
current_none,15.825,15.71125,10,0,0,4.02868983745,3.53280008435,0,0,1
current_none,15.85,15.71125,10,0,0,4.02868983745,3.53280008435,0,0,1
current_none,15.875,15.71125,10,0,0,4.02868983745,3.53280008435,0,0,1
current_none,15.9,15.71125,10,0,0,4.02868983745,3.53280008435,0,0,1
current_none,15.925,15.71125,10,0,0,4.02868983745,3.53280008435,0,0,1
current_none,15.95,15.71125,10,0,0,4.02868983745,3.53280008435,0,0,1
current_none,15.975,15.71125,10,0,0,4.02868983745,3.53280008435,0,0,1
current_none,16,15.71125,10,0,0,4.02868983745,3.53280008435,0,0,1
current_none,16.025,15.71125,10,0,0,4.02868983745,3.53280008435,0,0,1
current_none,16.05,15.71125,10,0,0,4.02868983745,3.53280008435,0,0,1
current_none,16.075,15.71125,10,0,0,4.02868983745,3.53280008435,0,0,1
current_none,16.1,15.71125,10,0,0,4.02868983745,3.53280008435,0,0,1
current_none,16.125,15.71125,10,0,0,4.02868983745,3.53280008435,0,0,1
current_none,16.15,15.71125,10,0,0,4.02868983745,3.53280008435,0,0,1
current_none,16.175,15.71125,10,0,0,4.02868983745,3.53280008435,0,0,1
current_none,16.2,15.71125,10,0,0,4.02868983745,3.53280008435,0,0,1
current_none,16.225,15.71125,10,0,0,4.02868983745,3.53280008435,0,0,1
current_none,16.25,15.71125,10,0,0,4.02868983745,3.53280008435,0,0,1
current_none,16.275,15.71125,10,0,0,4.02868983745,3.53280008435,0,0,1
current_none,16.3,15.71125,10,0,0,4.02868983745,3.53280008435,0,0,1
current_none,16.325,15.71125,10,0,0,4.02868983745,3.53280008435,0,0,1
current_none,16.35,15.71125,10,0,0,4.02868983745,3.53280008435,0,0,1
current_none,16.375,15.71125,10,0,0,4.02868983745,3.53280008435,0,0,1
current_none,16.4,15.71125,10,0,0,4.02868983745,3.53280008435,0,0,1
current_none,16.425,15.71125,10,0,0,4.02868983745,3.53280008435,0,0,1
current_none,16.45,15.71125,10,0,0,4.02868983745,3.53280008435,0,0,1
current_none,16.475,15.71125,10,0,0,4.02868983745,3.53280008435,0,0,1
current_none,16.5,15.71125,10,0,0,4.02868983745,3.53280008435,0,0,1
current_none,16.525,15.71125,10,0,0,4.02868983745,3.53280008435,0,0,1
current_none,16.55,15.71125,10,0,0,4.02868983745,3.53280008435,0,0,1
current_none,16.575,15.71125,10,0,0,4.02868983745,3.53280008435,0,0,1
current_none,16.6,15.71125,10,0,0,4.02868983745,3.53280008435,0,0,1
current_none,16.625,15.71125,10,0,0,4.02868983745,3.53280008435,0,0,1
current_none,16.65,15.71125,10,0,0,4.02868983745,3.53280008435,0,0,1
current_none,16.675,15.71125,10,0,0,4.02868983745,3.53280008435,0,0,1
current_none,16.7,15.71125,10,0,0,4.02868983745,3.53280008435,0,0,1
current_none,16.725,15.71125,10,0,0,4.02868983745,3.53280008435,0,0,1
current_none,16.75,15.71125,10,0,0,4.02868983745,3.53280008435,0,0,1
current_none,16.775,15.71125,10,0,0,4.02868983745,3.53280008435,0,0,1
current_none,16.8,15.71125,10,0,0,4.02868983745,3.53280008435,0,0,1
current_none,16.825,15.71125,10,0,0,4.02868983745,3.53280008435,0,0,1
current_none,16.85,15.71125,10,0,0,4.02868983745,3.53280008435,0,0,1
current_none,16.875,15.71125,10,0,0,4.02868983745,3.53280008435,0,0,1
current_none,16.9,15.71125,10,0,0,4.02868983745,3.53280008435,0,0,1
current_none,16.925,15.71125,10,0,0,4.02868983745,3.53280008435,0,0,1
current_none,16.95,15.71125,10,0,0,4.02868983745,3.53280008435,0,0,1
current_none,16.975,15.71125,10,0,0,4.02868983745,3.53280008435,0,0,1
current_none,17,15.71125,10,0,0,4.02868983745,3.53280008435,0,0,1
current_none,17.025,15.71125,10,0,0,4.02868983745,3.53280008435,0,0,1
current_none,17.05,15.71125,10,0,0,4.02868983745,3.53280008435,0,0,1
current_none,17.075,15.71125,10,0,0,4.02868983745,3.53280008435,0,0,1
current_none,17.1,15.71125,10,0,0,4.02868983745,3.53280008435,0,0,1
current_none,17.125,15.71125,10,0,0,4.02868983745,3.53280008435,0,0,1
current_none,17.15,15.71125,10,0,0,4.02868983745,3.53280008435,0,0,1
current_none,17.175,15.71125,10,0,0,4.02868983745,3.53280008435,0,0,1
current_none,17.2,15.71125,10,0,0,4.02868983745,3.53280008435,0,0,1
current_none,17.225,15.71125,10,0,0,4.02868983745,3.53280008435,0,0,1
current_none,17.25,15.71125,10,0,0,4.02868983745,3.53280008435,0,0,1
current_none,17.275,15.71125,10,0,0,4.02868983745,3.53280008435,0,0,1
current_none,17.3,15.71125,10,0,0,4.02868983745,3.53280008435,0,0,1
current_none,17.325,15.71125,10,0,0,4.02868983745,3.53280008435,0,0,1
current_none,17.35,15.71125,10,0,0,4.02868983745,3.53280008435,0,0,1
current_none,17.375,15.71125,10,0,0,4.02868983745,3.53280008435,0,0,1
current_none,17.4,15.71125,10,0,0,4.02868983745,3.53280008435,0,0,1
current_none,17.425,15.71125,10,0,0,4.02868983745,3.53280008435,0,0,1
current_none,17.45,15.71125,10,0,0,4.02868983745,3.53280008435,0,0,1
current_none,17.475,15.71125,10,0,0,4.02868983745,3.53280008435,0,0,1
current_none,17.5,15.71125,10,0,0,4.02868983745,3.53280008435,0,0,1
current_none,17.525,15.71125,10,0,0,4.02868983745,3.53280008435,0,0,1
current_none,17.55,15.71125,10,0,0,4.02868983745,3.53280008435,0,0,1
current_none,17.575,15.71125,10,0,0,4.02868983745,3.53280008435,0,0,1
current_none,17.6,15.71125,10,0,0,4.02868983745,3.53280008435,0,0,1
current_none,17.625,15.71125,10,0,0,4.02868983745,3.53280008435,0,0,1
current_none,17.65,15.71125,10,0,0,4.02868983745,3.53280008435,0,0,1
current_none,17.675,15.71125,10,0,0,4.02868983745,3.53280008435,0,0,1
current_none,17.7,15.71125,10,0,0,4.02868983745,3.53280008435,0,0,1
current_none,17.725,15.71125,10,0,0,4.02868983745,3.53280008435,0,0,1
current_none,17.75,15.71125,10,0,0,4.02868983745,3.53280008435,0,0,1
current_none,17.775,15.71125,10,0,0,4.02868983745,3.53280008435,0,0,1
current_none,17.8,15.71125,10,0,0,4.02868983745,3.53280008435,0,0,1
current_none,17.825,15.71125,10,0,0,4.02868983745,3.53280008435,0,0,1
current_none,17.85,15.71125,10,0,0,4.02868983745,3.53280008435,0,0,1
current_none,17.875,15.71125,10,0,0,4.02868983745,3.53280008435,0,0,1
current_none,17.9,15.71125,10,0,0,4.02868983745,3.53280008435,0,0,1
current_none,17.925,15.71125,10,0,0,4.02868983745,3.53280008435,0,0,1
current_none,17.95,15.71125,10,0,0,4.02868983745,3.53280008435,0,0,1
current_none,17.975,15.71125,10,0,0,4.02868983745,3.53280008435,0,0,1
current_none,18,15.71125,10,0,0,4.02868983745,3.53280008435,0,0,1
current_none,18.025,15.71125,10,0,0,4.02868983745,3.53280008435,0,0,1
current_none,18.05,15.71125,10,0,0,4.02868983745,3.53280008435,0,0,1
current_none,18.075,15.71125,10,0,0,4.02868983745,3.53280008435,0,0,1
current_none,18.1,15.71125,10,0,0,4.02868983745,3.53280008435,0,0,1
current_none,18.125,15.71125,10,0,0,4.02868983745,3.53280008435,0,0,1
current_none,18.15,15.71125,10,0,0,4.02868983745,3.53280008435,0,0,1
current_none,18.175,15.71125,10,0,0,4.02868983745,3.53280008435,0,0,1
current_none,18.2,15.71125,10,0,0,4.02868983745,3.53280008435,0,0,1
current_none,18.225,15.71125,10,0,0,4.02868983745,3.53280008435,0,0,1
current_none,18.25,15.71125,10,0,0,4.02868983745,3.53280008435,0,0,1
current_none,18.275,15.71125,10,0,0,4.02868983745,3.53280008435,0,0,1
current_none,18.3,15.71125,10,0,0,4.02868983745,3.53280008435,0,0,1
current_none,18.325,15.71125,10,0,0,4.02868983745,3.53280008435,0,0,1
current_none,18.35,15.71125,10,0,0,4.02868983745,3.53280008435,0,0,1
current_none,18.375,15.71125,10,0,0,4.02868983745,3.53280008435,0,0,1
current_none,18.4,15.71125,10,0,0,4.02868983745,3.53280008435,0,0,1
current_none,18.425,15.71125,10,0,0,4.02868983745,3.53280008435,0,0,1
current_none,18.45,15.71125,10,0,0,4.02868983745,3.53280008435,0,0,1
current_none,18.475,15.71125,10,0,0,4.02868983745,3.53280008435,0,0,1
current_none,18.5,15.71125,10,0,0,4.02868983745,3.53280008435,0,0,1
current_none,18.525,15.71125,10,0,0,4.02868983745,3.53280008435,0,0,1
current_none,18.55,15.71125,10,0,0,4.02868983745,3.53280008435,0,0,1
current_none,18.575,15.71125,10,0,0,4.02868983745,3.53280008435,0,0,1
current_none,18.6,15.71125,10,0,0,4.02868983745,3.53280008435,0,0,1
current_none,18.625,15.71125,10,0,0,4.02868983745,3.53280008435,0,0,1
current_none,18.65,15.71125,10,0,0,4.02868983745,3.53280008435,0,0,1
current_none,18.675,15.71125,10,0,0,4.02868983745,3.53280008435,0,0,1
current_none,18.7,15.71125,10,0,0,4.02868983745,3.53280008435,0,0,1
current_none,18.725,15.71125,10,0,0,4.02868983745,3.53280008435,0,0,1
current_none,18.75,15.71125,10,0,0,4.02868983745,3.53280008435,0,0,1
current_none,18.775,15.71125,10,0,0,4.02868983745,3.53280008435,0,0,1
current_none,18.8,15.71125,10,0,0,4.02868983745,3.53280008435,0,0,1
current_none,18.825,15.71125,10,0,0,4.02868983745,3.53280008435,0,0,1
current_none,18.85,15.71125,10,0,0,4.02868983745,3.53280008435,0,0,1
current_none,18.875,15.71125,10,0,0,4.02868983745,3.53280008435,0,0,1
current_none,18.9,15.71125,10,0,0,4.02868983745,3.53280008435,0,0,1
current_none,18.925,15.71125,10,0,0,4.02868983745,3.53280008435,0,0,1
current_none,18.95,15.71125,10,0,0,4.02868983745,3.53280008435,0,0,1
current_none,18.975,15.71125,10,0,0,4.02868983745,3.53280008435,0,0,1
current_none,19,15.71125,10,0,0,4.02868983745,3.53280008435,0,0,1
current_none,19.025,15.71125,10,0,0,4.02868983745,3.53280008435,0,0,1
current_none,19.05,15.71125,10,0,0,4.02868983745,3.53280008435,0,0,1
current_none,19.075,15.71125,10,0,0,4.02868983745,3.53280008435,0,0,1
current_none,19.1,15.71125,10,0,0,4.02868983745,3.53280008435,0,0,1
current_none,19.125,15.71125,10,0,0,4.02868983745,3.53280008435,0,0,1
current_none,19.15,15.71125,10,0,0,4.02868983745,3.53280008435,0,0,1
current_none,19.175,15.71125,10,0,0,4.02868983745,3.53280008435,0,0,1
current_none,19.2,15.71125,10,0,0,4.02868983745,3.53280008435,0,0,1
current_none,19.225,15.71125,10,0,0,4.02868983745,3.53280008435,0,0,1
current_none,19.25,15.71125,10,0,0,4.02868983745,3.53280008435,0,0,1
current_none,19.275,15.71125,10,0,0,4.02868983745,3.53280008435,0,0,1
current_none,19.3,15.71125,10,0,0,4.02868983745,3.53280008435,0,0,1
current_none,19.325,15.71125,10,0,0,4.02868983745,3.53280008435,0,0,1
current_none,19.35,15.71125,10,0,0,4.02868983745,3.53280008435,0,0,1
current_none,19.375,15.71125,10,0,0,4.02868983745,3.53280008435,0,0,1
current_none,19.4,15.71125,10,0,0,4.02868983745,3.53280008435,0,0,1
current_none,19.425,15.71125,10,0,0,4.02868983745,3.53280008435,0,0,1
current_none,19.45,15.71125,10,0,0,4.02868983745,3.53280008435,0,0,1
current_none,19.475,15.71125,10,0,0,4.02868983745,3.53280008435,0,0,1
current_none,19.5,15.71125,10,0,0,4.02868983745,3.53280008435,0,0,1
current_none,19.525,15.71125,10,0,0,4.02868983745,3.53280008435,0,0,1
current_none,19.55,15.71125,10,0,0,4.02868983745,3.53280008435,0,0,1
current_none,19.575,15.71125,10,0,0,4.02868983745,3.53280008435,0,0,1
current_none,19.6,15.71125,10,0,0,4.02868983745,3.53280008435,0,0,1
current_none,19.625,15.71125,10,0,0,4.02868983745,3.53280008435,0,0,1
current_none,19.65,15.71125,10,0,0,4.02868983745,3.53280008435,0,0,1
current_none,19.675,15.71125,10,0,0,4.02868983745,3.53280008435,0,0,1
current_none,19.7,15.71125,10,0,0,4.02868983745,3.53280008435,0,0,1
current_none,19.725,15.71125,10,0,0,4.02868983745,3.53280008435,0,0,1
current_none,19.75,15.71125,10,0,0,4.02868983745,3.53280008435,0,0,1
current_none,19.775,15.71125,10,0,0,4.02868983745,3.53280008435,0,0,1
current_none,19.8,15.71125,10,0,0,4.02868983745,3.53280008435,0,0,1
current_none,19.825,15.71125,10,0,0,4.02868983745,3.53280008435,0,0,1
current_none,19.85,15.71125,10,0,0,4.02868983745,3.53280008435,0,0,1
current_none,19.875,15.71125,10,0,0,4.02868983745,3.53280008435,0,0,1
current_none,19.9,15.71125,10,0,0,4.02868983745,3.53280008435,0,0,1
current_none,19.925,15.71125,10,0,0,4.02868983745,3.53280008435,0,0,1
current_none,19.95,15.71125,10,0,0,4.02868983745,3.53280008435,0,0,1
current_none,19.975,15.71125,10,0,0,4.02868983745,3.53280008435,0,0,1
current_none,20,15.71125,10,0,0,4.02868983745,3.53280008435,0,0,1
current_none,20.025,15.71125,10,0,0,4.02868983745,3.53280008435,0,0,1
current_none,20.05,15.71125,10,0,0,4.02868983745,3.53280008435,0,0,1
current_none,20.075,15.71125,10,0,0,4.02868983745,3.53280008435,0,0,1
current_none,20.1,15.71125,10,0,0,4.02868983745,3.53280008435,0,0,1
current_none,20.125,15.71125,10,0,0,4.02868983745,3.53280008435,0,0,1
current_none,20.15,15.71125,10,0,0,4.02868983745,3.53280008435,0,0,1
current_none,20.175,15.71125,10,0,0,4.02868983745,3.53280008435,0,0,1
current_none,20.2,15.71125,10,0,0,4.02868983745,3.53280008435,0,0,1
current_none,20.225,15.71125,10,0,0,4.02868983745,3.53280008435,0,0,1
current_none,20.25,15.71125,10,0,0,4.02868983745,3.53280008435,0,0,1
current_none,20.275,15.71125,10,0,0,4.02868983745,3.53280008435,0,0,1
current_none,20.3,15.71125,10,0,0,4.02868983745,3.53280008435,0,0,1
current_none,20.325,15.71125,10,0,0,4.02868983745,3.53280008435,0,0,1
current_none,20.35,15.71125,10,0,0,4.02868983745,3.53280008435,0,0,1
current_none,20.375,15.71125,10,0,0,4.02868983745,3.53280008435,0,0,1
current_none,20.4,15.71125,10,0,0,4.02868983745,3.53280008435,0,0,1
current_none,20.425,15.71125,10,0,0,4.02868983745,3.53280008435,0,0,1
current_none,20.45,15.71125,10,0,0,4.02868983745,3.53280008435,0,0,1
current_none,20.475,15.71125,10,0,0,4.02868983745,3.53280008435,0,0,1
current_none,20.5,15.71125,10,0,0,4.02868983745,3.53280008435,0,0,1
current_none,20.525,15.71125,10,0,0,4.02868983745,3.53280008435,0,0,1
current_none,20.55,15.71125,10,0,0,4.02868983745,3.53280008435,0,0,1
current_none,20.575,15.71125,10,0,0,4.02868983745,3.53280008435,0,0,1
current_none,20.6,15.71125,10,0,0,4.02868983745,3.53280008435,0,0,1
current_none,20.625,15.71125,10,0,0,4.02868983745,3.53280008435,0,0,1
current_none,20.65,15.71125,10,0,0,4.02868983745,3.53280008435,0,0,1
current_none,20.675,15.71125,10,0,0,4.02868983745,3.53280008435,0,0,1
current_none,20.7,15.71125,10,0,0,4.02868983745,3.53280008435,0,0,1
current_none,20.725,15.71125,10,0,0,4.02868983745,3.53280008435,0,0,1
current_none,20.75,15.71125,10,0,0,4.02868983745,3.53280008435,0,0,1
current_none,20.775,15.71125,10,0,0,4.02868983745,3.53280008435,0,0,1
current_none,20.8,15.71125,10,0,0,4.02868983745,3.53280008435,0,0,1
current_none,20.825,15.71125,10,0,0,4.02868983745,3.53280008435,0,0,1
current_none,20.85,15.71125,10,0,0,4.02868983745,3.53280008435,0,0,1
current_none,20.875,15.71125,10,0,0,4.02868983745,3.53280008435,0,0,1
current_none,20.9,15.71125,10,0,0,4.02868983745,3.53280008435,0,0,1
current_none,20.925,15.71125,10,0,0,4.02868983745,3.53280008435,0,0,1
current_none,20.95,15.71125,10,0,0,4.02868983745,3.53280008435,0,0,1
current_none,20.975,15.71125,10,0,0,4.02868983745,3.53280008435,0,0,1
current_none,21,15.71125,10,0,0,4.02868983745,3.53280008435,0,0,1
current_none,21.025,15.71125,10,0,0,4.02868983745,3.53280008435,0,0,1
current_none,21.05,15.71125,10,0,0,4.02868983745,3.53280008435,0,0,1
current_none,21.075,15.71125,10,0,0,4.02868983745,3.53280008435,0,0,1
current_none,21.1,15.71125,10,0,0,4.02868983745,3.53280008435,0,0,1
current_none,21.125,15.71125,10,0,0,4.02868983745,3.53280008435,0,0,1
current_none,21.15,15.71125,10,0,0,4.02868983745,3.53280008435,0,0,1
current_none,21.175,15.71125,10,0,0,4.02868983745,3.53280008435,0,0,1
current_none,21.2,15.71125,10,0,0,4.02868983745,3.53280008435,0,0,1
current_none,21.225,15.71125,10,0,0,4.02868983745,3.53280008435,0,0,1
current_none,21.25,15.71125,10,0,0,4.02868983745,3.53280008435,0,0,1
current_none,21.275,15.71125,10,0,0,4.02868983745,3.53280008435,0,0,1
current_none,21.3,15.71125,10,0,0,4.02868983745,3.53280008435,0,0,1
current_none,21.325,15.71125,10,0,0,4.02868983745,3.53280008435,0,0,1
current_none,21.35,15.71125,10,0,0,4.02868983745,3.53280008435,0,0,1
current_none,21.375,15.71125,10,0,0,4.02868983745,3.53280008435,0,0,1
current_none,21.4,15.71125,10,0,0,4.02868983745,3.53280008435,0,0,1
current_none,21.425,15.71125,10,0,0,4.02868983745,3.53280008435,0,0,1
current_none,21.45,15.71125,10,0,0,4.02868983745,3.53280008435,0,0,1
current_none,21.475,15.71125,10,0,0,4.02868983745,3.53280008435,0,0,1
current_none,21.5,15.71125,10,0,0,4.02868983745,3.53280008435,0,0,1
current_none,21.525,15.71125,10,0,0,4.02868983745,3.53280008435,0,0,1
current_none,21.55,15.71125,10,0,0,4.02868983745,3.53280008435,0,0,1
current_none,21.575,15.71125,10,0,0,4.02868983745,3.53280008435,0,0,1
current_none,21.6,15.71125,10,0,0,4.02868983745,3.53280008435,0,0,1
current_none,21.625,15.71125,10,0,0,4.02868983745,3.53280008435,0,0,1
current_none,21.65,15.71125,10,0,0,4.02868983745,3.53280008435,0,0,1
current_none,21.675,15.71125,10,0,0,4.02868983745,3.53280008435,0,0,1
current_none,21.7,15.71125,10,0,0,4.02868983745,3.53280008435,0,0,1
current_none,21.725,15.71125,10,0,0,4.02868983745,3.53280008435,0,0,1
current_none,21.75,15.71125,10,0,0,4.02868983745,3.53280008435,0,0,1
current_none,21.775,15.71125,10,0,0,4.02868983745,3.53280008435,0,0,1
current_none,21.8,15.71125,10,0,0,4.02868983745,3.53280008435,0,0,1
current_none,21.825,15.71125,10,0,0,4.02868983745,3.53280008435,0,0,1
current_none,21.85,15.71125,10,0,0,4.02868983745,3.53280008435,0,0,1
current_none,21.875,15.71125,10,0,0,4.02868983745,3.53280008435,0,0,1
current_none,21.9,15.71125,10,0,0,4.02868983745,3.53280008435,0,0,1
current_none,21.925,15.71125,10,0,0,4.02868983745,3.53280008435,0,0,1
current_none,21.95,15.71125,10,0,0,4.02868983745,3.53280008435,0,0,1
current_none,21.975,15.71125,10,0,0,4.02868983745,3.53280008435,0,0,1
current_none,22,15.71125,10,0,0,4.02868983745,3.53280008435,0,0,1
current_none,22.025,15.71125,10,0,0,4.02868983745,3.53280008435,0,0,1
current_none,22.05,15.71125,10,0,0,4.02868983745,3.53280008435,0,0,1
current_none,22.075,15.71125,10,0,0,4.02868983745,3.53280008435,0,0,1
current_none,22.1,15.71125,10,0,0,4.02868983745,3.53280008435,0,0,1
current_none,22.125,15.71125,10,0,0,4.02868983745,3.53280008435,0,0,1
current_none,22.15,15.71125,10,0,0,4.02868983745,3.53280008435,0,0,1
current_none,22.175,15.71125,10,0,0,4.02868983745,3.53280008435,0,0,1
current_none,22.2,15.71125,10,0,0,4.02868983745,3.53280008435,0,0,1
current_none,22.225,15.71125,10,0,0,4.02868983745,3.53280008435,0,0,1
current_none,22.25,15.71125,10,0,0,4.02868983745,3.53280008435,0,0,1
current_none,22.275,15.71125,10,0,0,4.02868983745,3.53280008435,0,0,1
current_none,22.3,15.71125,10,0,0,4.02868983745,3.53280008435,0,0,1
current_none,22.325,15.71125,10,0,0,4.02868983745,3.53280008435,0,0,1
current_none,22.35,15.71125,10,0,0,4.02868983745,3.53280008435,0,0,1
current_none,22.375,15.71125,10,0,0,4.02868983745,3.53280008435,0,0,1
current_none,22.4,15.71125,10,0,0,4.02868983745,3.53280008435,0,0,1
current_none,22.425,15.71125,10,0,0,4.02868983745,3.53280008435,0,0,1
current_none,22.45,15.71125,10,0,0,4.02868983745,3.53280008435,0,0,1
current_none,22.475,15.71125,10,0,0,4.02868983745,3.53280008435,0,0,1
current_none,22.5,15.71125,10,0,0,4.02868983745,3.53280008435,0,0,1
current_none,22.525,15.71125,10,0,0,4.02868983745,3.53280008435,0,0,1
current_none,22.55,15.71125,10,0,0,4.02868983745,3.53280008435,0,0,1
current_none,22.575,15.71125,10,0,0,4.02868983745,3.53280008435,0,0,1
current_none,22.6,15.71125,10,0,0,4.02868983745,3.53280008435,0,0,1
current_none,22.625,15.71125,10,0,0,4.02868983745,3.53280008435,0,0,1
current_none,22.65,15.71125,10,0,0,4.02868983745,3.53280008435,0,0,1
current_none,22.675,15.71125,10,0,0,4.02868983745,3.53280008435,0,0,1
current_none,22.7,15.71125,10,0,0,4.02868983745,3.53280008435,0,0,1
current_none,22.725,15.71125,10,0,0,4.02868983745,3.53280008435,0,0,1
current_none,22.75,15.71125,10,0,0,4.02868983745,3.53280008435,0,0,1
current_none,22.775,15.71125,10,0,0,4.02868983745,3.53280008435,0,0,1
current_none,22.8,15.71125,10,0,0,4.02868983745,3.53280008435,0,0,1
current_none,22.825,15.71125,10,0,0,4.02868983745,3.53280008435,0,0,1
current_none,22.85,15.71125,10,0,0,4.02868983745,3.53280008435,0,0,1
current_none,22.875,15.71125,10,0,0,4.02868983745,3.53280008435,0,0,1
current_none,22.9,15.71125,10,0,0,4.02868983745,3.53280008435,0,0,1
current_none,22.925,15.71125,10,0,0,4.02868983745,3.53280008435,0,0,1
current_none,22.95,15.71125,10,0,0,4.02868983745,3.53280008435,0,0,1
current_none,22.975,15.71125,10,0,0,4.02868983745,3.53280008435,0,0,1
current_none,23,15.71125,10,0,0,4.02868983745,3.53280008435,0,0,1
current_none,23.025,15.71125,10,0,0,4.02868983745,3.53280008435,0,0,1
current_none,23.05,15.71125,10,0,0,4.02868983745,3.53280008435,0,0,1
current_none,23.075,15.71125,10,0,0,4.02868983745,3.53280008435,0,0,1
current_none,23.1,15.71125,10,0,0,4.02868983745,3.53280008435,0,0,1
current_none,23.125,15.71125,10,0,0,4.02868983745,3.53280008435,0,0,1
current_none,23.15,15.71125,10,0,0,4.02868983745,3.53280008435,0,0,1
current_none,23.175,15.71125,10,0,0,4.02868983745,3.53280008435,0,0,1
current_none,23.2,15.71125,10,0,0,4.02868983745,3.53280008435,0,0,1
current_none,23.225,15.71125,10,0,0,4.02868983745,3.53280008435,0,0,1
current_none,23.25,15.71125,10,0,0,4.02868983745,3.53280008435,0,0,1
current_none,23.275,15.71125,10,0,0,4.02868983745,3.53280008435,0,0,1
current_none,23.3,15.71125,10,0,0,4.02868983745,3.53280008435,0,0,1
current_none,23.325,15.71125,10,0,0,4.02868983745,3.53280008435,0,0,1
current_none,23.35,15.71125,10,0,0,4.02868983745,3.53280008435,0,0,1
current_none,23.375,15.71125,10,0,0,4.02868983745,3.53280008435,0,0,1
current_none,23.4,15.71125,10,0,0,4.02868983745,3.53280008435,0,0,1
current_none,23.425,15.71125,10,0,0,4.02868983745,3.53280008435,0,0,1
current_none,23.45,15.71125,10,0,0,4.02868983745,3.53280008435,0,0,1
current_none,23.475,15.71125,10,0,0,4.02868983745,3.53280008435,0,0,1
current_none,23.5,15.71125,10,0,0,4.02868983745,3.53280008435,0,0,1
current_none,23.525,15.71125,10,0,0,4.02868983745,3.53280008435,0,0,1
current_none,23.55,15.71125,10,0,0,4.02868983745,3.53280008435,0,0,1
current_none,23.575,15.71125,10,0,0,4.02868983745,3.53280008435,0,0,1
current_none,23.6,15.71125,10,0,0,4.02868983745,3.53280008435,0,0,1
current_none,23.625,15.71125,10,0,0,4.02868983745,3.53280008435,0,0,1
current_none,23.65,15.71125,10,0,0,4.02868983745,3.53280008435,0,0,1
current_none,23.675,15.71125,10,0,0,4.02868983745,3.53280008435,0,0,1
current_none,23.7,15.71125,10,0,0,4.02868983745,3.53280008435,0,0,1
current_none,23.725,15.71125,10,0,0,4.02868983745,3.53280008435,0,0,1
current_none,23.75,15.71125,10,0,0,4.02868983745,3.53280008435,0,0,1
current_none,23.775,15.71125,10,0,0,4.02868983745,3.53280008435,0,0,1
current_none,23.8,15.71125,10,0,0,4.02868983745,3.53280008435,0,0,1
current_none,23.825,15.71125,10,0,0,4.02868983745,3.53280008435,0,0,1
current_none,23.85,15.71125,10,0,0,4.02868983745,3.53280008435,0,0,1
current_none,23.875,15.71125,10,0,0,4.02868983745,3.53280008435,0,0,1
current_none,23.9,15.71125,10,0,0,4.02868983745,3.53280008435,0,0,1
current_none,23.925,15.71125,10,0,0,4.02868983745,3.53280008435,0,0,1
current_none,23.95,15.71125,10,0,0,4.02868983745,3.53280008435,0,0,1
current_none,23.975,15.71125,10,0,0,4.02868983745,3.53280008435,0,0,1
current_none,24,15.71125,10,0,0,4.02868983745,3.53280008435,0,0,1
current_none,24.025,15.71125,10,0,0,4.02868983745,3.53280008435,0,0,1
current_none,24.05,15.71125,10,0,0,4.02868983745,3.53280008435,0,0,1
current_none,24.075,15.71125,10,0,0,4.02868983745,3.53280008435,0,0,1
current_none,24.1,15.71125,10,0,0,4.02868983745,3.53280008435,0,0,1
current_none,24.125,15.71125,10,0,0,4.02868983745,3.53280008435,0,0,1
current_none,24.15,15.71125,10,0,0,4.02868983745,3.53280008435,0,0,1
current_none,24.175,15.71125,10,0,0,4.02868983745,3.53280008435,0,0,1
current_none,24.2,15.71125,10,0,0,4.02868983745,3.53280008435,0,0,1
current_none,24.225,15.71125,10,0,0,4.02868983745,3.53280008435,0,0,1
current_none,24.25,15.71125,10,0,0,4.02868983745,3.53280008435,0,0,1
current_none,24.275,15.71125,10,0,0,4.02868983745,3.53280008435,0,0,1
current_none,24.3,15.71125,10,0,0,4.02868983745,3.53280008435,0,0,1
current_none,24.325,15.71125,10,0,0,4.02868983745,3.53280008435,0,0,1
current_none,24.35,15.71125,10,0,0,4.02868983745,3.53280008435,0,0,1
current_none,24.375,15.71125,10,0,0,4.02868983745,3.53280008435,0,0,1
current_none,24.4,15.71125,10,0,0,4.02868983745,3.53280008435,0,0,1
current_none,24.425,15.71125,10,0,0,4.02868983745,3.53280008435,0,0,1
current_none,24.45,15.71125,10,0,0,4.02868983745,3.53280008435,0,0,1
current_none,24.475,15.71125,10,0,0,4.02868983745,3.53280008435,0,0,1
current_none,24.5,15.71125,10,0,0,4.02868983745,3.53280008435,0,0,1
current_none,24.525,15.71125,10,0,0,4.02868983745,3.53280008435,0,0,1
current_none,24.55,15.71125,10,0,0,4.02868983745,3.53280008435,0,0,1
current_none,24.575,15.71125,10,0,0,4.02868983745,3.53280008435,0,0,1
current_none,24.6,15.71125,10,0,0,4.02868983745,3.53280008435,0,0,1
current_none,24.625,15.71125,10,0,0,4.02868983745,3.53280008435,0,0,1
current_none,24.65,15.71125,10,0,0,4.02868983745,3.53280008435,0,0,1
current_none,24.675,15.71125,10,0,0,4.02868983745,3.53280008435,0,0,1
current_none,24.7,15.71125,10,0,0,4.02868983745,3.53280008435,0,0,1
current_none,24.725,15.71125,10,0,0,4.02868983745,3.53280008435,0,0,1
current_none,24.75,15.71125,10,0,0,4.02868983745,3.53280008435,0,0,1
current_none,24.775,15.71125,10,0,0,4.02868983745,3.53280008435,0,0,1
current_none,24.8,15.71125,10,0,0,4.02868983745,3.53280008435,0,0,1
current_none,24.825,15.71125,10,0,0,4.02868983745,3.53280008435,0,0,1
current_none,24.85,15.71125,10,0,0,4.02868983745,3.53280008435,0,0,1
current_none,24.875,15.71125,10,0,0,4.02868983745,3.53280008435,0,0,1
current_none,24.9,15.71125,10,0,0,4.02868983745,3.53280008435,0,0,1
current_none,24.925,15.71125,10,0,0,4.02868983745,3.53280008435,0,0,1
current_none,24.95,15.71125,10,0,0,4.02868983745,3.53280008435,0,0,1
current_none,24.975,15.71125,10,0,0,4.02868983745,3.53280008435,0,0,1
current_none,25,15.71125,10,0,0,4.02868983745,3.53280008435,0,0,1
current_none,25.025,15.71125,10,0,0,4.02868983745,3.53280008435,0,0,1
current_none,25.05,15.71125,10,0,0,4.02868983745,3.53280008435,0,0,1
current_none,25.075,15.71125,10,0,0,4.02868983745,3.53280008435,0,0,1
current_none,25.1,15.71125,10,0,0,4.02868983745,3.53280008435,0,0,1
current_none,25.125,15.71125,10,0,0,4.02868983745,3.53280008435,0,0,1
current_none,25.15,15.71125,10,0,0,4.02868983745,3.53280008435,0,0,1
current_none,25.175,15.71125,10,0,0,4.02868983745,3.53280008435,0,0,1
current_none,25.2,15.71125,10,0,0,4.02868983745,3.53280008435,0,0,1
current_none,25.225,15.71125,10,0,0,4.02868983745,3.53280008435,0,0,1
current_none,25.25,15.71125,10,0,0,4.02868983745,3.53280008435,0,0,1
current_none,25.275,15.71125,10,0,0,4.02868983745,3.53280008435,0,0,1
current_none,25.3,15.71125,10,0,0,4.02868983745,3.53280008435,0,0,1
current_none,25.325,15.71125,10,0,0,4.02868983745,3.53280008435,0,0,1
current_none,25.35,15.71125,10,0,0,4.02868983745,3.53280008435,0,0,1
current_none,25.375,15.71125,10,0,0,4.02868983745,3.53280008435,0,0,1
current_none,25.4,15.71125,10,0,0,4.02868983745,3.53280008435,0,0,1
current_none,25.425,15.71125,10,0,0,4.02868983745,3.53280008435,0,0,1
current_none,25.45,15.71125,10,0,0,4.02868983745,3.53280008435,0,0,1
current_none,25.475,15.71125,10,0,0,4.02868983745,3.53280008435,0,0,1
current_none,25.5,15.71125,10,0,0,4.02868983745,3.53280008435,0,0,1
current_none,25.525,15.71125,10,0,0,4.02868983745,3.53280008435,0,0,1
current_none,25.55,15.71125,10,0,0,4.02868983745,3.53280008435,0,0,1
current_none,25.575,15.71125,10,0,0,4.02868983745,3.53280008435,0,0,1
current_none,25.6,15.71125,10,0,0,4.02868983745,3.53280008435,0,0,1
current_none,25.625,15.71125,10,0,0,4.02868983745,3.53280008435,0,0,1
current_none,25.65,15.71125,10,0,0,4.02868983745,3.53280008435,0,0,1
current_none,25.675,15.71125,10,0,0,4.02868983745,3.53280008435,0,0,1
current_none,25.7,15.71125,10,0,0,4.02868983745,3.53280008435,0,0,1
current_none,25.725,15.71125,10,0,0,4.02868983745,3.53280008435,0,0,1
current_none,25.75,15.71125,10,0,0,4.02868983745,3.53280008435,0,0,1
current_none,25.775,15.71125,10,0,0,4.02868983745,3.53280008435,0,0,1
current_none,25.8,15.71125,10,0,0,4.02868983745,3.53280008435,0,0,1
current_none,25.825,15.71125,10,0,0,4.02868983745,3.53280008435,0,0,1
current_none,25.85,15.71125,10,0,0,4.02868983745,3.53280008435,0,0,1
current_none,25.875,15.71125,10,0,0,4.02868983745,3.53280008435,0,0,1
current_none,25.9,15.71125,10,0,0,4.02868983745,3.53280008435,0,0,1
current_none,25.925,15.71125,10,0,0,4.02868983745,3.53280008435,0,0,1
current_none,25.95,15.71125,10,0,0,4.02868983745,3.53280008435,0,0,1
current_none,25.975,15.71125,10,0,0,4.02868983745,3.53280008435,0,0,1
current_none,26,15.71125,10,0,0,4.02868983745,3.53280008435,0,0,1
current_none,26.025,15.71125,10,0,0,4.02868983745,3.53280008435,0,0,1
current_none,26.05,15.71125,10,0,0,4.02868983745,3.53280008435,0,0,1
current_none,26.075,15.71125,10,0,0,4.02868983745,3.53280008435,0,0,1
current_none,26.1,15.71125,10,0,0,4.02868983745,3.53280008435,0,0,1
current_none,26.125,15.71125,10,0,0,4.02868983745,3.53280008435,0,0,1
current_none,26.15,15.71125,10,0,0,4.02868983745,3.53280008435,0,0,1
current_none,26.175,15.71125,10,0,0,4.02868983745,3.53280008435,0,0,1
current_none,26.2,15.71125,10,0,0,4.02868983745,3.53280008435,0,0,1
current_none,26.225,15.71125,10,0,0,4.02868983745,3.53280008435,0,0,1
current_none,26.25,15.71125,10,0,0,4.02868983745,3.53280008435,0,0,1
current_none,26.275,15.71125,10,0,0,4.02868983745,3.53280008435,0,0,1
current_none,26.3,15.71125,10,0,0,4.02868983745,3.53280008435,0,0,1
current_none,26.325,15.71125,10,0,0,4.02868983745,3.53280008435,0,0,1
current_none,26.35,15.71125,10,0,0,4.02868983745,3.53280008435,0,0,1
current_none,26.375,15.71125,10,0,0,4.02868983745,3.53280008435,0,0,1
current_none,26.4,15.71125,10,0,0,4.02868983745,3.53280008435,0,0,1
current_none,26.425,15.71125,10,0,0,4.02868983745,3.53280008435,0,0,1
current_none,26.45,15.71125,10,0,0,4.02868983745,3.53280008435,0,0,1
current_none,26.475,15.71125,10,0,0,4.02868983745,3.53280008435,0,0,1
current_none,26.5,15.71125,10,0,0,4.02868983745,3.53280008435,0,0,1
current_none,26.525,15.71125,10,0,0,4.02868983745,3.53280008435,0,0,1
current_none,26.55,15.71125,10,0,0,4.02868983745,3.53280008435,0,0,1
current_none,26.575,15.71125,10,0,0,4.02868983745,3.53280008435,0,0,1
current_none,26.6,15.71125,10,0,0,4.02868983745,3.53280008435,0,0,1
current_none,26.625,15.71125,10,0,0,4.02868983745,3.53280008435,0,0,1
current_none,26.65,15.71125,10,0,0,4.02868983745,3.53280008435,0,0,1
current_none,26.675,15.71125,10,0,0,4.02868983745,3.53280008435,0,0,1
current_none,26.7,15.71125,10,0,0,4.02868983745,3.53280008435,0,0,1
current_none,26.725,15.71125,10,0,0,4.02868983745,3.53280008435,0,0,1
current_none,26.75,15.71125,10,0,0,4.02868983745,3.53280008435,0,0,1
current_none,26.775,15.71125,10,0,0,4.02868983745,3.53280008435,0,0,1
current_none,26.8,15.71125,10,0,0,4.02868983745,3.53280008435,0,0,1
current_none,26.825,15.71125,10,0,0,4.02868983745,3.53280008435,0,0,1
current_none,26.85,15.71125,10,0,0,4.02868983745,3.53280008435,0,0,1
current_none,26.875,15.71125,10,0,0,4.02868983745,3.53280008435,0,0,1
current_none,26.9,15.71125,10,0,0,4.02868983745,3.53280008435,0,0,1
current_none,26.925,15.71125,10,0,0,4.02868983745,3.53280008435,0,0,1
current_none,26.95,15.71125,10,0,0,4.02868983745,3.53280008435,0,0,1
current_none,26.975,15.71125,10,0,0,4.02868983745,3.53280008435,0,0,1
current_none,27,15.71125,10,0,0,4.02868983745,3.53280008435,0,0,1
current_none,27.025,15.71125,10,0,0,4.02868983745,3.53280008435,0,0,1
current_none,27.05,15.71125,10,0,0,4.02868983745,3.53280008435,0,0,1
current_none,27.075,15.71125,10,0,0,4.02868983745,3.53280008435,0,0,1
current_none,27.1,15.71125,10,0,0,4.02868983745,3.53280008435,0,0,1
current_none,27.125,15.71125,10,0,0,4.02868983745,3.53280008435,0,0,1
current_none,27.15,15.71125,10,0,0,4.02868983745,3.53280008435,0,0,1
current_none,27.175,15.71125,10,0,0,4.02868983745,3.53280008435,0,0,1
current_none,27.2,15.71125,10,0,0,4.02868983745,3.53280008435,0,0,1
current_none,27.225,15.71125,10,0,0,4.02868983745,3.53280008435,0,0,1
current_none,27.25,15.71125,10,0,0,4.02868983745,3.53280008435,0,0,1
current_none,27.275,15.71125,10,0,0,4.02868983745,3.53280008435,0,0,1
current_none,27.3,15.71125,10,0,0,4.02868983745,3.53280008435,0,0,1
current_none,27.325,15.71125,10,0,0,4.02868983745,3.53280008435,0,0,1
current_none,27.35,15.71125,10,0,0,4.02868983745,3.53280008435,0,0,1
current_none,27.375,15.71125,10,0,0,4.02868983745,3.53280008435,0,0,1
current_none,27.4,15.71125,10,0,0,4.02868983745,3.53280008435,0,0,1
current_none,27.425,15.71125,10,0,0,4.02868983745,3.53280008435,0,0,1
current_none,27.45,15.71125,10,0,0,4.02868983745,3.53280008435,0,0,1
current_none,27.475,15.71125,10,0,0,4.02868983745,3.53280008435,0,0,1
current_none,27.5,15.71125,10,0,0,4.02868983745,3.53280008435,0,0,1
current_none,27.525,15.71125,10,0,0,4.02868983745,3.53280008435,0,0,1
current_none,27.55,15.71125,10,0,0,4.02868983745,3.53280008435,0,0,1
current_none,27.575,15.71125,10,0,0,4.02868983745,3.53280008435,0,0,1
current_none,27.6,15.71125,10,0,0,4.02868983745,3.53280008435,0,0,1
current_none,27.625,15.71125,10,0,0,4.02868983745,3.53280008435,0,0,1
current_none,27.65,15.71125,10,0,0,4.02868983745,3.53280008435,0,0,1
current_none,27.675,15.71125,10,0,0,4.02868983745,3.53280008435,0,0,1
current_none,27.7,15.71125,10,0,0,4.02868983745,3.53280008435,0,0,1
current_none,27.725,15.71125,10,0,0,4.02868983745,3.53280008435,0,0,1
current_none,27.75,15.71125,10,0,0,4.02868983745,3.53280008435,0,0,1
current_none,27.775,15.71125,10,0,0,4.02868983745,3.53280008435,0,0,1
current_none,27.8,15.71125,10,0,0,4.02868983745,3.53280008435,0,0,1
current_none,27.825,15.71125,10,0,0,4.02868983745,3.53280008435,0,0,1
current_none,27.85,15.71125,10,0,0,4.02868983745,3.53280008435,0,0,1
current_none,27.875,15.71125,10,0,0,4.02868983745,3.53280008435,0,0,1
current_none,27.9,15.71125,10,0,0,4.02868983745,3.53280008435,0,0,1
current_none,27.925,15.71125,10,0,0,4.02868983745,3.53280008435,0,0,1
current_none,27.95,15.71125,10,0,0,4.02868983745,3.53280008435,0,0,1
current_none,27.975,15.71125,10,0,0,4.02868983745,3.53280008435,0,0,1
current_none,28,15.71125,10,0,0,4.02868983745,3.53280008435,0,0,1
current_none,28.025,15.71125,10,0,0,4.02868983745,3.53280008435,0,0,1
current_none,28.05,15.71125,10,0,0,4.02868983745,3.53280008435,0,0,1
current_none,28.075,15.71125,10,0,0,4.02868983745,3.53280008435,0,0,1
current_none,28.1,15.71125,10,0,0,4.02868983745,3.53280008435,0,0,1
current_none,28.125,15.71125,10,0,0,4.02868983745,3.53280008435,0,0,1
current_none,28.15,15.71125,10,0,0,4.02868983745,3.53280008435,0,0,1
current_none,28.175,15.71125,10,0,0,4.02868983745,3.53280008435,0,0,1
current_none,28.2,15.71125,10,0,0,4.02868983745,3.53280008435,0,0,1
current_none,28.225,15.71125,10,0,0,4.02868983745,3.53280008435,0,0,1
current_none,28.25,15.71125,10,0,0,4.02868983745,3.53280008435,0,0,1
current_none,28.275,15.71125,10,0,0,4.02868983745,3.53280008435,0,0,1
current_none,28.3,15.71125,10,0,0,4.02868983745,3.53280008435,0,0,1
current_none,28.325,15.71125,10,0,0,4.02868983745,3.53280008435,0,0,1
current_none,28.35,15.71125,10,0,0,4.02868983745,3.53280008435,0,0,1
current_none,28.375,15.71125,10,0,0,4.02868983745,3.53280008435,0,0,1
current_none,28.4,15.71125,10,0,0,4.02868983745,3.53280008435,0,0,1
current_none,28.425,15.71125,10,0,0,4.02868983745,3.53280008435,0,0,1
current_none,28.45,15.71125,10,0,0,4.02868983745,3.53280008435,0,0,1
current_none,28.475,15.71125,10,0,0,4.02868983745,3.53280008435,0,0,1
current_none,28.5,15.71125,10,0,0,4.02868983745,3.53280008435,0,0,1
current_none,28.525,15.71125,10,0,0,4.02868983745,3.53280008435,0,0,1
current_none,28.55,15.71125,10,0,0,4.02868983745,3.53280008435,0,0,1
current_none,28.575,15.71125,10,0,0,4.02868983745,3.53280008435,0,0,1
current_none,28.6,15.71125,10,0,0,4.02868983745,3.53280008435,0,0,1
current_none,28.625,15.71125,10,0,0,4.02868983745,3.53280008435,0,0,1
current_none,28.65,15.71125,10,0,0,4.02868983745,3.53280008435,0,0,1
current_none,28.675,15.71125,10,0,0,4.02868983745,3.53280008435,0,0,1
current_none,28.7,15.71125,10,0,0,4.02868983745,3.53280008435,0,0,1
current_none,28.725,15.71125,10,0,0,4.02868983745,3.53280008435,0,0,1
current_none,28.75,15.71125,10,0,0,4.02868983745,3.53280008435,0,0,1
current_none,28.775,15.71125,10,0,0,4.02868983745,3.53280008435,0,0,1
current_none,28.8,15.71125,10,0,0,4.02868983745,3.53280008435,0,0,1
current_none,28.825,15.71125,10,0,0,4.02868983745,3.53280008435,0,0,1
current_none,28.85,15.71125,10,0,0,4.02868983745,3.53280008435,0,0,1
current_none,28.875,15.71125,10,0,0,4.02868983745,3.53280008435,0,0,1
current_none,28.9,15.71125,10,0,0,4.02868983745,3.53280008435,0,0,1
current_none,28.925,15.71125,10,0,0,4.02868983745,3.53280008435,0,0,1
current_none,28.95,15.71125,10,0,0,4.02868983745,3.53280008435,0,0,1
current_none,28.975,15.71125,10,0,0,4.02868983745,3.53280008435,0,0,1
current_none,29,15.71125,10,0,0,4.02868983745,3.53280008435,0,0,1
current_none,29.025,15.71125,10,0,0,4.02868983745,3.53280008435,0,0,1
current_none,29.05,15.71125,10,0,0,4.02868983745,3.53280008435,0,0,1
current_none,29.075,15.71125,10,0,0,4.02868983745,3.53280008435,0,0,1
current_none,29.1,15.71125,10,0,0,4.02868983745,3.53280008435,0,0,1
current_none,29.125,15.71125,10,0,0,4.02868983745,3.53280008435,0,0,1
current_none,29.15,15.71125,10,0,0,4.02868983745,3.53280008435,0,0,1
current_none,29.175,15.71125,10,0,0,4.02868983745,3.53280008435,0,0,1
current_none,29.2,15.71125,10,0,0,4.02868983745,3.53280008435,0,0,1
current_none,29.225,15.71125,10,0,0,4.02868983745,3.53280008435,0,0,1
current_none,29.25,15.71125,10,0,0,4.02868983745,3.53280008435,0,0,1
current_none,29.275,15.71125,10,0,0,4.02868983745,3.53280008435,0,0,1
current_none,29.3,15.71125,10,0,0,4.02868983745,3.53280008435,0,0,1
current_none,29.325,15.71125,10,0,0,4.02868983745,3.53280008435,0,0,1
current_none,29.35,15.71125,10,0,0,4.02868983745,3.53280008435,0,0,1
current_none,29.375,15.71125,10,0,0,4.02868983745,3.53280008435,0,0,1
current_none,29.4,15.71125,10,0,0,4.02868983745,3.53280008435,0,0,1
current_none,29.425,15.71125,10,0,0,4.02868983745,3.53280008435,0,0,1
current_none,29.45,15.71125,10,0,0,4.02868983745,3.53280008435,0,0,1
current_none,29.475,15.71125,10,0,0,4.02868983745,3.53280008435,0,0,1
current_none,29.5,15.71125,10,0,0,4.02868983745,3.53280008435,0,0,1
current_none,29.525,15.71125,10,0,0,4.02868983745,3.53280008435,0,0,1
current_none,29.55,15.71125,10,0,0,4.02868983745,3.53280008435,0,0,1
current_none,29.575,15.71125,10,0,0,4.02868983745,3.53280008435,0,0,1
current_none,29.6,15.71125,10,0,0,4.02868983745,3.53280008435,0,0,1
current_none,29.625,15.71125,10,0,0,4.02868983745,3.53280008435,0,0,1
current_none,29.65,15.71125,10,0,0,4.02868983745,3.53280008435,0,0,1
current_none,29.675,15.71125,10,0,0,4.02868983745,3.53280008435,0,0,1
current_none,29.7,15.71125,10,0,0,4.02868983745,3.53280008435,0,0,1
current_none,29.725,15.71125,10,0,0,4.02868983745,3.53280008435,0,0,1
current_none,29.75,15.71125,10,0,0,4.02868983745,3.53280008435,0,0,1
current_none,29.775,15.71125,10,0,0,4.02868983745,3.53280008435,0,0,1
current_none,29.8,15.71125,10,0,0,4.02868983745,3.53280008435,0,0,1
current_none,29.825,15.71125,10,0,0,4.02868983745,3.53280008435,0,0,1
current_none,29.85,15.71125,10,0,0,4.02868983745,3.53280008435,0,0,1
current_none,29.875,15.71125,10,0,0,4.02868983745,3.53280008435,0,0,1
current_none,29.9,15.71125,10,0,0,4.02868983745,3.53280008435,0,0,1
current_none,29.925,15.71125,10,0,0,4.02868983745,3.53280008435,0,0,1
current_none,29.95,15.71125,10,0,0,4.02868983745,3.53280008435,0,0,1
current_none,29.975,15.71125,10,0,0,4.02868983745,3.53280008435,0,0,1
current_none,30,15.71125,10,0,0,4.02868983745,3.53280008435,0,0,1
